2026/09/20 07:12:44 - mmengine - INFO - 
------------------------------------------------------------
System environment:
    sys.platform: linux
    Python: 3.10.13 (main, Sep 11 2023, 13:44:35) [GCC 11.2.0]
    CUDA available: True
    MUSA available: False
    numpy_random_seed: 42
    GPU 0: NVIDIA L4
    CUDA_HOME: /usr/local/cuda
    NVCC: Cuda compilation tools, release 12.1, V12.1.105
    GCC: gcc (Ubuntu 9.4.0-1ubuntu1~20.04.2) 9.4.0
    PyTorch: 2.1.2
    PyTorch compiling details: PyTorch built with:
  - GCC 9.3
  - C++ Version: 201703
  - Intel(R) oneAPI Math Kernel Library Version 2023.1-Product Build 20230303 for Intel(R) 64 architecture applications
  - Intel(R) MKL-DNN v3.1.1 (Git Hash 64f6bcbcbab628e96f33a62c3e975f8535a7bde4)
  - OpenMP 201511 (a.k.a. OpenMP 4.5)
  - LAPACK is enabled (usually provided by MKL)
  - NNPACK is enabled
  - CPU capability usage: AVX512
  - CUDA Runtime 12.1
  - NVCC architecture flags: -gencode;arch=compute_50,code=sm_50;-gencode;arch=compute_60,code=sm_60;-gencode;arch=compute_61,code=sm_61;-gencode;arch=compute_70,code=sm_70;-gencode;arch=compute_75,code=sm_75;-gencode;arch=compute_80,code=sm_80;-gencode;arch=compute_86,code=sm_86;-gencode;arch=compute_90,code=sm_90
  - CuDNN 8.9.2
  - Magma 2.6.1
  - Build settings: BLAS_INFO=mkl, BUILD_TYPE=Release, CUDA_VERSION=12.1, CUDNN_VERSION=8.9.2, CXX_COMPILER=/opt/rh/devtoolset-9/root/usr/bin/c++, CXX_FLAGS= -D_GLIBCXX_USE_CXX11_ABI=0 -fabi-version=11 -fvisibility-inlines-hidden -DUSE_PTHREADPOOL -DNDEBUG -DUSE_KINETO -DLIBKINETO_NOROCTRACER -DUSE_FBGEMM -DUSE_QNNPACK -DUSE_PYTORCH_QNNPACK -DUSE_XNNPACK -DSYMBOLICATE_MOBILE_DEBUG_HANDLE -O2 -fPIC -Wall -Wextra -Werror=return-type -Werror=non-virtual-dtor -Werror=bool-operation -Wnarrowing -Wno-missing-field-initializers -Wno-type-limits -Wno-array-bounds -Wno-unknown-pragmas -Wno-unused-parameter -Wno-unused-function -Wno-unused-result -Wno-strict-overflow -Wno-strict-aliasing -Wno-stringop-overflow -Wno-psabi -Wno-error=pedantic -Wno-error=old-style-cast -Wno-invalid-partial-specialization -Wno-unused-private-field -Wno-aligned-allocation-unavailable -Wno-missing-braces -fdiagnostics-color=always -faligned-new -Wno-unused-but-set-variable -Wno-maybe-uninitialized -fno-math-errno -fno-trapping-math -Werror=format -Werror=cast-function-type -Wno-stringop-overflow, LAPACK_INFO=mkl, PERF_WITH_AVX=1, PERF_WITH_AVX2=1, PERF_WITH_AVX512=1, TORCH_DISABLE_GPU_ASSERTS=ON, TORCH_VERSION=2.1.2, USE_CUDA=ON, USE_CUDNN=ON, USE_EXCEPTION_PTR=1, USE_GFLAGS=OFF, USE_GLOG=OFF, USE_MKL=ON, USE_MKLDNN=ON, USE_MPI=OFF, USE_NCCL=ON, USE_NNPACK=ON, USE_OPENMP=ON, USE_ROCM=OFF, 

    TorchVision: 0.16.2
    OpenCV: 4.9.0
    MMEngine: 0.10.7

Runtime environment:
    cudnn_benchmark: True
    mp_cfg: {'mp_start_method': 'fork', 'opencv_num_threads': 0}
    dist_cfg: {'backend': 'nccl'}
    seed: 42
    deterministic: False
    Distributed launcher: none
    Distributed training: False
    GPU number: 1
------------------------------------------------------------

2026/09/20 07:12:45 - mmengine - INFO - Config:
auto_scale_lr = dict(base_batch_size=16, enable=False)
crop_size = (
    512,
    512,
)
custom_hooks = [
    dict(
        min_delta=1.0,
        monitor='binary/Foreground_IoU',
        patience=3,
        rule='greater',
        strict=False,
        type='EarlyStoppingHook'),
]
custom_imports = dict(
    allow_failed_imports=False, imports=[
        'wwtpseg',
        'mmdet.models',
    ])
data_preprocessor = dict(
    bgr_to_rgb=True,
    mean=[
        123.675,
        116.28,
        103.53,
    ],
    pad_val=0,
    seg_pad_val=255,
    size=(
        512,
        512,
    ),
    std=[
        58.395,
        57.12,
        57.375,
    ],
    test_cfg=dict(size_divisor=32),
    type='SegDataPreProcessor')
data_root = '/workspace/wwtp_semantic_dataset'
dataset_type = 'WWTPDataset'
default_hooks = dict(
    checkpoint=dict(
        by_epoch=False,
        interval=1000,
        max_keep_ckpts=3,
        rule='greater',
        save_best='binary/Foreground_IoU',
        type='CheckpointHook'),
    logger=dict(interval=50, log_metric_by_epoch=False, type='LoggerHook'),
    param_scheduler=dict(type='ParamSchedulerHook'),
    sampler_seed=dict(type='DistSamplerSeedHook'),
    timer=dict(type='IterTimerHook'),
    visualization=dict(type='SegVisualizationHook'))
default_scope = 'mmseg'
env_cfg = dict(
    cudnn_benchmark=True,
    dist_cfg=dict(backend='nccl'),
    mp_cfg=dict(mp_start_method='fork', opencv_num_threads=0))
launcher = 'none'
load_from = 'work_dirs/mask2former/iter_3000.pth'
log_level = 'INFO'
log_processor = dict(by_epoch=False)
metrics = [
    dict(
        iou_metrics=[
            'mIoU',
            'mDice',
            'mFscore',
        ],
        nan_to_num=0,
        type='IoUMetric'),
    dict(boundary_tolerance=3, pixel_size_m=0.5, type='BinaryBoundaryMetric'),
]
model = dict(
    backbone=dict(
        attn_drop_rate=0.0,
        depths=[
            2,
            2,
            6,
            2,
        ],
        drop_path_rate=0.3,
        drop_rate=0.0,
        embed_dims=96,
        frozen_stages=-1,
        init_cfg=dict(
            checkpoint=
            'https://download.openmmlab.com/mmsegmentation/v0.5/pretrain/swin/swin_tiny_patch4_window7_224_20220317-1cdeb081.pth',
            type='Pretrained'),
        mlp_ratio=4,
        num_heads=[
            3,
            6,
            12,
            24,
        ],
        out_indices=(
            0,
            1,
            2,
            3,
        ),
        patch_norm=True,
        qk_scale=None,
        qkv_bias=True,
        type='SwinTransformer',
        window_size=7,
        with_cp=False),
    data_preprocessor=dict(
        bgr_to_rgb=True,
        mean=[
            123.675,
            116.28,
            103.53,
        ],
        pad_val=0,
        seg_pad_val=255,
        size=(
            512,
            512,
        ),
        std=[
            58.395,
            57.12,
            57.375,
        ],
        test_cfg=dict(size_divisor=32),
        type='SegDataPreProcessor'),
    decode_head=dict(
        align_corners=False,
        enforce_decoder_input_project=False,
        feat_channels=256,
        in_channels=[
            96,
            192,
            384,
            768,
        ],
        loss_cls=dict(
            class_weight=[
                1.0,
                1.0,
                0.1,
            ],
            loss_weight=2.0,
            reduction='mean',
            type='mmdet.CrossEntropyLoss',
            use_sigmoid=False),
        loss_dice=dict(
            activate=True,
            eps=1.0,
            loss_weight=5.0,
            naive_dice=True,
            reduction='mean',
            type='mmdet.DiceLoss',
            use_sigmoid=True),
        loss_mask=dict(
            loss_weight=5.0,
            reduction='mean',
            type='mmdet.CrossEntropyLoss',
            use_sigmoid=True),
        num_classes=2,
        num_queries=100,
        num_transformer_feat_level=3,
        out_channels=256,
        pixel_decoder=dict(
            act_cfg=dict(type='ReLU'),
            encoder=dict(
                init_cfg=None,
                layer_cfg=dict(
                    ffn_cfg=dict(
                        act_cfg=dict(inplace=True, type='ReLU'),
                        embed_dims=256,
                        feedforward_channels=1024,
                        ffn_drop=0.0,
                        num_fcs=2),
                    self_attn_cfg=dict(
                        batch_first=True,
                        dropout=0.0,
                        embed_dims=256,
                        im2col_step=64,
                        init_cfg=None,
                        norm_cfg=None,
                        num_heads=8,
                        num_levels=3,
                        num_points=4)),
                num_layers=6),
            init_cfg=None,
            norm_cfg=dict(num_groups=32, type='GN'),
            num_outs=3,
            positional_encoding=dict(normalize=True, num_feats=128),
            type='mmdet.MSDeformAttnPixelDecoder'),
        positional_encoding=dict(normalize=True, num_feats=128),
        strides=[
            4,
            8,
            16,
            32,
        ],
        train_cfg=dict(
            assigner=dict(
                match_costs=[
                    dict(type='mmdet.ClassificationCost', weight=2.0),
                    dict(
                        type='mmdet.CrossEntropyLossCost',
                        use_sigmoid=True,
                        weight=5.0),
                    dict(
                        eps=1.0,
                        pred_act=True,
                        type='mmdet.DiceCost',
                        weight=5.0),
                ],
                type='mmdet.HungarianAssigner'),
            importance_sample_ratio=0.75,
            num_points=12544,
            oversample_ratio=3.0,
            sampler=dict(type='mmdet.MaskPseudoSampler')),
        transformer_decoder=dict(
            init_cfg=None,
            layer_cfg=dict(
                cross_attn_cfg=dict(
                    attn_drop=0.0,
                    batch_first=True,
                    dropout_layer=None,
                    embed_dims=256,
                    num_heads=8,
                    proj_drop=0.0),
                ffn_cfg=dict(
                    act_cfg=dict(inplace=True, type='ReLU'),
                    add_identity=True,
                    dropout_layer=None,
                    embed_dims=256,
                    feedforward_channels=2048,
                    ffn_drop=0.0,
                    num_fcs=2),
                self_attn_cfg=dict(
                    attn_drop=0.0,
                    batch_first=True,
                    dropout_layer=None,
                    embed_dims=256,
                    num_heads=8,
                    proj_drop=0.0)),
            num_layers=9,
            return_intermediate=True),
        type='Mask2FormerHead'),
    test_cfg=dict(crop_size=(
        512,
        512,
    ), mode='slide', stride=(
        384,
        384,
    )),
    train_cfg=dict(),
    type='EncoderDecoder')
norm_cfg = dict(requires_grad=True, type='SyncBN')
num_classes = 2
optim_wrapper = dict(
    clip_grad=dict(max_norm=0.01, norm_type=2),
    optimizer=dict(
        betas=(
            0.9,
            0.999,
        ),
        eps=1e-08,
        lr=0.0001,
        type='AdamW',
        weight_decay=0.05),
    paramwise_cfg=dict(
        custom_keys=dict(
            backbone=dict(decay_mult=1.0, lr_mult=0.1),
            level_embed=dict(decay_mult=0.0, lr_mult=1.0),
            query_embed=dict(decay_mult=0.0, lr_mult=1.0),
            query_feat=dict(decay_mult=0.0, lr_mult=1.0),
            relative_position_bias_table=dict(decay_mult=0.0, lr_mult=0.1)),
        norm_decay_mult=0.0),
    type='OptimWrapper')
param_scheduler = [
    dict(
        begin=3000,
        by_epoch=False,
        end=3500,
        start_factor=0.001,
        type='LinearLR'),
    dict(
        begin=3500,
        by_epoch=False,
        end=20000,
        eta_min=0.0,
        power=0.9,
        type='PolyLR'),
]
pretrained = 'https://download.openmmlab.com/mmsegmentation/v0.5/pretrain/swin/swin_tiny_patch4_window7_224_20220317-1cdeb081.pth'
randomness = dict(deterministic=False, seed=42)
resume = True
test_cfg = dict(type='TestLoop')
test_dataloader = dict(
    batch_size=1,
    dataset=dict(
        data_prefix=dict(
            img_path='images/test', seg_map_path='annotations/test'),
        data_root='/workspace/wwtp_semantic_dataset',
        pipeline=[
            dict(type='LoadImageFromFile'),
            dict(type='LoadAnnotations'),
            dict(type='PackSegInputs'),
        ],
        type='WWTPDataset'),
    num_workers=2,
    persistent_workers=True,
    sampler=dict(shuffle=False, type='DefaultSampler'))
test_evaluator = [
    dict(
        iou_metrics=[
            'mIoU',
            'mDice',
            'mFscore',
        ],
        nan_to_num=0,
        type='IoUMetric'),
    dict(boundary_tolerance=3, pixel_size_m=0.5, type='BinaryBoundaryMetric'),
]
test_pipeline = [
    dict(type='LoadImageFromFile'),
    dict(type='LoadAnnotations'),
    dict(type='PackSegInputs'),
]
train_cfg = dict(max_iters=20000, type='IterBasedTrainLoop', val_interval=1000)
train_dataloader = dict(
    batch_size=4,
    dataset=dict(
        data_prefix=dict(
            img_path='images/train', seg_map_path='annotations/train'),
        data_root='/workspace/wwtp_semantic_dataset',
        pipeline=[
            dict(type='LoadImageFromFile'),
            dict(type='LoadAnnotations'),
            dict(
                keep_ratio=True,
                ratio_range=(
                    0.5,
                    1.5,
                ),
                scale=(
                    2048,
                    2048,
                ),
                type='RandomResize'),
            dict(
                degree=180,
                pad_val=0,
                prob=0.5,
                seg_pad_val=255,
                type='RandomRotate'),
            dict(
                crop_size=(
                    512,
                    512,
                ),
                edge_margin_ratio=0.15,
                foreground_label=1,
                foreground_prob=0.8,
                min_foreground_pixels=64,
                type='RandomForegroundCrop'),
            dict(
                direction=[
                    'horizontal',
                    'vertical',
                    'diagonal',
                ],
                prob=0.75,
                type='RandomFlip'),
            dict(type='PhotoMetricDistortion'),
            dict(type='PackSegInputs'),
        ],
        type='WWTPDataset'),
    num_workers=4,
    persistent_workers=True,
    sampler=dict(shuffle=True, type='InfiniteSampler'))
train_pipeline = [
    dict(type='LoadImageFromFile'),
    dict(type='LoadAnnotations'),
    dict(
        keep_ratio=True,
        ratio_range=(
            0.5,
            1.5,
        ),
        scale=(
            2048,
            2048,
        ),
        type='RandomResize'),
    dict(
        degree=180, pad_val=0, prob=0.5, seg_pad_val=255, type='RandomRotate'),
    dict(
        crop_size=(
            512,
            512,
        ),
        edge_margin_ratio=0.15,
        foreground_label=1,
        foreground_prob=0.8,
        min_foreground_pixels=64,
        type='RandomForegroundCrop'),
    dict(
        direction=[
            'horizontal',
            'vertical',
            'diagonal',
        ],
        prob=0.75,
        type='RandomFlip'),
    dict(type='PhotoMetricDistortion'),
    dict(type='PackSegInputs'),
]
val_cfg = dict(type='ValLoop')
val_dataloader = dict(
    batch_size=1,
    dataset=dict(
        data_prefix=dict(
            img_path='images/val', seg_map_path='annotations/val'),
        data_root='/workspace/wwtp_semantic_dataset',
        pipeline=[
            dict(type='LoadImageFromFile'),
            dict(type='LoadAnnotations'),
            dict(type='PackSegInputs'),
        ],
        type='WWTPDataset'),
    num_workers=2,
    persistent_workers=True,
    sampler=dict(shuffle=False, type='DefaultSampler'))
val_evaluator = [
    dict(
        iou_metrics=[
            'mIoU',
            'mDice',
            'mFscore',
        ],
        nan_to_num=0,
        type='IoUMetric'),
    dict(boundary_tolerance=3, pixel_size_m=0.5, type='BinaryBoundaryMetric'),
]
vis_backends = [
    dict(type='LocalVisBackend'),
]
visualizer = dict(
    name='visualizer',
    type='SegLocalVisualizer',
    vis_backends=[
        dict(type='LocalVisBackend'),
    ])
work_dir = 'work_dirs/mask2former_extended'

2026/09/20 07:12:46 - mmengine - INFO - Distributed training is not used, all SyncBatchNorm (SyncBN) layers in the model will be automatically reverted to BatchNormXd layers if they are used.
2026/09/20 07:12:46 - mmengine - INFO - Hooks will be executed in the following order:
before_run:
(VERY_HIGH   ) RuntimeInfoHook                    
(BELOW_NORMAL) LoggerHook                         
(LOWEST      ) EarlyStoppingHook                  
 -------------------- 
before_train:
(VERY_HIGH   ) RuntimeInfoHook                    
(NORMAL      ) IterTimerHook                      
(VERY_LOW    ) CheckpointHook                     
 -------------------- 
before_train_epoch:
(VERY_HIGH   ) RuntimeInfoHook                    
(NORMAL      ) IterTimerHook                      
(NORMAL      ) DistSamplerSeedHook                
 -------------------- 
before_train_iter:
(VERY_HIGH   ) RuntimeInfoHook                    
(NORMAL      ) IterTimerHook                      
 -------------------- 
after_train_iter:
(VERY_HIGH   ) RuntimeInfoHook                    
(NORMAL      ) IterTimerHook                      
(NORMAL      ) SegVisualizationHook               
(BELOW_NORMAL) LoggerHook                         
(LOW         ) ParamSchedulerHook                 
(VERY_LOW    ) CheckpointHook                     
 -------------------- 
after_train_epoch:
(NORMAL      ) IterTimerHook                      
(LOW         ) ParamSchedulerHook                 
(VERY_LOW    ) CheckpointHook                     
 -------------------- 
before_val:
(VERY_HIGH   ) RuntimeInfoHook                    
 -------------------- 
before_val_epoch:
(NORMAL      ) IterTimerHook                      
 -------------------- 
before_val_iter:
(NORMAL      ) IterTimerHook                      
 -------------------- 
after_val_iter:
(NORMAL      ) IterTimerHook                      
(NORMAL      ) SegVisualizationHook               
(BELOW_NORMAL) LoggerHook                         
 -------------------- 
after_val_epoch:
(VERY_HIGH   ) RuntimeInfoHook                    
(NORMAL      ) IterTimerHook                      
(BELOW_NORMAL) LoggerHook                         
(LOW         ) ParamSchedulerHook                 
(VERY_LOW    ) CheckpointHook                     
(LOWEST      ) EarlyStoppingHook                  
 -------------------- 
after_val:
(VERY_HIGH   ) RuntimeInfoHook                    
 -------------------- 
after_train:
(VERY_HIGH   ) RuntimeInfoHook                    
(VERY_LOW    ) CheckpointHook                     
 -------------------- 
before_test:
(VERY_HIGH   ) RuntimeInfoHook                    
 -------------------- 
before_test_epoch:
(NORMAL      ) IterTimerHook                      
 -------------------- 
before_test_iter:
(NORMAL      ) IterTimerHook                      
 -------------------- 
after_test_iter:
(NORMAL      ) IterTimerHook                      
(NORMAL      ) SegVisualizationHook               
(BELOW_NORMAL) LoggerHook                         
 -------------------- 
after_test_epoch:
(VERY_HIGH   ) RuntimeInfoHook                    
(NORMAL      ) IterTimerHook                      
(BELOW_NORMAL) LoggerHook                         
 -------------------- 
after_test:
(VERY_HIGH   ) RuntimeInfoHook                    
 -------------------- 
after_run:
(BELOW_NORMAL) LoggerHook                         
 -------------------- 
2026/09/20 07:12:47 - mmengine - INFO - paramwise_options -- backbone.patch_embed.projection.weight:lr=1e-05
2026/09/20 07:12:47 - mmengine - INFO - paramwise_options -- backbone.patch_embed.projection.weight:weight_decay=0.05
2026/09/20 07:12:47 - mmengine - INFO - paramwise_options -- backbone.patch_embed.projection.weight:lr_mult=0.1
2026/09/20 07:12:47 - mmengine - INFO - paramwise_options -- backbone.patch_embed.projection.weight:decay_mult=1.0
2026/09/20 07:12:47 - mmengine - INFO - paramwise_options -- backbone.patch_embed.projection.bias:lr=1e-05
2026/09/20 07:12:47 - mmengine - INFO - paramwise_options -- backbone.patch_embed.projection.bias:weight_decay=0.05
2026/09/20 07:12:47 - mmengine - INFO - paramwise_options -- backbone.patch_embed.projection.bias:lr_mult=0.1
2026/09/20 07:12:47 - mmengine - INFO - paramwise_options -- backbone.patch_embed.projection.bias:decay_mult=1.0
2026/09/20 07:12:47 - mmengine - INFO - paramwise_options -- backbone.patch_embed.norm.weight:lr=1e-05
2026/09/20 07:12:47 - mmengine - INFO - paramwise_options -- backbone.patch_embed.norm.weight:weight_decay=0.05
2026/09/20 07:12:47 - mmengine - INFO - paramwise_options -- backbone.patch_embed.norm.weight:lr_mult=0.1
2026/09/20 07:12:47 - mmengine - INFO - paramwise_options -- backbone.patch_embed.norm.weight:decay_mult=1.0
2026/09/20 07:12:47 - mmengine - INFO - paramwise_options -- backbone.patch_embed.norm.bias:lr=1e-05
2026/09/20 07:12:47 - mmengine - INFO - paramwise_options -- backbone.patch_embed.norm.bias:weight_decay=0.05
2026/09/20 07:12:47 - mmengine - INFO - paramwise_options -- backbone.patch_embed.norm.bias:lr_mult=0.1
2026/09/20 07:12:47 - mmengine - INFO - paramwise_options -- backbone.patch_embed.norm.bias:decay_mult=1.0
2026/09/20 07:12:47 - mmengine - INFO - paramwise_options -- backbone.stages.0.blocks.0.norm1.weight:lr=1e-05
2026/09/20 07:12:47 - mmengine - INFO - paramwise_options -- backbone.stages.0.blocks.0.norm1.weight:weight_decay=0.05
2026/09/20 07:12:47 - mmengine - INFO - paramwise_options -- backbone.stages.0.blocks.0.norm1.weight:lr_mult=0.1
2026/09/20 07:12:47 - mmengine - INFO - paramwise_options -- backbone.stages.0.blocks.0.norm1.weight:decay_mult=1.0
2026/09/20 07:12:47 - mmengine - INFO - paramwise_options -- backbone.stages.0.blocks.0.norm1.bias:lr=1e-05
2026/09/20 07:12:47 - mmengine - INFO - paramwise_options -- backbone.stages.0.blocks.0.norm1.bias:weight_decay=0.05
2026/09/20 07:12:47 - mmengine - INFO - paramwise_options -- backbone.stages.0.blocks.0.norm1.bias:lr_mult=0.1
2026/09/20 07:12:47 - mmengine - INFO - paramwise_options -- backbone.stages.0.blocks.0.norm1.bias:decay_mult=1.0
2026/09/20 07:12:47 - mmengine - INFO - paramwise_options -- backbone.stages.0.blocks.0.attn.w_msa.relative_position_bias_table:lr=1e-05
2026/09/20 07:12:47 - mmengine - INFO - paramwise_options -- backbone.stages.0.blocks.0.attn.w_msa.relative_position_bias_table:weight_decay=0.0
2026/09/20 07:12:47 - mmengine - INFO - paramwise_options -- backbone.stages.0.blocks.0.attn.w_msa.relative_position_bias_table:lr_mult=0.1
2026/09/20 07:12:47 - mmengine - INFO - paramwise_options -- backbone.stages.0.blocks.0.attn.w_msa.relative_position_bias_table:decay_mult=0.0
2026/09/20 07:12:47 - mmengine - INFO - paramwise_options -- backbone.stages.0.blocks.0.attn.w_msa.qkv.weight:lr=1e-05
2026/09/20 07:12:47 - mmengine - INFO - paramwise_options -- backbone.stages.0.blocks.0.attn.w_msa.qkv.weight:weight_decay=0.05
2026/09/20 07:12:47 - mmengine - INFO - paramwise_options -- backbone.stages.0.blocks.0.attn.w_msa.qkv.weight:lr_mult=0.1
2026/09/20 07:12:47 - mmengine - INFO - paramwise_options -- backbone.stages.0.blocks.0.attn.w_msa.qkv.weight:decay_mult=1.0
2026/09/20 07:12:47 - mmengine - INFO - paramwise_options -- backbone.stages.0.blocks.0.attn.w_msa.qkv.bias:lr=1e-05
2026/09/20 07:12:47 - mmengine - INFO - paramwise_options -- backbone.stages.0.blocks.0.attn.w_msa.qkv.bias:weight_decay=0.05
2026/09/20 07:12:47 - mmengine - INFO - paramwise_options -- backbone.stages.0.blocks.0.attn.w_msa.qkv.bias:lr_mult=0.1
2026/09/20 07:12:47 - mmengine - INFO - paramwise_options -- backbone.stages.0.blocks.0.attn.w_msa.qkv.bias:decay_mult=1.0
2026/09/20 07:12:47 - mmengine - INFO - paramwise_options -- backbone.stages.0.blocks.0.attn.w_msa.proj.weight:lr=1e-05
2026/09/20 07:12:47 - mmengine - INFO - paramwise_options -- backbone.stages.0.blocks.0.attn.w_msa.proj.weight:weight_decay=0.05
2026/09/20 07:12:47 - mmengine - INFO - paramwise_options -- backbone.stages.0.blocks.0.attn.w_msa.proj.weight:lr_mult=0.1
2026/09/20 07:12:47 - mmengine - INFO - paramwise_options -- backbone.stages.0.blocks.0.attn.w_msa.proj.weight:decay_mult=1.0
2026/09/20 07:12:47 - mmengine - INFO - paramwise_options -- backbone.stages.0.blocks.0.attn.w_msa.proj.bias:lr=1e-05
2026/09/20 07:12:47 - mmengine - INFO - paramwise_options -- backbone.stages.0.blocks.0.attn.w_msa.proj.bias:weight_decay=0.05
2026/09/20 07:12:47 - mmengine - INFO - paramwise_options -- backbone.stages.0.blocks.0.attn.w_msa.proj.bias:lr_mult=0.1
2026/09/20 07:12:47 - mmengine - INFO - paramwise_options -- backbone.stages.0.blocks.0.attn.w_msa.proj.bias:decay_mult=1.0
2026/09/20 07:12:47 - mmengine - INFO - paramwise_options -- backbone.stages.0.blocks.0.norm2.weight:lr=1e-05
2026/09/20 07:12:47 - mmengine - INFO - paramwise_options -- backbone.stages.0.blocks.0.norm2.weight:weight_decay=0.05
2026/09/20 07:12:47 - mmengine - INFO - paramwise_options -- backbone.stages.0.blocks.0.norm2.weight:lr_mult=0.1
2026/09/20 07:12:47 - mmengine - INFO - paramwise_options -- backbone.stages.0.blocks.0.norm2.weight:decay_mult=1.0
2026/09/20 07:12:47 - mmengine - INFO - paramwise_options -- backbone.stages.0.blocks.0.norm2.bias:lr=1e-05
2026/09/20 07:12:47 - mmengine - INFO - paramwise_options -- backbone.stages.0.blocks.0.norm2.bias:weight_decay=0.05
2026/09/20 07:12:47 - mmengine - INFO - paramwise_options -- backbone.stages.0.blocks.0.norm2.bias:lr_mult=0.1
2026/09/20 07:12:47 - mmengine - INFO - paramwise_options -- backbone.stages.0.blocks.0.norm2.bias:decay_mult=1.0
2026/09/20 07:12:47 - mmengine - INFO - paramwise_options -- backbone.stages.0.blocks.0.ffn.layers.0.0.weight:lr=1e-05
2026/09/20 07:12:47 - mmengine - INFO - paramwise_options -- backbone.stages.0.blocks.0.ffn.layers.0.0.weight:weight_decay=0.05
2026/09/20 07:12:47 - mmengine - INFO - paramwise_options -- backbone.stages.0.blocks.0.ffn.layers.0.0.weight:lr_mult=0.1
2026/09/20 07:12:47 - mmengine - INFO - paramwise_options -- backbone.stages.0.blocks.0.ffn.layers.0.0.weight:decay_mult=1.0
2026/09/20 07:12:47 - mmengine - INFO - paramwise_options -- backbone.stages.0.blocks.0.ffn.layers.0.0.bias:lr=1e-05
2026/09/20 07:12:47 - mmengine - INFO - paramwise_options -- backbone.stages.0.blocks.0.ffn.layers.0.0.bias:weight_decay=0.05
2026/09/20 07:12:47 - mmengine - INFO - paramwise_options -- backbone.stages.0.blocks.0.ffn.layers.0.0.bias:lr_mult=0.1
2026/09/20 07:12:47 - mmengine - INFO - paramwise_options -- backbone.stages.0.blocks.0.ffn.layers.0.0.bias:decay_mult=1.0
2026/09/20 07:12:47 - mmengine - INFO - paramwise_options -- backbone.stages.0.blocks.0.ffn.layers.1.weight:lr=1e-05
2026/09/20 07:12:47 - mmengine - INFO - paramwise_options -- backbone.stages.0.blocks.0.ffn.layers.1.weight:weight_decay=0.05
2026/09/20 07:12:47 - mmengine - INFO - paramwise_options -- backbone.stages.0.blocks.0.ffn.layers.1.weight:lr_mult=0.1
2026/09/20 07:12:47 - mmengine - INFO - paramwise_options -- backbone.stages.0.blocks.0.ffn.layers.1.weight:decay_mult=1.0
2026/09/20 07:12:47 - mmengine - INFO - paramwise_options -- backbone.stages.0.blocks.0.ffn.layers.1.bias:lr=1e-05
2026/09/20 07:12:47 - mmengine - INFO - paramwise_options -- backbone.stages.0.blocks.0.ffn.layers.1.bias:weight_decay=0.05
2026/09/20 07:12:47 - mmengine - INFO - paramwise_options -- backbone.stages.0.blocks.0.ffn.layers.1.bias:lr_mult=0.1
2026/09/20 07:12:47 - mmengine - INFO - paramwise_options -- backbone.stages.0.blocks.0.ffn.layers.1.bias:decay_mult=1.0
2026/09/20 07:12:47 - mmengine - INFO - paramwise_options -- backbone.stages.0.blocks.1.norm1.weight:lr=1e-05
2026/09/20 07:12:47 - mmengine - INFO - paramwise_options -- backbone.stages.0.blocks.1.norm1.weight:weight_decay=0.05
2026/09/20 07:12:47 - mmengine - INFO - paramwise_options -- backbone.stages.0.blocks.1.norm1.weight:lr_mult=0.1
2026/09/20 07:12:47 - mmengine - INFO - paramwise_options -- backbone.stages.0.blocks.1.norm1.weight:decay_mult=1.0
2026/09/20 07:12:47 - mmengine - INFO - paramwise_options -- backbone.stages.0.blocks.1.norm1.bias:lr=1e-05
2026/09/20 07:12:47 - mmengine - INFO - paramwise_options -- backbone.stages.0.blocks.1.norm1.bias:weight_decay=0.05
2026/09/20 07:12:47 - mmengine - INFO - paramwise_options -- backbone.stages.0.blocks.1.norm1.bias:lr_mult=0.1
2026/09/20 07:12:47 - mmengine - INFO - paramwise_options -- backbone.stages.0.blocks.1.norm1.bias:decay_mult=1.0
2026/09/20 07:12:47 - mmengine - INFO - paramwise_options -- backbone.stages.0.blocks.1.attn.w_msa.relative_position_bias_table:lr=1e-05
2026/09/20 07:12:47 - mmengine - INFO - paramwise_options -- backbone.stages.0.blocks.1.attn.w_msa.relative_position_bias_table:weight_decay=0.0
2026/09/20 07:12:47 - mmengine - INFO - paramwise_options -- backbone.stages.0.blocks.1.attn.w_msa.relative_position_bias_table:lr_mult=0.1
2026/09/20 07:12:47 - mmengine - INFO - paramwise_options -- backbone.stages.0.blocks.1.attn.w_msa.relative_position_bias_table:decay_mult=0.0
2026/09/20 07:12:47 - mmengine - INFO - paramwise_options -- backbone.stages.0.blocks.1.attn.w_msa.qkv.weight:lr=1e-05
2026/09/20 07:12:47 - mmengine - INFO - paramwise_options -- backbone.stages.0.blocks.1.attn.w_msa.qkv.weight:weight_decay=0.05
2026/09/20 07:12:47 - mmengine - INFO - paramwise_options -- backbone.stages.0.blocks.1.attn.w_msa.qkv.weight:lr_mult=0.1
2026/09/20 07:12:47 - mmengine - INFO - paramwise_options -- backbone.stages.0.blocks.1.attn.w_msa.qkv.weight:decay_mult=1.0
2026/09/20 07:12:47 - mmengine - INFO - paramwise_options -- backbone.stages.0.blocks.1.attn.w_msa.qkv.bias:lr=1e-05
2026/09/20 07:12:47 - mmengine - INFO - paramwise_options -- backbone.stages.0.blocks.1.attn.w_msa.qkv.bias:weight_decay=0.05
2026/09/20 07:12:47 - mmengine - INFO - paramwise_options -- backbone.stages.0.blocks.1.attn.w_msa.qkv.bias:lr_mult=0.1
2026/09/20 07:12:47 - mmengine - INFO - paramwise_options -- backbone.stages.0.blocks.1.attn.w_msa.qkv.bias:decay_mult=1.0
2026/09/20 07:12:47 - mmengine - INFO - paramwise_options -- backbone.stages.0.blocks.1.attn.w_msa.proj.weight:lr=1e-05
2026/09/20 07:12:47 - mmengine - INFO - paramwise_options -- backbone.stages.0.blocks.1.attn.w_msa.proj.weight:weight_decay=0.05
2026/09/20 07:12:47 - mmengine - INFO - paramwise_options -- backbone.stages.0.blocks.1.attn.w_msa.proj.weight:lr_mult=0.1
2026/09/20 07:12:47 - mmengine - INFO - paramwise_options -- backbone.stages.0.blocks.1.attn.w_msa.proj.weight:decay_mult=1.0
2026/09/20 07:12:47 - mmengine - INFO - paramwise_options -- backbone.stages.0.blocks.1.attn.w_msa.proj.bias:lr=1e-05
2026/09/20 07:12:47 - mmengine - INFO - paramwise_options -- backbone.stages.0.blocks.1.attn.w_msa.proj.bias:weight_decay=0.05
2026/09/20 07:12:47 - mmengine - INFO - paramwise_options -- backbone.stages.0.blocks.1.attn.w_msa.proj.bias:lr_mult=0.1
2026/09/20 07:12:47 - mmengine - INFO - paramwise_options -- backbone.stages.0.blocks.1.attn.w_msa.proj.bias:decay_mult=1.0
2026/09/20 07:12:47 - mmengine - INFO - paramwise_options -- backbone.stages.0.blocks.1.norm2.weight:lr=1e-05
2026/09/20 07:12:47 - mmengine - INFO - paramwise_options -- backbone.stages.0.blocks.1.norm2.weight:weight_decay=0.05
2026/09/20 07:12:47 - mmengine - INFO - paramwise_options -- backbone.stages.0.blocks.1.norm2.weight:lr_mult=0.1
2026/09/20 07:12:47 - mmengine - INFO - paramwise_options -- backbone.stages.0.blocks.1.norm2.weight:decay_mult=1.0
2026/09/20 07:12:47 - mmengine - INFO - paramwise_options -- backbone.stages.0.blocks.1.norm2.bias:lr=1e-05
2026/09/20 07:12:47 - mmengine - INFO - paramwise_options -- backbone.stages.0.blocks.1.norm2.bias:weight_decay=0.05
2026/09/20 07:12:47 - mmengine - INFO - paramwise_options -- backbone.stages.0.blocks.1.norm2.bias:lr_mult=0.1
2026/09/20 07:12:47 - mmengine - INFO - paramwise_options -- backbone.stages.0.blocks.1.norm2.bias:decay_mult=1.0
2026/09/20 07:12:47 - mmengine - INFO - paramwise_options -- backbone.stages.0.blocks.1.ffn.layers.0.0.weight:lr=1e-05
2026/09/20 07:12:47 - mmengine - INFO - paramwise_options -- backbone.stages.0.blocks.1.ffn.layers.0.0.weight:weight_decay=0.05
2026/09/20 07:12:47 - mmengine - INFO - paramwise_options -- backbone.stages.0.blocks.1.ffn.layers.0.0.weight:lr_mult=0.1
2026/09/20 07:12:47 - mmengine - INFO - paramwise_options -- backbone.stages.0.blocks.1.ffn.layers.0.0.weight:decay_mult=1.0
2026/09/20 07:12:47 - mmengine - INFO - paramwise_options -- backbone.stages.0.blocks.1.ffn.layers.0.0.bias:lr=1e-05
2026/09/20 07:12:47 - mmengine - INFO - paramwise_options -- backbone.stages.0.blocks.1.ffn.layers.0.0.bias:weight_decay=0.05
2026/09/20 07:12:47 - mmengine - INFO - paramwise_options -- backbone.stages.0.blocks.1.ffn.layers.0.0.bias:lr_mult=0.1
2026/09/20 07:12:47 - mmengine - INFO - paramwise_options -- backbone.stages.0.blocks.1.ffn.layers.0.0.bias:decay_mult=1.0
2026/09/20 07:12:47 - mmengine - INFO - paramwise_options -- backbone.stages.0.blocks.1.ffn.layers.1.weight:lr=1e-05
2026/09/20 07:12:47 - mmengine - INFO - paramwise_options -- backbone.stages.0.blocks.1.ffn.layers.1.weight:weight_decay=0.05
2026/09/20 07:12:47 - mmengine - INFO - paramwise_options -- backbone.stages.0.blocks.1.ffn.layers.1.weight:lr_mult=0.1
2026/09/20 07:12:47 - mmengine - INFO - paramwise_options -- backbone.stages.0.blocks.1.ffn.layers.1.weight:decay_mult=1.0
2026/09/20 07:12:47 - mmengine - INFO - paramwise_options -- backbone.stages.0.blocks.1.ffn.layers.1.bias:lr=1e-05
2026/09/20 07:12:47 - mmengine - INFO - paramwise_options -- backbone.stages.0.blocks.1.ffn.layers.1.bias:weight_decay=0.05
2026/09/20 07:12:47 - mmengine - INFO - paramwise_options -- backbone.stages.0.blocks.1.ffn.layers.1.bias:lr_mult=0.1
2026/09/20 07:12:47 - mmengine - INFO - paramwise_options -- backbone.stages.0.blocks.1.ffn.layers.1.bias:decay_mult=1.0
2026/09/20 07:12:47 - mmengine - INFO - paramwise_options -- backbone.stages.0.downsample.norm.weight:lr=1e-05
2026/09/20 07:12:47 - mmengine - INFO - paramwise_options -- backbone.stages.0.downsample.norm.weight:weight_decay=0.05
2026/09/20 07:12:47 - mmengine - INFO - paramwise_options -- backbone.stages.0.downsample.norm.weight:lr_mult=0.1
2026/09/20 07:12:47 - mmengine - INFO - paramwise_options -- backbone.stages.0.downsample.norm.weight:decay_mult=1.0
2026/09/20 07:12:47 - mmengine - INFO - paramwise_options -- backbone.stages.0.downsample.norm.bias:lr=1e-05
2026/09/20 07:12:47 - mmengine - INFO - paramwise_options -- backbone.stages.0.downsample.norm.bias:weight_decay=0.05
2026/09/20 07:12:47 - mmengine - INFO - paramwise_options -- backbone.stages.0.downsample.norm.bias:lr_mult=0.1
2026/09/20 07:12:47 - mmengine - INFO - paramwise_options -- backbone.stages.0.downsample.norm.bias:decay_mult=1.0
2026/09/20 07:12:47 - mmengine - INFO - paramwise_options -- backbone.stages.0.downsample.reduction.weight:lr=1e-05
2026/09/20 07:12:47 - mmengine - INFO - paramwise_options -- backbone.stages.0.downsample.reduction.weight:weight_decay=0.05
2026/09/20 07:12:47 - mmengine - INFO - paramwise_options -- backbone.stages.0.downsample.reduction.weight:lr_mult=0.1
2026/09/20 07:12:47 - mmengine - INFO - paramwise_options -- backbone.stages.0.downsample.reduction.weight:decay_mult=1.0
2026/09/20 07:12:47 - mmengine - INFO - paramwise_options -- backbone.stages.1.blocks.0.norm1.weight:lr=1e-05
2026/09/20 07:12:47 - mmengine - INFO - paramwise_options -- backbone.stages.1.blocks.0.norm1.weight:weight_decay=0.05
2026/09/20 07:12:47 - mmengine - INFO - paramwise_options -- backbone.stages.1.blocks.0.norm1.weight:lr_mult=0.1
2026/09/20 07:12:47 - mmengine - INFO - paramwise_options -- backbone.stages.1.blocks.0.norm1.weight:decay_mult=1.0
2026/09/20 07:12:47 - mmengine - INFO - paramwise_options -- backbone.stages.1.blocks.0.norm1.bias:lr=1e-05
2026/09/20 07:12:47 - mmengine - INFO - paramwise_options -- backbone.stages.1.blocks.0.norm1.bias:weight_decay=0.05
2026/09/20 07:12:47 - mmengine - INFO - paramwise_options -- backbone.stages.1.blocks.0.norm1.bias:lr_mult=0.1
2026/09/20 07:12:47 - mmengine - INFO - paramwise_options -- backbone.stages.1.blocks.0.norm1.bias:decay_mult=1.0
2026/09/20 07:12:47 - mmengine - INFO - paramwise_options -- backbone.stages.1.blocks.0.attn.w_msa.relative_position_bias_table:lr=1e-05
2026/09/20 07:12:47 - mmengine - INFO - paramwise_options -- backbone.stages.1.blocks.0.attn.w_msa.relative_position_bias_table:weight_decay=0.0
2026/09/20 07:12:47 - mmengine - INFO - paramwise_options -- backbone.stages.1.blocks.0.attn.w_msa.relative_position_bias_table:lr_mult=0.1
2026/09/20 07:12:47 - mmengine - INFO - paramwise_options -- backbone.stages.1.blocks.0.attn.w_msa.relative_position_bias_table:decay_mult=0.0
2026/09/20 07:12:47 - mmengine - INFO - paramwise_options -- backbone.stages.1.blocks.0.attn.w_msa.qkv.weight:lr=1e-05
2026/09/20 07:12:47 - mmengine - INFO - paramwise_options -- backbone.stages.1.blocks.0.attn.w_msa.qkv.weight:weight_decay=0.05
2026/09/20 07:12:47 - mmengine - INFO - paramwise_options -- backbone.stages.1.blocks.0.attn.w_msa.qkv.weight:lr_mult=0.1
2026/09/20 07:12:47 - mmengine - INFO - paramwise_options -- backbone.stages.1.blocks.0.attn.w_msa.qkv.weight:decay_mult=1.0
2026/09/20 07:12:47 - mmengine - INFO - paramwise_options -- backbone.stages.1.blocks.0.attn.w_msa.qkv.bias:lr=1e-05
2026/09/20 07:12:47 - mmengine - INFO - paramwise_options -- backbone.stages.1.blocks.0.attn.w_msa.qkv.bias:weight_decay=0.05
2026/09/20 07:12:47 - mmengine - INFO - paramwise_options -- backbone.stages.1.blocks.0.attn.w_msa.qkv.bias:lr_mult=0.1
2026/09/20 07:12:47 - mmengine - INFO - paramwise_options -- backbone.stages.1.blocks.0.attn.w_msa.qkv.bias:decay_mult=1.0
2026/09/20 07:12:47 - mmengine - INFO - paramwise_options -- backbone.stages.1.blocks.0.attn.w_msa.proj.weight:lr=1e-05
2026/09/20 07:12:47 - mmengine - INFO - paramwise_options -- backbone.stages.1.blocks.0.attn.w_msa.proj.weight:weight_decay=0.05
2026/09/20 07:12:47 - mmengine - INFO - paramwise_options -- backbone.stages.1.blocks.0.attn.w_msa.proj.weight:lr_mult=0.1
2026/09/20 07:12:47 - mmengine - INFO - paramwise_options -- backbone.stages.1.blocks.0.attn.w_msa.proj.weight:decay_mult=1.0
2026/09/20 07:12:47 - mmengine - INFO - paramwise_options -- backbone.stages.1.blocks.0.attn.w_msa.proj.bias:lr=1e-05
2026/09/20 07:12:47 - mmengine - INFO - paramwise_options -- backbone.stages.1.blocks.0.attn.w_msa.proj.bias:weight_decay=0.05
2026/09/20 07:12:47 - mmengine - INFO - paramwise_options -- backbone.stages.1.blocks.0.attn.w_msa.proj.bias:lr_mult=0.1
2026/09/20 07:12:47 - mmengine - INFO - paramwise_options -- backbone.stages.1.blocks.0.attn.w_msa.proj.bias:decay_mult=1.0
2026/09/20 07:12:47 - mmengine - INFO - paramwise_options -- backbone.stages.1.blocks.0.norm2.weight:lr=1e-05
2026/09/20 07:12:47 - mmengine - INFO - paramwise_options -- backbone.stages.1.blocks.0.norm2.weight:weight_decay=0.05
2026/09/20 07:12:47 - mmengine - INFO - paramwise_options -- backbone.stages.1.blocks.0.norm2.weight:lr_mult=0.1
2026/09/20 07:12:47 - mmengine - INFO - paramwise_options -- backbone.stages.1.blocks.0.norm2.weight:decay_mult=1.0
2026/09/20 07:12:47 - mmengine - INFO - paramwise_options -- backbone.stages.1.blocks.0.norm2.bias:lr=1e-05
2026/09/20 07:12:47 - mmengine - INFO - paramwise_options -- backbone.stages.1.blocks.0.norm2.bias:weight_decay=0.05
2026/09/20 07:12:47 - mmengine - INFO - paramwise_options -- backbone.stages.1.blocks.0.norm2.bias:lr_mult=0.1
2026/09/20 07:12:47 - mmengine - INFO - paramwise_options -- backbone.stages.1.blocks.0.norm2.bias:decay_mult=1.0
2026/09/20 07:12:47 - mmengine - INFO - paramwise_options -- backbone.stages.1.blocks.0.ffn.layers.0.0.weight:lr=1e-05
2026/09/20 07:12:47 - mmengine - INFO - paramwise_options -- backbone.stages.1.blocks.0.ffn.layers.0.0.weight:weight_decay=0.05
2026/09/20 07:12:47 - mmengine - INFO - paramwise_options -- backbone.stages.1.blocks.0.ffn.layers.0.0.weight:lr_mult=0.1
2026/09/20 07:12:47 - mmengine - INFO - paramwise_options -- backbone.stages.1.blocks.0.ffn.layers.0.0.weight:decay_mult=1.0
2026/09/20 07:12:47 - mmengine - INFO - paramwise_options -- backbone.stages.1.blocks.0.ffn.layers.0.0.bias:lr=1e-05
2026/09/20 07:12:47 - mmengine - INFO - paramwise_options -- backbone.stages.1.blocks.0.ffn.layers.0.0.bias:weight_decay=0.05
2026/09/20 07:12:47 - mmengine - INFO - paramwise_options -- backbone.stages.1.blocks.0.ffn.layers.0.0.bias:lr_mult=0.1
2026/09/20 07:12:47 - mmengine - INFO - paramwise_options -- backbone.stages.1.blocks.0.ffn.layers.0.0.bias:decay_mult=1.0
2026/09/20 07:12:47 - mmengine - INFO - paramwise_options -- backbone.stages.1.blocks.0.ffn.layers.1.weight:lr=1e-05
2026/09/20 07:12:47 - mmengine - INFO - paramwise_options -- backbone.stages.1.blocks.0.ffn.layers.1.weight:weight_decay=0.05
2026/09/20 07:12:47 - mmengine - INFO - paramwise_options -- backbone.stages.1.blocks.0.ffn.layers.1.weight:lr_mult=0.1
2026/09/20 07:12:47 - mmengine - INFO - paramwise_options -- backbone.stages.1.blocks.0.ffn.layers.1.weight:decay_mult=1.0
2026/09/20 07:12:47 - mmengine - INFO - paramwise_options -- backbone.stages.1.blocks.0.ffn.layers.1.bias:lr=1e-05
2026/09/20 07:12:47 - mmengine - INFO - paramwise_options -- backbone.stages.1.blocks.0.ffn.layers.1.bias:weight_decay=0.05
2026/09/20 07:12:47 - mmengine - INFO - paramwise_options -- backbone.stages.1.blocks.0.ffn.layers.1.bias:lr_mult=0.1
2026/09/20 07:12:47 - mmengine - INFO - paramwise_options -- backbone.stages.1.blocks.0.ffn.layers.1.bias:decay_mult=1.0
2026/09/20 07:12:47 - mmengine - INFO - paramwise_options -- backbone.stages.1.blocks.1.norm1.weight:lr=1e-05
2026/09/20 07:12:47 - mmengine - INFO - paramwise_options -- backbone.stages.1.blocks.1.norm1.weight:weight_decay=0.05
2026/09/20 07:12:47 - mmengine - INFO - paramwise_options -- backbone.stages.1.blocks.1.norm1.weight:lr_mult=0.1
2026/09/20 07:12:47 - mmengine - INFO - paramwise_options -- backbone.stages.1.blocks.1.norm1.weight:decay_mult=1.0
2026/09/20 07:12:47 - mmengine - INFO - paramwise_options -- backbone.stages.1.blocks.1.norm1.bias:lr=1e-05
2026/09/20 07:12:47 - mmengine - INFO - paramwise_options -- backbone.stages.1.blocks.1.norm1.bias:weight_decay=0.05
2026/09/20 07:12:47 - mmengine - INFO - paramwise_options -- backbone.stages.1.blocks.1.norm1.bias:lr_mult=0.1
2026/09/20 07:12:47 - mmengine - INFO - paramwise_options -- backbone.stages.1.blocks.1.norm1.bias:decay_mult=1.0
2026/09/20 07:12:47 - mmengine - INFO - paramwise_options -- backbone.stages.1.blocks.1.attn.w_msa.relative_position_bias_table:lr=1e-05
2026/09/20 07:12:47 - mmengine - INFO - paramwise_options -- backbone.stages.1.blocks.1.attn.w_msa.relative_position_bias_table:weight_decay=0.0
2026/09/20 07:12:47 - mmengine - INFO - paramwise_options -- backbone.stages.1.blocks.1.attn.w_msa.relative_position_bias_table:lr_mult=0.1
2026/09/20 07:12:47 - mmengine - INFO - paramwise_options -- backbone.stages.1.blocks.1.attn.w_msa.relative_position_bias_table:decay_mult=0.0
2026/09/20 07:12:47 - mmengine - INFO - paramwise_options -- backbone.stages.1.blocks.1.attn.w_msa.qkv.weight:lr=1e-05
2026/09/20 07:12:47 - mmengine - INFO - paramwise_options -- backbone.stages.1.blocks.1.attn.w_msa.qkv.weight:weight_decay=0.05
2026/09/20 07:12:47 - mmengine - INFO - paramwise_options -- backbone.stages.1.blocks.1.attn.w_msa.qkv.weight:lr_mult=0.1
2026/09/20 07:12:47 - mmengine - INFO - paramwise_options -- backbone.stages.1.blocks.1.attn.w_msa.qkv.weight:decay_mult=1.0
2026/09/20 07:12:47 - mmengine - INFO - paramwise_options -- backbone.stages.1.blocks.1.attn.w_msa.qkv.bias:lr=1e-05
2026/09/20 07:12:47 - mmengine - INFO - paramwise_options -- backbone.stages.1.blocks.1.attn.w_msa.qkv.bias:weight_decay=0.05
2026/09/20 07:12:47 - mmengine - INFO - paramwise_options -- backbone.stages.1.blocks.1.attn.w_msa.qkv.bias:lr_mult=0.1
2026/09/20 07:12:47 - mmengine - INFO - paramwise_options -- backbone.stages.1.blocks.1.attn.w_msa.qkv.bias:decay_mult=1.0
2026/09/20 07:12:47 - mmengine - INFO - paramwise_options -- backbone.stages.1.blocks.1.attn.w_msa.proj.weight:lr=1e-05
2026/09/20 07:12:47 - mmengine - INFO - paramwise_options -- backbone.stages.1.blocks.1.attn.w_msa.proj.weight:weight_decay=0.05
2026/09/20 07:12:47 - mmengine - INFO - paramwise_options -- backbone.stages.1.blocks.1.attn.w_msa.proj.weight:lr_mult=0.1
2026/09/20 07:12:47 - mmengine - INFO - paramwise_options -- backbone.stages.1.blocks.1.attn.w_msa.proj.weight:decay_mult=1.0
2026/09/20 07:12:47 - mmengine - INFO - paramwise_options -- backbone.stages.1.blocks.1.attn.w_msa.proj.bias:lr=1e-05
2026/09/20 07:12:47 - mmengine - INFO - paramwise_options -- backbone.stages.1.blocks.1.attn.w_msa.proj.bias:weight_decay=0.05
2026/09/20 07:12:47 - mmengine - INFO - paramwise_options -- backbone.stages.1.blocks.1.attn.w_msa.proj.bias:lr_mult=0.1
2026/09/20 07:12:47 - mmengine - INFO - paramwise_options -- backbone.stages.1.blocks.1.attn.w_msa.proj.bias:decay_mult=1.0
2026/09/20 07:12:47 - mmengine - INFO - paramwise_options -- backbone.stages.1.blocks.1.norm2.weight:lr=1e-05
2026/09/20 07:12:47 - mmengine - INFO - paramwise_options -- backbone.stages.1.blocks.1.norm2.weight:weight_decay=0.05
2026/09/20 07:12:47 - mmengine - INFO - paramwise_options -- backbone.stages.1.blocks.1.norm2.weight:lr_mult=0.1
2026/09/20 07:12:47 - mmengine - INFO - paramwise_options -- backbone.stages.1.blocks.1.norm2.weight:decay_mult=1.0
2026/09/20 07:12:47 - mmengine - INFO - paramwise_options -- backbone.stages.1.blocks.1.norm2.bias:lr=1e-05
2026/09/20 07:12:47 - mmengine - INFO - paramwise_options -- backbone.stages.1.blocks.1.norm2.bias:weight_decay=0.05
2026/09/20 07:12:47 - mmengine - INFO - paramwise_options -- backbone.stages.1.blocks.1.norm2.bias:lr_mult=0.1
2026/09/20 07:12:47 - mmengine - INFO - paramwise_options -- backbone.stages.1.blocks.1.norm2.bias:decay_mult=1.0
2026/09/20 07:12:47 - mmengine - INFO - paramwise_options -- backbone.stages.1.blocks.1.ffn.layers.0.0.weight:lr=1e-05
2026/09/20 07:12:47 - mmengine - INFO - paramwise_options -- backbone.stages.1.blocks.1.ffn.layers.0.0.weight:weight_decay=0.05
2026/09/20 07:12:47 - mmengine - INFO - paramwise_options -- backbone.stages.1.blocks.1.ffn.layers.0.0.weight:lr_mult=0.1
2026/09/20 07:12:47 - mmengine - INFO - paramwise_options -- backbone.stages.1.blocks.1.ffn.layers.0.0.weight:decay_mult=1.0
2026/09/20 07:12:47 - mmengine - INFO - paramwise_options -- backbone.stages.1.blocks.1.ffn.layers.0.0.bias:lr=1e-05
2026/09/20 07:12:47 - mmengine - INFO - paramwise_options -- backbone.stages.1.blocks.1.ffn.layers.0.0.bias:weight_decay=0.05
2026/09/20 07:12:47 - mmengine - INFO - paramwise_options -- backbone.stages.1.blocks.1.ffn.layers.0.0.bias:lr_mult=0.1
2026/09/20 07:12:47 - mmengine - INFO - paramwise_options -- backbone.stages.1.blocks.1.ffn.layers.0.0.bias:decay_mult=1.0
2026/09/20 07:12:47 - mmengine - INFO - paramwise_options -- backbone.stages.1.blocks.1.ffn.layers.1.weight:lr=1e-05
2026/09/20 07:12:47 - mmengine - INFO - paramwise_options -- backbone.stages.1.blocks.1.ffn.layers.1.weight:weight_decay=0.05
2026/09/20 07:12:47 - mmengine - INFO - paramwise_options -- backbone.stages.1.blocks.1.ffn.layers.1.weight:lr_mult=0.1
2026/09/20 07:12:47 - mmengine - INFO - paramwise_options -- backbone.stages.1.blocks.1.ffn.layers.1.weight:decay_mult=1.0
2026/09/20 07:12:47 - mmengine - INFO - paramwise_options -- backbone.stages.1.blocks.1.ffn.layers.1.bias:lr=1e-05
2026/09/20 07:12:47 - mmengine - INFO - paramwise_options -- backbone.stages.1.blocks.1.ffn.layers.1.bias:weight_decay=0.05
2026/09/20 07:12:47 - mmengine - INFO - paramwise_options -- backbone.stages.1.blocks.1.ffn.layers.1.bias:lr_mult=0.1
2026/09/20 07:12:47 - mmengine - INFO - paramwise_options -- backbone.stages.1.blocks.1.ffn.layers.1.bias:decay_mult=1.0
2026/09/20 07:12:47 - mmengine - INFO - paramwise_options -- backbone.stages.1.downsample.norm.weight:lr=1e-05
2026/09/20 07:12:47 - mmengine - INFO - paramwise_options -- backbone.stages.1.downsample.norm.weight:weight_decay=0.05
2026/09/20 07:12:47 - mmengine - INFO - paramwise_options -- backbone.stages.1.downsample.norm.weight:lr_mult=0.1
2026/09/20 07:12:47 - mmengine - INFO - paramwise_options -- backbone.stages.1.downsample.norm.weight:decay_mult=1.0
2026/09/20 07:12:47 - mmengine - INFO - paramwise_options -- backbone.stages.1.downsample.norm.bias:lr=1e-05
2026/09/20 07:12:47 - mmengine - INFO - paramwise_options -- backbone.stages.1.downsample.norm.bias:weight_decay=0.05
2026/09/20 07:12:47 - mmengine - INFO - paramwise_options -- backbone.stages.1.downsample.norm.bias:lr_mult=0.1
2026/09/20 07:12:47 - mmengine - INFO - paramwise_options -- backbone.stages.1.downsample.norm.bias:decay_mult=1.0
2026/09/20 07:12:47 - mmengine - INFO - paramwise_options -- backbone.stages.1.downsample.reduction.weight:lr=1e-05
2026/09/20 07:12:47 - mmengine - INFO - paramwise_options -- backbone.stages.1.downsample.reduction.weight:weight_decay=0.05
2026/09/20 07:12:47 - mmengine - INFO - paramwise_options -- backbone.stages.1.downsample.reduction.weight:lr_mult=0.1
2026/09/20 07:12:47 - mmengine - INFO - paramwise_options -- backbone.stages.1.downsample.reduction.weight:decay_mult=1.0
2026/09/20 07:12:47 - mmengine - INFO - paramwise_options -- backbone.stages.2.blocks.0.norm1.weight:lr=1e-05
2026/09/20 07:12:47 - mmengine - INFO - paramwise_options -- backbone.stages.2.blocks.0.norm1.weight:weight_decay=0.05
2026/09/20 07:12:47 - mmengine - INFO - paramwise_options -- backbone.stages.2.blocks.0.norm1.weight:lr_mult=0.1
2026/09/20 07:12:47 - mmengine - INFO - paramwise_options -- backbone.stages.2.blocks.0.norm1.weight:decay_mult=1.0
2026/09/20 07:12:47 - mmengine - INFO - paramwise_options -- backbone.stages.2.blocks.0.norm1.bias:lr=1e-05
2026/09/20 07:12:47 - mmengine - INFO - paramwise_options -- backbone.stages.2.blocks.0.norm1.bias:weight_decay=0.05
2026/09/20 07:12:47 - mmengine - INFO - paramwise_options -- backbone.stages.2.blocks.0.norm1.bias:lr_mult=0.1
2026/09/20 07:12:47 - mmengine - INFO - paramwise_options -- backbone.stages.2.blocks.0.norm1.bias:decay_mult=1.0
2026/09/20 07:12:47 - mmengine - INFO - paramwise_options -- backbone.stages.2.blocks.0.attn.w_msa.relative_position_bias_table:lr=1e-05
2026/09/20 07:12:47 - mmengine - INFO - paramwise_options -- backbone.stages.2.blocks.0.attn.w_msa.relative_position_bias_table:weight_decay=0.0
2026/09/20 07:12:47 - mmengine - INFO - paramwise_options -- backbone.stages.2.blocks.0.attn.w_msa.relative_position_bias_table:lr_mult=0.1
2026/09/20 07:12:47 - mmengine - INFO - paramwise_options -- backbone.stages.2.blocks.0.attn.w_msa.relative_position_bias_table:decay_mult=0.0
2026/09/20 07:12:47 - mmengine - INFO - paramwise_options -- backbone.stages.2.blocks.0.attn.w_msa.qkv.weight:lr=1e-05
2026/09/20 07:12:47 - mmengine - INFO - paramwise_options -- backbone.stages.2.blocks.0.attn.w_msa.qkv.weight:weight_decay=0.05
2026/09/20 07:12:47 - mmengine - INFO - paramwise_options -- backbone.stages.2.blocks.0.attn.w_msa.qkv.weight:lr_mult=0.1
2026/09/20 07:12:47 - mmengine - INFO - paramwise_options -- backbone.stages.2.blocks.0.attn.w_msa.qkv.weight:decay_mult=1.0
2026/09/20 07:12:47 - mmengine - INFO - paramwise_options -- backbone.stages.2.blocks.0.attn.w_msa.qkv.bias:lr=1e-05
2026/09/20 07:12:47 - mmengine - INFO - paramwise_options -- backbone.stages.2.blocks.0.attn.w_msa.qkv.bias:weight_decay=0.05
2026/09/20 07:12:47 - mmengine - INFO - paramwise_options -- backbone.stages.2.blocks.0.attn.w_msa.qkv.bias:lr_mult=0.1
2026/09/20 07:12:47 - mmengine - INFO - paramwise_options -- backbone.stages.2.blocks.0.attn.w_msa.qkv.bias:decay_mult=1.0
2026/09/20 07:12:47 - mmengine - INFO - paramwise_options -- backbone.stages.2.blocks.0.attn.w_msa.proj.weight:lr=1e-05
2026/09/20 07:12:47 - mmengine - INFO - paramwise_options -- backbone.stages.2.blocks.0.attn.w_msa.proj.weight:weight_decay=0.05
2026/09/20 07:12:47 - mmengine - INFO - paramwise_options -- backbone.stages.2.blocks.0.attn.w_msa.proj.weight:lr_mult=0.1
2026/09/20 07:12:47 - mmengine - INFO - paramwise_options -- backbone.stages.2.blocks.0.attn.w_msa.proj.weight:decay_mult=1.0
2026/09/20 07:12:47 - mmengine - INFO - paramwise_options -- backbone.stages.2.blocks.0.attn.w_msa.proj.bias:lr=1e-05
2026/09/20 07:12:47 - mmengine - INFO - paramwise_options -- backbone.stages.2.blocks.0.attn.w_msa.proj.bias:weight_decay=0.05
2026/09/20 07:12:47 - mmengine - INFO - paramwise_options -- backbone.stages.2.blocks.0.attn.w_msa.proj.bias:lr_mult=0.1
2026/09/20 07:12:47 - mmengine - INFO - paramwise_options -- backbone.stages.2.blocks.0.attn.w_msa.proj.bias:decay_mult=1.0
2026/09/20 07:12:47 - mmengine - INFO - paramwise_options -- backbone.stages.2.blocks.0.norm2.weight:lr=1e-05
2026/09/20 07:12:47 - mmengine - INFO - paramwise_options -- backbone.stages.2.blocks.0.norm2.weight:weight_decay=0.05
2026/09/20 07:12:47 - mmengine - INFO - paramwise_options -- backbone.stages.2.blocks.0.norm2.weight:lr_mult=0.1
2026/09/20 07:12:47 - mmengine - INFO - paramwise_options -- backbone.stages.2.blocks.0.norm2.weight:decay_mult=1.0
2026/09/20 07:12:47 - mmengine - INFO - paramwise_options -- backbone.stages.2.blocks.0.norm2.bias:lr=1e-05
2026/09/20 07:12:47 - mmengine - INFO - paramwise_options -- backbone.stages.2.blocks.0.norm2.bias:weight_decay=0.05
2026/09/20 07:12:47 - mmengine - INFO - paramwise_options -- backbone.stages.2.blocks.0.norm2.bias:lr_mult=0.1
2026/09/20 07:12:47 - mmengine - INFO - paramwise_options -- backbone.stages.2.blocks.0.norm2.bias:decay_mult=1.0
2026/09/20 07:12:47 - mmengine - INFO - paramwise_options -- backbone.stages.2.blocks.0.ffn.layers.0.0.weight:lr=1e-05
2026/09/20 07:12:47 - mmengine - INFO - paramwise_options -- backbone.stages.2.blocks.0.ffn.layers.0.0.weight:weight_decay=0.05
2026/09/20 07:12:47 - mmengine - INFO - paramwise_options -- backbone.stages.2.blocks.0.ffn.layers.0.0.weight:lr_mult=0.1
2026/09/20 07:12:47 - mmengine - INFO - paramwise_options -- backbone.stages.2.blocks.0.ffn.layers.0.0.weight:decay_mult=1.0
2026/09/20 07:12:47 - mmengine - INFO - paramwise_options -- backbone.stages.2.blocks.0.ffn.layers.0.0.bias:lr=1e-05
2026/09/20 07:12:47 - mmengine - INFO - paramwise_options -- backbone.stages.2.blocks.0.ffn.layers.0.0.bias:weight_decay=0.05
2026/09/20 07:12:47 - mmengine - INFO - paramwise_options -- backbone.stages.2.blocks.0.ffn.layers.0.0.bias:lr_mult=0.1
2026/09/20 07:12:47 - mmengine - INFO - paramwise_options -- backbone.stages.2.blocks.0.ffn.layers.0.0.bias:decay_mult=1.0
2026/09/20 07:12:47 - mmengine - INFO - paramwise_options -- backbone.stages.2.blocks.0.ffn.layers.1.weight:lr=1e-05
2026/09/20 07:12:47 - mmengine - INFO - paramwise_options -- backbone.stages.2.blocks.0.ffn.layers.1.weight:weight_decay=0.05
2026/09/20 07:12:47 - mmengine - INFO - paramwise_options -- backbone.stages.2.blocks.0.ffn.layers.1.weight:lr_mult=0.1
2026/09/20 07:12:47 - mmengine - INFO - paramwise_options -- backbone.stages.2.blocks.0.ffn.layers.1.weight:decay_mult=1.0
2026/09/20 07:12:47 - mmengine - INFO - paramwise_options -- backbone.stages.2.blocks.0.ffn.layers.1.bias:lr=1e-05
2026/09/20 07:12:47 - mmengine - INFO - paramwise_options -- backbone.stages.2.blocks.0.ffn.layers.1.bias:weight_decay=0.05
2026/09/20 07:12:47 - mmengine - INFO - paramwise_options -- backbone.stages.2.blocks.0.ffn.layers.1.bias:lr_mult=0.1
2026/09/20 07:12:47 - mmengine - INFO - paramwise_options -- backbone.stages.2.blocks.0.ffn.layers.1.bias:decay_mult=1.0
2026/09/20 07:12:47 - mmengine - INFO - paramwise_options -- backbone.stages.2.blocks.1.norm1.weight:lr=1e-05
2026/09/20 07:12:47 - mmengine - INFO - paramwise_options -- backbone.stages.2.blocks.1.norm1.weight:weight_decay=0.05
2026/09/20 07:12:47 - mmengine - INFO - paramwise_options -- backbone.stages.2.blocks.1.norm1.weight:lr_mult=0.1
2026/09/20 07:12:47 - mmengine - INFO - paramwise_options -- backbone.stages.2.blocks.1.norm1.weight:decay_mult=1.0
2026/09/20 07:12:47 - mmengine - INFO - paramwise_options -- backbone.stages.2.blocks.1.norm1.bias:lr=1e-05
2026/09/20 07:12:47 - mmengine - INFO - paramwise_options -- backbone.stages.2.blocks.1.norm1.bias:weight_decay=0.05
2026/09/20 07:12:47 - mmengine - INFO - paramwise_options -- backbone.stages.2.blocks.1.norm1.bias:lr_mult=0.1
2026/09/20 07:12:47 - mmengine - INFO - paramwise_options -- backbone.stages.2.blocks.1.norm1.bias:decay_mult=1.0
2026/09/20 07:12:47 - mmengine - INFO - paramwise_options -- backbone.stages.2.blocks.1.attn.w_msa.relative_position_bias_table:lr=1e-05
2026/09/20 07:12:47 - mmengine - INFO - paramwise_options -- backbone.stages.2.blocks.1.attn.w_msa.relative_position_bias_table:weight_decay=0.0
2026/09/20 07:12:47 - mmengine - INFO - paramwise_options -- backbone.stages.2.blocks.1.attn.w_msa.relative_position_bias_table:lr_mult=0.1
2026/09/20 07:12:47 - mmengine - INFO - paramwise_options -- backbone.stages.2.blocks.1.attn.w_msa.relative_position_bias_table:decay_mult=0.0
2026/09/20 07:12:47 - mmengine - INFO - paramwise_options -- backbone.stages.2.blocks.1.attn.w_msa.qkv.weight:lr=1e-05
2026/09/20 07:12:47 - mmengine - INFO - paramwise_options -- backbone.stages.2.blocks.1.attn.w_msa.qkv.weight:weight_decay=0.05
2026/09/20 07:12:47 - mmengine - INFO - paramwise_options -- backbone.stages.2.blocks.1.attn.w_msa.qkv.weight:lr_mult=0.1
2026/09/20 07:12:47 - mmengine - INFO - paramwise_options -- backbone.stages.2.blocks.1.attn.w_msa.qkv.weight:decay_mult=1.0
2026/09/20 07:12:47 - mmengine - INFO - paramwise_options -- backbone.stages.2.blocks.1.attn.w_msa.qkv.bias:lr=1e-05
2026/09/20 07:12:47 - mmengine - INFO - paramwise_options -- backbone.stages.2.blocks.1.attn.w_msa.qkv.bias:weight_decay=0.05
2026/09/20 07:12:47 - mmengine - INFO - paramwise_options -- backbone.stages.2.blocks.1.attn.w_msa.qkv.bias:lr_mult=0.1
2026/09/20 07:12:47 - mmengine - INFO - paramwise_options -- backbone.stages.2.blocks.1.attn.w_msa.qkv.bias:decay_mult=1.0
2026/09/20 07:12:47 - mmengine - INFO - paramwise_options -- backbone.stages.2.blocks.1.attn.w_msa.proj.weight:lr=1e-05
2026/09/20 07:12:47 - mmengine - INFO - paramwise_options -- backbone.stages.2.blocks.1.attn.w_msa.proj.weight:weight_decay=0.05
2026/09/20 07:12:47 - mmengine - INFO - paramwise_options -- backbone.stages.2.blocks.1.attn.w_msa.proj.weight:lr_mult=0.1
2026/09/20 07:12:47 - mmengine - INFO - paramwise_options -- backbone.stages.2.blocks.1.attn.w_msa.proj.weight:decay_mult=1.0
2026/09/20 07:12:47 - mmengine - INFO - paramwise_options -- backbone.stages.2.blocks.1.attn.w_msa.proj.bias:lr=1e-05
2026/09/20 07:12:47 - mmengine - INFO - paramwise_options -- backbone.stages.2.blocks.1.attn.w_msa.proj.bias:weight_decay=0.05
2026/09/20 07:12:47 - mmengine - INFO - paramwise_options -- backbone.stages.2.blocks.1.attn.w_msa.proj.bias:lr_mult=0.1
2026/09/20 07:12:47 - mmengine - INFO - paramwise_options -- backbone.stages.2.blocks.1.attn.w_msa.proj.bias:decay_mult=1.0
2026/09/20 07:12:47 - mmengine - INFO - paramwise_options -- backbone.stages.2.blocks.1.norm2.weight:lr=1e-05
2026/09/20 07:12:47 - mmengine - INFO - paramwise_options -- backbone.stages.2.blocks.1.norm2.weight:weight_decay=0.05
2026/09/20 07:12:47 - mmengine - INFO - paramwise_options -- backbone.stages.2.blocks.1.norm2.weight:lr_mult=0.1
2026/09/20 07:12:47 - mmengine - INFO - paramwise_options -- backbone.stages.2.blocks.1.norm2.weight:decay_mult=1.0
2026/09/20 07:12:47 - mmengine - INFO - paramwise_options -- backbone.stages.2.blocks.1.norm2.bias:lr=1e-05
2026/09/20 07:12:47 - mmengine - INFO - paramwise_options -- backbone.stages.2.blocks.1.norm2.bias:weight_decay=0.05
2026/09/20 07:12:47 - mmengine - INFO - paramwise_options -- backbone.stages.2.blocks.1.norm2.bias:lr_mult=0.1
2026/09/20 07:12:47 - mmengine - INFO - paramwise_options -- backbone.stages.2.blocks.1.norm2.bias:decay_mult=1.0
2026/09/20 07:12:47 - mmengine - INFO - paramwise_options -- backbone.stages.2.blocks.1.ffn.layers.0.0.weight:lr=1e-05
2026/09/20 07:12:47 - mmengine - INFO - paramwise_options -- backbone.stages.2.blocks.1.ffn.layers.0.0.weight:weight_decay=0.05
2026/09/20 07:12:47 - mmengine - INFO - paramwise_options -- backbone.stages.2.blocks.1.ffn.layers.0.0.weight:lr_mult=0.1
2026/09/20 07:12:47 - mmengine - INFO - paramwise_options -- backbone.stages.2.blocks.1.ffn.layers.0.0.weight:decay_mult=1.0
2026/09/20 07:12:47 - mmengine - INFO - paramwise_options -- backbone.stages.2.blocks.1.ffn.layers.0.0.bias:lr=1e-05
2026/09/20 07:12:47 - mmengine - INFO - paramwise_options -- backbone.stages.2.blocks.1.ffn.layers.0.0.bias:weight_decay=0.05
2026/09/20 07:12:47 - mmengine - INFO - paramwise_options -- backbone.stages.2.blocks.1.ffn.layers.0.0.bias:lr_mult=0.1
2026/09/20 07:12:47 - mmengine - INFO - paramwise_options -- backbone.stages.2.blocks.1.ffn.layers.0.0.bias:decay_mult=1.0
2026/09/20 07:12:47 - mmengine - INFO - paramwise_options -- backbone.stages.2.blocks.1.ffn.layers.1.weight:lr=1e-05
2026/09/20 07:12:47 - mmengine - INFO - paramwise_options -- backbone.stages.2.blocks.1.ffn.layers.1.weight:weight_decay=0.05
2026/09/20 07:12:47 - mmengine - INFO - paramwise_options -- backbone.stages.2.blocks.1.ffn.layers.1.weight:lr_mult=0.1
2026/09/20 07:12:47 - mmengine - INFO - paramwise_options -- backbone.stages.2.blocks.1.ffn.layers.1.weight:decay_mult=1.0
2026/09/20 07:12:47 - mmengine - INFO - paramwise_options -- backbone.stages.2.blocks.1.ffn.layers.1.bias:lr=1e-05
2026/09/20 07:12:47 - mmengine - INFO - paramwise_options -- backbone.stages.2.blocks.1.ffn.layers.1.bias:weight_decay=0.05
2026/09/20 07:12:47 - mmengine - INFO - paramwise_options -- backbone.stages.2.blocks.1.ffn.layers.1.bias:lr_mult=0.1
2026/09/20 07:12:47 - mmengine - INFO - paramwise_options -- backbone.stages.2.blocks.1.ffn.layers.1.bias:decay_mult=1.0
2026/09/20 07:12:47 - mmengine - INFO - paramwise_options -- backbone.stages.2.blocks.2.norm1.weight:lr=1e-05
2026/09/20 07:12:47 - mmengine - INFO - paramwise_options -- backbone.stages.2.blocks.2.norm1.weight:weight_decay=0.05
2026/09/20 07:12:47 - mmengine - INFO - paramwise_options -- backbone.stages.2.blocks.2.norm1.weight:lr_mult=0.1
2026/09/20 07:12:47 - mmengine - INFO - paramwise_options -- backbone.stages.2.blocks.2.norm1.weight:decay_mult=1.0
2026/09/20 07:12:47 - mmengine - INFO - paramwise_options -- backbone.stages.2.blocks.2.norm1.bias:lr=1e-05
2026/09/20 07:12:47 - mmengine - INFO - paramwise_options -- backbone.stages.2.blocks.2.norm1.bias:weight_decay=0.05
2026/09/20 07:12:47 - mmengine - INFO - paramwise_options -- backbone.stages.2.blocks.2.norm1.bias:lr_mult=0.1
2026/09/20 07:12:47 - mmengine - INFO - paramwise_options -- backbone.stages.2.blocks.2.norm1.bias:decay_mult=1.0
2026/09/20 07:12:47 - mmengine - INFO - paramwise_options -- backbone.stages.2.blocks.2.attn.w_msa.relative_position_bias_table:lr=1e-05
2026/09/20 07:12:47 - mmengine - INFO - paramwise_options -- backbone.stages.2.blocks.2.attn.w_msa.relative_position_bias_table:weight_decay=0.0
2026/09/20 07:12:47 - mmengine - INFO - paramwise_options -- backbone.stages.2.blocks.2.attn.w_msa.relative_position_bias_table:lr_mult=0.1
2026/09/20 07:12:47 - mmengine - INFO - paramwise_options -- backbone.stages.2.blocks.2.attn.w_msa.relative_position_bias_table:decay_mult=0.0
2026/09/20 07:12:47 - mmengine - INFO - paramwise_options -- backbone.stages.2.blocks.2.attn.w_msa.qkv.weight:lr=1e-05
2026/09/20 07:12:47 - mmengine - INFO - paramwise_options -- backbone.stages.2.blocks.2.attn.w_msa.qkv.weight:weight_decay=0.05
2026/09/20 07:12:47 - mmengine - INFO - paramwise_options -- backbone.stages.2.blocks.2.attn.w_msa.qkv.weight:lr_mult=0.1
2026/09/20 07:12:47 - mmengine - INFO - paramwise_options -- backbone.stages.2.blocks.2.attn.w_msa.qkv.weight:decay_mult=1.0
2026/09/20 07:12:47 - mmengine - INFO - paramwise_options -- backbone.stages.2.blocks.2.attn.w_msa.qkv.bias:lr=1e-05
2026/09/20 07:12:47 - mmengine - INFO - paramwise_options -- backbone.stages.2.blocks.2.attn.w_msa.qkv.bias:weight_decay=0.05
2026/09/20 07:12:47 - mmengine - INFO - paramwise_options -- backbone.stages.2.blocks.2.attn.w_msa.qkv.bias:lr_mult=0.1
2026/09/20 07:12:47 - mmengine - INFO - paramwise_options -- backbone.stages.2.blocks.2.attn.w_msa.qkv.bias:decay_mult=1.0
2026/09/20 07:12:47 - mmengine - INFO - paramwise_options -- backbone.stages.2.blocks.2.attn.w_msa.proj.weight:lr=1e-05
2026/09/20 07:12:47 - mmengine - INFO - paramwise_options -- backbone.stages.2.blocks.2.attn.w_msa.proj.weight:weight_decay=0.05
2026/09/20 07:12:47 - mmengine - INFO - paramwise_options -- backbone.stages.2.blocks.2.attn.w_msa.proj.weight:lr_mult=0.1
2026/09/20 07:12:47 - mmengine - INFO - paramwise_options -- backbone.stages.2.blocks.2.attn.w_msa.proj.weight:decay_mult=1.0
2026/09/20 07:12:47 - mmengine - INFO - paramwise_options -- backbone.stages.2.blocks.2.attn.w_msa.proj.bias:lr=1e-05
2026/09/20 07:12:47 - mmengine - INFO - paramwise_options -- backbone.stages.2.blocks.2.attn.w_msa.proj.bias:weight_decay=0.05
2026/09/20 07:12:47 - mmengine - INFO - paramwise_options -- backbone.stages.2.blocks.2.attn.w_msa.proj.bias:lr_mult=0.1
2026/09/20 07:12:47 - mmengine - INFO - paramwise_options -- backbone.stages.2.blocks.2.attn.w_msa.proj.bias:decay_mult=1.0
2026/09/20 07:12:47 - mmengine - INFO - paramwise_options -- backbone.stages.2.blocks.2.norm2.weight:lr=1e-05
2026/09/20 07:12:47 - mmengine - INFO - paramwise_options -- backbone.stages.2.blocks.2.norm2.weight:weight_decay=0.05
2026/09/20 07:12:47 - mmengine - INFO - paramwise_options -- backbone.stages.2.blocks.2.norm2.weight:lr_mult=0.1
2026/09/20 07:12:47 - mmengine - INFO - paramwise_options -- backbone.stages.2.blocks.2.norm2.weight:decay_mult=1.0
2026/09/20 07:12:47 - mmengine - INFO - paramwise_options -- backbone.stages.2.blocks.2.norm2.bias:lr=1e-05
2026/09/20 07:12:47 - mmengine - INFO - paramwise_options -- backbone.stages.2.blocks.2.norm2.bias:weight_decay=0.05
2026/09/20 07:12:47 - mmengine - INFO - paramwise_options -- backbone.stages.2.blocks.2.norm2.bias:lr_mult=0.1
2026/09/20 07:12:47 - mmengine - INFO - paramwise_options -- backbone.stages.2.blocks.2.norm2.bias:decay_mult=1.0
2026/09/20 07:12:47 - mmengine - INFO - paramwise_options -- backbone.stages.2.blocks.2.ffn.layers.0.0.weight:lr=1e-05
2026/09/20 07:12:47 - mmengine - INFO - paramwise_options -- backbone.stages.2.blocks.2.ffn.layers.0.0.weight:weight_decay=0.05
2026/09/20 07:12:47 - mmengine - INFO - paramwise_options -- backbone.stages.2.blocks.2.ffn.layers.0.0.weight:lr_mult=0.1
2026/09/20 07:12:47 - mmengine - INFO - paramwise_options -- backbone.stages.2.blocks.2.ffn.layers.0.0.weight:decay_mult=1.0
2026/09/20 07:12:47 - mmengine - INFO - paramwise_options -- backbone.stages.2.blocks.2.ffn.layers.0.0.bias:lr=1e-05
2026/09/20 07:12:47 - mmengine - INFO - paramwise_options -- backbone.stages.2.blocks.2.ffn.layers.0.0.bias:weight_decay=0.05
2026/09/20 07:12:47 - mmengine - INFO - paramwise_options -- backbone.stages.2.blocks.2.ffn.layers.0.0.bias:lr_mult=0.1
2026/09/20 07:12:47 - mmengine - INFO - paramwise_options -- backbone.stages.2.blocks.2.ffn.layers.0.0.bias:decay_mult=1.0
2026/09/20 07:12:47 - mmengine - INFO - paramwise_options -- backbone.stages.2.blocks.2.ffn.layers.1.weight:lr=1e-05
2026/09/20 07:12:47 - mmengine - INFO - paramwise_options -- backbone.stages.2.blocks.2.ffn.layers.1.weight:weight_decay=0.05
2026/09/20 07:12:47 - mmengine - INFO - paramwise_options -- backbone.stages.2.blocks.2.ffn.layers.1.weight:lr_mult=0.1
2026/09/20 07:12:47 - mmengine - INFO - paramwise_options -- backbone.stages.2.blocks.2.ffn.layers.1.weight:decay_mult=1.0
2026/09/20 07:12:47 - mmengine - INFO - paramwise_options -- backbone.stages.2.blocks.2.ffn.layers.1.bias:lr=1e-05
2026/09/20 07:12:47 - mmengine - INFO - paramwise_options -- backbone.stages.2.blocks.2.ffn.layers.1.bias:weight_decay=0.05
2026/09/20 07:12:47 - mmengine - INFO - paramwise_options -- backbone.stages.2.blocks.2.ffn.layers.1.bias:lr_mult=0.1
2026/09/20 07:12:47 - mmengine - INFO - paramwise_options -- backbone.stages.2.blocks.2.ffn.layers.1.bias:decay_mult=1.0
2026/09/20 07:12:47 - mmengine - INFO - paramwise_options -- backbone.stages.2.blocks.3.norm1.weight:lr=1e-05
2026/09/20 07:12:47 - mmengine - INFO - paramwise_options -- backbone.stages.2.blocks.3.norm1.weight:weight_decay=0.05
2026/09/20 07:12:47 - mmengine - INFO - paramwise_options -- backbone.stages.2.blocks.3.norm1.weight:lr_mult=0.1
2026/09/20 07:12:47 - mmengine - INFO - paramwise_options -- backbone.stages.2.blocks.3.norm1.weight:decay_mult=1.0
2026/09/20 07:12:47 - mmengine - INFO - paramwise_options -- backbone.stages.2.blocks.3.norm1.bias:lr=1e-05
2026/09/20 07:12:47 - mmengine - INFO - paramwise_options -- backbone.stages.2.blocks.3.norm1.bias:weight_decay=0.05
2026/09/20 07:12:47 - mmengine - INFO - paramwise_options -- backbone.stages.2.blocks.3.norm1.bias:lr_mult=0.1
2026/09/20 07:12:47 - mmengine - INFO - paramwise_options -- backbone.stages.2.blocks.3.norm1.bias:decay_mult=1.0
2026/09/20 07:12:47 - mmengine - INFO - paramwise_options -- backbone.stages.2.blocks.3.attn.w_msa.relative_position_bias_table:lr=1e-05
2026/09/20 07:12:47 - mmengine - INFO - paramwise_options -- backbone.stages.2.blocks.3.attn.w_msa.relative_position_bias_table:weight_decay=0.0
2026/09/20 07:12:47 - mmengine - INFO - paramwise_options -- backbone.stages.2.blocks.3.attn.w_msa.relative_position_bias_table:lr_mult=0.1
2026/09/20 07:12:47 - mmengine - INFO - paramwise_options -- backbone.stages.2.blocks.3.attn.w_msa.relative_position_bias_table:decay_mult=0.0
2026/09/20 07:12:47 - mmengine - INFO - paramwise_options -- backbone.stages.2.blocks.3.attn.w_msa.qkv.weight:lr=1e-05
2026/09/20 07:12:47 - mmengine - INFO - paramwise_options -- backbone.stages.2.blocks.3.attn.w_msa.qkv.weight:weight_decay=0.05
2026/09/20 07:12:47 - mmengine - INFO - paramwise_options -- backbone.stages.2.blocks.3.attn.w_msa.qkv.weight:lr_mult=0.1
2026/09/20 07:12:47 - mmengine - INFO - paramwise_options -- backbone.stages.2.blocks.3.attn.w_msa.qkv.weight:decay_mult=1.0
2026/09/20 07:12:47 - mmengine - INFO - paramwise_options -- backbone.stages.2.blocks.3.attn.w_msa.qkv.bias:lr=1e-05
2026/09/20 07:12:47 - mmengine - INFO - paramwise_options -- backbone.stages.2.blocks.3.attn.w_msa.qkv.bias:weight_decay=0.05
2026/09/20 07:12:47 - mmengine - INFO - paramwise_options -- backbone.stages.2.blocks.3.attn.w_msa.qkv.bias:lr_mult=0.1
2026/09/20 07:12:47 - mmengine - INFO - paramwise_options -- backbone.stages.2.blocks.3.attn.w_msa.qkv.bias:decay_mult=1.0
2026/09/20 07:12:47 - mmengine - INFO - paramwise_options -- backbone.stages.2.blocks.3.attn.w_msa.proj.weight:lr=1e-05
2026/09/20 07:12:47 - mmengine - INFO - paramwise_options -- backbone.stages.2.blocks.3.attn.w_msa.proj.weight:weight_decay=0.05
2026/09/20 07:12:47 - mmengine - INFO - paramwise_options -- backbone.stages.2.blocks.3.attn.w_msa.proj.weight:lr_mult=0.1
2026/09/20 07:12:47 - mmengine - INFO - paramwise_options -- backbone.stages.2.blocks.3.attn.w_msa.proj.weight:decay_mult=1.0
2026/09/20 07:12:47 - mmengine - INFO - paramwise_options -- backbone.stages.2.blocks.3.attn.w_msa.proj.bias:lr=1e-05
2026/09/20 07:12:47 - mmengine - INFO - paramwise_options -- backbone.stages.2.blocks.3.attn.w_msa.proj.bias:weight_decay=0.05
2026/09/20 07:12:47 - mmengine - INFO - paramwise_options -- backbone.stages.2.blocks.3.attn.w_msa.proj.bias:lr_mult=0.1
2026/09/20 07:12:47 - mmengine - INFO - paramwise_options -- backbone.stages.2.blocks.3.attn.w_msa.proj.bias:decay_mult=1.0
2026/09/20 07:12:47 - mmengine - INFO - paramwise_options -- backbone.stages.2.blocks.3.norm2.weight:lr=1e-05
2026/09/20 07:12:47 - mmengine - INFO - paramwise_options -- backbone.stages.2.blocks.3.norm2.weight:weight_decay=0.05
2026/09/20 07:12:47 - mmengine - INFO - paramwise_options -- backbone.stages.2.blocks.3.norm2.weight:lr_mult=0.1
2026/09/20 07:12:47 - mmengine - INFO - paramwise_options -- backbone.stages.2.blocks.3.norm2.weight:decay_mult=1.0
2026/09/20 07:12:47 - mmengine - INFO - paramwise_options -- backbone.stages.2.blocks.3.norm2.bias:lr=1e-05
2026/09/20 07:12:47 - mmengine - INFO - paramwise_options -- backbone.stages.2.blocks.3.norm2.bias:weight_decay=0.05
2026/09/20 07:12:47 - mmengine - INFO - paramwise_options -- backbone.stages.2.blocks.3.norm2.bias:lr_mult=0.1
2026/09/20 07:12:47 - mmengine - INFO - paramwise_options -- backbone.stages.2.blocks.3.norm2.bias:decay_mult=1.0
2026/09/20 07:12:47 - mmengine - INFO - paramwise_options -- backbone.stages.2.blocks.3.ffn.layers.0.0.weight:lr=1e-05
2026/09/20 07:12:47 - mmengine - INFO - paramwise_options -- backbone.stages.2.blocks.3.ffn.layers.0.0.weight:weight_decay=0.05
2026/09/20 07:12:47 - mmengine - INFO - paramwise_options -- backbone.stages.2.blocks.3.ffn.layers.0.0.weight:lr_mult=0.1
2026/09/20 07:12:47 - mmengine - INFO - paramwise_options -- backbone.stages.2.blocks.3.ffn.layers.0.0.weight:decay_mult=1.0
2026/09/20 07:12:47 - mmengine - INFO - paramwise_options -- backbone.stages.2.blocks.3.ffn.layers.0.0.bias:lr=1e-05
2026/09/20 07:12:47 - mmengine - INFO - paramwise_options -- backbone.stages.2.blocks.3.ffn.layers.0.0.bias:weight_decay=0.05
2026/09/20 07:12:47 - mmengine - INFO - paramwise_options -- backbone.stages.2.blocks.3.ffn.layers.0.0.bias:lr_mult=0.1
2026/09/20 07:12:47 - mmengine - INFO - paramwise_options -- backbone.stages.2.blocks.3.ffn.layers.0.0.bias:decay_mult=1.0
2026/09/20 07:12:47 - mmengine - INFO - paramwise_options -- backbone.stages.2.blocks.3.ffn.layers.1.weight:lr=1e-05
2026/09/20 07:12:47 - mmengine - INFO - paramwise_options -- backbone.stages.2.blocks.3.ffn.layers.1.weight:weight_decay=0.05
2026/09/20 07:12:47 - mmengine - INFO - paramwise_options -- backbone.stages.2.blocks.3.ffn.layers.1.weight:lr_mult=0.1
2026/09/20 07:12:47 - mmengine - INFO - paramwise_options -- backbone.stages.2.blocks.3.ffn.layers.1.weight:decay_mult=1.0
2026/09/20 07:12:47 - mmengine - INFO - paramwise_options -- backbone.stages.2.blocks.3.ffn.layers.1.bias:lr=1e-05
2026/09/20 07:12:47 - mmengine - INFO - paramwise_options -- backbone.stages.2.blocks.3.ffn.layers.1.bias:weight_decay=0.05
2026/09/20 07:12:47 - mmengine - INFO - paramwise_options -- backbone.stages.2.blocks.3.ffn.layers.1.bias:lr_mult=0.1
2026/09/20 07:12:47 - mmengine - INFO - paramwise_options -- backbone.stages.2.blocks.3.ffn.layers.1.bias:decay_mult=1.0
2026/09/20 07:12:47 - mmengine - INFO - paramwise_options -- backbone.stages.2.blocks.4.norm1.weight:lr=1e-05
2026/09/20 07:12:47 - mmengine - INFO - paramwise_options -- backbone.stages.2.blocks.4.norm1.weight:weight_decay=0.05
2026/09/20 07:12:47 - mmengine - INFO - paramwise_options -- backbone.stages.2.blocks.4.norm1.weight:lr_mult=0.1
2026/09/20 07:12:47 - mmengine - INFO - paramwise_options -- backbone.stages.2.blocks.4.norm1.weight:decay_mult=1.0
2026/09/20 07:12:47 - mmengine - INFO - paramwise_options -- backbone.stages.2.blocks.4.norm1.bias:lr=1e-05
2026/09/20 07:12:47 - mmengine - INFO - paramwise_options -- backbone.stages.2.blocks.4.norm1.bias:weight_decay=0.05
2026/09/20 07:12:47 - mmengine - INFO - paramwise_options -- backbone.stages.2.blocks.4.norm1.bias:lr_mult=0.1
2026/09/20 07:12:47 - mmengine - INFO - paramwise_options -- backbone.stages.2.blocks.4.norm1.bias:decay_mult=1.0
2026/09/20 07:12:47 - mmengine - INFO - paramwise_options -- backbone.stages.2.blocks.4.attn.w_msa.relative_position_bias_table:lr=1e-05
2026/09/20 07:12:47 - mmengine - INFO - paramwise_options -- backbone.stages.2.blocks.4.attn.w_msa.relative_position_bias_table:weight_decay=0.0
2026/09/20 07:12:47 - mmengine - INFO - paramwise_options -- backbone.stages.2.blocks.4.attn.w_msa.relative_position_bias_table:lr_mult=0.1
2026/09/20 07:12:47 - mmengine - INFO - paramwise_options -- backbone.stages.2.blocks.4.attn.w_msa.relative_position_bias_table:decay_mult=0.0
2026/09/20 07:12:47 - mmengine - INFO - paramwise_options -- backbone.stages.2.blocks.4.attn.w_msa.qkv.weight:lr=1e-05
2026/09/20 07:12:47 - mmengine - INFO - paramwise_options -- backbone.stages.2.blocks.4.attn.w_msa.qkv.weight:weight_decay=0.05
2026/09/20 07:12:47 - mmengine - INFO - paramwise_options -- backbone.stages.2.blocks.4.attn.w_msa.qkv.weight:lr_mult=0.1
2026/09/20 07:12:47 - mmengine - INFO - paramwise_options -- backbone.stages.2.blocks.4.attn.w_msa.qkv.weight:decay_mult=1.0
2026/09/20 07:12:47 - mmengine - INFO - paramwise_options -- backbone.stages.2.blocks.4.attn.w_msa.qkv.bias:lr=1e-05
2026/09/20 07:12:47 - mmengine - INFO - paramwise_options -- backbone.stages.2.blocks.4.attn.w_msa.qkv.bias:weight_decay=0.05
2026/09/20 07:12:47 - mmengine - INFO - paramwise_options -- backbone.stages.2.blocks.4.attn.w_msa.qkv.bias:lr_mult=0.1
2026/09/20 07:12:47 - mmengine - INFO - paramwise_options -- backbone.stages.2.blocks.4.attn.w_msa.qkv.bias:decay_mult=1.0
2026/09/20 07:12:47 - mmengine - INFO - paramwise_options -- backbone.stages.2.blocks.4.attn.w_msa.proj.weight:lr=1e-05
2026/09/20 07:12:47 - mmengine - INFO - paramwise_options -- backbone.stages.2.blocks.4.attn.w_msa.proj.weight:weight_decay=0.05
2026/09/20 07:12:47 - mmengine - INFO - paramwise_options -- backbone.stages.2.blocks.4.attn.w_msa.proj.weight:lr_mult=0.1
2026/09/20 07:12:47 - mmengine - INFO - paramwise_options -- backbone.stages.2.blocks.4.attn.w_msa.proj.weight:decay_mult=1.0
2026/09/20 07:12:47 - mmengine - INFO - paramwise_options -- backbone.stages.2.blocks.4.attn.w_msa.proj.bias:lr=1e-05
2026/09/20 07:12:47 - mmengine - INFO - paramwise_options -- backbone.stages.2.blocks.4.attn.w_msa.proj.bias:weight_decay=0.05
2026/09/20 07:12:47 - mmengine - INFO - paramwise_options -- backbone.stages.2.blocks.4.attn.w_msa.proj.bias:lr_mult=0.1
2026/09/20 07:12:47 - mmengine - INFO - paramwise_options -- backbone.stages.2.blocks.4.attn.w_msa.proj.bias:decay_mult=1.0
2026/09/20 07:12:47 - mmengine - INFO - paramwise_options -- backbone.stages.2.blocks.4.norm2.weight:lr=1e-05
2026/09/20 07:12:47 - mmengine - INFO - paramwise_options -- backbone.stages.2.blocks.4.norm2.weight:weight_decay=0.05
2026/09/20 07:12:47 - mmengine - INFO - paramwise_options -- backbone.stages.2.blocks.4.norm2.weight:lr_mult=0.1
2026/09/20 07:12:47 - mmengine - INFO - paramwise_options -- backbone.stages.2.blocks.4.norm2.weight:decay_mult=1.0
2026/09/20 07:12:47 - mmengine - INFO - paramwise_options -- backbone.stages.2.blocks.4.norm2.bias:lr=1e-05
2026/09/20 07:12:47 - mmengine - INFO - paramwise_options -- backbone.stages.2.blocks.4.norm2.bias:weight_decay=0.05
2026/09/20 07:12:47 - mmengine - INFO - paramwise_options -- backbone.stages.2.blocks.4.norm2.bias:lr_mult=0.1
2026/09/20 07:12:47 - mmengine - INFO - paramwise_options -- backbone.stages.2.blocks.4.norm2.bias:decay_mult=1.0
2026/09/20 07:12:47 - mmengine - INFO - paramwise_options -- backbone.stages.2.blocks.4.ffn.layers.0.0.weight:lr=1e-05
2026/09/20 07:12:47 - mmengine - INFO - paramwise_options -- backbone.stages.2.blocks.4.ffn.layers.0.0.weight:weight_decay=0.05
2026/09/20 07:12:47 - mmengine - INFO - paramwise_options -- backbone.stages.2.blocks.4.ffn.layers.0.0.weight:lr_mult=0.1
2026/09/20 07:12:47 - mmengine - INFO - paramwise_options -- backbone.stages.2.blocks.4.ffn.layers.0.0.weight:decay_mult=1.0
2026/09/20 07:12:47 - mmengine - INFO - paramwise_options -- backbone.stages.2.blocks.4.ffn.layers.0.0.bias:lr=1e-05
2026/09/20 07:12:47 - mmengine - INFO - paramwise_options -- backbone.stages.2.blocks.4.ffn.layers.0.0.bias:weight_decay=0.05
2026/09/20 07:12:47 - mmengine - INFO - paramwise_options -- backbone.stages.2.blocks.4.ffn.layers.0.0.bias:lr_mult=0.1
2026/09/20 07:12:47 - mmengine - INFO - paramwise_options -- backbone.stages.2.blocks.4.ffn.layers.0.0.bias:decay_mult=1.0
2026/09/20 07:12:47 - mmengine - INFO - paramwise_options -- backbone.stages.2.blocks.4.ffn.layers.1.weight:lr=1e-05
2026/09/20 07:12:47 - mmengine - INFO - paramwise_options -- backbone.stages.2.blocks.4.ffn.layers.1.weight:weight_decay=0.05
2026/09/20 07:12:47 - mmengine - INFO - paramwise_options -- backbone.stages.2.blocks.4.ffn.layers.1.weight:lr_mult=0.1
2026/09/20 07:12:47 - mmengine - INFO - paramwise_options -- backbone.stages.2.blocks.4.ffn.layers.1.weight:decay_mult=1.0
2026/09/20 07:12:47 - mmengine - INFO - paramwise_options -- backbone.stages.2.blocks.4.ffn.layers.1.bias:lr=1e-05
2026/09/20 07:12:47 - mmengine - INFO - paramwise_options -- backbone.stages.2.blocks.4.ffn.layers.1.bias:weight_decay=0.05
2026/09/20 07:12:47 - mmengine - INFO - paramwise_options -- backbone.stages.2.blocks.4.ffn.layers.1.bias:lr_mult=0.1
2026/09/20 07:12:47 - mmengine - INFO - paramwise_options -- backbone.stages.2.blocks.4.ffn.layers.1.bias:decay_mult=1.0
2026/09/20 07:12:47 - mmengine - INFO - paramwise_options -- backbone.stages.2.blocks.5.norm1.weight:lr=1e-05
2026/09/20 07:12:47 - mmengine - INFO - paramwise_options -- backbone.stages.2.blocks.5.norm1.weight:weight_decay=0.05
2026/09/20 07:12:47 - mmengine - INFO - paramwise_options -- backbone.stages.2.blocks.5.norm1.weight:lr_mult=0.1
2026/09/20 07:12:47 - mmengine - INFO - paramwise_options -- backbone.stages.2.blocks.5.norm1.weight:decay_mult=1.0
2026/09/20 07:12:47 - mmengine - INFO - paramwise_options -- backbone.stages.2.blocks.5.norm1.bias:lr=1e-05
2026/09/20 07:12:47 - mmengine - INFO - paramwise_options -- backbone.stages.2.blocks.5.norm1.bias:weight_decay=0.05
2026/09/20 07:12:47 - mmengine - INFO - paramwise_options -- backbone.stages.2.blocks.5.norm1.bias:lr_mult=0.1
2026/09/20 07:12:47 - mmengine - INFO - paramwise_options -- backbone.stages.2.blocks.5.norm1.bias:decay_mult=1.0
2026/09/20 07:12:47 - mmengine - INFO - paramwise_options -- backbone.stages.2.blocks.5.attn.w_msa.relative_position_bias_table:lr=1e-05
2026/09/20 07:12:47 - mmengine - INFO - paramwise_options -- backbone.stages.2.blocks.5.attn.w_msa.relative_position_bias_table:weight_decay=0.0
2026/09/20 07:12:47 - mmengine - INFO - paramwise_options -- backbone.stages.2.blocks.5.attn.w_msa.relative_position_bias_table:lr_mult=0.1
2026/09/20 07:12:47 - mmengine - INFO - paramwise_options -- backbone.stages.2.blocks.5.attn.w_msa.relative_position_bias_table:decay_mult=0.0
2026/09/20 07:12:47 - mmengine - INFO - paramwise_options -- backbone.stages.2.blocks.5.attn.w_msa.qkv.weight:lr=1e-05
2026/09/20 07:12:47 - mmengine - INFO - paramwise_options -- backbone.stages.2.blocks.5.attn.w_msa.qkv.weight:weight_decay=0.05
2026/09/20 07:12:47 - mmengine - INFO - paramwise_options -- backbone.stages.2.blocks.5.attn.w_msa.qkv.weight:lr_mult=0.1
2026/09/20 07:12:47 - mmengine - INFO - paramwise_options -- backbone.stages.2.blocks.5.attn.w_msa.qkv.weight:decay_mult=1.0
2026/09/20 07:12:47 - mmengine - INFO - paramwise_options -- backbone.stages.2.blocks.5.attn.w_msa.qkv.bias:lr=1e-05
2026/09/20 07:12:47 - mmengine - INFO - paramwise_options -- backbone.stages.2.blocks.5.attn.w_msa.qkv.bias:weight_decay=0.05
2026/09/20 07:12:47 - mmengine - INFO - paramwise_options -- backbone.stages.2.blocks.5.attn.w_msa.qkv.bias:lr_mult=0.1
2026/09/20 07:12:47 - mmengine - INFO - paramwise_options -- backbone.stages.2.blocks.5.attn.w_msa.qkv.bias:decay_mult=1.0
2026/09/20 07:12:47 - mmengine - INFO - paramwise_options -- backbone.stages.2.blocks.5.attn.w_msa.proj.weight:lr=1e-05
2026/09/20 07:12:47 - mmengine - INFO - paramwise_options -- backbone.stages.2.blocks.5.attn.w_msa.proj.weight:weight_decay=0.05
2026/09/20 07:12:47 - mmengine - INFO - paramwise_options -- backbone.stages.2.blocks.5.attn.w_msa.proj.weight:lr_mult=0.1
2026/09/20 07:12:47 - mmengine - INFO - paramwise_options -- backbone.stages.2.blocks.5.attn.w_msa.proj.weight:decay_mult=1.0
2026/09/20 07:12:47 - mmengine - INFO - paramwise_options -- backbone.stages.2.blocks.5.attn.w_msa.proj.bias:lr=1e-05
2026/09/20 07:12:47 - mmengine - INFO - paramwise_options -- backbone.stages.2.blocks.5.attn.w_msa.proj.bias:weight_decay=0.05
2026/09/20 07:12:47 - mmengine - INFO - paramwise_options -- backbone.stages.2.blocks.5.attn.w_msa.proj.bias:lr_mult=0.1
2026/09/20 07:12:47 - mmengine - INFO - paramwise_options -- backbone.stages.2.blocks.5.attn.w_msa.proj.bias:decay_mult=1.0
2026/09/20 07:12:47 - mmengine - INFO - paramwise_options -- backbone.stages.2.blocks.5.norm2.weight:lr=1e-05
2026/09/20 07:12:47 - mmengine - INFO - paramwise_options -- backbone.stages.2.blocks.5.norm2.weight:weight_decay=0.05
2026/09/20 07:12:47 - mmengine - INFO - paramwise_options -- backbone.stages.2.blocks.5.norm2.weight:lr_mult=0.1
2026/09/20 07:12:47 - mmengine - INFO - paramwise_options -- backbone.stages.2.blocks.5.norm2.weight:decay_mult=1.0
2026/09/20 07:12:47 - mmengine - INFO - paramwise_options -- backbone.stages.2.blocks.5.norm2.bias:lr=1e-05
2026/09/20 07:12:47 - mmengine - INFO - paramwise_options -- backbone.stages.2.blocks.5.norm2.bias:weight_decay=0.05
2026/09/20 07:12:47 - mmengine - INFO - paramwise_options -- backbone.stages.2.blocks.5.norm2.bias:lr_mult=0.1
2026/09/20 07:12:47 - mmengine - INFO - paramwise_options -- backbone.stages.2.blocks.5.norm2.bias:decay_mult=1.0
2026/09/20 07:12:47 - mmengine - INFO - paramwise_options -- backbone.stages.2.blocks.5.ffn.layers.0.0.weight:lr=1e-05
2026/09/20 07:12:47 - mmengine - INFO - paramwise_options -- backbone.stages.2.blocks.5.ffn.layers.0.0.weight:weight_decay=0.05
2026/09/20 07:12:47 - mmengine - INFO - paramwise_options -- backbone.stages.2.blocks.5.ffn.layers.0.0.weight:lr_mult=0.1
2026/09/20 07:12:47 - mmengine - INFO - paramwise_options -- backbone.stages.2.blocks.5.ffn.layers.0.0.weight:decay_mult=1.0
2026/09/20 07:12:47 - mmengine - INFO - paramwise_options -- backbone.stages.2.blocks.5.ffn.layers.0.0.bias:lr=1e-05
2026/09/20 07:12:47 - mmengine - INFO - paramwise_options -- backbone.stages.2.blocks.5.ffn.layers.0.0.bias:weight_decay=0.05
2026/09/20 07:12:47 - mmengine - INFO - paramwise_options -- backbone.stages.2.blocks.5.ffn.layers.0.0.bias:lr_mult=0.1
2026/09/20 07:12:47 - mmengine - INFO - paramwise_options -- backbone.stages.2.blocks.5.ffn.layers.0.0.bias:decay_mult=1.0
2026/09/20 07:12:47 - mmengine - INFO - paramwise_options -- backbone.stages.2.blocks.5.ffn.layers.1.weight:lr=1e-05
2026/09/20 07:12:47 - mmengine - INFO - paramwise_options -- backbone.stages.2.blocks.5.ffn.layers.1.weight:weight_decay=0.05
2026/09/20 07:12:47 - mmengine - INFO - paramwise_options -- backbone.stages.2.blocks.5.ffn.layers.1.weight:lr_mult=0.1
2026/09/20 07:12:47 - mmengine - INFO - paramwise_options -- backbone.stages.2.blocks.5.ffn.layers.1.weight:decay_mult=1.0
2026/09/20 07:12:47 - mmengine - INFO - paramwise_options -- backbone.stages.2.blocks.5.ffn.layers.1.bias:lr=1e-05
2026/09/20 07:12:47 - mmengine - INFO - paramwise_options -- backbone.stages.2.blocks.5.ffn.layers.1.bias:weight_decay=0.05
2026/09/20 07:12:47 - mmengine - INFO - paramwise_options -- backbone.stages.2.blocks.5.ffn.layers.1.bias:lr_mult=0.1
2026/09/20 07:12:47 - mmengine - INFO - paramwise_options -- backbone.stages.2.blocks.5.ffn.layers.1.bias:decay_mult=1.0
2026/09/20 07:12:47 - mmengine - INFO - paramwise_options -- backbone.stages.2.downsample.norm.weight:lr=1e-05
2026/09/20 07:12:47 - mmengine - INFO - paramwise_options -- backbone.stages.2.downsample.norm.weight:weight_decay=0.05
2026/09/20 07:12:47 - mmengine - INFO - paramwise_options -- backbone.stages.2.downsample.norm.weight:lr_mult=0.1
2026/09/20 07:12:47 - mmengine - INFO - paramwise_options -- backbone.stages.2.downsample.norm.weight:decay_mult=1.0
2026/09/20 07:12:47 - mmengine - INFO - paramwise_options -- backbone.stages.2.downsample.norm.bias:lr=1e-05
2026/09/20 07:12:47 - mmengine - INFO - paramwise_options -- backbone.stages.2.downsample.norm.bias:weight_decay=0.05
2026/09/20 07:12:47 - mmengine - INFO - paramwise_options -- backbone.stages.2.downsample.norm.bias:lr_mult=0.1
2026/09/20 07:12:47 - mmengine - INFO - paramwise_options -- backbone.stages.2.downsample.norm.bias:decay_mult=1.0
2026/09/20 07:12:47 - mmengine - INFO - paramwise_options -- backbone.stages.2.downsample.reduction.weight:lr=1e-05
2026/09/20 07:12:47 - mmengine - INFO - paramwise_options -- backbone.stages.2.downsample.reduction.weight:weight_decay=0.05
2026/09/20 07:12:47 - mmengine - INFO - paramwise_options -- backbone.stages.2.downsample.reduction.weight:lr_mult=0.1
2026/09/20 07:12:47 - mmengine - INFO - paramwise_options -- backbone.stages.2.downsample.reduction.weight:decay_mult=1.0
2026/09/20 07:12:47 - mmengine - INFO - paramwise_options -- backbone.stages.3.blocks.0.norm1.weight:lr=1e-05
2026/09/20 07:12:47 - mmengine - INFO - paramwise_options -- backbone.stages.3.blocks.0.norm1.weight:weight_decay=0.05
2026/09/20 07:12:47 - mmengine - INFO - paramwise_options -- backbone.stages.3.blocks.0.norm1.weight:lr_mult=0.1
2026/09/20 07:12:47 - mmengine - INFO - paramwise_options -- backbone.stages.3.blocks.0.norm1.weight:decay_mult=1.0
2026/09/20 07:12:47 - mmengine - INFO - paramwise_options -- backbone.stages.3.blocks.0.norm1.bias:lr=1e-05
2026/09/20 07:12:47 - mmengine - INFO - paramwise_options -- backbone.stages.3.blocks.0.norm1.bias:weight_decay=0.05
2026/09/20 07:12:47 - mmengine - INFO - paramwise_options -- backbone.stages.3.blocks.0.norm1.bias:lr_mult=0.1
2026/09/20 07:12:47 - mmengine - INFO - paramwise_options -- backbone.stages.3.blocks.0.norm1.bias:decay_mult=1.0
2026/09/20 07:12:47 - mmengine - INFO - paramwise_options -- backbone.stages.3.blocks.0.attn.w_msa.relative_position_bias_table:lr=1e-05
2026/09/20 07:12:47 - mmengine - INFO - paramwise_options -- backbone.stages.3.blocks.0.attn.w_msa.relative_position_bias_table:weight_decay=0.0
2026/09/20 07:12:47 - mmengine - INFO - paramwise_options -- backbone.stages.3.blocks.0.attn.w_msa.relative_position_bias_table:lr_mult=0.1
2026/09/20 07:12:47 - mmengine - INFO - paramwise_options -- backbone.stages.3.blocks.0.attn.w_msa.relative_position_bias_table:decay_mult=0.0
2026/09/20 07:12:47 - mmengine - INFO - paramwise_options -- backbone.stages.3.blocks.0.attn.w_msa.qkv.weight:lr=1e-05
2026/09/20 07:12:47 - mmengine - INFO - paramwise_options -- backbone.stages.3.blocks.0.attn.w_msa.qkv.weight:weight_decay=0.05
2026/09/20 07:12:47 - mmengine - INFO - paramwise_options -- backbone.stages.3.blocks.0.attn.w_msa.qkv.weight:lr_mult=0.1
2026/09/20 07:12:47 - mmengine - INFO - paramwise_options -- backbone.stages.3.blocks.0.attn.w_msa.qkv.weight:decay_mult=1.0
2026/09/20 07:12:47 - mmengine - INFO - paramwise_options -- backbone.stages.3.blocks.0.attn.w_msa.qkv.bias:lr=1e-05
2026/09/20 07:12:47 - mmengine - INFO - paramwise_options -- backbone.stages.3.blocks.0.attn.w_msa.qkv.bias:weight_decay=0.05
2026/09/20 07:12:47 - mmengine - INFO - paramwise_options -- backbone.stages.3.blocks.0.attn.w_msa.qkv.bias:lr_mult=0.1
2026/09/20 07:12:47 - mmengine - INFO - paramwise_options -- backbone.stages.3.blocks.0.attn.w_msa.qkv.bias:decay_mult=1.0
2026/09/20 07:12:47 - mmengine - INFO - paramwise_options -- backbone.stages.3.blocks.0.attn.w_msa.proj.weight:lr=1e-05
2026/09/20 07:12:47 - mmengine - INFO - paramwise_options -- backbone.stages.3.blocks.0.attn.w_msa.proj.weight:weight_decay=0.05
2026/09/20 07:12:47 - mmengine - INFO - paramwise_options -- backbone.stages.3.blocks.0.attn.w_msa.proj.weight:lr_mult=0.1
2026/09/20 07:12:47 - mmengine - INFO - paramwise_options -- backbone.stages.3.blocks.0.attn.w_msa.proj.weight:decay_mult=1.0
2026/09/20 07:12:47 - mmengine - INFO - paramwise_options -- backbone.stages.3.blocks.0.attn.w_msa.proj.bias:lr=1e-05
2026/09/20 07:12:47 - mmengine - INFO - paramwise_options -- backbone.stages.3.blocks.0.attn.w_msa.proj.bias:weight_decay=0.05
2026/09/20 07:12:47 - mmengine - INFO - paramwise_options -- backbone.stages.3.blocks.0.attn.w_msa.proj.bias:lr_mult=0.1
2026/09/20 07:12:47 - mmengine - INFO - paramwise_options -- backbone.stages.3.blocks.0.attn.w_msa.proj.bias:decay_mult=1.0
2026/09/20 07:12:47 - mmengine - INFO - paramwise_options -- backbone.stages.3.blocks.0.norm2.weight:lr=1e-05
2026/09/20 07:12:47 - mmengine - INFO - paramwise_options -- backbone.stages.3.blocks.0.norm2.weight:weight_decay=0.05
2026/09/20 07:12:47 - mmengine - INFO - paramwise_options -- backbone.stages.3.blocks.0.norm2.weight:lr_mult=0.1
2026/09/20 07:12:47 - mmengine - INFO - paramwise_options -- backbone.stages.3.blocks.0.norm2.weight:decay_mult=1.0
2026/09/20 07:12:47 - mmengine - INFO - paramwise_options -- backbone.stages.3.blocks.0.norm2.bias:lr=1e-05
2026/09/20 07:12:47 - mmengine - INFO - paramwise_options -- backbone.stages.3.blocks.0.norm2.bias:weight_decay=0.05
2026/09/20 07:12:47 - mmengine - INFO - paramwise_options -- backbone.stages.3.blocks.0.norm2.bias:lr_mult=0.1
2026/09/20 07:12:47 - mmengine - INFO - paramwise_options -- backbone.stages.3.blocks.0.norm2.bias:decay_mult=1.0
2026/09/20 07:12:47 - mmengine - INFO - paramwise_options -- backbone.stages.3.blocks.0.ffn.layers.0.0.weight:lr=1e-05
2026/09/20 07:12:47 - mmengine - INFO - paramwise_options -- backbone.stages.3.blocks.0.ffn.layers.0.0.weight:weight_decay=0.05
2026/09/20 07:12:47 - mmengine - INFO - paramwise_options -- backbone.stages.3.blocks.0.ffn.layers.0.0.weight:lr_mult=0.1
2026/09/20 07:12:47 - mmengine - INFO - paramwise_options -- backbone.stages.3.blocks.0.ffn.layers.0.0.weight:decay_mult=1.0
2026/09/20 07:12:47 - mmengine - INFO - paramwise_options -- backbone.stages.3.blocks.0.ffn.layers.0.0.bias:lr=1e-05
2026/09/20 07:12:47 - mmengine - INFO - paramwise_options -- backbone.stages.3.blocks.0.ffn.layers.0.0.bias:weight_decay=0.05
2026/09/20 07:12:47 - mmengine - INFO - paramwise_options -- backbone.stages.3.blocks.0.ffn.layers.0.0.bias:lr_mult=0.1
2026/09/20 07:12:47 - mmengine - INFO - paramwise_options -- backbone.stages.3.blocks.0.ffn.layers.0.0.bias:decay_mult=1.0
2026/09/20 07:12:47 - mmengine - INFO - paramwise_options -- backbone.stages.3.blocks.0.ffn.layers.1.weight:lr=1e-05
2026/09/20 07:12:47 - mmengine - INFO - paramwise_options -- backbone.stages.3.blocks.0.ffn.layers.1.weight:weight_decay=0.05
2026/09/20 07:12:47 - mmengine - INFO - paramwise_options -- backbone.stages.3.blocks.0.ffn.layers.1.weight:lr_mult=0.1
2026/09/20 07:12:47 - mmengine - INFO - paramwise_options -- backbone.stages.3.blocks.0.ffn.layers.1.weight:decay_mult=1.0
2026/09/20 07:12:47 - mmengine - INFO - paramwise_options -- backbone.stages.3.blocks.0.ffn.layers.1.bias:lr=1e-05
2026/09/20 07:12:47 - mmengine - INFO - paramwise_options -- backbone.stages.3.blocks.0.ffn.layers.1.bias:weight_decay=0.05
2026/09/20 07:12:47 - mmengine - INFO - paramwise_options -- backbone.stages.3.blocks.0.ffn.layers.1.bias:lr_mult=0.1
2026/09/20 07:12:47 - mmengine - INFO - paramwise_options -- backbone.stages.3.blocks.0.ffn.layers.1.bias:decay_mult=1.0
2026/09/20 07:12:47 - mmengine - INFO - paramwise_options -- backbone.stages.3.blocks.1.norm1.weight:lr=1e-05
2026/09/20 07:12:47 - mmengine - INFO - paramwise_options -- backbone.stages.3.blocks.1.norm1.weight:weight_decay=0.05
2026/09/20 07:12:47 - mmengine - INFO - paramwise_options -- backbone.stages.3.blocks.1.norm1.weight:lr_mult=0.1
2026/09/20 07:12:47 - mmengine - INFO - paramwise_options -- backbone.stages.3.blocks.1.norm1.weight:decay_mult=1.0
2026/09/20 07:12:47 - mmengine - INFO - paramwise_options -- backbone.stages.3.blocks.1.norm1.bias:lr=1e-05
2026/09/20 07:12:47 - mmengine - INFO - paramwise_options -- backbone.stages.3.blocks.1.norm1.bias:weight_decay=0.05
2026/09/20 07:12:47 - mmengine - INFO - paramwise_options -- backbone.stages.3.blocks.1.norm1.bias:lr_mult=0.1
2026/09/20 07:12:47 - mmengine - INFO - paramwise_options -- backbone.stages.3.blocks.1.norm1.bias:decay_mult=1.0
2026/09/20 07:12:47 - mmengine - INFO - paramwise_options -- backbone.stages.3.blocks.1.attn.w_msa.relative_position_bias_table:lr=1e-05
2026/09/20 07:12:47 - mmengine - INFO - paramwise_options -- backbone.stages.3.blocks.1.attn.w_msa.relative_position_bias_table:weight_decay=0.0
2026/09/20 07:12:47 - mmengine - INFO - paramwise_options -- backbone.stages.3.blocks.1.attn.w_msa.relative_position_bias_table:lr_mult=0.1
2026/09/20 07:12:47 - mmengine - INFO - paramwise_options -- backbone.stages.3.blocks.1.attn.w_msa.relative_position_bias_table:decay_mult=0.0
2026/09/20 07:12:47 - mmengine - INFO - paramwise_options -- backbone.stages.3.blocks.1.attn.w_msa.qkv.weight:lr=1e-05
2026/09/20 07:12:47 - mmengine - INFO - paramwise_options -- backbone.stages.3.blocks.1.attn.w_msa.qkv.weight:weight_decay=0.05
2026/09/20 07:12:47 - mmengine - INFO - paramwise_options -- backbone.stages.3.blocks.1.attn.w_msa.qkv.weight:lr_mult=0.1
2026/09/20 07:12:47 - mmengine - INFO - paramwise_options -- backbone.stages.3.blocks.1.attn.w_msa.qkv.weight:decay_mult=1.0
2026/09/20 07:12:47 - mmengine - INFO - paramwise_options -- backbone.stages.3.blocks.1.attn.w_msa.qkv.bias:lr=1e-05
2026/09/20 07:12:47 - mmengine - INFO - paramwise_options -- backbone.stages.3.blocks.1.attn.w_msa.qkv.bias:weight_decay=0.05
2026/09/20 07:12:47 - mmengine - INFO - paramwise_options -- backbone.stages.3.blocks.1.attn.w_msa.qkv.bias:lr_mult=0.1
2026/09/20 07:12:47 - mmengine - INFO - paramwise_options -- backbone.stages.3.blocks.1.attn.w_msa.qkv.bias:decay_mult=1.0
2026/09/20 07:12:47 - mmengine - INFO - paramwise_options -- backbone.stages.3.blocks.1.attn.w_msa.proj.weight:lr=1e-05
2026/09/20 07:12:47 - mmengine - INFO - paramwise_options -- backbone.stages.3.blocks.1.attn.w_msa.proj.weight:weight_decay=0.05
2026/09/20 07:12:47 - mmengine - INFO - paramwise_options -- backbone.stages.3.blocks.1.attn.w_msa.proj.weight:lr_mult=0.1
2026/09/20 07:12:47 - mmengine - INFO - paramwise_options -- backbone.stages.3.blocks.1.attn.w_msa.proj.weight:decay_mult=1.0
2026/09/20 07:12:47 - mmengine - INFO - paramwise_options -- backbone.stages.3.blocks.1.attn.w_msa.proj.bias:lr=1e-05
2026/09/20 07:12:47 - mmengine - INFO - paramwise_options -- backbone.stages.3.blocks.1.attn.w_msa.proj.bias:weight_decay=0.05
2026/09/20 07:12:47 - mmengine - INFO - paramwise_options -- backbone.stages.3.blocks.1.attn.w_msa.proj.bias:lr_mult=0.1
2026/09/20 07:12:47 - mmengine - INFO - paramwise_options -- backbone.stages.3.blocks.1.attn.w_msa.proj.bias:decay_mult=1.0
2026/09/20 07:12:47 - mmengine - INFO - paramwise_options -- backbone.stages.3.blocks.1.norm2.weight:lr=1e-05
2026/09/20 07:12:47 - mmengine - INFO - paramwise_options -- backbone.stages.3.blocks.1.norm2.weight:weight_decay=0.05
2026/09/20 07:12:47 - mmengine - INFO - paramwise_options -- backbone.stages.3.blocks.1.norm2.weight:lr_mult=0.1
2026/09/20 07:12:47 - mmengine - INFO - paramwise_options -- backbone.stages.3.blocks.1.norm2.weight:decay_mult=1.0
2026/09/20 07:12:47 - mmengine - INFO - paramwise_options -- backbone.stages.3.blocks.1.norm2.bias:lr=1e-05
2026/09/20 07:12:47 - mmengine - INFO - paramwise_options -- backbone.stages.3.blocks.1.norm2.bias:weight_decay=0.05
2026/09/20 07:12:47 - mmengine - INFO - paramwise_options -- backbone.stages.3.blocks.1.norm2.bias:lr_mult=0.1
2026/09/20 07:12:47 - mmengine - INFO - paramwise_options -- backbone.stages.3.blocks.1.norm2.bias:decay_mult=1.0
2026/09/20 07:12:47 - mmengine - INFO - paramwise_options -- backbone.stages.3.blocks.1.ffn.layers.0.0.weight:lr=1e-05
2026/09/20 07:12:47 - mmengine - INFO - paramwise_options -- backbone.stages.3.blocks.1.ffn.layers.0.0.weight:weight_decay=0.05
2026/09/20 07:12:47 - mmengine - INFO - paramwise_options -- backbone.stages.3.blocks.1.ffn.layers.0.0.weight:lr_mult=0.1
2026/09/20 07:12:47 - mmengine - INFO - paramwise_options -- backbone.stages.3.blocks.1.ffn.layers.0.0.weight:decay_mult=1.0
2026/09/20 07:12:47 - mmengine - INFO - paramwise_options -- backbone.stages.3.blocks.1.ffn.layers.0.0.bias:lr=1e-05
2026/09/20 07:12:47 - mmengine - INFO - paramwise_options -- backbone.stages.3.blocks.1.ffn.layers.0.0.bias:weight_decay=0.05
2026/09/20 07:12:47 - mmengine - INFO - paramwise_options -- backbone.stages.3.blocks.1.ffn.layers.0.0.bias:lr_mult=0.1
2026/09/20 07:12:47 - mmengine - INFO - paramwise_options -- backbone.stages.3.blocks.1.ffn.layers.0.0.bias:decay_mult=1.0
2026/09/20 07:12:47 - mmengine - INFO - paramwise_options -- backbone.stages.3.blocks.1.ffn.layers.1.weight:lr=1e-05
2026/09/20 07:12:47 - mmengine - INFO - paramwise_options -- backbone.stages.3.blocks.1.ffn.layers.1.weight:weight_decay=0.05
2026/09/20 07:12:47 - mmengine - INFO - paramwise_options -- backbone.stages.3.blocks.1.ffn.layers.1.weight:lr_mult=0.1
2026/09/20 07:12:47 - mmengine - INFO - paramwise_options -- backbone.stages.3.blocks.1.ffn.layers.1.weight:decay_mult=1.0
2026/09/20 07:12:47 - mmengine - INFO - paramwise_options -- backbone.stages.3.blocks.1.ffn.layers.1.bias:lr=1e-05
2026/09/20 07:12:47 - mmengine - INFO - paramwise_options -- backbone.stages.3.blocks.1.ffn.layers.1.bias:weight_decay=0.05
2026/09/20 07:12:47 - mmengine - INFO - paramwise_options -- backbone.stages.3.blocks.1.ffn.layers.1.bias:lr_mult=0.1
2026/09/20 07:12:47 - mmengine - INFO - paramwise_options -- backbone.stages.3.blocks.1.ffn.layers.1.bias:decay_mult=1.0
2026/09/20 07:12:47 - mmengine - INFO - paramwise_options -- backbone.norm0.weight:lr=1e-05
2026/09/20 07:12:47 - mmengine - INFO - paramwise_options -- backbone.norm0.weight:weight_decay=0.05
2026/09/20 07:12:47 - mmengine - INFO - paramwise_options -- backbone.norm0.weight:lr_mult=0.1
2026/09/20 07:12:47 - mmengine - INFO - paramwise_options -- backbone.norm0.weight:decay_mult=1.0
2026/09/20 07:12:47 - mmengine - INFO - paramwise_options -- backbone.norm0.bias:lr=1e-05
2026/09/20 07:12:47 - mmengine - INFO - paramwise_options -- backbone.norm0.bias:weight_decay=0.05
2026/09/20 07:12:47 - mmengine - INFO - paramwise_options -- backbone.norm0.bias:lr_mult=0.1
2026/09/20 07:12:47 - mmengine - INFO - paramwise_options -- backbone.norm0.bias:decay_mult=1.0
2026/09/20 07:12:47 - mmengine - INFO - paramwise_options -- backbone.norm1.weight:lr=1e-05
2026/09/20 07:12:47 - mmengine - INFO - paramwise_options -- backbone.norm1.weight:weight_decay=0.05
2026/09/20 07:12:47 - mmengine - INFO - paramwise_options -- backbone.norm1.weight:lr_mult=0.1
2026/09/20 07:12:47 - mmengine - INFO - paramwise_options -- backbone.norm1.weight:decay_mult=1.0
2026/09/20 07:12:47 - mmengine - INFO - paramwise_options -- backbone.norm1.bias:lr=1e-05
2026/09/20 07:12:47 - mmengine - INFO - paramwise_options -- backbone.norm1.bias:weight_decay=0.05
2026/09/20 07:12:47 - mmengine - INFO - paramwise_options -- backbone.norm1.bias:lr_mult=0.1
2026/09/20 07:12:47 - mmengine - INFO - paramwise_options -- backbone.norm1.bias:decay_mult=1.0
2026/09/20 07:12:47 - mmengine - INFO - paramwise_options -- backbone.norm2.weight:lr=1e-05
2026/09/20 07:12:47 - mmengine - INFO - paramwise_options -- backbone.norm2.weight:weight_decay=0.05
2026/09/20 07:12:47 - mmengine - INFO - paramwise_options -- backbone.norm2.weight:lr_mult=0.1
2026/09/20 07:12:47 - mmengine - INFO - paramwise_options -- backbone.norm2.weight:decay_mult=1.0
2026/09/20 07:12:47 - mmengine - INFO - paramwise_options -- backbone.norm2.bias:lr=1e-05
2026/09/20 07:12:47 - mmengine - INFO - paramwise_options -- backbone.norm2.bias:weight_decay=0.05
2026/09/20 07:12:47 - mmengine - INFO - paramwise_options -- backbone.norm2.bias:lr_mult=0.1
2026/09/20 07:12:47 - mmengine - INFO - paramwise_options -- backbone.norm2.bias:decay_mult=1.0
2026/09/20 07:12:47 - mmengine - INFO - paramwise_options -- backbone.norm3.weight:lr=1e-05
2026/09/20 07:12:47 - mmengine - INFO - paramwise_options -- backbone.norm3.weight:weight_decay=0.05
2026/09/20 07:12:47 - mmengine - INFO - paramwise_options -- backbone.norm3.weight:lr_mult=0.1
2026/09/20 07:12:47 - mmengine - INFO - paramwise_options -- backbone.norm3.weight:decay_mult=1.0
2026/09/20 07:12:47 - mmengine - INFO - paramwise_options -- backbone.norm3.bias:lr=1e-05
2026/09/20 07:12:47 - mmengine - INFO - paramwise_options -- backbone.norm3.bias:weight_decay=0.05
2026/09/20 07:12:47 - mmengine - INFO - paramwise_options -- backbone.norm3.bias:lr_mult=0.1
2026/09/20 07:12:47 - mmengine - INFO - paramwise_options -- backbone.norm3.bias:decay_mult=1.0
2026/09/20 07:12:47 - mmengine - INFO - paramwise_options -- decode_head.pixel_decoder.input_convs.0.gn.weight:weight_decay=0.0
2026/09/20 07:12:47 - mmengine - INFO - paramwise_options -- decode_head.pixel_decoder.input_convs.0.gn.bias:weight_decay=0.0
2026/09/20 07:12:47 - mmengine - INFO - paramwise_options -- decode_head.pixel_decoder.input_convs.1.gn.weight:weight_decay=0.0
2026/09/20 07:12:47 - mmengine - INFO - paramwise_options -- decode_head.pixel_decoder.input_convs.1.gn.bias:weight_decay=0.0
2026/09/20 07:12:47 - mmengine - INFO - paramwise_options -- decode_head.pixel_decoder.input_convs.2.gn.weight:weight_decay=0.0
2026/09/20 07:12:47 - mmengine - INFO - paramwise_options -- decode_head.pixel_decoder.input_convs.2.gn.bias:weight_decay=0.0
2026/09/20 07:12:47 - mmengine - INFO - paramwise_options -- decode_head.pixel_decoder.encoder.layers.0.norms.0.weight:weight_decay=0.0
2026/09/20 07:12:47 - mmengine - INFO - paramwise_options -- decode_head.pixel_decoder.encoder.layers.0.norms.0.bias:weight_decay=0.0
2026/09/20 07:12:47 - mmengine - INFO - paramwise_options -- decode_head.pixel_decoder.encoder.layers.0.norms.1.weight:weight_decay=0.0
2026/09/20 07:12:47 - mmengine - INFO - paramwise_options -- decode_head.pixel_decoder.encoder.layers.0.norms.1.bias:weight_decay=0.0
2026/09/20 07:12:47 - mmengine - INFO - paramwise_options -- decode_head.pixel_decoder.encoder.layers.1.norms.0.weight:weight_decay=0.0
2026/09/20 07:12:47 - mmengine - INFO - paramwise_options -- decode_head.pixel_decoder.encoder.layers.1.norms.0.bias:weight_decay=0.0
2026/09/20 07:12:47 - mmengine - INFO - paramwise_options -- decode_head.pixel_decoder.encoder.layers.1.norms.1.weight:weight_decay=0.0
2026/09/20 07:12:47 - mmengine - INFO - paramwise_options -- decode_head.pixel_decoder.encoder.layers.1.norms.1.bias:weight_decay=0.0
2026/09/20 07:12:47 - mmengine - INFO - paramwise_options -- decode_head.pixel_decoder.encoder.layers.2.norms.0.weight:weight_decay=0.0
2026/09/20 07:12:47 - mmengine - INFO - paramwise_options -- decode_head.pixel_decoder.encoder.layers.2.norms.0.bias:weight_decay=0.0
2026/09/20 07:12:47 - mmengine - INFO - paramwise_options -- decode_head.pixel_decoder.encoder.layers.2.norms.1.weight:weight_decay=0.0
2026/09/20 07:12:47 - mmengine - INFO - paramwise_options -- decode_head.pixel_decoder.encoder.layers.2.norms.1.bias:weight_decay=0.0
2026/09/20 07:12:47 - mmengine - INFO - paramwise_options -- decode_head.pixel_decoder.encoder.layers.3.norms.0.weight:weight_decay=0.0
2026/09/20 07:12:47 - mmengine - INFO - paramwise_options -- decode_head.pixel_decoder.encoder.layers.3.norms.0.bias:weight_decay=0.0
2026/09/20 07:12:47 - mmengine - INFO - paramwise_options -- decode_head.pixel_decoder.encoder.layers.3.norms.1.weight:weight_decay=0.0
2026/09/20 07:12:47 - mmengine - INFO - paramwise_options -- decode_head.pixel_decoder.encoder.layers.3.norms.1.bias:weight_decay=0.0
2026/09/20 07:12:47 - mmengine - INFO - paramwise_options -- decode_head.pixel_decoder.encoder.layers.4.norms.0.weight:weight_decay=0.0
2026/09/20 07:12:47 - mmengine - INFO - paramwise_options -- decode_head.pixel_decoder.encoder.layers.4.norms.0.bias:weight_decay=0.0
2026/09/20 07:12:47 - mmengine - INFO - paramwise_options -- decode_head.pixel_decoder.encoder.layers.4.norms.1.weight:weight_decay=0.0
2026/09/20 07:12:47 - mmengine - INFO - paramwise_options -- decode_head.pixel_decoder.encoder.layers.4.norms.1.bias:weight_decay=0.0
2026/09/20 07:12:47 - mmengine - INFO - paramwise_options -- decode_head.pixel_decoder.encoder.layers.5.norms.0.weight:weight_decay=0.0
2026/09/20 07:12:47 - mmengine - INFO - paramwise_options -- decode_head.pixel_decoder.encoder.layers.5.norms.0.bias:weight_decay=0.0
2026/09/20 07:12:47 - mmengine - INFO - paramwise_options -- decode_head.pixel_decoder.encoder.layers.5.norms.1.weight:weight_decay=0.0
2026/09/20 07:12:47 - mmengine - INFO - paramwise_options -- decode_head.pixel_decoder.encoder.layers.5.norms.1.bias:weight_decay=0.0
2026/09/20 07:12:47 - mmengine - INFO - paramwise_options -- decode_head.pixel_decoder.lateral_convs.0.gn.weight:weight_decay=0.0
2026/09/20 07:12:47 - mmengine - INFO - paramwise_options -- decode_head.pixel_decoder.lateral_convs.0.gn.bias:weight_decay=0.0
2026/09/20 07:12:47 - mmengine - INFO - paramwise_options -- decode_head.pixel_decoder.output_convs.0.gn.weight:weight_decay=0.0
2026/09/20 07:12:47 - mmengine - INFO - paramwise_options -- decode_head.pixel_decoder.output_convs.0.gn.bias:weight_decay=0.0
2026/09/20 07:12:47 - mmengine - INFO - paramwise_options -- decode_head.transformer_decoder.layers.0.norms.0.weight:weight_decay=0.0
2026/09/20 07:12:47 - mmengine - INFO - paramwise_options -- decode_head.transformer_decoder.layers.0.norms.0.bias:weight_decay=0.0
2026/09/20 07:12:47 - mmengine - INFO - paramwise_options -- decode_head.transformer_decoder.layers.0.norms.1.weight:weight_decay=0.0
2026/09/20 07:12:47 - mmengine - INFO - paramwise_options -- decode_head.transformer_decoder.layers.0.norms.1.bias:weight_decay=0.0
2026/09/20 07:12:47 - mmengine - INFO - paramwise_options -- decode_head.transformer_decoder.layers.0.norms.2.weight:weight_decay=0.0
2026/09/20 07:12:47 - mmengine - INFO - paramwise_options -- decode_head.transformer_decoder.layers.0.norms.2.bias:weight_decay=0.0
2026/09/20 07:12:47 - mmengine - INFO - paramwise_options -- decode_head.transformer_decoder.layers.1.norms.0.weight:weight_decay=0.0
2026/09/20 07:12:47 - mmengine - INFO - paramwise_options -- decode_head.transformer_decoder.layers.1.norms.0.bias:weight_decay=0.0
2026/09/20 07:12:47 - mmengine - INFO - paramwise_options -- decode_head.transformer_decoder.layers.1.norms.1.weight:weight_decay=0.0
2026/09/20 07:12:47 - mmengine - INFO - paramwise_options -- decode_head.transformer_decoder.layers.1.norms.1.bias:weight_decay=0.0
2026/09/20 07:12:47 - mmengine - INFO - paramwise_options -- decode_head.transformer_decoder.layers.1.norms.2.weight:weight_decay=0.0
2026/09/20 07:12:47 - mmengine - INFO - paramwise_options -- decode_head.transformer_decoder.layers.1.norms.2.bias:weight_decay=0.0
2026/09/20 07:12:47 - mmengine - INFO - paramwise_options -- decode_head.transformer_decoder.layers.2.norms.0.weight:weight_decay=0.0
2026/09/20 07:12:47 - mmengine - INFO - paramwise_options -- decode_head.transformer_decoder.layers.2.norms.0.bias:weight_decay=0.0
2026/09/20 07:12:47 - mmengine - INFO - paramwise_options -- decode_head.transformer_decoder.layers.2.norms.1.weight:weight_decay=0.0
2026/09/20 07:12:47 - mmengine - INFO - paramwise_options -- decode_head.transformer_decoder.layers.2.norms.1.bias:weight_decay=0.0
2026/09/20 07:12:47 - mmengine - INFO - paramwise_options -- decode_head.transformer_decoder.layers.2.norms.2.weight:weight_decay=0.0
2026/09/20 07:12:47 - mmengine - INFO - paramwise_options -- decode_head.transformer_decoder.layers.2.norms.2.bias:weight_decay=0.0
2026/09/20 07:12:47 - mmengine - INFO - paramwise_options -- decode_head.transformer_decoder.layers.3.norms.0.weight:weight_decay=0.0
2026/09/20 07:12:47 - mmengine - INFO - paramwise_options -- decode_head.transformer_decoder.layers.3.norms.0.bias:weight_decay=0.0
2026/09/20 07:12:47 - mmengine - INFO - paramwise_options -- decode_head.transformer_decoder.layers.3.norms.1.weight:weight_decay=0.0
2026/09/20 07:12:47 - mmengine - INFO - paramwise_options -- decode_head.transformer_decoder.layers.3.norms.1.bias:weight_decay=0.0
2026/09/20 07:12:47 - mmengine - INFO - paramwise_options -- decode_head.transformer_decoder.layers.3.norms.2.weight:weight_decay=0.0
2026/09/20 07:12:47 - mmengine - INFO - paramwise_options -- decode_head.transformer_decoder.layers.3.norms.2.bias:weight_decay=0.0
2026/09/20 07:12:47 - mmengine - INFO - paramwise_options -- decode_head.transformer_decoder.layers.4.norms.0.weight:weight_decay=0.0
2026/09/20 07:12:47 - mmengine - INFO - paramwise_options -- decode_head.transformer_decoder.layers.4.norms.0.bias:weight_decay=0.0
2026/09/20 07:12:47 - mmengine - INFO - paramwise_options -- decode_head.transformer_decoder.layers.4.norms.1.weight:weight_decay=0.0
2026/09/20 07:12:47 - mmengine - INFO - paramwise_options -- decode_head.transformer_decoder.layers.4.norms.1.bias:weight_decay=0.0
2026/09/20 07:12:47 - mmengine - INFO - paramwise_options -- decode_head.transformer_decoder.layers.4.norms.2.weight:weight_decay=0.0
2026/09/20 07:12:47 - mmengine - INFO - paramwise_options -- decode_head.transformer_decoder.layers.4.norms.2.bias:weight_decay=0.0
2026/09/20 07:12:47 - mmengine - INFO - paramwise_options -- decode_head.transformer_decoder.layers.5.norms.0.weight:weight_decay=0.0
2026/09/20 07:12:47 - mmengine - INFO - paramwise_options -- decode_head.transformer_decoder.layers.5.norms.0.bias:weight_decay=0.0
2026/09/20 07:12:47 - mmengine - INFO - paramwise_options -- decode_head.transformer_decoder.layers.5.norms.1.weight:weight_decay=0.0
2026/09/20 07:12:47 - mmengine - INFO - paramwise_options -- decode_head.transformer_decoder.layers.5.norms.1.bias:weight_decay=0.0
2026/09/20 07:12:47 - mmengine - INFO - paramwise_options -- decode_head.transformer_decoder.layers.5.norms.2.weight:weight_decay=0.0
2026/09/20 07:12:47 - mmengine - INFO - paramwise_options -- decode_head.transformer_decoder.layers.5.norms.2.bias:weight_decay=0.0
2026/09/20 07:12:47 - mmengine - INFO - paramwise_options -- decode_head.transformer_decoder.layers.6.norms.0.weight:weight_decay=0.0
2026/09/20 07:12:47 - mmengine - INFO - paramwise_options -- decode_head.transformer_decoder.layers.6.norms.0.bias:weight_decay=0.0
2026/09/20 07:12:47 - mmengine - INFO - paramwise_options -- decode_head.transformer_decoder.layers.6.norms.1.weight:weight_decay=0.0
2026/09/20 07:12:47 - mmengine - INFO - paramwise_options -- decode_head.transformer_decoder.layers.6.norms.1.bias:weight_decay=0.0
2026/09/20 07:12:47 - mmengine - INFO - paramwise_options -- decode_head.transformer_decoder.layers.6.norms.2.weight:weight_decay=0.0
2026/09/20 07:12:47 - mmengine - INFO - paramwise_options -- decode_head.transformer_decoder.layers.6.norms.2.bias:weight_decay=0.0
2026/09/20 07:12:47 - mmengine - INFO - paramwise_options -- decode_head.transformer_decoder.layers.7.norms.0.weight:weight_decay=0.0
2026/09/20 07:12:47 - mmengine - INFO - paramwise_options -- decode_head.transformer_decoder.layers.7.norms.0.bias:weight_decay=0.0
2026/09/20 07:12:47 - mmengine - INFO - paramwise_options -- decode_head.transformer_decoder.layers.7.norms.1.weight:weight_decay=0.0
2026/09/20 07:12:47 - mmengine - INFO - paramwise_options -- decode_head.transformer_decoder.layers.7.norms.1.bias:weight_decay=0.0
2026/09/20 07:12:47 - mmengine - INFO - paramwise_options -- decode_head.transformer_decoder.layers.7.norms.2.weight:weight_decay=0.0
2026/09/20 07:12:47 - mmengine - INFO - paramwise_options -- decode_head.transformer_decoder.layers.7.norms.2.bias:weight_decay=0.0
2026/09/20 07:12:47 - mmengine - INFO - paramwise_options -- decode_head.transformer_decoder.layers.8.norms.0.weight:weight_decay=0.0
2026/09/20 07:12:47 - mmengine - INFO - paramwise_options -- decode_head.transformer_decoder.layers.8.norms.0.bias:weight_decay=0.0
2026/09/20 07:12:47 - mmengine - INFO - paramwise_options -- decode_head.transformer_decoder.layers.8.norms.1.weight:weight_decay=0.0
2026/09/20 07:12:47 - mmengine - INFO - paramwise_options -- decode_head.transformer_decoder.layers.8.norms.1.bias:weight_decay=0.0
2026/09/20 07:12:47 - mmengine - INFO - paramwise_options -- decode_head.transformer_decoder.layers.8.norms.2.weight:weight_decay=0.0
2026/09/20 07:12:47 - mmengine - INFO - paramwise_options -- decode_head.transformer_decoder.layers.8.norms.2.bias:weight_decay=0.0
2026/09/20 07:12:47 - mmengine - INFO - paramwise_options -- decode_head.transformer_decoder.post_norm.weight:weight_decay=0.0
2026/09/20 07:12:47 - mmengine - INFO - paramwise_options -- decode_head.transformer_decoder.post_norm.bias:weight_decay=0.0
2026/09/20 07:12:47 - mmengine - INFO - paramwise_options -- decode_head.query_embed.weight:lr=0.0001
2026/09/20 07:12:47 - mmengine - INFO - paramwise_options -- decode_head.query_embed.weight:weight_decay=0.0
2026/09/20 07:12:47 - mmengine - INFO - paramwise_options -- decode_head.query_embed.weight:lr_mult=1.0
2026/09/20 07:12:47 - mmengine - INFO - paramwise_options -- decode_head.query_embed.weight:decay_mult=0.0
2026/09/20 07:12:47 - mmengine - INFO - paramwise_options -- decode_head.query_feat.weight:lr=0.0001
2026/09/20 07:12:47 - mmengine - INFO - paramwise_options -- decode_head.query_feat.weight:weight_decay=0.0
2026/09/20 07:12:47 - mmengine - INFO - paramwise_options -- decode_head.query_feat.weight:lr_mult=1.0
2026/09/20 07:12:47 - mmengine - INFO - paramwise_options -- decode_head.query_feat.weight:decay_mult=0.0
2026/09/20 07:12:47 - mmengine - INFO - paramwise_options -- decode_head.level_embed.weight:lr=0.0001
2026/09/20 07:12:47 - mmengine - INFO - paramwise_options -- decode_head.level_embed.weight:weight_decay=0.0
2026/09/20 07:12:47 - mmengine - INFO - paramwise_options -- decode_head.level_embed.weight:lr_mult=1.0
2026/09/20 07:12:47 - mmengine - INFO - paramwise_options -- decode_head.level_embed.weight:decay_mult=0.0
2026/09/20 07:12:48 - mmengine - WARNING - The prefix is not set in metric class IoUMetric.
Name of parameter - Initialization information

backbone.patch_embed.projection.weight - torch.Size([96, 3, 4, 4]): 
Initialized by user-defined `init_weights` in SwinTransformer  

backbone.patch_embed.projection.bias - torch.Size([96]): 
Initialized by user-defined `init_weights` in SwinTransformer  

backbone.patch_embed.norm.weight - torch.Size([96]): 
Initialized by user-defined `init_weights` in SwinTransformer  

backbone.patch_embed.norm.bias - torch.Size([96]): 
Initialized by user-defined `init_weights` in SwinTransformer  

backbone.stages.0.blocks.0.norm1.weight - torch.Size([96]): 
Initialized by user-defined `init_weights` in SwinTransformer  

backbone.stages.0.blocks.0.norm1.bias - torch.Size([96]): 
Initialized by user-defined `init_weights` in SwinTransformer  

backbone.stages.0.blocks.0.attn.w_msa.relative_position_bias_table - torch.Size([169, 3]): 
Initialized by user-defined `init_weights` in SwinTransformer  

backbone.stages.0.blocks.0.attn.w_msa.qkv.weight - torch.Size([288, 96]): 
Initialized by user-defined `init_weights` in SwinTransformer  

backbone.stages.0.blocks.0.attn.w_msa.qkv.bias - torch.Size([288]): 
Initialized by user-defined `init_weights` in SwinTransformer  

backbone.stages.0.blocks.0.attn.w_msa.proj.weight - torch.Size([96, 96]): 
Initialized by user-defined `init_weights` in SwinTransformer  

backbone.stages.0.blocks.0.attn.w_msa.proj.bias - torch.Size([96]): 
Initialized by user-defined `init_weights` in SwinTransformer  

backbone.stages.0.blocks.0.norm2.weight - torch.Size([96]): 
Initialized by user-defined `init_weights` in SwinTransformer  

backbone.stages.0.blocks.0.norm2.bias - torch.Size([96]): 
Initialized by user-defined `init_weights` in SwinTransformer  

backbone.stages.0.blocks.0.ffn.layers.0.0.weight - torch.Size([384, 96]): 
Initialized by user-defined `init_weights` in SwinTransformer  

backbone.stages.0.blocks.0.ffn.layers.0.0.bias - torch.Size([384]): 
Initialized by user-defined `init_weights` in SwinTransformer  

backbone.stages.0.blocks.0.ffn.layers.1.weight - torch.Size([96, 384]): 
Initialized by user-defined `init_weights` in SwinTransformer  

backbone.stages.0.blocks.0.ffn.layers.1.bias - torch.Size([96]): 
Initialized by user-defined `init_weights` in SwinTransformer  

backbone.stages.0.blocks.1.norm1.weight - torch.Size([96]): 
Initialized by user-defined `init_weights` in SwinTransformer  

backbone.stages.0.blocks.1.norm1.bias - torch.Size([96]): 
Initialized by user-defined `init_weights` in SwinTransformer  

backbone.stages.0.blocks.1.attn.w_msa.relative_position_bias_table - torch.Size([169, 3]): 
Initialized by user-defined `init_weights` in SwinTransformer  

backbone.stages.0.blocks.1.attn.w_msa.qkv.weight - torch.Size([288, 96]): 
Initialized by user-defined `init_weights` in SwinTransformer  

backbone.stages.0.blocks.1.attn.w_msa.qkv.bias - torch.Size([288]): 
Initialized by user-defined `init_weights` in SwinTransformer  

backbone.stages.0.blocks.1.attn.w_msa.proj.weight - torch.Size([96, 96]): 
Initialized by user-defined `init_weights` in SwinTransformer  

backbone.stages.0.blocks.1.attn.w_msa.proj.bias - torch.Size([96]): 
Initialized by user-defined `init_weights` in SwinTransformer  

backbone.stages.0.blocks.1.norm2.weight - torch.Size([96]): 
Initialized by user-defined `init_weights` in SwinTransformer  

backbone.stages.0.blocks.1.norm2.bias - torch.Size([96]): 
Initialized by user-defined `init_weights` in SwinTransformer  

backbone.stages.0.blocks.1.ffn.layers.0.0.weight - torch.Size([384, 96]): 
Initialized by user-defined `init_weights` in SwinTransformer  

backbone.stages.0.blocks.1.ffn.layers.0.0.bias - torch.Size([384]): 
Initialized by user-defined `init_weights` in SwinTransformer  

backbone.stages.0.blocks.1.ffn.layers.1.weight - torch.Size([96, 384]): 
Initialized by user-defined `init_weights` in SwinTransformer  

backbone.stages.0.blocks.1.ffn.layers.1.bias - torch.Size([96]): 
Initialized by user-defined `init_weights` in SwinTransformer  

backbone.stages.0.downsample.norm.weight - torch.Size([384]): 
Initialized by user-defined `init_weights` in SwinTransformer  

backbone.stages.0.downsample.norm.bias - torch.Size([384]): 
Initialized by user-defined `init_weights` in SwinTransformer  

backbone.stages.0.downsample.reduction.weight - torch.Size([192, 384]): 
Initialized by user-defined `init_weights` in SwinTransformer  

backbone.stages.1.blocks.0.norm1.weight - torch.Size([192]): 
Initialized by user-defined `init_weights` in SwinTransformer  

backbone.stages.1.blocks.0.norm1.bias - torch.Size([192]): 
Initialized by user-defined `init_weights` in SwinTransformer  

backbone.stages.1.blocks.0.attn.w_msa.relative_position_bias_table - torch.Size([169, 6]): 
Initialized by user-defined `init_weights` in SwinTransformer  

backbone.stages.1.blocks.0.attn.w_msa.qkv.weight - torch.Size([576, 192]): 
Initialized by user-defined `init_weights` in SwinTransformer  

backbone.stages.1.blocks.0.attn.w_msa.qkv.bias - torch.Size([576]): 
Initialized by user-defined `init_weights` in SwinTransformer  

backbone.stages.1.blocks.0.attn.w_msa.proj.weight - torch.Size([192, 192]): 
Initialized by user-defined `init_weights` in SwinTransformer  

backbone.stages.1.blocks.0.attn.w_msa.proj.bias - torch.Size([192]): 
Initialized by user-defined `init_weights` in SwinTransformer  

backbone.stages.1.blocks.0.norm2.weight - torch.Size([192]): 
Initialized by user-defined `init_weights` in SwinTransformer  

backbone.stages.1.blocks.0.norm2.bias - torch.Size([192]): 
Initialized by user-defined `init_weights` in SwinTransformer  

backbone.stages.1.blocks.0.ffn.layers.0.0.weight - torch.Size([768, 192]): 
Initialized by user-defined `init_weights` in SwinTransformer  

backbone.stages.1.blocks.0.ffn.layers.0.0.bias - torch.Size([768]): 
Initialized by user-defined `init_weights` in SwinTransformer  

backbone.stages.1.blocks.0.ffn.layers.1.weight - torch.Size([192, 768]): 
Initialized by user-defined `init_weights` in SwinTransformer  

backbone.stages.1.blocks.0.ffn.layers.1.bias - torch.Size([192]): 
Initialized by user-defined `init_weights` in SwinTransformer  

backbone.stages.1.blocks.1.norm1.weight - torch.Size([192]): 
Initialized by user-defined `init_weights` in SwinTransformer  

backbone.stages.1.blocks.1.norm1.bias - torch.Size([192]): 
Initialized by user-defined `init_weights` in SwinTransformer  

backbone.stages.1.blocks.1.attn.w_msa.relative_position_bias_table - torch.Size([169, 6]): 
Initialized by user-defined `init_weights` in SwinTransformer  

backbone.stages.1.blocks.1.attn.w_msa.qkv.weight - torch.Size([576, 192]): 
Initialized by user-defined `init_weights` in SwinTransformer  

backbone.stages.1.blocks.1.attn.w_msa.qkv.bias - torch.Size([576]): 
Initialized by user-defined `init_weights` in SwinTransformer  

backbone.stages.1.blocks.1.attn.w_msa.proj.weight - torch.Size([192, 192]): 
Initialized by user-defined `init_weights` in SwinTransformer  

backbone.stages.1.blocks.1.attn.w_msa.proj.bias - torch.Size([192]): 
Initialized by user-defined `init_weights` in SwinTransformer  

backbone.stages.1.blocks.1.norm2.weight - torch.Size([192]): 
Initialized by user-defined `init_weights` in SwinTransformer  

backbone.stages.1.blocks.1.norm2.bias - torch.Size([192]): 
Initialized by user-defined `init_weights` in SwinTransformer  

backbone.stages.1.blocks.1.ffn.layers.0.0.weight - torch.Size([768, 192]): 
Initialized by user-defined `init_weights` in SwinTransformer  

backbone.stages.1.blocks.1.ffn.layers.0.0.bias - torch.Size([768]): 
Initialized by user-defined `init_weights` in SwinTransformer  

backbone.stages.1.blocks.1.ffn.layers.1.weight - torch.Size([192, 768]): 
Initialized by user-defined `init_weights` in SwinTransformer  

backbone.stages.1.blocks.1.ffn.layers.1.bias - torch.Size([192]): 
Initialized by user-defined `init_weights` in SwinTransformer  

backbone.stages.1.downsample.norm.weight - torch.Size([768]): 
Initialized by user-defined `init_weights` in SwinTransformer  

backbone.stages.1.downsample.norm.bias - torch.Size([768]): 
Initialized by user-defined `init_weights` in SwinTransformer  

backbone.stages.1.downsample.reduction.weight - torch.Size([384, 768]): 
Initialized by user-defined `init_weights` in SwinTransformer  

backbone.stages.2.blocks.0.norm1.weight - torch.Size([384]): 
Initialized by user-defined `init_weights` in SwinTransformer  

backbone.stages.2.blocks.0.norm1.bias - torch.Size([384]): 
Initialized by user-defined `init_weights` in SwinTransformer  

backbone.stages.2.blocks.0.attn.w_msa.relative_position_bias_table - torch.Size([169, 12]): 
Initialized by user-defined `init_weights` in SwinTransformer  

backbone.stages.2.blocks.0.attn.w_msa.qkv.weight - torch.Size([1152, 384]): 
Initialized by user-defined `init_weights` in SwinTransformer  

backbone.stages.2.blocks.0.attn.w_msa.qkv.bias - torch.Size([1152]): 
Initialized by user-defined `init_weights` in SwinTransformer  

backbone.stages.2.blocks.0.attn.w_msa.proj.weight - torch.Size([384, 384]): 
Initialized by user-defined `init_weights` in SwinTransformer  

backbone.stages.2.blocks.0.attn.w_msa.proj.bias - torch.Size([384]): 
Initialized by user-defined `init_weights` in SwinTransformer  

backbone.stages.2.blocks.0.norm2.weight - torch.Size([384]): 
Initialized by user-defined `init_weights` in SwinTransformer  

backbone.stages.2.blocks.0.norm2.bias - torch.Size([384]): 
Initialized by user-defined `init_weights` in SwinTransformer  

backbone.stages.2.blocks.0.ffn.layers.0.0.weight - torch.Size([1536, 384]): 
Initialized by user-defined `init_weights` in SwinTransformer  

backbone.stages.2.blocks.0.ffn.layers.0.0.bias - torch.Size([1536]): 
Initialized by user-defined `init_weights` in SwinTransformer  

backbone.stages.2.blocks.0.ffn.layers.1.weight - torch.Size([384, 1536]): 
Initialized by user-defined `init_weights` in SwinTransformer  

backbone.stages.2.blocks.0.ffn.layers.1.bias - torch.Size([384]): 
Initialized by user-defined `init_weights` in SwinTransformer  

backbone.stages.2.blocks.1.norm1.weight - torch.Size([384]): 
Initialized by user-defined `init_weights` in SwinTransformer  

backbone.stages.2.blocks.1.norm1.bias - torch.Size([384]): 
Initialized by user-defined `init_weights` in SwinTransformer  

backbone.stages.2.blocks.1.attn.w_msa.relative_position_bias_table - torch.Size([169, 12]): 
Initialized by user-defined `init_weights` in SwinTransformer  

backbone.stages.2.blocks.1.attn.w_msa.qkv.weight - torch.Size([1152, 384]): 
Initialized by user-defined `init_weights` in SwinTransformer  

backbone.stages.2.blocks.1.attn.w_msa.qkv.bias - torch.Size([1152]): 
Initialized by user-defined `init_weights` in SwinTransformer  

backbone.stages.2.blocks.1.attn.w_msa.proj.weight - torch.Size([384, 384]): 
Initialized by user-defined `init_weights` in SwinTransformer  

backbone.stages.2.blocks.1.attn.w_msa.proj.bias - torch.Size([384]): 
Initialized by user-defined `init_weights` in SwinTransformer  

backbone.stages.2.blocks.1.norm2.weight - torch.Size([384]): 
Initialized by user-defined `init_weights` in SwinTransformer  

backbone.stages.2.blocks.1.norm2.bias - torch.Size([384]): 
Initialized by user-defined `init_weights` in SwinTransformer  

backbone.stages.2.blocks.1.ffn.layers.0.0.weight - torch.Size([1536, 384]): 
Initialized by user-defined `init_weights` in SwinTransformer  

backbone.stages.2.blocks.1.ffn.layers.0.0.bias - torch.Size([1536]): 
Initialized by user-defined `init_weights` in SwinTransformer  

backbone.stages.2.blocks.1.ffn.layers.1.weight - torch.Size([384, 1536]): 
Initialized by user-defined `init_weights` in SwinTransformer  

backbone.stages.2.blocks.1.ffn.layers.1.bias - torch.Size([384]): 
Initialized by user-defined `init_weights` in SwinTransformer  

backbone.stages.2.blocks.2.norm1.weight - torch.Size([384]): 
Initialized by user-defined `init_weights` in SwinTransformer  

backbone.stages.2.blocks.2.norm1.bias - torch.Size([384]): 
Initialized by user-defined `init_weights` in SwinTransformer  

backbone.stages.2.blocks.2.attn.w_msa.relative_position_bias_table - torch.Size([169, 12]): 
Initialized by user-defined `init_weights` in SwinTransformer  

backbone.stages.2.blocks.2.attn.w_msa.qkv.weight - torch.Size([1152, 384]): 
Initialized by user-defined `init_weights` in SwinTransformer  

backbone.stages.2.blocks.2.attn.w_msa.qkv.bias - torch.Size([1152]): 
Initialized by user-defined `init_weights` in SwinTransformer  

backbone.stages.2.blocks.2.attn.w_msa.proj.weight - torch.Size([384, 384]): 
Initialized by user-defined `init_weights` in SwinTransformer  

backbone.stages.2.blocks.2.attn.w_msa.proj.bias - torch.Size([384]): 
Initialized by user-defined `init_weights` in SwinTransformer  

backbone.stages.2.blocks.2.norm2.weight - torch.Size([384]): 
Initialized by user-defined `init_weights` in SwinTransformer  

backbone.stages.2.blocks.2.norm2.bias - torch.Size([384]): 
Initialized by user-defined `init_weights` in SwinTransformer  

backbone.stages.2.blocks.2.ffn.layers.0.0.weight - torch.Size([1536, 384]): 
Initialized by user-defined `init_weights` in SwinTransformer  

backbone.stages.2.blocks.2.ffn.layers.0.0.bias - torch.Size([1536]): 
Initialized by user-defined `init_weights` in SwinTransformer  

backbone.stages.2.blocks.2.ffn.layers.1.weight - torch.Size([384, 1536]): 
Initialized by user-defined `init_weights` in SwinTransformer  

backbone.stages.2.blocks.2.ffn.layers.1.bias - torch.Size([384]): 
Initialized by user-defined `init_weights` in SwinTransformer  

backbone.stages.2.blocks.3.norm1.weight - torch.Size([384]): 
Initialized by user-defined `init_weights` in SwinTransformer  

backbone.stages.2.blocks.3.norm1.bias - torch.Size([384]): 
Initialized by user-defined `init_weights` in SwinTransformer  

backbone.stages.2.blocks.3.attn.w_msa.relative_position_bias_table - torch.Size([169, 12]): 
Initialized by user-defined `init_weights` in SwinTransformer  

backbone.stages.2.blocks.3.attn.w_msa.qkv.weight - torch.Size([1152, 384]): 
Initialized by user-defined `init_weights` in SwinTransformer  

backbone.stages.2.blocks.3.attn.w_msa.qkv.bias - torch.Size([1152]): 
Initialized by user-defined `init_weights` in SwinTransformer  

backbone.stages.2.blocks.3.attn.w_msa.proj.weight - torch.Size([384, 384]): 
Initialized by user-defined `init_weights` in SwinTransformer  

backbone.stages.2.blocks.3.attn.w_msa.proj.bias - torch.Size([384]): 
Initialized by user-defined `init_weights` in SwinTransformer  

backbone.stages.2.blocks.3.norm2.weight - torch.Size([384]): 
Initialized by user-defined `init_weights` in SwinTransformer  

backbone.stages.2.blocks.3.norm2.bias - torch.Size([384]): 
Initialized by user-defined `init_weights` in SwinTransformer  

backbone.stages.2.blocks.3.ffn.layers.0.0.weight - torch.Size([1536, 384]): 
Initialized by user-defined `init_weights` in SwinTransformer  

backbone.stages.2.blocks.3.ffn.layers.0.0.bias - torch.Size([1536]): 
Initialized by user-defined `init_weights` in SwinTransformer  

backbone.stages.2.blocks.3.ffn.layers.1.weight - torch.Size([384, 1536]): 
Initialized by user-defined `init_weights` in SwinTransformer  

backbone.stages.2.blocks.3.ffn.layers.1.bias - torch.Size([384]): 
Initialized by user-defined `init_weights` in SwinTransformer  

backbone.stages.2.blocks.4.norm1.weight - torch.Size([384]): 
Initialized by user-defined `init_weights` in SwinTransformer  

backbone.stages.2.blocks.4.norm1.bias - torch.Size([384]): 
Initialized by user-defined `init_weights` in SwinTransformer  

backbone.stages.2.blocks.4.attn.w_msa.relative_position_bias_table - torch.Size([169, 12]): 
Initialized by user-defined `init_weights` in SwinTransformer  

backbone.stages.2.blocks.4.attn.w_msa.qkv.weight - torch.Size([1152, 384]): 
Initialized by user-defined `init_weights` in SwinTransformer  

backbone.stages.2.blocks.4.attn.w_msa.qkv.bias - torch.Size([1152]): 
Initialized by user-defined `init_weights` in SwinTransformer  

backbone.stages.2.blocks.4.attn.w_msa.proj.weight - torch.Size([384, 384]): 
Initialized by user-defined `init_weights` in SwinTransformer  

backbone.stages.2.blocks.4.attn.w_msa.proj.bias - torch.Size([384]): 
Initialized by user-defined `init_weights` in SwinTransformer  

backbone.stages.2.blocks.4.norm2.weight - torch.Size([384]): 
Initialized by user-defined `init_weights` in SwinTransformer  

backbone.stages.2.blocks.4.norm2.bias - torch.Size([384]): 
Initialized by user-defined `init_weights` in SwinTransformer  

backbone.stages.2.blocks.4.ffn.layers.0.0.weight - torch.Size([1536, 384]): 
Initialized by user-defined `init_weights` in SwinTransformer  

backbone.stages.2.blocks.4.ffn.layers.0.0.bias - torch.Size([1536]): 
Initialized by user-defined `init_weights` in SwinTransformer  

backbone.stages.2.blocks.4.ffn.layers.1.weight - torch.Size([384, 1536]): 
Initialized by user-defined `init_weights` in SwinTransformer  

backbone.stages.2.blocks.4.ffn.layers.1.bias - torch.Size([384]): 
Initialized by user-defined `init_weights` in SwinTransformer  

backbone.stages.2.blocks.5.norm1.weight - torch.Size([384]): 
Initialized by user-defined `init_weights` in SwinTransformer  

backbone.stages.2.blocks.5.norm1.bias - torch.Size([384]): 
Initialized by user-defined `init_weights` in SwinTransformer  

backbone.stages.2.blocks.5.attn.w_msa.relative_position_bias_table - torch.Size([169, 12]): 
Initialized by user-defined `init_weights` in SwinTransformer  

backbone.stages.2.blocks.5.attn.w_msa.qkv.weight - torch.Size([1152, 384]): 
Initialized by user-defined `init_weights` in SwinTransformer  

backbone.stages.2.blocks.5.attn.w_msa.qkv.bias - torch.Size([1152]): 
Initialized by user-defined `init_weights` in SwinTransformer  

backbone.stages.2.blocks.5.attn.w_msa.proj.weight - torch.Size([384, 384]): 
Initialized by user-defined `init_weights` in SwinTransformer  

backbone.stages.2.blocks.5.attn.w_msa.proj.bias - torch.Size([384]): 
Initialized by user-defined `init_weights` in SwinTransformer  

backbone.stages.2.blocks.5.norm2.weight - torch.Size([384]): 
Initialized by user-defined `init_weights` in SwinTransformer  

backbone.stages.2.blocks.5.norm2.bias - torch.Size([384]): 
Initialized by user-defined `init_weights` in SwinTransformer  

backbone.stages.2.blocks.5.ffn.layers.0.0.weight - torch.Size([1536, 384]): 
Initialized by user-defined `init_weights` in SwinTransformer  

backbone.stages.2.blocks.5.ffn.layers.0.0.bias - torch.Size([1536]): 
Initialized by user-defined `init_weights` in SwinTransformer  

backbone.stages.2.blocks.5.ffn.layers.1.weight - torch.Size([384, 1536]): 
Initialized by user-defined `init_weights` in SwinTransformer  

backbone.stages.2.blocks.5.ffn.layers.1.bias - torch.Size([384]): 
Initialized by user-defined `init_weights` in SwinTransformer  

backbone.stages.2.downsample.norm.weight - torch.Size([1536]): 
Initialized by user-defined `init_weights` in SwinTransformer  

backbone.stages.2.downsample.norm.bias - torch.Size([1536]): 
Initialized by user-defined `init_weights` in SwinTransformer  

backbone.stages.2.downsample.reduction.weight - torch.Size([768, 1536]): 
Initialized by user-defined `init_weights` in SwinTransformer  

backbone.stages.3.blocks.0.norm1.weight - torch.Size([768]): 
Initialized by user-defined `init_weights` in SwinTransformer  

backbone.stages.3.blocks.0.norm1.bias - torch.Size([768]): 
Initialized by user-defined `init_weights` in SwinTransformer  

backbone.stages.3.blocks.0.attn.w_msa.relative_position_bias_table - torch.Size([169, 24]): 
Initialized by user-defined `init_weights` in SwinTransformer  

backbone.stages.3.blocks.0.attn.w_msa.qkv.weight - torch.Size([2304, 768]): 
Initialized by user-defined `init_weights` in SwinTransformer  

backbone.stages.3.blocks.0.attn.w_msa.qkv.bias - torch.Size([2304]): 
Initialized by user-defined `init_weights` in SwinTransformer  

backbone.stages.3.blocks.0.attn.w_msa.proj.weight - torch.Size([768, 768]): 
Initialized by user-defined `init_weights` in SwinTransformer  

backbone.stages.3.blocks.0.attn.w_msa.proj.bias - torch.Size([768]): 
Initialized by user-defined `init_weights` in SwinTransformer  

backbone.stages.3.blocks.0.norm2.weight - torch.Size([768]): 
Initialized by user-defined `init_weights` in SwinTransformer  

backbone.stages.3.blocks.0.norm2.bias - torch.Size([768]): 
Initialized by user-defined `init_weights` in SwinTransformer  

backbone.stages.3.blocks.0.ffn.layers.0.0.weight - torch.Size([3072, 768]): 
Initialized by user-defined `init_weights` in SwinTransformer  

backbone.stages.3.blocks.0.ffn.layers.0.0.bias - torch.Size([3072]): 
Initialized by user-defined `init_weights` in SwinTransformer  

backbone.stages.3.blocks.0.ffn.layers.1.weight - torch.Size([768, 3072]): 
Initialized by user-defined `init_weights` in SwinTransformer  

backbone.stages.3.blocks.0.ffn.layers.1.bias - torch.Size([768]): 
Initialized by user-defined `init_weights` in SwinTransformer  

backbone.stages.3.blocks.1.norm1.weight - torch.Size([768]): 
Initialized by user-defined `init_weights` in SwinTransformer  

backbone.stages.3.blocks.1.norm1.bias - torch.Size([768]): 
Initialized by user-defined `init_weights` in SwinTransformer  

backbone.stages.3.blocks.1.attn.w_msa.relative_position_bias_table - torch.Size([169, 24]): 
Initialized by user-defined `init_weights` in SwinTransformer  

backbone.stages.3.blocks.1.attn.w_msa.qkv.weight - torch.Size([2304, 768]): 
Initialized by user-defined `init_weights` in SwinTransformer  

backbone.stages.3.blocks.1.attn.w_msa.qkv.bias - torch.Size([2304]): 
Initialized by user-defined `init_weights` in SwinTransformer  

backbone.stages.3.blocks.1.attn.w_msa.proj.weight - torch.Size([768, 768]): 
Initialized by user-defined `init_weights` in SwinTransformer  

backbone.stages.3.blocks.1.attn.w_msa.proj.bias - torch.Size([768]): 
Initialized by user-defined `init_weights` in SwinTransformer  

backbone.stages.3.blocks.1.norm2.weight - torch.Size([768]): 
Initialized by user-defined `init_weights` in SwinTransformer  

backbone.stages.3.blocks.1.norm2.bias - torch.Size([768]): 
Initialized by user-defined `init_weights` in SwinTransformer  

backbone.stages.3.blocks.1.ffn.layers.0.0.weight - torch.Size([3072, 768]): 
Initialized by user-defined `init_weights` in SwinTransformer  

backbone.stages.3.blocks.1.ffn.layers.0.0.bias - torch.Size([3072]): 
Initialized by user-defined `init_weights` in SwinTransformer  

backbone.stages.3.blocks.1.ffn.layers.1.weight - torch.Size([768, 3072]): 
Initialized by user-defined `init_weights` in SwinTransformer  

backbone.stages.3.blocks.1.ffn.layers.1.bias - torch.Size([768]): 
Initialized by user-defined `init_weights` in SwinTransformer  

backbone.norm0.weight - torch.Size([96]): 
The value is the same before and after calling `init_weights` of EncoderDecoder  

backbone.norm0.bias - torch.Size([96]): 
The value is the same before and after calling `init_weights` of EncoderDecoder  

backbone.norm1.weight - torch.Size([192]): 
The value is the same before and after calling `init_weights` of EncoderDecoder  

backbone.norm1.bias - torch.Size([192]): 
The value is the same before and after calling `init_weights` of EncoderDecoder  

backbone.norm2.weight - torch.Size([384]): 
The value is the same before and after calling `init_weights` of EncoderDecoder  

backbone.norm2.bias - torch.Size([384]): 
The value is the same before and after calling `init_weights` of EncoderDecoder  

backbone.norm3.weight - torch.Size([768]): 
The value is the same before and after calling `init_weights` of EncoderDecoder  

backbone.norm3.bias - torch.Size([768]): 
The value is the same before and after calling `init_weights` of EncoderDecoder  

decode_head.pixel_decoder.input_convs.0.conv.weight - torch.Size([256, 768, 1, 1]): 
Initialized by user-defined `init_weights` in Mask2FormerHead  

decode_head.pixel_decoder.input_convs.0.conv.bias - torch.Size([256]): 
The value is the same before and after calling `init_weights` of EncoderDecoder  

decode_head.pixel_decoder.input_convs.0.gn.weight - torch.Size([256]): 
The value is the same before and after calling `init_weights` of EncoderDecoder  

decode_head.pixel_decoder.input_convs.0.gn.bias - torch.Size([256]): 
The value is the same before and after calling `init_weights` of EncoderDecoder  

decode_head.pixel_decoder.input_convs.1.conv.weight - torch.Size([256, 384, 1, 1]): 
Initialized by user-defined `init_weights` in Mask2FormerHead  

decode_head.pixel_decoder.input_convs.1.conv.bias - torch.Size([256]): 
The value is the same before and after calling `init_weights` of EncoderDecoder  

decode_head.pixel_decoder.input_convs.1.gn.weight - torch.Size([256]): 
The value is the same before and after calling `init_weights` of EncoderDecoder  

decode_head.pixel_decoder.input_convs.1.gn.bias - torch.Size([256]): 
The value is the same before and after calling `init_weights` of EncoderDecoder  

decode_head.pixel_decoder.input_convs.2.conv.weight - torch.Size([256, 192, 1, 1]): 
Initialized by user-defined `init_weights` in Mask2FormerHead  

decode_head.pixel_decoder.input_convs.2.conv.bias - torch.Size([256]): 
The value is the same before and after calling `init_weights` of EncoderDecoder  

decode_head.pixel_decoder.input_convs.2.gn.weight - torch.Size([256]): 
The value is the same before and after calling `init_weights` of EncoderDecoder  

decode_head.pixel_decoder.input_convs.2.gn.bias - torch.Size([256]): 
The value is the same before and after calling `init_weights` of EncoderDecoder  

decode_head.pixel_decoder.encoder.layers.0.self_attn.sampling_offsets.weight - torch.Size([192, 256]): 
The value is the same before and after calling `init_weights` of EncoderDecoder  

decode_head.pixel_decoder.encoder.layers.0.self_attn.sampling_offsets.bias - torch.Size([192]): 
Initialized by user-defined `init_weights` in Mask2FormerHead  

decode_head.pixel_decoder.encoder.layers.0.self_attn.attention_weights.weight - torch.Size([96, 256]): 
The value is the same before and after calling `init_weights` of EncoderDecoder  

decode_head.pixel_decoder.encoder.layers.0.self_attn.attention_weights.bias - torch.Size([96]): 
The value is the same before and after calling `init_weights` of EncoderDecoder  

decode_head.pixel_decoder.encoder.layers.0.self_attn.value_proj.weight - torch.Size([256, 256]): 
Initialized by user-defined `init_weights` in Mask2FormerHead  

decode_head.pixel_decoder.encoder.layers.0.self_attn.value_proj.bias - torch.Size([256]): 
The value is the same before and after calling `init_weights` of EncoderDecoder  

decode_head.pixel_decoder.encoder.layers.0.self_attn.output_proj.weight - torch.Size([256, 256]): 
Initialized by user-defined `init_weights` in Mask2FormerHead  

decode_head.pixel_decoder.encoder.layers.0.self_attn.output_proj.bias - torch.Size([256]): 
The value is the same before and after calling `init_weights` of EncoderDecoder  

decode_head.pixel_decoder.encoder.layers.0.ffn.layers.0.0.weight - torch.Size([1024, 256]): 
Initialized by user-defined `init_weights` in Mask2FormerHead  

decode_head.pixel_decoder.encoder.layers.0.ffn.layers.0.0.bias - torch.Size([1024]): 
The value is the same before and after calling `init_weights` of EncoderDecoder  

decode_head.pixel_decoder.encoder.layers.0.ffn.layers.1.weight - torch.Size([256, 1024]): 
Initialized by user-defined `init_weights` in Mask2FormerHead  

decode_head.pixel_decoder.encoder.layers.0.ffn.layers.1.bias - torch.Size([256]): 
The value is the same before and after calling `init_weights` of EncoderDecoder  

decode_head.pixel_decoder.encoder.layers.0.norms.0.weight - torch.Size([256]): 
The value is the same before and after calling `init_weights` of EncoderDecoder  

decode_head.pixel_decoder.encoder.layers.0.norms.0.bias - torch.Size([256]): 
The value is the same before and after calling `init_weights` of EncoderDecoder  

decode_head.pixel_decoder.encoder.layers.0.norms.1.weight - torch.Size([256]): 
The value is the same before and after calling `init_weights` of EncoderDecoder  

decode_head.pixel_decoder.encoder.layers.0.norms.1.bias - torch.Size([256]): 
The value is the same before and after calling `init_weights` of EncoderDecoder  

decode_head.pixel_decoder.encoder.layers.1.self_attn.sampling_offsets.weight - torch.Size([192, 256]): 
The value is the same before and after calling `init_weights` of EncoderDecoder  

decode_head.pixel_decoder.encoder.layers.1.self_attn.sampling_offsets.bias - torch.Size([192]): 
Initialized by user-defined `init_weights` in Mask2FormerHead  

decode_head.pixel_decoder.encoder.layers.1.self_attn.attention_weights.weight - torch.Size([96, 256]): 
The value is the same before and after calling `init_weights` of EncoderDecoder  

decode_head.pixel_decoder.encoder.layers.1.self_attn.attention_weights.bias - torch.Size([96]): 
The value is the same before and after calling `init_weights` of EncoderDecoder  

decode_head.pixel_decoder.encoder.layers.1.self_attn.value_proj.weight - torch.Size([256, 256]): 
Initialized by user-defined `init_weights` in Mask2FormerHead  

decode_head.pixel_decoder.encoder.layers.1.self_attn.value_proj.bias - torch.Size([256]): 
The value is the same before and after calling `init_weights` of EncoderDecoder  

decode_head.pixel_decoder.encoder.layers.1.self_attn.output_proj.weight - torch.Size([256, 256]): 
Initialized by user-defined `init_weights` in Mask2FormerHead  

decode_head.pixel_decoder.encoder.layers.1.self_attn.output_proj.bias - torch.Size([256]): 
The value is the same before and after calling `init_weights` of EncoderDecoder  

decode_head.pixel_decoder.encoder.layers.1.ffn.layers.0.0.weight - torch.Size([1024, 256]): 
Initialized by user-defined `init_weights` in Mask2FormerHead  

decode_head.pixel_decoder.encoder.layers.1.ffn.layers.0.0.bias - torch.Size([1024]): 
The value is the same before and after calling `init_weights` of EncoderDecoder  

decode_head.pixel_decoder.encoder.layers.1.ffn.layers.1.weight - torch.Size([256, 1024]): 
Initialized by user-defined `init_weights` in Mask2FormerHead  

decode_head.pixel_decoder.encoder.layers.1.ffn.layers.1.bias - torch.Size([256]): 
The value is the same before and after calling `init_weights` of EncoderDecoder  

decode_head.pixel_decoder.encoder.layers.1.norms.0.weight - torch.Size([256]): 
The value is the same before and after calling `init_weights` of EncoderDecoder  

decode_head.pixel_decoder.encoder.layers.1.norms.0.bias - torch.Size([256]): 
The value is the same before and after calling `init_weights` of EncoderDecoder  

decode_head.pixel_decoder.encoder.layers.1.norms.1.weight - torch.Size([256]): 
The value is the same before and after calling `init_weights` of EncoderDecoder  

decode_head.pixel_decoder.encoder.layers.1.norms.1.bias - torch.Size([256]): 
The value is the same before and after calling `init_weights` of EncoderDecoder  

decode_head.pixel_decoder.encoder.layers.2.self_attn.sampling_offsets.weight - torch.Size([192, 256]): 
The value is the same before and after calling `init_weights` of EncoderDecoder  

decode_head.pixel_decoder.encoder.layers.2.self_attn.sampling_offsets.bias - torch.Size([192]): 
Initialized by user-defined `init_weights` in Mask2FormerHead  

decode_head.pixel_decoder.encoder.layers.2.self_attn.attention_weights.weight - torch.Size([96, 256]): 
The value is the same before and after calling `init_weights` of EncoderDecoder  

decode_head.pixel_decoder.encoder.layers.2.self_attn.attention_weights.bias - torch.Size([96]): 
The value is the same before and after calling `init_weights` of EncoderDecoder  

decode_head.pixel_decoder.encoder.layers.2.self_attn.value_proj.weight - torch.Size([256, 256]): 
Initialized by user-defined `init_weights` in Mask2FormerHead  

decode_head.pixel_decoder.encoder.layers.2.self_attn.value_proj.bias - torch.Size([256]): 
The value is the same before and after calling `init_weights` of EncoderDecoder  

decode_head.pixel_decoder.encoder.layers.2.self_attn.output_proj.weight - torch.Size([256, 256]): 
Initialized by user-defined `init_weights` in Mask2FormerHead  

decode_head.pixel_decoder.encoder.layers.2.self_attn.output_proj.bias - torch.Size([256]): 
The value is the same before and after calling `init_weights` of EncoderDecoder  

decode_head.pixel_decoder.encoder.layers.2.ffn.layers.0.0.weight - torch.Size([1024, 256]): 
Initialized by user-defined `init_weights` in Mask2FormerHead  

decode_head.pixel_decoder.encoder.layers.2.ffn.layers.0.0.bias - torch.Size([1024]): 
The value is the same before and after calling `init_weights` of EncoderDecoder  

decode_head.pixel_decoder.encoder.layers.2.ffn.layers.1.weight - torch.Size([256, 1024]): 
Initialized by user-defined `init_weights` in Mask2FormerHead  

decode_head.pixel_decoder.encoder.layers.2.ffn.layers.1.bias - torch.Size([256]): 
The value is the same before and after calling `init_weights` of EncoderDecoder  

decode_head.pixel_decoder.encoder.layers.2.norms.0.weight - torch.Size([256]): 
The value is the same before and after calling `init_weights` of EncoderDecoder  

decode_head.pixel_decoder.encoder.layers.2.norms.0.bias - torch.Size([256]): 
The value is the same before and after calling `init_weights` of EncoderDecoder  

decode_head.pixel_decoder.encoder.layers.2.norms.1.weight - torch.Size([256]): 
The value is the same before and after calling `init_weights` of EncoderDecoder  

decode_head.pixel_decoder.encoder.layers.2.norms.1.bias - torch.Size([256]): 
The value is the same before and after calling `init_weights` of EncoderDecoder  

decode_head.pixel_decoder.encoder.layers.3.self_attn.sampling_offsets.weight - torch.Size([192, 256]): 
The value is the same before and after calling `init_weights` of EncoderDecoder  

decode_head.pixel_decoder.encoder.layers.3.self_attn.sampling_offsets.bias - torch.Size([192]): 
Initialized by user-defined `init_weights` in Mask2FormerHead  

decode_head.pixel_decoder.encoder.layers.3.self_attn.attention_weights.weight - torch.Size([96, 256]): 
The value is the same before and after calling `init_weights` of EncoderDecoder  

decode_head.pixel_decoder.encoder.layers.3.self_attn.attention_weights.bias - torch.Size([96]): 
The value is the same before and after calling `init_weights` of EncoderDecoder  

decode_head.pixel_decoder.encoder.layers.3.self_attn.value_proj.weight - torch.Size([256, 256]): 
Initialized by user-defined `init_weights` in Mask2FormerHead  

decode_head.pixel_decoder.encoder.layers.3.self_attn.value_proj.bias - torch.Size([256]): 
The value is the same before and after calling `init_weights` of EncoderDecoder  

decode_head.pixel_decoder.encoder.layers.3.self_attn.output_proj.weight - torch.Size([256, 256]): 
Initialized by user-defined `init_weights` in Mask2FormerHead  

decode_head.pixel_decoder.encoder.layers.3.self_attn.output_proj.bias - torch.Size([256]): 
The value is the same before and after calling `init_weights` of EncoderDecoder  

decode_head.pixel_decoder.encoder.layers.3.ffn.layers.0.0.weight - torch.Size([1024, 256]): 
Initialized by user-defined `init_weights` in Mask2FormerHead  

decode_head.pixel_decoder.encoder.layers.3.ffn.layers.0.0.bias - torch.Size([1024]): 
The value is the same before and after calling `init_weights` of EncoderDecoder  

decode_head.pixel_decoder.encoder.layers.3.ffn.layers.1.weight - torch.Size([256, 1024]): 
Initialized by user-defined `init_weights` in Mask2FormerHead  

decode_head.pixel_decoder.encoder.layers.3.ffn.layers.1.bias - torch.Size([256]): 
The value is the same before and after calling `init_weights` of EncoderDecoder  

decode_head.pixel_decoder.encoder.layers.3.norms.0.weight - torch.Size([256]): 
The value is the same before and after calling `init_weights` of EncoderDecoder  

decode_head.pixel_decoder.encoder.layers.3.norms.0.bias - torch.Size([256]): 
The value is the same before and after calling `init_weights` of EncoderDecoder  

decode_head.pixel_decoder.encoder.layers.3.norms.1.weight - torch.Size([256]): 
The value is the same before and after calling `init_weights` of EncoderDecoder  

decode_head.pixel_decoder.encoder.layers.3.norms.1.bias - torch.Size([256]): 
The value is the same before and after calling `init_weights` of EncoderDecoder  

decode_head.pixel_decoder.encoder.layers.4.self_attn.sampling_offsets.weight - torch.Size([192, 256]): 
The value is the same before and after calling `init_weights` of EncoderDecoder  

decode_head.pixel_decoder.encoder.layers.4.self_attn.sampling_offsets.bias - torch.Size([192]): 
Initialized by user-defined `init_weights` in Mask2FormerHead  

decode_head.pixel_decoder.encoder.layers.4.self_attn.attention_weights.weight - torch.Size([96, 256]): 
The value is the same before and after calling `init_weights` of EncoderDecoder  

decode_head.pixel_decoder.encoder.layers.4.self_attn.attention_weights.bias - torch.Size([96]): 
The value is the same before and after calling `init_weights` of EncoderDecoder  

decode_head.pixel_decoder.encoder.layers.4.self_attn.value_proj.weight - torch.Size([256, 256]): 
Initialized by user-defined `init_weights` in Mask2FormerHead  

decode_head.pixel_decoder.encoder.layers.4.self_attn.value_proj.bias - torch.Size([256]): 
The value is the same before and after calling `init_weights` of EncoderDecoder  

decode_head.pixel_decoder.encoder.layers.4.self_attn.output_proj.weight - torch.Size([256, 256]): 
Initialized by user-defined `init_weights` in Mask2FormerHead  

decode_head.pixel_decoder.encoder.layers.4.self_attn.output_proj.bias - torch.Size([256]): 
The value is the same before and after calling `init_weights` of EncoderDecoder  

decode_head.pixel_decoder.encoder.layers.4.ffn.layers.0.0.weight - torch.Size([1024, 256]): 
Initialized by user-defined `init_weights` in Mask2FormerHead  

decode_head.pixel_decoder.encoder.layers.4.ffn.layers.0.0.bias - torch.Size([1024]): 
The value is the same before and after calling `init_weights` of EncoderDecoder  

decode_head.pixel_decoder.encoder.layers.4.ffn.layers.1.weight - torch.Size([256, 1024]): 
Initialized by user-defined `init_weights` in Mask2FormerHead  

decode_head.pixel_decoder.encoder.layers.4.ffn.layers.1.bias - torch.Size([256]): 
The value is the same before and after calling `init_weights` of EncoderDecoder  

decode_head.pixel_decoder.encoder.layers.4.norms.0.weight - torch.Size([256]): 
The value is the same before and after calling `init_weights` of EncoderDecoder  

decode_head.pixel_decoder.encoder.layers.4.norms.0.bias - torch.Size([256]): 
The value is the same before and after calling `init_weights` of EncoderDecoder  

decode_head.pixel_decoder.encoder.layers.4.norms.1.weight - torch.Size([256]): 
The value is the same before and after calling `init_weights` of EncoderDecoder  

decode_head.pixel_decoder.encoder.layers.4.norms.1.bias - torch.Size([256]): 
The value is the same before and after calling `init_weights` of EncoderDecoder  

decode_head.pixel_decoder.encoder.layers.5.self_attn.sampling_offsets.weight - torch.Size([192, 256]): 
The value is the same before and after calling `init_weights` of EncoderDecoder  

decode_head.pixel_decoder.encoder.layers.5.self_attn.sampling_offsets.bias - torch.Size([192]): 
Initialized by user-defined `init_weights` in Mask2FormerHead  

decode_head.pixel_decoder.encoder.layers.5.self_attn.attention_weights.weight - torch.Size([96, 256]): 
The value is the same before and after calling `init_weights` of EncoderDecoder  

decode_head.pixel_decoder.encoder.layers.5.self_attn.attention_weights.bias - torch.Size([96]): 
The value is the same before and after calling `init_weights` of EncoderDecoder  

decode_head.pixel_decoder.encoder.layers.5.self_attn.value_proj.weight - torch.Size([256, 256]): 
Initialized by user-defined `init_weights` in Mask2FormerHead  

decode_head.pixel_decoder.encoder.layers.5.self_attn.value_proj.bias - torch.Size([256]): 
The value is the same before and after calling `init_weights` of EncoderDecoder  

decode_head.pixel_decoder.encoder.layers.5.self_attn.output_proj.weight - torch.Size([256, 256]): 
Initialized by user-defined `init_weights` in Mask2FormerHead  

decode_head.pixel_decoder.encoder.layers.5.self_attn.output_proj.bias - torch.Size([256]): 
The value is the same before and after calling `init_weights` of EncoderDecoder  

decode_head.pixel_decoder.encoder.layers.5.ffn.layers.0.0.weight - torch.Size([1024, 256]): 
Initialized by user-defined `init_weights` in Mask2FormerHead  

decode_head.pixel_decoder.encoder.layers.5.ffn.layers.0.0.bias - torch.Size([1024]): 
The value is the same before and after calling `init_weights` of EncoderDecoder  

decode_head.pixel_decoder.encoder.layers.5.ffn.layers.1.weight - torch.Size([256, 1024]): 
Initialized by user-defined `init_weights` in Mask2FormerHead  

decode_head.pixel_decoder.encoder.layers.5.ffn.layers.1.bias - torch.Size([256]): 
The value is the same before and after calling `init_weights` of EncoderDecoder  

decode_head.pixel_decoder.encoder.layers.5.norms.0.weight - torch.Size([256]): 
The value is the same before and after calling `init_weights` of EncoderDecoder  

decode_head.pixel_decoder.encoder.layers.5.norms.0.bias - torch.Size([256]): 
The value is the same before and after calling `init_weights` of EncoderDecoder  

decode_head.pixel_decoder.encoder.layers.5.norms.1.weight - torch.Size([256]): 
The value is the same before and after calling `init_weights` of EncoderDecoder  

decode_head.pixel_decoder.encoder.layers.5.norms.1.bias - torch.Size([256]): 
The value is the same before and after calling `init_weights` of EncoderDecoder  

decode_head.pixel_decoder.level_encoding.weight - torch.Size([3, 256]): 
Initialized by user-defined `init_weights` in Mask2FormerHead  

decode_head.pixel_decoder.lateral_convs.0.conv.weight - torch.Size([256, 96, 1, 1]): 
Initialized by user-defined `init_weights` in Mask2FormerHead  

decode_head.pixel_decoder.lateral_convs.0.gn.weight - torch.Size([256]): 
The value is the same before and after calling `init_weights` of EncoderDecoder  

decode_head.pixel_decoder.lateral_convs.0.gn.bias - torch.Size([256]): 
The value is the same before and after calling `init_weights` of EncoderDecoder  

decode_head.pixel_decoder.output_convs.0.conv.weight - torch.Size([256, 256, 3, 3]): 
Initialized by user-defined `init_weights` in Mask2FormerHead  

decode_head.pixel_decoder.output_convs.0.gn.weight - torch.Size([256]): 
The value is the same before and after calling `init_weights` of EncoderDecoder  

decode_head.pixel_decoder.output_convs.0.gn.bias - torch.Size([256]): 
The value is the same before and after calling `init_weights` of EncoderDecoder  

decode_head.pixel_decoder.mask_feature.weight - torch.Size([256, 256, 1, 1]): 
Initialized by user-defined `init_weights` in Mask2FormerHead  

decode_head.pixel_decoder.mask_feature.bias - torch.Size([256]): 
Initialized by user-defined `init_weights` in Mask2FormerHead  

decode_head.transformer_decoder.layers.0.self_attn.attn.in_proj_weight - torch.Size([768, 256]): 
Initialized by user-defined `init_weights` in Mask2FormerHead  

decode_head.transformer_decoder.layers.0.self_attn.attn.in_proj_bias - torch.Size([768]): 
The value is the same before and after calling `init_weights` of EncoderDecoder  

decode_head.transformer_decoder.layers.0.self_attn.attn.out_proj.weight - torch.Size([256, 256]): 
Initialized by user-defined `init_weights` in Mask2FormerHead  

decode_head.transformer_decoder.layers.0.self_attn.attn.out_proj.bias - torch.Size([256]): 
The value is the same before and after calling `init_weights` of EncoderDecoder  

decode_head.transformer_decoder.layers.0.cross_attn.attn.in_proj_weight - torch.Size([768, 256]): 
Initialized by user-defined `init_weights` in Mask2FormerHead  

decode_head.transformer_decoder.layers.0.cross_attn.attn.in_proj_bias - torch.Size([768]): 
The value is the same before and after calling `init_weights` of EncoderDecoder  

decode_head.transformer_decoder.layers.0.cross_attn.attn.out_proj.weight - torch.Size([256, 256]): 
Initialized by user-defined `init_weights` in Mask2FormerHead  

decode_head.transformer_decoder.layers.0.cross_attn.attn.out_proj.bias - torch.Size([256]): 
The value is the same before and after calling `init_weights` of EncoderDecoder  

decode_head.transformer_decoder.layers.0.ffn.layers.0.0.weight - torch.Size([2048, 256]): 
Initialized by user-defined `init_weights` in Mask2FormerHead  

decode_head.transformer_decoder.layers.0.ffn.layers.0.0.bias - torch.Size([2048]): 
The value is the same before and after calling `init_weights` of EncoderDecoder  

decode_head.transformer_decoder.layers.0.ffn.layers.1.weight - torch.Size([256, 2048]): 
Initialized by user-defined `init_weights` in Mask2FormerHead  

decode_head.transformer_decoder.layers.0.ffn.layers.1.bias - torch.Size([256]): 
The value is the same before and after calling `init_weights` of EncoderDecoder  

decode_head.transformer_decoder.layers.0.norms.0.weight - torch.Size([256]): 
The value is the same before and after calling `init_weights` of EncoderDecoder  

decode_head.transformer_decoder.layers.0.norms.0.bias - torch.Size([256]): 
The value is the same before and after calling `init_weights` of EncoderDecoder  

decode_head.transformer_decoder.layers.0.norms.1.weight - torch.Size([256]): 
The value is the same before and after calling `init_weights` of EncoderDecoder  

decode_head.transformer_decoder.layers.0.norms.1.bias - torch.Size([256]): 
The value is the same before and after calling `init_weights` of EncoderDecoder  

decode_head.transformer_decoder.layers.0.norms.2.weight - torch.Size([256]): 
The value is the same before and after calling `init_weights` of EncoderDecoder  

decode_head.transformer_decoder.layers.0.norms.2.bias - torch.Size([256]): 
The value is the same before and after calling `init_weights` of EncoderDecoder  

decode_head.transformer_decoder.layers.1.self_attn.attn.in_proj_weight - torch.Size([768, 256]): 
Initialized by user-defined `init_weights` in Mask2FormerHead  

decode_head.transformer_decoder.layers.1.self_attn.attn.in_proj_bias - torch.Size([768]): 
The value is the same before and after calling `init_weights` of EncoderDecoder  

decode_head.transformer_decoder.layers.1.self_attn.attn.out_proj.weight - torch.Size([256, 256]): 
Initialized by user-defined `init_weights` in Mask2FormerHead  

decode_head.transformer_decoder.layers.1.self_attn.attn.out_proj.bias - torch.Size([256]): 
The value is the same before and after calling `init_weights` of EncoderDecoder  

decode_head.transformer_decoder.layers.1.cross_attn.attn.in_proj_weight - torch.Size([768, 256]): 
Initialized by user-defined `init_weights` in Mask2FormerHead  

decode_head.transformer_decoder.layers.1.cross_attn.attn.in_proj_bias - torch.Size([768]): 
The value is the same before and after calling `init_weights` of EncoderDecoder  

decode_head.transformer_decoder.layers.1.cross_attn.attn.out_proj.weight - torch.Size([256, 256]): 
Initialized by user-defined `init_weights` in Mask2FormerHead  

decode_head.transformer_decoder.layers.1.cross_attn.attn.out_proj.bias - torch.Size([256]): 
The value is the same before and after calling `init_weights` of EncoderDecoder  

decode_head.transformer_decoder.layers.1.ffn.layers.0.0.weight - torch.Size([2048, 256]): 
Initialized by user-defined `init_weights` in Mask2FormerHead  

decode_head.transformer_decoder.layers.1.ffn.layers.0.0.bias - torch.Size([2048]): 
The value is the same before and after calling `init_weights` of EncoderDecoder  

decode_head.transformer_decoder.layers.1.ffn.layers.1.weight - torch.Size([256, 2048]): 
Initialized by user-defined `init_weights` in Mask2FormerHead  

decode_head.transformer_decoder.layers.1.ffn.layers.1.bias - torch.Size([256]): 
The value is the same before and after calling `init_weights` of EncoderDecoder  

decode_head.transformer_decoder.layers.1.norms.0.weight - torch.Size([256]): 
The value is the same before and after calling `init_weights` of EncoderDecoder  

decode_head.transformer_decoder.layers.1.norms.0.bias - torch.Size([256]): 
The value is the same before and after calling `init_weights` of EncoderDecoder  

decode_head.transformer_decoder.layers.1.norms.1.weight - torch.Size([256]): 
The value is the same before and after calling `init_weights` of EncoderDecoder  

decode_head.transformer_decoder.layers.1.norms.1.bias - torch.Size([256]): 
The value is the same before and after calling `init_weights` of EncoderDecoder  

decode_head.transformer_decoder.layers.1.norms.2.weight - torch.Size([256]): 
The value is the same before and after calling `init_weights` of EncoderDecoder  

decode_head.transformer_decoder.layers.1.norms.2.bias - torch.Size([256]): 
The value is the same before and after calling `init_weights` of EncoderDecoder  

decode_head.transformer_decoder.layers.2.self_attn.attn.in_proj_weight - torch.Size([768, 256]): 
Initialized by user-defined `init_weights` in Mask2FormerHead  

decode_head.transformer_decoder.layers.2.self_attn.attn.in_proj_bias - torch.Size([768]): 
The value is the same before and after calling `init_weights` of EncoderDecoder  

decode_head.transformer_decoder.layers.2.self_attn.attn.out_proj.weight - torch.Size([256, 256]): 
Initialized by user-defined `init_weights` in Mask2FormerHead  

decode_head.transformer_decoder.layers.2.self_attn.attn.out_proj.bias - torch.Size([256]): 
The value is the same before and after calling `init_weights` of EncoderDecoder  

decode_head.transformer_decoder.layers.2.cross_attn.attn.in_proj_weight - torch.Size([768, 256]): 
Initialized by user-defined `init_weights` in Mask2FormerHead  

decode_head.transformer_decoder.layers.2.cross_attn.attn.in_proj_bias - torch.Size([768]): 
The value is the same before and after calling `init_weights` of EncoderDecoder  

decode_head.transformer_decoder.layers.2.cross_attn.attn.out_proj.weight - torch.Size([256, 256]): 
Initialized by user-defined `init_weights` in Mask2FormerHead  

decode_head.transformer_decoder.layers.2.cross_attn.attn.out_proj.bias - torch.Size([256]): 
The value is the same before and after calling `init_weights` of EncoderDecoder  

decode_head.transformer_decoder.layers.2.ffn.layers.0.0.weight - torch.Size([2048, 256]): 
Initialized by user-defined `init_weights` in Mask2FormerHead  

decode_head.transformer_decoder.layers.2.ffn.layers.0.0.bias - torch.Size([2048]): 
The value is the same before and after calling `init_weights` of EncoderDecoder  

decode_head.transformer_decoder.layers.2.ffn.layers.1.weight - torch.Size([256, 2048]): 
Initialized by user-defined `init_weights` in Mask2FormerHead  

decode_head.transformer_decoder.layers.2.ffn.layers.1.bias - torch.Size([256]): 
The value is the same before and after calling `init_weights` of EncoderDecoder  

decode_head.transformer_decoder.layers.2.norms.0.weight - torch.Size([256]): 
The value is the same before and after calling `init_weights` of EncoderDecoder  

decode_head.transformer_decoder.layers.2.norms.0.bias - torch.Size([256]): 
The value is the same before and after calling `init_weights` of EncoderDecoder  

decode_head.transformer_decoder.layers.2.norms.1.weight - torch.Size([256]): 
The value is the same before and after calling `init_weights` of EncoderDecoder  

decode_head.transformer_decoder.layers.2.norms.1.bias - torch.Size([256]): 
The value is the same before and after calling `init_weights` of EncoderDecoder  

decode_head.transformer_decoder.layers.2.norms.2.weight - torch.Size([256]): 
The value is the same before and after calling `init_weights` of EncoderDecoder  

decode_head.transformer_decoder.layers.2.norms.2.bias - torch.Size([256]): 
The value is the same before and after calling `init_weights` of EncoderDecoder  

decode_head.transformer_decoder.layers.3.self_attn.attn.in_proj_weight - torch.Size([768, 256]): 
Initialized by user-defined `init_weights` in Mask2FormerHead  

decode_head.transformer_decoder.layers.3.self_attn.attn.in_proj_bias - torch.Size([768]): 
The value is the same before and after calling `init_weights` of EncoderDecoder  

decode_head.transformer_decoder.layers.3.self_attn.attn.out_proj.weight - torch.Size([256, 256]): 
Initialized by user-defined `init_weights` in Mask2FormerHead  

decode_head.transformer_decoder.layers.3.self_attn.attn.out_proj.bias - torch.Size([256]): 
The value is the same before and after calling `init_weights` of EncoderDecoder  

decode_head.transformer_decoder.layers.3.cross_attn.attn.in_proj_weight - torch.Size([768, 256]): 
Initialized by user-defined `init_weights` in Mask2FormerHead  

decode_head.transformer_decoder.layers.3.cross_attn.attn.in_proj_bias - torch.Size([768]): 
The value is the same before and after calling `init_weights` of EncoderDecoder  

decode_head.transformer_decoder.layers.3.cross_attn.attn.out_proj.weight - torch.Size([256, 256]): 
Initialized by user-defined `init_weights` in Mask2FormerHead  

decode_head.transformer_decoder.layers.3.cross_attn.attn.out_proj.bias - torch.Size([256]): 
The value is the same before and after calling `init_weights` of EncoderDecoder  

decode_head.transformer_decoder.layers.3.ffn.layers.0.0.weight - torch.Size([2048, 256]): 
Initialized by user-defined `init_weights` in Mask2FormerHead  

decode_head.transformer_decoder.layers.3.ffn.layers.0.0.bias - torch.Size([2048]): 
The value is the same before and after calling `init_weights` of EncoderDecoder  

decode_head.transformer_decoder.layers.3.ffn.layers.1.weight - torch.Size([256, 2048]): 
Initialized by user-defined `init_weights` in Mask2FormerHead  

decode_head.transformer_decoder.layers.3.ffn.layers.1.bias - torch.Size([256]): 
The value is the same before and after calling `init_weights` of EncoderDecoder  

decode_head.transformer_decoder.layers.3.norms.0.weight - torch.Size([256]): 
The value is the same before and after calling `init_weights` of EncoderDecoder  

decode_head.transformer_decoder.layers.3.norms.0.bias - torch.Size([256]): 
The value is the same before and after calling `init_weights` of EncoderDecoder  

decode_head.transformer_decoder.layers.3.norms.1.weight - torch.Size([256]): 
The value is the same before and after calling `init_weights` of EncoderDecoder  

decode_head.transformer_decoder.layers.3.norms.1.bias - torch.Size([256]): 
The value is the same before and after calling `init_weights` of EncoderDecoder  

decode_head.transformer_decoder.layers.3.norms.2.weight - torch.Size([256]): 
The value is the same before and after calling `init_weights` of EncoderDecoder  

decode_head.transformer_decoder.layers.3.norms.2.bias - torch.Size([256]): 
The value is the same before and after calling `init_weights` of EncoderDecoder  

decode_head.transformer_decoder.layers.4.self_attn.attn.in_proj_weight - torch.Size([768, 256]): 
Initialized by user-defined `init_weights` in Mask2FormerHead  

decode_head.transformer_decoder.layers.4.self_attn.attn.in_proj_bias - torch.Size([768]): 
The value is the same before and after calling `init_weights` of EncoderDecoder  

decode_head.transformer_decoder.layers.4.self_attn.attn.out_proj.weight - torch.Size([256, 256]): 
Initialized by user-defined `init_weights` in Mask2FormerHead  

decode_head.transformer_decoder.layers.4.self_attn.attn.out_proj.bias - torch.Size([256]): 
The value is the same before and after calling `init_weights` of EncoderDecoder  

decode_head.transformer_decoder.layers.4.cross_attn.attn.in_proj_weight - torch.Size([768, 256]): 
Initialized by user-defined `init_weights` in Mask2FormerHead  

decode_head.transformer_decoder.layers.4.cross_attn.attn.in_proj_bias - torch.Size([768]): 
The value is the same before and after calling `init_weights` of EncoderDecoder  

decode_head.transformer_decoder.layers.4.cross_attn.attn.out_proj.weight - torch.Size([256, 256]): 
Initialized by user-defined `init_weights` in Mask2FormerHead  

decode_head.transformer_decoder.layers.4.cross_attn.attn.out_proj.bias - torch.Size([256]): 
The value is the same before and after calling `init_weights` of EncoderDecoder  

decode_head.transformer_decoder.layers.4.ffn.layers.0.0.weight - torch.Size([2048, 256]): 
Initialized by user-defined `init_weights` in Mask2FormerHead  

decode_head.transformer_decoder.layers.4.ffn.layers.0.0.bias - torch.Size([2048]): 
The value is the same before and after calling `init_weights` of EncoderDecoder  

decode_head.transformer_decoder.layers.4.ffn.layers.1.weight - torch.Size([256, 2048]): 
Initialized by user-defined `init_weights` in Mask2FormerHead  

decode_head.transformer_decoder.layers.4.ffn.layers.1.bias - torch.Size([256]): 
The value is the same before and after calling `init_weights` of EncoderDecoder  

decode_head.transformer_decoder.layers.4.norms.0.weight - torch.Size([256]): 
The value is the same before and after calling `init_weights` of EncoderDecoder  

decode_head.transformer_decoder.layers.4.norms.0.bias - torch.Size([256]): 
The value is the same before and after calling `init_weights` of EncoderDecoder  

decode_head.transformer_decoder.layers.4.norms.1.weight - torch.Size([256]): 
The value is the same before and after calling `init_weights` of EncoderDecoder  

decode_head.transformer_decoder.layers.4.norms.1.bias - torch.Size([256]): 
The value is the same before and after calling `init_weights` of EncoderDecoder  

decode_head.transformer_decoder.layers.4.norms.2.weight - torch.Size([256]): 
The value is the same before and after calling `init_weights` of EncoderDecoder  

decode_head.transformer_decoder.layers.4.norms.2.bias - torch.Size([256]): 
The value is the same before and after calling `init_weights` of EncoderDecoder  

decode_head.transformer_decoder.layers.5.self_attn.attn.in_proj_weight - torch.Size([768, 256]): 
Initialized by user-defined `init_weights` in Mask2FormerHead  

decode_head.transformer_decoder.layers.5.self_attn.attn.in_proj_bias - torch.Size([768]): 
The value is the same before and after calling `init_weights` of EncoderDecoder  

decode_head.transformer_decoder.layers.5.self_attn.attn.out_proj.weight - torch.Size([256, 256]): 
Initialized by user-defined `init_weights` in Mask2FormerHead  

decode_head.transformer_decoder.layers.5.self_attn.attn.out_proj.bias - torch.Size([256]): 
The value is the same before and after calling `init_weights` of EncoderDecoder  

decode_head.transformer_decoder.layers.5.cross_attn.attn.in_proj_weight - torch.Size([768, 256]): 
Initialized by user-defined `init_weights` in Mask2FormerHead  

decode_head.transformer_decoder.layers.5.cross_attn.attn.in_proj_bias - torch.Size([768]): 
The value is the same before and after calling `init_weights` of EncoderDecoder  

decode_head.transformer_decoder.layers.5.cross_attn.attn.out_proj.weight - torch.Size([256, 256]): 
Initialized by user-defined `init_weights` in Mask2FormerHead  

decode_head.transformer_decoder.layers.5.cross_attn.attn.out_proj.bias - torch.Size([256]): 
The value is the same before and after calling `init_weights` of EncoderDecoder  

decode_head.transformer_decoder.layers.5.ffn.layers.0.0.weight - torch.Size([2048, 256]): 
Initialized by user-defined `init_weights` in Mask2FormerHead  

decode_head.transformer_decoder.layers.5.ffn.layers.0.0.bias - torch.Size([2048]): 
The value is the same before and after calling `init_weights` of EncoderDecoder  

decode_head.transformer_decoder.layers.5.ffn.layers.1.weight - torch.Size([256, 2048]): 
Initialized by user-defined `init_weights` in Mask2FormerHead  

decode_head.transformer_decoder.layers.5.ffn.layers.1.bias - torch.Size([256]): 
The value is the same before and after calling `init_weights` of EncoderDecoder  

decode_head.transformer_decoder.layers.5.norms.0.weight - torch.Size([256]): 
The value is the same before and after calling `init_weights` of EncoderDecoder  

decode_head.transformer_decoder.layers.5.norms.0.bias - torch.Size([256]): 
The value is the same before and after calling `init_weights` of EncoderDecoder  

decode_head.transformer_decoder.layers.5.norms.1.weight - torch.Size([256]): 
The value is the same before and after calling `init_weights` of EncoderDecoder  

decode_head.transformer_decoder.layers.5.norms.1.bias - torch.Size([256]): 
The value is the same before and after calling `init_weights` of EncoderDecoder  

decode_head.transformer_decoder.layers.5.norms.2.weight - torch.Size([256]): 
The value is the same before and after calling `init_weights` of EncoderDecoder  

decode_head.transformer_decoder.layers.5.norms.2.bias - torch.Size([256]): 
The value is the same before and after calling `init_weights` of EncoderDecoder  

decode_head.transformer_decoder.layers.6.self_attn.attn.in_proj_weight - torch.Size([768, 256]): 
Initialized by user-defined `init_weights` in Mask2FormerHead  

decode_head.transformer_decoder.layers.6.self_attn.attn.in_proj_bias - torch.Size([768]): 
The value is the same before and after calling `init_weights` of EncoderDecoder  

decode_head.transformer_decoder.layers.6.self_attn.attn.out_proj.weight - torch.Size([256, 256]): 
Initialized by user-defined `init_weights` in Mask2FormerHead  

decode_head.transformer_decoder.layers.6.self_attn.attn.out_proj.bias - torch.Size([256]): 
The value is the same before and after calling `init_weights` of EncoderDecoder  

decode_head.transformer_decoder.layers.6.cross_attn.attn.in_proj_weight - torch.Size([768, 256]): 
Initialized by user-defined `init_weights` in Mask2FormerHead  

decode_head.transformer_decoder.layers.6.cross_attn.attn.in_proj_bias - torch.Size([768]): 
The value is the same before and after calling `init_weights` of EncoderDecoder  

decode_head.transformer_decoder.layers.6.cross_attn.attn.out_proj.weight - torch.Size([256, 256]): 
Initialized by user-defined `init_weights` in Mask2FormerHead  

decode_head.transformer_decoder.layers.6.cross_attn.attn.out_proj.bias - torch.Size([256]): 
The value is the same before and after calling `init_weights` of EncoderDecoder  

decode_head.transformer_decoder.layers.6.ffn.layers.0.0.weight - torch.Size([2048, 256]): 
Initialized by user-defined `init_weights` in Mask2FormerHead  

decode_head.transformer_decoder.layers.6.ffn.layers.0.0.bias - torch.Size([2048]): 
The value is the same before and after calling `init_weights` of EncoderDecoder  

decode_head.transformer_decoder.layers.6.ffn.layers.1.weight - torch.Size([256, 2048]): 
Initialized by user-defined `init_weights` in Mask2FormerHead  

decode_head.transformer_decoder.layers.6.ffn.layers.1.bias - torch.Size([256]): 
The value is the same before and after calling `init_weights` of EncoderDecoder  

decode_head.transformer_decoder.layers.6.norms.0.weight - torch.Size([256]): 
The value is the same before and after calling `init_weights` of EncoderDecoder  

decode_head.transformer_decoder.layers.6.norms.0.bias - torch.Size([256]): 
The value is the same before and after calling `init_weights` of EncoderDecoder  

decode_head.transformer_decoder.layers.6.norms.1.weight - torch.Size([256]): 
The value is the same before and after calling `init_weights` of EncoderDecoder  

decode_head.transformer_decoder.layers.6.norms.1.bias - torch.Size([256]): 
The value is the same before and after calling `init_weights` of EncoderDecoder  

decode_head.transformer_decoder.layers.6.norms.2.weight - torch.Size([256]): 
The value is the same before and after calling `init_weights` of EncoderDecoder  

decode_head.transformer_decoder.layers.6.norms.2.bias - torch.Size([256]): 
The value is the same before and after calling `init_weights` of EncoderDecoder  

decode_head.transformer_decoder.layers.7.self_attn.attn.in_proj_weight - torch.Size([768, 256]): 
Initialized by user-defined `init_weights` in Mask2FormerHead  

decode_head.transformer_decoder.layers.7.self_attn.attn.in_proj_bias - torch.Size([768]): 
The value is the same before and after calling `init_weights` of EncoderDecoder  

decode_head.transformer_decoder.layers.7.self_attn.attn.out_proj.weight - torch.Size([256, 256]): 
Initialized by user-defined `init_weights` in Mask2FormerHead  

decode_head.transformer_decoder.layers.7.self_attn.attn.out_proj.bias - torch.Size([256]): 
The value is the same before and after calling `init_weights` of EncoderDecoder  

decode_head.transformer_decoder.layers.7.cross_attn.attn.in_proj_weight - torch.Size([768, 256]): 
Initialized by user-defined `init_weights` in Mask2FormerHead  

decode_head.transformer_decoder.layers.7.cross_attn.attn.in_proj_bias - torch.Size([768]): 
The value is the same before and after calling `init_weights` of EncoderDecoder  

decode_head.transformer_decoder.layers.7.cross_attn.attn.out_proj.weight - torch.Size([256, 256]): 
Initialized by user-defined `init_weights` in Mask2FormerHead  

decode_head.transformer_decoder.layers.7.cross_attn.attn.out_proj.bias - torch.Size([256]): 
The value is the same before and after calling `init_weights` of EncoderDecoder  

decode_head.transformer_decoder.layers.7.ffn.layers.0.0.weight - torch.Size([2048, 256]): 
Initialized by user-defined `init_weights` in Mask2FormerHead  

decode_head.transformer_decoder.layers.7.ffn.layers.0.0.bias - torch.Size([2048]): 
The value is the same before and after calling `init_weights` of EncoderDecoder  

decode_head.transformer_decoder.layers.7.ffn.layers.1.weight - torch.Size([256, 2048]): 
Initialized by user-defined `init_weights` in Mask2FormerHead  

decode_head.transformer_decoder.layers.7.ffn.layers.1.bias - torch.Size([256]): 
The value is the same before and after calling `init_weights` of EncoderDecoder  

decode_head.transformer_decoder.layers.7.norms.0.weight - torch.Size([256]): 
The value is the same before and after calling `init_weights` of EncoderDecoder  

decode_head.transformer_decoder.layers.7.norms.0.bias - torch.Size([256]): 
The value is the same before and after calling `init_weights` of EncoderDecoder  

decode_head.transformer_decoder.layers.7.norms.1.weight - torch.Size([256]): 
The value is the same before and after calling `init_weights` of EncoderDecoder  

decode_head.transformer_decoder.layers.7.norms.1.bias - torch.Size([256]): 
The value is the same before and after calling `init_weights` of EncoderDecoder  

decode_head.transformer_decoder.layers.7.norms.2.weight - torch.Size([256]): 
The value is the same before and after calling `init_weights` of EncoderDecoder  

decode_head.transformer_decoder.layers.7.norms.2.bias - torch.Size([256]): 
The value is the same before and after calling `init_weights` of EncoderDecoder  

decode_head.transformer_decoder.layers.8.self_attn.attn.in_proj_weight - torch.Size([768, 256]): 
Initialized by user-defined `init_weights` in Mask2FormerHead  

decode_head.transformer_decoder.layers.8.self_attn.attn.in_proj_bias - torch.Size([768]): 
The value is the same before and after calling `init_weights` of EncoderDecoder  

decode_head.transformer_decoder.layers.8.self_attn.attn.out_proj.weight - torch.Size([256, 256]): 
Initialized by user-defined `init_weights` in Mask2FormerHead  

decode_head.transformer_decoder.layers.8.self_attn.attn.out_proj.bias - torch.Size([256]): 
The value is the same before and after calling `init_weights` of EncoderDecoder  

decode_head.transformer_decoder.layers.8.cross_attn.attn.in_proj_weight - torch.Size([768, 256]): 
Initialized by user-defined `init_weights` in Mask2FormerHead  

decode_head.transformer_decoder.layers.8.cross_attn.attn.in_proj_bias - torch.Size([768]): 
The value is the same before and after calling `init_weights` of EncoderDecoder  

decode_head.transformer_decoder.layers.8.cross_attn.attn.out_proj.weight - torch.Size([256, 256]): 
Initialized by user-defined `init_weights` in Mask2FormerHead  

decode_head.transformer_decoder.layers.8.cross_attn.attn.out_proj.bias - torch.Size([256]): 
The value is the same before and after calling `init_weights` of EncoderDecoder  

decode_head.transformer_decoder.layers.8.ffn.layers.0.0.weight - torch.Size([2048, 256]): 
Initialized by user-defined `init_weights` in Mask2FormerHead  

decode_head.transformer_decoder.layers.8.ffn.layers.0.0.bias - torch.Size([2048]): 
The value is the same before and after calling `init_weights` of EncoderDecoder  

decode_head.transformer_decoder.layers.8.ffn.layers.1.weight - torch.Size([256, 2048]): 
Initialized by user-defined `init_weights` in Mask2FormerHead  

decode_head.transformer_decoder.layers.8.ffn.layers.1.bias - torch.Size([256]): 
The value is the same before and after calling `init_weights` of EncoderDecoder  

decode_head.transformer_decoder.layers.8.norms.0.weight - torch.Size([256]): 
The value is the same before and after calling `init_weights` of EncoderDecoder  

decode_head.transformer_decoder.layers.8.norms.0.bias - torch.Size([256]): 
The value is the same before and after calling `init_weights` of EncoderDecoder  

decode_head.transformer_decoder.layers.8.norms.1.weight - torch.Size([256]): 
The value is the same before and after calling `init_weights` of EncoderDecoder  

decode_head.transformer_decoder.layers.8.norms.1.bias - torch.Size([256]): 
The value is the same before and after calling `init_weights` of EncoderDecoder  

decode_head.transformer_decoder.layers.8.norms.2.weight - torch.Size([256]): 
The value is the same before and after calling `init_weights` of EncoderDecoder  

decode_head.transformer_decoder.layers.8.norms.2.bias - torch.Size([256]): 
The value is the same before and after calling `init_weights` of EncoderDecoder  

decode_head.transformer_decoder.post_norm.weight - torch.Size([256]): 
The value is the same before and after calling `init_weights` of EncoderDecoder  

decode_head.transformer_decoder.post_norm.bias - torch.Size([256]): 
The value is the same before and after calling `init_weights` of EncoderDecoder  

decode_head.query_embed.weight - torch.Size([100, 256]): 
The value is the same before and after calling `init_weights` of EncoderDecoder  

decode_head.query_feat.weight - torch.Size([100, 256]): 
The value is the same before and after calling `init_weights` of EncoderDecoder  

decode_head.level_embed.weight - torch.Size([3, 256]): 
The value is the same before and after calling `init_weights` of EncoderDecoder  

decode_head.cls_embed.weight - torch.Size([3, 256]): 
The value is the same before and after calling `init_weights` of EncoderDecoder  

decode_head.cls_embed.bias - torch.Size([3]): 
The value is the same before and after calling `init_weights` of EncoderDecoder  

decode_head.mask_embed.0.weight - torch.Size([256, 256]): 
The value is the same before and after calling `init_weights` of EncoderDecoder  

decode_head.mask_embed.0.bias - torch.Size([256]): 
The value is the same before and after calling `init_weights` of EncoderDecoder  

decode_head.mask_embed.2.weight - torch.Size([256, 256]): 
The value is the same before and after calling `init_weights` of EncoderDecoder  

decode_head.mask_embed.2.bias - torch.Size([256]): 
The value is the same before and after calling `init_weights` of EncoderDecoder  

decode_head.mask_embed.4.weight - torch.Size([256, 256]): 
The value is the same before and after calling `init_weights` of EncoderDecoder  

decode_head.mask_embed.4.bias - torch.Size([256]): 
The value is the same before and after calling `init_weights` of EncoderDecoder  
2026/09/20 07:12:52 - mmengine - INFO - Load checkpoint from work_dirs/mask2former/iter_3000.pth
2026/09/20 07:12:52 - mmengine - INFO - resumed epoch: 0, iter: 3000
2026/09/20 07:12:52 - mmengine - WARNING - "FileClient" will be deprecated in future. Please use io functions in https://mmengine.readthedocs.io/en/latest/api/fileio.html#file-io
2026/09/20 07:12:52 - mmengine - WARNING - "HardDiskBackend" is the alias of "LocalBackend" and the former will be deprecated in future.
2026/09/20 07:12:52 - mmengine - INFO - Checkpoints will be saved to /workspace/work_dirs/mask2former_extended.
2026/09/20 07:13:24 - mmengine - INFO - Iter(train) [ 3050/20000]  base_lr: 0.0000e+00 lr: 1.0000e-05  eta: 3:02:58  time: 0.6478  data_time: 0.0153  memory: 6015  grad_norm: 1031.1007  loss: 27.3182  decode.loss_cls: 0.2199  decode.loss_mask: 1.4095  decode.loss_dice: 0.9895  decode.d0.loss_cls: 0.7503  decode.d0.loss_mask: 1.4614  decode.d0.loss_dice: 1.0319  decode.d1.loss_cls: 0.1847  decode.d1.loss_mask: 1.4383  decode.d1.loss_dice: 1.0173  decode.d2.loss_cls: 0.1643  decode.d2.loss_mask: 1.4761  decode.d2.loss_dice: 1.0849  decode.d3.loss_cls: 0.2101  decode.d3.loss_mask: 1.4088  decode.d3.loss_dice: 0.9744  decode.d4.loss_cls: 0.2079  decode.d4.loss_mask: 1.4559  decode.d4.loss_dice: 1.0838  decode.d5.loss_cls: 0.2242  decode.d5.loss_mask: 1.4363  decode.d5.loss_dice: 1.0655  decode.d6.loss_cls: 0.2046  decode.d6.loss_mask: 1.4709  decode.d6.loss_dice: 1.0339  decode.d7.loss_cls: 0.2175  decode.d7.loss_mask: 1.4603  decode.d7.loss_dice: 0.9749  decode.d8.loss_cls: 0.2354  decode.d8.loss_mask: 1.4304  decode.d8.loss_dice: 0.9956
2026/09/20 07:13:53 - mmengine - INFO - Iter(train) [ 3100/20000]  base_lr: 0.0000e+00 lr: 1.0000e-05  eta: 2:53:22  time: 0.5783  data_time: 0.0122  memory: 5831  grad_norm: 769.9486  loss: 33.4790  decode.loss_cls: 0.2151  decode.loss_mask: 1.9257  decode.loss_dice: 1.3160  decode.d0.loss_cls: 0.7067  decode.d0.loss_mask: 1.7892  decode.d0.loss_dice: 1.2227  decode.d1.loss_cls: 0.2418  decode.d1.loss_mask: 1.8094  decode.d1.loss_dice: 1.3244  decode.d2.loss_cls: 0.2101  decode.d2.loss_mask: 1.7989  decode.d2.loss_dice: 1.2664  decode.d3.loss_cls: 0.2575  decode.d3.loss_mask: 1.7894  decode.d3.loss_dice: 1.2619  decode.d4.loss_cls: 0.2963  decode.d4.loss_mask: 1.7918  decode.d4.loss_dice: 1.1971  decode.d5.loss_cls: 0.2692  decode.d5.loss_mask: 1.7829  decode.d5.loss_dice: 1.2107  decode.d6.loss_cls: 0.2220  decode.d6.loss_mask: 1.8278  decode.d6.loss_dice: 1.2554  decode.d7.loss_cls: 0.2218  decode.d7.loss_mask: 1.7983  decode.d7.loss_dice: 1.2127  decode.d8.loss_cls: 0.2020  decode.d8.loss_mask: 1.8322  decode.d8.loss_dice: 1.2239
2026/09/20 07:14:22 - mmengine - INFO - Iter(train) [ 3150/20000]  base_lr: 0.0000e+00 lr: 1.0000e-05  eta: 2:49:53  time: 0.5806  data_time: 0.0113  memory: 5831  grad_norm: 808.8667  loss: 28.0955  decode.loss_cls: 0.1415  decode.loss_mask: 1.5118  decode.loss_dice: 1.1411  decode.d0.loss_cls: 0.6489  decode.d0.loss_mask: 1.4650  decode.d0.loss_dice: 1.1447  decode.d1.loss_cls: 0.1177  decode.d1.loss_mask: 1.4460  decode.d1.loss_dice: 1.0925  decode.d2.loss_cls: 0.1396  decode.d2.loss_mask: 1.4235  decode.d2.loss_dice: 1.0911  decode.d3.loss_cls: 0.1299  decode.d3.loss_mask: 1.4829  decode.d3.loss_dice: 1.1400  decode.d4.loss_cls: 0.1620  decode.d4.loss_mask: 1.3666  decode.d4.loss_dice: 1.0699  decode.d5.loss_cls: 0.1439  decode.d5.loss_mask: 1.4763  decode.d5.loss_dice: 1.1837  decode.d6.loss_cls: 0.1368  decode.d6.loss_mask: 1.5276  decode.d6.loss_dice: 1.1873  decode.d7.loss_cls: 0.1634  decode.d7.loss_mask: 1.5084  decode.d7.loss_dice: 1.1629  decode.d8.loss_cls: 0.1549  decode.d8.loss_mask: 1.5733  decode.d8.loss_dice: 1.1623
2026/09/20 07:14:51 - mmengine - INFO - Iter(train) [ 3200/20000]  base_lr: 0.0000e+00 lr: 1.0000e-05  eta: 2:47:41  time: 0.5851  data_time: 0.0114  memory: 5831  grad_norm: 609.6281  loss: 28.2875  decode.loss_cls: 0.2239  decode.loss_mask: 1.4658  decode.loss_dice: 1.1908  decode.d0.loss_cls: 0.6309  decode.d0.loss_mask: 1.4180  decode.d0.loss_dice: 1.2215  decode.d1.loss_cls: 0.1698  decode.d1.loss_mask: 1.4121  decode.d1.loss_dice: 1.2152  decode.d2.loss_cls: 0.1754  decode.d2.loss_mask: 1.4277  decode.d2.loss_dice: 1.1784  decode.d3.loss_cls: 0.2033  decode.d3.loss_mask: 1.3505  decode.d3.loss_dice: 1.1266  decode.d4.loss_cls: 0.2521  decode.d4.loss_mask: 1.4138  decode.d4.loss_dice: 1.1383  decode.d5.loss_cls: 0.2273  decode.d5.loss_mask: 1.3889  decode.d5.loss_dice: 1.1158  decode.d6.loss_cls: 0.2264  decode.d6.loss_mask: 1.4103  decode.d6.loss_dice: 1.1070  decode.d7.loss_cls: 0.2097  decode.d7.loss_mask: 1.4118  decode.d7.loss_dice: 1.1437  decode.d8.loss_cls: 0.2421  decode.d8.loss_mask: 1.4185  decode.d8.loss_dice: 1.1718
2026/09/20 07:15:21 - mmengine - INFO - Iter(train) [ 3250/20000]  base_lr: 0.0000e+00 lr: 1.0000e-05  eta: 2:46:38  time: 0.5833  data_time: 0.0133  memory: 5831  grad_norm: 821.4079  loss: 39.1161  decode.loss_cls: 0.3915  decode.loss_mask: 2.1135  decode.loss_dice: 1.3152  decode.d0.loss_cls: 0.6832  decode.d0.loss_mask: 1.9774  decode.d0.loss_dice: 1.2709  decode.d1.loss_cls: 0.4106  decode.d1.loss_mask: 2.1246  decode.d1.loss_dice: 1.3255  decode.d2.loss_cls: 0.3899  decode.d2.loss_mask: 2.1782  decode.d2.loss_dice: 1.3565  decode.d3.loss_cls: 0.4010  decode.d3.loss_mask: 2.1827  decode.d3.loss_dice: 1.3551  decode.d4.loss_cls: 0.4408  decode.d4.loss_mask: 2.1123  decode.d4.loss_dice: 1.3504  decode.d5.loss_cls: 0.5113  decode.d5.loss_mask: 2.1544  decode.d5.loss_dice: 1.3619  decode.d6.loss_cls: 0.4716  decode.d6.loss_mask: 2.1014  decode.d6.loss_dice: 1.3462  decode.d7.loss_cls: 0.4309  decode.d7.loss_mask: 2.1114  decode.d7.loss_dice: 1.3615  decode.d8.loss_cls: 0.3587  decode.d8.loss_mask: 2.1821  decode.d8.loss_dice: 1.3450
2026/09/20 07:15:50 - mmengine - INFO - Iter(train) [ 3300/20000]  base_lr: 0.0000e+00 lr: 1.0000e-05  eta: 2:45:27  time: 0.5801  data_time: 0.0117  memory: 5831  grad_norm: 1210.5759  loss: 34.4645  decode.loss_cls: 0.4089  decode.loss_mask: 1.8846  decode.loss_dice: 1.1006  decode.d0.loss_cls: 0.6201  decode.d0.loss_mask: 1.8586  decode.d0.loss_dice: 1.1928  decode.d1.loss_cls: 0.2890  decode.d1.loss_mask: 2.0129  decode.d1.loss_dice: 1.2008  decode.d2.loss_cls: 0.3360  decode.d2.loss_mask: 2.0150  decode.d2.loss_dice: 1.1323  decode.d3.loss_cls: 0.3493  decode.d3.loss_mask: 2.0121  decode.d3.loss_dice: 1.0946  decode.d4.loss_cls: 0.4499  decode.d4.loss_mask: 1.8622  decode.d4.loss_dice: 1.0764  decode.d5.loss_cls: 0.4233  decode.d5.loss_mask: 1.8905  decode.d5.loss_dice: 1.1070  decode.d6.loss_cls: 0.4219  decode.d6.loss_mask: 1.8981  decode.d6.loss_dice: 1.1285  decode.d7.loss_cls: 0.3801  decode.d7.loss_mask: 1.8259  decode.d7.loss_dice: 1.1074  decode.d8.loss_cls: 0.4188  decode.d8.loss_mask: 1.8559  decode.d8.loss_dice: 1.1111
2026/09/20 07:16:19 - mmengine - INFO - Iter(train) [ 3350/20000]  base_lr: 0.0000e+00 lr: 1.0000e-05  eta: 2:44:24  time: 0.5778  data_time: 0.0122  memory: 5831  grad_norm: 732.9372  loss: 37.4557  decode.loss_cls: 0.3212  decode.loss_mask: 1.9785  decode.loss_dice: 1.4601  decode.d0.loss_cls: 0.6088  decode.d0.loss_mask: 1.9757  decode.d0.loss_dice: 1.4033  decode.d1.loss_cls: 0.2963  decode.d1.loss_mask: 2.0494  decode.d1.loss_dice: 1.4452  decode.d2.loss_cls: 0.2682  decode.d2.loss_mask: 2.0055  decode.d2.loss_dice: 1.3573  decode.d3.loss_cls: 0.3353  decode.d3.loss_mask: 1.9845  decode.d3.loss_dice: 1.3681  decode.d4.loss_cls: 0.2905  decode.d4.loss_mask: 2.0364  decode.d4.loss_dice: 1.3577  decode.d5.loss_cls: 0.2847  decode.d5.loss_mask: 2.0613  decode.d5.loss_dice: 1.3626  decode.d6.loss_cls: 0.3503  decode.d6.loss_mask: 2.0728  decode.d6.loss_dice: 1.4495  decode.d7.loss_cls: 0.3407  decode.d7.loss_mask: 1.9944  decode.d7.loss_dice: 1.3565  decode.d8.loss_cls: 0.3700  decode.d8.loss_mask: 1.8984  decode.d8.loss_dice: 1.3724
2026/09/20 07:16:48 - mmengine - INFO - Iter(train) [ 3400/20000]  base_lr: 0.0000e+00 lr: 1.0000e-05  eta: 2:43:31  time: 0.5798  data_time: 0.0115  memory: 5831  grad_norm: 869.9615  loss: 25.6524  decode.loss_cls: 0.1714  decode.loss_mask: 1.4244  decode.loss_dice: 0.9070  decode.d0.loss_cls: 0.5588  decode.d0.loss_mask: 1.4292  decode.d0.loss_dice: 0.9146  decode.d1.loss_cls: 0.1711  decode.d1.loss_mask: 1.4534  decode.d1.loss_dice: 0.9103  decode.d2.loss_cls: 0.1922  decode.d2.loss_mask: 1.4335  decode.d2.loss_dice: 0.8526  decode.d3.loss_cls: 0.1838  decode.d3.loss_mask: 1.4855  decode.d3.loss_dice: 0.8640  decode.d4.loss_cls: 0.1580  decode.d4.loss_mask: 1.5224  decode.d4.loss_dice: 0.8885  decode.d5.loss_cls: 0.1777  decode.d5.loss_mask: 1.4718  decode.d5.loss_dice: 0.9034  decode.d6.loss_cls: 0.1677  decode.d6.loss_mask: 1.5183  decode.d6.loss_dice: 0.9378  decode.d7.loss_cls: 0.2230  decode.d7.loss_mask: 1.4127  decode.d7.loss_dice: 0.8551  decode.d8.loss_cls: 0.1923  decode.d8.loss_mask: 1.4152  decode.d8.loss_dice: 0.8566
2026/09/20 07:17:17 - mmengine - INFO - Iter(train) [ 3450/20000]  base_lr: 0.0000e+00 lr: 1.0000e-05  eta: 2:42:47  time: 0.5797  data_time: 0.0118  memory: 5831  grad_norm: 735.1969  loss: 30.1752  decode.loss_cls: 0.1834  decode.loss_mask: 1.9604  decode.loss_dice: 1.1491  decode.d0.loss_cls: 0.5333  decode.d0.loss_mask: 1.6681  decode.d0.loss_dice: 1.1287  decode.d1.loss_cls: 0.1940  decode.d1.loss_mask: 1.5980  decode.d1.loss_dice: 1.1153  decode.d2.loss_cls: 0.1941  decode.d2.loss_mask: 1.6452  decode.d2.loss_dice: 1.0674  decode.d3.loss_cls: 0.2173  decode.d3.loss_mask: 1.6314  decode.d3.loss_dice: 1.0469  decode.d4.loss_cls: 0.2093  decode.d4.loss_mask: 1.6479  decode.d4.loss_dice: 1.0941  decode.d5.loss_cls: 0.1714  decode.d5.loss_mask: 1.6868  decode.d5.loss_dice: 1.1049  decode.d6.loss_cls: 0.1764  decode.d6.loss_mask: 1.6938  decode.d6.loss_dice: 1.1095  decode.d7.loss_cls: 0.1813  decode.d7.loss_mask: 1.6384  decode.d7.loss_dice: 1.0453  decode.d8.loss_cls: 0.2234  decode.d8.loss_mask: 1.7728  decode.d8.loss_dice: 1.0874
2026/09/20 07:17:46 - mmengine - INFO - Iter(train) [ 3500/20000]  base_lr: 0.0000e+00 lr: 1.0000e-05  eta: 2:42:05  time: 0.5865  data_time: 0.0117  memory: 5831  grad_norm: 876.4414  loss: 30.1722  decode.loss_cls: 0.1562  decode.loss_mask: 1.8168  decode.loss_dice: 1.0790  decode.d0.loss_cls: 0.4887  decode.d0.loss_mask: 1.7680  decode.d0.loss_dice: 1.0336  decode.d1.loss_cls: 0.1528  decode.d1.loss_mask: 1.8193  decode.d1.loss_dice: 1.0547  decode.d2.loss_cls: 0.1954  decode.d2.loss_mask: 1.7415  decode.d2.loss_dice: 1.0715  decode.d3.loss_cls: 0.2330  decode.d3.loss_mask: 1.8073  decode.d3.loss_dice: 1.0634  decode.d4.loss_cls: 0.1553  decode.d4.loss_mask: 1.8130  decode.d4.loss_dice: 1.0639  decode.d5.loss_cls: 0.1283  decode.d5.loss_mask: 1.8089  decode.d5.loss_dice: 1.0508  decode.d6.loss_cls: 0.1515  decode.d6.loss_mask: 1.6885  decode.d6.loss_dice: 0.9962  decode.d7.loss_cls: 0.1678  decode.d7.loss_mask: 1.6672  decode.d7.loss_dice: 0.9669  decode.d8.loss_cls: 0.1416  decode.d8.loss_mask: 1.8349  decode.d8.loss_dice: 1.0562
2026/09/20 07:18:15 - mmengine - INFO - Iter(train) [ 3550/20000]  base_lr: 0.0000e+00 lr: 1.0000e-05  eta: 2:41:21  time: 0.5756  data_time: 0.0112  memory: 5831  grad_norm: 1148.1739  loss: 32.2056  decode.loss_cls: 0.3043  decode.loss_mask: 1.6994  decode.loss_dice: 1.1904  decode.d0.loss_cls: 0.5244  decode.d0.loss_mask: 1.6930  decode.d0.loss_dice: 1.3318  decode.d1.loss_cls: 0.2583  decode.d1.loss_mask: 1.6478  decode.d1.loss_dice: 1.2104  decode.d2.loss_cls: 0.3495  decode.d2.loss_mask: 1.5968  decode.d2.loss_dice: 1.1582  decode.d3.loss_cls: 0.3219  decode.d3.loss_mask: 1.7435  decode.d3.loss_dice: 1.1817  decode.d4.loss_cls: 0.2601  decode.d4.loss_mask: 1.7116  decode.d4.loss_dice: 1.2753  decode.d5.loss_cls: 0.2737  decode.d5.loss_mask: 1.7033  decode.d5.loss_dice: 1.2208  decode.d6.loss_cls: 0.2827  decode.d6.loss_mask: 1.6503  decode.d6.loss_dice: 1.2529  decode.d7.loss_cls: 0.2816  decode.d7.loss_mask: 1.6124  decode.d7.loss_dice: 1.2219  decode.d8.loss_cls: 0.2804  decode.d8.loss_mask: 1.7447  decode.d8.loss_dice: 1.2226
2026/09/20 07:18:44 - mmengine - INFO - Iter(train) [ 3600/20000]  base_lr: 0.0000e+00 lr: 1.0000e-05  eta: 2:40:38  time: 0.5835  data_time: 0.0114  memory: 5831  grad_norm: 812.5185  loss: 35.4157  decode.loss_cls: 0.4834  decode.loss_mask: 1.8562  decode.loss_dice: 1.1934  decode.d0.loss_cls: 0.6156  decode.d0.loss_mask: 1.8120  decode.d0.loss_dice: 1.3129  decode.d1.loss_cls: 0.3984  decode.d1.loss_mask: 1.8116  decode.d1.loss_dice: 1.2303  decode.d2.loss_cls: 0.4601  decode.d2.loss_mask: 1.8622  decode.d2.loss_dice: 1.2490  decode.d3.loss_cls: 0.5159  decode.d3.loss_mask: 1.8405  decode.d3.loss_dice: 1.2151  decode.d4.loss_cls: 0.5177  decode.d4.loss_mask: 1.7976  decode.d4.loss_dice: 1.1587  decode.d5.loss_cls: 0.3979  decode.d5.loss_mask: 1.9223  decode.d5.loss_dice: 1.2835  decode.d6.loss_cls: 0.5036  decode.d6.loss_mask: 1.8073  decode.d6.loss_dice: 1.1305  decode.d7.loss_cls: 0.5258  decode.d7.loss_mask: 1.6997  decode.d7.loss_dice: 1.1575  decode.d8.loss_cls: 0.5516  decode.d8.loss_mask: 1.8578  decode.d8.loss_dice: 1.2477
2026/09/20 07:19:13 - mmengine - INFO - Iter(train) [ 3650/20000]  base_lr: 0.0000e+00 lr: 1.0000e-05  eta: 2:39:58  time: 0.5763  data_time: 0.0117  memory: 5831  grad_norm: 899.2505  loss: 34.9836  decode.loss_cls: 0.3477  decode.loss_mask: 1.7812  decode.loss_dice: 1.3733  decode.d0.loss_cls: 0.5335  decode.d0.loss_mask: 1.6703  decode.d0.loss_dice: 1.4137  decode.d1.loss_cls: 0.3561  decode.d1.loss_mask: 1.8292  decode.d1.loss_dice: 1.3297  decode.d2.loss_cls: 0.3741  decode.d2.loss_mask: 1.7332  decode.d2.loss_dice: 1.2796  decode.d3.loss_cls: 0.2984  decode.d3.loss_mask: 1.8283  decode.d3.loss_dice: 1.3714  decode.d4.loss_cls: 0.3546  decode.d4.loss_mask: 1.7470  decode.d4.loss_dice: 1.3713  decode.d5.loss_cls: 0.3529  decode.d5.loss_mask: 1.8017  decode.d5.loss_dice: 1.3354  decode.d6.loss_cls: 0.3210  decode.d6.loss_mask: 1.8193  decode.d6.loss_dice: 1.3774  decode.d7.loss_cls: 0.3956  decode.d7.loss_mask: 1.7415  decode.d7.loss_dice: 1.3928  decode.d8.loss_cls: 0.3155  decode.d8.loss_mask: 1.7737  decode.d8.loss_dice: 1.3642
2026/09/20 07:19:42 - mmengine - INFO - Iter(train) [ 3700/20000]  base_lr: 0.0000e+00 lr: 1.0000e-05  eta: 2:39:23  time: 0.5789  data_time: 0.0120  memory: 5831  grad_norm: 947.9681  loss: 24.4640  decode.loss_cls: 0.0783  decode.loss_mask: 1.3634  decode.loss_dice: 0.9089  decode.d0.loss_cls: 0.4166  decode.d0.loss_mask: 1.3556  decode.d0.loss_dice: 0.9264  decode.d1.loss_cls: 0.1499  decode.d1.loss_mask: 1.3787  decode.d1.loss_dice: 0.9242  decode.d2.loss_cls: 0.0843  decode.d2.loss_mask: 1.4759  decode.d2.loss_dice: 0.9368  decode.d3.loss_cls: 0.0711  decode.d3.loss_mask: 1.5205  decode.d3.loss_dice: 0.9519  decode.d4.loss_cls: 0.1013  decode.d4.loss_mask: 1.3932  decode.d4.loss_dice: 0.8872  decode.d5.loss_cls: 0.1038  decode.d5.loss_mask: 1.4151  decode.d5.loss_dice: 0.8936  decode.d6.loss_cls: 0.1036  decode.d6.loss_mask: 1.4076  decode.d6.loss_dice: 0.8987  decode.d7.loss_cls: 0.0961  decode.d7.loss_mask: 1.3764  decode.d7.loss_dice: 0.8880  decode.d8.loss_cls: 0.0910  decode.d8.loss_mask: 1.3662  decode.d8.loss_dice: 0.8995
2026/09/20 07:20:12 - mmengine - INFO - Iter(train) [ 3750/20000]  base_lr: 0.0000e+00 lr: 1.0000e-05  eta: 2:38:55  time: 0.5811  data_time: 0.0124  memory: 5831  grad_norm: 834.5083  loss: 33.6842  decode.loss_cls: 0.2982  decode.loss_mask: 1.8239  decode.loss_dice: 1.1871  decode.d0.loss_cls: 0.4764  decode.d0.loss_mask: 1.8785  decode.d0.loss_dice: 1.2811  decode.d1.loss_cls: 0.3133  decode.d1.loss_mask: 1.8342  decode.d1.loss_dice: 1.1532  decode.d2.loss_cls: 0.2771  decode.d2.loss_mask: 1.8188  decode.d2.loss_dice: 1.1421  decode.d3.loss_cls: 0.2705  decode.d3.loss_mask: 1.8946  decode.d3.loss_dice: 1.2005  decode.d4.loss_cls: 0.2902  decode.d4.loss_mask: 1.8146  decode.d4.loss_dice: 1.1655  decode.d5.loss_cls: 0.3436  decode.d5.loss_mask: 1.9230  decode.d5.loss_dice: 1.1533  decode.d6.loss_cls: 0.3169  decode.d6.loss_mask: 1.9956  decode.d6.loss_dice: 1.1067  decode.d7.loss_cls: 0.2708  decode.d7.loss_mask: 1.8810  decode.d7.loss_dice: 1.1225  decode.d8.loss_cls: 0.2613  decode.d8.loss_mask: 1.9585  decode.d8.loss_dice: 1.2309
2026/09/20 07:20:41 - mmengine - INFO - Iter(train) [ 3800/20000]  base_lr: 0.0000e+00 lr: 1.0000e-05  eta: 2:38:19  time: 0.5792  data_time: 0.0119  memory: 5831  grad_norm: 726.4434  loss: 34.3436  decode.loss_cls: 0.2970  decode.loss_mask: 1.8559  decode.loss_dice: 1.2324  decode.d0.loss_cls: 0.4642  decode.d0.loss_mask: 1.8528  decode.d0.loss_dice: 1.2351  decode.d1.loss_cls: 0.3361  decode.d1.loss_mask: 1.8354  decode.d1.loss_dice: 1.2654  decode.d2.loss_cls: 0.3483  decode.d2.loss_mask: 1.8426  decode.d2.loss_dice: 1.2105  decode.d3.loss_cls: 0.2944  decode.d3.loss_mask: 1.8765  decode.d3.loss_dice: 1.2427  decode.d4.loss_cls: 0.3071  decode.d4.loss_mask: 1.8293  decode.d4.loss_dice: 1.2094  decode.d5.loss_cls: 0.2483  decode.d5.loss_mask: 1.8617  decode.d5.loss_dice: 1.2742  decode.d6.loss_cls: 0.3236  decode.d6.loss_mask: 1.8593  decode.d6.loss_dice: 1.2643  decode.d7.loss_cls: 0.2834  decode.d7.loss_mask: 1.9159  decode.d7.loss_dice: 1.2745  decode.d8.loss_cls: 0.2905  decode.d8.loss_mask: 1.9023  decode.d8.loss_dice: 1.3103
2026/09/20 07:21:10 - mmengine - INFO - Iter(train) [ 3850/20000]  base_lr: 0.0000e+00 lr: 1.0000e-05  eta: 2:37:42  time: 0.5815  data_time: 0.0120  memory: 5831  grad_norm: 882.6566  loss: 28.4381  decode.loss_cls: 0.2188  decode.loss_mask: 1.7252  decode.loss_dice: 1.0794  decode.d0.loss_cls: 0.4343  decode.d0.loss_mask: 1.4482  decode.d0.loss_dice: 1.0192  decode.d1.loss_cls: 0.3184  decode.d1.loss_mask: 1.4184  decode.d1.loss_dice: 1.0161  decode.d2.loss_cls: 0.2509  decode.d2.loss_mask: 1.4843  decode.d2.loss_dice: 1.0109  decode.d3.loss_cls: 0.2631  decode.d3.loss_mask: 1.5034  decode.d3.loss_dice: 1.0455  decode.d4.loss_cls: 0.2590  decode.d4.loss_mask: 1.4497  decode.d4.loss_dice: 1.0359  decode.d5.loss_cls: 0.2517  decode.d5.loss_mask: 1.5572  decode.d5.loss_dice: 1.0583  decode.d6.loss_cls: 0.2204  decode.d6.loss_mask: 1.5165  decode.d6.loss_dice: 1.0512  decode.d7.loss_cls: 0.2152  decode.d7.loss_mask: 1.6075  decode.d7.loss_dice: 1.0698  decode.d8.loss_cls: 0.2161  decode.d8.loss_mask: 1.6318  decode.d8.loss_dice: 1.0621
2026/09/20 07:21:39 - mmengine - INFO - Iter(train) [ 3900/20000]  base_lr: 0.0000e+00 lr: 1.0000e-05  eta: 2:37:11  time: 0.5914  data_time: 0.0119  memory: 5831  grad_norm: 710.3921  loss: 26.7930  decode.loss_cls: 0.1000  decode.loss_mask: 1.6499  decode.loss_dice: 0.9824  decode.d0.loss_cls: 0.3925  decode.d0.loss_mask: 1.4627  decode.d0.loss_dice: 0.9078  decode.d1.loss_cls: 0.1655  decode.d1.loss_mask: 1.5480  decode.d1.loss_dice: 0.9410  decode.d2.loss_cls: 0.1608  decode.d2.loss_mask: 1.4833  decode.d2.loss_dice: 0.9153  decode.d3.loss_cls: 0.1343  decode.d3.loss_mask: 1.6071  decode.d3.loss_dice: 0.9766  decode.d4.loss_cls: 0.1371  decode.d4.loss_mask: 1.5956  decode.d4.loss_dice: 0.9590  decode.d5.loss_cls: 0.1501  decode.d5.loss_mask: 1.6231  decode.d5.loss_dice: 0.9679  decode.d6.loss_cls: 0.1303  decode.d6.loss_mask: 1.5462  decode.d6.loss_dice: 0.9272  decode.d7.loss_cls: 0.1568  decode.d7.loss_mask: 1.4834  decode.d7.loss_dice: 0.9313  decode.d8.loss_cls: 0.1621  decode.d8.loss_mask: 1.6285  decode.d8.loss_dice: 0.9670
2026/09/20 07:22:08 - mmengine - INFO - Iter(train) [ 3950/20000]  base_lr: 0.0000e+00 lr: 1.0000e-05  eta: 2:36:38  time: 0.5803  data_time: 0.0117  memory: 5831  grad_norm: 879.2866  loss: 30.7938  decode.loss_cls: 0.1829  decode.loss_mask: 1.7677  decode.loss_dice: 1.2054  decode.d0.loss_cls: 0.4447  decode.d0.loss_mask: 1.6573  decode.d0.loss_dice: 1.1229  decode.d1.loss_cls: 0.2886  decode.d1.loss_mask: 1.6018  decode.d1.loss_dice: 1.0893  decode.d2.loss_cls: 0.1824  decode.d2.loss_mask: 1.7304  decode.d2.loss_dice: 1.2109  decode.d3.loss_cls: 0.1847  decode.d3.loss_mask: 1.7805  decode.d3.loss_dice: 1.1620  decode.d4.loss_cls: 0.1904  decode.d4.loss_mask: 1.7054  decode.d4.loss_dice: 1.1296  decode.d5.loss_cls: 0.2285  decode.d5.loss_mask: 1.7031  decode.d5.loss_dice: 1.1755  decode.d6.loss_cls: 0.1949  decode.d6.loss_mask: 1.7134  decode.d6.loss_dice: 1.1466  decode.d7.loss_cls: 0.2043  decode.d7.loss_mask: 1.7137  decode.d7.loss_dice: 1.1462  decode.d8.loss_cls: 0.2088  decode.d8.loss_mask: 1.6144  decode.d8.loss_dice: 1.1075
2026/09/20 07:22:37 - mmengine - INFO - Exp name: mask2former_20260920_071244
2026/09/20 07:22:37 - mmengine - INFO - Iter(train) [ 4000/20000]  base_lr: 0.0000e+00 lr: 1.0000e-05  eta: 2:36:04  time: 0.5835  data_time: 0.0125  memory: 5831  grad_norm: 849.4055  loss: 31.1187  decode.loss_cls: 0.1248  decode.loss_mask: 1.9184  decode.loss_dice: 1.2397  decode.d0.loss_cls: 0.3658  decode.d0.loss_mask: 1.7417  decode.d0.loss_dice: 1.1314  decode.d1.loss_cls: 0.1207  decode.d1.loss_mask: 1.7942  decode.d1.loss_dice: 1.1230  decode.d2.loss_cls: 0.1101  decode.d2.loss_mask: 1.8147  decode.d2.loss_dice: 1.0675  decode.d3.loss_cls: 0.1346  decode.d3.loss_mask: 1.8256  decode.d3.loss_dice: 1.1005  decode.d4.loss_cls: 0.1435  decode.d4.loss_mask: 1.8056  decode.d4.loss_dice: 1.0947  decode.d5.loss_cls: 0.1316  decode.d5.loss_mask: 1.8648  decode.d5.loss_dice: 1.1596  decode.d6.loss_cls: 0.1744  decode.d6.loss_mask: 1.7993  decode.d6.loss_dice: 1.0760  decode.d7.loss_cls: 0.1632  decode.d7.loss_mask: 1.8619  decode.d7.loss_dice: 1.1124  decode.d8.loss_cls: 0.1733  decode.d8.loss_mask: 1.8185  decode.d8.loss_dice: 1.1271
2026/09/20 07:22:37 - mmengine - INFO - Saving checkpoint at 4000 iterations
2026/09/20 07:24:15 - mmengine - INFO - Iter(val) [ 50/304]    eta: 0:08:09  time: 1.9125  data_time: 0.0092  memory: 3999  
2026/09/20 07:26:46 - mmengine - INFO - Iter(val) [100/304]    eta: 0:08:23  time: 2.9429  data_time: 0.0084  memory: 3999  
2026/09/20 07:29:12 - mmengine - INFO - Iter(val) [150/304]    eta: 0:06:43  time: 2.8991  data_time: 0.0081  memory: 3999  
2026/09/20 07:31:38 - mmengine - INFO - Iter(val) [200/304]    eta: 0:04:40  time: 3.0133  data_time: 0.0090  memory: 3999  
2026/09/20 07:34:09 - mmengine - INFO - Iter(val) [250/304]    eta: 0:02:29  time: 3.0970  data_time: 0.0092  memory: 3999  
2026/09/20 07:36:45 - mmengine - INFO - Iter(val) [300/304]    eta: 0:00:11  time: 3.3055  data_time: 0.0091  memory: 3999  
2026/09/20 07:36:58 - mmengine - INFO - per class results:
2026/09/20 07:36:58 - mmengine - INFO - 
+------------------+-------+-------+-------+--------+-----------+--------+
|      Class       |  IoU  |  Acc  |  Dice | Fscore | Precision | Recall |
+------------------+-------+-------+-------+--------+-----------+--------+
|    background    | 93.01 | 94.22 | 96.38 | 96.38  |   98.64   | 94.22  |
| wastewater_plant | 51.48 | 85.27 | 67.97 | 67.97  |   56.51   | 85.27  |
+------------------+-------+-------+-------+--------+-----------+--------+
2026/09/20 07:36:58 - mmengine - INFO - Iter(val) [304/304]    aAcc: 93.5000  mIoU: 72.2500  mAcc: 89.7500  mDice: 82.1800  mFscore: 82.1800  mPrecision: 77.5700  mRecall: 89.7500  binary/Foreground_IoU: 51.4820  binary/Dice: 67.9711  binary/F1: 67.9711  binary/Precision: 56.5068  binary/Recall: 85.2714  binary/Boundary_F1: 7.5937  binary/BFScore: 7.5937  binary/Boundary_Precision: 5.1163  binary/Boundary_Recall: 14.7231  binary/Hausdorff_px: 969.3917  binary/HD95_px: 825.1469  binary/Hausdorff_m: 484.6959  binary/HD95_m: 412.5734  data_time: 0.0098  time: 2.8249
2026/09/20 07:36:59 - mmengine - INFO - The best checkpoint with 51.4820 binary/Foreground_IoU at 4000 iter is saved to best_binary_Foreground_IoU_iter_4000.pth.
2026/09/20 07:37:33 - mmengine - INFO - Iter(train) [ 4050/20000]  base_lr: 0.0000e+00 lr: 1.0000e-05  eta: 2:37:02  time: 0.5798  data_time: 0.0116  memory: 5800  grad_norm: 795.7693  loss: 23.5352  decode.loss_cls: 0.1448  decode.loss_mask: 1.2661  decode.loss_dice: 0.8931  decode.d0.loss_cls: 0.3549  decode.d0.loss_mask: 1.2865  decode.d0.loss_dice: 0.9716  decode.d1.loss_cls: 0.1649  decode.d1.loss_mask: 1.3112  decode.d1.loss_dice: 0.9091  decode.d2.loss_cls: 0.1532  decode.d2.loss_mask: 1.2775  decode.d2.loss_dice: 0.9284  decode.d3.loss_cls: 0.1579  decode.d3.loss_mask: 1.2319  decode.d3.loss_dice: 0.9001  decode.d4.loss_cls: 0.1597  decode.d4.loss_mask: 1.2860  decode.d4.loss_dice: 0.8968  decode.d5.loss_cls: 0.1069  decode.d5.loss_mask: 1.2977  decode.d5.loss_dice: 0.9135  decode.d6.loss_cls: 0.1381  decode.d6.loss_mask: 1.2618  decode.d6.loss_dice: 0.8704  decode.d7.loss_cls: 0.1180  decode.d7.loss_mask: 1.2936  decode.d7.loss_dice: 0.9023  decode.d8.loss_cls: 0.1299  decode.d8.loss_mask: 1.2894  decode.d8.loss_dice: 0.9197
2026/09/20 07:38:02 - mmengine - INFO - Iter(train) [ 4100/20000]  base_lr: 0.0000e+00 lr: 1.0000e-05  eta: 2:36:25  time: 0.5849  data_time: 0.0116  memory: 5800  grad_norm: 654.7251  loss: 30.2363  decode.loss_cls: 0.1336  decode.loss_mask: 1.8828  decode.loss_dice: 1.0186  decode.d0.loss_cls: 0.3490  decode.d0.loss_mask: 1.6862  decode.d0.loss_dice: 1.0497  decode.d1.loss_cls: 0.2168  decode.d1.loss_mask: 1.7147  decode.d1.loss_dice: 1.0569  decode.d2.loss_cls: 0.1944  decode.d2.loss_mask: 1.7169  decode.d2.loss_dice: 1.0702  decode.d3.loss_cls: 0.1506  decode.d3.loss_mask: 1.7909  decode.d3.loss_dice: 1.0745  decode.d4.loss_cls: 0.1224  decode.d4.loss_mask: 1.8697  decode.d4.loss_dice: 1.1010  decode.d5.loss_cls: 0.1210  decode.d5.loss_mask: 1.8362  decode.d5.loss_dice: 1.0835  decode.d6.loss_cls: 0.1639  decode.d6.loss_mask: 1.8283  decode.d6.loss_dice: 1.0464  decode.d7.loss_cls: 0.1871  decode.d7.loss_mask: 1.7555  decode.d7.loss_dice: 1.0533  decode.d8.loss_cls: 0.1472  decode.d8.loss_mask: 1.7892  decode.d8.loss_dice: 1.0260
2026/09/20 07:38:31 - mmengine - INFO - Iter(train) [ 4150/20000]  base_lr: 0.0000e+00 lr: 1.0000e-05  eta: 2:35:49  time: 0.5803  data_time: 0.0116  memory: 5800  grad_norm: 918.1397  loss: 27.0233  decode.loss_cls: 0.1783  decode.loss_mask: 1.6703  decode.loss_dice: 0.9385  decode.d0.loss_cls: 0.3415  decode.d0.loss_mask: 1.5559  decode.d0.loss_dice: 0.9288  decode.d1.loss_cls: 0.1582  decode.d1.loss_mask: 1.5851  decode.d1.loss_dice: 0.8491  decode.d2.loss_cls: 0.1369  decode.d2.loss_mask: 1.6402  decode.d2.loss_dice: 0.8770  decode.d3.loss_cls: 0.1421  decode.d3.loss_mask: 1.6423  decode.d3.loss_dice: 0.8917  decode.d4.loss_cls: 0.1243  decode.d4.loss_mask: 1.6350  decode.d4.loss_dice: 0.8797  decode.d5.loss_cls: 0.1610  decode.d5.loss_mask: 1.6360  decode.d5.loss_dice: 0.8768  decode.d6.loss_cls: 0.1821  decode.d6.loss_mask: 1.6450  decode.d6.loss_dice: 0.8819  decode.d7.loss_cls: 0.1531  decode.d7.loss_mask: 1.6914  decode.d7.loss_dice: 0.9030  decode.d8.loss_cls: 0.1451  decode.d8.loss_mask: 1.6691  decode.d8.loss_dice: 0.9038
2026/09/20 07:39:00 - mmengine - INFO - Iter(train) [ 4200/20000]  base_lr: 0.0000e+00 lr: 1.0000e-05  eta: 2:35:13  time: 0.5793  data_time: 0.0114  memory: 5802  grad_norm: 603.8430  loss: 31.5939  decode.loss_cls: 0.1643  decode.loss_mask: 1.9294  decode.loss_dice: 1.1432  decode.d0.loss_cls: 0.3408  decode.d0.loss_mask: 1.7638  decode.d0.loss_dice: 1.1447  decode.d1.loss_cls: 0.2083  decode.d1.loss_mask: 1.8343  decode.d1.loss_dice: 1.1317  decode.d2.loss_cls: 0.2184  decode.d2.loss_mask: 1.7859  decode.d2.loss_dice: 1.0786  decode.d3.loss_cls: 0.1258  decode.d3.loss_mask: 2.0228  decode.d3.loss_dice: 1.1504  decode.d4.loss_cls: 0.2163  decode.d4.loss_mask: 1.7374  decode.d4.loss_dice: 1.0756  decode.d5.loss_cls: 0.2011  decode.d5.loss_mask: 1.7332  decode.d5.loss_dice: 1.0653  decode.d6.loss_cls: 0.1855  decode.d6.loss_mask: 1.8185  decode.d6.loss_dice: 1.1096  decode.d7.loss_cls: 0.2016  decode.d7.loss_mask: 1.8581  decode.d7.loss_dice: 1.0798  decode.d8.loss_cls: 0.1718  decode.d8.loss_mask: 1.9776  decode.d8.loss_dice: 1.1202
2026/09/20 07:39:29 - mmengine - INFO - Iter(train) [ 4250/20000]  base_lr: 0.0000e+00 lr: 1.0000e-05  eta: 2:34:38  time: 0.5782  data_time: 0.0114  memory: 5800  grad_norm: 1147.9553  loss: 31.2803  decode.loss_cls: 0.0686  decode.loss_mask: 1.8436  decode.loss_dice: 1.1570  decode.d0.loss_cls: 0.3467  decode.d0.loss_mask: 1.7532  decode.d0.loss_dice: 1.1936  decode.d1.loss_cls: 0.1216  decode.d1.loss_mask: 1.8068  decode.d1.loss_dice: 1.1678  decode.d2.loss_cls: 0.1054  decode.d2.loss_mask: 1.8132  decode.d2.loss_dice: 1.2241  decode.d3.loss_cls: 0.1082  decode.d3.loss_mask: 1.8959  decode.d3.loss_dice: 1.1543  decode.d4.loss_cls: 0.1013  decode.d4.loss_mask: 1.8646  decode.d4.loss_dice: 1.1143  decode.d5.loss_cls: 0.0809  decode.d5.loss_mask: 1.9149  decode.d5.loss_dice: 1.1691  decode.d6.loss_cls: 0.0776  decode.d6.loss_mask: 1.8843  decode.d6.loss_dice: 1.1325  decode.d7.loss_cls: 0.0861  decode.d7.loss_mask: 1.8514  decode.d7.loss_dice: 1.1208  decode.d8.loss_cls: 0.0849  decode.d8.loss_mask: 1.8882  decode.d8.loss_dice: 1.1494
2026/09/20 07:39:58 - mmengine - INFO - Iter(train) [ 4300/20000]  base_lr: 0.0000e+00 lr: 1.0000e-05  eta: 2:34:04  time: 0.5868  data_time: 0.0117  memory: 5800  grad_norm: 1262.9972  loss: 30.8464  decode.loss_cls: 0.0816  decode.loss_mask: 1.7823  decode.loss_dice: 1.1754  decode.d0.loss_cls: 0.2743  decode.d0.loss_mask: 1.9510  decode.d0.loss_dice: 1.1416  decode.d1.loss_cls: 0.0899  decode.d1.loss_mask: 1.8296  decode.d1.loss_dice: 1.1175  decode.d2.loss_cls: 0.1018  decode.d2.loss_mask: 1.8746  decode.d2.loss_dice: 1.1216  decode.d3.loss_cls: 0.0459  decode.d3.loss_mask: 1.8859  decode.d3.loss_dice: 1.1249  decode.d4.loss_cls: 0.0559  decode.d4.loss_mask: 1.7742  decode.d4.loss_dice: 1.1747  decode.d5.loss_cls: 0.0386  decode.d5.loss_mask: 1.9033  decode.d5.loss_dice: 1.0995  decode.d6.loss_cls: 0.0378  decode.d6.loss_mask: 1.8838  decode.d6.loss_dice: 1.1407  decode.d7.loss_cls: 0.0442  decode.d7.loss_mask: 1.8861  decode.d7.loss_dice: 1.1734  decode.d8.loss_cls: 0.0799  decode.d8.loss_mask: 1.7950  decode.d8.loss_dice: 1.1615
2026/09/20 07:40:27 - mmengine - INFO - Iter(train) [ 4350/20000]  base_lr: 0.0000e+00 lr: 1.0000e-05  eta: 2:33:30  time: 0.5792  data_time: 0.0116  memory: 5800  grad_norm: 1065.9929  loss: 29.9692  decode.loss_cls: 0.1963  decode.loss_mask: 1.7380  decode.loss_dice: 1.1190  decode.d0.loss_cls: 0.3284  decode.d0.loss_mask: 1.5944  decode.d0.loss_dice: 1.0827  decode.d1.loss_cls: 0.1893  decode.d1.loss_mask: 1.6512  decode.d1.loss_dice: 1.1030  decode.d2.loss_cls: 0.2034  decode.d2.loss_mask: 1.6471  decode.d2.loss_dice: 1.1156  decode.d3.loss_cls: 0.1255  decode.d3.loss_mask: 1.6858  decode.d3.loss_dice: 1.1361  decode.d4.loss_cls: 0.1646  decode.d4.loss_mask: 1.6482  decode.d4.loss_dice: 1.1785  decode.d5.loss_cls: 0.1731  decode.d5.loss_mask: 1.6652  decode.d5.loss_dice: 1.1639  decode.d6.loss_cls: 0.1368  decode.d6.loss_mask: 1.7354  decode.d6.loss_dice: 1.1594  decode.d7.loss_cls: 0.1616  decode.d7.loss_mask: 1.7158  decode.d7.loss_dice: 1.1168  decode.d8.loss_cls: 0.1864  decode.d8.loss_mask: 1.7352  decode.d8.loss_dice: 1.1125
2026/09/20 07:40:56 - mmengine - INFO - Iter(train) [ 4400/20000]  base_lr: 0.0000e+00 lr: 1.0000e-05  eta: 2:32:56  time: 0.5838  data_time: 0.0114  memory: 5800  grad_norm: 1116.2121  loss: 27.4716  decode.loss_cls: 0.1708  decode.loss_mask: 1.5664  decode.loss_dice: 1.0476  decode.d0.loss_cls: 0.2966  decode.d0.loss_mask: 1.5169  decode.d0.loss_dice: 1.0936  decode.d1.loss_cls: 0.1304  decode.d1.loss_mask: 1.5345  decode.d1.loss_dice: 1.0626  decode.d2.loss_cls: 0.1933  decode.d2.loss_mask: 1.5070  decode.d2.loss_dice: 1.0700  decode.d3.loss_cls: 0.2023  decode.d3.loss_mask: 1.4941  decode.d3.loss_dice: 1.0788  decode.d4.loss_cls: 0.2067  decode.d4.loss_mask: 1.4738  decode.d4.loss_dice: 1.0172  decode.d5.loss_cls: 0.1578  decode.d5.loss_mask: 1.4791  decode.d5.loss_dice: 1.0181  decode.d6.loss_cls: 0.1800  decode.d6.loss_mask: 1.4785  decode.d6.loss_dice: 1.0572  decode.d7.loss_cls: 0.1808  decode.d7.loss_mask: 1.4881  decode.d7.loss_dice: 1.0505  decode.d8.loss_cls: 0.1907  decode.d8.loss_mask: 1.4918  decode.d8.loss_dice: 1.0361
2026/09/20 07:41:25 - mmengine - INFO - Iter(train) [ 4450/20000]  base_lr: 0.0000e+00 lr: 1.0000e-05  eta: 2:32:24  time: 0.5821  data_time: 0.0118  memory: 5802  grad_norm: 665.1226  loss: 25.0155  decode.loss_cls: 0.1765  decode.loss_mask: 1.6585  decode.loss_dice: 0.8314  decode.d0.loss_cls: 0.3167  decode.d0.loss_mask: 1.4234  decode.d0.loss_dice: 0.8265  decode.d1.loss_cls: 0.1453  decode.d1.loss_mask: 1.4187  decode.d1.loss_dice: 0.8275  decode.d2.loss_cls: 0.1164  decode.d2.loss_mask: 1.6602  decode.d2.loss_dice: 0.8336  decode.d3.loss_cls: 0.1422  decode.d3.loss_mask: 1.6584  decode.d3.loss_dice: 0.8139  decode.d4.loss_cls: 0.1565  decode.d4.loss_mask: 1.4701  decode.d4.loss_dice: 0.8265  decode.d5.loss_cls: 0.1836  decode.d5.loss_mask: 1.4524  decode.d5.loss_dice: 0.8266  decode.d6.loss_cls: 0.1462  decode.d6.loss_mask: 1.4657  decode.d6.loss_dice: 0.7827  decode.d7.loss_cls: 0.1546  decode.d7.loss_mask: 1.4678  decode.d7.loss_dice: 0.7723  decode.d8.loss_cls: 0.1848  decode.d8.loss_mask: 1.4907  decode.d8.loss_dice: 0.7855
2026/09/20 07:41:54 - mmengine - INFO - Iter(train) [ 4500/20000]  base_lr: 0.0000e+00 lr: 1.0000e-05  eta: 2:31:51  time: 0.5865  data_time: 0.0115  memory: 5800  grad_norm: 659.7563  loss: 26.2890  decode.loss_cls: 0.2283  decode.loss_mask: 1.3827  decode.loss_dice: 1.0420  decode.d0.loss_cls: 0.2916  decode.d0.loss_mask: 1.4519  decode.d0.loss_dice: 1.0079  decode.d1.loss_cls: 0.2084  decode.d1.loss_mask: 1.3500  decode.d1.loss_dice: 1.0084  decode.d2.loss_cls: 0.2194  decode.d2.loss_mask: 1.3387  decode.d2.loss_dice: 1.0090  decode.d3.loss_cls: 0.1649  decode.d3.loss_mask: 1.3402  decode.d3.loss_dice: 1.0464  decode.d4.loss_cls: 0.1625  decode.d4.loss_mask: 1.4434  decode.d4.loss_dice: 1.0523  decode.d5.loss_cls: 0.2005  decode.d5.loss_mask: 1.4054  decode.d5.loss_dice: 1.0157  decode.d6.loss_cls: 0.2138  decode.d6.loss_mask: 1.3458  decode.d6.loss_dice: 1.0059  decode.d7.loss_cls: 0.2172  decode.d7.loss_mask: 1.4014  decode.d7.loss_dice: 1.0722  decode.d8.loss_cls: 0.2094  decode.d8.loss_mask: 1.3724  decode.d8.loss_dice: 1.0814
2026/09/20 07:42:23 - mmengine - INFO - Iter(train) [ 4550/20000]  base_lr: 0.0000e+00 lr: 1.0000e-05  eta: 2:31:16  time: 0.5753  data_time: 0.0121  memory: 5802  grad_norm: 641.7523  loss: 26.2968  decode.loss_cls: 0.1561  decode.loss_mask: 1.4820  decode.loss_dice: 0.9871  decode.d0.loss_cls: 0.2617  decode.d0.loss_mask: 1.6090  decode.d0.loss_dice: 1.0871  decode.d1.loss_cls: 0.1514  decode.d1.loss_mask: 1.4813  decode.d1.loss_dice: 1.0179  decode.d2.loss_cls: 0.1427  decode.d2.loss_mask: 1.5104  decode.d2.loss_dice: 1.0138  decode.d3.loss_cls: 0.1759  decode.d3.loss_mask: 1.3723  decode.d3.loss_dice: 0.9560  decode.d4.loss_cls: 0.1693  decode.d4.loss_mask: 1.4272  decode.d4.loss_dice: 0.9953  decode.d5.loss_cls: 0.1780  decode.d5.loss_mask: 1.4534  decode.d5.loss_dice: 0.9986  decode.d6.loss_cls: 0.1516  decode.d6.loss_mask: 1.4390  decode.d6.loss_dice: 1.0004  decode.d7.loss_cls: 0.1558  decode.d7.loss_mask: 1.4035  decode.d7.loss_dice: 0.9626  decode.d8.loss_cls: 0.1735  decode.d8.loss_mask: 1.4329  decode.d8.loss_dice: 0.9507
2026/09/20 07:42:52 - mmengine - INFO - Iter(train) [ 4600/20000]  base_lr: 0.0000e+00 lr: 1.0000e-05  eta: 2:30:43  time: 0.5783  data_time: 0.0110  memory: 5800  grad_norm: 1144.1263  loss: 29.0268  decode.loss_cls: 0.3018  decode.loss_mask: 1.5638  decode.loss_dice: 1.0976  decode.d0.loss_cls: 0.3176  decode.d0.loss_mask: 1.6069  decode.d0.loss_dice: 1.0660  decode.d1.loss_cls: 0.2120  decode.d1.loss_mask: 1.5340  decode.d1.loss_dice: 1.0458  decode.d2.loss_cls: 0.2225  decode.d2.loss_mask: 1.6053  decode.d2.loss_dice: 1.0875  decode.d3.loss_cls: 0.2472  decode.d3.loss_mask: 1.6099  decode.d3.loss_dice: 1.0836  decode.d4.loss_cls: 0.2110  decode.d4.loss_mask: 1.5792  decode.d4.loss_dice: 1.0796  decode.d5.loss_cls: 0.2189  decode.d5.loss_mask: 1.6077  decode.d5.loss_dice: 1.0729  decode.d6.loss_cls: 0.2192  decode.d6.loss_mask: 1.6216  decode.d6.loss_dice: 1.0752  decode.d7.loss_cls: 0.2016  decode.d7.loss_mask: 1.6159  decode.d7.loss_dice: 1.0640  decode.d8.loss_cls: 0.2263  decode.d8.loss_mask: 1.5674  decode.d8.loss_dice: 1.0649
2026/09/20 07:43:21 - mmengine - INFO - Iter(train) [ 4650/20000]  base_lr: 0.0000e+00 lr: 1.0000e-05  eta: 2:30:11  time: 0.5805  data_time: 0.0117  memory: 5800  grad_norm: 802.1572  loss: 27.6513  decode.loss_cls: 0.0816  decode.loss_mask: 1.6509  decode.loss_dice: 1.0124  decode.d0.loss_cls: 0.2934  decode.d0.loss_mask: 1.5724  decode.d0.loss_dice: 1.0015  decode.d1.loss_cls: 0.1073  decode.d1.loss_mask: 1.6740  decode.d1.loss_dice: 0.9824  decode.d2.loss_cls: 0.0702  decode.d2.loss_mask: 1.6995  decode.d2.loss_dice: 1.0379  decode.d3.loss_cls: 0.0899  decode.d3.loss_mask: 1.6279  decode.d3.loss_dice: 1.0057  decode.d4.loss_cls: 0.0941  decode.d4.loss_mask: 1.6679  decode.d4.loss_dice: 1.0064  decode.d5.loss_cls: 0.0725  decode.d5.loss_mask: 1.6769  decode.d5.loss_dice: 1.0167  decode.d6.loss_cls: 0.0787  decode.d6.loss_mask: 1.6780  decode.d6.loss_dice: 1.0169  decode.d7.loss_cls: 0.0928  decode.d7.loss_mask: 1.6386  decode.d7.loss_dice: 0.9946  decode.d8.loss_cls: 0.0984  decode.d8.loss_mask: 1.6146  decode.d8.loss_dice: 0.9973
2026/09/20 07:43:50 - mmengine - INFO - Iter(train) [ 4700/20000]  base_lr: 0.0000e+00 lr: 1.0000e-05  eta: 2:29:38  time: 0.5762  data_time: 0.0127  memory: 5802  grad_norm: 555.8906  loss: 25.0595  decode.loss_cls: 0.1037  decode.loss_mask: 1.3426  decode.loss_dice: 1.0563  decode.d0.loss_cls: 0.2413  decode.d0.loss_mask: 1.4378  decode.d0.loss_dice: 1.0881  decode.d1.loss_cls: 0.0939  decode.d1.loss_mask: 1.3327  decode.d1.loss_dice: 1.0135  decode.d2.loss_cls: 0.1034  decode.d2.loss_mask: 1.3264  decode.d2.loss_dice: 1.0553  decode.d3.loss_cls: 0.0871  decode.d3.loss_mask: 1.3711  decode.d3.loss_dice: 1.1028  decode.d4.loss_cls: 0.0992  decode.d4.loss_mask: 1.3366  decode.d4.loss_dice: 1.0507  decode.d5.loss_cls: 0.0958  decode.d5.loss_mask: 1.3973  decode.d5.loss_dice: 1.0721  decode.d6.loss_cls: 0.1039  decode.d6.loss_mask: 1.3113  decode.d6.loss_dice: 1.0138  decode.d7.loss_cls: 0.0940  decode.d7.loss_mask: 1.3145  decode.d7.loss_dice: 1.0272  decode.d8.loss_cls: 0.1041  decode.d8.loss_mask: 1.2842  decode.d8.loss_dice: 0.9987
2026/09/20 07:44:19 - mmengine - INFO - Iter(train) [ 4750/20000]  base_lr: 0.0000e+00 lr: 1.0000e-05  eta: 2:29:05  time: 0.5720  data_time: 0.0112  memory: 5800  grad_norm: 733.1297  loss: 24.0191  decode.loss_cls: 0.2153  decode.loss_mask: 1.3569  decode.loss_dice: 0.8574  decode.d0.loss_cls: 0.2735  decode.d0.loss_mask: 1.3058  decode.d0.loss_dice: 0.8955  decode.d1.loss_cls: 0.1379  decode.d1.loss_mask: 1.3836  decode.d1.loss_dice: 0.8942  decode.d2.loss_cls: 0.1524  decode.d2.loss_mask: 1.3540  decode.d2.loss_dice: 0.8974  decode.d3.loss_cls: 0.1521  decode.d3.loss_mask: 1.3829  decode.d3.loss_dice: 0.9200  decode.d4.loss_cls: 0.1418  decode.d4.loss_mask: 1.3734  decode.d4.loss_dice: 0.9132  decode.d5.loss_cls: 0.2009  decode.d5.loss_mask: 1.3455  decode.d5.loss_dice: 0.8707  decode.d6.loss_cls: 0.1492  decode.d6.loss_mask: 1.3482  decode.d6.loss_dice: 0.8768  decode.d7.loss_cls: 0.1923  decode.d7.loss_mask: 1.2871  decode.d7.loss_dice: 0.8602  decode.d8.loss_cls: 0.2191  decode.d8.loss_mask: 1.2302  decode.d8.loss_dice: 0.8312
2026/09/20 07:44:48 - mmengine - INFO - Iter(train) [ 4800/20000]  base_lr: 0.0000e+00 lr: 1.0000e-05  eta: 2:28:33  time: 0.5812  data_time: 0.0119  memory: 5800  grad_norm: 665.6110  loss: 26.1364  decode.loss_cls: 0.1819  decode.loss_mask: 1.4294  decode.loss_dice: 0.9803  decode.d0.loss_cls: 0.2919  decode.d0.loss_mask: 1.4286  decode.d0.loss_dice: 0.9915  decode.d1.loss_cls: 0.1865  decode.d1.loss_mask: 1.4677  decode.d1.loss_dice: 0.9453  decode.d2.loss_cls: 0.1956  decode.d2.loss_mask: 1.4022  decode.d2.loss_dice: 0.9783  decode.d3.loss_cls: 0.1779  decode.d3.loss_mask: 1.4869  decode.d3.loss_dice: 1.0160  decode.d4.loss_cls: 0.1972  decode.d4.loss_mask: 1.3618  decode.d4.loss_dice: 0.9548  decode.d5.loss_cls: 0.1720  decode.d5.loss_mask: 1.4547  decode.d5.loss_dice: 1.0353  decode.d6.loss_cls: 0.1682  decode.d6.loss_mask: 1.4869  decode.d6.loss_dice: 1.0026  decode.d7.loss_cls: 0.1824  decode.d7.loss_mask: 1.4636  decode.d7.loss_dice: 0.9496  decode.d8.loss_cls: 0.1894  decode.d8.loss_mask: 1.4028  decode.d8.loss_dice: 0.9552
2026/09/20 07:45:18 - mmengine - INFO - Iter(train) [ 4850/20000]  base_lr: 0.0000e+00 lr: 1.0000e-05  eta: 2:28:03  time: 0.5874  data_time: 0.0124  memory: 5800  grad_norm: 794.5710  loss: 31.0103  decode.loss_cls: 0.2960  decode.loss_mask: 1.6517  decode.loss_dice: 1.1335  decode.d0.loss_cls: 0.3320  decode.d0.loss_mask: 1.7106  decode.d0.loss_dice: 1.1542  decode.d1.loss_cls: 0.2145  decode.d1.loss_mask: 1.6595  decode.d1.loss_dice: 1.1147  decode.d2.loss_cls: 0.2420  decode.d2.loss_mask: 1.7049  decode.d2.loss_dice: 1.1388  decode.d3.loss_cls: 0.2526  decode.d3.loss_mask: 1.6785  decode.d3.loss_dice: 1.1250  decode.d4.loss_cls: 0.2401  decode.d4.loss_mask: 1.7139  decode.d4.loss_dice: 1.1183  decode.d5.loss_cls: 0.2393  decode.d5.loss_mask: 1.7608  decode.d5.loss_dice: 1.1434  decode.d6.loss_cls: 0.2392  decode.d6.loss_mask: 1.7195  decode.d6.loss_dice: 1.1546  decode.d7.loss_cls: 0.2580  decode.d7.loss_mask: 1.7294  decode.d7.loss_dice: 1.1315  decode.d8.loss_cls: 0.2875  decode.d8.loss_mask: 1.7311  decode.d8.loss_dice: 1.1352
2026/09/20 07:45:47 - mmengine - INFO - Iter(train) [ 4900/20000]  base_lr: 0.0000e+00 lr: 1.0000e-05  eta: 2:27:34  time: 0.5796  data_time: 0.0113  memory: 5800  grad_norm: 766.7090  loss: 27.9351  decode.loss_cls: 0.1738  decode.loss_mask: 1.5674  decode.loss_dice: 1.1007  decode.d0.loss_cls: 0.2510  decode.d0.loss_mask: 1.5788  decode.d0.loss_dice: 1.0854  decode.d1.loss_cls: 0.1967  decode.d1.loss_mask: 1.5018  decode.d1.loss_dice: 1.0860  decode.d2.loss_cls: 0.1675  decode.d2.loss_mask: 1.5220  decode.d2.loss_dice: 1.0717  decode.d3.loss_cls: 0.1257  decode.d3.loss_mask: 1.5291  decode.d3.loss_dice: 1.0405  decode.d4.loss_cls: 0.1999  decode.d4.loss_mask: 1.4834  decode.d4.loss_dice: 1.0373  decode.d5.loss_cls: 0.1886  decode.d5.loss_mask: 1.5714  decode.d5.loss_dice: 1.0419  decode.d6.loss_cls: 0.1590  decode.d6.loss_mask: 1.5755  decode.d6.loss_dice: 1.0395  decode.d7.loss_cls: 0.1412  decode.d7.loss_mask: 1.5947  decode.d7.loss_dice: 1.0715  decode.d8.loss_cls: 0.1323  decode.d8.loss_mask: 1.6190  decode.d8.loss_dice: 1.0818
2026/09/20 07:46:16 - mmengine - INFO - Iter(train) [ 4950/20000]  base_lr: 0.0000e+00 lr: 1.0000e-05  eta: 2:27:02  time: 0.5740  data_time: 0.0119  memory: 5800  grad_norm: 906.2730  loss: 31.8051  decode.loss_cls: 0.1716  decode.loss_mask: 1.7998  decode.loss_dice: 1.1622  decode.d0.loss_cls: 0.2705  decode.d0.loss_mask: 1.6510  decode.d0.loss_dice: 1.1433  decode.d1.loss_cls: 0.2204  decode.d1.loss_mask: 1.7322  decode.d1.loss_dice: 1.1632  decode.d2.loss_cls: 0.2219  decode.d2.loss_mask: 1.7487  decode.d2.loss_dice: 1.1771  decode.d3.loss_cls: 0.1956  decode.d3.loss_mask: 1.8631  decode.d3.loss_dice: 1.2073  decode.d4.loss_cls: 0.2277  decode.d4.loss_mask: 1.9250  decode.d4.loss_dice: 1.2288  decode.d5.loss_cls: 0.2217  decode.d5.loss_mask: 1.7885  decode.d5.loss_dice: 1.1534  decode.d6.loss_cls: 0.1815  decode.d6.loss_mask: 1.7796  decode.d6.loss_dice: 1.1882  decode.d7.loss_cls: 0.2402  decode.d7.loss_mask: 1.7529  decode.d7.loss_dice: 1.1748  decode.d8.loss_cls: 0.1845  decode.d8.loss_mask: 1.8241  decode.d8.loss_dice: 1.2061
2026/09/20 07:46:45 - mmengine - INFO - Exp name: mask2former_20260920_071244
2026/09/20 07:46:45 - mmengine - INFO - Iter(train) [ 5000/20000]  base_lr: 0.0000e+00 lr: 1.0000e-05  eta: 2:26:30  time: 0.5771  data_time: 0.0118  memory: 5800  grad_norm: 683.0100  loss: 30.9071  decode.loss_cls: 0.3054  decode.loss_mask: 1.6699  decode.loss_dice: 1.2397  decode.d0.loss_cls: 0.3021  decode.d0.loss_mask: 1.6080  decode.d0.loss_dice: 1.1633  decode.d1.loss_cls: 0.2996  decode.d1.loss_mask: 1.5865  decode.d1.loss_dice: 1.1613  decode.d2.loss_cls: 0.3259  decode.d2.loss_mask: 1.5617  decode.d2.loss_dice: 1.1582  decode.d3.loss_cls: 0.3103  decode.d3.loss_mask: 1.6630  decode.d3.loss_dice: 1.1726  decode.d4.loss_cls: 0.2805  decode.d4.loss_mask: 1.6253  decode.d4.loss_dice: 1.1107  decode.d5.loss_cls: 0.2403  decode.d5.loss_mask: 1.6975  decode.d5.loss_dice: 1.1892  decode.d6.loss_cls: 0.2420  decode.d6.loss_mask: 1.6203  decode.d6.loss_dice: 1.1338  decode.d7.loss_cls: 0.2566  decode.d7.loss_mask: 1.6527  decode.d7.loss_dice: 1.1828  decode.d8.loss_cls: 0.2996  decode.d8.loss_mask: 1.6480  decode.d8.loss_dice: 1.2001
2026/09/20 07:46:45 - mmengine - INFO - Saving checkpoint at 5000 iterations
2026/09/20 07:48:22 - mmengine - INFO - Iter(val) [ 50/304]    eta: 0:08:04  time: 1.9071  data_time: 0.0088  memory: 3998  
2026/09/20 07:50:26 - mmengine - INFO - Iter(val) [100/304]    eta: 0:07:27  time: 2.3880  data_time: 0.0093  memory: 3998  
2026/09/20 07:52:27 - mmengine - INFO - Iter(val) [150/304]    eta: 0:05:49  time: 2.4040  data_time: 0.0084  memory: 3998  
2026/09/20 07:54:27 - mmengine - INFO - Iter(val) [200/304]    eta: 0:03:59  time: 2.4357  data_time: 0.0092  memory: 3998  
2026/09/20 07:56:26 - mmengine - INFO - Iter(val) [250/304]    eta: 0:02:05  time: 2.4401  data_time: 0.0086  memory: 3998  
2026/09/20 07:58:24 - mmengine - INFO - Iter(val) [300/304]    eta: 0:00:09  time: 2.3795  data_time: 0.0090  memory: 3998  
2026/09/20 07:58:34 - mmengine - INFO - per class results:
2026/09/20 07:58:34 - mmengine - INFO - 
+------------------+-------+-------+-------+--------+-----------+--------+
|      Class       |  IoU  |  Acc  |  Dice | Fscore | Precision | Recall |
+------------------+-------+-------+-------+--------+-----------+--------+
|    background    | 95.76 | 97.47 | 97.84 | 97.84  |    98.2   | 97.47  |
| wastewater_plant | 61.95 | 79.74 | 76.51 | 76.51  |   73.53   | 79.74  |
+------------------+-------+-------+-------+--------+-----------+--------+
2026/09/20 07:58:34 - mmengine - INFO - Iter(val) [304/304]    aAcc: 96.0400  mIoU: 78.8600  mAcc: 88.6100  mDice: 87.1700  mFscore: 87.1700  mPrecision: 85.8600  mRecall: 88.6100  binary/Foreground_IoU: 61.9537  binary/Dice: 76.5079  binary/F1: 76.5079  binary/Precision: 73.5259  binary/Recall: 79.7421  binary/Boundary_F1: 11.5324  binary/BFScore: 11.5324  binary/Boundary_Precision: 9.3320  binary/Boundary_Recall: 15.0908  binary/Hausdorff_px: 504.7430  binary/HD95_px: 414.2528  binary/Hausdorff_m: 252.3715  binary/HD95_m: 207.1264  data_time: 0.0097  time: 2.3289
2026/09/20 07:58:34 - mmengine - INFO - The previous best checkpoint /workspace/work_dirs/mask2former_extended/best_binary_Foreground_IoU_iter_4000.pth is removed
2026/09/20 07:58:35 - mmengine - INFO - The best checkpoint with 61.9537 binary/Foreground_IoU at 5000 iter is saved to best_binary_Foreground_IoU_iter_5000.pth.
2026/09/20 07:59:08 - mmengine - INFO - Iter(train) [ 5050/20000]  base_lr: 0.0000e+00 lr: 1.0000e-05  eta: 2:26:36  time: 0.5764  data_time: 0.0121  memory: 5800  grad_norm: 899.2113  loss: 32.5557  decode.loss_cls: 0.2417  decode.loss_mask: 1.8700  decode.loss_dice: 1.1169  decode.d0.loss_cls: 0.2543  decode.d0.loss_mask: 1.9371  decode.d0.loss_dice: 1.1899  decode.d1.loss_cls: 0.2629  decode.d1.loss_mask: 1.8192  decode.d1.loss_dice: 1.1236  decode.d2.loss_cls: 0.2430  decode.d2.loss_mask: 1.8206  decode.d2.loss_dice: 1.0997  decode.d3.loss_cls: 0.2380  decode.d3.loss_mask: 1.8007  decode.d3.loss_dice: 1.1220  decode.d4.loss_cls: 0.2171  decode.d4.loss_mask: 1.9009  decode.d4.loss_dice: 1.1524  decode.d5.loss_cls: 0.2543  decode.d5.loss_mask: 1.9555  decode.d5.loss_dice: 1.1534  decode.d6.loss_cls: 0.2050  decode.d6.loss_mask: 1.8447  decode.d6.loss_dice: 1.1834  decode.d7.loss_cls: 0.2363  decode.d7.loss_mask: 1.8809  decode.d7.loss_dice: 1.1674  decode.d8.loss_cls: 0.2268  decode.d8.loss_mask: 1.8860  decode.d8.loss_dice: 1.1517
2026/09/20 07:59:37 - mmengine - INFO - Iter(train) [ 5100/20000]  base_lr: 0.0000e+00 lr: 1.0000e-05  eta: 2:26:04  time: 0.5830  data_time: 0.0116  memory: 5802  grad_norm: 681.1771  loss: 29.2461  decode.loss_cls: 0.2196  decode.loss_mask: 1.6436  decode.loss_dice: 1.0031  decode.d0.loss_cls: 0.2492  decode.d0.loss_mask: 1.5917  decode.d0.loss_dice: 1.0319  decode.d1.loss_cls: 0.2168  decode.d1.loss_mask: 1.6425  decode.d1.loss_dice: 0.9793  decode.d2.loss_cls: 0.2716  decode.d2.loss_mask: 1.7186  decode.d2.loss_dice: 1.0061  decode.d3.loss_cls: 0.2927  decode.d3.loss_mask: 1.6523  decode.d3.loss_dice: 0.9798  decode.d4.loss_cls: 0.2403  decode.d4.loss_mask: 1.7494  decode.d4.loss_dice: 1.0208  decode.d5.loss_cls: 0.2473  decode.d5.loss_mask: 1.6553  decode.d5.loss_dice: 0.9946  decode.d6.loss_cls: 0.2116  decode.d6.loss_mask: 1.7109  decode.d6.loss_dice: 1.0202  decode.d7.loss_cls: 0.2059  decode.d7.loss_mask: 1.6979  decode.d7.loss_dice: 1.0420  decode.d8.loss_cls: 0.2170  decode.d8.loss_mask: 1.7258  decode.d8.loss_dice: 1.0083
2026/09/20 08:00:06 - mmengine - INFO - Iter(train) [ 5150/20000]  base_lr: 0.0000e+00 lr: 1.0000e-05  eta: 2:25:33  time: 0.5883  data_time: 0.0116  memory: 5800  grad_norm: 554.3252  loss: 24.9495  decode.loss_cls: 0.0795  decode.loss_mask: 1.3469  decode.loss_dice: 1.0199  decode.d0.loss_cls: 0.1806  decode.d0.loss_mask: 1.3476  decode.d0.loss_dice: 1.0750  decode.d1.loss_cls: 0.1192  decode.d1.loss_mask: 1.3760  decode.d1.loss_dice: 0.9851  decode.d2.loss_cls: 0.0927  decode.d2.loss_mask: 1.3952  decode.d2.loss_dice: 1.0577  decode.d3.loss_cls: 0.0985  decode.d3.loss_mask: 1.3861  decode.d3.loss_dice: 1.0691  decode.d4.loss_cls: 0.1063  decode.d4.loss_mask: 1.3682  decode.d4.loss_dice: 1.0452  decode.d5.loss_cls: 0.0855  decode.d5.loss_mask: 1.3514  decode.d5.loss_dice: 1.0210  decode.d6.loss_cls: 0.0847  decode.d6.loss_mask: 1.3401  decode.d6.loss_dice: 1.0390  decode.d7.loss_cls: 0.0958  decode.d7.loss_mask: 1.3324  decode.d7.loss_dice: 1.0230  decode.d8.loss_cls: 0.1032  decode.d8.loss_mask: 1.3406  decode.d8.loss_dice: 0.9838
2026/09/20 08:00:36 - mmengine - INFO - Iter(train) [ 5200/20000]  base_lr: 0.0000e+00 lr: 1.0000e-05  eta: 2:25:02  time: 0.5953  data_time: 0.0128  memory: 5800  grad_norm: 721.4363  loss: 31.1794  decode.loss_cls: 0.1901  decode.loss_mask: 1.7919  decode.loss_dice: 1.1573  decode.d0.loss_cls: 0.2723  decode.d0.loss_mask: 1.7725  decode.d0.loss_dice: 1.1728  decode.d1.loss_cls: 0.2859  decode.d1.loss_mask: 1.7169  decode.d1.loss_dice: 1.0738  decode.d2.loss_cls: 0.3095  decode.d2.loss_mask: 1.6970  decode.d2.loss_dice: 1.0202  decode.d3.loss_cls: 0.3659  decode.d3.loss_mask: 1.7383  decode.d3.loss_dice: 1.0549  decode.d4.loss_cls: 0.3553  decode.d4.loss_mask: 1.7108  decode.d4.loss_dice: 1.0078  decode.d5.loss_cls: 0.2646  decode.d5.loss_mask: 1.8246  decode.d5.loss_dice: 1.0877  decode.d6.loss_cls: 0.2324  decode.d6.loss_mask: 1.8057  decode.d6.loss_dice: 1.0928  decode.d7.loss_cls: 0.2218  decode.d7.loss_mask: 1.7770  decode.d7.loss_dice: 1.0901  decode.d8.loss_cls: 0.2163  decode.d8.loss_mask: 1.7519  decode.d8.loss_dice: 1.1213
2026/09/20 08:01:05 - mmengine - INFO - Iter(train) [ 5250/20000]  base_lr: 0.0000e+00 lr: 1.0000e-05  eta: 2:24:33  time: 0.5780  data_time: 0.0120  memory: 5800  grad_norm: 634.4353  loss: 25.7438  decode.loss_cls: 0.1085  decode.loss_mask: 1.5743  decode.loss_dice: 0.9303  decode.d0.loss_cls: 0.2095  decode.d0.loss_mask: 1.5747  decode.d0.loss_dice: 1.0249  decode.d1.loss_cls: 0.1373  decode.d1.loss_mask: 1.5100  decode.d1.loss_dice: 0.9167  decode.d2.loss_cls: 0.1230  decode.d2.loss_mask: 1.5180  decode.d2.loss_dice: 0.9298  decode.d3.loss_cls: 0.1270  decode.d3.loss_mask: 1.4855  decode.d3.loss_dice: 0.8731  decode.d4.loss_cls: 0.1412  decode.d4.loss_mask: 1.5088  decode.d4.loss_dice: 0.8806  decode.d5.loss_cls: 0.1353  decode.d5.loss_mask: 1.5141  decode.d5.loss_dice: 0.9274  decode.d6.loss_cls: 0.1300  decode.d6.loss_mask: 1.4870  decode.d6.loss_dice: 0.8849  decode.d7.loss_cls: 0.1213  decode.d7.loss_mask: 1.5304  decode.d7.loss_dice: 0.9261  decode.d8.loss_cls: 0.1313  decode.d8.loss_mask: 1.4995  decode.d8.loss_dice: 0.8830
2026/09/20 08:01:34 - mmengine - INFO - Iter(train) [ 5300/20000]  base_lr: 0.0000e+00 lr: 1.0000e-05  eta: 2:24:01  time: 0.5772  data_time: 0.0112  memory: 5800  grad_norm: 714.6204  loss: 30.8691  decode.loss_cls: 0.1760  decode.loss_mask: 1.7408  decode.loss_dice: 1.1561  decode.d0.loss_cls: 0.2585  decode.d0.loss_mask: 1.6834  decode.d0.loss_dice: 1.2405  decode.d1.loss_cls: 0.2123  decode.d1.loss_mask: 1.6636  decode.d1.loss_dice: 1.1508  decode.d2.loss_cls: 0.2000  decode.d2.loss_mask: 1.6687  decode.d2.loss_dice: 1.0766  decode.d3.loss_cls: 0.1933  decode.d3.loss_mask: 1.7570  decode.d3.loss_dice: 1.1490  decode.d4.loss_cls: 0.2074  decode.d4.loss_mask: 1.8547  decode.d4.loss_dice: 1.1764  decode.d5.loss_cls: 0.2058  decode.d5.loss_mask: 1.7244  decode.d5.loss_dice: 1.1294  decode.d6.loss_cls: 0.1983  decode.d6.loss_mask: 1.6025  decode.d6.loss_dice: 1.1131  decode.d7.loss_cls: 0.2068  decode.d7.loss_mask: 1.7843  decode.d7.loss_dice: 1.1784  decode.d8.loss_cls: 0.2253  decode.d8.loss_mask: 1.7659  decode.d8.loss_dice: 1.1700
2026/09/20 08:02:03 - mmengine - INFO - Iter(train) [ 5350/20000]  base_lr: 0.0000e+00 lr: 1.0000e-05  eta: 2:23:29  time: 0.5847  data_time: 0.0120  memory: 5802  grad_norm: 793.5212  loss: 22.8112  decode.loss_cls: 0.1473  decode.loss_mask: 1.2733  decode.loss_dice: 0.8656  decode.d0.loss_cls: 0.2559  decode.d0.loss_mask: 1.2335  decode.d0.loss_dice: 0.8690  decode.d1.loss_cls: 0.1463  decode.d1.loss_mask: 1.2421  decode.d1.loss_dice: 0.8634  decode.d2.loss_cls: 0.1943  decode.d2.loss_mask: 1.2560  decode.d2.loss_dice: 0.8849  decode.d3.loss_cls: 0.1690  decode.d3.loss_mask: 1.2741  decode.d3.loss_dice: 0.8573  decode.d4.loss_cls: 0.1765  decode.d4.loss_mask: 1.2703  decode.d4.loss_dice: 0.8756  decode.d5.loss_cls: 0.1975  decode.d5.loss_mask: 1.2166  decode.d5.loss_dice: 0.8346  decode.d6.loss_cls: 0.1470  decode.d6.loss_mask: 1.2204  decode.d6.loss_dice: 0.8391  decode.d7.loss_cls: 0.1470  decode.d7.loss_mask: 1.2468  decode.d7.loss_dice: 0.8377  decode.d8.loss_cls: 0.1640  decode.d8.loss_mask: 1.2134  decode.d8.loss_dice: 0.8927
2026/09/20 08:02:32 - mmengine - INFO - Iter(train) [ 5400/20000]  base_lr: 0.0000e+00 lr: 1.0000e-05  eta: 2:22:58  time: 0.5816  data_time: 0.0115  memory: 5802  grad_norm: 865.9156  loss: 30.7580  decode.loss_cls: 0.1319  decode.loss_mask: 1.8354  decode.loss_dice: 1.1858  decode.d0.loss_cls: 0.2504  decode.d0.loss_mask: 1.6869  decode.d0.loss_dice: 1.1412  decode.d1.loss_cls: 0.1993  decode.d1.loss_mask: 1.7566  decode.d1.loss_dice: 1.1888  decode.d2.loss_cls: 0.1832  decode.d2.loss_mask: 1.8139  decode.d2.loss_dice: 1.1883  decode.d3.loss_cls: 0.2006  decode.d3.loss_mask: 1.6513  decode.d3.loss_dice: 1.1662  decode.d4.loss_cls: 0.1647  decode.d4.loss_mask: 1.7181  decode.d4.loss_dice: 1.1729  decode.d5.loss_cls: 0.1644  decode.d5.loss_mask: 1.7005  decode.d5.loss_dice: 1.1532  decode.d6.loss_cls: 0.1461  decode.d6.loss_mask: 1.7359  decode.d6.loss_dice: 1.1378  decode.d7.loss_cls: 0.1534  decode.d7.loss_mask: 1.6959  decode.d7.loss_dice: 1.1118  decode.d8.loss_cls: 0.1302  decode.d8.loss_mask: 1.8408  decode.d8.loss_dice: 1.1527
2026/09/20 08:03:01 - mmengine - INFO - Iter(train) [ 5450/20000]  base_lr: 0.0000e+00 lr: 1.0000e-05  eta: 2:22:27  time: 0.5806  data_time: 0.0117  memory: 5800  grad_norm: 829.4636  loss: 26.2656  decode.loss_cls: 0.1848  decode.loss_mask: 1.4226  decode.loss_dice: 0.9474  decode.d0.loss_cls: 0.3017  decode.d0.loss_mask: 1.5184  decode.d0.loss_dice: 1.0567  decode.d1.loss_cls: 0.2050  decode.d1.loss_mask: 1.4634  decode.d1.loss_dice: 1.0019  decode.d2.loss_cls: 0.2539  decode.d2.loss_mask: 1.4069  decode.d2.loss_dice: 0.9036  decode.d3.loss_cls: 0.2300  decode.d3.loss_mask: 1.4316  decode.d3.loss_dice: 0.9132  decode.d4.loss_cls: 0.2495  decode.d4.loss_mask: 1.4277  decode.d4.loss_dice: 0.9431  decode.d5.loss_cls: 0.2142  decode.d5.loss_mask: 1.4085  decode.d5.loss_dice: 0.9399  decode.d6.loss_cls: 0.2061  decode.d6.loss_mask: 1.4151  decode.d6.loss_dice: 0.9210  decode.d7.loss_cls: 0.2190  decode.d7.loss_mask: 1.4791  decode.d7.loss_dice: 0.9594  decode.d8.loss_cls: 0.2132  decode.d8.loss_mask: 1.4624  decode.d8.loss_dice: 0.9666
2026/09/20 08:03:30 - mmengine - INFO - Iter(train) [ 5500/20000]  base_lr: 0.0000e+00 lr: 1.0000e-05  eta: 2:21:55  time: 0.5825  data_time: 0.0123  memory: 5800  grad_norm: 1700.9920  loss: 31.2561  decode.loss_cls: 0.1671  decode.loss_mask: 1.7745  decode.loss_dice: 1.1209  decode.d0.loss_cls: 0.2617  decode.d0.loss_mask: 1.8565  decode.d0.loss_dice: 1.2180  decode.d1.loss_cls: 0.2880  decode.d1.loss_mask: 1.6347  decode.d1.loss_dice: 1.0383  decode.d2.loss_cls: 0.2224  decode.d2.loss_mask: 1.7206  decode.d2.loss_dice: 1.0301  decode.d3.loss_cls: 0.2240  decode.d3.loss_mask: 1.7286  decode.d3.loss_dice: 1.0506  decode.d4.loss_cls: 0.2069  decode.d4.loss_mask: 1.8070  decode.d4.loss_dice: 1.0887  decode.d5.loss_cls: 0.1541  decode.d5.loss_mask: 2.1387  decode.d5.loss_dice: 1.1635  decode.d6.loss_cls: 0.2009  decode.d6.loss_mask: 1.8489  decode.d6.loss_dice: 1.0815  decode.d7.loss_cls: 0.1840  decode.d7.loss_mask: 1.8553  decode.d7.loss_dice: 1.1305  decode.d8.loss_cls: 0.2048  decode.d8.loss_mask: 1.7581  decode.d8.loss_dice: 1.0973
2026/09/20 08:03:59 - mmengine - INFO - Iter(train) [ 5550/20000]  base_lr: 0.0000e+00 lr: 1.0000e-05  eta: 2:21:23  time: 0.5751  data_time: 0.0114  memory: 5802  grad_norm: 557.6039  loss: 29.9533  decode.loss_cls: 0.1523  decode.loss_mask: 1.6272  decode.loss_dice: 1.0966  decode.d0.loss_cls: 0.2486  decode.d0.loss_mask: 1.7682  decode.d0.loss_dice: 1.1775  decode.d1.loss_cls: 0.1956  decode.d1.loss_mask: 1.6306  decode.d1.loss_dice: 1.0652  decode.d2.loss_cls: 0.1811  decode.d2.loss_mask: 1.6620  decode.d2.loss_dice: 1.1357  decode.d3.loss_cls: 0.1466  decode.d3.loss_mask: 1.6697  decode.d3.loss_dice: 1.0964  decode.d4.loss_cls: 0.1402  decode.d4.loss_mask: 1.6539  decode.d4.loss_dice: 1.1367  decode.d5.loss_cls: 0.1290  decode.d5.loss_mask: 1.6954  decode.d5.loss_dice: 1.1316  decode.d6.loss_cls: 0.1170  decode.d6.loss_mask: 1.7413  decode.d6.loss_dice: 1.2231  decode.d7.loss_cls: 0.1325  decode.d7.loss_mask: 1.7385  decode.d7.loss_dice: 1.1874  decode.d8.loss_cls: 0.1277  decode.d8.loss_mask: 1.7580  decode.d8.loss_dice: 1.1880
2026/09/20 08:04:28 - mmengine - INFO - Iter(train) [ 5600/20000]  base_lr: 0.0000e+00 lr: 1.0000e-05  eta: 2:20:51  time: 0.5730  data_time: 0.0109  memory: 5802  grad_norm: 725.5718  loss: 34.1256  decode.loss_cls: 0.1797  decode.loss_mask: 1.9144  decode.loss_dice: 1.2883  decode.d0.loss_cls: 0.3423  decode.d0.loss_mask: 1.9426  decode.d0.loss_dice: 1.3414  decode.d1.loss_cls: 0.2941  decode.d1.loss_mask: 1.8370  decode.d1.loss_dice: 1.2576  decode.d2.loss_cls: 0.2786  decode.d2.loss_mask: 1.9124  decode.d2.loss_dice: 1.3057  decode.d3.loss_cls: 0.2597  decode.d3.loss_mask: 1.8116  decode.d3.loss_dice: 1.2741  decode.d4.loss_cls: 0.2815  decode.d4.loss_mask: 1.7999  decode.d4.loss_dice: 1.3311  decode.d5.loss_cls: 0.2501  decode.d5.loss_mask: 1.9185  decode.d5.loss_dice: 1.2784  decode.d6.loss_cls: 0.2377  decode.d6.loss_mask: 1.8597  decode.d6.loss_dice: 1.2709  decode.d7.loss_cls: 0.2196  decode.d7.loss_mask: 1.8397  decode.d7.loss_dice: 1.2780  decode.d8.loss_cls: 0.2284  decode.d8.loss_mask: 1.8523  decode.d8.loss_dice: 1.2404
2026/09/20 08:04:57 - mmengine - INFO - Iter(train) [ 5650/20000]  base_lr: 0.0000e+00 lr: 1.0000e-05  eta: 2:20:21  time: 0.5959  data_time: 0.0118  memory: 5800  grad_norm: 745.8727  loss: 28.2894  decode.loss_cls: 0.1870  decode.loss_mask: 1.6285  decode.loss_dice: 1.0138  decode.d0.loss_cls: 0.2332  decode.d0.loss_mask: 1.6206  decode.d0.loss_dice: 1.0577  decode.d1.loss_cls: 0.2027  decode.d1.loss_mask: 1.6343  decode.d1.loss_dice: 0.9974  decode.d2.loss_cls: 0.2084  decode.d2.loss_mask: 1.6037  decode.d2.loss_dice: 1.0225  decode.d3.loss_cls: 0.2349  decode.d3.loss_mask: 1.6527  decode.d3.loss_dice: 1.0308  decode.d4.loss_cls: 0.1854  decode.d4.loss_mask: 1.6104  decode.d4.loss_dice: 1.0662  decode.d5.loss_cls: 0.1594  decode.d5.loss_mask: 1.6939  decode.d5.loss_dice: 1.0423  decode.d6.loss_cls: 0.1720  decode.d6.loss_mask: 1.6154  decode.d6.loss_dice: 1.0295  decode.d7.loss_cls: 0.1909  decode.d7.loss_mask: 1.4291  decode.d7.loss_dice: 0.9731  decode.d8.loss_cls: 0.1758  decode.d8.loss_mask: 1.6395  decode.d8.loss_dice: 0.9780
2026/09/20 08:05:26 - mmengine - INFO - Iter(train) [ 5700/20000]  base_lr: 0.0000e+00 lr: 1.0000e-05  eta: 2:19:49  time: 0.5822  data_time: 0.0111  memory: 5800  grad_norm: 562.2988  loss: 31.6219  decode.loss_cls: 0.1471  decode.loss_mask: 1.6809  decode.loss_dice: 1.2959  decode.d0.loss_cls: 0.2554  decode.d0.loss_mask: 1.7459  decode.d0.loss_dice: 1.2644  decode.d1.loss_cls: 0.1566  decode.d1.loss_mask: 1.7679  decode.d1.loss_dice: 1.2837  decode.d2.loss_cls: 0.1523  decode.d2.loss_mask: 1.7870  decode.d2.loss_dice: 1.2917  decode.d3.loss_cls: 0.1611  decode.d3.loss_mask: 1.7474  decode.d3.loss_dice: 1.2598  decode.d4.loss_cls: 0.1448  decode.d4.loss_mask: 1.7627  decode.d4.loss_dice: 1.2753  decode.d5.loss_cls: 0.1643  decode.d5.loss_mask: 1.7090  decode.d5.loss_dice: 1.2206  decode.d6.loss_cls: 0.1559  decode.d6.loss_mask: 1.7257  decode.d6.loss_dice: 1.2179  decode.d7.loss_cls: 0.1714  decode.d7.loss_mask: 1.7261  decode.d7.loss_dice: 1.2462  decode.d8.loss_cls: 0.1350  decode.d8.loss_mask: 1.7047  decode.d8.loss_dice: 1.2653
2026/09/20 08:05:55 - mmengine - INFO - Iter(train) [ 5750/20000]  base_lr: 0.0000e+00 lr: 1.0000e-05  eta: 2:19:18  time: 0.5785  data_time: 0.0119  memory: 5800  grad_norm: 668.7490  loss: 25.7449  decode.loss_cls: 0.1482  decode.loss_mask: 1.3462  decode.loss_dice: 1.0189  decode.d0.loss_cls: 0.1888  decode.d0.loss_mask: 1.3554  decode.d0.loss_dice: 0.9932  decode.d1.loss_cls: 0.1241  decode.d1.loss_mask: 1.4093  decode.d1.loss_dice: 1.0980  decode.d2.loss_cls: 0.1246  decode.d2.loss_mask: 1.4362  decode.d2.loss_dice: 1.0055  decode.d3.loss_cls: 0.1606  decode.d3.loss_mask: 1.4298  decode.d3.loss_dice: 1.0479  decode.d4.loss_cls: 0.1416  decode.d4.loss_mask: 1.4113  decode.d4.loss_dice: 1.0397  decode.d5.loss_cls: 0.1305  decode.d5.loss_mask: 1.4284  decode.d5.loss_dice: 1.0414  decode.d6.loss_cls: 0.1345  decode.d6.loss_mask: 1.3532  decode.d6.loss_dice: 1.0153  decode.d7.loss_cls: 0.1116  decode.d7.loss_mask: 1.4123  decode.d7.loss_dice: 1.0453  decode.d8.loss_cls: 0.1319  decode.d8.loss_mask: 1.3809  decode.d8.loss_dice: 1.0798
2026/09/20 08:06:24 - mmengine - INFO - Iter(train) [ 5800/20000]  base_lr: 0.0000e+00 lr: 1.0000e-05  eta: 2:18:47  time: 0.5797  data_time: 0.0113  memory: 5800  grad_norm: 697.2815  loss: 28.2674  decode.loss_cls: 0.1621  decode.loss_mask: 1.4919  decode.loss_dice: 1.0420  decode.d0.loss_cls: 0.2312  decode.d0.loss_mask: 1.6194  decode.d0.loss_dice: 1.1834  decode.d1.loss_cls: 0.1690  decode.d1.loss_mask: 1.5685  decode.d1.loss_dice: 1.1067  decode.d2.loss_cls: 0.1313  decode.d2.loss_mask: 1.6266  decode.d2.loss_dice: 1.0780  decode.d3.loss_cls: 0.2060  decode.d3.loss_mask: 1.5653  decode.d3.loss_dice: 1.0722  decode.d4.loss_cls: 0.1899  decode.d4.loss_mask: 1.5492  decode.d4.loss_dice: 1.0537  decode.d5.loss_cls: 0.1587  decode.d5.loss_mask: 1.5915  decode.d5.loss_dice: 1.1088  decode.d6.loss_cls: 0.1503  decode.d6.loss_mask: 1.5313  decode.d6.loss_dice: 1.0948  decode.d7.loss_cls: 0.1762  decode.d7.loss_mask: 1.5377  decode.d7.loss_dice: 1.0758  decode.d8.loss_cls: 0.1584  decode.d8.loss_mask: 1.5646  decode.d8.loss_dice: 1.0729
2026/09/20 08:06:53 - mmengine - INFO - Iter(train) [ 5850/20000]  base_lr: 0.0000e+00 lr: 1.0000e-05  eta: 2:18:17  time: 0.5823  data_time: 0.0116  memory: 5802  grad_norm: 628.1396  loss: 28.5329  decode.loss_cls: 0.1557  decode.loss_mask: 1.5656  decode.loss_dice: 1.1673  decode.d0.loss_cls: 0.2539  decode.d0.loss_mask: 1.4891  decode.d0.loss_dice: 1.1454  decode.d1.loss_cls: 0.1948  decode.d1.loss_mask: 1.4579  decode.d1.loss_dice: 1.1490  decode.d2.loss_cls: 0.1437  decode.d2.loss_mask: 1.5571  decode.d2.loss_dice: 1.1190  decode.d3.loss_cls: 0.1593  decode.d3.loss_mask: 1.6428  decode.d3.loss_dice: 1.0966  decode.d4.loss_cls: 0.1977  decode.d4.loss_mask: 1.5585  decode.d4.loss_dice: 1.1095  decode.d5.loss_cls: 0.1487  decode.d5.loss_mask: 1.5497  decode.d5.loss_dice: 1.1542  decode.d6.loss_cls: 0.1797  decode.d6.loss_mask: 1.5375  decode.d6.loss_dice: 1.1343  decode.d7.loss_cls: 0.2011  decode.d7.loss_mask: 1.4878  decode.d7.loss_dice: 1.1519  decode.d8.loss_cls: 0.1661  decode.d8.loss_mask: 1.5338  decode.d8.loss_dice: 1.1251
2026/09/20 08:07:22 - mmengine - INFO - Iter(train) [ 5900/20000]  base_lr: 0.0000e+00 lr: 1.0000e-05  eta: 2:17:47  time: 0.5806  data_time: 0.0111  memory: 5800  grad_norm: 902.3562  loss: 25.9960  decode.loss_cls: 0.1528  decode.loss_mask: 1.4768  decode.loss_dice: 0.9293  decode.d0.loss_cls: 0.2931  decode.d0.loss_mask: 1.3438  decode.d0.loss_dice: 0.9110  decode.d1.loss_cls: 0.1834  decode.d1.loss_mask: 1.5035  decode.d1.loss_dice: 0.9172  decode.d2.loss_cls: 0.2335  decode.d2.loss_mask: 1.4817  decode.d2.loss_dice: 0.8980  decode.d3.loss_cls: 0.1939  decode.d3.loss_mask: 1.5274  decode.d3.loss_dice: 0.9792  decode.d4.loss_cls: 0.1976  decode.d4.loss_mask: 1.6340  decode.d4.loss_dice: 1.0320  decode.d5.loss_cls: 0.1773  decode.d5.loss_mask: 1.4452  decode.d5.loss_dice: 0.8838  decode.d6.loss_cls: 0.1525  decode.d6.loss_mask: 1.4951  decode.d6.loss_dice: 0.8831  decode.d7.loss_cls: 0.1504  decode.d7.loss_mask: 1.4370  decode.d7.loss_dice: 0.9315  decode.d8.loss_cls: 0.1485  decode.d8.loss_mask: 1.5051  decode.d8.loss_dice: 0.8983
2026/09/20 08:07:51 - mmengine - INFO - Iter(train) [ 5950/20000]  base_lr: 0.0000e+00 lr: 1.0000e-05  eta: 2:17:17  time: 0.5801  data_time: 0.0123  memory: 5802  grad_norm: 1041.2872  loss: 35.2516  decode.loss_cls: 0.2631  decode.loss_mask: 2.2113  decode.loss_dice: 1.1259  decode.d0.loss_cls: 0.3230  decode.d0.loss_mask: 2.1390  decode.d0.loss_dice: 1.1341  decode.d1.loss_cls: 0.3062  decode.d1.loss_mask: 2.1097  decode.d1.loss_dice: 1.0686  decode.d2.loss_cls: 0.2514  decode.d2.loss_mask: 2.1490  decode.d2.loss_dice: 1.0859  decode.d3.loss_cls: 0.2618  decode.d3.loss_mask: 2.2269  decode.d3.loss_dice: 1.0985  decode.d4.loss_cls: 0.2280  decode.d4.loss_mask: 2.2091  decode.d4.loss_dice: 1.1010  decode.d5.loss_cls: 0.2075  decode.d5.loss_mask: 2.3196  decode.d5.loss_dice: 1.0871  decode.d6.loss_cls: 0.2165  decode.d6.loss_mask: 2.1684  decode.d6.loss_dice: 1.0824  decode.d7.loss_cls: 0.2054  decode.d7.loss_mask: 2.1131  decode.d7.loss_dice: 1.1084  decode.d8.loss_cls: 0.2677  decode.d8.loss_mask: 2.1117  decode.d8.loss_dice: 1.0713
2026/09/20 08:08:20 - mmengine - INFO - Exp name: mask2former_20260920_071244
2026/09/20 08:08:20 - mmengine - INFO - Iter(train) [ 6000/20000]  base_lr: 0.0000e+00 lr: 1.0000e-05  eta: 2:16:45  time: 0.5775  data_time: 0.0109  memory: 5802  grad_norm: 784.8122  loss: 27.0141  decode.loss_cls: 0.1382  decode.loss_mask: 1.5585  decode.loss_dice: 1.0306  decode.d0.loss_cls: 0.1928  decode.d0.loss_mask: 1.5478  decode.d0.loss_dice: 1.0912  decode.d1.loss_cls: 0.1117  decode.d1.loss_mask: 1.5335  decode.d1.loss_dice: 1.0174  decode.d2.loss_cls: 0.1757  decode.d2.loss_mask: 1.5339  decode.d2.loss_dice: 1.0320  decode.d3.loss_cls: 0.1339  decode.d3.loss_mask: 1.5481  decode.d3.loss_dice: 1.0299  decode.d4.loss_cls: 0.1526  decode.d4.loss_mask: 1.4965  decode.d4.loss_dice: 1.0212  decode.d5.loss_cls: 0.1323  decode.d5.loss_mask: 1.4779  decode.d5.loss_dice: 1.0634  decode.d6.loss_cls: 0.1463  decode.d6.loss_mask: 1.4608  decode.d6.loss_dice: 1.0187  decode.d7.loss_cls: 0.1438  decode.d7.loss_mask: 1.5299  decode.d7.loss_dice: 1.0225  decode.d8.loss_cls: 0.1454  decode.d8.loss_mask: 1.5377  decode.d8.loss_dice: 0.9901
2026/09/20 08:08:20 - mmengine - INFO - Saving checkpoint at 6000 iterations
2026/09/20 08:09:58 - mmengine - INFO - Iter(val) [ 50/304]    eta: 0:08:06  time: 1.8932  data_time: 0.0090  memory: 3998  
2026/09/20 08:12:06 - mmengine - INFO - Iter(val) [100/304]    eta: 0:07:36  time: 2.5021  data_time: 0.0095  memory: 3998  
2026/09/20 08:14:09 - mmengine - INFO - Iter(val) [150/304]    eta: 0:05:55  time: 2.4263  data_time: 0.0095  memory: 3998  
2026/09/20 08:16:10 - mmengine - INFO - Iter(val) [200/304]    eta: 0:04:02  time: 2.4402  data_time: 0.0093  memory: 3998  
2026/09/20 08:18:10 - mmengine - INFO - Iter(val) [250/304]    eta: 0:02:06  time: 2.4440  data_time: 0.0093  memory: 3998  
2026/09/20 08:20:08 - mmengine - INFO - Iter(val) [300/304]    eta: 0:00:09  time: 2.3951  data_time: 0.0092  memory: 3998  
2026/09/20 08:20:18 - mmengine - INFO - per class results:
2026/09/20 08:20:18 - mmengine - INFO - 
+------------------+-------+-------+-------+--------+-----------+--------+
|      Class       |  IoU  |  Acc  |  Dice | Fscore | Precision | Recall |
+------------------+-------+-------+-------+--------+-----------+--------+
|    background    | 87.83 | 88.59 | 93.52 | 93.52  |   99.03   | 88.59  |
| wastewater_plant | 39.27 | 90.14 | 56.39 | 56.39  |   41.03   | 90.14  |
+------------------+-------+-------+-------+--------+-----------+--------+
2026/09/20 08:20:18 - mmengine - INFO - Iter(val) [304/304]    aAcc: 88.7200  mIoU: 63.5500  mAcc: 89.3700  mDice: 74.9600  mFscore: 74.9600  mPrecision: 70.0300  mRecall: 89.3700  binary/Foreground_IoU: 39.2670  binary/Dice: 56.3910  binary/F1: 56.3910  binary/Precision: 41.0291  binary/Recall: 90.1412  binary/Boundary_F1: 7.4203  binary/BFScore: 7.4203  binary/Boundary_Precision: 4.8433  binary/Boundary_Recall: 15.8580  binary/Hausdorff_px: 928.6934  binary/HD95_px: 802.4771  binary/Hausdorff_m: 464.3467  binary/HD95_m: 401.2386  data_time: 0.0101  time: 2.3542
2026/09/20 08:20:47 - mmengine - INFO - Iter(train) [ 6050/20000]  base_lr: 0.0000e+00 lr: 9.9098e-07  eta: 2:16:16  time: 0.5860  data_time: 0.0124  memory: 5800  grad_norm: 802.2406  loss: 30.1216  decode.loss_cls: 0.1557  decode.loss_mask: 1.7703  decode.loss_dice: 1.0318  decode.d0.loss_cls: 0.1983  decode.d0.loss_mask: 1.8731  decode.d0.loss_dice: 1.1034  decode.d1.loss_cls: 0.1403  decode.d1.loss_mask: 1.7980  decode.d1.loss_dice: 1.0365  decode.d2.loss_cls: 0.1153  decode.d2.loss_mask: 1.8366  decode.d2.loss_dice: 1.0963  decode.d3.loss_cls: 0.1365  decode.d3.loss_mask: 1.8014  decode.d3.loss_dice: 1.0467  decode.d4.loss_cls: 0.1430  decode.d4.loss_mask: 1.7940  decode.d4.loss_dice: 1.0735  decode.d5.loss_cls: 0.1502  decode.d5.loss_mask: 1.8122  decode.d5.loss_dice: 1.0689  decode.d6.loss_cls: 0.1384  decode.d6.loss_mask: 1.7369  decode.d6.loss_dice: 1.0594  decode.d7.loss_cls: 0.1537  decode.d7.loss_mask: 1.7657  decode.d7.loss_dice: 1.0992  decode.d8.loss_cls: 0.1333  decode.d8.loss_mask: 1.8064  decode.d8.loss_dice: 1.0463
2026/09/20 08:21:16 - mmengine - INFO - Iter(train) [ 6100/20000]  base_lr: 0.0000e+00 lr: 1.9920e-06  eta: 2:15:46  time: 0.5789  data_time: 0.0121  memory: 5802  grad_norm: 874.5081  loss: 28.3234  decode.loss_cls: 0.1430  decode.loss_mask: 1.6178  decode.loss_dice: 1.0335  decode.d0.loss_cls: 0.2021  decode.d0.loss_mask: 1.6424  decode.d0.loss_dice: 1.0781  decode.d1.loss_cls: 0.1493  decode.d1.loss_mask: 1.6501  decode.d1.loss_dice: 1.0665  decode.d2.loss_cls: 0.1962  decode.d2.loss_mask: 1.5748  decode.d2.loss_dice: 1.0351  decode.d3.loss_cls: 0.1196  decode.d3.loss_mask: 1.6429  decode.d3.loss_dice: 1.0714  decode.d4.loss_cls: 0.1272  decode.d4.loss_mask: 1.6432  decode.d4.loss_dice: 1.0572  decode.d5.loss_cls: 0.1412  decode.d5.loss_mask: 1.5931  decode.d5.loss_dice: 1.0562  decode.d6.loss_cls: 0.1324  decode.d6.loss_mask: 1.6846  decode.d6.loss_dice: 1.0972  decode.d7.loss_cls: 0.1950  decode.d7.loss_mask: 1.5972  decode.d7.loss_dice: 0.9737  decode.d8.loss_cls: 0.1650  decode.d8.loss_mask: 1.6252  decode.d8.loss_dice: 1.0123
2026/09/20 08:21:45 - mmengine - INFO - Iter(train) [ 6150/20000]  base_lr: 0.0000e+00 lr: 2.9930e-06  eta: 2:15:16  time: 0.5878  data_time: 0.0123  memory: 5800  grad_norm: 656.9409  loss: 32.5408  decode.loss_cls: 0.2156  decode.loss_mask: 1.8872  decode.loss_dice: 1.1923  decode.d0.loss_cls: 0.3203  decode.d0.loss_mask: 1.8759  decode.d0.loss_dice: 1.2308  decode.d1.loss_cls: 0.1974  decode.d1.loss_mask: 1.9193  decode.d1.loss_dice: 1.1591  decode.d2.loss_cls: 0.1942  decode.d2.loss_mask: 1.8933  decode.d2.loss_dice: 1.1725  decode.d3.loss_cls: 0.1940  decode.d3.loss_mask: 1.8810  decode.d3.loss_dice: 1.1134  decode.d4.loss_cls: 0.1787  decode.d4.loss_mask: 1.8776  decode.d4.loss_dice: 1.1420  decode.d5.loss_cls: 0.1562  decode.d5.loss_mask: 1.8891  decode.d5.loss_dice: 1.1298  decode.d6.loss_cls: 0.2079  decode.d6.loss_mask: 1.8766  decode.d6.loss_dice: 1.1337  decode.d7.loss_cls: 0.2155  decode.d7.loss_mask: 1.8748  decode.d7.loss_dice: 1.1578  decode.d8.loss_cls: 0.2139  decode.d8.loss_mask: 1.8852  decode.d8.loss_dice: 1.1556
2026/09/20 08:22:15 - mmengine - INFO - Iter(train) [ 6200/20000]  base_lr: 0.0000e+00 lr: 3.9940e-06  eta: 2:14:45  time: 0.5812  data_time: 0.0124  memory: 5800  grad_norm: 693.3020  loss: 27.5174  decode.loss_cls: 0.1771  decode.loss_mask: 1.6448  decode.loss_dice: 0.9159  decode.d0.loss_cls: 0.2459  decode.d0.loss_mask: 1.5930  decode.d0.loss_dice: 1.0041  decode.d1.loss_cls: 0.2327  decode.d1.loss_mask: 1.5216  decode.d1.loss_dice: 0.8500  decode.d2.loss_cls: 0.2181  decode.d2.loss_mask: 1.5773  decode.d2.loss_dice: 0.8773  decode.d3.loss_cls: 0.1719  decode.d3.loss_mask: 1.5954  decode.d3.loss_dice: 0.9213  decode.d4.loss_cls: 0.1824  decode.d4.loss_mask: 1.7055  decode.d4.loss_dice: 0.9319  decode.d5.loss_cls: 0.1622  decode.d5.loss_mask: 1.7440  decode.d5.loss_dice: 0.9671  decode.d6.loss_cls: 0.1467  decode.d6.loss_mask: 1.6508  decode.d6.loss_dice: 0.9746  decode.d7.loss_cls: 0.1740  decode.d7.loss_mask: 1.6711  decode.d7.loss_dice: 0.9746  decode.d8.loss_cls: 0.1632  decode.d8.loss_mask: 1.6089  decode.d8.loss_dice: 0.9140
2026/09/20 08:22:44 - mmengine - INFO - Iter(train) [ 6250/20000]  base_lr: 0.0000e+00 lr: 4.9950e-06  eta: 2:14:16  time: 0.5866  data_time: 0.0120  memory: 5800  grad_norm: 769.4013  loss: 27.8702  decode.loss_cls: 0.1587  decode.loss_mask: 1.5536  decode.loss_dice: 1.1193  decode.d0.loss_cls: 0.2767  decode.d0.loss_mask: 1.3875  decode.d0.loss_dice: 1.0738  decode.d1.loss_cls: 0.1999  decode.d1.loss_mask: 1.3750  decode.d1.loss_dice: 1.0515  decode.d2.loss_cls: 0.1844  decode.d2.loss_mask: 1.4423  decode.d2.loss_dice: 1.0763  decode.d3.loss_cls: 0.1878  decode.d3.loss_mask: 1.4889  decode.d3.loss_dice: 1.0927  decode.d4.loss_cls: 0.2152  decode.d4.loss_mask: 1.4806  decode.d4.loss_dice: 1.1120  decode.d5.loss_cls: 0.1656  decode.d5.loss_mask: 1.5555  decode.d5.loss_dice: 1.1146  decode.d6.loss_cls: 0.1716  decode.d6.loss_mask: 1.6076  decode.d6.loss_dice: 1.0829  decode.d7.loss_cls: 0.1536  decode.d7.loss_mask: 1.6486  decode.d7.loss_dice: 1.1200  decode.d8.loss_cls: 0.1642  decode.d8.loss_mask: 1.5214  decode.d8.loss_dice: 1.0883
2026/09/20 08:23:13 - mmengine - INFO - Iter(train) [ 6300/20000]  base_lr: 0.0000e+00 lr: 5.9960e-06  eta: 2:13:46  time: 0.5887  data_time: 0.0120  memory: 5800  grad_norm: 930.6770  loss: 25.5326  decode.loss_cls: 0.1997  decode.loss_mask: 1.3869  decode.loss_dice: 1.0128  decode.d0.loss_cls: 0.2305  decode.d0.loss_mask: 1.2963  decode.d0.loss_dice: 1.0726  decode.d1.loss_cls: 0.2106  decode.d1.loss_mask: 1.2966  decode.d1.loss_dice: 1.0072  decode.d2.loss_cls: 0.2351  decode.d2.loss_mask: 1.2817  decode.d2.loss_dice: 1.0086  decode.d3.loss_cls: 0.2071  decode.d3.loss_mask: 1.2723  decode.d3.loss_dice: 1.0257  decode.d4.loss_cls: 0.2246  decode.d4.loss_mask: 1.3281  decode.d4.loss_dice: 0.9971  decode.d5.loss_cls: 0.2106  decode.d5.loss_mask: 1.3388  decode.d5.loss_dice: 1.0148  decode.d6.loss_cls: 0.1613  decode.d6.loss_mask: 1.2728  decode.d6.loss_dice: 1.0272  decode.d7.loss_cls: 0.2197  decode.d7.loss_mask: 1.3490  decode.d7.loss_dice: 1.0199  decode.d8.loss_cls: 0.2440  decode.d8.loss_mask: 1.3684  decode.d8.loss_dice: 1.0127
2026/09/20 08:23:42 - mmengine - INFO - Iter(train) [ 6350/20000]  base_lr: 0.0000e+00 lr: 6.9970e-06  eta: 2:13:17  time: 0.5874  data_time: 0.0115  memory: 5800  grad_norm: 653.8181  loss: 31.6606  decode.loss_cls: 0.1833  decode.loss_mask: 1.7381  decode.loss_dice: 1.2099  decode.d0.loss_cls: 0.2689  decode.d0.loss_mask: 1.6504  decode.d0.loss_dice: 1.1607  decode.d1.loss_cls: 0.1824  decode.d1.loss_mask: 1.7775  decode.d1.loss_dice: 1.2353  decode.d2.loss_cls: 0.1854  decode.d2.loss_mask: 1.7734  decode.d2.loss_dice: 1.2825  decode.d3.loss_cls: 0.2004  decode.d3.loss_mask: 1.7487  decode.d3.loss_dice: 1.2615  decode.d4.loss_cls: 0.2069  decode.d4.loss_mask: 1.6489  decode.d4.loss_dice: 1.1975  decode.d5.loss_cls: 0.1865  decode.d5.loss_mask: 1.7548  decode.d5.loss_dice: 1.2138  decode.d6.loss_cls: 0.1604  decode.d6.loss_mask: 1.7533  decode.d6.loss_dice: 1.2399  decode.d7.loss_cls: 0.1459  decode.d7.loss_mask: 1.7658  decode.d7.loss_dice: 1.2426  decode.d8.loss_cls: 0.2022  decode.d8.loss_mask: 1.8465  decode.d8.loss_dice: 1.2373
2026/09/20 08:24:11 - mmengine - INFO - Iter(train) [ 6400/20000]  base_lr: 0.0000e+00 lr: 7.9980e-06  eta: 2:12:47  time: 0.5772  data_time: 0.0118  memory: 5802  grad_norm: 585.8062  loss: 25.0959  decode.loss_cls: 0.2051  decode.loss_mask: 1.3135  decode.loss_dice: 0.9134  decode.d0.loss_cls: 0.2377  decode.d0.loss_mask: 1.4057  decode.d0.loss_dice: 1.0289  decode.d1.loss_cls: 0.2277  decode.d1.loss_mask: 1.3646  decode.d1.loss_dice: 0.8753  decode.d2.loss_cls: 0.2077  decode.d2.loss_mask: 1.4180  decode.d2.loss_dice: 0.9167  decode.d3.loss_cls: 0.2105  decode.d3.loss_mask: 1.3759  decode.d3.loss_dice: 0.9400  decode.d4.loss_cls: 0.2166  decode.d4.loss_mask: 1.3948  decode.d4.loss_dice: 0.9469  decode.d5.loss_cls: 0.2227  decode.d5.loss_mask: 1.3948  decode.d5.loss_dice: 0.9097  decode.d6.loss_cls: 0.1926  decode.d6.loss_mask: 1.3962  decode.d6.loss_dice: 0.9411  decode.d7.loss_cls: 0.2113  decode.d7.loss_mask: 1.3232  decode.d7.loss_dice: 0.8644  decode.d8.loss_cls: 0.1941  decode.d8.loss_mask: 1.3716  decode.d8.loss_dice: 0.8756
2026/09/20 08:24:40 - mmengine - INFO - Iter(train) [ 6450/20000]  base_lr: 0.0000e+00 lr: 8.9990e-06  eta: 2:12:17  time: 0.5783  data_time: 0.0121  memory: 5800  grad_norm: 765.6662  loss: 26.5532  decode.loss_cls: 0.1437  decode.loss_mask: 1.4573  decode.loss_dice: 1.0121  decode.d0.loss_cls: 0.1891  decode.d0.loss_mask: 1.6229  decode.d0.loss_dice: 1.1164  decode.d1.loss_cls: 0.1653  decode.d1.loss_mask: 1.4305  decode.d1.loss_dice: 1.0030  decode.d2.loss_cls: 0.1776  decode.d2.loss_mask: 1.4130  decode.d2.loss_dice: 0.9827  decode.d3.loss_cls: 0.1642  decode.d3.loss_mask: 1.4638  decode.d3.loss_dice: 1.0167  decode.d4.loss_cls: 0.1749  decode.d4.loss_mask: 1.5150  decode.d4.loss_dice: 1.0293  decode.d5.loss_cls: 0.1430  decode.d5.loss_mask: 1.4800  decode.d5.loss_dice: 1.0083  decode.d6.loss_cls: 0.1259  decode.d6.loss_mask: 1.4508  decode.d6.loss_dice: 1.0111  decode.d7.loss_cls: 0.1644  decode.d7.loss_mask: 1.4788  decode.d7.loss_dice: 0.9962  decode.d8.loss_cls: 0.1381  decode.d8.loss_mask: 1.4939  decode.d8.loss_dice: 0.9854
2026/09/20 08:25:10 - mmengine - INFO - Iter(train) [ 6500/20000]  base_lr: 0.0000e+00 lr: 1.0000e-05  eta: 2:11:47  time: 0.5835  data_time: 0.0113  memory: 5802  grad_norm: 825.4941  loss: 25.6759  decode.loss_cls: 0.1355  decode.loss_mask: 1.4747  decode.loss_dice: 0.9797  decode.d0.loss_cls: 0.2505  decode.d0.loss_mask: 1.4143  decode.d0.loss_dice: 1.0010  decode.d1.loss_cls: 0.2109  decode.d1.loss_mask: 1.4039  decode.d1.loss_dice: 0.9499  decode.d2.loss_cls: 0.1721  decode.d2.loss_mask: 1.4078  decode.d2.loss_dice: 0.9762  decode.d3.loss_cls: 0.1385  decode.d3.loss_mask: 1.4236  decode.d3.loss_dice: 0.9723  decode.d4.loss_cls: 0.1407  decode.d4.loss_mask: 1.4348  decode.d4.loss_dice: 0.9864  decode.d5.loss_cls: 0.1550  decode.d5.loss_mask: 1.3610  decode.d5.loss_dice: 0.9839  decode.d6.loss_cls: 0.1618  decode.d6.loss_mask: 1.3913  decode.d6.loss_dice: 0.9635  decode.d7.loss_cls: 0.0990  decode.d7.loss_mask: 1.5330  decode.d7.loss_dice: 0.9753  decode.d8.loss_cls: 0.1065  decode.d8.loss_mask: 1.4994  decode.d8.loss_dice: 0.9735
2026/09/20 08:25:39 - mmengine - INFO - Iter(train) [ 6550/20000]  base_lr: 0.0000e+00 lr: 9.9733e-06  eta: 2:11:17  time: 0.5829  data_time: 0.0125  memory: 5802  grad_norm: 1410.5736  loss: 33.6882  decode.loss_cls: 0.2795  decode.loss_mask: 1.8802  decode.loss_dice: 1.2483  decode.d0.loss_cls: 0.2464  decode.d0.loss_mask: 1.9217  decode.d0.loss_dice: 1.2236  decode.d1.loss_cls: 0.2776  decode.d1.loss_mask: 1.8852  decode.d1.loss_dice: 1.2106  decode.d2.loss_cls: 0.3242  decode.d2.loss_mask: 1.9167  decode.d2.loss_dice: 1.2287  decode.d3.loss_cls: 0.2491  decode.d3.loss_mask: 1.8501  decode.d3.loss_dice: 1.2366  decode.d4.loss_cls: 0.2461  decode.d4.loss_mask: 1.9504  decode.d4.loss_dice: 1.2247  decode.d5.loss_cls: 0.2261  decode.d5.loss_mask: 1.8670  decode.d5.loss_dice: 1.2008  decode.d6.loss_cls: 0.2346  decode.d6.loss_mask: 1.8621  decode.d6.loss_dice: 1.2058  decode.d7.loss_cls: 0.2499  decode.d7.loss_mask: 1.8748  decode.d7.loss_dice: 1.2255  decode.d8.loss_cls: 0.2417  decode.d8.loss_mask: 1.8764  decode.d8.loss_dice: 1.2239
2026/09/20 08:26:08 - mmengine - INFO - Iter(train) [ 6600/20000]  base_lr: 0.0000e+00 lr: 9.9460e-06  eta: 2:10:48  time: 0.5803  data_time: 0.0121  memory: 5800  grad_norm: 691.0741  loss: 29.0321  decode.loss_cls: 0.1172  decode.loss_mask: 1.7472  decode.loss_dice: 1.1207  decode.d0.loss_cls: 0.1947  decode.d0.loss_mask: 1.7633  decode.d0.loss_dice: 1.1670  decode.d1.loss_cls: 0.1916  decode.d1.loss_mask: 1.6097  decode.d1.loss_dice: 1.0458  decode.d2.loss_cls: 0.1598  decode.d2.loss_mask: 1.6101  decode.d2.loss_dice: 1.0627  decode.d3.loss_cls: 0.1682  decode.d3.loss_mask: 1.6049  decode.d3.loss_dice: 1.0793  decode.d4.loss_cls: 0.1628  decode.d4.loss_mask: 1.5954  decode.d4.loss_dice: 1.0852  decode.d5.loss_cls: 0.1377  decode.d5.loss_mask: 1.6708  decode.d5.loss_dice: 1.1450  decode.d6.loss_cls: 0.1240  decode.d6.loss_mask: 1.6532  decode.d6.loss_dice: 1.0893  decode.d7.loss_cls: 0.1236  decode.d7.loss_mask: 1.6844  decode.d7.loss_dice: 1.0659  decode.d8.loss_cls: 0.1133  decode.d8.loss_mask: 1.6595  decode.d8.loss_dice: 1.0797
2026/09/20 08:26:37 - mmengine - INFO - Iter(train) [ 6650/20000]  base_lr: 0.0000e+00 lr: 9.9187e-06  eta: 2:10:19  time: 0.5917  data_time: 0.0122  memory: 5800  grad_norm: 722.5229  loss: 33.6530  decode.loss_cls: 0.2644  decode.loss_mask: 1.8686  decode.loss_dice: 1.2676  decode.d0.loss_cls: 0.3612  decode.d0.loss_mask: 1.7486  decode.d0.loss_dice: 1.2537  decode.d1.loss_cls: 0.3269  decode.d1.loss_mask: 1.8012  decode.d1.loss_dice: 1.1637  decode.d2.loss_cls: 0.2782  decode.d2.loss_mask: 1.8753  decode.d2.loss_dice: 1.2057  decode.d3.loss_cls: 0.3115  decode.d3.loss_mask: 2.0058  decode.d3.loss_dice: 1.2679  decode.d4.loss_cls: 0.2705  decode.d4.loss_mask: 1.9916  decode.d4.loss_dice: 1.2574  decode.d5.loss_cls: 0.2965  decode.d5.loss_mask: 1.8800  decode.d5.loss_dice: 1.2249  decode.d6.loss_cls: 0.3295  decode.d6.loss_mask: 1.7563  decode.d6.loss_dice: 1.1969  decode.d7.loss_cls: 0.2677  decode.d7.loss_mask: 1.8042  decode.d7.loss_dice: 1.1596  decode.d8.loss_cls: 0.2922  decode.d8.loss_mask: 1.7652  decode.d8.loss_dice: 1.1602
2026/09/20 08:27:06 - mmengine - INFO - Iter(train) [ 6700/20000]  base_lr: 0.0000e+00 lr: 9.8914e-06  eta: 2:09:49  time: 0.5769  data_time: 0.0126  memory: 5800  grad_norm: 702.2148  loss: 22.3556  decode.loss_cls: 0.1302  decode.loss_mask: 1.2478  decode.loss_dice: 0.7779  decode.d0.loss_cls: 0.1657  decode.d0.loss_mask: 1.3063  decode.d0.loss_dice: 0.8084  decode.d1.loss_cls: 0.1454  decode.d1.loss_mask: 1.2807  decode.d1.loss_dice: 0.7896  decode.d2.loss_cls: 0.1391  decode.d2.loss_mask: 1.2990  decode.d2.loss_dice: 0.7677  decode.d3.loss_cls: 0.1600  decode.d3.loss_mask: 1.2961  decode.d3.loss_dice: 0.7797  decode.d4.loss_cls: 0.1336  decode.d4.loss_mask: 1.3333  decode.d4.loss_dice: 0.7980  decode.d5.loss_cls: 0.1252  decode.d5.loss_mask: 1.3510  decode.d5.loss_dice: 0.8321  decode.d6.loss_cls: 0.1100  decode.d6.loss_mask: 1.3076  decode.d6.loss_dice: 0.8205  decode.d7.loss_cls: 0.1272  decode.d7.loss_mask: 1.3079  decode.d7.loss_dice: 0.8216  decode.d8.loss_cls: 0.1481  decode.d8.loss_mask: 1.2594  decode.d8.loss_dice: 0.7864
2026/09/20 08:27:36 - mmengine - INFO - Iter(train) [ 6750/20000]  base_lr: 0.0000e+00 lr: 9.8641e-06  eta: 2:09:19  time: 0.5776  data_time: 0.0127  memory: 5800  grad_norm: 951.7844  loss: 30.2687  decode.loss_cls: 0.2051  decode.loss_mask: 1.6782  decode.loss_dice: 1.0461  decode.d0.loss_cls: 0.2956  decode.d0.loss_mask: 1.7199  decode.d0.loss_dice: 1.1524  decode.d1.loss_cls: 0.2579  decode.d1.loss_mask: 1.7161  decode.d1.loss_dice: 1.0820  decode.d2.loss_cls: 0.2491  decode.d2.loss_mask: 1.7063  decode.d2.loss_dice: 1.1135  decode.d3.loss_cls: 0.2089  decode.d3.loss_mask: 1.7288  decode.d3.loss_dice: 1.1121  decode.d4.loss_cls: 0.2245  decode.d4.loss_mask: 1.7445  decode.d4.loss_dice: 1.1152  decode.d5.loss_cls: 0.2247  decode.d5.loss_mask: 1.6435  decode.d5.loss_dice: 1.0784  decode.d6.loss_cls: 0.2200  decode.d6.loss_mask: 1.6592  decode.d6.loss_dice: 1.0836  decode.d7.loss_cls: 0.2396  decode.d7.loss_mask: 1.7177  decode.d7.loss_dice: 1.1392  decode.d8.loss_cls: 0.1967  decode.d8.loss_mask: 1.6627  decode.d8.loss_dice: 1.0472
2026/09/20 08:28:05 - mmengine - INFO - Iter(train) [ 6800/20000]  base_lr: 0.0000e+00 lr: 9.8368e-06  eta: 2:08:50  time: 0.5831  data_time: 0.0119  memory: 5800  grad_norm: 603.6796  loss: 29.3266  decode.loss_cls: 0.1906  decode.loss_mask: 1.6595  decode.loss_dice: 1.1058  decode.d0.loss_cls: 0.2494  decode.d0.loss_mask: 1.5885  decode.d0.loss_dice: 1.1710  decode.d1.loss_cls: 0.2445  decode.d1.loss_mask: 1.5432  decode.d1.loss_dice: 1.0852  decode.d2.loss_cls: 0.2094  decode.d2.loss_mask: 1.6154  decode.d2.loss_dice: 1.1477  decode.d3.loss_cls: 0.2249  decode.d3.loss_mask: 1.5682  decode.d3.loss_dice: 1.1384  decode.d4.loss_cls: 0.2296  decode.d4.loss_mask: 1.5376  decode.d4.loss_dice: 1.1256  decode.d5.loss_cls: 0.1994  decode.d5.loss_mask: 1.5754  decode.d5.loss_dice: 1.1356  decode.d6.loss_cls: 0.2029  decode.d6.loss_mask: 1.6283  decode.d6.loss_dice: 1.1228  decode.d7.loss_cls: 0.2097  decode.d7.loss_mask: 1.5766  decode.d7.loss_dice: 1.0694  decode.d8.loss_cls: 0.2060  decode.d8.loss_mask: 1.6634  decode.d8.loss_dice: 1.1027
2026/09/20 08:28:34 - mmengine - INFO - Iter(train) [ 6850/20000]  base_lr: 0.0000e+00 lr: 9.8094e-06  eta: 2:08:20  time: 0.5813  data_time: 0.0121  memory: 5800  grad_norm: 758.5699  loss: 29.9951  decode.loss_cls: 0.2109  decode.loss_mask: 1.6584  decode.loss_dice: 1.0673  decode.d0.loss_cls: 0.2246  decode.d0.loss_mask: 1.7571  decode.d0.loss_dice: 1.1208  decode.d1.loss_cls: 0.2756  decode.d1.loss_mask: 1.6511  decode.d1.loss_dice: 1.0489  decode.d2.loss_cls: 0.2456  decode.d2.loss_mask: 1.6625  decode.d2.loss_dice: 1.0181  decode.d3.loss_cls: 0.2275  decode.d3.loss_mask: 1.8602  decode.d3.loss_dice: 1.0869  decode.d4.loss_cls: 0.2354  decode.d4.loss_mask: 1.7838  decode.d4.loss_dice: 1.0984  decode.d5.loss_cls: 0.2518  decode.d5.loss_mask: 1.7406  decode.d5.loss_dice: 1.0962  decode.d6.loss_cls: 0.2728  decode.d6.loss_mask: 1.5505  decode.d6.loss_dice: 1.0105  decode.d7.loss_cls: 0.2294  decode.d7.loss_mask: 1.6630  decode.d7.loss_dice: 1.0768  decode.d8.loss_cls: 0.2472  decode.d8.loss_mask: 1.5899  decode.d8.loss_dice: 1.0332
2026/09/20 08:29:03 - mmengine - INFO - Iter(train) [ 6900/20000]  base_lr: 0.0000e+00 lr: 9.7821e-06  eta: 2:07:50  time: 0.5879  data_time: 0.0127  memory: 5800  grad_norm: 821.0088  loss: 29.1056  decode.loss_cls: 0.2429  decode.loss_mask: 1.7625  decode.loss_dice: 0.9562  decode.d0.loss_cls: 0.2586  decode.d0.loss_mask: 1.7425  decode.d0.loss_dice: 0.9594  decode.d1.loss_cls: 0.2527  decode.d1.loss_mask: 1.6884  decode.d1.loss_dice: 0.8892  decode.d2.loss_cls: 0.2565  decode.d2.loss_mask: 1.7454  decode.d2.loss_dice: 0.9367  decode.d3.loss_cls: 0.2332  decode.d3.loss_mask: 1.7505  decode.d3.loss_dice: 0.9592  decode.d4.loss_cls: 0.2455  decode.d4.loss_mask: 1.7297  decode.d4.loss_dice: 0.9452  decode.d5.loss_cls: 0.2602  decode.d5.loss_mask: 1.6708  decode.d5.loss_dice: 0.9790  decode.d6.loss_cls: 0.2262  decode.d6.loss_mask: 1.7581  decode.d6.loss_dice: 1.0293  decode.d7.loss_cls: 0.2419  decode.d7.loss_mask: 1.6254  decode.d7.loss_dice: 0.9343  decode.d8.loss_cls: 0.2725  decode.d8.loss_mask: 1.6335  decode.d8.loss_dice: 0.9199
2026/09/20 08:29:32 - mmengine - INFO - Iter(train) [ 6950/20000]  base_lr: 0.0000e+00 lr: 9.7547e-06  eta: 2:07:21  time: 0.5818  data_time: 0.0119  memory: 5800  grad_norm: 789.5959  loss: 32.5606  decode.loss_cls: 0.2170  decode.loss_mask: 1.7790  decode.loss_dice: 1.1435  decode.d0.loss_cls: 0.2382  decode.d0.loss_mask: 1.8192  decode.d0.loss_dice: 1.2250  decode.d1.loss_cls: 0.2562  decode.d1.loss_mask: 1.7637  decode.d1.loss_dice: 1.2300  decode.d2.loss_cls: 0.2182  decode.d2.loss_mask: 1.8401  decode.d2.loss_dice: 1.2379  decode.d3.loss_cls: 0.1939  decode.d3.loss_mask: 1.8444  decode.d3.loss_dice: 1.2232  decode.d4.loss_cls: 0.2178  decode.d4.loss_mask: 1.8243  decode.d4.loss_dice: 1.2237  decode.d5.loss_cls: 0.1832  decode.d5.loss_mask: 1.9160  decode.d5.loss_dice: 1.2634  decode.d6.loss_cls: 0.2351  decode.d6.loss_mask: 1.8604  decode.d6.loss_dice: 1.2113  decode.d7.loss_cls: 0.2183  decode.d7.loss_mask: 1.8240  decode.d7.loss_dice: 1.2238  decode.d8.loss_cls: 0.2023  decode.d8.loss_mask: 1.7830  decode.d8.loss_dice: 1.1445
2026/09/20 08:30:02 - mmengine - INFO - Exp name: mask2former_20260920_071244
2026/09/20 08:30:02 - mmengine - INFO - Iter(train) [ 7000/20000]  base_lr: 0.0000e+00 lr: 9.7274e-06  eta: 2:06:51  time: 0.5917  data_time: 0.0132  memory: 5802  grad_norm: 793.5709  loss: 23.5871  decode.loss_cls: 0.1436  decode.loss_mask: 1.2661  decode.loss_dice: 0.9485  decode.d0.loss_cls: 0.2633  decode.d0.loss_mask: 1.2078  decode.d0.loss_dice: 0.9473  decode.d1.loss_cls: 0.2249  decode.d1.loss_mask: 1.1860  decode.d1.loss_dice: 0.9082  decode.d2.loss_cls: 0.1649  decode.d2.loss_mask: 1.2601  decode.d2.loss_dice: 1.0083  decode.d3.loss_cls: 0.1602  decode.d3.loss_mask: 1.2522  decode.d3.loss_dice: 1.0023  decode.d4.loss_cls: 0.1633  decode.d4.loss_mask: 1.2206  decode.d4.loss_dice: 0.9494  decode.d5.loss_cls: 0.1358  decode.d5.loss_mask: 1.2452  decode.d5.loss_dice: 1.0472  decode.d6.loss_cls: 0.1462  decode.d6.loss_mask: 1.2198  decode.d6.loss_dice: 0.9271  decode.d7.loss_cls: 0.1388  decode.d7.loss_mask: 1.2289  decode.d7.loss_dice: 0.9347  decode.d8.loss_cls: 0.1457  decode.d8.loss_mask: 1.2052  decode.d8.loss_dice: 0.9357
2026/09/20 08:30:02 - mmengine - INFO - Saving checkpoint at 7000 iterations
2026/09/20 08:31:42 - mmengine - INFO - Iter(val) [ 50/304]    eta: 0:08:14  time: 1.9384  data_time: 0.0090  memory: 3998  
2026/09/20 08:33:45 - mmengine - INFO - Iter(val) [100/304]    eta: 0:07:30  time: 2.4412  data_time: 0.0084  memory: 3998  
2026/09/20 08:35:46 - mmengine - INFO - Iter(val) [150/304]    eta: 0:05:51  time: 2.4333  data_time: 0.0090  memory: 3998  
2026/09/20 08:37:47 - mmengine - INFO - Iter(val) [200/304]    eta: 0:04:00  time: 2.4297  data_time: 0.0084  memory: 3998  
2026/09/20 08:39:47 - mmengine - INFO - Iter(val) [250/304]    eta: 0:02:05  time: 2.4170  data_time: 0.0092  memory: 3998  
2026/09/20 08:41:45 - mmengine - INFO - Iter(val) [300/304]    eta: 0:00:09  time: 2.3390  data_time: 0.0084  memory: 3998  
2026/09/20 08:41:54 - mmengine - INFO - per class results:
2026/09/20 08:41:54 - mmengine - INFO - 
+------------------+-------+-------+-------+--------+-----------+--------+
|      Class       |  IoU  |  Acc  |  Dice | Fscore | Precision | Recall |
+------------------+-------+-------+-------+--------+-----------+--------+
|    background    | 94.34 | 95.42 | 97.09 | 97.09  |   98.82   | 95.42  |
| wastewater_plant | 57.26 | 87.05 | 72.83 | 72.83  |    62.6   | 87.05  |
+------------------+-------+-------+-------+--------+-----------+--------+
2026/09/20 08:41:54 - mmengine - INFO - Iter(val) [304/304]    aAcc: 94.7400  mIoU: 75.8000  mAcc: 91.2400  mDice: 84.9600  mFscore: 84.9600  mPrecision: 80.7100  mRecall: 91.2400  binary/Foreground_IoU: 57.2646  binary/Dice: 72.8258  binary/F1: 72.8258  binary/Precision: 62.5958  binary/Recall: 87.0530  binary/Boundary_F1: 11.1674  binary/BFScore: 11.1674  binary/Boundary_Precision: 8.1773  binary/Boundary_Recall: 17.6048  binary/Hausdorff_px: 944.7283  binary/HD95_px: 761.9130  binary/Hausdorff_m: 472.3641  binary/HD95_m: 380.9565  data_time: 0.0096  time: 2.3366
2026/09/20 08:42:24 - mmengine - INFO - Iter(train) [ 7050/20000]  base_lr: 0.0000e+00 lr: 9.7000e-06  eta: 2:06:22  time: 0.5820  data_time: 0.0119  memory: 5800  grad_norm: 732.2475  loss: 22.4799  decode.loss_cls: 0.0884  decode.loss_mask: 1.3564  decode.loss_dice: 0.8259  decode.d0.loss_cls: 0.1740  decode.d0.loss_mask: 1.2959  decode.d0.loss_dice: 0.8707  decode.d1.loss_cls: 0.0846  decode.d1.loss_mask: 1.2941  decode.d1.loss_dice: 0.8413  decode.d2.loss_cls: 0.0739  decode.d2.loss_mask: 1.3512  decode.d2.loss_dice: 0.8258  decode.d3.loss_cls: 0.0747  decode.d3.loss_mask: 1.2701  decode.d3.loss_dice: 0.8681  decode.d4.loss_cls: 0.0944  decode.d4.loss_mask: 1.2191  decode.d4.loss_dice: 0.8531  decode.d5.loss_cls: 0.0871  decode.d5.loss_mask: 1.3204  decode.d5.loss_dice: 0.8512  decode.d6.loss_cls: 0.0811  decode.d6.loss_mask: 1.3297  decode.d6.loss_dice: 0.8898  decode.d7.loss_cls: 0.0916  decode.d7.loss_mask: 1.3300  decode.d7.loss_dice: 0.8430  decode.d8.loss_cls: 0.0879  decode.d8.loss_mask: 1.2900  decode.d8.loss_dice: 0.8166
2026/09/20 08:42:53 - mmengine - INFO - Iter(train) [ 7100/20000]  base_lr: 0.0000e+00 lr: 9.6727e-06  eta: 2:05:52  time: 0.5917  data_time: 0.0128  memory: 5800  grad_norm: 634.8830  loss: 34.3293  decode.loss_cls: 0.1216  decode.loss_mask: 2.0979  decode.loss_dice: 1.2689  decode.d0.loss_cls: 0.2844  decode.d0.loss_mask: 1.7952  decode.d0.loss_dice: 1.3313  decode.d1.loss_cls: 0.2266  decode.d1.loss_mask: 1.8581  decode.d1.loss_dice: 1.2669  decode.d2.loss_cls: 0.1842  decode.d2.loss_mask: 1.8659  decode.d2.loss_dice: 1.2696  decode.d3.loss_cls: 0.1782  decode.d3.loss_mask: 1.9895  decode.d3.loss_dice: 1.2763  decode.d4.loss_cls: 0.1446  decode.d4.loss_mask: 1.9297  decode.d4.loss_dice: 1.3435  decode.d5.loss_cls: 0.1388  decode.d5.loss_mask: 1.9544  decode.d5.loss_dice: 1.2898  decode.d6.loss_cls: 0.1152  decode.d6.loss_mask: 2.0606  decode.d6.loss_dice: 1.3337  decode.d7.loss_cls: 0.1210  decode.d7.loss_mask: 2.1085  decode.d7.loss_dice: 1.2747  decode.d8.loss_cls: 0.1137  decode.d8.loss_mask: 2.1276  decode.d8.loss_dice: 1.2589
2026/09/20 08:43:22 - mmengine - INFO - Iter(train) [ 7150/20000]  base_lr: 0.0000e+00 lr: 9.6453e-06  eta: 2:05:22  time: 0.5738  data_time: 0.0125  memory: 5800  grad_norm: 529.1080  loss: 23.8389  decode.loss_cls: 0.1344  decode.loss_mask: 1.2542  decode.loss_dice: 0.9850  decode.d0.loss_cls: 0.1674  decode.d0.loss_mask: 1.2584  decode.d0.loss_dice: 1.0397  decode.d1.loss_cls: 0.1465  decode.d1.loss_mask: 1.2557  decode.d1.loss_dice: 0.9936  decode.d2.loss_cls: 0.1227  decode.d2.loss_mask: 1.2902  decode.d2.loss_dice: 0.9755  decode.d3.loss_cls: 0.1550  decode.d3.loss_mask: 1.2390  decode.d3.loss_dice: 0.9722  decode.d4.loss_cls: 0.1372  decode.d4.loss_mask: 1.2842  decode.d4.loss_dice: 1.0207  decode.d5.loss_cls: 0.1451  decode.d5.loss_mask: 1.2388  decode.d5.loss_dice: 0.9753  decode.d6.loss_cls: 0.1326  decode.d6.loss_mask: 1.2614  decode.d6.loss_dice: 0.9702  decode.d7.loss_cls: 0.1355  decode.d7.loss_mask: 1.2340  decode.d7.loss_dice: 0.9744  decode.d8.loss_cls: 0.1326  decode.d8.loss_mask: 1.2346  decode.d8.loss_dice: 0.9727
2026/09/20 08:43:51 - mmengine - INFO - Iter(train) [ 7200/20000]  base_lr: 0.0000e+00 lr: 9.6179e-06  eta: 2:04:52  time: 0.5797  data_time: 0.0115  memory: 5800  grad_norm: 810.0417  loss: 28.3267  decode.loss_cls: 0.2668  decode.loss_mask: 1.5862  decode.loss_dice: 0.9876  decode.d0.loss_cls: 0.3200  decode.d0.loss_mask: 1.5354  decode.d0.loss_dice: 0.9923  decode.d1.loss_cls: 0.2656  decode.d1.loss_mask: 1.5083  decode.d1.loss_dice: 0.9523  decode.d2.loss_cls: 0.2948  decode.d2.loss_mask: 1.6080  decode.d2.loss_dice: 0.9923  decode.d3.loss_cls: 0.3500  decode.d3.loss_mask: 1.5069  decode.d3.loss_dice: 0.9563  decode.d4.loss_cls: 0.3108  decode.d4.loss_mask: 1.5096  decode.d4.loss_dice: 0.9505  decode.d5.loss_cls: 0.3058  decode.d5.loss_mask: 1.5913  decode.d5.loss_dice: 0.9850  decode.d6.loss_cls: 0.3122  decode.d6.loss_mask: 1.5425  decode.d6.loss_dice: 0.9582  decode.d7.loss_cls: 0.3016  decode.d7.loss_mask: 1.6263  decode.d7.loss_dice: 0.9689  decode.d8.loss_cls: 0.3126  decode.d8.loss_mask: 1.5600  decode.d8.loss_dice: 0.9687
2026/09/20 08:44:20 - mmengine - INFO - Iter(train) [ 7250/20000]  base_lr: 0.0000e+00 lr: 9.5905e-06  eta: 2:04:22  time: 0.5806  data_time: 0.0124  memory: 5800  grad_norm: 1068.1511  loss: 29.6742  decode.loss_cls: 0.1708  decode.loss_mask: 1.6297  decode.loss_dice: 1.1362  decode.d0.loss_cls: 0.2154  decode.d0.loss_mask: 1.6337  decode.d0.loss_dice: 1.2024  decode.d1.loss_cls: 0.1850  decode.d1.loss_mask: 1.5931  decode.d1.loss_dice: 1.1205  decode.d2.loss_cls: 0.1526  decode.d2.loss_mask: 1.6447  decode.d2.loss_dice: 1.1896  decode.d3.loss_cls: 0.1686  decode.d3.loss_mask: 1.6527  decode.d3.loss_dice: 1.1837  decode.d4.loss_cls: 0.1978  decode.d4.loss_mask: 1.6180  decode.d4.loss_dice: 1.1112  decode.d5.loss_cls: 0.1768  decode.d5.loss_mask: 1.6268  decode.d5.loss_dice: 1.1426  decode.d6.loss_cls: 0.2288  decode.d6.loss_mask: 1.6300  decode.d6.loss_dice: 1.1583  decode.d7.loss_cls: 0.2088  decode.d7.loss_mask: 1.6527  decode.d7.loss_dice: 1.1424  decode.d8.loss_cls: 0.1703  decode.d8.loss_mask: 1.5969  decode.d8.loss_dice: 1.1342
2026/09/20 08:44:49 - mmengine - INFO - Iter(train) [ 7300/20000]  base_lr: 0.0000e+00 lr: 9.5631e-06  eta: 2:03:53  time: 0.5800  data_time: 0.0131  memory: 5800  grad_norm: 792.8076  loss: 28.3897  decode.loss_cls: 0.0979  decode.loss_mask: 1.7551  decode.loss_dice: 1.0289  decode.d0.loss_cls: 0.1318  decode.d0.loss_mask: 1.7167  decode.d0.loss_dice: 1.0052  decode.d1.loss_cls: 0.0975  decode.d1.loss_mask: 1.6736  decode.d1.loss_dice: 0.9771  decode.d2.loss_cls: 0.1194  decode.d2.loss_mask: 1.7094  decode.d2.loss_dice: 1.0287  decode.d3.loss_cls: 0.1049  decode.d3.loss_mask: 1.6742  decode.d3.loss_dice: 1.0002  decode.d4.loss_cls: 0.1095  decode.d4.loss_mask: 1.6907  decode.d4.loss_dice: 0.9805  decode.d5.loss_cls: 0.0772  decode.d5.loss_mask: 1.7653  decode.d5.loss_dice: 1.0325  decode.d6.loss_cls: 0.0763  decode.d6.loss_mask: 1.7392  decode.d6.loss_dice: 1.0471  decode.d7.loss_cls: 0.0768  decode.d7.loss_mask: 1.7540  decode.d7.loss_dice: 1.0594  decode.d8.loss_cls: 0.1044  decode.d8.loss_mask: 1.7358  decode.d8.loss_dice: 1.0203
2026/09/20 08:45:19 - mmengine - INFO - Iter(train) [ 7350/20000]  base_lr: 0.0000e+00 lr: 9.5357e-06  eta: 2:03:24  time: 0.5847  data_time: 0.0119  memory: 5800  grad_norm: 562.5443  loss: 25.5177  decode.loss_cls: 0.0904  decode.loss_mask: 1.4736  decode.loss_dice: 0.9582  decode.d0.loss_cls: 0.1743  decode.d0.loss_mask: 1.4365  decode.d0.loss_dice: 0.9443  decode.d1.loss_cls: 0.1020  decode.d1.loss_mask: 1.5102  decode.d1.loss_dice: 0.9721  decode.d2.loss_cls: 0.1144  decode.d2.loss_mask: 1.4512  decode.d2.loss_dice: 0.9640  decode.d3.loss_cls: 0.1085  decode.d3.loss_mask: 1.5123  decode.d3.loss_dice: 1.0034  decode.d4.loss_cls: 0.1135  decode.d4.loss_mask: 1.5036  decode.d4.loss_dice: 0.9911  decode.d5.loss_cls: 0.1109  decode.d5.loss_mask: 1.4869  decode.d5.loss_dice: 0.9606  decode.d6.loss_cls: 0.1037  decode.d6.loss_mask: 1.4907  decode.d6.loss_dice: 0.9631  decode.d7.loss_cls: 0.1340  decode.d7.loss_mask: 1.4135  decode.d7.loss_dice: 0.9513  decode.d8.loss_cls: 0.1133  decode.d8.loss_mask: 1.4290  decode.d8.loss_dice: 0.9374
2026/09/20 08:45:48 - mmengine - INFO - Iter(train) [ 7400/20000]  base_lr: 0.0000e+00 lr: 9.5082e-06  eta: 2:02:56  time: 0.5859  data_time: 0.0128  memory: 5802  grad_norm: 932.7716  loss: 33.7978  decode.loss_cls: 0.2890  decode.loss_mask: 1.9318  decode.loss_dice: 1.3603  decode.d0.loss_cls: 0.2918  decode.d0.loss_mask: 1.7341  decode.d0.loss_dice: 1.2938  decode.d1.loss_cls: 0.3844  decode.d1.loss_mask: 1.7283  decode.d1.loss_dice: 1.2629  decode.d2.loss_cls: 0.3593  decode.d2.loss_mask: 1.6878  decode.d2.loss_dice: 1.2722  decode.d3.loss_cls: 0.3689  decode.d3.loss_mask: 1.7278  decode.d3.loss_dice: 1.2346  decode.d4.loss_cls: 0.3476  decode.d4.loss_mask: 1.7359  decode.d4.loss_dice: 1.2211  decode.d5.loss_cls: 0.3261  decode.d5.loss_mask: 1.7956  decode.d5.loss_dice: 1.3377  decode.d6.loss_cls: 0.3494  decode.d6.loss_mask: 1.6436  decode.d6.loss_dice: 1.2673  decode.d7.loss_cls: 0.3647  decode.d7.loss_mask: 1.7563  decode.d7.loss_dice: 1.2693  decode.d8.loss_cls: 0.2843  decode.d8.loss_mask: 1.8731  decode.d8.loss_dice: 1.2988
2026/09/20 08:46:17 - mmengine - INFO - Iter(train) [ 7450/20000]  base_lr: 0.0000e+00 lr: 9.4808e-06  eta: 2:02:26  time: 0.5773  data_time: 0.0119  memory: 5800  grad_norm: 1081.5524  loss: 30.2361  decode.loss_cls: 0.2185  decode.loss_mask: 1.7834  decode.loss_dice: 1.0208  decode.d0.loss_cls: 0.2164  decode.d0.loss_mask: 1.7579  decode.d0.loss_dice: 1.0511  decode.d1.loss_cls: 0.2115  decode.d1.loss_mask: 1.7160  decode.d1.loss_dice: 0.9901  decode.d2.loss_cls: 0.1555  decode.d2.loss_mask: 1.8606  decode.d2.loss_dice: 1.0748  decode.d3.loss_cls: 0.2606  decode.d3.loss_mask: 1.7373  decode.d3.loss_dice: 1.0186  decode.d4.loss_cls: 0.2985  decode.d4.loss_mask: 1.7631  decode.d4.loss_dice: 1.0575  decode.d5.loss_cls: 0.2697  decode.d5.loss_mask: 1.6698  decode.d5.loss_dice: 1.0494  decode.d6.loss_cls: 0.2964  decode.d6.loss_mask: 1.7358  decode.d6.loss_dice: 1.0104  decode.d7.loss_cls: 0.2668  decode.d7.loss_mask: 1.7002  decode.d7.loss_dice: 1.0354  decode.d8.loss_cls: 0.1983  decode.d8.loss_mask: 1.8033  decode.d8.loss_dice: 1.0088
2026/09/20 08:46:46 - mmengine - INFO - Iter(train) [ 7500/20000]  base_lr: 0.0000e+00 lr: 9.4534e-06  eta: 2:01:56  time: 0.5871  data_time: 0.0122  memory: 5800  grad_norm: 961.4286  loss: 24.0377  decode.loss_cls: 0.0378  decode.loss_mask: 1.3887  decode.loss_dice: 0.9131  decode.d0.loss_cls: 0.1005  decode.d0.loss_mask: 1.4457  decode.d0.loss_dice: 0.9315  decode.d1.loss_cls: 0.0515  decode.d1.loss_mask: 1.4250  decode.d1.loss_dice: 0.9361  decode.d2.loss_cls: 0.0398  decode.d2.loss_mask: 1.4299  decode.d2.loss_dice: 0.9688  decode.d3.loss_cls: 0.0435  decode.d3.loss_mask: 1.4087  decode.d3.loss_dice: 0.9508  decode.d4.loss_cls: 0.0455  decode.d4.loss_mask: 1.4197  decode.d4.loss_dice: 0.9588  decode.d5.loss_cls: 0.0432  decode.d5.loss_mask: 1.4365  decode.d5.loss_dice: 0.9167  decode.d6.loss_cls: 0.0262  decode.d6.loss_mask: 1.4548  decode.d6.loss_dice: 0.9326  decode.d7.loss_cls: 0.0406  decode.d7.loss_mask: 1.4324  decode.d7.loss_dice: 0.9093  decode.d8.loss_cls: 0.0413  decode.d8.loss_mask: 1.3838  decode.d8.loss_dice: 0.9247
2026/09/20 08:47:15 - mmengine - INFO - Iter(train) [ 7550/20000]  base_lr: 0.0000e+00 lr: 9.4259e-06  eta: 2:01:27  time: 0.5775  data_time: 0.0124  memory: 5802  grad_norm: 1077.9076  loss: 25.5559  decode.loss_cls: 0.1810  decode.loss_mask: 1.3763  decode.loss_dice: 0.9646  decode.d0.loss_cls: 0.3068  decode.d0.loss_mask: 1.2610  decode.d0.loss_dice: 0.9744  decode.d1.loss_cls: 0.2083  decode.d1.loss_mask: 1.2405  decode.d1.loss_dice: 0.9479  decode.d2.loss_cls: 0.2955  decode.d2.loss_mask: 1.2843  decode.d2.loss_dice: 0.9639  decode.d3.loss_cls: 0.2425  decode.d3.loss_mask: 1.3408  decode.d3.loss_dice: 0.9714  decode.d4.loss_cls: 0.2141  decode.d4.loss_mask: 1.3458  decode.d4.loss_dice: 0.9832  decode.d5.loss_cls: 0.2053  decode.d5.loss_mask: 1.2836  decode.d5.loss_dice: 0.9721  decode.d6.loss_cls: 0.2276  decode.d6.loss_mask: 1.4546  decode.d6.loss_dice: 1.0793  decode.d7.loss_cls: 0.3451  decode.d7.loss_mask: 1.4100  decode.d7.loss_dice: 0.9777  decode.d8.loss_cls: 0.2316  decode.d8.loss_mask: 1.2891  decode.d8.loss_dice: 0.9774
2026/09/20 08:47:44 - mmengine - INFO - Iter(train) [ 7600/20000]  base_lr: 0.0000e+00 lr: 9.3985e-06  eta: 2:00:57  time: 0.5776  data_time: 0.0121  memory: 5802  grad_norm: 847.9646  loss: 33.3497  decode.loss_cls: 0.1187  decode.loss_mask: 2.0742  decode.loss_dice: 1.1152  decode.d0.loss_cls: 0.1990  decode.d0.loss_mask: 2.0041  decode.d0.loss_dice: 1.1593  decode.d1.loss_cls: 0.1168  decode.d1.loss_mask: 2.0246  decode.d1.loss_dice: 1.0949  decode.d2.loss_cls: 0.1468  decode.d2.loss_mask: 2.2505  decode.d2.loss_dice: 1.1710  decode.d3.loss_cls: 0.0876  decode.d3.loss_mask: 1.9899  decode.d3.loss_dice: 1.0999  decode.d4.loss_cls: 0.1354  decode.d4.loss_mask: 2.0608  decode.d4.loss_dice: 1.1653  decode.d5.loss_cls: 0.1271  decode.d5.loss_mask: 2.1098  decode.d5.loss_dice: 1.1316  decode.d6.loss_cls: 0.1425  decode.d6.loss_mask: 2.0412  decode.d6.loss_dice: 1.1194  decode.d7.loss_cls: 0.1271  decode.d7.loss_mask: 2.1347  decode.d7.loss_dice: 1.0842  decode.d8.loss_cls: 0.1144  decode.d8.loss_mask: 2.0786  decode.d8.loss_dice: 1.1253
2026/09/20 08:48:14 - mmengine - INFO - Iter(train) [ 7650/20000]  base_lr: 0.0000e+00 lr: 9.3710e-06  eta: 2:00:27  time: 0.5889  data_time: 0.0115  memory: 5800  grad_norm: 632.9123  loss: 28.6716  decode.loss_cls: 0.1581  decode.loss_mask: 1.5673  decode.loss_dice: 1.1622  decode.d0.loss_cls: 0.2085  decode.d0.loss_mask: 1.6140  decode.d0.loss_dice: 1.1830  decode.d1.loss_cls: 0.1904  decode.d1.loss_mask: 1.4871  decode.d1.loss_dice: 1.1024  decode.d2.loss_cls: 0.1737  decode.d2.loss_mask: 1.5347  decode.d2.loss_dice: 1.1193  decode.d3.loss_cls: 0.2157  decode.d3.loss_mask: 1.5423  decode.d3.loss_dice: 1.1271  decode.d4.loss_cls: 0.2171  decode.d4.loss_mask: 1.5633  decode.d4.loss_dice: 1.1138  decode.d5.loss_cls: 0.1846  decode.d5.loss_mask: 1.5637  decode.d5.loss_dice: 1.1200  decode.d6.loss_cls: 0.1674  decode.d6.loss_mask: 1.5857  decode.d6.loss_dice: 1.1108  decode.d7.loss_cls: 0.1844  decode.d7.loss_mask: 1.5527  decode.d7.loss_dice: 1.1057  decode.d8.loss_cls: 0.1724  decode.d8.loss_mask: 1.5373  decode.d8.loss_dice: 1.1070
2026/09/20 08:48:43 - mmengine - INFO - Iter(train) [ 7700/20000]  base_lr: 0.0000e+00 lr: 9.3435e-06  eta: 1:59:57  time: 0.5826  data_time: 0.0118  memory: 5800  grad_norm: 797.9381  loss: 27.4321  decode.loss_cls: 0.0806  decode.loss_mask: 1.5545  decode.loss_dice: 0.9862  decode.d0.loss_cls: 0.1396  decode.d0.loss_mask: 1.6866  decode.d0.loss_dice: 1.0809  decode.d1.loss_cls: 0.0949  decode.d1.loss_mask: 1.6038  decode.d1.loss_dice: 1.0152  decode.d2.loss_cls: 0.0889  decode.d2.loss_mask: 1.6165  decode.d2.loss_dice: 1.0211  decode.d3.loss_cls: 0.1162  decode.d3.loss_mask: 1.6003  decode.d3.loss_dice: 1.0023  decode.d4.loss_cls: 0.1175  decode.d4.loss_mask: 1.6221  decode.d4.loss_dice: 1.0786  decode.d5.loss_cls: 0.0782  decode.d5.loss_mask: 1.6311  decode.d5.loss_dice: 1.0603  decode.d6.loss_cls: 0.0858  decode.d6.loss_mask: 1.6106  decode.d6.loss_dice: 1.0404  decode.d7.loss_cls: 0.0954  decode.d7.loss_mask: 1.6391  decode.d7.loss_dice: 1.0283  decode.d8.loss_cls: 0.0803  decode.d8.loss_mask: 1.5670  decode.d8.loss_dice: 1.0101
2026/09/20 08:49:12 - mmengine - INFO - Iter(train) [ 7750/20000]  base_lr: 0.0000e+00 lr: 9.3160e-06  eta: 1:59:28  time: 0.5787  data_time: 0.0116  memory: 5800  grad_norm: 704.8020  loss: 20.7841  decode.loss_cls: 0.1550  decode.loss_mask: 1.1019  decode.loss_dice: 0.7797  decode.d0.loss_cls: 0.2502  decode.d0.loss_mask: 1.0842  decode.d0.loss_dice: 0.7996  decode.d1.loss_cls: 0.1450  decode.d1.loss_mask: 1.0844  decode.d1.loss_dice: 0.7525  decode.d2.loss_cls: 0.1552  decode.d2.loss_mask: 1.1712  decode.d2.loss_dice: 0.8163  decode.d3.loss_cls: 0.1976  decode.d3.loss_mask: 1.1303  decode.d3.loss_dice: 0.7548  decode.d4.loss_cls: 0.1737  decode.d4.loss_mask: 1.1190  decode.d4.loss_dice: 0.7991  decode.d5.loss_cls: 0.2102  decode.d5.loss_mask: 1.0890  decode.d5.loss_dice: 0.7731  decode.d6.loss_cls: 0.1841  decode.d6.loss_mask: 1.1270  decode.d6.loss_dice: 0.8056  decode.d7.loss_cls: 0.1973  decode.d7.loss_mask: 1.1061  decode.d7.loss_dice: 0.7676  decode.d8.loss_cls: 0.1436  decode.d8.loss_mask: 1.1279  decode.d8.loss_dice: 0.7830
2026/09/20 08:49:41 - mmengine - INFO - Iter(train) [ 7800/20000]  base_lr: 0.0000e+00 lr: 9.2885e-06  eta: 1:58:58  time: 0.5797  data_time: 0.0115  memory: 5800  grad_norm: 1162.7777  loss: 20.7621  decode.loss_cls: 0.1397  decode.loss_mask: 1.2535  decode.loss_dice: 0.6955  decode.d0.loss_cls: 0.2151  decode.d0.loss_mask: 1.2274  decode.d0.loss_dice: 0.7178  decode.d1.loss_cls: 0.1665  decode.d1.loss_mask: 1.2173  decode.d1.loss_dice: 0.6964  decode.d2.loss_cls: 0.1790  decode.d2.loss_mask: 1.2186  decode.d2.loss_dice: 0.7066  decode.d3.loss_cls: 0.2026  decode.d3.loss_mask: 1.2023  decode.d3.loss_dice: 0.7050  decode.d4.loss_cls: 0.1649  decode.d4.loss_mask: 1.1915  decode.d4.loss_dice: 0.6972  decode.d5.loss_cls: 0.1651  decode.d5.loss_mask: 1.1192  decode.d5.loss_dice: 0.6954  decode.d6.loss_cls: 0.1426  decode.d6.loss_mask: 1.2126  decode.d6.loss_dice: 0.6937  decode.d7.loss_cls: 0.1512  decode.d7.loss_mask: 1.1915  decode.d7.loss_dice: 0.6841  decode.d8.loss_cls: 0.1175  decode.d8.loss_mask: 1.2842  decode.d8.loss_dice: 0.7081
2026/09/20 08:50:10 - mmengine - INFO - Iter(train) [ 7850/20000]  base_lr: 0.0000e+00 lr: 9.2610e-06  eta: 1:58:28  time: 0.5892  data_time: 0.0126  memory: 5800  grad_norm: 477.6300  loss: 22.9131  decode.loss_cls: 0.1357  decode.loss_mask: 1.1510  decode.loss_dice: 0.8882  decode.d0.loss_cls: 0.1476  decode.d0.loss_mask: 1.3185  decode.d0.loss_dice: 0.9879  decode.d1.loss_cls: 0.1586  decode.d1.loss_mask: 1.1263  decode.d1.loss_dice: 0.9369  decode.d2.loss_cls: 0.1460  decode.d2.loss_mask: 1.1954  decode.d2.loss_dice: 0.9441  decode.d3.loss_cls: 0.1363  decode.d3.loss_mask: 1.2226  decode.d3.loss_dice: 0.9501  decode.d4.loss_cls: 0.1506  decode.d4.loss_mask: 1.1832  decode.d4.loss_dice: 0.9146  decode.d5.loss_cls: 0.1359  decode.d5.loss_mask: 1.1583  decode.d5.loss_dice: 0.9492  decode.d6.loss_cls: 0.1237  decode.d6.loss_mask: 1.2757  decode.d6.loss_dice: 0.9904  decode.d7.loss_cls: 0.1023  decode.d7.loss_mask: 1.2034  decode.d7.loss_dice: 0.9567  decode.d8.loss_cls: 0.1101  decode.d8.loss_mask: 1.2529  decode.d8.loss_dice: 0.9610
2026/09/20 08:50:39 - mmengine - INFO - Iter(train) [ 7900/20000]  base_lr: 0.0000e+00 lr: 9.2335e-06  eta: 1:57:58  time: 0.5774  data_time: 0.0114  memory: 5802  grad_norm: 577.9096  loss: 27.7254  decode.loss_cls: 0.1702  decode.loss_mask: 1.5362  decode.loss_dice: 1.0819  decode.d0.loss_cls: 0.1869  decode.d0.loss_mask: 1.5054  decode.d0.loss_dice: 1.0555  decode.d1.loss_cls: 0.1804  decode.d1.loss_mask: 1.5903  decode.d1.loss_dice: 0.9774  decode.d2.loss_cls: 0.2157  decode.d2.loss_mask: 1.5637  decode.d2.loss_dice: 0.9880  decode.d3.loss_cls: 0.1951  decode.d3.loss_mask: 1.5767  decode.d3.loss_dice: 1.0300  decode.d4.loss_cls: 0.1845  decode.d4.loss_mask: 1.5481  decode.d4.loss_dice: 1.0265  decode.d5.loss_cls: 0.1754  decode.d5.loss_mask: 1.5126  decode.d5.loss_dice: 1.0416  decode.d6.loss_cls: 0.2014  decode.d6.loss_mask: 1.5401  decode.d6.loss_dice: 1.0356  decode.d7.loss_cls: 0.1668  decode.d7.loss_mask: 1.5761  decode.d7.loss_dice: 1.0571  decode.d8.loss_cls: 0.1759  decode.d8.loss_mask: 1.5718  decode.d8.loss_dice: 1.0584
2026/09/20 08:51:08 - mmengine - INFO - Iter(train) [ 7950/20000]  base_lr: 0.0000e+00 lr: 9.2060e-06  eta: 1:57:28  time: 0.5869  data_time: 0.0125  memory: 5800  grad_norm: 549.6329  loss: 25.4447  decode.loss_cls: 0.1580  decode.loss_mask: 1.4030  decode.loss_dice: 1.0015  decode.d0.loss_cls: 0.2164  decode.d0.loss_mask: 1.3414  decode.d0.loss_dice: 0.9995  decode.d1.loss_cls: 0.2165  decode.d1.loss_mask: 1.2969  decode.d1.loss_dice: 0.9689  decode.d2.loss_cls: 0.1447  decode.d2.loss_mask: 1.3432  decode.d2.loss_dice: 0.9726  decode.d3.loss_cls: 0.1560  decode.d3.loss_mask: 1.3859  decode.d3.loss_dice: 1.0229  decode.d4.loss_cls: 0.1714  decode.d4.loss_mask: 1.4639  decode.d4.loss_dice: 1.0408  decode.d5.loss_cls: 0.1294  decode.d5.loss_mask: 1.4209  decode.d5.loss_dice: 1.0205  decode.d6.loss_cls: 0.1787  decode.d6.loss_mask: 1.3647  decode.d6.loss_dice: 0.9748  decode.d7.loss_cls: 0.1725  decode.d7.loss_mask: 1.3491  decode.d7.loss_dice: 0.9817  decode.d8.loss_cls: 0.1825  decode.d8.loss_mask: 1.3659  decode.d8.loss_dice: 1.0005
2026/09/20 08:51:37 - mmengine - INFO - Exp name: mask2former_20260920_071244
2026/09/20 08:51:37 - mmengine - INFO - Iter(train) [ 8000/20000]  base_lr: 0.0000e+00 lr: 9.1785e-06  eta: 1:56:58  time: 0.5712  data_time: 0.0124  memory: 5800  grad_norm: 1088.3516  loss: 28.9019  decode.loss_cls: 0.1683  decode.loss_mask: 1.5412  decode.loss_dice: 1.1618  decode.d0.loss_cls: 0.2229  decode.d0.loss_mask: 1.5433  decode.d0.loss_dice: 1.1932  decode.d1.loss_cls: 0.1597  decode.d1.loss_mask: 1.4906  decode.d1.loss_dice: 1.1505  decode.d2.loss_cls: 0.1637  decode.d2.loss_mask: 1.5401  decode.d2.loss_dice: 1.1708  decode.d3.loss_cls: 0.2179  decode.d3.loss_mask: 1.4994  decode.d3.loss_dice: 1.1768  decode.d4.loss_cls: 0.2008  decode.d4.loss_mask: 1.4803  decode.d4.loss_dice: 1.1762  decode.d5.loss_cls: 0.1546  decode.d5.loss_mask: 1.6028  decode.d5.loss_dice: 1.2473  decode.d6.loss_cls: 0.1777  decode.d6.loss_mask: 1.5451  decode.d6.loss_dice: 1.1749  decode.d7.loss_cls: 0.1735  decode.d7.loss_mask: 1.5125  decode.d7.loss_dice: 1.1470  decode.d8.loss_cls: 0.1524  decode.d8.loss_mask: 1.5614  decode.d8.loss_dice: 1.1954
2026/09/20 08:51:37 - mmengine - INFO - Saving checkpoint at 8000 iterations
2026/09/20 08:53:14 - mmengine - INFO - Iter(val) [ 50/304]    eta: 0:08:03  time: 1.9049  data_time: 0.0094  memory: 3998  
2026/09/20 08:55:12 - mmengine - INFO - Iter(val) [100/304]    eta: 0:07:15  time: 2.3337  data_time: 0.0082  memory: 3998  
2026/09/20 08:57:08 - mmengine - INFO - Iter(val) [150/304]    eta: 0:05:38  time: 2.3221  data_time: 0.0085  memory: 3998  
2026/09/20 08:59:04 - mmengine - INFO - Iter(val) [200/304]    eta: 0:03:51  time: 2.3169  data_time: 0.0081  memory: 3998  
2026/09/20 09:00:59 - mmengine - INFO - Iter(val) [250/304]    eta: 0:02:01  time: 2.3308  data_time: 0.0090  memory: 3998  
2026/09/20 09:02:53 - mmengine - INFO - Iter(val) [300/304]    eta: 0:00:08  time: 2.2607  data_time: 0.0086  memory: 3998  
2026/09/20 09:03:02 - mmengine - INFO - per class results:
2026/09/20 09:03:02 - mmengine - INFO - 
+------------------+-------+-------+-------+--------+-----------+--------+
|      Class       |  IoU  |  Acc  |  Dice | Fscore | Precision | Recall |
+------------------+-------+-------+-------+--------+-----------+--------+
|    background    | 94.89 | 95.86 | 97.38 | 97.38  |   98.94   | 95.86  |
| wastewater_plant |  60.1 | 88.35 | 75.08 | 75.08  |   65.27   | 88.35  |
+------------------+-------+-------+-------+--------+-----------+--------+
2026/09/20 09:03:02 - mmengine - INFO - Iter(val) [304/304]    aAcc: 95.2500  mIoU: 77.4900  mAcc: 92.1100  mDice: 86.2300  mFscore: 86.2300  mPrecision: 82.1100  mRecall: 92.1100  binary/Foreground_IoU: 60.0980  binary/Dice: 75.0765  binary/F1: 75.0765  binary/Precision: 65.2697  binary/Recall: 88.3513  binary/Boundary_F1: 11.0577  binary/BFScore: 11.0577  binary/Boundary_Precision: 8.3318  binary/Boundary_Recall: 16.4344  binary/Hausdorff_px: 679.3679  binary/HD95_px: 579.5743  binary/Hausdorff_m: 339.6839  binary/HD95_m: 289.7872  data_time: 0.0094  time: 2.2495
2026/09/20 09:03:02 - mmengine - INFO - the monitored metric did not improve in the last 3 records. best score: 61.954. 
