2026/09/27 13:54:46 - mmengine - INFO - 
------------------------------------------------------------
System environment:
    sys.platform: linux
    Python: 3.10.13 (main, Sep 11 2023, 13:44:35) [GCC 11.2.0]
    CUDA available: True
    MUSA available: False
    numpy_random_seed: 42
    GPU 0: NVIDIA L4
    CUDA_HOME: /usr/local/cuda
    NVCC: Cuda compilation tools, release 12.1, V12.1.105
    GCC: gcc (Ubuntu 9.4.0-1ubuntu1~20.04.2) 9.4.0
    PyTorch: 2.1.2
    PyTorch compiling details: PyTorch built with:
  - GCC 9.3
  - C++ Version: 201703
  - Intel(R) oneAPI Math Kernel Library Version 2023.1-Product Build 20230303 for Intel(R) 64 architecture applications
  - Intel(R) MKL-DNN v3.1.1 (Git Hash 64f6bcbcbab628e96f33a62c3e975f8535a7bde4)
  - OpenMP 201511 (a.k.a. OpenMP 4.5)
  - LAPACK is enabled (usually provided by MKL)
  - NNPACK is enabled
  - CPU capability usage: AVX512
  - CUDA Runtime 12.1
  - NVCC architecture flags: -gencode;arch=compute_50,code=sm_50;-gencode;arch=compute_60,code=sm_60;-gencode;arch=compute_61,code=sm_61;-gencode;arch=compute_70,code=sm_70;-gencode;arch=compute_75,code=sm_75;-gencode;arch=compute_80,code=sm_80;-gencode;arch=compute_86,code=sm_86;-gencode;arch=compute_90,code=sm_90
  - CuDNN 8.9.2
  - Magma 2.6.1
  - Build settings: BLAS_INFO=mkl, BUILD_TYPE=Release, CUDA_VERSION=12.1, CUDNN_VERSION=8.9.2, CXX_COMPILER=/opt/rh/devtoolset-9/root/usr/bin/c++, CXX_FLAGS= -D_GLIBCXX_USE_CXX11_ABI=0 -fabi-version=11 -fvisibility-inlines-hidden -DUSE_PTHREADPOOL -DNDEBUG -DUSE_KINETO -DLIBKINETO_NOROCTRACER -DUSE_FBGEMM -DUSE_QNNPACK -DUSE_PYTORCH_QNNPACK -DUSE_XNNPACK -DSYMBOLICATE_MOBILE_DEBUG_HANDLE -O2 -fPIC -Wall -Wextra -Werror=return-type -Werror=non-virtual-dtor -Werror=bool-operation -Wnarrowing -Wno-missing-field-initializers -Wno-type-limits -Wno-array-bounds -Wno-unknown-pragmas -Wno-unused-parameter -Wno-unused-function -Wno-unused-result -Wno-strict-overflow -Wno-strict-aliasing -Wno-stringop-overflow -Wno-psabi -Wno-error=pedantic -Wno-error=old-style-cast -Wno-invalid-partial-specialization -Wno-unused-private-field -Wno-aligned-allocation-unavailable -Wno-missing-braces -fdiagnostics-color=always -faligned-new -Wno-unused-but-set-variable -Wno-maybe-uninitialized -fno-math-errno -fno-trapping-math -Werror=format -Werror=cast-function-type -Wno-stringop-overflow, LAPACK_INFO=mkl, PERF_WITH_AVX=1, PERF_WITH_AVX2=1, PERF_WITH_AVX512=1, TORCH_DISABLE_GPU_ASSERTS=ON, TORCH_VERSION=2.1.2, USE_CUDA=ON, USE_CUDNN=ON, USE_EXCEPTION_PTR=1, USE_GFLAGS=OFF, USE_GLOG=OFF, USE_MKL=ON, USE_MKLDNN=ON, USE_MPI=OFF, USE_NCCL=ON, USE_NNPACK=ON, USE_OPENMP=ON, USE_ROCM=OFF, 

    TorchVision: 0.16.2
    OpenCV: 4.9.0
    MMEngine: 0.10.7

Runtime environment:
    cudnn_benchmark: True
    dist_cfg: {'backend': 'nccl'}
    mp_cfg: {'mp_start_method': 'fork', 'opencv_num_threads': 0}
    deterministic: False
    seed: 42
    Distributed launcher: none
    Distributed training: False
    GPU number: 1
------------------------------------------------------------

2026/09/27 13:54:47 - mmengine - INFO - Config:
auto_scale_lr = dict(base_batch_size=8, enable=False)
checkpoint = 'https://download.openmmlab.com/mmsegmentation/v0.5/pretrain/segformer/mit_b2_20220624-66e8bf70.pth'
crop_size = (
    1024,
    1024,
)
custom_hooks = []
custom_imports = dict(
    allow_failed_imports=False,
    imports=[
        'wwtpseg',
        'mmdet.models',
        'wwtpseg.engine',
    ])
data_preprocessor = dict(
    bgr_to_rgb=False,
    pad_val=0,
    seg_pad_val=255,
    size=(
        1024,
        1024,
    ),
    test_cfg=dict(size_divisor=32),
    type='SegDataPreProcessor')
data_root = '/workspace/wwtp_semantic_dataset'
dataset_type = 'WWTPDataset'
default_hooks = dict(
    checkpoint=dict(
        by_epoch=False,
        interval=500,
        max_keep_ckpts=2,
        rule='greater',
        save_best='mIoU',
        type='CheckpointHook'),
    logger=dict(interval=50, log_metric_by_epoch=False, type='LoggerHook'),
    param_scheduler=dict(type='ParamSchedulerHook'),
    sampler_seed=dict(type='DistSamplerSeedHook'),
    timer=dict(type='IterTimerHook'),
    visualization=dict(type='SegVisualizationHook'))
default_scope = 'mmseg'
env_cfg = dict(
    cudnn_benchmark=True,
    dist_cfg=dict(backend='nccl'),
    mp_cfg=dict(mp_start_method='fork', opencv_num_threads=0))
launcher = 'none'
load_from = '/workspace/work_dirs/rpgv_v2_joint_fixed/best_binary_Foreground_IoU_iter_64000.pth'
log_level = 'INFO'
log_processor = dict(by_epoch=False)
metrics = [
    dict(
        iou_metrics=[
            'mIoU',
            'mDice',
            'mFscore',
        ],
        nan_to_num=0,
        type='IoUMetric'),
    dict(boundary_tolerance=3, pixel_size_m=0.5, type='BinaryBoundaryMetric'),
]
model = dict(
    coarse_loss_weight=0.3,
    component_cfg=dict(
        boundary_fusion=True,
        boundary_refinement=True,
        depth_rectification=False,
        detail_refinement=True,
        frequency_validation=False,
        learned_reliability=False,
        region_fusion=True,
        reliability_weighting=False),
    contour_truncation=10.0,
    correction_scale=0.1,
    correction_smoothness_weight=0.02,
    data_preprocessor=dict(
        bgr_to_rgb=False,
        pad_val=0,
        seg_pad_val=255,
        size=(
            512,
            512,
        ),
        test_cfg=dict(size_divisor=32),
        type='SegDataPreProcessor'),
    decoder_channels=64,
    detail_channels=24,
    final_boundary_loss_weight=0.0,
    geometry_channels=[
        32,
        64,
        128,
        256,
    ],
    geometry_dropout_prob=0.15,
    global_thumbnail_size=256,
    learnable_loss_weights=False,
    loss_weights=dict(
        boundary=0.2,
        equivariance=0.05,
        final=1.0,
        geometry=0.2,
        preserve=0.05,
        reliability=0.05,
        rgb=0.2,
        sdf=0.1),
    max_correction_scale=0.25,
    max_logit_correction=2.0,
    max_offset=2.0,
    region_loss_weight=0.0,
    rgb_channels=[
        64,
        128,
        320,
        512,
    ],
    rgb_encoder=dict(
        attn_drop_rate=0.0,
        drop_path_rate=0.1,
        drop_rate=0.0,
        embed_dims=64,
        in_channels=3,
        init_cfg=None,
        mlp_ratio=4,
        num_heads=[
            1,
            2,
            5,
            8,
        ],
        num_layers=[
            3,
            4,
            6,
            3,
        ],
        num_stages=4,
        out_indices=(
            0,
            1,
            2,
            3,
        ),
        patch_sizes=[
            7,
            3,
            3,
            3,
        ],
        qkv_bias=True,
        sr_ratios=[
            8,
            4,
            2,
            1,
        ],
        type='MixVisionTransformer'),
    sdf_truncation=5.0,
    test_cfg=dict(crop_size=(
        1024,
        1024,
    ), mode='slide', stride=(
        768,
        768,
    )),
    train_cfg=dict(),
    training_stage='joint',
    type='RPGVNetV2',
    use_contour=False,
    use_global_context=True,
    validation_channels=32)
norm_cfg = dict(requires_grad=True, type='SyncBN')
optim_wrapper = dict(
    accumulative_counts=2,
    clip_grad=dict(max_norm=10.0, norm_type=2),
    loss_scale='dynamic',
    optimizer=dict(
        betas=(
            0.9,
            0.999,
        ), lr=0.0001, type='AdamW', weight_decay=0.01),
    paramwise_cfg=dict(
        custom_keys=dict(
            norm=dict(decay_mult=0.0), rgb_encoder=dict(lr_mult=0.1)),
        norm_decay_mult=0.0),
    type='AmpOptimWrapper')
param_scheduler = [
    dict(
        begin=0, by_epoch=False, end=100, start_factor=1e-06, type='LinearLR'),
    dict(
        begin=100,
        by_epoch=False,
        end=1000,
        eta_min=0.0,
        power=0.9,
        type='PolyLR'),
]
pseudo_root = '/workspace/wwtp_semantic_dataset/pseudo_geometry'
randomness = dict(deterministic=False, seed=42)
resume = False
test_cfg = dict(type='TestLoop')
test_dataloader = dict(
    batch_size=1,
    dataset=dict(
        data_prefix=dict(
            img_path='images/val', seg_map_path='annotations/val'),
        data_root='/workspace/wwtp_semantic_dataset',
        indices=[
            2,
            13,
            14,
            16,
            24,
            37,
            42,
            43,
            46,
            51,
            53,
            54,
            55,
            59,
            71,
            75,
            79,
            88,
            91,
            94,
            101,
            102,
            107,
            112,
            115,
            119,
            123,
            124,
            130,
            135,
            141,
            143,
            161,
            165,
            170,
            172,
            177,
            184,
            186,
            196,
            198,
            204,
            205,
            207,
            209,
            212,
            213,
            215,
            228,
            237,
            239,
            246,
            248,
            252,
            254,
            256,
            262,
            265,
            274,
            281,
            283,
            288,
            291,
            294,
        ],
        pipeline=[
            dict(type='LoadImageFromFile'),
            dict(type='LoadAnnotations'),
            dict(size=(
                256,
                256,
            ), type='GenerateGlobalThumbnail'),
            dict(
                pseudo_root='/workspace/wwtp_semantic_dataset/pseudo_geometry',
                required=True,
                type='LoadPseudoGeometry'),
            dict(type='PackRPGVInputs'),
        ],
        type='WWTPDataset'),
    num_workers=4,
    persistent_workers=True,
    sampler=dict(shuffle=False, type='DefaultSampler'))
test_evaluator = [
    dict(iou_metrics=[
        'mIoU',
        'mDice',
    ], nan_to_num=0, type='IoUMetric'),
]
test_pipeline = [
    dict(type='LoadImageFromFile'),
    dict(type='LoadAnnotations'),
    dict(size=(
        512,
        512,
    ), type='GenerateGlobalThumbnail'),
    dict(
        pseudo_root='/workspace/wwtp_semantic_dataset/pseudo_geometry',
        required=True,
        type='LoadPseudoGeometry'),
    dict(type='PackRPGVInputs'),
]
train_cfg = dict(max_iters=1000, type='IterBasedTrainLoop', val_interval=1000)
train_dataloader = dict(
    batch_size=8,
    dataset=dict(
        data_prefix=dict(
            img_path='images/train', seg_map_path='annotations/train'),
        data_root='/workspace/wwtp_semantic_dataset',
        pipeline=[
            dict(type='LoadImageFromFile'),
            dict(type='LoadAnnotations'),
            dict(type='PhotoMetricDistortion'),
            dict(size=(
                256,
                256,
            ), type='GenerateGlobalThumbnail'),
            dict(
                pseudo_root='/workspace/wwtp_semantic_dataset/pseudo_geometry',
                required=True,
                type='LoadPseudoGeometry'),
            dict(
                keep_ratio=True,
                ratio_range=(
                    0.5,
                    1.5,
                ),
                scale=(
                    1024,
                    1024,
                ),
                type='RandomResize'),
            dict(
                degree=180,
                pad_val=0,
                prob=0.5,
                seg_pad_val=255,
                type='RandomRotate'),
            dict(
                crop_size=(
                    512,
                    512,
                ),
                edge_margin_ratio=0.15,
                foreground_label=1,
                foreground_prob=0.8,
                min_foreground_pixels=64,
                type='RandomForegroundCrop'),
            dict(
                direction=[
                    'horizontal',
                    'vertical',
                    'diagonal',
                ],
                prob=0.75,
                type='RandomFlip'),
            dict(prob=0.3, type='RandomPseudoGeometryCorruption'),
            dict(type='PackRPGVInputs'),
        ],
        type='WWTPDataset'),
    num_workers=4,
    persistent_workers=True,
    sampler=dict(shuffle=True, type='InfiniteSampler'))
train_pipeline = [
    dict(type='LoadImageFromFile'),
    dict(type='LoadAnnotations'),
    dict(type='PhotoMetricDistortion'),
    dict(size=(
        512,
        512,
    ), type='GenerateGlobalThumbnail'),
    dict(
        pseudo_root='/workspace/wwtp_semantic_dataset/pseudo_geometry',
        required=True,
        type='LoadPseudoGeometry'),
    dict(
        keep_ratio=True,
        ratio_range=(
            0.5,
            1.5,
        ),
        scale=(
            2048,
            2048,
        ),
        type='RandomResize'),
    dict(
        degree=180, pad_val=0, prob=0.5, seg_pad_val=255, type='RandomRotate'),
    dict(
        crop_size=(
            1024,
            1024,
        ),
        edge_margin_ratio=0.15,
        foreground_label=1,
        foreground_prob=0.8,
        min_foreground_pixels=64,
        type='RandomForegroundCrop'),
    dict(
        direction=[
            'horizontal',
            'vertical',
            'diagonal',
        ],
        prob=0.75,
        type='RandomFlip'),
    dict(prob=0.3, type='RandomPseudoGeometryCorruption'),
    dict(type='PackRPGVInputs'),
]
val_cfg = dict(type='ValLoop')
val_dataloader = dict(
    batch_size=1,
    dataset=dict(
        data_prefix=dict(
            img_path='images/val', seg_map_path='annotations/val'),
        data_root='/workspace/wwtp_semantic_dataset',
        indices=[
            2,
            13,
            14,
            16,
            24,
            37,
            42,
            43,
            46,
            51,
            53,
            54,
            55,
            59,
            71,
            75,
            79,
            88,
            91,
            94,
            101,
            102,
            107,
            112,
            115,
            119,
            123,
            124,
            130,
            135,
            141,
            143,
            161,
            165,
            170,
            172,
            177,
            184,
            186,
            196,
            198,
            204,
            205,
            207,
            209,
            212,
            213,
            215,
            228,
            237,
            239,
            246,
            248,
            252,
            254,
            256,
            262,
            265,
            274,
            281,
            283,
            288,
            291,
            294,
        ],
        pipeline=[
            dict(type='LoadImageFromFile'),
            dict(type='LoadAnnotations'),
            dict(size=(
                256,
                256,
            ), type='GenerateGlobalThumbnail'),
            dict(
                pseudo_root='/workspace/wwtp_semantic_dataset/pseudo_geometry',
                required=True,
                type='LoadPseudoGeometry'),
            dict(type='PackRPGVInputs'),
        ],
        type='WWTPDataset'),
    num_workers=4,
    persistent_workers=True,
    sampler=dict(shuffle=False, type='DefaultSampler'))
val_evaluator = [
    dict(iou_metrics=[
        'mIoU',
        'mDice',
    ], nan_to_num=0, type='IoUMetric'),
]
vis_backends = [
    dict(type='LocalVisBackend'),
]
visualizer = dict(
    name='visualizer',
    type='SegLocalVisualizer',
    vis_backends=[
        dict(type='LocalVisBackend'),
    ])
work_dir = '/workspace/work_dirs/rpgv_v2_quick_screen/finetune/progressive_base/train'

2026/09/27 13:54:48 - mmengine - INFO - Distributed training is not used, all SyncBatchNorm (SyncBN) layers in the model will be automatically reverted to BatchNormXd layers if they are used.
2026/09/27 13:54:48 - mmengine - INFO - Hooks will be executed in the following order:
before_run:
(VERY_HIGH   ) RuntimeInfoHook                    
(BELOW_NORMAL) LoggerHook                         
 -------------------- 
before_train:
(VERY_HIGH   ) RuntimeInfoHook                    
(NORMAL      ) IterTimerHook                      
(VERY_LOW    ) CheckpointHook                     
 -------------------- 
before_train_epoch:
(VERY_HIGH   ) RuntimeInfoHook                    
(NORMAL      ) IterTimerHook                      
(NORMAL      ) DistSamplerSeedHook                
 -------------------- 
before_train_iter:
(VERY_HIGH   ) RuntimeInfoHook                    
(NORMAL      ) IterTimerHook                      
 -------------------- 
after_train_iter:
(VERY_HIGH   ) RuntimeInfoHook                    
(NORMAL      ) IterTimerHook                      
(NORMAL      ) SegVisualizationHook               
(BELOW_NORMAL) LoggerHook                         
(LOW         ) ParamSchedulerHook                 
(VERY_LOW    ) CheckpointHook                     
 -------------------- 
after_train_epoch:
(NORMAL      ) IterTimerHook                      
(LOW         ) ParamSchedulerHook                 
(VERY_LOW    ) CheckpointHook                     
 -------------------- 
before_val:
(VERY_HIGH   ) RuntimeInfoHook                    
 -------------------- 
before_val_epoch:
(NORMAL      ) IterTimerHook                      
 -------------------- 
before_val_iter:
(NORMAL      ) IterTimerHook                      
 -------------------- 
after_val_iter:
(NORMAL      ) IterTimerHook                      
(NORMAL      ) SegVisualizationHook               
(BELOW_NORMAL) LoggerHook                         
 -------------------- 
after_val_epoch:
(VERY_HIGH   ) RuntimeInfoHook                    
(NORMAL      ) IterTimerHook                      
(BELOW_NORMAL) LoggerHook                         
(LOW         ) ParamSchedulerHook                 
(VERY_LOW    ) CheckpointHook                     
 -------------------- 
after_val:
(VERY_HIGH   ) RuntimeInfoHook                    
 -------------------- 
after_train:
(VERY_HIGH   ) RuntimeInfoHook                    
(VERY_LOW    ) CheckpointHook                     
 -------------------- 
before_test:
(VERY_HIGH   ) RuntimeInfoHook                    
 -------------------- 
before_test_epoch:
(NORMAL      ) IterTimerHook                      
 -------------------- 
before_test_iter:
(NORMAL      ) IterTimerHook                      
 -------------------- 
after_test_iter:
(NORMAL      ) IterTimerHook                      
(NORMAL      ) SegVisualizationHook               
(BELOW_NORMAL) LoggerHook                         
 -------------------- 
after_test_epoch:
(VERY_HIGH   ) RuntimeInfoHook                    
(NORMAL      ) IterTimerHook                      
(BELOW_NORMAL) LoggerHook                         
 -------------------- 
after_test:
(VERY_HIGH   ) RuntimeInfoHook                    
 -------------------- 
after_run:
(BELOW_NORMAL) LoggerHook                         
 -------------------- 
2026/09/27 13:54:48 - mmengine - INFO - paramwise_options -- rgb_encoder.layers.0.0.projection.weight:lr=1e-05
2026/09/27 13:54:48 - mmengine - INFO - paramwise_options -- rgb_encoder.layers.0.0.projection.weight:weight_decay=0.01
2026/09/27 13:54:48 - mmengine - INFO - paramwise_options -- rgb_encoder.layers.0.0.projection.weight:lr_mult=0.1
2026/09/27 13:54:48 - mmengine - INFO - paramwise_options -- rgb_encoder.layers.0.0.projection.bias:lr=1e-05
2026/09/27 13:54:48 - mmengine - INFO - paramwise_options -- rgb_encoder.layers.0.0.projection.bias:weight_decay=0.01
2026/09/27 13:54:48 - mmengine - INFO - paramwise_options -- rgb_encoder.layers.0.0.projection.bias:lr_mult=0.1
2026/09/27 13:54:48 - mmengine - INFO - paramwise_options -- rgb_encoder.layers.0.0.norm.weight:lr=1e-05
2026/09/27 13:54:48 - mmengine - INFO - paramwise_options -- rgb_encoder.layers.0.0.norm.weight:weight_decay=0.01
2026/09/27 13:54:48 - mmengine - INFO - paramwise_options -- rgb_encoder.layers.0.0.norm.weight:lr_mult=0.1
2026/09/27 13:54:48 - mmengine - INFO - paramwise_options -- rgb_encoder.layers.0.0.norm.bias:lr=1e-05
2026/09/27 13:54:48 - mmengine - INFO - paramwise_options -- rgb_encoder.layers.0.0.norm.bias:weight_decay=0.01
2026/09/27 13:54:48 - mmengine - INFO - paramwise_options -- rgb_encoder.layers.0.0.norm.bias:lr_mult=0.1
2026/09/27 13:54:48 - mmengine - INFO - paramwise_options -- rgb_encoder.layers.0.1.0.norm1.weight:lr=1e-05
2026/09/27 13:54:48 - mmengine - INFO - paramwise_options -- rgb_encoder.layers.0.1.0.norm1.weight:weight_decay=0.01
2026/09/27 13:54:48 - mmengine - INFO - paramwise_options -- rgb_encoder.layers.0.1.0.norm1.weight:lr_mult=0.1
2026/09/27 13:54:48 - mmengine - INFO - paramwise_options -- rgb_encoder.layers.0.1.0.norm1.bias:lr=1e-05
2026/09/27 13:54:48 - mmengine - INFO - paramwise_options -- rgb_encoder.layers.0.1.0.norm1.bias:weight_decay=0.01
2026/09/27 13:54:48 - mmengine - INFO - paramwise_options -- rgb_encoder.layers.0.1.0.norm1.bias:lr_mult=0.1
2026/09/27 13:54:48 - mmengine - INFO - paramwise_options -- rgb_encoder.layers.0.1.0.attn.attn.in_proj_weight:lr=1e-05
2026/09/27 13:54:48 - mmengine - INFO - paramwise_options -- rgb_encoder.layers.0.1.0.attn.attn.in_proj_weight:weight_decay=0.01
2026/09/27 13:54:48 - mmengine - INFO - paramwise_options -- rgb_encoder.layers.0.1.0.attn.attn.in_proj_weight:lr_mult=0.1
2026/09/27 13:54:48 - mmengine - INFO - paramwise_options -- rgb_encoder.layers.0.1.0.attn.attn.in_proj_bias:lr=1e-05
2026/09/27 13:54:48 - mmengine - INFO - paramwise_options -- rgb_encoder.layers.0.1.0.attn.attn.in_proj_bias:weight_decay=0.01
2026/09/27 13:54:48 - mmengine - INFO - paramwise_options -- rgb_encoder.layers.0.1.0.attn.attn.in_proj_bias:lr_mult=0.1
2026/09/27 13:54:48 - mmengine - INFO - paramwise_options -- rgb_encoder.layers.0.1.0.attn.attn.out_proj.weight:lr=1e-05
2026/09/27 13:54:48 - mmengine - INFO - paramwise_options -- rgb_encoder.layers.0.1.0.attn.attn.out_proj.weight:weight_decay=0.01
2026/09/27 13:54:48 - mmengine - INFO - paramwise_options -- rgb_encoder.layers.0.1.0.attn.attn.out_proj.weight:lr_mult=0.1
2026/09/27 13:54:48 - mmengine - INFO - paramwise_options -- rgb_encoder.layers.0.1.0.attn.attn.out_proj.bias:lr=1e-05
2026/09/27 13:54:48 - mmengine - INFO - paramwise_options -- rgb_encoder.layers.0.1.0.attn.attn.out_proj.bias:weight_decay=0.01
2026/09/27 13:54:48 - mmengine - INFO - paramwise_options -- rgb_encoder.layers.0.1.0.attn.attn.out_proj.bias:lr_mult=0.1
2026/09/27 13:54:48 - mmengine - INFO - paramwise_options -- rgb_encoder.layers.0.1.0.attn.sr.weight:lr=1e-05
2026/09/27 13:54:48 - mmengine - INFO - paramwise_options -- rgb_encoder.layers.0.1.0.attn.sr.weight:weight_decay=0.01
2026/09/27 13:54:48 - mmengine - INFO - paramwise_options -- rgb_encoder.layers.0.1.0.attn.sr.weight:lr_mult=0.1
2026/09/27 13:54:48 - mmengine - INFO - paramwise_options -- rgb_encoder.layers.0.1.0.attn.sr.bias:lr=1e-05
2026/09/27 13:54:48 - mmengine - INFO - paramwise_options -- rgb_encoder.layers.0.1.0.attn.sr.bias:weight_decay=0.01
2026/09/27 13:54:48 - mmengine - INFO - paramwise_options -- rgb_encoder.layers.0.1.0.attn.sr.bias:lr_mult=0.1
2026/09/27 13:54:48 - mmengine - INFO - paramwise_options -- rgb_encoder.layers.0.1.0.attn.norm.weight:lr=1e-05
2026/09/27 13:54:48 - mmengine - INFO - paramwise_options -- rgb_encoder.layers.0.1.0.attn.norm.weight:weight_decay=0.01
2026/09/27 13:54:48 - mmengine - INFO - paramwise_options -- rgb_encoder.layers.0.1.0.attn.norm.weight:lr_mult=0.1
2026/09/27 13:54:48 - mmengine - INFO - paramwise_options -- rgb_encoder.layers.0.1.0.attn.norm.bias:lr=1e-05
2026/09/27 13:54:48 - mmengine - INFO - paramwise_options -- rgb_encoder.layers.0.1.0.attn.norm.bias:weight_decay=0.01
2026/09/27 13:54:48 - mmengine - INFO - paramwise_options -- rgb_encoder.layers.0.1.0.attn.norm.bias:lr_mult=0.1
2026/09/27 13:54:48 - mmengine - INFO - paramwise_options -- rgb_encoder.layers.0.1.0.norm2.weight:lr=1e-05
2026/09/27 13:54:48 - mmengine - INFO - paramwise_options -- rgb_encoder.layers.0.1.0.norm2.weight:weight_decay=0.01
2026/09/27 13:54:48 - mmengine - INFO - paramwise_options -- rgb_encoder.layers.0.1.0.norm2.weight:lr_mult=0.1
2026/09/27 13:54:48 - mmengine - INFO - paramwise_options -- rgb_encoder.layers.0.1.0.norm2.bias:lr=1e-05
2026/09/27 13:54:48 - mmengine - INFO - paramwise_options -- rgb_encoder.layers.0.1.0.norm2.bias:weight_decay=0.01
2026/09/27 13:54:48 - mmengine - INFO - paramwise_options -- rgb_encoder.layers.0.1.0.norm2.bias:lr_mult=0.1
2026/09/27 13:54:48 - mmengine - INFO - paramwise_options -- rgb_encoder.layers.0.1.0.ffn.layers.0.weight:lr=1e-05
2026/09/27 13:54:48 - mmengine - INFO - paramwise_options -- rgb_encoder.layers.0.1.0.ffn.layers.0.weight:weight_decay=0.01
2026/09/27 13:54:48 - mmengine - INFO - paramwise_options -- rgb_encoder.layers.0.1.0.ffn.layers.0.weight:lr_mult=0.1
2026/09/27 13:54:48 - mmengine - INFO - paramwise_options -- rgb_encoder.layers.0.1.0.ffn.layers.0.bias:lr=1e-05
2026/09/27 13:54:48 - mmengine - INFO - paramwise_options -- rgb_encoder.layers.0.1.0.ffn.layers.0.bias:weight_decay=0.01
2026/09/27 13:54:48 - mmengine - INFO - paramwise_options -- rgb_encoder.layers.0.1.0.ffn.layers.0.bias:lr_mult=0.1
2026/09/27 13:54:48 - mmengine - INFO - paramwise_options -- rgb_encoder.layers.0.1.0.ffn.layers.1.weight:lr=1e-05
2026/09/27 13:54:48 - mmengine - INFO - paramwise_options -- rgb_encoder.layers.0.1.0.ffn.layers.1.weight:weight_decay=0.01
2026/09/27 13:54:48 - mmengine - INFO - paramwise_options -- rgb_encoder.layers.0.1.0.ffn.layers.1.weight:lr_mult=0.1
2026/09/27 13:54:48 - mmengine - INFO - paramwise_options -- rgb_encoder.layers.0.1.0.ffn.layers.1.bias:lr=1e-05
2026/09/27 13:54:48 - mmengine - INFO - paramwise_options -- rgb_encoder.layers.0.1.0.ffn.layers.1.bias:weight_decay=0.01
2026/09/27 13:54:48 - mmengine - INFO - paramwise_options -- rgb_encoder.layers.0.1.0.ffn.layers.1.bias:lr_mult=0.1
2026/09/27 13:54:48 - mmengine - INFO - paramwise_options -- rgb_encoder.layers.0.1.0.ffn.layers.4.weight:lr=1e-05
2026/09/27 13:54:48 - mmengine - INFO - paramwise_options -- rgb_encoder.layers.0.1.0.ffn.layers.4.weight:weight_decay=0.01
2026/09/27 13:54:48 - mmengine - INFO - paramwise_options -- rgb_encoder.layers.0.1.0.ffn.layers.4.weight:lr_mult=0.1
2026/09/27 13:54:48 - mmengine - INFO - paramwise_options -- rgb_encoder.layers.0.1.0.ffn.layers.4.bias:lr=1e-05
2026/09/27 13:54:48 - mmengine - INFO - paramwise_options -- rgb_encoder.layers.0.1.0.ffn.layers.4.bias:weight_decay=0.01
2026/09/27 13:54:48 - mmengine - INFO - paramwise_options -- rgb_encoder.layers.0.1.0.ffn.layers.4.bias:lr_mult=0.1
2026/09/27 13:54:48 - mmengine - INFO - paramwise_options -- rgb_encoder.layers.0.1.1.norm1.weight:lr=1e-05
2026/09/27 13:54:48 - mmengine - INFO - paramwise_options -- rgb_encoder.layers.0.1.1.norm1.weight:weight_decay=0.01
2026/09/27 13:54:48 - mmengine - INFO - paramwise_options -- rgb_encoder.layers.0.1.1.norm1.weight:lr_mult=0.1
2026/09/27 13:54:48 - mmengine - INFO - paramwise_options -- rgb_encoder.layers.0.1.1.norm1.bias:lr=1e-05
2026/09/27 13:54:48 - mmengine - INFO - paramwise_options -- rgb_encoder.layers.0.1.1.norm1.bias:weight_decay=0.01
2026/09/27 13:54:48 - mmengine - INFO - paramwise_options -- rgb_encoder.layers.0.1.1.norm1.bias:lr_mult=0.1
2026/09/27 13:54:48 - mmengine - INFO - paramwise_options -- rgb_encoder.layers.0.1.1.attn.attn.in_proj_weight:lr=1e-05
2026/09/27 13:54:48 - mmengine - INFO - paramwise_options -- rgb_encoder.layers.0.1.1.attn.attn.in_proj_weight:weight_decay=0.01
2026/09/27 13:54:48 - mmengine - INFO - paramwise_options -- rgb_encoder.layers.0.1.1.attn.attn.in_proj_weight:lr_mult=0.1
2026/09/27 13:54:48 - mmengine - INFO - paramwise_options -- rgb_encoder.layers.0.1.1.attn.attn.in_proj_bias:lr=1e-05
2026/09/27 13:54:48 - mmengine - INFO - paramwise_options -- rgb_encoder.layers.0.1.1.attn.attn.in_proj_bias:weight_decay=0.01
2026/09/27 13:54:48 - mmengine - INFO - paramwise_options -- rgb_encoder.layers.0.1.1.attn.attn.in_proj_bias:lr_mult=0.1
2026/09/27 13:54:48 - mmengine - INFO - paramwise_options -- rgb_encoder.layers.0.1.1.attn.attn.out_proj.weight:lr=1e-05
2026/09/27 13:54:48 - mmengine - INFO - paramwise_options -- rgb_encoder.layers.0.1.1.attn.attn.out_proj.weight:weight_decay=0.01
2026/09/27 13:54:48 - mmengine - INFO - paramwise_options -- rgb_encoder.layers.0.1.1.attn.attn.out_proj.weight:lr_mult=0.1
2026/09/27 13:54:48 - mmengine - INFO - paramwise_options -- rgb_encoder.layers.0.1.1.attn.attn.out_proj.bias:lr=1e-05
2026/09/27 13:54:48 - mmengine - INFO - paramwise_options -- rgb_encoder.layers.0.1.1.attn.attn.out_proj.bias:weight_decay=0.01
2026/09/27 13:54:48 - mmengine - INFO - paramwise_options -- rgb_encoder.layers.0.1.1.attn.attn.out_proj.bias:lr_mult=0.1
2026/09/27 13:54:48 - mmengine - INFO - paramwise_options -- rgb_encoder.layers.0.1.1.attn.sr.weight:lr=1e-05
2026/09/27 13:54:48 - mmengine - INFO - paramwise_options -- rgb_encoder.layers.0.1.1.attn.sr.weight:weight_decay=0.01
2026/09/27 13:54:48 - mmengine - INFO - paramwise_options -- rgb_encoder.layers.0.1.1.attn.sr.weight:lr_mult=0.1
2026/09/27 13:54:48 - mmengine - INFO - paramwise_options -- rgb_encoder.layers.0.1.1.attn.sr.bias:lr=1e-05
2026/09/27 13:54:48 - mmengine - INFO - paramwise_options -- rgb_encoder.layers.0.1.1.attn.sr.bias:weight_decay=0.01
2026/09/27 13:54:48 - mmengine - INFO - paramwise_options -- rgb_encoder.layers.0.1.1.attn.sr.bias:lr_mult=0.1
2026/09/27 13:54:48 - mmengine - INFO - paramwise_options -- rgb_encoder.layers.0.1.1.attn.norm.weight:lr=1e-05
2026/09/27 13:54:48 - mmengine - INFO - paramwise_options -- rgb_encoder.layers.0.1.1.attn.norm.weight:weight_decay=0.01
2026/09/27 13:54:48 - mmengine - INFO - paramwise_options -- rgb_encoder.layers.0.1.1.attn.norm.weight:lr_mult=0.1
2026/09/27 13:54:48 - mmengine - INFO - paramwise_options -- rgb_encoder.layers.0.1.1.attn.norm.bias:lr=1e-05
2026/09/27 13:54:48 - mmengine - INFO - paramwise_options -- rgb_encoder.layers.0.1.1.attn.norm.bias:weight_decay=0.01
2026/09/27 13:54:48 - mmengine - INFO - paramwise_options -- rgb_encoder.layers.0.1.1.attn.norm.bias:lr_mult=0.1
2026/09/27 13:54:48 - mmengine - INFO - paramwise_options -- rgb_encoder.layers.0.1.1.norm2.weight:lr=1e-05
2026/09/27 13:54:48 - mmengine - INFO - paramwise_options -- rgb_encoder.layers.0.1.1.norm2.weight:weight_decay=0.01
2026/09/27 13:54:48 - mmengine - INFO - paramwise_options -- rgb_encoder.layers.0.1.1.norm2.weight:lr_mult=0.1
2026/09/27 13:54:48 - mmengine - INFO - paramwise_options -- rgb_encoder.layers.0.1.1.norm2.bias:lr=1e-05
2026/09/27 13:54:48 - mmengine - INFO - paramwise_options -- rgb_encoder.layers.0.1.1.norm2.bias:weight_decay=0.01
2026/09/27 13:54:48 - mmengine - INFO - paramwise_options -- rgb_encoder.layers.0.1.1.norm2.bias:lr_mult=0.1
2026/09/27 13:54:48 - mmengine - INFO - paramwise_options -- rgb_encoder.layers.0.1.1.ffn.layers.0.weight:lr=1e-05
2026/09/27 13:54:48 - mmengine - INFO - paramwise_options -- rgb_encoder.layers.0.1.1.ffn.layers.0.weight:weight_decay=0.01
2026/09/27 13:54:48 - mmengine - INFO - paramwise_options -- rgb_encoder.layers.0.1.1.ffn.layers.0.weight:lr_mult=0.1
2026/09/27 13:54:48 - mmengine - INFO - paramwise_options -- rgb_encoder.layers.0.1.1.ffn.layers.0.bias:lr=1e-05
2026/09/27 13:54:48 - mmengine - INFO - paramwise_options -- rgb_encoder.layers.0.1.1.ffn.layers.0.bias:weight_decay=0.01
2026/09/27 13:54:48 - mmengine - INFO - paramwise_options -- rgb_encoder.layers.0.1.1.ffn.layers.0.bias:lr_mult=0.1
2026/09/27 13:54:48 - mmengine - INFO - paramwise_options -- rgb_encoder.layers.0.1.1.ffn.layers.1.weight:lr=1e-05
2026/09/27 13:54:48 - mmengine - INFO - paramwise_options -- rgb_encoder.layers.0.1.1.ffn.layers.1.weight:weight_decay=0.01
2026/09/27 13:54:48 - mmengine - INFO - paramwise_options -- rgb_encoder.layers.0.1.1.ffn.layers.1.weight:lr_mult=0.1
2026/09/27 13:54:48 - mmengine - INFO - paramwise_options -- rgb_encoder.layers.0.1.1.ffn.layers.1.bias:lr=1e-05
2026/09/27 13:54:48 - mmengine - INFO - paramwise_options -- rgb_encoder.layers.0.1.1.ffn.layers.1.bias:weight_decay=0.01
2026/09/27 13:54:48 - mmengine - INFO - paramwise_options -- rgb_encoder.layers.0.1.1.ffn.layers.1.bias:lr_mult=0.1
2026/09/27 13:54:48 - mmengine - INFO - paramwise_options -- rgb_encoder.layers.0.1.1.ffn.layers.4.weight:lr=1e-05
2026/09/27 13:54:48 - mmengine - INFO - paramwise_options -- rgb_encoder.layers.0.1.1.ffn.layers.4.weight:weight_decay=0.01
2026/09/27 13:54:48 - mmengine - INFO - paramwise_options -- rgb_encoder.layers.0.1.1.ffn.layers.4.weight:lr_mult=0.1
2026/09/27 13:54:48 - mmengine - INFO - paramwise_options -- rgb_encoder.layers.0.1.1.ffn.layers.4.bias:lr=1e-05
2026/09/27 13:54:48 - mmengine - INFO - paramwise_options -- rgb_encoder.layers.0.1.1.ffn.layers.4.bias:weight_decay=0.01
2026/09/27 13:54:48 - mmengine - INFO - paramwise_options -- rgb_encoder.layers.0.1.1.ffn.layers.4.bias:lr_mult=0.1
2026/09/27 13:54:48 - mmengine - INFO - paramwise_options -- rgb_encoder.layers.0.1.2.norm1.weight:lr=1e-05
2026/09/27 13:54:48 - mmengine - INFO - paramwise_options -- rgb_encoder.layers.0.1.2.norm1.weight:weight_decay=0.01
2026/09/27 13:54:48 - mmengine - INFO - paramwise_options -- rgb_encoder.layers.0.1.2.norm1.weight:lr_mult=0.1
2026/09/27 13:54:48 - mmengine - INFO - paramwise_options -- rgb_encoder.layers.0.1.2.norm1.bias:lr=1e-05
2026/09/27 13:54:48 - mmengine - INFO - paramwise_options -- rgb_encoder.layers.0.1.2.norm1.bias:weight_decay=0.01
2026/09/27 13:54:48 - mmengine - INFO - paramwise_options -- rgb_encoder.layers.0.1.2.norm1.bias:lr_mult=0.1
2026/09/27 13:54:48 - mmengine - INFO - paramwise_options -- rgb_encoder.layers.0.1.2.attn.attn.in_proj_weight:lr=1e-05
2026/09/27 13:54:48 - mmengine - INFO - paramwise_options -- rgb_encoder.layers.0.1.2.attn.attn.in_proj_weight:weight_decay=0.01
2026/09/27 13:54:48 - mmengine - INFO - paramwise_options -- rgb_encoder.layers.0.1.2.attn.attn.in_proj_weight:lr_mult=0.1
2026/09/27 13:54:48 - mmengine - INFO - paramwise_options -- rgb_encoder.layers.0.1.2.attn.attn.in_proj_bias:lr=1e-05
2026/09/27 13:54:48 - mmengine - INFO - paramwise_options -- rgb_encoder.layers.0.1.2.attn.attn.in_proj_bias:weight_decay=0.01
2026/09/27 13:54:48 - mmengine - INFO - paramwise_options -- rgb_encoder.layers.0.1.2.attn.attn.in_proj_bias:lr_mult=0.1
2026/09/27 13:54:48 - mmengine - INFO - paramwise_options -- rgb_encoder.layers.0.1.2.attn.attn.out_proj.weight:lr=1e-05
2026/09/27 13:54:48 - mmengine - INFO - paramwise_options -- rgb_encoder.layers.0.1.2.attn.attn.out_proj.weight:weight_decay=0.01
2026/09/27 13:54:48 - mmengine - INFO - paramwise_options -- rgb_encoder.layers.0.1.2.attn.attn.out_proj.weight:lr_mult=0.1
2026/09/27 13:54:48 - mmengine - INFO - paramwise_options -- rgb_encoder.layers.0.1.2.attn.attn.out_proj.bias:lr=1e-05
2026/09/27 13:54:48 - mmengine - INFO - paramwise_options -- rgb_encoder.layers.0.1.2.attn.attn.out_proj.bias:weight_decay=0.01
2026/09/27 13:54:48 - mmengine - INFO - paramwise_options -- rgb_encoder.layers.0.1.2.attn.attn.out_proj.bias:lr_mult=0.1
2026/09/27 13:54:48 - mmengine - INFO - paramwise_options -- rgb_encoder.layers.0.1.2.attn.sr.weight:lr=1e-05
2026/09/27 13:54:48 - mmengine - INFO - paramwise_options -- rgb_encoder.layers.0.1.2.attn.sr.weight:weight_decay=0.01
2026/09/27 13:54:48 - mmengine - INFO - paramwise_options -- rgb_encoder.layers.0.1.2.attn.sr.weight:lr_mult=0.1
2026/09/27 13:54:48 - mmengine - INFO - paramwise_options -- rgb_encoder.layers.0.1.2.attn.sr.bias:lr=1e-05
2026/09/27 13:54:48 - mmengine - INFO - paramwise_options -- rgb_encoder.layers.0.1.2.attn.sr.bias:weight_decay=0.01
2026/09/27 13:54:48 - mmengine - INFO - paramwise_options -- rgb_encoder.layers.0.1.2.attn.sr.bias:lr_mult=0.1
2026/09/27 13:54:48 - mmengine - INFO - paramwise_options -- rgb_encoder.layers.0.1.2.attn.norm.weight:lr=1e-05
2026/09/27 13:54:48 - mmengine - INFO - paramwise_options -- rgb_encoder.layers.0.1.2.attn.norm.weight:weight_decay=0.01
2026/09/27 13:54:48 - mmengine - INFO - paramwise_options -- rgb_encoder.layers.0.1.2.attn.norm.weight:lr_mult=0.1
2026/09/27 13:54:48 - mmengine - INFO - paramwise_options -- rgb_encoder.layers.0.1.2.attn.norm.bias:lr=1e-05
2026/09/27 13:54:48 - mmengine - INFO - paramwise_options -- rgb_encoder.layers.0.1.2.attn.norm.bias:weight_decay=0.01
2026/09/27 13:54:48 - mmengine - INFO - paramwise_options -- rgb_encoder.layers.0.1.2.attn.norm.bias:lr_mult=0.1
2026/09/27 13:54:48 - mmengine - INFO - paramwise_options -- rgb_encoder.layers.0.1.2.norm2.weight:lr=1e-05
2026/09/27 13:54:48 - mmengine - INFO - paramwise_options -- rgb_encoder.layers.0.1.2.norm2.weight:weight_decay=0.01
2026/09/27 13:54:48 - mmengine - INFO - paramwise_options -- rgb_encoder.layers.0.1.2.norm2.weight:lr_mult=0.1
2026/09/27 13:54:48 - mmengine - INFO - paramwise_options -- rgb_encoder.layers.0.1.2.norm2.bias:lr=1e-05
2026/09/27 13:54:48 - mmengine - INFO - paramwise_options -- rgb_encoder.layers.0.1.2.norm2.bias:weight_decay=0.01
2026/09/27 13:54:48 - mmengine - INFO - paramwise_options -- rgb_encoder.layers.0.1.2.norm2.bias:lr_mult=0.1
2026/09/27 13:54:48 - mmengine - INFO - paramwise_options -- rgb_encoder.layers.0.1.2.ffn.layers.0.weight:lr=1e-05
2026/09/27 13:54:48 - mmengine - INFO - paramwise_options -- rgb_encoder.layers.0.1.2.ffn.layers.0.weight:weight_decay=0.01
2026/09/27 13:54:48 - mmengine - INFO - paramwise_options -- rgb_encoder.layers.0.1.2.ffn.layers.0.weight:lr_mult=0.1
2026/09/27 13:54:48 - mmengine - INFO - paramwise_options -- rgb_encoder.layers.0.1.2.ffn.layers.0.bias:lr=1e-05
2026/09/27 13:54:48 - mmengine - INFO - paramwise_options -- rgb_encoder.layers.0.1.2.ffn.layers.0.bias:weight_decay=0.01
2026/09/27 13:54:48 - mmengine - INFO - paramwise_options -- rgb_encoder.layers.0.1.2.ffn.layers.0.bias:lr_mult=0.1
2026/09/27 13:54:48 - mmengine - INFO - paramwise_options -- rgb_encoder.layers.0.1.2.ffn.layers.1.weight:lr=1e-05
2026/09/27 13:54:48 - mmengine - INFO - paramwise_options -- rgb_encoder.layers.0.1.2.ffn.layers.1.weight:weight_decay=0.01
2026/09/27 13:54:48 - mmengine - INFO - paramwise_options -- rgb_encoder.layers.0.1.2.ffn.layers.1.weight:lr_mult=0.1
2026/09/27 13:54:48 - mmengine - INFO - paramwise_options -- rgb_encoder.layers.0.1.2.ffn.layers.1.bias:lr=1e-05
2026/09/27 13:54:48 - mmengine - INFO - paramwise_options -- rgb_encoder.layers.0.1.2.ffn.layers.1.bias:weight_decay=0.01
2026/09/27 13:54:48 - mmengine - INFO - paramwise_options -- rgb_encoder.layers.0.1.2.ffn.layers.1.bias:lr_mult=0.1
2026/09/27 13:54:48 - mmengine - INFO - paramwise_options -- rgb_encoder.layers.0.1.2.ffn.layers.4.weight:lr=1e-05
2026/09/27 13:54:48 - mmengine - INFO - paramwise_options -- rgb_encoder.layers.0.1.2.ffn.layers.4.weight:weight_decay=0.01
2026/09/27 13:54:48 - mmengine - INFO - paramwise_options -- rgb_encoder.layers.0.1.2.ffn.layers.4.weight:lr_mult=0.1
2026/09/27 13:54:48 - mmengine - INFO - paramwise_options -- rgb_encoder.layers.0.1.2.ffn.layers.4.bias:lr=1e-05
2026/09/27 13:54:48 - mmengine - INFO - paramwise_options -- rgb_encoder.layers.0.1.2.ffn.layers.4.bias:weight_decay=0.01
2026/09/27 13:54:48 - mmengine - INFO - paramwise_options -- rgb_encoder.layers.0.1.2.ffn.layers.4.bias:lr_mult=0.1
2026/09/27 13:54:48 - mmengine - INFO - paramwise_options -- rgb_encoder.layers.0.2.weight:lr=1e-05
2026/09/27 13:54:48 - mmengine - INFO - paramwise_options -- rgb_encoder.layers.0.2.weight:weight_decay=0.01
2026/09/27 13:54:48 - mmengine - INFO - paramwise_options -- rgb_encoder.layers.0.2.weight:lr_mult=0.1
2026/09/27 13:54:48 - mmengine - INFO - paramwise_options -- rgb_encoder.layers.0.2.bias:lr=1e-05
2026/09/27 13:54:48 - mmengine - INFO - paramwise_options -- rgb_encoder.layers.0.2.bias:weight_decay=0.01
2026/09/27 13:54:48 - mmengine - INFO - paramwise_options -- rgb_encoder.layers.0.2.bias:lr_mult=0.1
2026/09/27 13:54:48 - mmengine - INFO - paramwise_options -- rgb_encoder.layers.1.0.projection.weight:lr=1e-05
2026/09/27 13:54:48 - mmengine - INFO - paramwise_options -- rgb_encoder.layers.1.0.projection.weight:weight_decay=0.01
2026/09/27 13:54:48 - mmengine - INFO - paramwise_options -- rgb_encoder.layers.1.0.projection.weight:lr_mult=0.1
2026/09/27 13:54:48 - mmengine - INFO - paramwise_options -- rgb_encoder.layers.1.0.projection.bias:lr=1e-05
2026/09/27 13:54:48 - mmengine - INFO - paramwise_options -- rgb_encoder.layers.1.0.projection.bias:weight_decay=0.01
2026/09/27 13:54:48 - mmengine - INFO - paramwise_options -- rgb_encoder.layers.1.0.projection.bias:lr_mult=0.1
2026/09/27 13:54:48 - mmengine - INFO - paramwise_options -- rgb_encoder.layers.1.0.norm.weight:lr=1e-05
2026/09/27 13:54:48 - mmengine - INFO - paramwise_options -- rgb_encoder.layers.1.0.norm.weight:weight_decay=0.01
2026/09/27 13:54:48 - mmengine - INFO - paramwise_options -- rgb_encoder.layers.1.0.norm.weight:lr_mult=0.1
2026/09/27 13:54:48 - mmengine - INFO - paramwise_options -- rgb_encoder.layers.1.0.norm.bias:lr=1e-05
2026/09/27 13:54:48 - mmengine - INFO - paramwise_options -- rgb_encoder.layers.1.0.norm.bias:weight_decay=0.01
2026/09/27 13:54:48 - mmengine - INFO - paramwise_options -- rgb_encoder.layers.1.0.norm.bias:lr_mult=0.1
2026/09/27 13:54:48 - mmengine - INFO - paramwise_options -- rgb_encoder.layers.1.1.0.norm1.weight:lr=1e-05
2026/09/27 13:54:48 - mmengine - INFO - paramwise_options -- rgb_encoder.layers.1.1.0.norm1.weight:weight_decay=0.01
2026/09/27 13:54:48 - mmengine - INFO - paramwise_options -- rgb_encoder.layers.1.1.0.norm1.weight:lr_mult=0.1
2026/09/27 13:54:48 - mmengine - INFO - paramwise_options -- rgb_encoder.layers.1.1.0.norm1.bias:lr=1e-05
2026/09/27 13:54:48 - mmengine - INFO - paramwise_options -- rgb_encoder.layers.1.1.0.norm1.bias:weight_decay=0.01
2026/09/27 13:54:48 - mmengine - INFO - paramwise_options -- rgb_encoder.layers.1.1.0.norm1.bias:lr_mult=0.1
2026/09/27 13:54:48 - mmengine - INFO - paramwise_options -- rgb_encoder.layers.1.1.0.attn.attn.in_proj_weight:lr=1e-05
2026/09/27 13:54:48 - mmengine - INFO - paramwise_options -- rgb_encoder.layers.1.1.0.attn.attn.in_proj_weight:weight_decay=0.01
2026/09/27 13:54:48 - mmengine - INFO - paramwise_options -- rgb_encoder.layers.1.1.0.attn.attn.in_proj_weight:lr_mult=0.1
2026/09/27 13:54:48 - mmengine - INFO - paramwise_options -- rgb_encoder.layers.1.1.0.attn.attn.in_proj_bias:lr=1e-05
2026/09/27 13:54:48 - mmengine - INFO - paramwise_options -- rgb_encoder.layers.1.1.0.attn.attn.in_proj_bias:weight_decay=0.01
2026/09/27 13:54:48 - mmengine - INFO - paramwise_options -- rgb_encoder.layers.1.1.0.attn.attn.in_proj_bias:lr_mult=0.1
2026/09/27 13:54:48 - mmengine - INFO - paramwise_options -- rgb_encoder.layers.1.1.0.attn.attn.out_proj.weight:lr=1e-05
2026/09/27 13:54:48 - mmengine - INFO - paramwise_options -- rgb_encoder.layers.1.1.0.attn.attn.out_proj.weight:weight_decay=0.01
2026/09/27 13:54:48 - mmengine - INFO - paramwise_options -- rgb_encoder.layers.1.1.0.attn.attn.out_proj.weight:lr_mult=0.1
2026/09/27 13:54:48 - mmengine - INFO - paramwise_options -- rgb_encoder.layers.1.1.0.attn.attn.out_proj.bias:lr=1e-05
2026/09/27 13:54:48 - mmengine - INFO - paramwise_options -- rgb_encoder.layers.1.1.0.attn.attn.out_proj.bias:weight_decay=0.01
2026/09/27 13:54:48 - mmengine - INFO - paramwise_options -- rgb_encoder.layers.1.1.0.attn.attn.out_proj.bias:lr_mult=0.1
2026/09/27 13:54:48 - mmengine - INFO - paramwise_options -- rgb_encoder.layers.1.1.0.attn.sr.weight:lr=1e-05
2026/09/27 13:54:48 - mmengine - INFO - paramwise_options -- rgb_encoder.layers.1.1.0.attn.sr.weight:weight_decay=0.01
2026/09/27 13:54:48 - mmengine - INFO - paramwise_options -- rgb_encoder.layers.1.1.0.attn.sr.weight:lr_mult=0.1
2026/09/27 13:54:48 - mmengine - INFO - paramwise_options -- rgb_encoder.layers.1.1.0.attn.sr.bias:lr=1e-05
2026/09/27 13:54:48 - mmengine - INFO - paramwise_options -- rgb_encoder.layers.1.1.0.attn.sr.bias:weight_decay=0.01
2026/09/27 13:54:48 - mmengine - INFO - paramwise_options -- rgb_encoder.layers.1.1.0.attn.sr.bias:lr_mult=0.1
2026/09/27 13:54:48 - mmengine - INFO - paramwise_options -- rgb_encoder.layers.1.1.0.attn.norm.weight:lr=1e-05
2026/09/27 13:54:48 - mmengine - INFO - paramwise_options -- rgb_encoder.layers.1.1.0.attn.norm.weight:weight_decay=0.01
2026/09/27 13:54:48 - mmengine - INFO - paramwise_options -- rgb_encoder.layers.1.1.0.attn.norm.weight:lr_mult=0.1
2026/09/27 13:54:48 - mmengine - INFO - paramwise_options -- rgb_encoder.layers.1.1.0.attn.norm.bias:lr=1e-05
2026/09/27 13:54:48 - mmengine - INFO - paramwise_options -- rgb_encoder.layers.1.1.0.attn.norm.bias:weight_decay=0.01
2026/09/27 13:54:48 - mmengine - INFO - paramwise_options -- rgb_encoder.layers.1.1.0.attn.norm.bias:lr_mult=0.1
2026/09/27 13:54:48 - mmengine - INFO - paramwise_options -- rgb_encoder.layers.1.1.0.norm2.weight:lr=1e-05
2026/09/27 13:54:48 - mmengine - INFO - paramwise_options -- rgb_encoder.layers.1.1.0.norm2.weight:weight_decay=0.01
2026/09/27 13:54:48 - mmengine - INFO - paramwise_options -- rgb_encoder.layers.1.1.0.norm2.weight:lr_mult=0.1
2026/09/27 13:54:48 - mmengine - INFO - paramwise_options -- rgb_encoder.layers.1.1.0.norm2.bias:lr=1e-05
2026/09/27 13:54:48 - mmengine - INFO - paramwise_options -- rgb_encoder.layers.1.1.0.norm2.bias:weight_decay=0.01
2026/09/27 13:54:48 - mmengine - INFO - paramwise_options -- rgb_encoder.layers.1.1.0.norm2.bias:lr_mult=0.1
2026/09/27 13:54:48 - mmengine - INFO - paramwise_options -- rgb_encoder.layers.1.1.0.ffn.layers.0.weight:lr=1e-05
2026/09/27 13:54:48 - mmengine - INFO - paramwise_options -- rgb_encoder.layers.1.1.0.ffn.layers.0.weight:weight_decay=0.01
2026/09/27 13:54:48 - mmengine - INFO - paramwise_options -- rgb_encoder.layers.1.1.0.ffn.layers.0.weight:lr_mult=0.1
2026/09/27 13:54:48 - mmengine - INFO - paramwise_options -- rgb_encoder.layers.1.1.0.ffn.layers.0.bias:lr=1e-05
2026/09/27 13:54:48 - mmengine - INFO - paramwise_options -- rgb_encoder.layers.1.1.0.ffn.layers.0.bias:weight_decay=0.01
2026/09/27 13:54:48 - mmengine - INFO - paramwise_options -- rgb_encoder.layers.1.1.0.ffn.layers.0.bias:lr_mult=0.1
2026/09/27 13:54:48 - mmengine - INFO - paramwise_options -- rgb_encoder.layers.1.1.0.ffn.layers.1.weight:lr=1e-05
2026/09/27 13:54:48 - mmengine - INFO - paramwise_options -- rgb_encoder.layers.1.1.0.ffn.layers.1.weight:weight_decay=0.01
2026/09/27 13:54:48 - mmengine - INFO - paramwise_options -- rgb_encoder.layers.1.1.0.ffn.layers.1.weight:lr_mult=0.1
2026/09/27 13:54:48 - mmengine - INFO - paramwise_options -- rgb_encoder.layers.1.1.0.ffn.layers.1.bias:lr=1e-05
2026/09/27 13:54:48 - mmengine - INFO - paramwise_options -- rgb_encoder.layers.1.1.0.ffn.layers.1.bias:weight_decay=0.01
2026/09/27 13:54:48 - mmengine - INFO - paramwise_options -- rgb_encoder.layers.1.1.0.ffn.layers.1.bias:lr_mult=0.1
2026/09/27 13:54:48 - mmengine - INFO - paramwise_options -- rgb_encoder.layers.1.1.0.ffn.layers.4.weight:lr=1e-05
2026/09/27 13:54:48 - mmengine - INFO - paramwise_options -- rgb_encoder.layers.1.1.0.ffn.layers.4.weight:weight_decay=0.01
2026/09/27 13:54:48 - mmengine - INFO - paramwise_options -- rgb_encoder.layers.1.1.0.ffn.layers.4.weight:lr_mult=0.1
2026/09/27 13:54:48 - mmengine - INFO - paramwise_options -- rgb_encoder.layers.1.1.0.ffn.layers.4.bias:lr=1e-05
2026/09/27 13:54:48 - mmengine - INFO - paramwise_options -- rgb_encoder.layers.1.1.0.ffn.layers.4.bias:weight_decay=0.01
2026/09/27 13:54:48 - mmengine - INFO - paramwise_options -- rgb_encoder.layers.1.1.0.ffn.layers.4.bias:lr_mult=0.1
2026/09/27 13:54:48 - mmengine - INFO - paramwise_options -- rgb_encoder.layers.1.1.1.norm1.weight:lr=1e-05
2026/09/27 13:54:48 - mmengine - INFO - paramwise_options -- rgb_encoder.layers.1.1.1.norm1.weight:weight_decay=0.01
2026/09/27 13:54:48 - mmengine - INFO - paramwise_options -- rgb_encoder.layers.1.1.1.norm1.weight:lr_mult=0.1
2026/09/27 13:54:48 - mmengine - INFO - paramwise_options -- rgb_encoder.layers.1.1.1.norm1.bias:lr=1e-05
2026/09/27 13:54:48 - mmengine - INFO - paramwise_options -- rgb_encoder.layers.1.1.1.norm1.bias:weight_decay=0.01
2026/09/27 13:54:48 - mmengine - INFO - paramwise_options -- rgb_encoder.layers.1.1.1.norm1.bias:lr_mult=0.1
2026/09/27 13:54:48 - mmengine - INFO - paramwise_options -- rgb_encoder.layers.1.1.1.attn.attn.in_proj_weight:lr=1e-05
2026/09/27 13:54:48 - mmengine - INFO - paramwise_options -- rgb_encoder.layers.1.1.1.attn.attn.in_proj_weight:weight_decay=0.01
2026/09/27 13:54:48 - mmengine - INFO - paramwise_options -- rgb_encoder.layers.1.1.1.attn.attn.in_proj_weight:lr_mult=0.1
2026/09/27 13:54:48 - mmengine - INFO - paramwise_options -- rgb_encoder.layers.1.1.1.attn.attn.in_proj_bias:lr=1e-05
2026/09/27 13:54:48 - mmengine - INFO - paramwise_options -- rgb_encoder.layers.1.1.1.attn.attn.in_proj_bias:weight_decay=0.01
2026/09/27 13:54:48 - mmengine - INFO - paramwise_options -- rgb_encoder.layers.1.1.1.attn.attn.in_proj_bias:lr_mult=0.1
2026/09/27 13:54:48 - mmengine - INFO - paramwise_options -- rgb_encoder.layers.1.1.1.attn.attn.out_proj.weight:lr=1e-05
2026/09/27 13:54:48 - mmengine - INFO - paramwise_options -- rgb_encoder.layers.1.1.1.attn.attn.out_proj.weight:weight_decay=0.01
2026/09/27 13:54:48 - mmengine - INFO - paramwise_options -- rgb_encoder.layers.1.1.1.attn.attn.out_proj.weight:lr_mult=0.1
2026/09/27 13:54:48 - mmengine - INFO - paramwise_options -- rgb_encoder.layers.1.1.1.attn.attn.out_proj.bias:lr=1e-05
2026/09/27 13:54:48 - mmengine - INFO - paramwise_options -- rgb_encoder.layers.1.1.1.attn.attn.out_proj.bias:weight_decay=0.01
2026/09/27 13:54:48 - mmengine - INFO - paramwise_options -- rgb_encoder.layers.1.1.1.attn.attn.out_proj.bias:lr_mult=0.1
2026/09/27 13:54:48 - mmengine - INFO - paramwise_options -- rgb_encoder.layers.1.1.1.attn.sr.weight:lr=1e-05
2026/09/27 13:54:48 - mmengine - INFO - paramwise_options -- rgb_encoder.layers.1.1.1.attn.sr.weight:weight_decay=0.01
2026/09/27 13:54:48 - mmengine - INFO - paramwise_options -- rgb_encoder.layers.1.1.1.attn.sr.weight:lr_mult=0.1
2026/09/27 13:54:48 - mmengine - INFO - paramwise_options -- rgb_encoder.layers.1.1.1.attn.sr.bias:lr=1e-05
2026/09/27 13:54:48 - mmengine - INFO - paramwise_options -- rgb_encoder.layers.1.1.1.attn.sr.bias:weight_decay=0.01
2026/09/27 13:54:48 - mmengine - INFO - paramwise_options -- rgb_encoder.layers.1.1.1.attn.sr.bias:lr_mult=0.1
2026/09/27 13:54:48 - mmengine - INFO - paramwise_options -- rgb_encoder.layers.1.1.1.attn.norm.weight:lr=1e-05
2026/09/27 13:54:48 - mmengine - INFO - paramwise_options -- rgb_encoder.layers.1.1.1.attn.norm.weight:weight_decay=0.01
2026/09/27 13:54:48 - mmengine - INFO - paramwise_options -- rgb_encoder.layers.1.1.1.attn.norm.weight:lr_mult=0.1
2026/09/27 13:54:48 - mmengine - INFO - paramwise_options -- rgb_encoder.layers.1.1.1.attn.norm.bias:lr=1e-05
2026/09/27 13:54:48 - mmengine - INFO - paramwise_options -- rgb_encoder.layers.1.1.1.attn.norm.bias:weight_decay=0.01
2026/09/27 13:54:48 - mmengine - INFO - paramwise_options -- rgb_encoder.layers.1.1.1.attn.norm.bias:lr_mult=0.1
2026/09/27 13:54:48 - mmengine - INFO - paramwise_options -- rgb_encoder.layers.1.1.1.norm2.weight:lr=1e-05
2026/09/27 13:54:48 - mmengine - INFO - paramwise_options -- rgb_encoder.layers.1.1.1.norm2.weight:weight_decay=0.01
2026/09/27 13:54:48 - mmengine - INFO - paramwise_options -- rgb_encoder.layers.1.1.1.norm2.weight:lr_mult=0.1
2026/09/27 13:54:48 - mmengine - INFO - paramwise_options -- rgb_encoder.layers.1.1.1.norm2.bias:lr=1e-05
2026/09/27 13:54:48 - mmengine - INFO - paramwise_options -- rgb_encoder.layers.1.1.1.norm2.bias:weight_decay=0.01
2026/09/27 13:54:48 - mmengine - INFO - paramwise_options -- rgb_encoder.layers.1.1.1.norm2.bias:lr_mult=0.1
2026/09/27 13:54:48 - mmengine - INFO - paramwise_options -- rgb_encoder.layers.1.1.1.ffn.layers.0.weight:lr=1e-05
2026/09/27 13:54:48 - mmengine - INFO - paramwise_options -- rgb_encoder.layers.1.1.1.ffn.layers.0.weight:weight_decay=0.01
2026/09/27 13:54:48 - mmengine - INFO - paramwise_options -- rgb_encoder.layers.1.1.1.ffn.layers.0.weight:lr_mult=0.1
2026/09/27 13:54:48 - mmengine - INFO - paramwise_options -- rgb_encoder.layers.1.1.1.ffn.layers.0.bias:lr=1e-05
2026/09/27 13:54:48 - mmengine - INFO - paramwise_options -- rgb_encoder.layers.1.1.1.ffn.layers.0.bias:weight_decay=0.01
2026/09/27 13:54:48 - mmengine - INFO - paramwise_options -- rgb_encoder.layers.1.1.1.ffn.layers.0.bias:lr_mult=0.1
2026/09/27 13:54:48 - mmengine - INFO - paramwise_options -- rgb_encoder.layers.1.1.1.ffn.layers.1.weight:lr=1e-05
2026/09/27 13:54:48 - mmengine - INFO - paramwise_options -- rgb_encoder.layers.1.1.1.ffn.layers.1.weight:weight_decay=0.01
2026/09/27 13:54:48 - mmengine - INFO - paramwise_options -- rgb_encoder.layers.1.1.1.ffn.layers.1.weight:lr_mult=0.1
2026/09/27 13:54:48 - mmengine - INFO - paramwise_options -- rgb_encoder.layers.1.1.1.ffn.layers.1.bias:lr=1e-05
2026/09/27 13:54:48 - mmengine - INFO - paramwise_options -- rgb_encoder.layers.1.1.1.ffn.layers.1.bias:weight_decay=0.01
2026/09/27 13:54:48 - mmengine - INFO - paramwise_options -- rgb_encoder.layers.1.1.1.ffn.layers.1.bias:lr_mult=0.1
2026/09/27 13:54:48 - mmengine - INFO - paramwise_options -- rgb_encoder.layers.1.1.1.ffn.layers.4.weight:lr=1e-05
2026/09/27 13:54:48 - mmengine - INFO - paramwise_options -- rgb_encoder.layers.1.1.1.ffn.layers.4.weight:weight_decay=0.01
2026/09/27 13:54:48 - mmengine - INFO - paramwise_options -- rgb_encoder.layers.1.1.1.ffn.layers.4.weight:lr_mult=0.1
2026/09/27 13:54:48 - mmengine - INFO - paramwise_options -- rgb_encoder.layers.1.1.1.ffn.layers.4.bias:lr=1e-05
2026/09/27 13:54:48 - mmengine - INFO - paramwise_options -- rgb_encoder.layers.1.1.1.ffn.layers.4.bias:weight_decay=0.01
2026/09/27 13:54:48 - mmengine - INFO - paramwise_options -- rgb_encoder.layers.1.1.1.ffn.layers.4.bias:lr_mult=0.1
2026/09/27 13:54:48 - mmengine - INFO - paramwise_options -- rgb_encoder.layers.1.1.2.norm1.weight:lr=1e-05
2026/09/27 13:54:48 - mmengine - INFO - paramwise_options -- rgb_encoder.layers.1.1.2.norm1.weight:weight_decay=0.01
2026/09/27 13:54:48 - mmengine - INFO - paramwise_options -- rgb_encoder.layers.1.1.2.norm1.weight:lr_mult=0.1
2026/09/27 13:54:48 - mmengine - INFO - paramwise_options -- rgb_encoder.layers.1.1.2.norm1.bias:lr=1e-05
2026/09/27 13:54:48 - mmengine - INFO - paramwise_options -- rgb_encoder.layers.1.1.2.norm1.bias:weight_decay=0.01
2026/09/27 13:54:48 - mmengine - INFO - paramwise_options -- rgb_encoder.layers.1.1.2.norm1.bias:lr_mult=0.1
2026/09/27 13:54:48 - mmengine - INFO - paramwise_options -- rgb_encoder.layers.1.1.2.attn.attn.in_proj_weight:lr=1e-05
2026/09/27 13:54:48 - mmengine - INFO - paramwise_options -- rgb_encoder.layers.1.1.2.attn.attn.in_proj_weight:weight_decay=0.01
2026/09/27 13:54:48 - mmengine - INFO - paramwise_options -- rgb_encoder.layers.1.1.2.attn.attn.in_proj_weight:lr_mult=0.1
2026/09/27 13:54:48 - mmengine - INFO - paramwise_options -- rgb_encoder.layers.1.1.2.attn.attn.in_proj_bias:lr=1e-05
2026/09/27 13:54:48 - mmengine - INFO - paramwise_options -- rgb_encoder.layers.1.1.2.attn.attn.in_proj_bias:weight_decay=0.01
2026/09/27 13:54:48 - mmengine - INFO - paramwise_options -- rgb_encoder.layers.1.1.2.attn.attn.in_proj_bias:lr_mult=0.1
2026/09/27 13:54:48 - mmengine - INFO - paramwise_options -- rgb_encoder.layers.1.1.2.attn.attn.out_proj.weight:lr=1e-05
2026/09/27 13:54:48 - mmengine - INFO - paramwise_options -- rgb_encoder.layers.1.1.2.attn.attn.out_proj.weight:weight_decay=0.01
2026/09/27 13:54:48 - mmengine - INFO - paramwise_options -- rgb_encoder.layers.1.1.2.attn.attn.out_proj.weight:lr_mult=0.1
2026/09/27 13:54:48 - mmengine - INFO - paramwise_options -- rgb_encoder.layers.1.1.2.attn.attn.out_proj.bias:lr=1e-05
2026/09/27 13:54:48 - mmengine - INFO - paramwise_options -- rgb_encoder.layers.1.1.2.attn.attn.out_proj.bias:weight_decay=0.01
2026/09/27 13:54:48 - mmengine - INFO - paramwise_options -- rgb_encoder.layers.1.1.2.attn.attn.out_proj.bias:lr_mult=0.1
2026/09/27 13:54:48 - mmengine - INFO - paramwise_options -- rgb_encoder.layers.1.1.2.attn.sr.weight:lr=1e-05
2026/09/27 13:54:48 - mmengine - INFO - paramwise_options -- rgb_encoder.layers.1.1.2.attn.sr.weight:weight_decay=0.01
2026/09/27 13:54:48 - mmengine - INFO - paramwise_options -- rgb_encoder.layers.1.1.2.attn.sr.weight:lr_mult=0.1
2026/09/27 13:54:48 - mmengine - INFO - paramwise_options -- rgb_encoder.layers.1.1.2.attn.sr.bias:lr=1e-05
2026/09/27 13:54:48 - mmengine - INFO - paramwise_options -- rgb_encoder.layers.1.1.2.attn.sr.bias:weight_decay=0.01
2026/09/27 13:54:48 - mmengine - INFO - paramwise_options -- rgb_encoder.layers.1.1.2.attn.sr.bias:lr_mult=0.1
2026/09/27 13:54:48 - mmengine - INFO - paramwise_options -- rgb_encoder.layers.1.1.2.attn.norm.weight:lr=1e-05
2026/09/27 13:54:48 - mmengine - INFO - paramwise_options -- rgb_encoder.layers.1.1.2.attn.norm.weight:weight_decay=0.01
2026/09/27 13:54:48 - mmengine - INFO - paramwise_options -- rgb_encoder.layers.1.1.2.attn.norm.weight:lr_mult=0.1
2026/09/27 13:54:48 - mmengine - INFO - paramwise_options -- rgb_encoder.layers.1.1.2.attn.norm.bias:lr=1e-05
2026/09/27 13:54:48 - mmengine - INFO - paramwise_options -- rgb_encoder.layers.1.1.2.attn.norm.bias:weight_decay=0.01
2026/09/27 13:54:48 - mmengine - INFO - paramwise_options -- rgb_encoder.layers.1.1.2.attn.norm.bias:lr_mult=0.1
2026/09/27 13:54:48 - mmengine - INFO - paramwise_options -- rgb_encoder.layers.1.1.2.norm2.weight:lr=1e-05
2026/09/27 13:54:48 - mmengine - INFO - paramwise_options -- rgb_encoder.layers.1.1.2.norm2.weight:weight_decay=0.01
2026/09/27 13:54:48 - mmengine - INFO - paramwise_options -- rgb_encoder.layers.1.1.2.norm2.weight:lr_mult=0.1
2026/09/27 13:54:48 - mmengine - INFO - paramwise_options -- rgb_encoder.layers.1.1.2.norm2.bias:lr=1e-05
2026/09/27 13:54:48 - mmengine - INFO - paramwise_options -- rgb_encoder.layers.1.1.2.norm2.bias:weight_decay=0.01
2026/09/27 13:54:48 - mmengine - INFO - paramwise_options -- rgb_encoder.layers.1.1.2.norm2.bias:lr_mult=0.1
2026/09/27 13:54:48 - mmengine - INFO - paramwise_options -- rgb_encoder.layers.1.1.2.ffn.layers.0.weight:lr=1e-05
2026/09/27 13:54:48 - mmengine - INFO - paramwise_options -- rgb_encoder.layers.1.1.2.ffn.layers.0.weight:weight_decay=0.01
2026/09/27 13:54:48 - mmengine - INFO - paramwise_options -- rgb_encoder.layers.1.1.2.ffn.layers.0.weight:lr_mult=0.1
2026/09/27 13:54:48 - mmengine - INFO - paramwise_options -- rgb_encoder.layers.1.1.2.ffn.layers.0.bias:lr=1e-05
2026/09/27 13:54:48 - mmengine - INFO - paramwise_options -- rgb_encoder.layers.1.1.2.ffn.layers.0.bias:weight_decay=0.01
2026/09/27 13:54:48 - mmengine - INFO - paramwise_options -- rgb_encoder.layers.1.1.2.ffn.layers.0.bias:lr_mult=0.1
2026/09/27 13:54:48 - mmengine - INFO - paramwise_options -- rgb_encoder.layers.1.1.2.ffn.layers.1.weight:lr=1e-05
2026/09/27 13:54:48 - mmengine - INFO - paramwise_options -- rgb_encoder.layers.1.1.2.ffn.layers.1.weight:weight_decay=0.01
2026/09/27 13:54:48 - mmengine - INFO - paramwise_options -- rgb_encoder.layers.1.1.2.ffn.layers.1.weight:lr_mult=0.1
2026/09/27 13:54:48 - mmengine - INFO - paramwise_options -- rgb_encoder.layers.1.1.2.ffn.layers.1.bias:lr=1e-05
2026/09/27 13:54:48 - mmengine - INFO - paramwise_options -- rgb_encoder.layers.1.1.2.ffn.layers.1.bias:weight_decay=0.01
2026/09/27 13:54:48 - mmengine - INFO - paramwise_options -- rgb_encoder.layers.1.1.2.ffn.layers.1.bias:lr_mult=0.1
2026/09/27 13:54:48 - mmengine - INFO - paramwise_options -- rgb_encoder.layers.1.1.2.ffn.layers.4.weight:lr=1e-05
2026/09/27 13:54:48 - mmengine - INFO - paramwise_options -- rgb_encoder.layers.1.1.2.ffn.layers.4.weight:weight_decay=0.01
2026/09/27 13:54:48 - mmengine - INFO - paramwise_options -- rgb_encoder.layers.1.1.2.ffn.layers.4.weight:lr_mult=0.1
2026/09/27 13:54:48 - mmengine - INFO - paramwise_options -- rgb_encoder.layers.1.1.2.ffn.layers.4.bias:lr=1e-05
2026/09/27 13:54:48 - mmengine - INFO - paramwise_options -- rgb_encoder.layers.1.1.2.ffn.layers.4.bias:weight_decay=0.01
2026/09/27 13:54:48 - mmengine - INFO - paramwise_options -- rgb_encoder.layers.1.1.2.ffn.layers.4.bias:lr_mult=0.1
2026/09/27 13:54:48 - mmengine - INFO - paramwise_options -- rgb_encoder.layers.1.1.3.norm1.weight:lr=1e-05
2026/09/27 13:54:48 - mmengine - INFO - paramwise_options -- rgb_encoder.layers.1.1.3.norm1.weight:weight_decay=0.01
2026/09/27 13:54:48 - mmengine - INFO - paramwise_options -- rgb_encoder.layers.1.1.3.norm1.weight:lr_mult=0.1
2026/09/27 13:54:48 - mmengine - INFO - paramwise_options -- rgb_encoder.layers.1.1.3.norm1.bias:lr=1e-05
2026/09/27 13:54:48 - mmengine - INFO - paramwise_options -- rgb_encoder.layers.1.1.3.norm1.bias:weight_decay=0.01
2026/09/27 13:54:48 - mmengine - INFO - paramwise_options -- rgb_encoder.layers.1.1.3.norm1.bias:lr_mult=0.1
2026/09/27 13:54:48 - mmengine - INFO - paramwise_options -- rgb_encoder.layers.1.1.3.attn.attn.in_proj_weight:lr=1e-05
2026/09/27 13:54:48 - mmengine - INFO - paramwise_options -- rgb_encoder.layers.1.1.3.attn.attn.in_proj_weight:weight_decay=0.01
2026/09/27 13:54:48 - mmengine - INFO - paramwise_options -- rgb_encoder.layers.1.1.3.attn.attn.in_proj_weight:lr_mult=0.1
2026/09/27 13:54:48 - mmengine - INFO - paramwise_options -- rgb_encoder.layers.1.1.3.attn.attn.in_proj_bias:lr=1e-05
2026/09/27 13:54:48 - mmengine - INFO - paramwise_options -- rgb_encoder.layers.1.1.3.attn.attn.in_proj_bias:weight_decay=0.01
2026/09/27 13:54:48 - mmengine - INFO - paramwise_options -- rgb_encoder.layers.1.1.3.attn.attn.in_proj_bias:lr_mult=0.1
2026/09/27 13:54:48 - mmengine - INFO - paramwise_options -- rgb_encoder.layers.1.1.3.attn.attn.out_proj.weight:lr=1e-05
2026/09/27 13:54:48 - mmengine - INFO - paramwise_options -- rgb_encoder.layers.1.1.3.attn.attn.out_proj.weight:weight_decay=0.01
2026/09/27 13:54:48 - mmengine - INFO - paramwise_options -- rgb_encoder.layers.1.1.3.attn.attn.out_proj.weight:lr_mult=0.1
2026/09/27 13:54:48 - mmengine - INFO - paramwise_options -- rgb_encoder.layers.1.1.3.attn.attn.out_proj.bias:lr=1e-05
2026/09/27 13:54:48 - mmengine - INFO - paramwise_options -- rgb_encoder.layers.1.1.3.attn.attn.out_proj.bias:weight_decay=0.01
2026/09/27 13:54:48 - mmengine - INFO - paramwise_options -- rgb_encoder.layers.1.1.3.attn.attn.out_proj.bias:lr_mult=0.1
2026/09/27 13:54:48 - mmengine - INFO - paramwise_options -- rgb_encoder.layers.1.1.3.attn.sr.weight:lr=1e-05
2026/09/27 13:54:48 - mmengine - INFO - paramwise_options -- rgb_encoder.layers.1.1.3.attn.sr.weight:weight_decay=0.01
2026/09/27 13:54:48 - mmengine - INFO - paramwise_options -- rgb_encoder.layers.1.1.3.attn.sr.weight:lr_mult=0.1
2026/09/27 13:54:48 - mmengine - INFO - paramwise_options -- rgb_encoder.layers.1.1.3.attn.sr.bias:lr=1e-05
2026/09/27 13:54:48 - mmengine - INFO - paramwise_options -- rgb_encoder.layers.1.1.3.attn.sr.bias:weight_decay=0.01
2026/09/27 13:54:48 - mmengine - INFO - paramwise_options -- rgb_encoder.layers.1.1.3.attn.sr.bias:lr_mult=0.1
2026/09/27 13:54:48 - mmengine - INFO - paramwise_options -- rgb_encoder.layers.1.1.3.attn.norm.weight:lr=1e-05
2026/09/27 13:54:48 - mmengine - INFO - paramwise_options -- rgb_encoder.layers.1.1.3.attn.norm.weight:weight_decay=0.01
2026/09/27 13:54:48 - mmengine - INFO - paramwise_options -- rgb_encoder.layers.1.1.3.attn.norm.weight:lr_mult=0.1
2026/09/27 13:54:48 - mmengine - INFO - paramwise_options -- rgb_encoder.layers.1.1.3.attn.norm.bias:lr=1e-05
2026/09/27 13:54:48 - mmengine - INFO - paramwise_options -- rgb_encoder.layers.1.1.3.attn.norm.bias:weight_decay=0.01
2026/09/27 13:54:48 - mmengine - INFO - paramwise_options -- rgb_encoder.layers.1.1.3.attn.norm.bias:lr_mult=0.1
2026/09/27 13:54:48 - mmengine - INFO - paramwise_options -- rgb_encoder.layers.1.1.3.norm2.weight:lr=1e-05
2026/09/27 13:54:48 - mmengine - INFO - paramwise_options -- rgb_encoder.layers.1.1.3.norm2.weight:weight_decay=0.01
2026/09/27 13:54:48 - mmengine - INFO - paramwise_options -- rgb_encoder.layers.1.1.3.norm2.weight:lr_mult=0.1
2026/09/27 13:54:48 - mmengine - INFO - paramwise_options -- rgb_encoder.layers.1.1.3.norm2.bias:lr=1e-05
2026/09/27 13:54:48 - mmengine - INFO - paramwise_options -- rgb_encoder.layers.1.1.3.norm2.bias:weight_decay=0.01
2026/09/27 13:54:48 - mmengine - INFO - paramwise_options -- rgb_encoder.layers.1.1.3.norm2.bias:lr_mult=0.1
2026/09/27 13:54:48 - mmengine - INFO - paramwise_options -- rgb_encoder.layers.1.1.3.ffn.layers.0.weight:lr=1e-05
2026/09/27 13:54:48 - mmengine - INFO - paramwise_options -- rgb_encoder.layers.1.1.3.ffn.layers.0.weight:weight_decay=0.01
2026/09/27 13:54:48 - mmengine - INFO - paramwise_options -- rgb_encoder.layers.1.1.3.ffn.layers.0.weight:lr_mult=0.1
2026/09/27 13:54:48 - mmengine - INFO - paramwise_options -- rgb_encoder.layers.1.1.3.ffn.layers.0.bias:lr=1e-05
2026/09/27 13:54:48 - mmengine - INFO - paramwise_options -- rgb_encoder.layers.1.1.3.ffn.layers.0.bias:weight_decay=0.01
2026/09/27 13:54:48 - mmengine - INFO - paramwise_options -- rgb_encoder.layers.1.1.3.ffn.layers.0.bias:lr_mult=0.1
2026/09/27 13:54:48 - mmengine - INFO - paramwise_options -- rgb_encoder.layers.1.1.3.ffn.layers.1.weight:lr=1e-05
2026/09/27 13:54:48 - mmengine - INFO - paramwise_options -- rgb_encoder.layers.1.1.3.ffn.layers.1.weight:weight_decay=0.01
2026/09/27 13:54:48 - mmengine - INFO - paramwise_options -- rgb_encoder.layers.1.1.3.ffn.layers.1.weight:lr_mult=0.1
2026/09/27 13:54:48 - mmengine - INFO - paramwise_options -- rgb_encoder.layers.1.1.3.ffn.layers.1.bias:lr=1e-05
2026/09/27 13:54:48 - mmengine - INFO - paramwise_options -- rgb_encoder.layers.1.1.3.ffn.layers.1.bias:weight_decay=0.01
2026/09/27 13:54:48 - mmengine - INFO - paramwise_options -- rgb_encoder.layers.1.1.3.ffn.layers.1.bias:lr_mult=0.1
2026/09/27 13:54:48 - mmengine - INFO - paramwise_options -- rgb_encoder.layers.1.1.3.ffn.layers.4.weight:lr=1e-05
2026/09/27 13:54:48 - mmengine - INFO - paramwise_options -- rgb_encoder.layers.1.1.3.ffn.layers.4.weight:weight_decay=0.01
2026/09/27 13:54:48 - mmengine - INFO - paramwise_options -- rgb_encoder.layers.1.1.3.ffn.layers.4.weight:lr_mult=0.1
2026/09/27 13:54:48 - mmengine - INFO - paramwise_options -- rgb_encoder.layers.1.1.3.ffn.layers.4.bias:lr=1e-05
2026/09/27 13:54:48 - mmengine - INFO - paramwise_options -- rgb_encoder.layers.1.1.3.ffn.layers.4.bias:weight_decay=0.01
2026/09/27 13:54:48 - mmengine - INFO - paramwise_options -- rgb_encoder.layers.1.1.3.ffn.layers.4.bias:lr_mult=0.1
2026/09/27 13:54:48 - mmengine - INFO - paramwise_options -- rgb_encoder.layers.1.2.weight:lr=1e-05
2026/09/27 13:54:48 - mmengine - INFO - paramwise_options -- rgb_encoder.layers.1.2.weight:weight_decay=0.01
2026/09/27 13:54:48 - mmengine - INFO - paramwise_options -- rgb_encoder.layers.1.2.weight:lr_mult=0.1
2026/09/27 13:54:48 - mmengine - INFO - paramwise_options -- rgb_encoder.layers.1.2.bias:lr=1e-05
2026/09/27 13:54:48 - mmengine - INFO - paramwise_options -- rgb_encoder.layers.1.2.bias:weight_decay=0.01
2026/09/27 13:54:48 - mmengine - INFO - paramwise_options -- rgb_encoder.layers.1.2.bias:lr_mult=0.1
2026/09/27 13:54:48 - mmengine - INFO - paramwise_options -- rgb_encoder.layers.2.0.projection.weight:lr=1e-05
2026/09/27 13:54:48 - mmengine - INFO - paramwise_options -- rgb_encoder.layers.2.0.projection.weight:weight_decay=0.01
2026/09/27 13:54:48 - mmengine - INFO - paramwise_options -- rgb_encoder.layers.2.0.projection.weight:lr_mult=0.1
2026/09/27 13:54:48 - mmengine - INFO - paramwise_options -- rgb_encoder.layers.2.0.projection.bias:lr=1e-05
2026/09/27 13:54:48 - mmengine - INFO - paramwise_options -- rgb_encoder.layers.2.0.projection.bias:weight_decay=0.01
2026/09/27 13:54:48 - mmengine - INFO - paramwise_options -- rgb_encoder.layers.2.0.projection.bias:lr_mult=0.1
2026/09/27 13:54:48 - mmengine - INFO - paramwise_options -- rgb_encoder.layers.2.0.norm.weight:lr=1e-05
2026/09/27 13:54:48 - mmengine - INFO - paramwise_options -- rgb_encoder.layers.2.0.norm.weight:weight_decay=0.01
2026/09/27 13:54:48 - mmengine - INFO - paramwise_options -- rgb_encoder.layers.2.0.norm.weight:lr_mult=0.1
2026/09/27 13:54:48 - mmengine - INFO - paramwise_options -- rgb_encoder.layers.2.0.norm.bias:lr=1e-05
2026/09/27 13:54:48 - mmengine - INFO - paramwise_options -- rgb_encoder.layers.2.0.norm.bias:weight_decay=0.01
2026/09/27 13:54:48 - mmengine - INFO - paramwise_options -- rgb_encoder.layers.2.0.norm.bias:lr_mult=0.1
2026/09/27 13:54:48 - mmengine - INFO - paramwise_options -- rgb_encoder.layers.2.1.0.norm1.weight:lr=1e-05
2026/09/27 13:54:48 - mmengine - INFO - paramwise_options -- rgb_encoder.layers.2.1.0.norm1.weight:weight_decay=0.01
2026/09/27 13:54:48 - mmengine - INFO - paramwise_options -- rgb_encoder.layers.2.1.0.norm1.weight:lr_mult=0.1
2026/09/27 13:54:48 - mmengine - INFO - paramwise_options -- rgb_encoder.layers.2.1.0.norm1.bias:lr=1e-05
2026/09/27 13:54:48 - mmengine - INFO - paramwise_options -- rgb_encoder.layers.2.1.0.norm1.bias:weight_decay=0.01
2026/09/27 13:54:48 - mmengine - INFO - paramwise_options -- rgb_encoder.layers.2.1.0.norm1.bias:lr_mult=0.1
2026/09/27 13:54:48 - mmengine - INFO - paramwise_options -- rgb_encoder.layers.2.1.0.attn.attn.in_proj_weight:lr=1e-05
2026/09/27 13:54:48 - mmengine - INFO - paramwise_options -- rgb_encoder.layers.2.1.0.attn.attn.in_proj_weight:weight_decay=0.01
2026/09/27 13:54:48 - mmengine - INFO - paramwise_options -- rgb_encoder.layers.2.1.0.attn.attn.in_proj_weight:lr_mult=0.1
2026/09/27 13:54:48 - mmengine - INFO - paramwise_options -- rgb_encoder.layers.2.1.0.attn.attn.in_proj_bias:lr=1e-05
2026/09/27 13:54:48 - mmengine - INFO - paramwise_options -- rgb_encoder.layers.2.1.0.attn.attn.in_proj_bias:weight_decay=0.01
2026/09/27 13:54:48 - mmengine - INFO - paramwise_options -- rgb_encoder.layers.2.1.0.attn.attn.in_proj_bias:lr_mult=0.1
2026/09/27 13:54:48 - mmengine - INFO - paramwise_options -- rgb_encoder.layers.2.1.0.attn.attn.out_proj.weight:lr=1e-05
2026/09/27 13:54:48 - mmengine - INFO - paramwise_options -- rgb_encoder.layers.2.1.0.attn.attn.out_proj.weight:weight_decay=0.01
2026/09/27 13:54:48 - mmengine - INFO - paramwise_options -- rgb_encoder.layers.2.1.0.attn.attn.out_proj.weight:lr_mult=0.1
2026/09/27 13:54:48 - mmengine - INFO - paramwise_options -- rgb_encoder.layers.2.1.0.attn.attn.out_proj.bias:lr=1e-05
2026/09/27 13:54:48 - mmengine - INFO - paramwise_options -- rgb_encoder.layers.2.1.0.attn.attn.out_proj.bias:weight_decay=0.01
2026/09/27 13:54:48 - mmengine - INFO - paramwise_options -- rgb_encoder.layers.2.1.0.attn.attn.out_proj.bias:lr_mult=0.1
2026/09/27 13:54:48 - mmengine - INFO - paramwise_options -- rgb_encoder.layers.2.1.0.attn.sr.weight:lr=1e-05
2026/09/27 13:54:48 - mmengine - INFO - paramwise_options -- rgb_encoder.layers.2.1.0.attn.sr.weight:weight_decay=0.01
2026/09/27 13:54:48 - mmengine - INFO - paramwise_options -- rgb_encoder.layers.2.1.0.attn.sr.weight:lr_mult=0.1
2026/09/27 13:54:48 - mmengine - INFO - paramwise_options -- rgb_encoder.layers.2.1.0.attn.sr.bias:lr=1e-05
2026/09/27 13:54:48 - mmengine - INFO - paramwise_options -- rgb_encoder.layers.2.1.0.attn.sr.bias:weight_decay=0.01
2026/09/27 13:54:48 - mmengine - INFO - paramwise_options -- rgb_encoder.layers.2.1.0.attn.sr.bias:lr_mult=0.1
2026/09/27 13:54:48 - mmengine - INFO - paramwise_options -- rgb_encoder.layers.2.1.0.attn.norm.weight:lr=1e-05
2026/09/27 13:54:48 - mmengine - INFO - paramwise_options -- rgb_encoder.layers.2.1.0.attn.norm.weight:weight_decay=0.01
2026/09/27 13:54:48 - mmengine - INFO - paramwise_options -- rgb_encoder.layers.2.1.0.attn.norm.weight:lr_mult=0.1
2026/09/27 13:54:48 - mmengine - INFO - paramwise_options -- rgb_encoder.layers.2.1.0.attn.norm.bias:lr=1e-05
2026/09/27 13:54:48 - mmengine - INFO - paramwise_options -- rgb_encoder.layers.2.1.0.attn.norm.bias:weight_decay=0.01
2026/09/27 13:54:48 - mmengine - INFO - paramwise_options -- rgb_encoder.layers.2.1.0.attn.norm.bias:lr_mult=0.1
2026/09/27 13:54:48 - mmengine - INFO - paramwise_options -- rgb_encoder.layers.2.1.0.norm2.weight:lr=1e-05
2026/09/27 13:54:48 - mmengine - INFO - paramwise_options -- rgb_encoder.layers.2.1.0.norm2.weight:weight_decay=0.01
2026/09/27 13:54:48 - mmengine - INFO - paramwise_options -- rgb_encoder.layers.2.1.0.norm2.weight:lr_mult=0.1
2026/09/27 13:54:48 - mmengine - INFO - paramwise_options -- rgb_encoder.layers.2.1.0.norm2.bias:lr=1e-05
2026/09/27 13:54:48 - mmengine - INFO - paramwise_options -- rgb_encoder.layers.2.1.0.norm2.bias:weight_decay=0.01
2026/09/27 13:54:48 - mmengine - INFO - paramwise_options -- rgb_encoder.layers.2.1.0.norm2.bias:lr_mult=0.1
2026/09/27 13:54:48 - mmengine - INFO - paramwise_options -- rgb_encoder.layers.2.1.0.ffn.layers.0.weight:lr=1e-05
2026/09/27 13:54:48 - mmengine - INFO - paramwise_options -- rgb_encoder.layers.2.1.0.ffn.layers.0.weight:weight_decay=0.01
2026/09/27 13:54:48 - mmengine - INFO - paramwise_options -- rgb_encoder.layers.2.1.0.ffn.layers.0.weight:lr_mult=0.1
2026/09/27 13:54:48 - mmengine - INFO - paramwise_options -- rgb_encoder.layers.2.1.0.ffn.layers.0.bias:lr=1e-05
2026/09/27 13:54:48 - mmengine - INFO - paramwise_options -- rgb_encoder.layers.2.1.0.ffn.layers.0.bias:weight_decay=0.01
2026/09/27 13:54:48 - mmengine - INFO - paramwise_options -- rgb_encoder.layers.2.1.0.ffn.layers.0.bias:lr_mult=0.1
2026/09/27 13:54:48 - mmengine - INFO - paramwise_options -- rgb_encoder.layers.2.1.0.ffn.layers.1.weight:lr=1e-05
2026/09/27 13:54:48 - mmengine - INFO - paramwise_options -- rgb_encoder.layers.2.1.0.ffn.layers.1.weight:weight_decay=0.01
2026/09/27 13:54:48 - mmengine - INFO - paramwise_options -- rgb_encoder.layers.2.1.0.ffn.layers.1.weight:lr_mult=0.1
2026/09/27 13:54:48 - mmengine - INFO - paramwise_options -- rgb_encoder.layers.2.1.0.ffn.layers.1.bias:lr=1e-05
2026/09/27 13:54:48 - mmengine - INFO - paramwise_options -- rgb_encoder.layers.2.1.0.ffn.layers.1.bias:weight_decay=0.01
2026/09/27 13:54:48 - mmengine - INFO - paramwise_options -- rgb_encoder.layers.2.1.0.ffn.layers.1.bias:lr_mult=0.1
2026/09/27 13:54:48 - mmengine - INFO - paramwise_options -- rgb_encoder.layers.2.1.0.ffn.layers.4.weight:lr=1e-05
2026/09/27 13:54:48 - mmengine - INFO - paramwise_options -- rgb_encoder.layers.2.1.0.ffn.layers.4.weight:weight_decay=0.01
2026/09/27 13:54:48 - mmengine - INFO - paramwise_options -- rgb_encoder.layers.2.1.0.ffn.layers.4.weight:lr_mult=0.1
2026/09/27 13:54:48 - mmengine - INFO - paramwise_options -- rgb_encoder.layers.2.1.0.ffn.layers.4.bias:lr=1e-05
2026/09/27 13:54:48 - mmengine - INFO - paramwise_options -- rgb_encoder.layers.2.1.0.ffn.layers.4.bias:weight_decay=0.01
2026/09/27 13:54:48 - mmengine - INFO - paramwise_options -- rgb_encoder.layers.2.1.0.ffn.layers.4.bias:lr_mult=0.1
2026/09/27 13:54:48 - mmengine - INFO - paramwise_options -- rgb_encoder.layers.2.1.1.norm1.weight:lr=1e-05
2026/09/27 13:54:48 - mmengine - INFO - paramwise_options -- rgb_encoder.layers.2.1.1.norm1.weight:weight_decay=0.01
2026/09/27 13:54:48 - mmengine - INFO - paramwise_options -- rgb_encoder.layers.2.1.1.norm1.weight:lr_mult=0.1
2026/09/27 13:54:48 - mmengine - INFO - paramwise_options -- rgb_encoder.layers.2.1.1.norm1.bias:lr=1e-05
2026/09/27 13:54:48 - mmengine - INFO - paramwise_options -- rgb_encoder.layers.2.1.1.norm1.bias:weight_decay=0.01
2026/09/27 13:54:48 - mmengine - INFO - paramwise_options -- rgb_encoder.layers.2.1.1.norm1.bias:lr_mult=0.1
2026/09/27 13:54:48 - mmengine - INFO - paramwise_options -- rgb_encoder.layers.2.1.1.attn.attn.in_proj_weight:lr=1e-05
2026/09/27 13:54:48 - mmengine - INFO - paramwise_options -- rgb_encoder.layers.2.1.1.attn.attn.in_proj_weight:weight_decay=0.01
2026/09/27 13:54:48 - mmengine - INFO - paramwise_options -- rgb_encoder.layers.2.1.1.attn.attn.in_proj_weight:lr_mult=0.1
2026/09/27 13:54:48 - mmengine - INFO - paramwise_options -- rgb_encoder.layers.2.1.1.attn.attn.in_proj_bias:lr=1e-05
2026/09/27 13:54:48 - mmengine - INFO - paramwise_options -- rgb_encoder.layers.2.1.1.attn.attn.in_proj_bias:weight_decay=0.01
2026/09/27 13:54:48 - mmengine - INFO - paramwise_options -- rgb_encoder.layers.2.1.1.attn.attn.in_proj_bias:lr_mult=0.1
2026/09/27 13:54:48 - mmengine - INFO - paramwise_options -- rgb_encoder.layers.2.1.1.attn.attn.out_proj.weight:lr=1e-05
2026/09/27 13:54:48 - mmengine - INFO - paramwise_options -- rgb_encoder.layers.2.1.1.attn.attn.out_proj.weight:weight_decay=0.01
2026/09/27 13:54:48 - mmengine - INFO - paramwise_options -- rgb_encoder.layers.2.1.1.attn.attn.out_proj.weight:lr_mult=0.1
2026/09/27 13:54:48 - mmengine - INFO - paramwise_options -- rgb_encoder.layers.2.1.1.attn.attn.out_proj.bias:lr=1e-05
2026/09/27 13:54:48 - mmengine - INFO - paramwise_options -- rgb_encoder.layers.2.1.1.attn.attn.out_proj.bias:weight_decay=0.01
2026/09/27 13:54:48 - mmengine - INFO - paramwise_options -- rgb_encoder.layers.2.1.1.attn.attn.out_proj.bias:lr_mult=0.1
2026/09/27 13:54:48 - mmengine - INFO - paramwise_options -- rgb_encoder.layers.2.1.1.attn.sr.weight:lr=1e-05
2026/09/27 13:54:48 - mmengine - INFO - paramwise_options -- rgb_encoder.layers.2.1.1.attn.sr.weight:weight_decay=0.01
2026/09/27 13:54:48 - mmengine - INFO - paramwise_options -- rgb_encoder.layers.2.1.1.attn.sr.weight:lr_mult=0.1
2026/09/27 13:54:48 - mmengine - INFO - paramwise_options -- rgb_encoder.layers.2.1.1.attn.sr.bias:lr=1e-05
2026/09/27 13:54:48 - mmengine - INFO - paramwise_options -- rgb_encoder.layers.2.1.1.attn.sr.bias:weight_decay=0.01
2026/09/27 13:54:48 - mmengine - INFO - paramwise_options -- rgb_encoder.layers.2.1.1.attn.sr.bias:lr_mult=0.1
2026/09/27 13:54:48 - mmengine - INFO - paramwise_options -- rgb_encoder.layers.2.1.1.attn.norm.weight:lr=1e-05
2026/09/27 13:54:48 - mmengine - INFO - paramwise_options -- rgb_encoder.layers.2.1.1.attn.norm.weight:weight_decay=0.01
2026/09/27 13:54:48 - mmengine - INFO - paramwise_options -- rgb_encoder.layers.2.1.1.attn.norm.weight:lr_mult=0.1
2026/09/27 13:54:48 - mmengine - INFO - paramwise_options -- rgb_encoder.layers.2.1.1.attn.norm.bias:lr=1e-05
2026/09/27 13:54:48 - mmengine - INFO - paramwise_options -- rgb_encoder.layers.2.1.1.attn.norm.bias:weight_decay=0.01
2026/09/27 13:54:48 - mmengine - INFO - paramwise_options -- rgb_encoder.layers.2.1.1.attn.norm.bias:lr_mult=0.1
2026/09/27 13:54:48 - mmengine - INFO - paramwise_options -- rgb_encoder.layers.2.1.1.norm2.weight:lr=1e-05
2026/09/27 13:54:48 - mmengine - INFO - paramwise_options -- rgb_encoder.layers.2.1.1.norm2.weight:weight_decay=0.01
2026/09/27 13:54:48 - mmengine - INFO - paramwise_options -- rgb_encoder.layers.2.1.1.norm2.weight:lr_mult=0.1
2026/09/27 13:54:48 - mmengine - INFO - paramwise_options -- rgb_encoder.layers.2.1.1.norm2.bias:lr=1e-05
2026/09/27 13:54:48 - mmengine - INFO - paramwise_options -- rgb_encoder.layers.2.1.1.norm2.bias:weight_decay=0.01
2026/09/27 13:54:48 - mmengine - INFO - paramwise_options -- rgb_encoder.layers.2.1.1.norm2.bias:lr_mult=0.1
2026/09/27 13:54:48 - mmengine - INFO - paramwise_options -- rgb_encoder.layers.2.1.1.ffn.layers.0.weight:lr=1e-05
2026/09/27 13:54:48 - mmengine - INFO - paramwise_options -- rgb_encoder.layers.2.1.1.ffn.layers.0.weight:weight_decay=0.01
2026/09/27 13:54:48 - mmengine - INFO - paramwise_options -- rgb_encoder.layers.2.1.1.ffn.layers.0.weight:lr_mult=0.1
2026/09/27 13:54:48 - mmengine - INFO - paramwise_options -- rgb_encoder.layers.2.1.1.ffn.layers.0.bias:lr=1e-05
2026/09/27 13:54:48 - mmengine - INFO - paramwise_options -- rgb_encoder.layers.2.1.1.ffn.layers.0.bias:weight_decay=0.01
2026/09/27 13:54:48 - mmengine - INFO - paramwise_options -- rgb_encoder.layers.2.1.1.ffn.layers.0.bias:lr_mult=0.1
2026/09/27 13:54:48 - mmengine - INFO - paramwise_options -- rgb_encoder.layers.2.1.1.ffn.layers.1.weight:lr=1e-05
2026/09/27 13:54:48 - mmengine - INFO - paramwise_options -- rgb_encoder.layers.2.1.1.ffn.layers.1.weight:weight_decay=0.01
2026/09/27 13:54:48 - mmengine - INFO - paramwise_options -- rgb_encoder.layers.2.1.1.ffn.layers.1.weight:lr_mult=0.1
2026/09/27 13:54:48 - mmengine - INFO - paramwise_options -- rgb_encoder.layers.2.1.1.ffn.layers.1.bias:lr=1e-05
2026/09/27 13:54:48 - mmengine - INFO - paramwise_options -- rgb_encoder.layers.2.1.1.ffn.layers.1.bias:weight_decay=0.01
2026/09/27 13:54:48 - mmengine - INFO - paramwise_options -- rgb_encoder.layers.2.1.1.ffn.layers.1.bias:lr_mult=0.1
2026/09/27 13:54:48 - mmengine - INFO - paramwise_options -- rgb_encoder.layers.2.1.1.ffn.layers.4.weight:lr=1e-05
2026/09/27 13:54:48 - mmengine - INFO - paramwise_options -- rgb_encoder.layers.2.1.1.ffn.layers.4.weight:weight_decay=0.01
2026/09/27 13:54:48 - mmengine - INFO - paramwise_options -- rgb_encoder.layers.2.1.1.ffn.layers.4.weight:lr_mult=0.1
2026/09/27 13:54:48 - mmengine - INFO - paramwise_options -- rgb_encoder.layers.2.1.1.ffn.layers.4.bias:lr=1e-05
2026/09/27 13:54:48 - mmengine - INFO - paramwise_options -- rgb_encoder.layers.2.1.1.ffn.layers.4.bias:weight_decay=0.01
2026/09/27 13:54:48 - mmengine - INFO - paramwise_options -- rgb_encoder.layers.2.1.1.ffn.layers.4.bias:lr_mult=0.1
2026/09/27 13:54:48 - mmengine - INFO - paramwise_options -- rgb_encoder.layers.2.1.2.norm1.weight:lr=1e-05
2026/09/27 13:54:48 - mmengine - INFO - paramwise_options -- rgb_encoder.layers.2.1.2.norm1.weight:weight_decay=0.01
2026/09/27 13:54:48 - mmengine - INFO - paramwise_options -- rgb_encoder.layers.2.1.2.norm1.weight:lr_mult=0.1
2026/09/27 13:54:48 - mmengine - INFO - paramwise_options -- rgb_encoder.layers.2.1.2.norm1.bias:lr=1e-05
2026/09/27 13:54:48 - mmengine - INFO - paramwise_options -- rgb_encoder.layers.2.1.2.norm1.bias:weight_decay=0.01
2026/09/27 13:54:48 - mmengine - INFO - paramwise_options -- rgb_encoder.layers.2.1.2.norm1.bias:lr_mult=0.1
2026/09/27 13:54:48 - mmengine - INFO - paramwise_options -- rgb_encoder.layers.2.1.2.attn.attn.in_proj_weight:lr=1e-05
2026/09/27 13:54:48 - mmengine - INFO - paramwise_options -- rgb_encoder.layers.2.1.2.attn.attn.in_proj_weight:weight_decay=0.01
2026/09/27 13:54:48 - mmengine - INFO - paramwise_options -- rgb_encoder.layers.2.1.2.attn.attn.in_proj_weight:lr_mult=0.1
2026/09/27 13:54:48 - mmengine - INFO - paramwise_options -- rgb_encoder.layers.2.1.2.attn.attn.in_proj_bias:lr=1e-05
2026/09/27 13:54:48 - mmengine - INFO - paramwise_options -- rgb_encoder.layers.2.1.2.attn.attn.in_proj_bias:weight_decay=0.01
2026/09/27 13:54:48 - mmengine - INFO - paramwise_options -- rgb_encoder.layers.2.1.2.attn.attn.in_proj_bias:lr_mult=0.1
2026/09/27 13:54:48 - mmengine - INFO - paramwise_options -- rgb_encoder.layers.2.1.2.attn.attn.out_proj.weight:lr=1e-05
2026/09/27 13:54:48 - mmengine - INFO - paramwise_options -- rgb_encoder.layers.2.1.2.attn.attn.out_proj.weight:weight_decay=0.01
2026/09/27 13:54:48 - mmengine - INFO - paramwise_options -- rgb_encoder.layers.2.1.2.attn.attn.out_proj.weight:lr_mult=0.1
2026/09/27 13:54:48 - mmengine - INFO - paramwise_options -- rgb_encoder.layers.2.1.2.attn.attn.out_proj.bias:lr=1e-05
2026/09/27 13:54:48 - mmengine - INFO - paramwise_options -- rgb_encoder.layers.2.1.2.attn.attn.out_proj.bias:weight_decay=0.01
2026/09/27 13:54:48 - mmengine - INFO - paramwise_options -- rgb_encoder.layers.2.1.2.attn.attn.out_proj.bias:lr_mult=0.1
2026/09/27 13:54:48 - mmengine - INFO - paramwise_options -- rgb_encoder.layers.2.1.2.attn.sr.weight:lr=1e-05
2026/09/27 13:54:48 - mmengine - INFO - paramwise_options -- rgb_encoder.layers.2.1.2.attn.sr.weight:weight_decay=0.01
2026/09/27 13:54:48 - mmengine - INFO - paramwise_options -- rgb_encoder.layers.2.1.2.attn.sr.weight:lr_mult=0.1
2026/09/27 13:54:48 - mmengine - INFO - paramwise_options -- rgb_encoder.layers.2.1.2.attn.sr.bias:lr=1e-05
2026/09/27 13:54:48 - mmengine - INFO - paramwise_options -- rgb_encoder.layers.2.1.2.attn.sr.bias:weight_decay=0.01
2026/09/27 13:54:48 - mmengine - INFO - paramwise_options -- rgb_encoder.layers.2.1.2.attn.sr.bias:lr_mult=0.1
2026/09/27 13:54:48 - mmengine - INFO - paramwise_options -- rgb_encoder.layers.2.1.2.attn.norm.weight:lr=1e-05
2026/09/27 13:54:48 - mmengine - INFO - paramwise_options -- rgb_encoder.layers.2.1.2.attn.norm.weight:weight_decay=0.01
2026/09/27 13:54:48 - mmengine - INFO - paramwise_options -- rgb_encoder.layers.2.1.2.attn.norm.weight:lr_mult=0.1
2026/09/27 13:54:48 - mmengine - INFO - paramwise_options -- rgb_encoder.layers.2.1.2.attn.norm.bias:lr=1e-05
2026/09/27 13:54:48 - mmengine - INFO - paramwise_options -- rgb_encoder.layers.2.1.2.attn.norm.bias:weight_decay=0.01
2026/09/27 13:54:48 - mmengine - INFO - paramwise_options -- rgb_encoder.layers.2.1.2.attn.norm.bias:lr_mult=0.1
2026/09/27 13:54:48 - mmengine - INFO - paramwise_options -- rgb_encoder.layers.2.1.2.norm2.weight:lr=1e-05
2026/09/27 13:54:48 - mmengine - INFO - paramwise_options -- rgb_encoder.layers.2.1.2.norm2.weight:weight_decay=0.01
2026/09/27 13:54:48 - mmengine - INFO - paramwise_options -- rgb_encoder.layers.2.1.2.norm2.weight:lr_mult=0.1
2026/09/27 13:54:48 - mmengine - INFO - paramwise_options -- rgb_encoder.layers.2.1.2.norm2.bias:lr=1e-05
2026/09/27 13:54:48 - mmengine - INFO - paramwise_options -- rgb_encoder.layers.2.1.2.norm2.bias:weight_decay=0.01
2026/09/27 13:54:48 - mmengine - INFO - paramwise_options -- rgb_encoder.layers.2.1.2.norm2.bias:lr_mult=0.1
2026/09/27 13:54:48 - mmengine - INFO - paramwise_options -- rgb_encoder.layers.2.1.2.ffn.layers.0.weight:lr=1e-05
2026/09/27 13:54:48 - mmengine - INFO - paramwise_options -- rgb_encoder.layers.2.1.2.ffn.layers.0.weight:weight_decay=0.01
2026/09/27 13:54:48 - mmengine - INFO - paramwise_options -- rgb_encoder.layers.2.1.2.ffn.layers.0.weight:lr_mult=0.1
2026/09/27 13:54:48 - mmengine - INFO - paramwise_options -- rgb_encoder.layers.2.1.2.ffn.layers.0.bias:lr=1e-05
2026/09/27 13:54:48 - mmengine - INFO - paramwise_options -- rgb_encoder.layers.2.1.2.ffn.layers.0.bias:weight_decay=0.01
2026/09/27 13:54:48 - mmengine - INFO - paramwise_options -- rgb_encoder.layers.2.1.2.ffn.layers.0.bias:lr_mult=0.1
2026/09/27 13:54:48 - mmengine - INFO - paramwise_options -- rgb_encoder.layers.2.1.2.ffn.layers.1.weight:lr=1e-05
2026/09/27 13:54:48 - mmengine - INFO - paramwise_options -- rgb_encoder.layers.2.1.2.ffn.layers.1.weight:weight_decay=0.01
2026/09/27 13:54:48 - mmengine - INFO - paramwise_options -- rgb_encoder.layers.2.1.2.ffn.layers.1.weight:lr_mult=0.1
2026/09/27 13:54:48 - mmengine - INFO - paramwise_options -- rgb_encoder.layers.2.1.2.ffn.layers.1.bias:lr=1e-05
2026/09/27 13:54:48 - mmengine - INFO - paramwise_options -- rgb_encoder.layers.2.1.2.ffn.layers.1.bias:weight_decay=0.01
2026/09/27 13:54:48 - mmengine - INFO - paramwise_options -- rgb_encoder.layers.2.1.2.ffn.layers.1.bias:lr_mult=0.1
2026/09/27 13:54:48 - mmengine - INFO - paramwise_options -- rgb_encoder.layers.2.1.2.ffn.layers.4.weight:lr=1e-05
2026/09/27 13:54:48 - mmengine - INFO - paramwise_options -- rgb_encoder.layers.2.1.2.ffn.layers.4.weight:weight_decay=0.01
2026/09/27 13:54:48 - mmengine - INFO - paramwise_options -- rgb_encoder.layers.2.1.2.ffn.layers.4.weight:lr_mult=0.1
2026/09/27 13:54:48 - mmengine - INFO - paramwise_options -- rgb_encoder.layers.2.1.2.ffn.layers.4.bias:lr=1e-05
2026/09/27 13:54:48 - mmengine - INFO - paramwise_options -- rgb_encoder.layers.2.1.2.ffn.layers.4.bias:weight_decay=0.01
2026/09/27 13:54:48 - mmengine - INFO - paramwise_options -- rgb_encoder.layers.2.1.2.ffn.layers.4.bias:lr_mult=0.1
2026/09/27 13:54:48 - mmengine - INFO - paramwise_options -- rgb_encoder.layers.2.1.3.norm1.weight:lr=1e-05
2026/09/27 13:54:48 - mmengine - INFO - paramwise_options -- rgb_encoder.layers.2.1.3.norm1.weight:weight_decay=0.01
2026/09/27 13:54:48 - mmengine - INFO - paramwise_options -- rgb_encoder.layers.2.1.3.norm1.weight:lr_mult=0.1
2026/09/27 13:54:48 - mmengine - INFO - paramwise_options -- rgb_encoder.layers.2.1.3.norm1.bias:lr=1e-05
2026/09/27 13:54:48 - mmengine - INFO - paramwise_options -- rgb_encoder.layers.2.1.3.norm1.bias:weight_decay=0.01
2026/09/27 13:54:48 - mmengine - INFO - paramwise_options -- rgb_encoder.layers.2.1.3.norm1.bias:lr_mult=0.1
2026/09/27 13:54:48 - mmengine - INFO - paramwise_options -- rgb_encoder.layers.2.1.3.attn.attn.in_proj_weight:lr=1e-05
2026/09/27 13:54:48 - mmengine - INFO - paramwise_options -- rgb_encoder.layers.2.1.3.attn.attn.in_proj_weight:weight_decay=0.01
2026/09/27 13:54:48 - mmengine - INFO - paramwise_options -- rgb_encoder.layers.2.1.3.attn.attn.in_proj_weight:lr_mult=0.1
2026/09/27 13:54:48 - mmengine - INFO - paramwise_options -- rgb_encoder.layers.2.1.3.attn.attn.in_proj_bias:lr=1e-05
2026/09/27 13:54:48 - mmengine - INFO - paramwise_options -- rgb_encoder.layers.2.1.3.attn.attn.in_proj_bias:weight_decay=0.01
2026/09/27 13:54:48 - mmengine - INFO - paramwise_options -- rgb_encoder.layers.2.1.3.attn.attn.in_proj_bias:lr_mult=0.1
2026/09/27 13:54:48 - mmengine - INFO - paramwise_options -- rgb_encoder.layers.2.1.3.attn.attn.out_proj.weight:lr=1e-05
2026/09/27 13:54:48 - mmengine - INFO - paramwise_options -- rgb_encoder.layers.2.1.3.attn.attn.out_proj.weight:weight_decay=0.01
2026/09/27 13:54:48 - mmengine - INFO - paramwise_options -- rgb_encoder.layers.2.1.3.attn.attn.out_proj.weight:lr_mult=0.1
2026/09/27 13:54:48 - mmengine - INFO - paramwise_options -- rgb_encoder.layers.2.1.3.attn.attn.out_proj.bias:lr=1e-05
2026/09/27 13:54:48 - mmengine - INFO - paramwise_options -- rgb_encoder.layers.2.1.3.attn.attn.out_proj.bias:weight_decay=0.01
2026/09/27 13:54:48 - mmengine - INFO - paramwise_options -- rgb_encoder.layers.2.1.3.attn.attn.out_proj.bias:lr_mult=0.1
2026/09/27 13:54:48 - mmengine - INFO - paramwise_options -- rgb_encoder.layers.2.1.3.attn.sr.weight:lr=1e-05
2026/09/27 13:54:48 - mmengine - INFO - paramwise_options -- rgb_encoder.layers.2.1.3.attn.sr.weight:weight_decay=0.01
2026/09/27 13:54:48 - mmengine - INFO - paramwise_options -- rgb_encoder.layers.2.1.3.attn.sr.weight:lr_mult=0.1
2026/09/27 13:54:48 - mmengine - INFO - paramwise_options -- rgb_encoder.layers.2.1.3.attn.sr.bias:lr=1e-05
2026/09/27 13:54:48 - mmengine - INFO - paramwise_options -- rgb_encoder.layers.2.1.3.attn.sr.bias:weight_decay=0.01
2026/09/27 13:54:48 - mmengine - INFO - paramwise_options -- rgb_encoder.layers.2.1.3.attn.sr.bias:lr_mult=0.1
2026/09/27 13:54:48 - mmengine - INFO - paramwise_options -- rgb_encoder.layers.2.1.3.attn.norm.weight:lr=1e-05
2026/09/27 13:54:48 - mmengine - INFO - paramwise_options -- rgb_encoder.layers.2.1.3.attn.norm.weight:weight_decay=0.01
2026/09/27 13:54:48 - mmengine - INFO - paramwise_options -- rgb_encoder.layers.2.1.3.attn.norm.weight:lr_mult=0.1
2026/09/27 13:54:48 - mmengine - INFO - paramwise_options -- rgb_encoder.layers.2.1.3.attn.norm.bias:lr=1e-05
2026/09/27 13:54:48 - mmengine - INFO - paramwise_options -- rgb_encoder.layers.2.1.3.attn.norm.bias:weight_decay=0.01
2026/09/27 13:54:48 - mmengine - INFO - paramwise_options -- rgb_encoder.layers.2.1.3.attn.norm.bias:lr_mult=0.1
2026/09/27 13:54:48 - mmengine - INFO - paramwise_options -- rgb_encoder.layers.2.1.3.norm2.weight:lr=1e-05
2026/09/27 13:54:48 - mmengine - INFO - paramwise_options -- rgb_encoder.layers.2.1.3.norm2.weight:weight_decay=0.01
2026/09/27 13:54:48 - mmengine - INFO - paramwise_options -- rgb_encoder.layers.2.1.3.norm2.weight:lr_mult=0.1
2026/09/27 13:54:48 - mmengine - INFO - paramwise_options -- rgb_encoder.layers.2.1.3.norm2.bias:lr=1e-05
2026/09/27 13:54:48 - mmengine - INFO - paramwise_options -- rgb_encoder.layers.2.1.3.norm2.bias:weight_decay=0.01
2026/09/27 13:54:48 - mmengine - INFO - paramwise_options -- rgb_encoder.layers.2.1.3.norm2.bias:lr_mult=0.1
2026/09/27 13:54:48 - mmengine - INFO - paramwise_options -- rgb_encoder.layers.2.1.3.ffn.layers.0.weight:lr=1e-05
2026/09/27 13:54:48 - mmengine - INFO - paramwise_options -- rgb_encoder.layers.2.1.3.ffn.layers.0.weight:weight_decay=0.01
2026/09/27 13:54:48 - mmengine - INFO - paramwise_options -- rgb_encoder.layers.2.1.3.ffn.layers.0.weight:lr_mult=0.1
2026/09/27 13:54:48 - mmengine - INFO - paramwise_options -- rgb_encoder.layers.2.1.3.ffn.layers.0.bias:lr=1e-05
2026/09/27 13:54:48 - mmengine - INFO - paramwise_options -- rgb_encoder.layers.2.1.3.ffn.layers.0.bias:weight_decay=0.01
2026/09/27 13:54:48 - mmengine - INFO - paramwise_options -- rgb_encoder.layers.2.1.3.ffn.layers.0.bias:lr_mult=0.1
2026/09/27 13:54:48 - mmengine - INFO - paramwise_options -- rgb_encoder.layers.2.1.3.ffn.layers.1.weight:lr=1e-05
2026/09/27 13:54:48 - mmengine - INFO - paramwise_options -- rgb_encoder.layers.2.1.3.ffn.layers.1.weight:weight_decay=0.01
2026/09/27 13:54:48 - mmengine - INFO - paramwise_options -- rgb_encoder.layers.2.1.3.ffn.layers.1.weight:lr_mult=0.1
2026/09/27 13:54:48 - mmengine - INFO - paramwise_options -- rgb_encoder.layers.2.1.3.ffn.layers.1.bias:lr=1e-05
2026/09/27 13:54:48 - mmengine - INFO - paramwise_options -- rgb_encoder.layers.2.1.3.ffn.layers.1.bias:weight_decay=0.01
2026/09/27 13:54:48 - mmengine - INFO - paramwise_options -- rgb_encoder.layers.2.1.3.ffn.layers.1.bias:lr_mult=0.1
2026/09/27 13:54:48 - mmengine - INFO - paramwise_options -- rgb_encoder.layers.2.1.3.ffn.layers.4.weight:lr=1e-05
2026/09/27 13:54:48 - mmengine - INFO - paramwise_options -- rgb_encoder.layers.2.1.3.ffn.layers.4.weight:weight_decay=0.01
2026/09/27 13:54:48 - mmengine - INFO - paramwise_options -- rgb_encoder.layers.2.1.3.ffn.layers.4.weight:lr_mult=0.1
2026/09/27 13:54:48 - mmengine - INFO - paramwise_options -- rgb_encoder.layers.2.1.3.ffn.layers.4.bias:lr=1e-05
2026/09/27 13:54:48 - mmengine - INFO - paramwise_options -- rgb_encoder.layers.2.1.3.ffn.layers.4.bias:weight_decay=0.01
2026/09/27 13:54:48 - mmengine - INFO - paramwise_options -- rgb_encoder.layers.2.1.3.ffn.layers.4.bias:lr_mult=0.1
2026/09/27 13:54:48 - mmengine - INFO - paramwise_options -- rgb_encoder.layers.2.1.4.norm1.weight:lr=1e-05
2026/09/27 13:54:48 - mmengine - INFO - paramwise_options -- rgb_encoder.layers.2.1.4.norm1.weight:weight_decay=0.01
2026/09/27 13:54:48 - mmengine - INFO - paramwise_options -- rgb_encoder.layers.2.1.4.norm1.weight:lr_mult=0.1
2026/09/27 13:54:48 - mmengine - INFO - paramwise_options -- rgb_encoder.layers.2.1.4.norm1.bias:lr=1e-05
2026/09/27 13:54:48 - mmengine - INFO - paramwise_options -- rgb_encoder.layers.2.1.4.norm1.bias:weight_decay=0.01
2026/09/27 13:54:48 - mmengine - INFO - paramwise_options -- rgb_encoder.layers.2.1.4.norm1.bias:lr_mult=0.1
2026/09/27 13:54:48 - mmengine - INFO - paramwise_options -- rgb_encoder.layers.2.1.4.attn.attn.in_proj_weight:lr=1e-05
2026/09/27 13:54:48 - mmengine - INFO - paramwise_options -- rgb_encoder.layers.2.1.4.attn.attn.in_proj_weight:weight_decay=0.01
2026/09/27 13:54:48 - mmengine - INFO - paramwise_options -- rgb_encoder.layers.2.1.4.attn.attn.in_proj_weight:lr_mult=0.1
2026/09/27 13:54:48 - mmengine - INFO - paramwise_options -- rgb_encoder.layers.2.1.4.attn.attn.in_proj_bias:lr=1e-05
2026/09/27 13:54:48 - mmengine - INFO - paramwise_options -- rgb_encoder.layers.2.1.4.attn.attn.in_proj_bias:weight_decay=0.01
2026/09/27 13:54:48 - mmengine - INFO - paramwise_options -- rgb_encoder.layers.2.1.4.attn.attn.in_proj_bias:lr_mult=0.1
2026/09/27 13:54:48 - mmengine - INFO - paramwise_options -- rgb_encoder.layers.2.1.4.attn.attn.out_proj.weight:lr=1e-05
2026/09/27 13:54:48 - mmengine - INFO - paramwise_options -- rgb_encoder.layers.2.1.4.attn.attn.out_proj.weight:weight_decay=0.01
2026/09/27 13:54:48 - mmengine - INFO - paramwise_options -- rgb_encoder.layers.2.1.4.attn.attn.out_proj.weight:lr_mult=0.1
2026/09/27 13:54:48 - mmengine - INFO - paramwise_options -- rgb_encoder.layers.2.1.4.attn.attn.out_proj.bias:lr=1e-05
2026/09/27 13:54:48 - mmengine - INFO - paramwise_options -- rgb_encoder.layers.2.1.4.attn.attn.out_proj.bias:weight_decay=0.01
2026/09/27 13:54:48 - mmengine - INFO - paramwise_options -- rgb_encoder.layers.2.1.4.attn.attn.out_proj.bias:lr_mult=0.1
2026/09/27 13:54:48 - mmengine - INFO - paramwise_options -- rgb_encoder.layers.2.1.4.attn.sr.weight:lr=1e-05
2026/09/27 13:54:48 - mmengine - INFO - paramwise_options -- rgb_encoder.layers.2.1.4.attn.sr.weight:weight_decay=0.01
2026/09/27 13:54:48 - mmengine - INFO - paramwise_options -- rgb_encoder.layers.2.1.4.attn.sr.weight:lr_mult=0.1
2026/09/27 13:54:48 - mmengine - INFO - paramwise_options -- rgb_encoder.layers.2.1.4.attn.sr.bias:lr=1e-05
2026/09/27 13:54:48 - mmengine - INFO - paramwise_options -- rgb_encoder.layers.2.1.4.attn.sr.bias:weight_decay=0.01
2026/09/27 13:54:48 - mmengine - INFO - paramwise_options -- rgb_encoder.layers.2.1.4.attn.sr.bias:lr_mult=0.1
2026/09/27 13:54:48 - mmengine - INFO - paramwise_options -- rgb_encoder.layers.2.1.4.attn.norm.weight:lr=1e-05
2026/09/27 13:54:48 - mmengine - INFO - paramwise_options -- rgb_encoder.layers.2.1.4.attn.norm.weight:weight_decay=0.01
2026/09/27 13:54:48 - mmengine - INFO - paramwise_options -- rgb_encoder.layers.2.1.4.attn.norm.weight:lr_mult=0.1
2026/09/27 13:54:48 - mmengine - INFO - paramwise_options -- rgb_encoder.layers.2.1.4.attn.norm.bias:lr=1e-05
2026/09/27 13:54:48 - mmengine - INFO - paramwise_options -- rgb_encoder.layers.2.1.4.attn.norm.bias:weight_decay=0.01
2026/09/27 13:54:48 - mmengine - INFO - paramwise_options -- rgb_encoder.layers.2.1.4.attn.norm.bias:lr_mult=0.1
2026/09/27 13:54:48 - mmengine - INFO - paramwise_options -- rgb_encoder.layers.2.1.4.norm2.weight:lr=1e-05
2026/09/27 13:54:48 - mmengine - INFO - paramwise_options -- rgb_encoder.layers.2.1.4.norm2.weight:weight_decay=0.01
2026/09/27 13:54:48 - mmengine - INFO - paramwise_options -- rgb_encoder.layers.2.1.4.norm2.weight:lr_mult=0.1
2026/09/27 13:54:48 - mmengine - INFO - paramwise_options -- rgb_encoder.layers.2.1.4.norm2.bias:lr=1e-05
2026/09/27 13:54:48 - mmengine - INFO - paramwise_options -- rgb_encoder.layers.2.1.4.norm2.bias:weight_decay=0.01
2026/09/27 13:54:48 - mmengine - INFO - paramwise_options -- rgb_encoder.layers.2.1.4.norm2.bias:lr_mult=0.1
2026/09/27 13:54:48 - mmengine - INFO - paramwise_options -- rgb_encoder.layers.2.1.4.ffn.layers.0.weight:lr=1e-05
2026/09/27 13:54:48 - mmengine - INFO - paramwise_options -- rgb_encoder.layers.2.1.4.ffn.layers.0.weight:weight_decay=0.01
2026/09/27 13:54:48 - mmengine - INFO - paramwise_options -- rgb_encoder.layers.2.1.4.ffn.layers.0.weight:lr_mult=0.1
2026/09/27 13:54:48 - mmengine - INFO - paramwise_options -- rgb_encoder.layers.2.1.4.ffn.layers.0.bias:lr=1e-05
2026/09/27 13:54:48 - mmengine - INFO - paramwise_options -- rgb_encoder.layers.2.1.4.ffn.layers.0.bias:weight_decay=0.01
2026/09/27 13:54:48 - mmengine - INFO - paramwise_options -- rgb_encoder.layers.2.1.4.ffn.layers.0.bias:lr_mult=0.1
2026/09/27 13:54:48 - mmengine - INFO - paramwise_options -- rgb_encoder.layers.2.1.4.ffn.layers.1.weight:lr=1e-05
2026/09/27 13:54:48 - mmengine - INFO - paramwise_options -- rgb_encoder.layers.2.1.4.ffn.layers.1.weight:weight_decay=0.01
2026/09/27 13:54:48 - mmengine - INFO - paramwise_options -- rgb_encoder.layers.2.1.4.ffn.layers.1.weight:lr_mult=0.1
2026/09/27 13:54:48 - mmengine - INFO - paramwise_options -- rgb_encoder.layers.2.1.4.ffn.layers.1.bias:lr=1e-05
2026/09/27 13:54:48 - mmengine - INFO - paramwise_options -- rgb_encoder.layers.2.1.4.ffn.layers.1.bias:weight_decay=0.01
2026/09/27 13:54:48 - mmengine - INFO - paramwise_options -- rgb_encoder.layers.2.1.4.ffn.layers.1.bias:lr_mult=0.1
2026/09/27 13:54:48 - mmengine - INFO - paramwise_options -- rgb_encoder.layers.2.1.4.ffn.layers.4.weight:lr=1e-05
2026/09/27 13:54:48 - mmengine - INFO - paramwise_options -- rgb_encoder.layers.2.1.4.ffn.layers.4.weight:weight_decay=0.01
2026/09/27 13:54:48 - mmengine - INFO - paramwise_options -- rgb_encoder.layers.2.1.4.ffn.layers.4.weight:lr_mult=0.1
2026/09/27 13:54:48 - mmengine - INFO - paramwise_options -- rgb_encoder.layers.2.1.4.ffn.layers.4.bias:lr=1e-05
2026/09/27 13:54:48 - mmengine - INFO - paramwise_options -- rgb_encoder.layers.2.1.4.ffn.layers.4.bias:weight_decay=0.01
2026/09/27 13:54:48 - mmengine - INFO - paramwise_options -- rgb_encoder.layers.2.1.4.ffn.layers.4.bias:lr_mult=0.1
2026/09/27 13:54:48 - mmengine - INFO - paramwise_options -- rgb_encoder.layers.2.1.5.norm1.weight:lr=1e-05
2026/09/27 13:54:48 - mmengine - INFO - paramwise_options -- rgb_encoder.layers.2.1.5.norm1.weight:weight_decay=0.01
2026/09/27 13:54:48 - mmengine - INFO - paramwise_options -- rgb_encoder.layers.2.1.5.norm1.weight:lr_mult=0.1
2026/09/27 13:54:48 - mmengine - INFO - paramwise_options -- rgb_encoder.layers.2.1.5.norm1.bias:lr=1e-05
2026/09/27 13:54:48 - mmengine - INFO - paramwise_options -- rgb_encoder.layers.2.1.5.norm1.bias:weight_decay=0.01
2026/09/27 13:54:48 - mmengine - INFO - paramwise_options -- rgb_encoder.layers.2.1.5.norm1.bias:lr_mult=0.1
2026/09/27 13:54:48 - mmengine - INFO - paramwise_options -- rgb_encoder.layers.2.1.5.attn.attn.in_proj_weight:lr=1e-05
2026/09/27 13:54:48 - mmengine - INFO - paramwise_options -- rgb_encoder.layers.2.1.5.attn.attn.in_proj_weight:weight_decay=0.01
2026/09/27 13:54:48 - mmengine - INFO - paramwise_options -- rgb_encoder.layers.2.1.5.attn.attn.in_proj_weight:lr_mult=0.1
2026/09/27 13:54:48 - mmengine - INFO - paramwise_options -- rgb_encoder.layers.2.1.5.attn.attn.in_proj_bias:lr=1e-05
2026/09/27 13:54:48 - mmengine - INFO - paramwise_options -- rgb_encoder.layers.2.1.5.attn.attn.in_proj_bias:weight_decay=0.01
2026/09/27 13:54:48 - mmengine - INFO - paramwise_options -- rgb_encoder.layers.2.1.5.attn.attn.in_proj_bias:lr_mult=0.1
2026/09/27 13:54:48 - mmengine - INFO - paramwise_options -- rgb_encoder.layers.2.1.5.attn.attn.out_proj.weight:lr=1e-05
2026/09/27 13:54:48 - mmengine - INFO - paramwise_options -- rgb_encoder.layers.2.1.5.attn.attn.out_proj.weight:weight_decay=0.01
2026/09/27 13:54:48 - mmengine - INFO - paramwise_options -- rgb_encoder.layers.2.1.5.attn.attn.out_proj.weight:lr_mult=0.1
2026/09/27 13:54:48 - mmengine - INFO - paramwise_options -- rgb_encoder.layers.2.1.5.attn.attn.out_proj.bias:lr=1e-05
2026/09/27 13:54:48 - mmengine - INFO - paramwise_options -- rgb_encoder.layers.2.1.5.attn.attn.out_proj.bias:weight_decay=0.01
2026/09/27 13:54:48 - mmengine - INFO - paramwise_options -- rgb_encoder.layers.2.1.5.attn.attn.out_proj.bias:lr_mult=0.1
2026/09/27 13:54:48 - mmengine - INFO - paramwise_options -- rgb_encoder.layers.2.1.5.attn.sr.weight:lr=1e-05
2026/09/27 13:54:48 - mmengine - INFO - paramwise_options -- rgb_encoder.layers.2.1.5.attn.sr.weight:weight_decay=0.01
2026/09/27 13:54:48 - mmengine - INFO - paramwise_options -- rgb_encoder.layers.2.1.5.attn.sr.weight:lr_mult=0.1
2026/09/27 13:54:48 - mmengine - INFO - paramwise_options -- rgb_encoder.layers.2.1.5.attn.sr.bias:lr=1e-05
2026/09/27 13:54:48 - mmengine - INFO - paramwise_options -- rgb_encoder.layers.2.1.5.attn.sr.bias:weight_decay=0.01
2026/09/27 13:54:48 - mmengine - INFO - paramwise_options -- rgb_encoder.layers.2.1.5.attn.sr.bias:lr_mult=0.1
2026/09/27 13:54:48 - mmengine - INFO - paramwise_options -- rgb_encoder.layers.2.1.5.attn.norm.weight:lr=1e-05
2026/09/27 13:54:48 - mmengine - INFO - paramwise_options -- rgb_encoder.layers.2.1.5.attn.norm.weight:weight_decay=0.01
2026/09/27 13:54:48 - mmengine - INFO - paramwise_options -- rgb_encoder.layers.2.1.5.attn.norm.weight:lr_mult=0.1
2026/09/27 13:54:48 - mmengine - INFO - paramwise_options -- rgb_encoder.layers.2.1.5.attn.norm.bias:lr=1e-05
2026/09/27 13:54:48 - mmengine - INFO - paramwise_options -- rgb_encoder.layers.2.1.5.attn.norm.bias:weight_decay=0.01
2026/09/27 13:54:48 - mmengine - INFO - paramwise_options -- rgb_encoder.layers.2.1.5.attn.norm.bias:lr_mult=0.1
2026/09/27 13:54:48 - mmengine - INFO - paramwise_options -- rgb_encoder.layers.2.1.5.norm2.weight:lr=1e-05
2026/09/27 13:54:48 - mmengine - INFO - paramwise_options -- rgb_encoder.layers.2.1.5.norm2.weight:weight_decay=0.01
2026/09/27 13:54:48 - mmengine - INFO - paramwise_options -- rgb_encoder.layers.2.1.5.norm2.weight:lr_mult=0.1
2026/09/27 13:54:48 - mmengine - INFO - paramwise_options -- rgb_encoder.layers.2.1.5.norm2.bias:lr=1e-05
2026/09/27 13:54:48 - mmengine - INFO - paramwise_options -- rgb_encoder.layers.2.1.5.norm2.bias:weight_decay=0.01
2026/09/27 13:54:48 - mmengine - INFO - paramwise_options -- rgb_encoder.layers.2.1.5.norm2.bias:lr_mult=0.1
2026/09/27 13:54:48 - mmengine - INFO - paramwise_options -- rgb_encoder.layers.2.1.5.ffn.layers.0.weight:lr=1e-05
2026/09/27 13:54:48 - mmengine - INFO - paramwise_options -- rgb_encoder.layers.2.1.5.ffn.layers.0.weight:weight_decay=0.01
2026/09/27 13:54:48 - mmengine - INFO - paramwise_options -- rgb_encoder.layers.2.1.5.ffn.layers.0.weight:lr_mult=0.1
2026/09/27 13:54:48 - mmengine - INFO - paramwise_options -- rgb_encoder.layers.2.1.5.ffn.layers.0.bias:lr=1e-05
2026/09/27 13:54:48 - mmengine - INFO - paramwise_options -- rgb_encoder.layers.2.1.5.ffn.layers.0.bias:weight_decay=0.01
2026/09/27 13:54:48 - mmengine - INFO - paramwise_options -- rgb_encoder.layers.2.1.5.ffn.layers.0.bias:lr_mult=0.1
2026/09/27 13:54:48 - mmengine - INFO - paramwise_options -- rgb_encoder.layers.2.1.5.ffn.layers.1.weight:lr=1e-05
2026/09/27 13:54:48 - mmengine - INFO - paramwise_options -- rgb_encoder.layers.2.1.5.ffn.layers.1.weight:weight_decay=0.01
2026/09/27 13:54:48 - mmengine - INFO - paramwise_options -- rgb_encoder.layers.2.1.5.ffn.layers.1.weight:lr_mult=0.1
2026/09/27 13:54:48 - mmengine - INFO - paramwise_options -- rgb_encoder.layers.2.1.5.ffn.layers.1.bias:lr=1e-05
2026/09/27 13:54:48 - mmengine - INFO - paramwise_options -- rgb_encoder.layers.2.1.5.ffn.layers.1.bias:weight_decay=0.01
2026/09/27 13:54:48 - mmengine - INFO - paramwise_options -- rgb_encoder.layers.2.1.5.ffn.layers.1.bias:lr_mult=0.1
2026/09/27 13:54:48 - mmengine - INFO - paramwise_options -- rgb_encoder.layers.2.1.5.ffn.layers.4.weight:lr=1e-05
2026/09/27 13:54:48 - mmengine - INFO - paramwise_options -- rgb_encoder.layers.2.1.5.ffn.layers.4.weight:weight_decay=0.01
2026/09/27 13:54:48 - mmengine - INFO - paramwise_options -- rgb_encoder.layers.2.1.5.ffn.layers.4.weight:lr_mult=0.1
2026/09/27 13:54:48 - mmengine - INFO - paramwise_options -- rgb_encoder.layers.2.1.5.ffn.layers.4.bias:lr=1e-05
2026/09/27 13:54:48 - mmengine - INFO - paramwise_options -- rgb_encoder.layers.2.1.5.ffn.layers.4.bias:weight_decay=0.01
2026/09/27 13:54:48 - mmengine - INFO - paramwise_options -- rgb_encoder.layers.2.1.5.ffn.layers.4.bias:lr_mult=0.1
2026/09/27 13:54:48 - mmengine - INFO - paramwise_options -- rgb_encoder.layers.2.2.weight:lr=1e-05
2026/09/27 13:54:48 - mmengine - INFO - paramwise_options -- rgb_encoder.layers.2.2.weight:weight_decay=0.01
2026/09/27 13:54:48 - mmengine - INFO - paramwise_options -- rgb_encoder.layers.2.2.weight:lr_mult=0.1
2026/09/27 13:54:48 - mmengine - INFO - paramwise_options -- rgb_encoder.layers.2.2.bias:lr=1e-05
2026/09/27 13:54:48 - mmengine - INFO - paramwise_options -- rgb_encoder.layers.2.2.bias:weight_decay=0.01
2026/09/27 13:54:48 - mmengine - INFO - paramwise_options -- rgb_encoder.layers.2.2.bias:lr_mult=0.1
2026/09/27 13:54:48 - mmengine - INFO - paramwise_options -- rgb_encoder.layers.3.0.projection.weight:lr=1e-05
2026/09/27 13:54:48 - mmengine - INFO - paramwise_options -- rgb_encoder.layers.3.0.projection.weight:weight_decay=0.01
2026/09/27 13:54:48 - mmengine - INFO - paramwise_options -- rgb_encoder.layers.3.0.projection.weight:lr_mult=0.1
2026/09/27 13:54:48 - mmengine - INFO - paramwise_options -- rgb_encoder.layers.3.0.projection.bias:lr=1e-05
2026/09/27 13:54:48 - mmengine - INFO - paramwise_options -- rgb_encoder.layers.3.0.projection.bias:weight_decay=0.01
2026/09/27 13:54:48 - mmengine - INFO - paramwise_options -- rgb_encoder.layers.3.0.projection.bias:lr_mult=0.1
2026/09/27 13:54:48 - mmengine - INFO - paramwise_options -- rgb_encoder.layers.3.0.norm.weight:lr=1e-05
2026/09/27 13:54:48 - mmengine - INFO - paramwise_options -- rgb_encoder.layers.3.0.norm.weight:weight_decay=0.01
2026/09/27 13:54:48 - mmengine - INFO - paramwise_options -- rgb_encoder.layers.3.0.norm.weight:lr_mult=0.1
2026/09/27 13:54:48 - mmengine - INFO - paramwise_options -- rgb_encoder.layers.3.0.norm.bias:lr=1e-05
2026/09/27 13:54:48 - mmengine - INFO - paramwise_options -- rgb_encoder.layers.3.0.norm.bias:weight_decay=0.01
2026/09/27 13:54:48 - mmengine - INFO - paramwise_options -- rgb_encoder.layers.3.0.norm.bias:lr_mult=0.1
2026/09/27 13:54:48 - mmengine - INFO - paramwise_options -- rgb_encoder.layers.3.1.0.norm1.weight:lr=1e-05
2026/09/27 13:54:48 - mmengine - INFO - paramwise_options -- rgb_encoder.layers.3.1.0.norm1.weight:weight_decay=0.01
2026/09/27 13:54:48 - mmengine - INFO - paramwise_options -- rgb_encoder.layers.3.1.0.norm1.weight:lr_mult=0.1
2026/09/27 13:54:48 - mmengine - INFO - paramwise_options -- rgb_encoder.layers.3.1.0.norm1.bias:lr=1e-05
2026/09/27 13:54:48 - mmengine - INFO - paramwise_options -- rgb_encoder.layers.3.1.0.norm1.bias:weight_decay=0.01
2026/09/27 13:54:48 - mmengine - INFO - paramwise_options -- rgb_encoder.layers.3.1.0.norm1.bias:lr_mult=0.1
2026/09/27 13:54:48 - mmengine - INFO - paramwise_options -- rgb_encoder.layers.3.1.0.attn.attn.in_proj_weight:lr=1e-05
2026/09/27 13:54:48 - mmengine - INFO - paramwise_options -- rgb_encoder.layers.3.1.0.attn.attn.in_proj_weight:weight_decay=0.01
2026/09/27 13:54:48 - mmengine - INFO - paramwise_options -- rgb_encoder.layers.3.1.0.attn.attn.in_proj_weight:lr_mult=0.1
2026/09/27 13:54:48 - mmengine - INFO - paramwise_options -- rgb_encoder.layers.3.1.0.attn.attn.in_proj_bias:lr=1e-05
2026/09/27 13:54:48 - mmengine - INFO - paramwise_options -- rgb_encoder.layers.3.1.0.attn.attn.in_proj_bias:weight_decay=0.01
2026/09/27 13:54:48 - mmengine - INFO - paramwise_options -- rgb_encoder.layers.3.1.0.attn.attn.in_proj_bias:lr_mult=0.1
2026/09/27 13:54:48 - mmengine - INFO - paramwise_options -- rgb_encoder.layers.3.1.0.attn.attn.out_proj.weight:lr=1e-05
2026/09/27 13:54:48 - mmengine - INFO - paramwise_options -- rgb_encoder.layers.3.1.0.attn.attn.out_proj.weight:weight_decay=0.01
2026/09/27 13:54:48 - mmengine - INFO - paramwise_options -- rgb_encoder.layers.3.1.0.attn.attn.out_proj.weight:lr_mult=0.1
2026/09/27 13:54:48 - mmengine - INFO - paramwise_options -- rgb_encoder.layers.3.1.0.attn.attn.out_proj.bias:lr=1e-05
2026/09/27 13:54:48 - mmengine - INFO - paramwise_options -- rgb_encoder.layers.3.1.0.attn.attn.out_proj.bias:weight_decay=0.01
2026/09/27 13:54:48 - mmengine - INFO - paramwise_options -- rgb_encoder.layers.3.1.0.attn.attn.out_proj.bias:lr_mult=0.1
2026/09/27 13:54:48 - mmengine - INFO - paramwise_options -- rgb_encoder.layers.3.1.0.norm2.weight:lr=1e-05
2026/09/27 13:54:48 - mmengine - INFO - paramwise_options -- rgb_encoder.layers.3.1.0.norm2.weight:weight_decay=0.01
2026/09/27 13:54:48 - mmengine - INFO - paramwise_options -- rgb_encoder.layers.3.1.0.norm2.weight:lr_mult=0.1
2026/09/27 13:54:48 - mmengine - INFO - paramwise_options -- rgb_encoder.layers.3.1.0.norm2.bias:lr=1e-05
2026/09/27 13:54:48 - mmengine - INFO - paramwise_options -- rgb_encoder.layers.3.1.0.norm2.bias:weight_decay=0.01
2026/09/27 13:54:48 - mmengine - INFO - paramwise_options -- rgb_encoder.layers.3.1.0.norm2.bias:lr_mult=0.1
2026/09/27 13:54:48 - mmengine - INFO - paramwise_options -- rgb_encoder.layers.3.1.0.ffn.layers.0.weight:lr=1e-05
2026/09/27 13:54:48 - mmengine - INFO - paramwise_options -- rgb_encoder.layers.3.1.0.ffn.layers.0.weight:weight_decay=0.01
2026/09/27 13:54:48 - mmengine - INFO - paramwise_options -- rgb_encoder.layers.3.1.0.ffn.layers.0.weight:lr_mult=0.1
2026/09/27 13:54:48 - mmengine - INFO - paramwise_options -- rgb_encoder.layers.3.1.0.ffn.layers.0.bias:lr=1e-05
2026/09/27 13:54:48 - mmengine - INFO - paramwise_options -- rgb_encoder.layers.3.1.0.ffn.layers.0.bias:weight_decay=0.01
2026/09/27 13:54:48 - mmengine - INFO - paramwise_options -- rgb_encoder.layers.3.1.0.ffn.layers.0.bias:lr_mult=0.1
2026/09/27 13:54:48 - mmengine - INFO - paramwise_options -- rgb_encoder.layers.3.1.0.ffn.layers.1.weight:lr=1e-05
2026/09/27 13:54:48 - mmengine - INFO - paramwise_options -- rgb_encoder.layers.3.1.0.ffn.layers.1.weight:weight_decay=0.01
2026/09/27 13:54:48 - mmengine - INFO - paramwise_options -- rgb_encoder.layers.3.1.0.ffn.layers.1.weight:lr_mult=0.1
2026/09/27 13:54:48 - mmengine - INFO - paramwise_options -- rgb_encoder.layers.3.1.0.ffn.layers.1.bias:lr=1e-05
2026/09/27 13:54:48 - mmengine - INFO - paramwise_options -- rgb_encoder.layers.3.1.0.ffn.layers.1.bias:weight_decay=0.01
2026/09/27 13:54:48 - mmengine - INFO - paramwise_options -- rgb_encoder.layers.3.1.0.ffn.layers.1.bias:lr_mult=0.1
2026/09/27 13:54:48 - mmengine - INFO - paramwise_options -- rgb_encoder.layers.3.1.0.ffn.layers.4.weight:lr=1e-05
2026/09/27 13:54:48 - mmengine - INFO - paramwise_options -- rgb_encoder.layers.3.1.0.ffn.layers.4.weight:weight_decay=0.01
2026/09/27 13:54:48 - mmengine - INFO - paramwise_options -- rgb_encoder.layers.3.1.0.ffn.layers.4.weight:lr_mult=0.1
2026/09/27 13:54:48 - mmengine - INFO - paramwise_options -- rgb_encoder.layers.3.1.0.ffn.layers.4.bias:lr=1e-05
2026/09/27 13:54:48 - mmengine - INFO - paramwise_options -- rgb_encoder.layers.3.1.0.ffn.layers.4.bias:weight_decay=0.01
2026/09/27 13:54:48 - mmengine - INFO - paramwise_options -- rgb_encoder.layers.3.1.0.ffn.layers.4.bias:lr_mult=0.1
2026/09/27 13:54:48 - mmengine - INFO - paramwise_options -- rgb_encoder.layers.3.1.1.norm1.weight:lr=1e-05
2026/09/27 13:54:48 - mmengine - INFO - paramwise_options -- rgb_encoder.layers.3.1.1.norm1.weight:weight_decay=0.01
2026/09/27 13:54:48 - mmengine - INFO - paramwise_options -- rgb_encoder.layers.3.1.1.norm1.weight:lr_mult=0.1
2026/09/27 13:54:48 - mmengine - INFO - paramwise_options -- rgb_encoder.layers.3.1.1.norm1.bias:lr=1e-05
2026/09/27 13:54:48 - mmengine - INFO - paramwise_options -- rgb_encoder.layers.3.1.1.norm1.bias:weight_decay=0.01
2026/09/27 13:54:48 - mmengine - INFO - paramwise_options -- rgb_encoder.layers.3.1.1.norm1.bias:lr_mult=0.1
2026/09/27 13:54:48 - mmengine - INFO - paramwise_options -- rgb_encoder.layers.3.1.1.attn.attn.in_proj_weight:lr=1e-05
2026/09/27 13:54:48 - mmengine - INFO - paramwise_options -- rgb_encoder.layers.3.1.1.attn.attn.in_proj_weight:weight_decay=0.01
2026/09/27 13:54:48 - mmengine - INFO - paramwise_options -- rgb_encoder.layers.3.1.1.attn.attn.in_proj_weight:lr_mult=0.1
2026/09/27 13:54:48 - mmengine - INFO - paramwise_options -- rgb_encoder.layers.3.1.1.attn.attn.in_proj_bias:lr=1e-05
2026/09/27 13:54:48 - mmengine - INFO - paramwise_options -- rgb_encoder.layers.3.1.1.attn.attn.in_proj_bias:weight_decay=0.01
2026/09/27 13:54:48 - mmengine - INFO - paramwise_options -- rgb_encoder.layers.3.1.1.attn.attn.in_proj_bias:lr_mult=0.1
2026/09/27 13:54:48 - mmengine - INFO - paramwise_options -- rgb_encoder.layers.3.1.1.attn.attn.out_proj.weight:lr=1e-05
2026/09/27 13:54:48 - mmengine - INFO - paramwise_options -- rgb_encoder.layers.3.1.1.attn.attn.out_proj.weight:weight_decay=0.01
2026/09/27 13:54:48 - mmengine - INFO - paramwise_options -- rgb_encoder.layers.3.1.1.attn.attn.out_proj.weight:lr_mult=0.1
2026/09/27 13:54:48 - mmengine - INFO - paramwise_options -- rgb_encoder.layers.3.1.1.attn.attn.out_proj.bias:lr=1e-05
2026/09/27 13:54:48 - mmengine - INFO - paramwise_options -- rgb_encoder.layers.3.1.1.attn.attn.out_proj.bias:weight_decay=0.01
2026/09/27 13:54:48 - mmengine - INFO - paramwise_options -- rgb_encoder.layers.3.1.1.attn.attn.out_proj.bias:lr_mult=0.1
2026/09/27 13:54:48 - mmengine - INFO - paramwise_options -- rgb_encoder.layers.3.1.1.norm2.weight:lr=1e-05
2026/09/27 13:54:48 - mmengine - INFO - paramwise_options -- rgb_encoder.layers.3.1.1.norm2.weight:weight_decay=0.01
2026/09/27 13:54:48 - mmengine - INFO - paramwise_options -- rgb_encoder.layers.3.1.1.norm2.weight:lr_mult=0.1
2026/09/27 13:54:48 - mmengine - INFO - paramwise_options -- rgb_encoder.layers.3.1.1.norm2.bias:lr=1e-05
2026/09/27 13:54:48 - mmengine - INFO - paramwise_options -- rgb_encoder.layers.3.1.1.norm2.bias:weight_decay=0.01
2026/09/27 13:54:48 - mmengine - INFO - paramwise_options -- rgb_encoder.layers.3.1.1.norm2.bias:lr_mult=0.1
2026/09/27 13:54:48 - mmengine - INFO - paramwise_options -- rgb_encoder.layers.3.1.1.ffn.layers.0.weight:lr=1e-05
2026/09/27 13:54:48 - mmengine - INFO - paramwise_options -- rgb_encoder.layers.3.1.1.ffn.layers.0.weight:weight_decay=0.01
2026/09/27 13:54:48 - mmengine - INFO - paramwise_options -- rgb_encoder.layers.3.1.1.ffn.layers.0.weight:lr_mult=0.1
2026/09/27 13:54:48 - mmengine - INFO - paramwise_options -- rgb_encoder.layers.3.1.1.ffn.layers.0.bias:lr=1e-05
2026/09/27 13:54:48 - mmengine - INFO - paramwise_options -- rgb_encoder.layers.3.1.1.ffn.layers.0.bias:weight_decay=0.01
2026/09/27 13:54:48 - mmengine - INFO - paramwise_options -- rgb_encoder.layers.3.1.1.ffn.layers.0.bias:lr_mult=0.1
2026/09/27 13:54:48 - mmengine - INFO - paramwise_options -- rgb_encoder.layers.3.1.1.ffn.layers.1.weight:lr=1e-05
2026/09/27 13:54:48 - mmengine - INFO - paramwise_options -- rgb_encoder.layers.3.1.1.ffn.layers.1.weight:weight_decay=0.01
2026/09/27 13:54:48 - mmengine - INFO - paramwise_options -- rgb_encoder.layers.3.1.1.ffn.layers.1.weight:lr_mult=0.1
2026/09/27 13:54:48 - mmengine - INFO - paramwise_options -- rgb_encoder.layers.3.1.1.ffn.layers.1.bias:lr=1e-05
2026/09/27 13:54:48 - mmengine - INFO - paramwise_options -- rgb_encoder.layers.3.1.1.ffn.layers.1.bias:weight_decay=0.01
2026/09/27 13:54:48 - mmengine - INFO - paramwise_options -- rgb_encoder.layers.3.1.1.ffn.layers.1.bias:lr_mult=0.1
2026/09/27 13:54:48 - mmengine - INFO - paramwise_options -- rgb_encoder.layers.3.1.1.ffn.layers.4.weight:lr=1e-05
2026/09/27 13:54:48 - mmengine - INFO - paramwise_options -- rgb_encoder.layers.3.1.1.ffn.layers.4.weight:weight_decay=0.01
2026/09/27 13:54:48 - mmengine - INFO - paramwise_options -- rgb_encoder.layers.3.1.1.ffn.layers.4.weight:lr_mult=0.1
2026/09/27 13:54:48 - mmengine - INFO - paramwise_options -- rgb_encoder.layers.3.1.1.ffn.layers.4.bias:lr=1e-05
2026/09/27 13:54:48 - mmengine - INFO - paramwise_options -- rgb_encoder.layers.3.1.1.ffn.layers.4.bias:weight_decay=0.01
2026/09/27 13:54:48 - mmengine - INFO - paramwise_options -- rgb_encoder.layers.3.1.1.ffn.layers.4.bias:lr_mult=0.1
2026/09/27 13:54:48 - mmengine - INFO - paramwise_options -- rgb_encoder.layers.3.1.2.norm1.weight:lr=1e-05
2026/09/27 13:54:48 - mmengine - INFO - paramwise_options -- rgb_encoder.layers.3.1.2.norm1.weight:weight_decay=0.01
2026/09/27 13:54:48 - mmengine - INFO - paramwise_options -- rgb_encoder.layers.3.1.2.norm1.weight:lr_mult=0.1
2026/09/27 13:54:48 - mmengine - INFO - paramwise_options -- rgb_encoder.layers.3.1.2.norm1.bias:lr=1e-05
2026/09/27 13:54:48 - mmengine - INFO - paramwise_options -- rgb_encoder.layers.3.1.2.norm1.bias:weight_decay=0.01
2026/09/27 13:54:48 - mmengine - INFO - paramwise_options -- rgb_encoder.layers.3.1.2.norm1.bias:lr_mult=0.1
2026/09/27 13:54:48 - mmengine - INFO - paramwise_options -- rgb_encoder.layers.3.1.2.attn.attn.in_proj_weight:lr=1e-05
2026/09/27 13:54:48 - mmengine - INFO - paramwise_options -- rgb_encoder.layers.3.1.2.attn.attn.in_proj_weight:weight_decay=0.01
2026/09/27 13:54:48 - mmengine - INFO - paramwise_options -- rgb_encoder.layers.3.1.2.attn.attn.in_proj_weight:lr_mult=0.1
2026/09/27 13:54:48 - mmengine - INFO - paramwise_options -- rgb_encoder.layers.3.1.2.attn.attn.in_proj_bias:lr=1e-05
2026/09/27 13:54:48 - mmengine - INFO - paramwise_options -- rgb_encoder.layers.3.1.2.attn.attn.in_proj_bias:weight_decay=0.01
2026/09/27 13:54:48 - mmengine - INFO - paramwise_options -- rgb_encoder.layers.3.1.2.attn.attn.in_proj_bias:lr_mult=0.1
2026/09/27 13:54:48 - mmengine - INFO - paramwise_options -- rgb_encoder.layers.3.1.2.attn.attn.out_proj.weight:lr=1e-05
2026/09/27 13:54:48 - mmengine - INFO - paramwise_options -- rgb_encoder.layers.3.1.2.attn.attn.out_proj.weight:weight_decay=0.01
2026/09/27 13:54:48 - mmengine - INFO - paramwise_options -- rgb_encoder.layers.3.1.2.attn.attn.out_proj.weight:lr_mult=0.1
2026/09/27 13:54:48 - mmengine - INFO - paramwise_options -- rgb_encoder.layers.3.1.2.attn.attn.out_proj.bias:lr=1e-05
2026/09/27 13:54:48 - mmengine - INFO - paramwise_options -- rgb_encoder.layers.3.1.2.attn.attn.out_proj.bias:weight_decay=0.01
2026/09/27 13:54:48 - mmengine - INFO - paramwise_options -- rgb_encoder.layers.3.1.2.attn.attn.out_proj.bias:lr_mult=0.1
2026/09/27 13:54:48 - mmengine - INFO - paramwise_options -- rgb_encoder.layers.3.1.2.norm2.weight:lr=1e-05
2026/09/27 13:54:48 - mmengine - INFO - paramwise_options -- rgb_encoder.layers.3.1.2.norm2.weight:weight_decay=0.01
2026/09/27 13:54:48 - mmengine - INFO - paramwise_options -- rgb_encoder.layers.3.1.2.norm2.weight:lr_mult=0.1
2026/09/27 13:54:48 - mmengine - INFO - paramwise_options -- rgb_encoder.layers.3.1.2.norm2.bias:lr=1e-05
2026/09/27 13:54:48 - mmengine - INFO - paramwise_options -- rgb_encoder.layers.3.1.2.norm2.bias:weight_decay=0.01
2026/09/27 13:54:48 - mmengine - INFO - paramwise_options -- rgb_encoder.layers.3.1.2.norm2.bias:lr_mult=0.1
2026/09/27 13:54:48 - mmengine - INFO - paramwise_options -- rgb_encoder.layers.3.1.2.ffn.layers.0.weight:lr=1e-05
2026/09/27 13:54:48 - mmengine - INFO - paramwise_options -- rgb_encoder.layers.3.1.2.ffn.layers.0.weight:weight_decay=0.01
2026/09/27 13:54:48 - mmengine - INFO - paramwise_options -- rgb_encoder.layers.3.1.2.ffn.layers.0.weight:lr_mult=0.1
2026/09/27 13:54:48 - mmengine - INFO - paramwise_options -- rgb_encoder.layers.3.1.2.ffn.layers.0.bias:lr=1e-05
2026/09/27 13:54:48 - mmengine - INFO - paramwise_options -- rgb_encoder.layers.3.1.2.ffn.layers.0.bias:weight_decay=0.01
2026/09/27 13:54:48 - mmengine - INFO - paramwise_options -- rgb_encoder.layers.3.1.2.ffn.layers.0.bias:lr_mult=0.1
2026/09/27 13:54:48 - mmengine - INFO - paramwise_options -- rgb_encoder.layers.3.1.2.ffn.layers.1.weight:lr=1e-05
2026/09/27 13:54:48 - mmengine - INFO - paramwise_options -- rgb_encoder.layers.3.1.2.ffn.layers.1.weight:weight_decay=0.01
2026/09/27 13:54:48 - mmengine - INFO - paramwise_options -- rgb_encoder.layers.3.1.2.ffn.layers.1.weight:lr_mult=0.1
2026/09/27 13:54:48 - mmengine - INFO - paramwise_options -- rgb_encoder.layers.3.1.2.ffn.layers.1.bias:lr=1e-05
2026/09/27 13:54:48 - mmengine - INFO - paramwise_options -- rgb_encoder.layers.3.1.2.ffn.layers.1.bias:weight_decay=0.01
2026/09/27 13:54:48 - mmengine - INFO - paramwise_options -- rgb_encoder.layers.3.1.2.ffn.layers.1.bias:lr_mult=0.1
2026/09/27 13:54:48 - mmengine - INFO - paramwise_options -- rgb_encoder.layers.3.1.2.ffn.layers.4.weight:lr=1e-05
2026/09/27 13:54:48 - mmengine - INFO - paramwise_options -- rgb_encoder.layers.3.1.2.ffn.layers.4.weight:weight_decay=0.01
2026/09/27 13:54:48 - mmengine - INFO - paramwise_options -- rgb_encoder.layers.3.1.2.ffn.layers.4.weight:lr_mult=0.1
2026/09/27 13:54:48 - mmengine - INFO - paramwise_options -- rgb_encoder.layers.3.1.2.ffn.layers.4.bias:lr=1e-05
2026/09/27 13:54:48 - mmengine - INFO - paramwise_options -- rgb_encoder.layers.3.1.2.ffn.layers.4.bias:weight_decay=0.01
2026/09/27 13:54:48 - mmengine - INFO - paramwise_options -- rgb_encoder.layers.3.1.2.ffn.layers.4.bias:lr_mult=0.1
2026/09/27 13:54:48 - mmengine - INFO - paramwise_options -- rgb_encoder.layers.3.2.weight:lr=1e-05
2026/09/27 13:54:48 - mmengine - INFO - paramwise_options -- rgb_encoder.layers.3.2.weight:weight_decay=0.01
2026/09/27 13:54:48 - mmengine - INFO - paramwise_options -- rgb_encoder.layers.3.2.weight:lr_mult=0.1
2026/09/27 13:54:48 - mmengine - INFO - paramwise_options -- rgb_encoder.layers.3.2.bias:lr=1e-05
2026/09/27 13:54:48 - mmengine - INFO - paramwise_options -- rgb_encoder.layers.3.2.bias:weight_decay=0.01
2026/09/27 13:54:48 - mmengine - INFO - paramwise_options -- rgb_encoder.layers.3.2.bias:lr_mult=0.1
2026/09/27 13:54:48 - mmengine - WARNING - rectifier.correction_logit is skipped since its requires_grad=False
2026/09/27 13:54:48 - mmengine - WARNING - rectifier.depth_encoder.0.0.weight is skipped since its requires_grad=False
2026/09/27 13:54:48 - mmengine - WARNING - rectifier.depth_encoder.0.1.weight is skipped since its requires_grad=False
2026/09/27 13:54:48 - mmengine - WARNING - rectifier.depth_encoder.0.1.bias is skipped since its requires_grad=False
2026/09/27 13:54:48 - mmengine - WARNING - rectifier.depth_encoder.1.0.weight is skipped since its requires_grad=False
2026/09/27 13:54:48 - mmengine - WARNING - rectifier.depth_encoder.1.1.weight is skipped since its requires_grad=False
2026/09/27 13:54:48 - mmengine - WARNING - rectifier.depth_encoder.1.1.bias is skipped since its requires_grad=False
2026/09/27 13:54:48 - mmengine - WARNING - rectifier.rgb_projection.0.weight is skipped since its requires_grad=False
2026/09/27 13:54:48 - mmengine - WARNING - rectifier.rgb_projection.1.weight is skipped since its requires_grad=False
2026/09/27 13:54:48 - mmengine - WARNING - rectifier.rgb_projection.1.bias is skipped since its requires_grad=False
2026/09/27 13:54:48 - mmengine - WARNING - rectifier.offset_mask.0.0.weight is skipped since its requires_grad=False
2026/09/27 13:54:48 - mmengine - WARNING - rectifier.offset_mask.0.1.weight is skipped since its requires_grad=False
2026/09/27 13:54:48 - mmengine - WARNING - rectifier.offset_mask.0.1.bias is skipped since its requires_grad=False
2026/09/27 13:54:48 - mmengine - WARNING - rectifier.offset_mask.1.weight is skipped since its requires_grad=False
2026/09/27 13:54:48 - mmengine - WARNING - rectifier.offset_mask.1.bias is skipped since its requires_grad=False
2026/09/27 13:54:48 - mmengine - WARNING - rectifier.deform.weight is skipped since its requires_grad=False
2026/09/27 13:54:48 - mmengine - WARNING - rectifier.deform.bias is skipped since its requires_grad=False
2026/09/27 13:54:48 - mmengine - WARNING - rectifier.learned_reliability.0.0.weight is skipped since its requires_grad=False
2026/09/27 13:54:48 - mmengine - WARNING - rectifier.learned_reliability.0.1.weight is skipped since its requires_grad=False
2026/09/27 13:54:48 - mmengine - WARNING - rectifier.learned_reliability.0.1.bias is skipped since its requires_grad=False
2026/09/27 13:54:48 - mmengine - WARNING - rectifier.learned_reliability.1.weight is skipped since its requires_grad=False
2026/09/27 13:54:48 - mmengine - WARNING - rectifier.learned_reliability.1.bias is skipped since its requires_grad=False
2026/09/27 13:54:48 - mmengine - WARNING - rectifier.residual.0.0.weight is skipped since its requires_grad=False
2026/09/27 13:54:48 - mmengine - WARNING - rectifier.residual.0.1.weight is skipped since its requires_grad=False
2026/09/27 13:54:48 - mmengine - WARNING - rectifier.residual.0.1.bias is skipped since its requires_grad=False
2026/09/27 13:54:48 - mmengine - WARNING - rectifier.residual.1.weight is skipped since its requires_grad=False
2026/09/27 13:54:48 - mmengine - WARNING - rectifier.residual.1.bias is skipped since its requires_grad=False
2026/09/27 13:54:48 - mmengine - INFO - paramwise_options -- geometry_encoder.stem.0.1.weight:weight_decay=0.0
2026/09/27 13:54:48 - mmengine - INFO - paramwise_options -- geometry_encoder.stem.0.1.bias:weight_decay=0.0
2026/09/27 13:54:48 - mmengine - INFO - paramwise_options -- geometry_encoder.stem.1.block.0.1.weight:weight_decay=0.0
2026/09/27 13:54:48 - mmengine - INFO - paramwise_options -- geometry_encoder.stem.1.block.0.1.bias:weight_decay=0.0
2026/09/27 13:54:48 - mmengine - INFO - paramwise_options -- geometry_encoder.stem.1.block.1.1.weight:weight_decay=0.0
2026/09/27 13:54:48 - mmengine - INFO - paramwise_options -- geometry_encoder.stem.1.block.1.1.bias:weight_decay=0.0
2026/09/27 13:54:48 - mmengine - INFO - paramwise_options -- geometry_encoder.downsamples.0.block.0.1.weight:weight_decay=0.0
2026/09/27 13:54:48 - mmengine - INFO - paramwise_options -- geometry_encoder.downsamples.0.block.0.1.bias:weight_decay=0.0
2026/09/27 13:54:48 - mmengine - INFO - paramwise_options -- geometry_encoder.downsamples.0.block.1.1.weight:weight_decay=0.0
2026/09/27 13:54:48 - mmengine - INFO - paramwise_options -- geometry_encoder.downsamples.0.block.1.1.bias:weight_decay=0.0
2026/09/27 13:54:48 - mmengine - INFO - paramwise_options -- geometry_encoder.downsamples.0.shortcut.1.weight:weight_decay=0.0
2026/09/27 13:54:48 - mmengine - INFO - paramwise_options -- geometry_encoder.downsamples.0.shortcut.1.bias:weight_decay=0.0
2026/09/27 13:54:48 - mmengine - INFO - paramwise_options -- geometry_encoder.downsamples.1.block.0.1.weight:weight_decay=0.0
2026/09/27 13:54:48 - mmengine - INFO - paramwise_options -- geometry_encoder.downsamples.1.block.0.1.bias:weight_decay=0.0
2026/09/27 13:54:48 - mmengine - INFO - paramwise_options -- geometry_encoder.downsamples.1.block.1.1.weight:weight_decay=0.0
2026/09/27 13:54:48 - mmengine - INFO - paramwise_options -- geometry_encoder.downsamples.1.block.1.1.bias:weight_decay=0.0
2026/09/27 13:54:48 - mmengine - INFO - paramwise_options -- geometry_encoder.downsamples.1.shortcut.1.weight:weight_decay=0.0
2026/09/27 13:54:48 - mmengine - INFO - paramwise_options -- geometry_encoder.downsamples.1.shortcut.1.bias:weight_decay=0.0
2026/09/27 13:54:48 - mmengine - INFO - paramwise_options -- geometry_encoder.downsamples.2.block.0.1.weight:weight_decay=0.0
2026/09/27 13:54:48 - mmengine - INFO - paramwise_options -- geometry_encoder.downsamples.2.block.0.1.bias:weight_decay=0.0
2026/09/27 13:54:48 - mmengine - INFO - paramwise_options -- geometry_encoder.downsamples.2.block.1.1.weight:weight_decay=0.0
2026/09/27 13:54:48 - mmengine - INFO - paramwise_options -- geometry_encoder.downsamples.2.block.1.1.bias:weight_decay=0.0
2026/09/27 13:54:48 - mmengine - INFO - paramwise_options -- geometry_encoder.downsamples.2.shortcut.1.weight:weight_decay=0.0
2026/09/27 13:54:48 - mmengine - INFO - paramwise_options -- geometry_encoder.downsamples.2.shortcut.1.bias:weight_decay=0.0
2026/09/27 13:54:48 - mmengine - INFO - paramwise_options -- geometry_pyramid.laterals.0.1.weight:weight_decay=0.0
2026/09/27 13:54:48 - mmengine - INFO - paramwise_options -- geometry_pyramid.laterals.0.1.bias:weight_decay=0.0
2026/09/27 13:54:48 - mmengine - INFO - paramwise_options -- geometry_pyramid.laterals.1.1.weight:weight_decay=0.0
2026/09/27 13:54:48 - mmengine - INFO - paramwise_options -- geometry_pyramid.laterals.1.1.bias:weight_decay=0.0
2026/09/27 13:54:48 - mmengine - INFO - paramwise_options -- geometry_pyramid.laterals.2.1.weight:weight_decay=0.0
2026/09/27 13:54:48 - mmengine - INFO - paramwise_options -- geometry_pyramid.laterals.2.1.bias:weight_decay=0.0
2026/09/27 13:54:48 - mmengine - INFO - paramwise_options -- geometry_pyramid.laterals.3.1.weight:weight_decay=0.0
2026/09/27 13:54:48 - mmengine - INFO - paramwise_options -- geometry_pyramid.laterals.3.1.bias:weight_decay=0.0
2026/09/27 13:54:48 - mmengine - INFO - paramwise_options -- geometry_pyramid.top_down.0.1.weight:weight_decay=0.0
2026/09/27 13:54:48 - mmengine - INFO - paramwise_options -- geometry_pyramid.top_down.0.1.bias:weight_decay=0.0
2026/09/27 13:54:48 - mmengine - INFO - paramwise_options -- geometry_pyramid.top_down.1.1.weight:weight_decay=0.0
2026/09/27 13:54:48 - mmengine - INFO - paramwise_options -- geometry_pyramid.top_down.1.1.bias:weight_decay=0.0
2026/09/27 13:54:48 - mmengine - INFO - paramwise_options -- geometry_pyramid.top_down.2.1.weight:weight_decay=0.0
2026/09/27 13:54:48 - mmengine - INFO - paramwise_options -- geometry_pyramid.top_down.2.1.bias:weight_decay=0.0
2026/09/27 13:54:48 - mmengine - INFO - paramwise_options -- geometry_pyramid.refine.0.block.0.1.weight:weight_decay=0.0
2026/09/27 13:54:48 - mmengine - INFO - paramwise_options -- geometry_pyramid.refine.0.block.0.1.bias:weight_decay=0.0
2026/09/27 13:54:48 - mmengine - INFO - paramwise_options -- geometry_pyramid.refine.0.block.1.1.weight:weight_decay=0.0
2026/09/27 13:54:48 - mmengine - INFO - paramwise_options -- geometry_pyramid.refine.0.block.1.1.bias:weight_decay=0.0
2026/09/27 13:54:48 - mmengine - INFO - paramwise_options -- geometry_pyramid.refine.1.block.0.1.weight:weight_decay=0.0
2026/09/27 13:54:48 - mmengine - INFO - paramwise_options -- geometry_pyramid.refine.1.block.0.1.bias:weight_decay=0.0
2026/09/27 13:54:48 - mmengine - INFO - paramwise_options -- geometry_pyramid.refine.1.block.1.1.weight:weight_decay=0.0
2026/09/27 13:54:48 - mmengine - INFO - paramwise_options -- geometry_pyramid.refine.1.block.1.1.bias:weight_decay=0.0
2026/09/27 13:54:48 - mmengine - INFO - paramwise_options -- geometry_pyramid.refine.2.block.0.1.weight:weight_decay=0.0
2026/09/27 13:54:48 - mmengine - INFO - paramwise_options -- geometry_pyramid.refine.2.block.0.1.bias:weight_decay=0.0
2026/09/27 13:54:48 - mmengine - INFO - paramwise_options -- geometry_pyramid.refine.2.block.1.1.weight:weight_decay=0.0
2026/09/27 13:54:48 - mmengine - INFO - paramwise_options -- geometry_pyramid.refine.2.block.1.1.bias:weight_decay=0.0
2026/09/27 13:54:48 - mmengine - WARNING - frequency_validator.rgb_projection.0.weight is skipped since its requires_grad=False
2026/09/27 13:54:48 - mmengine - WARNING - frequency_validator.rgb_projection.1.weight is skipped since its requires_grad=False
2026/09/27 13:54:48 - mmengine - WARNING - frequency_validator.rgb_projection.1.bias is skipped since its requires_grad=False
2026/09/27 13:54:48 - mmengine - INFO - paramwise_options -- frequency_validator.geometry_projection.1.weight:weight_decay=0.0
2026/09/27 13:54:48 - mmengine - INFO - paramwise_options -- frequency_validator.geometry_projection.1.bias:weight_decay=0.0
2026/09/27 13:54:48 - mmengine - WARNING - frequency_validator.region_rgb_projection.0.weight is skipped since its requires_grad=False
2026/09/27 13:54:48 - mmengine - WARNING - frequency_validator.region_rgb_projection.1.weight is skipped since its requires_grad=False
2026/09/27 13:54:48 - mmengine - WARNING - frequency_validator.region_rgb_projection.1.bias is skipped since its requires_grad=False
2026/09/27 13:54:48 - mmengine - INFO - paramwise_options -- frequency_validator.region_geometry_projection.1.weight:weight_decay=0.0
2026/09/27 13:54:48 - mmengine - INFO - paramwise_options -- frequency_validator.region_geometry_projection.1.bias:weight_decay=0.0
2026/09/27 13:54:48 - mmengine - WARNING - frequency_validator.high_validator.0.0.weight is skipped since its requires_grad=False
2026/09/27 13:54:48 - mmengine - WARNING - frequency_validator.high_validator.0.1.weight is skipped since its requires_grad=False
2026/09/27 13:54:48 - mmengine - WARNING - frequency_validator.high_validator.0.1.bias is skipped since its requires_grad=False
2026/09/27 13:54:48 - mmengine - WARNING - frequency_validator.high_validator.1.weight is skipped since its requires_grad=False
2026/09/27 13:54:48 - mmengine - WARNING - frequency_validator.high_validator.1.bias is skipped since its requires_grad=False
2026/09/27 13:54:48 - mmengine - WARNING - frequency_validator.high_projection.weight is skipped since its requires_grad=False
2026/09/27 13:54:48 - mmengine - WARNING - frequency_validator.high_projection.bias is skipped since its requires_grad=False
2026/09/27 13:54:48 - mmengine - WARNING - frequency_validator.region_validator.0.0.weight is skipped since its requires_grad=False
2026/09/27 13:54:48 - mmengine - WARNING - frequency_validator.region_validator.0.1.weight is skipped since its requires_grad=False
2026/09/27 13:54:48 - mmengine - WARNING - frequency_validator.region_validator.0.1.bias is skipped since its requires_grad=False
2026/09/27 13:54:48 - mmengine - WARNING - frequency_validator.region_validator.1.weight is skipped since its requires_grad=False
2026/09/27 13:54:48 - mmengine - WARNING - frequency_validator.region_validator.1.bias is skipped since its requires_grad=False
2026/09/27 13:54:48 - mmengine - WARNING - frequency_validator.low_projection.weight is skipped since its requires_grad=False
2026/09/27 13:54:48 - mmengine - WARNING - frequency_validator.low_projection.bias is skipped since its requires_grad=False
2026/09/27 13:54:48 - mmengine - INFO - paramwise_options -- high_fusion.delta_projection.1.weight:weight_decay=0.0
2026/09/27 13:54:48 - mmengine - INFO - paramwise_options -- high_fusion.delta_projection.1.bias:weight_decay=0.0
2026/09/27 13:54:48 - mmengine - INFO - paramwise_options -- low_fusion.delta_projection.1.weight:weight_decay=0.0
2026/09/27 13:54:48 - mmengine - INFO - paramwise_options -- low_fusion.delta_projection.1.bias:weight_decay=0.0
2026/09/27 13:54:48 - mmengine - INFO - paramwise_options -- decoder.projections.0.1.weight:weight_decay=0.0
2026/09/27 13:54:48 - mmengine - INFO - paramwise_options -- decoder.projections.0.1.bias:weight_decay=0.0
2026/09/27 13:54:48 - mmengine - INFO - paramwise_options -- decoder.projections.1.1.weight:weight_decay=0.0
2026/09/27 13:54:48 - mmengine - INFO - paramwise_options -- decoder.projections.1.1.bias:weight_decay=0.0
2026/09/27 13:54:48 - mmengine - INFO - paramwise_options -- decoder.projections.2.1.weight:weight_decay=0.0
2026/09/27 13:54:48 - mmengine - INFO - paramwise_options -- decoder.projections.2.1.bias:weight_decay=0.0
2026/09/27 13:54:48 - mmengine - INFO - paramwise_options -- decoder.projections.3.1.weight:weight_decay=0.0
2026/09/27 13:54:48 - mmengine - INFO - paramwise_options -- decoder.projections.3.1.bias:weight_decay=0.0
2026/09/27 13:54:48 - mmengine - INFO - paramwise_options -- decoder.refine.0.block.0.1.weight:weight_decay=0.0
2026/09/27 13:54:48 - mmengine - INFO - paramwise_options -- decoder.refine.0.block.0.1.bias:weight_decay=0.0
2026/09/27 13:54:48 - mmengine - INFO - paramwise_options -- decoder.refine.0.block.1.1.weight:weight_decay=0.0
2026/09/27 13:54:48 - mmengine - INFO - paramwise_options -- decoder.refine.0.block.1.1.bias:weight_decay=0.0
2026/09/27 13:54:48 - mmengine - INFO - paramwise_options -- decoder.refine.1.block.0.1.weight:weight_decay=0.0
2026/09/27 13:54:48 - mmengine - INFO - paramwise_options -- decoder.refine.1.block.0.1.bias:weight_decay=0.0
2026/09/27 13:54:48 - mmengine - INFO - paramwise_options -- decoder.refine.1.block.1.1.weight:weight_decay=0.0
2026/09/27 13:54:48 - mmengine - INFO - paramwise_options -- decoder.refine.1.block.1.1.bias:weight_decay=0.0
2026/09/27 13:54:48 - mmengine - INFO - paramwise_options -- refiner.rgb_stem.0.1.weight:weight_decay=0.0
2026/09/27 13:54:48 - mmengine - INFO - paramwise_options -- refiner.rgb_stem.0.1.bias:weight_decay=0.0
2026/09/27 13:54:48 - mmengine - INFO - paramwise_options -- refiner.rgb_stem.1.block.0.1.weight:weight_decay=0.0
2026/09/27 13:54:48 - mmengine - INFO - paramwise_options -- refiner.rgb_stem.1.block.0.1.bias:weight_decay=0.0
2026/09/27 13:54:48 - mmengine - INFO - paramwise_options -- refiner.rgb_stem.1.block.1.1.weight:weight_decay=0.0
2026/09/27 13:54:48 - mmengine - INFO - paramwise_options -- refiner.rgb_stem.1.block.1.1.bias:weight_decay=0.0
2026/09/27 13:54:48 - mmengine - INFO - paramwise_options -- refiner.semantic_projection.1.weight:weight_decay=0.0
2026/09/27 13:54:48 - mmengine - INFO - paramwise_options -- refiner.semantic_projection.1.bias:weight_decay=0.0
2026/09/27 13:54:48 - mmengine - INFO - paramwise_options -- refiner.contour.0.1.weight:weight_decay=0.0
2026/09/27 13:54:48 - mmengine - INFO - paramwise_options -- refiner.contour.0.1.bias:weight_decay=0.0
2026/09/27 13:54:48 - mmengine - INFO - paramwise_options -- refiner.contour.1.block.0.1.weight:weight_decay=0.0
2026/09/27 13:54:48 - mmengine - INFO - paramwise_options -- refiner.contour.1.block.0.1.bias:weight_decay=0.0
2026/09/27 13:54:48 - mmengine - INFO - paramwise_options -- refiner.contour.1.block.1.1.weight:weight_decay=0.0
2026/09/27 13:54:48 - mmengine - INFO - paramwise_options -- refiner.contour.1.block.1.1.bias:weight_decay=0.0
2026/09/27 13:54:49 - mmengine - WARNING - The prefix is not set in metric class IoUMetric.
Name of parameter - Initialization information

rgb_encoder.layers.0.0.projection.weight - torch.Size([64, 3, 7, 7]): 
Initialized by user-defined `init_weights` in MixVisionTransformer  

rgb_encoder.layers.0.0.projection.bias - torch.Size([64]): 
Initialized by user-defined `init_weights` in MixVisionTransformer  

rgb_encoder.layers.0.0.norm.weight - torch.Size([64]): 
The value is the same before and after calling `init_weights` of RPGVNetV2  

rgb_encoder.layers.0.0.norm.bias - torch.Size([64]): 
The value is the same before and after calling `init_weights` of RPGVNetV2  

rgb_encoder.layers.0.1.0.norm1.weight - torch.Size([64]): 
The value is the same before and after calling `init_weights` of RPGVNetV2  

rgb_encoder.layers.0.1.0.norm1.bias - torch.Size([64]): 
The value is the same before and after calling `init_weights` of RPGVNetV2  

rgb_encoder.layers.0.1.0.attn.attn.in_proj_weight - torch.Size([192, 64]): 
The value is the same before and after calling `init_weights` of RPGVNetV2  

rgb_encoder.layers.0.1.0.attn.attn.in_proj_bias - torch.Size([192]): 
The value is the same before and after calling `init_weights` of RPGVNetV2  

rgb_encoder.layers.0.1.0.attn.attn.out_proj.weight - torch.Size([64, 64]): 
Initialized by user-defined `init_weights` in MixVisionTransformer  

rgb_encoder.layers.0.1.0.attn.attn.out_proj.bias - torch.Size([64]): 
The value is the same before and after calling `init_weights` of RPGVNetV2  

rgb_encoder.layers.0.1.0.attn.sr.weight - torch.Size([64, 64, 8, 8]): 
Initialized by user-defined `init_weights` in MixVisionTransformer  

rgb_encoder.layers.0.1.0.attn.sr.bias - torch.Size([64]): 
Initialized by user-defined `init_weights` in MixVisionTransformer  

rgb_encoder.layers.0.1.0.attn.norm.weight - torch.Size([64]): 
The value is the same before and after calling `init_weights` of RPGVNetV2  

rgb_encoder.layers.0.1.0.attn.norm.bias - torch.Size([64]): 
The value is the same before and after calling `init_weights` of RPGVNetV2  

rgb_encoder.layers.0.1.0.norm2.weight - torch.Size([64]): 
The value is the same before and after calling `init_weights` of RPGVNetV2  

rgb_encoder.layers.0.1.0.norm2.bias - torch.Size([64]): 
The value is the same before and after calling `init_weights` of RPGVNetV2  

rgb_encoder.layers.0.1.0.ffn.layers.0.weight - torch.Size([256, 64, 1, 1]): 
Initialized by user-defined `init_weights` in MixVisionTransformer  

rgb_encoder.layers.0.1.0.ffn.layers.0.bias - torch.Size([256]): 
Initialized by user-defined `init_weights` in MixVisionTransformer  

rgb_encoder.layers.0.1.0.ffn.layers.1.weight - torch.Size([256, 1, 3, 3]): 
Initialized by user-defined `init_weights` in MixVisionTransformer  

rgb_encoder.layers.0.1.0.ffn.layers.1.bias - torch.Size([256]): 
Initialized by user-defined `init_weights` in MixVisionTransformer  

rgb_encoder.layers.0.1.0.ffn.layers.4.weight - torch.Size([64, 256, 1, 1]): 
Initialized by user-defined `init_weights` in MixVisionTransformer  

rgb_encoder.layers.0.1.0.ffn.layers.4.bias - torch.Size([64]): 
Initialized by user-defined `init_weights` in MixVisionTransformer  

rgb_encoder.layers.0.1.1.norm1.weight - torch.Size([64]): 
The value is the same before and after calling `init_weights` of RPGVNetV2  

rgb_encoder.layers.0.1.1.norm1.bias - torch.Size([64]): 
The value is the same before and after calling `init_weights` of RPGVNetV2  

rgb_encoder.layers.0.1.1.attn.attn.in_proj_weight - torch.Size([192, 64]): 
The value is the same before and after calling `init_weights` of RPGVNetV2  

rgb_encoder.layers.0.1.1.attn.attn.in_proj_bias - torch.Size([192]): 
The value is the same before and after calling `init_weights` of RPGVNetV2  

rgb_encoder.layers.0.1.1.attn.attn.out_proj.weight - torch.Size([64, 64]): 
Initialized by user-defined `init_weights` in MixVisionTransformer  

rgb_encoder.layers.0.1.1.attn.attn.out_proj.bias - torch.Size([64]): 
The value is the same before and after calling `init_weights` of RPGVNetV2  

rgb_encoder.layers.0.1.1.attn.sr.weight - torch.Size([64, 64, 8, 8]): 
Initialized by user-defined `init_weights` in MixVisionTransformer  

rgb_encoder.layers.0.1.1.attn.sr.bias - torch.Size([64]): 
Initialized by user-defined `init_weights` in MixVisionTransformer  

rgb_encoder.layers.0.1.1.attn.norm.weight - torch.Size([64]): 
The value is the same before and after calling `init_weights` of RPGVNetV2  

rgb_encoder.layers.0.1.1.attn.norm.bias - torch.Size([64]): 
The value is the same before and after calling `init_weights` of RPGVNetV2  

rgb_encoder.layers.0.1.1.norm2.weight - torch.Size([64]): 
The value is the same before and after calling `init_weights` of RPGVNetV2  

rgb_encoder.layers.0.1.1.norm2.bias - torch.Size([64]): 
The value is the same before and after calling `init_weights` of RPGVNetV2  

rgb_encoder.layers.0.1.1.ffn.layers.0.weight - torch.Size([256, 64, 1, 1]): 
Initialized by user-defined `init_weights` in MixVisionTransformer  

rgb_encoder.layers.0.1.1.ffn.layers.0.bias - torch.Size([256]): 
Initialized by user-defined `init_weights` in MixVisionTransformer  

rgb_encoder.layers.0.1.1.ffn.layers.1.weight - torch.Size([256, 1, 3, 3]): 
Initialized by user-defined `init_weights` in MixVisionTransformer  

rgb_encoder.layers.0.1.1.ffn.layers.1.bias - torch.Size([256]): 
Initialized by user-defined `init_weights` in MixVisionTransformer  

rgb_encoder.layers.0.1.1.ffn.layers.4.weight - torch.Size([64, 256, 1, 1]): 
Initialized by user-defined `init_weights` in MixVisionTransformer  

rgb_encoder.layers.0.1.1.ffn.layers.4.bias - torch.Size([64]): 
Initialized by user-defined `init_weights` in MixVisionTransformer  

rgb_encoder.layers.0.1.2.norm1.weight - torch.Size([64]): 
The value is the same before and after calling `init_weights` of RPGVNetV2  

rgb_encoder.layers.0.1.2.norm1.bias - torch.Size([64]): 
The value is the same before and after calling `init_weights` of RPGVNetV2  

rgb_encoder.layers.0.1.2.attn.attn.in_proj_weight - torch.Size([192, 64]): 
The value is the same before and after calling `init_weights` of RPGVNetV2  

rgb_encoder.layers.0.1.2.attn.attn.in_proj_bias - torch.Size([192]): 
The value is the same before and after calling `init_weights` of RPGVNetV2  

rgb_encoder.layers.0.1.2.attn.attn.out_proj.weight - torch.Size([64, 64]): 
Initialized by user-defined `init_weights` in MixVisionTransformer  

rgb_encoder.layers.0.1.2.attn.attn.out_proj.bias - torch.Size([64]): 
The value is the same before and after calling `init_weights` of RPGVNetV2  

rgb_encoder.layers.0.1.2.attn.sr.weight - torch.Size([64, 64, 8, 8]): 
Initialized by user-defined `init_weights` in MixVisionTransformer  

rgb_encoder.layers.0.1.2.attn.sr.bias - torch.Size([64]): 
Initialized by user-defined `init_weights` in MixVisionTransformer  

rgb_encoder.layers.0.1.2.attn.norm.weight - torch.Size([64]): 
The value is the same before and after calling `init_weights` of RPGVNetV2  

rgb_encoder.layers.0.1.2.attn.norm.bias - torch.Size([64]): 
The value is the same before and after calling `init_weights` of RPGVNetV2  

rgb_encoder.layers.0.1.2.norm2.weight - torch.Size([64]): 
The value is the same before and after calling `init_weights` of RPGVNetV2  

rgb_encoder.layers.0.1.2.norm2.bias - torch.Size([64]): 
The value is the same before and after calling `init_weights` of RPGVNetV2  

rgb_encoder.layers.0.1.2.ffn.layers.0.weight - torch.Size([256, 64, 1, 1]): 
Initialized by user-defined `init_weights` in MixVisionTransformer  

rgb_encoder.layers.0.1.2.ffn.layers.0.bias - torch.Size([256]): 
Initialized by user-defined `init_weights` in MixVisionTransformer  

rgb_encoder.layers.0.1.2.ffn.layers.1.weight - torch.Size([256, 1, 3, 3]): 
Initialized by user-defined `init_weights` in MixVisionTransformer  

rgb_encoder.layers.0.1.2.ffn.layers.1.bias - torch.Size([256]): 
Initialized by user-defined `init_weights` in MixVisionTransformer  

rgb_encoder.layers.0.1.2.ffn.layers.4.weight - torch.Size([64, 256, 1, 1]): 
Initialized by user-defined `init_weights` in MixVisionTransformer  

rgb_encoder.layers.0.1.2.ffn.layers.4.bias - torch.Size([64]): 
Initialized by user-defined `init_weights` in MixVisionTransformer  

rgb_encoder.layers.0.2.weight - torch.Size([64]): 
The value is the same before and after calling `init_weights` of RPGVNetV2  

rgb_encoder.layers.0.2.bias - torch.Size([64]): 
The value is the same before and after calling `init_weights` of RPGVNetV2  

rgb_encoder.layers.1.0.projection.weight - torch.Size([128, 64, 3, 3]): 
Initialized by user-defined `init_weights` in MixVisionTransformer  

rgb_encoder.layers.1.0.projection.bias - torch.Size([128]): 
Initialized by user-defined `init_weights` in MixVisionTransformer  

rgb_encoder.layers.1.0.norm.weight - torch.Size([128]): 
The value is the same before and after calling `init_weights` of RPGVNetV2  

rgb_encoder.layers.1.0.norm.bias - torch.Size([128]): 
The value is the same before and after calling `init_weights` of RPGVNetV2  

rgb_encoder.layers.1.1.0.norm1.weight - torch.Size([128]): 
The value is the same before and after calling `init_weights` of RPGVNetV2  

rgb_encoder.layers.1.1.0.norm1.bias - torch.Size([128]): 
The value is the same before and after calling `init_weights` of RPGVNetV2  

rgb_encoder.layers.1.1.0.attn.attn.in_proj_weight - torch.Size([384, 128]): 
The value is the same before and after calling `init_weights` of RPGVNetV2  

rgb_encoder.layers.1.1.0.attn.attn.in_proj_bias - torch.Size([384]): 
The value is the same before and after calling `init_weights` of RPGVNetV2  

rgb_encoder.layers.1.1.0.attn.attn.out_proj.weight - torch.Size([128, 128]): 
Initialized by user-defined `init_weights` in MixVisionTransformer  

rgb_encoder.layers.1.1.0.attn.attn.out_proj.bias - torch.Size([128]): 
The value is the same before and after calling `init_weights` of RPGVNetV2  

rgb_encoder.layers.1.1.0.attn.sr.weight - torch.Size([128, 128, 4, 4]): 
Initialized by user-defined `init_weights` in MixVisionTransformer  

rgb_encoder.layers.1.1.0.attn.sr.bias - torch.Size([128]): 
Initialized by user-defined `init_weights` in MixVisionTransformer  

rgb_encoder.layers.1.1.0.attn.norm.weight - torch.Size([128]): 
The value is the same before and after calling `init_weights` of RPGVNetV2  

rgb_encoder.layers.1.1.0.attn.norm.bias - torch.Size([128]): 
The value is the same before and after calling `init_weights` of RPGVNetV2  

rgb_encoder.layers.1.1.0.norm2.weight - torch.Size([128]): 
The value is the same before and after calling `init_weights` of RPGVNetV2  

rgb_encoder.layers.1.1.0.norm2.bias - torch.Size([128]): 
The value is the same before and after calling `init_weights` of RPGVNetV2  

rgb_encoder.layers.1.1.0.ffn.layers.0.weight - torch.Size([512, 128, 1, 1]): 
Initialized by user-defined `init_weights` in MixVisionTransformer  

rgb_encoder.layers.1.1.0.ffn.layers.0.bias - torch.Size([512]): 
Initialized by user-defined `init_weights` in MixVisionTransformer  

rgb_encoder.layers.1.1.0.ffn.layers.1.weight - torch.Size([512, 1, 3, 3]): 
Initialized by user-defined `init_weights` in MixVisionTransformer  

rgb_encoder.layers.1.1.0.ffn.layers.1.bias - torch.Size([512]): 
Initialized by user-defined `init_weights` in MixVisionTransformer  

rgb_encoder.layers.1.1.0.ffn.layers.4.weight - torch.Size([128, 512, 1, 1]): 
Initialized by user-defined `init_weights` in MixVisionTransformer  

rgb_encoder.layers.1.1.0.ffn.layers.4.bias - torch.Size([128]): 
Initialized by user-defined `init_weights` in MixVisionTransformer  

rgb_encoder.layers.1.1.1.norm1.weight - torch.Size([128]): 
The value is the same before and after calling `init_weights` of RPGVNetV2  

rgb_encoder.layers.1.1.1.norm1.bias - torch.Size([128]): 
The value is the same before and after calling `init_weights` of RPGVNetV2  

rgb_encoder.layers.1.1.1.attn.attn.in_proj_weight - torch.Size([384, 128]): 
The value is the same before and after calling `init_weights` of RPGVNetV2  

rgb_encoder.layers.1.1.1.attn.attn.in_proj_bias - torch.Size([384]): 
The value is the same before and after calling `init_weights` of RPGVNetV2  

rgb_encoder.layers.1.1.1.attn.attn.out_proj.weight - torch.Size([128, 128]): 
Initialized by user-defined `init_weights` in MixVisionTransformer  

rgb_encoder.layers.1.1.1.attn.attn.out_proj.bias - torch.Size([128]): 
The value is the same before and after calling `init_weights` of RPGVNetV2  

rgb_encoder.layers.1.1.1.attn.sr.weight - torch.Size([128, 128, 4, 4]): 
Initialized by user-defined `init_weights` in MixVisionTransformer  

rgb_encoder.layers.1.1.1.attn.sr.bias - torch.Size([128]): 
Initialized by user-defined `init_weights` in MixVisionTransformer  

rgb_encoder.layers.1.1.1.attn.norm.weight - torch.Size([128]): 
The value is the same before and after calling `init_weights` of RPGVNetV2  

rgb_encoder.layers.1.1.1.attn.norm.bias - torch.Size([128]): 
The value is the same before and after calling `init_weights` of RPGVNetV2  

rgb_encoder.layers.1.1.1.norm2.weight - torch.Size([128]): 
The value is the same before and after calling `init_weights` of RPGVNetV2  

rgb_encoder.layers.1.1.1.norm2.bias - torch.Size([128]): 
The value is the same before and after calling `init_weights` of RPGVNetV2  

rgb_encoder.layers.1.1.1.ffn.layers.0.weight - torch.Size([512, 128, 1, 1]): 
Initialized by user-defined `init_weights` in MixVisionTransformer  

rgb_encoder.layers.1.1.1.ffn.layers.0.bias - torch.Size([512]): 
Initialized by user-defined `init_weights` in MixVisionTransformer  

rgb_encoder.layers.1.1.1.ffn.layers.1.weight - torch.Size([512, 1, 3, 3]): 
Initialized by user-defined `init_weights` in MixVisionTransformer  

rgb_encoder.layers.1.1.1.ffn.layers.1.bias - torch.Size([512]): 
Initialized by user-defined `init_weights` in MixVisionTransformer  

rgb_encoder.layers.1.1.1.ffn.layers.4.weight - torch.Size([128, 512, 1, 1]): 
Initialized by user-defined `init_weights` in MixVisionTransformer  

rgb_encoder.layers.1.1.1.ffn.layers.4.bias - torch.Size([128]): 
Initialized by user-defined `init_weights` in MixVisionTransformer  

rgb_encoder.layers.1.1.2.norm1.weight - torch.Size([128]): 
The value is the same before and after calling `init_weights` of RPGVNetV2  

rgb_encoder.layers.1.1.2.norm1.bias - torch.Size([128]): 
The value is the same before and after calling `init_weights` of RPGVNetV2  

rgb_encoder.layers.1.1.2.attn.attn.in_proj_weight - torch.Size([384, 128]): 
The value is the same before and after calling `init_weights` of RPGVNetV2  

rgb_encoder.layers.1.1.2.attn.attn.in_proj_bias - torch.Size([384]): 
The value is the same before and after calling `init_weights` of RPGVNetV2  

rgb_encoder.layers.1.1.2.attn.attn.out_proj.weight - torch.Size([128, 128]): 
Initialized by user-defined `init_weights` in MixVisionTransformer  

rgb_encoder.layers.1.1.2.attn.attn.out_proj.bias - torch.Size([128]): 
The value is the same before and after calling `init_weights` of RPGVNetV2  

rgb_encoder.layers.1.1.2.attn.sr.weight - torch.Size([128, 128, 4, 4]): 
Initialized by user-defined `init_weights` in MixVisionTransformer  

rgb_encoder.layers.1.1.2.attn.sr.bias - torch.Size([128]): 
Initialized by user-defined `init_weights` in MixVisionTransformer  

rgb_encoder.layers.1.1.2.attn.norm.weight - torch.Size([128]): 
The value is the same before and after calling `init_weights` of RPGVNetV2  

rgb_encoder.layers.1.1.2.attn.norm.bias - torch.Size([128]): 
The value is the same before and after calling `init_weights` of RPGVNetV2  

rgb_encoder.layers.1.1.2.norm2.weight - torch.Size([128]): 
The value is the same before and after calling `init_weights` of RPGVNetV2  

rgb_encoder.layers.1.1.2.norm2.bias - torch.Size([128]): 
The value is the same before and after calling `init_weights` of RPGVNetV2  

rgb_encoder.layers.1.1.2.ffn.layers.0.weight - torch.Size([512, 128, 1, 1]): 
Initialized by user-defined `init_weights` in MixVisionTransformer  

rgb_encoder.layers.1.1.2.ffn.layers.0.bias - torch.Size([512]): 
Initialized by user-defined `init_weights` in MixVisionTransformer  

rgb_encoder.layers.1.1.2.ffn.layers.1.weight - torch.Size([512, 1, 3, 3]): 
Initialized by user-defined `init_weights` in MixVisionTransformer  

rgb_encoder.layers.1.1.2.ffn.layers.1.bias - torch.Size([512]): 
Initialized by user-defined `init_weights` in MixVisionTransformer  

rgb_encoder.layers.1.1.2.ffn.layers.4.weight - torch.Size([128, 512, 1, 1]): 
Initialized by user-defined `init_weights` in MixVisionTransformer  

rgb_encoder.layers.1.1.2.ffn.layers.4.bias - torch.Size([128]): 
Initialized by user-defined `init_weights` in MixVisionTransformer  

rgb_encoder.layers.1.1.3.norm1.weight - torch.Size([128]): 
The value is the same before and after calling `init_weights` of RPGVNetV2  

rgb_encoder.layers.1.1.3.norm1.bias - torch.Size([128]): 
The value is the same before and after calling `init_weights` of RPGVNetV2  

rgb_encoder.layers.1.1.3.attn.attn.in_proj_weight - torch.Size([384, 128]): 
The value is the same before and after calling `init_weights` of RPGVNetV2  

rgb_encoder.layers.1.1.3.attn.attn.in_proj_bias - torch.Size([384]): 
The value is the same before and after calling `init_weights` of RPGVNetV2  

rgb_encoder.layers.1.1.3.attn.attn.out_proj.weight - torch.Size([128, 128]): 
Initialized by user-defined `init_weights` in MixVisionTransformer  

rgb_encoder.layers.1.1.3.attn.attn.out_proj.bias - torch.Size([128]): 
The value is the same before and after calling `init_weights` of RPGVNetV2  

rgb_encoder.layers.1.1.3.attn.sr.weight - torch.Size([128, 128, 4, 4]): 
Initialized by user-defined `init_weights` in MixVisionTransformer  

rgb_encoder.layers.1.1.3.attn.sr.bias - torch.Size([128]): 
Initialized by user-defined `init_weights` in MixVisionTransformer  

rgb_encoder.layers.1.1.3.attn.norm.weight - torch.Size([128]): 
The value is the same before and after calling `init_weights` of RPGVNetV2  

rgb_encoder.layers.1.1.3.attn.norm.bias - torch.Size([128]): 
The value is the same before and after calling `init_weights` of RPGVNetV2  

rgb_encoder.layers.1.1.3.norm2.weight - torch.Size([128]): 
The value is the same before and after calling `init_weights` of RPGVNetV2  

rgb_encoder.layers.1.1.3.norm2.bias - torch.Size([128]): 
The value is the same before and after calling `init_weights` of RPGVNetV2  

rgb_encoder.layers.1.1.3.ffn.layers.0.weight - torch.Size([512, 128, 1, 1]): 
Initialized by user-defined `init_weights` in MixVisionTransformer  

rgb_encoder.layers.1.1.3.ffn.layers.0.bias - torch.Size([512]): 
Initialized by user-defined `init_weights` in MixVisionTransformer  

rgb_encoder.layers.1.1.3.ffn.layers.1.weight - torch.Size([512, 1, 3, 3]): 
Initialized by user-defined `init_weights` in MixVisionTransformer  

rgb_encoder.layers.1.1.3.ffn.layers.1.bias - torch.Size([512]): 
Initialized by user-defined `init_weights` in MixVisionTransformer  

rgb_encoder.layers.1.1.3.ffn.layers.4.weight - torch.Size([128, 512, 1, 1]): 
Initialized by user-defined `init_weights` in MixVisionTransformer  

rgb_encoder.layers.1.1.3.ffn.layers.4.bias - torch.Size([128]): 
Initialized by user-defined `init_weights` in MixVisionTransformer  

rgb_encoder.layers.1.2.weight - torch.Size([128]): 
The value is the same before and after calling `init_weights` of RPGVNetV2  

rgb_encoder.layers.1.2.bias - torch.Size([128]): 
The value is the same before and after calling `init_weights` of RPGVNetV2  

rgb_encoder.layers.2.0.projection.weight - torch.Size([320, 128, 3, 3]): 
Initialized by user-defined `init_weights` in MixVisionTransformer  

rgb_encoder.layers.2.0.projection.bias - torch.Size([320]): 
Initialized by user-defined `init_weights` in MixVisionTransformer  

rgb_encoder.layers.2.0.norm.weight - torch.Size([320]): 
The value is the same before and after calling `init_weights` of RPGVNetV2  

rgb_encoder.layers.2.0.norm.bias - torch.Size([320]): 
The value is the same before and after calling `init_weights` of RPGVNetV2  

rgb_encoder.layers.2.1.0.norm1.weight - torch.Size([320]): 
The value is the same before and after calling `init_weights` of RPGVNetV2  

rgb_encoder.layers.2.1.0.norm1.bias - torch.Size([320]): 
The value is the same before and after calling `init_weights` of RPGVNetV2  

rgb_encoder.layers.2.1.0.attn.attn.in_proj_weight - torch.Size([960, 320]): 
The value is the same before and after calling `init_weights` of RPGVNetV2  

rgb_encoder.layers.2.1.0.attn.attn.in_proj_bias - torch.Size([960]): 
The value is the same before and after calling `init_weights` of RPGVNetV2  

rgb_encoder.layers.2.1.0.attn.attn.out_proj.weight - torch.Size([320, 320]): 
Initialized by user-defined `init_weights` in MixVisionTransformer  

rgb_encoder.layers.2.1.0.attn.attn.out_proj.bias - torch.Size([320]): 
The value is the same before and after calling `init_weights` of RPGVNetV2  

rgb_encoder.layers.2.1.0.attn.sr.weight - torch.Size([320, 320, 2, 2]): 
Initialized by user-defined `init_weights` in MixVisionTransformer  

rgb_encoder.layers.2.1.0.attn.sr.bias - torch.Size([320]): 
Initialized by user-defined `init_weights` in MixVisionTransformer  

rgb_encoder.layers.2.1.0.attn.norm.weight - torch.Size([320]): 
The value is the same before and after calling `init_weights` of RPGVNetV2  

rgb_encoder.layers.2.1.0.attn.norm.bias - torch.Size([320]): 
The value is the same before and after calling `init_weights` of RPGVNetV2  

rgb_encoder.layers.2.1.0.norm2.weight - torch.Size([320]): 
The value is the same before and after calling `init_weights` of RPGVNetV2  

rgb_encoder.layers.2.1.0.norm2.bias - torch.Size([320]): 
The value is the same before and after calling `init_weights` of RPGVNetV2  

rgb_encoder.layers.2.1.0.ffn.layers.0.weight - torch.Size([1280, 320, 1, 1]): 
Initialized by user-defined `init_weights` in MixVisionTransformer  

rgb_encoder.layers.2.1.0.ffn.layers.0.bias - torch.Size([1280]): 
Initialized by user-defined `init_weights` in MixVisionTransformer  

rgb_encoder.layers.2.1.0.ffn.layers.1.weight - torch.Size([1280, 1, 3, 3]): 
Initialized by user-defined `init_weights` in MixVisionTransformer  

rgb_encoder.layers.2.1.0.ffn.layers.1.bias - torch.Size([1280]): 
Initialized by user-defined `init_weights` in MixVisionTransformer  

rgb_encoder.layers.2.1.0.ffn.layers.4.weight - torch.Size([320, 1280, 1, 1]): 
Initialized by user-defined `init_weights` in MixVisionTransformer  

rgb_encoder.layers.2.1.0.ffn.layers.4.bias - torch.Size([320]): 
Initialized by user-defined `init_weights` in MixVisionTransformer  

rgb_encoder.layers.2.1.1.norm1.weight - torch.Size([320]): 
The value is the same before and after calling `init_weights` of RPGVNetV2  

rgb_encoder.layers.2.1.1.norm1.bias - torch.Size([320]): 
The value is the same before and after calling `init_weights` of RPGVNetV2  

rgb_encoder.layers.2.1.1.attn.attn.in_proj_weight - torch.Size([960, 320]): 
The value is the same before and after calling `init_weights` of RPGVNetV2  

rgb_encoder.layers.2.1.1.attn.attn.in_proj_bias - torch.Size([960]): 
The value is the same before and after calling `init_weights` of RPGVNetV2  

rgb_encoder.layers.2.1.1.attn.attn.out_proj.weight - torch.Size([320, 320]): 
Initialized by user-defined `init_weights` in MixVisionTransformer  

rgb_encoder.layers.2.1.1.attn.attn.out_proj.bias - torch.Size([320]): 
The value is the same before and after calling `init_weights` of RPGVNetV2  

rgb_encoder.layers.2.1.1.attn.sr.weight - torch.Size([320, 320, 2, 2]): 
Initialized by user-defined `init_weights` in MixVisionTransformer  

rgb_encoder.layers.2.1.1.attn.sr.bias - torch.Size([320]): 
Initialized by user-defined `init_weights` in MixVisionTransformer  

rgb_encoder.layers.2.1.1.attn.norm.weight - torch.Size([320]): 
The value is the same before and after calling `init_weights` of RPGVNetV2  

rgb_encoder.layers.2.1.1.attn.norm.bias - torch.Size([320]): 
The value is the same before and after calling `init_weights` of RPGVNetV2  

rgb_encoder.layers.2.1.1.norm2.weight - torch.Size([320]): 
The value is the same before and after calling `init_weights` of RPGVNetV2  

rgb_encoder.layers.2.1.1.norm2.bias - torch.Size([320]): 
The value is the same before and after calling `init_weights` of RPGVNetV2  

rgb_encoder.layers.2.1.1.ffn.layers.0.weight - torch.Size([1280, 320, 1, 1]): 
Initialized by user-defined `init_weights` in MixVisionTransformer  

rgb_encoder.layers.2.1.1.ffn.layers.0.bias - torch.Size([1280]): 
Initialized by user-defined `init_weights` in MixVisionTransformer  

rgb_encoder.layers.2.1.1.ffn.layers.1.weight - torch.Size([1280, 1, 3, 3]): 
Initialized by user-defined `init_weights` in MixVisionTransformer  

rgb_encoder.layers.2.1.1.ffn.layers.1.bias - torch.Size([1280]): 
Initialized by user-defined `init_weights` in MixVisionTransformer  

rgb_encoder.layers.2.1.1.ffn.layers.4.weight - torch.Size([320, 1280, 1, 1]): 
Initialized by user-defined `init_weights` in MixVisionTransformer  

rgb_encoder.layers.2.1.1.ffn.layers.4.bias - torch.Size([320]): 
Initialized by user-defined `init_weights` in MixVisionTransformer  

rgb_encoder.layers.2.1.2.norm1.weight - torch.Size([320]): 
The value is the same before and after calling `init_weights` of RPGVNetV2  

rgb_encoder.layers.2.1.2.norm1.bias - torch.Size([320]): 
The value is the same before and after calling `init_weights` of RPGVNetV2  

rgb_encoder.layers.2.1.2.attn.attn.in_proj_weight - torch.Size([960, 320]): 
The value is the same before and after calling `init_weights` of RPGVNetV2  

rgb_encoder.layers.2.1.2.attn.attn.in_proj_bias - torch.Size([960]): 
The value is the same before and after calling `init_weights` of RPGVNetV2  

rgb_encoder.layers.2.1.2.attn.attn.out_proj.weight - torch.Size([320, 320]): 
Initialized by user-defined `init_weights` in MixVisionTransformer  

rgb_encoder.layers.2.1.2.attn.attn.out_proj.bias - torch.Size([320]): 
The value is the same before and after calling `init_weights` of RPGVNetV2  

rgb_encoder.layers.2.1.2.attn.sr.weight - torch.Size([320, 320, 2, 2]): 
Initialized by user-defined `init_weights` in MixVisionTransformer  

rgb_encoder.layers.2.1.2.attn.sr.bias - torch.Size([320]): 
Initialized by user-defined `init_weights` in MixVisionTransformer  

rgb_encoder.layers.2.1.2.attn.norm.weight - torch.Size([320]): 
The value is the same before and after calling `init_weights` of RPGVNetV2  

rgb_encoder.layers.2.1.2.attn.norm.bias - torch.Size([320]): 
The value is the same before and after calling `init_weights` of RPGVNetV2  

rgb_encoder.layers.2.1.2.norm2.weight - torch.Size([320]): 
The value is the same before and after calling `init_weights` of RPGVNetV2  

rgb_encoder.layers.2.1.2.norm2.bias - torch.Size([320]): 
The value is the same before and after calling `init_weights` of RPGVNetV2  

rgb_encoder.layers.2.1.2.ffn.layers.0.weight - torch.Size([1280, 320, 1, 1]): 
Initialized by user-defined `init_weights` in MixVisionTransformer  

rgb_encoder.layers.2.1.2.ffn.layers.0.bias - torch.Size([1280]): 
Initialized by user-defined `init_weights` in MixVisionTransformer  

rgb_encoder.layers.2.1.2.ffn.layers.1.weight - torch.Size([1280, 1, 3, 3]): 
Initialized by user-defined `init_weights` in MixVisionTransformer  

rgb_encoder.layers.2.1.2.ffn.layers.1.bias - torch.Size([1280]): 
Initialized by user-defined `init_weights` in MixVisionTransformer  

rgb_encoder.layers.2.1.2.ffn.layers.4.weight - torch.Size([320, 1280, 1, 1]): 
Initialized by user-defined `init_weights` in MixVisionTransformer  

rgb_encoder.layers.2.1.2.ffn.layers.4.bias - torch.Size([320]): 
Initialized by user-defined `init_weights` in MixVisionTransformer  

rgb_encoder.layers.2.1.3.norm1.weight - torch.Size([320]): 
The value is the same before and after calling `init_weights` of RPGVNetV2  

rgb_encoder.layers.2.1.3.norm1.bias - torch.Size([320]): 
The value is the same before and after calling `init_weights` of RPGVNetV2  

rgb_encoder.layers.2.1.3.attn.attn.in_proj_weight - torch.Size([960, 320]): 
The value is the same before and after calling `init_weights` of RPGVNetV2  

rgb_encoder.layers.2.1.3.attn.attn.in_proj_bias - torch.Size([960]): 
The value is the same before and after calling `init_weights` of RPGVNetV2  

rgb_encoder.layers.2.1.3.attn.attn.out_proj.weight - torch.Size([320, 320]): 
Initialized by user-defined `init_weights` in MixVisionTransformer  

rgb_encoder.layers.2.1.3.attn.attn.out_proj.bias - torch.Size([320]): 
The value is the same before and after calling `init_weights` of RPGVNetV2  

rgb_encoder.layers.2.1.3.attn.sr.weight - torch.Size([320, 320, 2, 2]): 
Initialized by user-defined `init_weights` in MixVisionTransformer  

rgb_encoder.layers.2.1.3.attn.sr.bias - torch.Size([320]): 
Initialized by user-defined `init_weights` in MixVisionTransformer  

rgb_encoder.layers.2.1.3.attn.norm.weight - torch.Size([320]): 
The value is the same before and after calling `init_weights` of RPGVNetV2  

rgb_encoder.layers.2.1.3.attn.norm.bias - torch.Size([320]): 
The value is the same before and after calling `init_weights` of RPGVNetV2  

rgb_encoder.layers.2.1.3.norm2.weight - torch.Size([320]): 
The value is the same before and after calling `init_weights` of RPGVNetV2  

rgb_encoder.layers.2.1.3.norm2.bias - torch.Size([320]): 
The value is the same before and after calling `init_weights` of RPGVNetV2  

rgb_encoder.layers.2.1.3.ffn.layers.0.weight - torch.Size([1280, 320, 1, 1]): 
Initialized by user-defined `init_weights` in MixVisionTransformer  

rgb_encoder.layers.2.1.3.ffn.layers.0.bias - torch.Size([1280]): 
Initialized by user-defined `init_weights` in MixVisionTransformer  

rgb_encoder.layers.2.1.3.ffn.layers.1.weight - torch.Size([1280, 1, 3, 3]): 
Initialized by user-defined `init_weights` in MixVisionTransformer  

rgb_encoder.layers.2.1.3.ffn.layers.1.bias - torch.Size([1280]): 
Initialized by user-defined `init_weights` in MixVisionTransformer  

rgb_encoder.layers.2.1.3.ffn.layers.4.weight - torch.Size([320, 1280, 1, 1]): 
Initialized by user-defined `init_weights` in MixVisionTransformer  

rgb_encoder.layers.2.1.3.ffn.layers.4.bias - torch.Size([320]): 
Initialized by user-defined `init_weights` in MixVisionTransformer  

rgb_encoder.layers.2.1.4.norm1.weight - torch.Size([320]): 
The value is the same before and after calling `init_weights` of RPGVNetV2  

rgb_encoder.layers.2.1.4.norm1.bias - torch.Size([320]): 
The value is the same before and after calling `init_weights` of RPGVNetV2  

rgb_encoder.layers.2.1.4.attn.attn.in_proj_weight - torch.Size([960, 320]): 
The value is the same before and after calling `init_weights` of RPGVNetV2  

rgb_encoder.layers.2.1.4.attn.attn.in_proj_bias - torch.Size([960]): 
The value is the same before and after calling `init_weights` of RPGVNetV2  

rgb_encoder.layers.2.1.4.attn.attn.out_proj.weight - torch.Size([320, 320]): 
Initialized by user-defined `init_weights` in MixVisionTransformer  

rgb_encoder.layers.2.1.4.attn.attn.out_proj.bias - torch.Size([320]): 
The value is the same before and after calling `init_weights` of RPGVNetV2  

rgb_encoder.layers.2.1.4.attn.sr.weight - torch.Size([320, 320, 2, 2]): 
Initialized by user-defined `init_weights` in MixVisionTransformer  

rgb_encoder.layers.2.1.4.attn.sr.bias - torch.Size([320]): 
Initialized by user-defined `init_weights` in MixVisionTransformer  

rgb_encoder.layers.2.1.4.attn.norm.weight - torch.Size([320]): 
The value is the same before and after calling `init_weights` of RPGVNetV2  

rgb_encoder.layers.2.1.4.attn.norm.bias - torch.Size([320]): 
The value is the same before and after calling `init_weights` of RPGVNetV2  

rgb_encoder.layers.2.1.4.norm2.weight - torch.Size([320]): 
The value is the same before and after calling `init_weights` of RPGVNetV2  

rgb_encoder.layers.2.1.4.norm2.bias - torch.Size([320]): 
The value is the same before and after calling `init_weights` of RPGVNetV2  

rgb_encoder.layers.2.1.4.ffn.layers.0.weight - torch.Size([1280, 320, 1, 1]): 
Initialized by user-defined `init_weights` in MixVisionTransformer  

rgb_encoder.layers.2.1.4.ffn.layers.0.bias - torch.Size([1280]): 
Initialized by user-defined `init_weights` in MixVisionTransformer  

rgb_encoder.layers.2.1.4.ffn.layers.1.weight - torch.Size([1280, 1, 3, 3]): 
Initialized by user-defined `init_weights` in MixVisionTransformer  

rgb_encoder.layers.2.1.4.ffn.layers.1.bias - torch.Size([1280]): 
Initialized by user-defined `init_weights` in MixVisionTransformer  

rgb_encoder.layers.2.1.4.ffn.layers.4.weight - torch.Size([320, 1280, 1, 1]): 
Initialized by user-defined `init_weights` in MixVisionTransformer  

rgb_encoder.layers.2.1.4.ffn.layers.4.bias - torch.Size([320]): 
Initialized by user-defined `init_weights` in MixVisionTransformer  

rgb_encoder.layers.2.1.5.norm1.weight - torch.Size([320]): 
The value is the same before and after calling `init_weights` of RPGVNetV2  

rgb_encoder.layers.2.1.5.norm1.bias - torch.Size([320]): 
The value is the same before and after calling `init_weights` of RPGVNetV2  

rgb_encoder.layers.2.1.5.attn.attn.in_proj_weight - torch.Size([960, 320]): 
The value is the same before and after calling `init_weights` of RPGVNetV2  

rgb_encoder.layers.2.1.5.attn.attn.in_proj_bias - torch.Size([960]): 
The value is the same before and after calling `init_weights` of RPGVNetV2  

rgb_encoder.layers.2.1.5.attn.attn.out_proj.weight - torch.Size([320, 320]): 
Initialized by user-defined `init_weights` in MixVisionTransformer  

rgb_encoder.layers.2.1.5.attn.attn.out_proj.bias - torch.Size([320]): 
The value is the same before and after calling `init_weights` of RPGVNetV2  

rgb_encoder.layers.2.1.5.attn.sr.weight - torch.Size([320, 320, 2, 2]): 
Initialized by user-defined `init_weights` in MixVisionTransformer  

rgb_encoder.layers.2.1.5.attn.sr.bias - torch.Size([320]): 
Initialized by user-defined `init_weights` in MixVisionTransformer  

rgb_encoder.layers.2.1.5.attn.norm.weight - torch.Size([320]): 
The value is the same before and after calling `init_weights` of RPGVNetV2  

rgb_encoder.layers.2.1.5.attn.norm.bias - torch.Size([320]): 
The value is the same before and after calling `init_weights` of RPGVNetV2  

rgb_encoder.layers.2.1.5.norm2.weight - torch.Size([320]): 
The value is the same before and after calling `init_weights` of RPGVNetV2  

rgb_encoder.layers.2.1.5.norm2.bias - torch.Size([320]): 
The value is the same before and after calling `init_weights` of RPGVNetV2  

rgb_encoder.layers.2.1.5.ffn.layers.0.weight - torch.Size([1280, 320, 1, 1]): 
Initialized by user-defined `init_weights` in MixVisionTransformer  

rgb_encoder.layers.2.1.5.ffn.layers.0.bias - torch.Size([1280]): 
Initialized by user-defined `init_weights` in MixVisionTransformer  

rgb_encoder.layers.2.1.5.ffn.layers.1.weight - torch.Size([1280, 1, 3, 3]): 
Initialized by user-defined `init_weights` in MixVisionTransformer  

rgb_encoder.layers.2.1.5.ffn.layers.1.bias - torch.Size([1280]): 
Initialized by user-defined `init_weights` in MixVisionTransformer  

rgb_encoder.layers.2.1.5.ffn.layers.4.weight - torch.Size([320, 1280, 1, 1]): 
Initialized by user-defined `init_weights` in MixVisionTransformer  

rgb_encoder.layers.2.1.5.ffn.layers.4.bias - torch.Size([320]): 
Initialized by user-defined `init_weights` in MixVisionTransformer  

rgb_encoder.layers.2.2.weight - torch.Size([320]): 
The value is the same before and after calling `init_weights` of RPGVNetV2  

rgb_encoder.layers.2.2.bias - torch.Size([320]): 
The value is the same before and after calling `init_weights` of RPGVNetV2  

rgb_encoder.layers.3.0.projection.weight - torch.Size([512, 320, 3, 3]): 
Initialized by user-defined `init_weights` in MixVisionTransformer  

rgb_encoder.layers.3.0.projection.bias - torch.Size([512]): 
Initialized by user-defined `init_weights` in MixVisionTransformer  

rgb_encoder.layers.3.0.norm.weight - torch.Size([512]): 
The value is the same before and after calling `init_weights` of RPGVNetV2  

rgb_encoder.layers.3.0.norm.bias - torch.Size([512]): 
The value is the same before and after calling `init_weights` of RPGVNetV2  

rgb_encoder.layers.3.1.0.norm1.weight - torch.Size([512]): 
The value is the same before and after calling `init_weights` of RPGVNetV2  

rgb_encoder.layers.3.1.0.norm1.bias - torch.Size([512]): 
The value is the same before and after calling `init_weights` of RPGVNetV2  

rgb_encoder.layers.3.1.0.attn.attn.in_proj_weight - torch.Size([1536, 512]): 
The value is the same before and after calling `init_weights` of RPGVNetV2  

rgb_encoder.layers.3.1.0.attn.attn.in_proj_bias - torch.Size([1536]): 
The value is the same before and after calling `init_weights` of RPGVNetV2  

rgb_encoder.layers.3.1.0.attn.attn.out_proj.weight - torch.Size([512, 512]): 
Initialized by user-defined `init_weights` in MixVisionTransformer  

rgb_encoder.layers.3.1.0.attn.attn.out_proj.bias - torch.Size([512]): 
The value is the same before and after calling `init_weights` of RPGVNetV2  

rgb_encoder.layers.3.1.0.norm2.weight - torch.Size([512]): 
The value is the same before and after calling `init_weights` of RPGVNetV2  

rgb_encoder.layers.3.1.0.norm2.bias - torch.Size([512]): 
The value is the same before and after calling `init_weights` of RPGVNetV2  

rgb_encoder.layers.3.1.0.ffn.layers.0.weight - torch.Size([2048, 512, 1, 1]): 
Initialized by user-defined `init_weights` in MixVisionTransformer  

rgb_encoder.layers.3.1.0.ffn.layers.0.bias - torch.Size([2048]): 
Initialized by user-defined `init_weights` in MixVisionTransformer  

rgb_encoder.layers.3.1.0.ffn.layers.1.weight - torch.Size([2048, 1, 3, 3]): 
Initialized by user-defined `init_weights` in MixVisionTransformer  

rgb_encoder.layers.3.1.0.ffn.layers.1.bias - torch.Size([2048]): 
Initialized by user-defined `init_weights` in MixVisionTransformer  

rgb_encoder.layers.3.1.0.ffn.layers.4.weight - torch.Size([512, 2048, 1, 1]): 
Initialized by user-defined `init_weights` in MixVisionTransformer  

rgb_encoder.layers.3.1.0.ffn.layers.4.bias - torch.Size([512]): 
Initialized by user-defined `init_weights` in MixVisionTransformer  

rgb_encoder.layers.3.1.1.norm1.weight - torch.Size([512]): 
The value is the same before and after calling `init_weights` of RPGVNetV2  

rgb_encoder.layers.3.1.1.norm1.bias - torch.Size([512]): 
The value is the same before and after calling `init_weights` of RPGVNetV2  

rgb_encoder.layers.3.1.1.attn.attn.in_proj_weight - torch.Size([1536, 512]): 
The value is the same before and after calling `init_weights` of RPGVNetV2  

rgb_encoder.layers.3.1.1.attn.attn.in_proj_bias - torch.Size([1536]): 
The value is the same before and after calling `init_weights` of RPGVNetV2  

rgb_encoder.layers.3.1.1.attn.attn.out_proj.weight - torch.Size([512, 512]): 
Initialized by user-defined `init_weights` in MixVisionTransformer  

rgb_encoder.layers.3.1.1.attn.attn.out_proj.bias - torch.Size([512]): 
The value is the same before and after calling `init_weights` of RPGVNetV2  

rgb_encoder.layers.3.1.1.norm2.weight - torch.Size([512]): 
The value is the same before and after calling `init_weights` of RPGVNetV2  

rgb_encoder.layers.3.1.1.norm2.bias - torch.Size([512]): 
The value is the same before and after calling `init_weights` of RPGVNetV2  

rgb_encoder.layers.3.1.1.ffn.layers.0.weight - torch.Size([2048, 512, 1, 1]): 
Initialized by user-defined `init_weights` in MixVisionTransformer  

rgb_encoder.layers.3.1.1.ffn.layers.0.bias - torch.Size([2048]): 
Initialized by user-defined `init_weights` in MixVisionTransformer  

rgb_encoder.layers.3.1.1.ffn.layers.1.weight - torch.Size([2048, 1, 3, 3]): 
Initialized by user-defined `init_weights` in MixVisionTransformer  

rgb_encoder.layers.3.1.1.ffn.layers.1.bias - torch.Size([2048]): 
Initialized by user-defined `init_weights` in MixVisionTransformer  

rgb_encoder.layers.3.1.1.ffn.layers.4.weight - torch.Size([512, 2048, 1, 1]): 
Initialized by user-defined `init_weights` in MixVisionTransformer  

rgb_encoder.layers.3.1.1.ffn.layers.4.bias - torch.Size([512]): 
Initialized by user-defined `init_weights` in MixVisionTransformer  

rgb_encoder.layers.3.1.2.norm1.weight - torch.Size([512]): 
The value is the same before and after calling `init_weights` of RPGVNetV2  

rgb_encoder.layers.3.1.2.norm1.bias - torch.Size([512]): 
The value is the same before and after calling `init_weights` of RPGVNetV2  

rgb_encoder.layers.3.1.2.attn.attn.in_proj_weight - torch.Size([1536, 512]): 
The value is the same before and after calling `init_weights` of RPGVNetV2  

rgb_encoder.layers.3.1.2.attn.attn.in_proj_bias - torch.Size([1536]): 
The value is the same before and after calling `init_weights` of RPGVNetV2  

rgb_encoder.layers.3.1.2.attn.attn.out_proj.weight - torch.Size([512, 512]): 
Initialized by user-defined `init_weights` in MixVisionTransformer  

rgb_encoder.layers.3.1.2.attn.attn.out_proj.bias - torch.Size([512]): 
The value is the same before and after calling `init_weights` of RPGVNetV2  

rgb_encoder.layers.3.1.2.norm2.weight - torch.Size([512]): 
The value is the same before and after calling `init_weights` of RPGVNetV2  

rgb_encoder.layers.3.1.2.norm2.bias - torch.Size([512]): 
The value is the same before and after calling `init_weights` of RPGVNetV2  

rgb_encoder.layers.3.1.2.ffn.layers.0.weight - torch.Size([2048, 512, 1, 1]): 
Initialized by user-defined `init_weights` in MixVisionTransformer  

rgb_encoder.layers.3.1.2.ffn.layers.0.bias - torch.Size([2048]): 
Initialized by user-defined `init_weights` in MixVisionTransformer  

rgb_encoder.layers.3.1.2.ffn.layers.1.weight - torch.Size([2048, 1, 3, 3]): 
Initialized by user-defined `init_weights` in MixVisionTransformer  

rgb_encoder.layers.3.1.2.ffn.layers.1.bias - torch.Size([2048]): 
Initialized by user-defined `init_weights` in MixVisionTransformer  

rgb_encoder.layers.3.1.2.ffn.layers.4.weight - torch.Size([512, 2048, 1, 1]): 
Initialized by user-defined `init_weights` in MixVisionTransformer  

rgb_encoder.layers.3.1.2.ffn.layers.4.bias - torch.Size([512]): 
Initialized by user-defined `init_weights` in MixVisionTransformer  

rgb_encoder.layers.3.2.weight - torch.Size([512]): 
The value is the same before and after calling `init_weights` of RPGVNetV2  

rgb_encoder.layers.3.2.bias - torch.Size([512]): 
The value is the same before and after calling `init_weights` of RPGVNetV2  

global_film.modulators.0.weight - torch.Size([128, 512]): 
The value is the same before and after calling `init_weights` of RPGVNetV2  

global_film.modulators.0.bias - torch.Size([128]): 
The value is the same before and after calling `init_weights` of RPGVNetV2  

global_film.modulators.1.weight - torch.Size([256, 512]): 
The value is the same before and after calling `init_weights` of RPGVNetV2  

global_film.modulators.1.bias - torch.Size([256]): 
The value is the same before and after calling `init_weights` of RPGVNetV2  

global_film.modulators.2.weight - torch.Size([640, 512]): 
The value is the same before and after calling `init_weights` of RPGVNetV2  

global_film.modulators.2.bias - torch.Size([640]): 
The value is the same before and after calling `init_weights` of RPGVNetV2  

global_film.modulators.3.weight - torch.Size([1024, 512]): 
The value is the same before and after calling `init_weights` of RPGVNetV2  

global_film.modulators.3.bias - torch.Size([1024]): 
The value is the same before and after calling `init_weights` of RPGVNetV2  

rgb_aux_head.weight - torch.Size([1, 64, 1, 1]): 
The value is the same before and after calling `init_weights` of RPGVNetV2  

rgb_aux_head.bias - torch.Size([1]): 
The value is the same before and after calling `init_weights` of RPGVNetV2  

rgb_boundary_head.0.weight - torch.Size([32, 64, 3, 3]): 
The value is the same before and after calling `init_weights` of RPGVNetV2  

rgb_boundary_head.0.bias - torch.Size([32]): 
The value is the same before and after calling `init_weights` of RPGVNetV2  

rgb_boundary_head.2.weight - torch.Size([1, 32, 1, 1]): 
The value is the same before and after calling `init_weights` of RPGVNetV2  

rgb_boundary_head.2.bias - torch.Size([1]): 
The value is the same before and after calling `init_weights` of RPGVNetV2  

rectifier.correction_logit - torch.Size([]): 
The value is the same before and after calling `init_weights` of RPGVNetV2  

rectifier.depth_encoder.0.0.weight - torch.Size([32, 4, 3, 3]): 
The value is the same before and after calling `init_weights` of RPGVNetV2  

rectifier.depth_encoder.0.1.weight - torch.Size([32]): 
The value is the same before and after calling `init_weights` of RPGVNetV2  

rectifier.depth_encoder.0.1.bias - torch.Size([32]): 
The value is the same before and after calling `init_weights` of RPGVNetV2  

rectifier.depth_encoder.1.0.weight - torch.Size([32, 32, 3, 3]): 
The value is the same before and after calling `init_weights` of RPGVNetV2  

rectifier.depth_encoder.1.1.weight - torch.Size([32]): 
The value is the same before and after calling `init_weights` of RPGVNetV2  

rectifier.depth_encoder.1.1.bias - torch.Size([32]): 
The value is the same before and after calling `init_weights` of RPGVNetV2  

rectifier.rgb_projection.0.weight - torch.Size([32, 64, 1, 1]): 
The value is the same before and after calling `init_weights` of RPGVNetV2  

rectifier.rgb_projection.1.weight - torch.Size([32]): 
The value is the same before and after calling `init_weights` of RPGVNetV2  

rectifier.rgb_projection.1.bias - torch.Size([32]): 
The value is the same before and after calling `init_weights` of RPGVNetV2  

rectifier.offset_mask.0.0.weight - torch.Size([32, 65, 3, 3]): 
The value is the same before and after calling `init_weights` of RPGVNetV2  

rectifier.offset_mask.0.1.weight - torch.Size([32]): 
The value is the same before and after calling `init_weights` of RPGVNetV2  

rectifier.offset_mask.0.1.bias - torch.Size([32]): 
The value is the same before and after calling `init_weights` of RPGVNetV2  

rectifier.offset_mask.1.weight - torch.Size([27, 32, 3, 3]): 
The value is the same before and after calling `init_weights` of RPGVNetV2  

rectifier.offset_mask.1.bias - torch.Size([27]): 
The value is the same before and after calling `init_weights` of RPGVNetV2  

rectifier.deform.weight - torch.Size([32, 32, 9]): 
The value is the same before and after calling `init_weights` of RPGVNetV2  

rectifier.deform.bias - torch.Size([32]): 
The value is the same before and after calling `init_weights` of RPGVNetV2  

rectifier.learned_reliability.0.0.weight - torch.Size([32, 65, 3, 3]): 
The value is the same before and after calling `init_weights` of RPGVNetV2  

rectifier.learned_reliability.0.1.weight - torch.Size([32]): 
The value is the same before and after calling `init_weights` of RPGVNetV2  

rectifier.learned_reliability.0.1.bias - torch.Size([32]): 
The value is the same before and after calling `init_weights` of RPGVNetV2  

rectifier.learned_reliability.1.weight - torch.Size([1, 32, 1, 1]): 
The value is the same before and after calling `init_weights` of RPGVNetV2  

rectifier.learned_reliability.1.bias - torch.Size([1]): 
The value is the same before and after calling `init_weights` of RPGVNetV2  

rectifier.residual.0.0.weight - torch.Size([32, 33, 3, 3]): 
The value is the same before and after calling `init_weights` of RPGVNetV2  

rectifier.residual.0.1.weight - torch.Size([32]): 
The value is the same before and after calling `init_weights` of RPGVNetV2  

rectifier.residual.0.1.bias - torch.Size([32]): 
The value is the same before and after calling `init_weights` of RPGVNetV2  

rectifier.residual.1.weight - torch.Size([1, 32, 1, 1]): 
The value is the same before and after calling `init_weights` of RPGVNetV2  

rectifier.residual.1.bias - torch.Size([1]): 
The value is the same before and after calling `init_weights` of RPGVNetV2  

geometry_encoder.stem.0.0.weight - torch.Size([32, 8, 3, 3]): 
The value is the same before and after calling `init_weights` of RPGVNetV2  

geometry_encoder.stem.0.1.weight - torch.Size([32]): 
The value is the same before and after calling `init_weights` of RPGVNetV2  

geometry_encoder.stem.0.1.bias - torch.Size([32]): 
The value is the same before and after calling `init_weights` of RPGVNetV2  

geometry_encoder.stem.1.block.0.0.weight - torch.Size([32, 1, 3, 3]): 
The value is the same before and after calling `init_weights` of RPGVNetV2  

geometry_encoder.stem.1.block.0.1.weight - torch.Size([32]): 
The value is the same before and after calling `init_weights` of RPGVNetV2  

geometry_encoder.stem.1.block.0.1.bias - torch.Size([32]): 
The value is the same before and after calling `init_weights` of RPGVNetV2  

geometry_encoder.stem.1.block.1.0.weight - torch.Size([32, 32, 1, 1]): 
The value is the same before and after calling `init_weights` of RPGVNetV2  

geometry_encoder.stem.1.block.1.1.weight - torch.Size([32]): 
The value is the same before and after calling `init_weights` of RPGVNetV2  

geometry_encoder.stem.1.block.1.1.bias - torch.Size([32]): 
The value is the same before and after calling `init_weights` of RPGVNetV2  

geometry_encoder.downsamples.0.block.0.0.weight - torch.Size([32, 1, 3, 3]): 
The value is the same before and after calling `init_weights` of RPGVNetV2  

geometry_encoder.downsamples.0.block.0.1.weight - torch.Size([32]): 
The value is the same before and after calling `init_weights` of RPGVNetV2  

geometry_encoder.downsamples.0.block.0.1.bias - torch.Size([32]): 
The value is the same before and after calling `init_weights` of RPGVNetV2  

geometry_encoder.downsamples.0.block.1.0.weight - torch.Size([64, 32, 1, 1]): 
The value is the same before and after calling `init_weights` of RPGVNetV2  

geometry_encoder.downsamples.0.block.1.1.weight - torch.Size([64]): 
The value is the same before and after calling `init_weights` of RPGVNetV2  

geometry_encoder.downsamples.0.block.1.1.bias - torch.Size([64]): 
The value is the same before and after calling `init_weights` of RPGVNetV2  

geometry_encoder.downsamples.0.shortcut.0.weight - torch.Size([64, 32, 1, 1]): 
The value is the same before and after calling `init_weights` of RPGVNetV2  

geometry_encoder.downsamples.0.shortcut.1.weight - torch.Size([64]): 
The value is the same before and after calling `init_weights` of RPGVNetV2  

geometry_encoder.downsamples.0.shortcut.1.bias - torch.Size([64]): 
The value is the same before and after calling `init_weights` of RPGVNetV2  

geometry_encoder.downsamples.1.block.0.0.weight - torch.Size([64, 1, 3, 3]): 
The value is the same before and after calling `init_weights` of RPGVNetV2  

geometry_encoder.downsamples.1.block.0.1.weight - torch.Size([64]): 
The value is the same before and after calling `init_weights` of RPGVNetV2  

geometry_encoder.downsamples.1.block.0.1.bias - torch.Size([64]): 
The value is the same before and after calling `init_weights` of RPGVNetV2  

geometry_encoder.downsamples.1.block.1.0.weight - torch.Size([128, 64, 1, 1]): 
The value is the same before and after calling `init_weights` of RPGVNetV2  

geometry_encoder.downsamples.1.block.1.1.weight - torch.Size([128]): 
The value is the same before and after calling `init_weights` of RPGVNetV2  

geometry_encoder.downsamples.1.block.1.1.bias - torch.Size([128]): 
The value is the same before and after calling `init_weights` of RPGVNetV2  

geometry_encoder.downsamples.1.shortcut.0.weight - torch.Size([128, 64, 1, 1]): 
The value is the same before and after calling `init_weights` of RPGVNetV2  

geometry_encoder.downsamples.1.shortcut.1.weight - torch.Size([128]): 
The value is the same before and after calling `init_weights` of RPGVNetV2  

geometry_encoder.downsamples.1.shortcut.1.bias - torch.Size([128]): 
The value is the same before and after calling `init_weights` of RPGVNetV2  

geometry_encoder.downsamples.2.block.0.0.weight - torch.Size([128, 1, 3, 3]): 
The value is the same before and after calling `init_weights` of RPGVNetV2  

geometry_encoder.downsamples.2.block.0.1.weight - torch.Size([128]): 
The value is the same before and after calling `init_weights` of RPGVNetV2  

geometry_encoder.downsamples.2.block.0.1.bias - torch.Size([128]): 
The value is the same before and after calling `init_weights` of RPGVNetV2  

geometry_encoder.downsamples.2.block.1.0.weight - torch.Size([256, 128, 1, 1]): 
The value is the same before and after calling `init_weights` of RPGVNetV2  

geometry_encoder.downsamples.2.block.1.1.weight - torch.Size([256]): 
The value is the same before and after calling `init_weights` of RPGVNetV2  

geometry_encoder.downsamples.2.block.1.1.bias - torch.Size([256]): 
The value is the same before and after calling `init_weights` of RPGVNetV2  

geometry_encoder.downsamples.2.shortcut.0.weight - torch.Size([256, 128, 1, 1]): 
The value is the same before and after calling `init_weights` of RPGVNetV2  

geometry_encoder.downsamples.2.shortcut.1.weight - torch.Size([256]): 
The value is the same before and after calling `init_weights` of RPGVNetV2  

geometry_encoder.downsamples.2.shortcut.1.bias - torch.Size([256]): 
The value is the same before and after calling `init_weights` of RPGVNetV2  

geometry_pyramid.laterals.0.0.weight - torch.Size([32, 32, 1, 1]): 
The value is the same before and after calling `init_weights` of RPGVNetV2  

geometry_pyramid.laterals.0.1.weight - torch.Size([32]): 
The value is the same before and after calling `init_weights` of RPGVNetV2  

geometry_pyramid.laterals.0.1.bias - torch.Size([32]): 
The value is the same before and after calling `init_weights` of RPGVNetV2  

geometry_pyramid.laterals.1.0.weight - torch.Size([64, 64, 1, 1]): 
The value is the same before and after calling `init_weights` of RPGVNetV2  

geometry_pyramid.laterals.1.1.weight - torch.Size([64]): 
The value is the same before and after calling `init_weights` of RPGVNetV2  

geometry_pyramid.laterals.1.1.bias - torch.Size([64]): 
The value is the same before and after calling `init_weights` of RPGVNetV2  

geometry_pyramid.laterals.2.0.weight - torch.Size([128, 128, 1, 1]): 
The value is the same before and after calling `init_weights` of RPGVNetV2  

geometry_pyramid.laterals.2.1.weight - torch.Size([128]): 
The value is the same before and after calling `init_weights` of RPGVNetV2  

geometry_pyramid.laterals.2.1.bias - torch.Size([128]): 
The value is the same before and after calling `init_weights` of RPGVNetV2  

geometry_pyramid.laterals.3.0.weight - torch.Size([256, 256, 1, 1]): 
The value is the same before and after calling `init_weights` of RPGVNetV2  

geometry_pyramid.laterals.3.1.weight - torch.Size([256]): 
The value is the same before and after calling `init_weights` of RPGVNetV2  

geometry_pyramid.laterals.3.1.bias - torch.Size([256]): 
The value is the same before and after calling `init_weights` of RPGVNetV2  

geometry_pyramid.top_down.0.0.weight - torch.Size([32, 64, 1, 1]): 
The value is the same before and after calling `init_weights` of RPGVNetV2  

geometry_pyramid.top_down.0.1.weight - torch.Size([32]): 
The value is the same before and after calling `init_weights` of RPGVNetV2  

geometry_pyramid.top_down.0.1.bias - torch.Size([32]): 
The value is the same before and after calling `init_weights` of RPGVNetV2  

geometry_pyramid.top_down.1.0.weight - torch.Size([64, 128, 1, 1]): 
The value is the same before and after calling `init_weights` of RPGVNetV2  

geometry_pyramid.top_down.1.1.weight - torch.Size([64]): 
The value is the same before and after calling `init_weights` of RPGVNetV2  

geometry_pyramid.top_down.1.1.bias - torch.Size([64]): 
The value is the same before and after calling `init_weights` of RPGVNetV2  

geometry_pyramid.top_down.2.0.weight - torch.Size([128, 256, 1, 1]): 
The value is the same before and after calling `init_weights` of RPGVNetV2  

geometry_pyramid.top_down.2.1.weight - torch.Size([128]): 
The value is the same before and after calling `init_weights` of RPGVNetV2  

geometry_pyramid.top_down.2.1.bias - torch.Size([128]): 
The value is the same before and after calling `init_weights` of RPGVNetV2  

geometry_pyramid.refine.0.block.0.0.weight - torch.Size([32, 1, 3, 3]): 
The value is the same before and after calling `init_weights` of RPGVNetV2  

geometry_pyramid.refine.0.block.0.1.weight - torch.Size([32]): 
The value is the same before and after calling `init_weights` of RPGVNetV2  

geometry_pyramid.refine.0.block.0.1.bias - torch.Size([32]): 
The value is the same before and after calling `init_weights` of RPGVNetV2  

geometry_pyramid.refine.0.block.1.0.weight - torch.Size([32, 32, 1, 1]): 
The value is the same before and after calling `init_weights` of RPGVNetV2  

geometry_pyramid.refine.0.block.1.1.weight - torch.Size([32]): 
The value is the same before and after calling `init_weights` of RPGVNetV2  

geometry_pyramid.refine.0.block.1.1.bias - torch.Size([32]): 
The value is the same before and after calling `init_weights` of RPGVNetV2  

geometry_pyramid.refine.1.block.0.0.weight - torch.Size([64, 1, 3, 3]): 
The value is the same before and after calling `init_weights` of RPGVNetV2  

geometry_pyramid.refine.1.block.0.1.weight - torch.Size([64]): 
The value is the same before and after calling `init_weights` of RPGVNetV2  

geometry_pyramid.refine.1.block.0.1.bias - torch.Size([64]): 
The value is the same before and after calling `init_weights` of RPGVNetV2  

geometry_pyramid.refine.1.block.1.0.weight - torch.Size([64, 64, 1, 1]): 
The value is the same before and after calling `init_weights` of RPGVNetV2  

geometry_pyramid.refine.1.block.1.1.weight - torch.Size([64]): 
The value is the same before and after calling `init_weights` of RPGVNetV2  

geometry_pyramid.refine.1.block.1.1.bias - torch.Size([64]): 
The value is the same before and after calling `init_weights` of RPGVNetV2  

geometry_pyramid.refine.2.block.0.0.weight - torch.Size([128, 1, 3, 3]): 
The value is the same before and after calling `init_weights` of RPGVNetV2  

geometry_pyramid.refine.2.block.0.1.weight - torch.Size([128]): 
The value is the same before and after calling `init_weights` of RPGVNetV2  

geometry_pyramid.refine.2.block.0.1.bias - torch.Size([128]): 
The value is the same before and after calling `init_weights` of RPGVNetV2  

geometry_pyramid.refine.2.block.1.0.weight - torch.Size([128, 128, 1, 1]): 
The value is the same before and after calling `init_weights` of RPGVNetV2  

geometry_pyramid.refine.2.block.1.1.weight - torch.Size([128]): 
The value is the same before and after calling `init_weights` of RPGVNetV2  

geometry_pyramid.refine.2.block.1.1.bias - torch.Size([128]): 
The value is the same before and after calling `init_weights` of RPGVNetV2  

geometry_aux_head.weight - torch.Size([1, 32, 1, 1]): 
The value is the same before and after calling `init_weights` of RPGVNetV2  

geometry_aux_head.bias - torch.Size([1]): 
The value is the same before and after calling `init_weights` of RPGVNetV2  

frequency_validator.rgb_projection.0.weight - torch.Size([32, 64, 1, 1]): 
The value is the same before and after calling `init_weights` of RPGVNetV2  

frequency_validator.rgb_projection.1.weight - torch.Size([32]): 
The value is the same before and after calling `init_weights` of RPGVNetV2  

frequency_validator.rgb_projection.1.bias - torch.Size([32]): 
The value is the same before and after calling `init_weights` of RPGVNetV2  

frequency_validator.geometry_projection.0.weight - torch.Size([32, 32, 1, 1]): 
The value is the same before and after calling `init_weights` of RPGVNetV2  

frequency_validator.geometry_projection.1.weight - torch.Size([32]): 
The value is the same before and after calling `init_weights` of RPGVNetV2  

frequency_validator.geometry_projection.1.bias - torch.Size([32]): 
The value is the same before and after calling `init_weights` of RPGVNetV2  

frequency_validator.region_rgb_projection.0.weight - torch.Size([32, 320, 1, 1]): 
The value is the same before and after calling `init_weights` of RPGVNetV2  

frequency_validator.region_rgb_projection.1.weight - torch.Size([32]): 
The value is the same before and after calling `init_weights` of RPGVNetV2  

frequency_validator.region_rgb_projection.1.bias - torch.Size([32]): 
The value is the same before and after calling `init_weights` of RPGVNetV2  

frequency_validator.region_geometry_projection.0.weight - torch.Size([32, 128, 1, 1]): 
The value is the same before and after calling `init_weights` of RPGVNetV2  

frequency_validator.region_geometry_projection.1.weight - torch.Size([32]): 
The value is the same before and after calling `init_weights` of RPGVNetV2  

frequency_validator.region_geometry_projection.1.bias - torch.Size([32]): 
The value is the same before and after calling `init_weights` of RPGVNetV2  

frequency_validator.high_validator.0.0.weight - torch.Size([96, 290, 3, 3]): 
The value is the same before and after calling `init_weights` of RPGVNetV2  

frequency_validator.high_validator.0.1.weight - torch.Size([96]): 
The value is the same before and after calling `init_weights` of RPGVNetV2  

frequency_validator.high_validator.0.1.bias - torch.Size([96]): 
The value is the same before and after calling `init_weights` of RPGVNetV2  

frequency_validator.high_validator.1.weight - torch.Size([96, 96, 1, 1]): 
The value is the same before and after calling `init_weights` of RPGVNetV2  

frequency_validator.high_validator.1.bias - torch.Size([96]): 
The value is the same before and after calling `init_weights` of RPGVNetV2  

frequency_validator.high_projection.weight - torch.Size([96, 96, 1, 1]): 
The value is the same before and after calling `init_weights` of RPGVNetV2  

frequency_validator.high_projection.bias - torch.Size([96]): 
The value is the same before and after calling `init_weights` of RPGVNetV2  

frequency_validator.region_validator.0.0.weight - torch.Size([32, 98, 3, 3]): 
The value is the same before and after calling `init_weights` of RPGVNetV2  

frequency_validator.region_validator.0.1.weight - torch.Size([32]): 
The value is the same before and after calling `init_weights` of RPGVNetV2  

frequency_validator.region_validator.0.1.bias - torch.Size([32]): 
The value is the same before and after calling `init_weights` of RPGVNetV2  

frequency_validator.region_validator.1.weight - torch.Size([32, 32, 1, 1]): 
The value is the same before and after calling `init_weights` of RPGVNetV2  

frequency_validator.region_validator.1.bias - torch.Size([32]): 
The value is the same before and after calling `init_weights` of RPGVNetV2  

frequency_validator.low_projection.weight - torch.Size([32, 32, 1, 1]): 
The value is the same before and after calling `init_weights` of RPGVNetV2  

frequency_validator.low_projection.bias - torch.Size([32]): 
The value is the same before and after calling `init_weights` of RPGVNetV2  

high_fusion.delta_projection.0.weight - torch.Size([64, 32, 1, 1]): 
The value is the same before and after calling `init_weights` of RPGVNetV2  

high_fusion.delta_projection.1.weight - torch.Size([64]): 
The value is the same before and after calling `init_weights` of RPGVNetV2  

high_fusion.delta_projection.1.bias - torch.Size([64]): 
The value is the same before and after calling `init_weights` of RPGVNetV2  

low_fusion.delta_projection.0.weight - torch.Size([320, 32, 1, 1]): 
The value is the same before and after calling `init_weights` of RPGVNetV2  

low_fusion.delta_projection.1.weight - torch.Size([320]): 
The value is the same before and after calling `init_weights` of RPGVNetV2  

low_fusion.delta_projection.1.bias - torch.Size([320]): 
The value is the same before and after calling `init_weights` of RPGVNetV2  

decoder.projections.0.0.weight - torch.Size([64, 64, 1, 1]): 
The value is the same before and after calling `init_weights` of RPGVNetV2  

decoder.projections.0.1.weight - torch.Size([64]): 
The value is the same before and after calling `init_weights` of RPGVNetV2  

decoder.projections.0.1.bias - torch.Size([64]): 
The value is the same before and after calling `init_weights` of RPGVNetV2  

decoder.projections.1.0.weight - torch.Size([64, 128, 1, 1]): 
The value is the same before and after calling `init_weights` of RPGVNetV2  

decoder.projections.1.1.weight - torch.Size([64]): 
The value is the same before and after calling `init_weights` of RPGVNetV2  

decoder.projections.1.1.bias - torch.Size([64]): 
The value is the same before and after calling `init_weights` of RPGVNetV2  

decoder.projections.2.0.weight - torch.Size([64, 320, 1, 1]): 
The value is the same before and after calling `init_weights` of RPGVNetV2  

decoder.projections.2.1.weight - torch.Size([64]): 
The value is the same before and after calling `init_weights` of RPGVNetV2  

decoder.projections.2.1.bias - torch.Size([64]): 
The value is the same before and after calling `init_weights` of RPGVNetV2  

decoder.projections.3.0.weight - torch.Size([64, 512, 1, 1]): 
The value is the same before and after calling `init_weights` of RPGVNetV2  

decoder.projections.3.1.weight - torch.Size([64]): 
The value is the same before and after calling `init_weights` of RPGVNetV2  

decoder.projections.3.1.bias - torch.Size([64]): 
The value is the same before and after calling `init_weights` of RPGVNetV2  

decoder.refine.0.block.0.0.weight - torch.Size([64, 1, 3, 3]): 
The value is the same before and after calling `init_weights` of RPGVNetV2  

decoder.refine.0.block.0.1.weight - torch.Size([64]): 
The value is the same before and after calling `init_weights` of RPGVNetV2  

decoder.refine.0.block.0.1.bias - torch.Size([64]): 
The value is the same before and after calling `init_weights` of RPGVNetV2  

decoder.refine.0.block.1.0.weight - torch.Size([64, 64, 1, 1]): 
The value is the same before and after calling `init_weights` of RPGVNetV2  

decoder.refine.0.block.1.1.weight - torch.Size([64]): 
The value is the same before and after calling `init_weights` of RPGVNetV2  

decoder.refine.0.block.1.1.bias - torch.Size([64]): 
The value is the same before and after calling `init_weights` of RPGVNetV2  

decoder.refine.1.block.0.0.weight - torch.Size([64, 1, 3, 3]): 
The value is the same before and after calling `init_weights` of RPGVNetV2  

decoder.refine.1.block.0.1.weight - torch.Size([64]): 
The value is the same before and after calling `init_weights` of RPGVNetV2  

decoder.refine.1.block.0.1.bias - torch.Size([64]): 
The value is the same before and after calling `init_weights` of RPGVNetV2  

decoder.refine.1.block.1.0.weight - torch.Size([64, 64, 1, 1]): 
The value is the same before and after calling `init_weights` of RPGVNetV2  

decoder.refine.1.block.1.1.weight - torch.Size([64]): 
The value is the same before and after calling `init_weights` of RPGVNetV2  

decoder.refine.1.block.1.1.bias - torch.Size([64]): 
The value is the same before and after calling `init_weights` of RPGVNetV2  

refiner.coarse_head.weight - torch.Size([1, 64, 1, 1]): 
The value is the same before and after calling `init_weights` of RPGVNetV2  

refiner.coarse_head.bias - torch.Size([1]): 
The value is the same before and after calling `init_weights` of RPGVNetV2  

refiner.rgb_stem.0.0.weight - torch.Size([24, 3, 3, 3]): 
The value is the same before and after calling `init_weights` of RPGVNetV2  

refiner.rgb_stem.0.1.weight - torch.Size([24]): 
The value is the same before and after calling `init_weights` of RPGVNetV2  

refiner.rgb_stem.0.1.bias - torch.Size([24]): 
The value is the same before and after calling `init_weights` of RPGVNetV2  

refiner.rgb_stem.1.block.0.0.weight - torch.Size([24, 1, 3, 3]): 
The value is the same before and after calling `init_weights` of RPGVNetV2  

refiner.rgb_stem.1.block.0.1.weight - torch.Size([24]): 
The value is the same before and after calling `init_weights` of RPGVNetV2  

refiner.rgb_stem.1.block.0.1.bias - torch.Size([24]): 
The value is the same before and after calling `init_weights` of RPGVNetV2  

refiner.rgb_stem.1.block.1.0.weight - torch.Size([24, 24, 1, 1]): 
The value is the same before and after calling `init_weights` of RPGVNetV2  

refiner.rgb_stem.1.block.1.1.weight - torch.Size([24]): 
The value is the same before and after calling `init_weights` of RPGVNetV2  

refiner.rgb_stem.1.block.1.1.bias - torch.Size([24]): 
The value is the same before and after calling `init_weights` of RPGVNetV2  

refiner.semantic_projection.0.weight - torch.Size([24, 64, 1, 1]): 
The value is the same before and after calling `init_weights` of RPGVNetV2  

refiner.semantic_projection.1.weight - torch.Size([24]): 
The value is the same before and after calling `init_weights` of RPGVNetV2  

refiner.semantic_projection.1.bias - torch.Size([24]): 
The value is the same before and after calling `init_weights` of RPGVNetV2  

refiner.contour.0.0.weight - torch.Size([24, 49, 1, 1]): 
The value is the same before and after calling `init_weights` of RPGVNetV2  

refiner.contour.0.1.weight - torch.Size([24]): 
The value is the same before and after calling `init_weights` of RPGVNetV2  

refiner.contour.0.1.bias - torch.Size([24]): 
The value is the same before and after calling `init_weights` of RPGVNetV2  

refiner.contour.1.block.0.0.weight - torch.Size([24, 1, 3, 3]): 
The value is the same before and after calling `init_weights` of RPGVNetV2  

refiner.contour.1.block.0.1.weight - torch.Size([24]): 
The value is the same before and after calling `init_weights` of RPGVNetV2  

refiner.contour.1.block.0.1.bias - torch.Size([24]): 
The value is the same before and after calling `init_weights` of RPGVNetV2  

refiner.contour.1.block.1.0.weight - torch.Size([24, 24, 1, 1]): 
The value is the same before and after calling `init_weights` of RPGVNetV2  

refiner.contour.1.block.1.1.weight - torch.Size([24]): 
The value is the same before and after calling `init_weights` of RPGVNetV2  

refiner.contour.1.block.1.1.bias - torch.Size([24]): 
The value is the same before and after calling `init_weights` of RPGVNetV2  

refiner.contour.2.weight - torch.Size([1, 24, 1, 1]): 
The value is the same before and after calling `init_weights` of RPGVNetV2  

refiner.contour.2.bias - torch.Size([1]): 
The value is the same before and after calling `init_weights` of RPGVNetV2  
2026/09/27 13:54:50 - mmengine - INFO - Load checkpoint from /workspace/work_dirs/rpgv_v2_joint_fixed/best_binary_Foreground_IoU_iter_64000.pth
2026/09/27 13:54:50 - mmengine - WARNING - "FileClient" will be deprecated in future. Please use io functions in https://mmengine.readthedocs.io/en/latest/api/fileio.html#file-io
2026/09/27 13:54:50 - mmengine - WARNING - "HardDiskBackend" is the alias of "LocalBackend" and the former will be deprecated in future.
2026/09/27 13:54:50 - mmengine - INFO - Checkpoints will be saved to /workspace/work_dirs/rpgv_v2_quick_screen/finetune/progressive_base/train.
2026/09/27 13:56:01 - mmengine - INFO - Iter(train) [  50/1000]  base_lr: 4.9495e-05 lr: 4.9495e-06  eta: 0:22:35  time: 1.4148  data_time: 0.8078  memory: 8254  loss: 0.4745  loss_final: 0.1627  loss_rgb: 0.0908  loss_geometry: 0.1195  correction_scale: 0.1140  loss_coarse: 0.0489  loss_boundary: 0.0464  loss_sdf: 0.0060  grad_norm: 9.8112
2026/09/27 13:57:06 - mmengine - INFO - Iter(train) [ 100/1000]  base_lr: 1.0000e-04 lr: 1.0000e-05  eta: 0:20:19  time: 1.2692  data_time: 0.6683  memory: 8254  loss: 0.4652  loss_final: 0.1503  loss_rgb: 0.0946  loss_geometry: 0.1206  correction_scale: 0.1140  loss_coarse: 0.0452  loss_boundary: 0.0477  loss_sdf: 0.0067  grad_norm: 5.4516
2026/09/27 13:58:10 - mmengine - INFO - Iter(train) [ 150/1000]  base_lr: 9.5081e-05 lr: 9.5081e-06  eta: 0:18:53  time: 1.3589  data_time: 0.7669  memory: 8254  loss: 0.4220  loss_final: 0.1328  loss_rgb: 0.0888  loss_geometry: 0.1086  correction_scale: 0.1140  loss_coarse: 0.0400  loss_boundary: 0.0452  loss_sdf: 0.0066  grad_norm: 4.7017
2026/09/27 13:59:14 - mmengine - INFO - Iter(train) [ 200/1000]  base_lr: 9.0032e-05 lr: 9.0032e-06  eta: 0:17:34  time: 1.0628  data_time: 0.4725  memory: 8254  loss: 0.3498  loss_final: 0.0817  loss_rgb: 0.0836  loss_geometry: 0.1101  correction_scale: 0.1140  loss_coarse: 0.0246  loss_boundary: 0.0460  loss_sdf: 0.0037  grad_norm: 2.8398
2026/09/27 14:00:22 - mmengine - INFO - Iter(train) [ 250/1000]  base_lr: 8.4952e-05 lr: 8.4952e-06  eta: 0:16:37  time: 1.6021  data_time: 1.0476  memory: 8254  loss: 0.3756  loss_final: 0.1072  loss_rgb: 0.0847  loss_geometry: 0.1006  correction_scale: 0.1140  loss_coarse: 0.0323  loss_boundary: 0.0453  loss_sdf: 0.0056  grad_norm: 2.4248
2026/09/27 14:01:28 - mmengine - INFO - Iter(train) [ 300/1000]  base_lr: 7.9837e-05 lr: 7.9837e-06  eta: 0:15:28  time: 1.1883  data_time: 0.6089  memory: 8254  loss: 0.3585  loss_final: 0.0928  loss_rgb: 0.0798  loss_geometry: 0.1088  correction_scale: 0.1140  loss_coarse: 0.0280  loss_boundary: 0.0443  loss_sdf: 0.0047  grad_norm: 2.0499
2026/09/27 14:01:33 - mmengine - INFO - Exp name: config_20260927_135446
2026/09/27 14:02:34 - mmengine - INFO - Iter(train) [ 350/1000]  base_lr: 7.4686e-05 lr: 7.4686e-06  eta: 0:14:20  time: 1.3623  data_time: 0.7437  memory: 8254  loss: 0.3597  loss_final: 0.0886  loss_rgb: 0.0930  loss_geometry: 0.0992  correction_scale: 0.1140  loss_coarse: 0.0267  loss_boundary: 0.0483  loss_sdf: 0.0040  grad_norm: 1.6337
2026/09/27 14:03:34 - mmengine - INFO - Iter(train) [ 400/1000]  base_lr: 6.9495e-05 lr: 6.9495e-06  eta: 0:13:06  time: 1.0744  data_time: 0.4465  memory: 8254  loss: 0.3540  loss_final: 0.0879  loss_rgb: 0.0879  loss_geometry: 0.1023  correction_scale: 0.1140  loss_coarse: 0.0265  loss_boundary: 0.0452  loss_sdf: 0.0041  grad_norm: 1.5020
2026/09/27 14:04:41 - mmengine - INFO - Iter(train) [ 450/1000]  base_lr: 6.4260e-05 lr: 6.4260e-06  eta: 0:12:01  time: 1.4681  data_time: 0.9141  memory: 8254  loss: 0.3479  loss_final: 0.0850  loss_rgb: 0.0808  loss_geometry: 0.1092  correction_scale: 0.1140  loss_coarse: 0.0256  loss_boundary: 0.0435  loss_sdf: 0.0037  grad_norm: 2.3949
2026/09/27 14:05:44 - mmengine - INFO - Iter(train) [ 500/1000]  base_lr: 5.8978e-05 lr: 5.8978e-06  eta: 0:10:53  time: 1.1867  data_time: 0.5960  memory: 8254  loss: 0.3604  loss_final: 0.0967  loss_rgb: 0.0813  loss_geometry: 0.1059  correction_scale: 0.1140  loss_coarse: 0.0291  loss_boundary: 0.0430  loss_sdf: 0.0045  grad_norm: 1.2408
2026/09/27 14:05:44 - mmengine - INFO - Saving checkpoint at 500 iterations
2026/09/27 14:06:49 - mmengine - INFO - Iter(train) [ 550/1000]  base_lr: 5.3642e-05 lr: 5.3642e-06  eta: 0:09:47  time: 1.3927  data_time: 0.8227  memory: 8254  loss: 0.3651  loss_final: 0.0973  loss_rgb: 0.0837  loss_geometry: 0.1047  correction_scale: 0.1140  loss_coarse: 0.0293  loss_boundary: 0.0453  loss_sdf: 0.0047  grad_norm: 1.6673
2026/09/27 14:07:53 - mmengine - INFO - Iter(train) [ 600/1000]  base_lr: 4.8247e-05 lr: 4.8247e-06  eta: 0:08:41  time: 1.2051  data_time: 0.6052  memory: 8254  loss: 0.3764  loss_final: 0.1060  loss_rgb: 0.0873  loss_geometry: 0.0995  correction_scale: 0.1140  loss_coarse: 0.0320  loss_boundary: 0.0467  loss_sdf: 0.0049  grad_norm: 1.7482
2026/09/27 14:08:58 - mmengine - INFO - Iter(train) [ 650/1000]  base_lr: 4.2784e-05 lr: 4.2784e-06  eta: 0:07:36  time: 1.3756  data_time: 0.7337  memory: 8254  loss: 0.3811  loss_final: 0.1093  loss_rgb: 0.0870  loss_geometry: 0.1015  correction_scale: 0.1140  loss_coarse: 0.0328  loss_boundary: 0.0451  loss_sdf: 0.0054  grad_norm: 2.1485
2026/09/27 14:10:00 - mmengine - INFO - Iter(train) [ 700/1000]  base_lr: 3.7241e-05 lr: 3.7241e-06  eta: 0:06:30  time: 1.2285  data_time: 0.6267  memory: 8254  loss: 0.3779  loss_final: 0.0931  loss_rgb: 0.0849  loss_geometry: 0.1222  correction_scale: 0.1140  loss_coarse: 0.0280  loss_boundary: 0.0450  loss_sdf: 0.0047  grad_norm: 1.3955
2026/09/27 14:11:08 - mmengine - INFO - Iter(train) [ 750/1000]  base_lr: 3.1605e-05 lr: 3.1605e-06  eta: 0:05:25  time: 1.4756  data_time: 0.8895  memory: 8254  loss: 0.3322  loss_final: 0.0773  loss_rgb: 0.0803  loss_geometry: 0.1056  correction_scale: 0.1140  loss_coarse: 0.0233  loss_boundary: 0.0420  loss_sdf: 0.0037  grad_norm: 1.4676
2026/09/27 14:12:12 - mmengine - INFO - Iter(train) [ 800/1000]  base_lr: 2.5855e-05 lr: 2.5855e-06  eta: 0:04:20  time: 1.2163  data_time: 0.6614  memory: 8254  loss: 0.3585  loss_final: 0.0950  loss_rgb: 0.0786  loss_geometry: 0.1092  correction_scale: 0.1140  loss_coarse: 0.0286  loss_boundary: 0.0422  loss_sdf: 0.0049  grad_norm: 1.9823
2026/09/27 14:13:18 - mmengine - INFO - Iter(train) [ 850/1000]  base_lr: 1.9957e-05 lr: 1.9957e-06  eta: 0:03:15  time: 1.4645  data_time: 0.8795  memory: 8254  loss: 0.3457  loss_final: 0.0882  loss_rgb: 0.0811  loss_geometry: 0.1028  correction_scale: 0.1140  loss_coarse: 0.0266  loss_boundary: 0.0427  loss_sdf: 0.0043  grad_norm: 1.5566
2026/09/27 14:14:21 - mmengine - INFO - Iter(train) [ 900/1000]  base_lr: 1.3855e-05 lr: 1.3855e-06  eta: 0:02:10  time: 1.1199  data_time: 0.5357  memory: 8254  loss: 0.3890  loss_final: 0.1084  loss_rgb: 0.0936  loss_geometry: 0.1008  correction_scale: 0.1140  loss_coarse: 0.0327  loss_boundary: 0.0483  loss_sdf: 0.0053  grad_norm: 1.6083
2026/09/27 14:15:26 - mmengine - INFO - Iter(train) [ 950/1000]  base_lr: 7.4249e-06 lr: 7.4249e-07  eta: 0:01:05  time: 1.4064  data_time: 0.7647  memory: 8254  loss: 0.3531  loss_final: 0.0921  loss_rgb: 0.0826  loss_geometry: 0.1023  correction_scale: 0.1140  loss_coarse: 0.0278  loss_boundary: 0.0437  loss_sdf: 0.0046  grad_norm: 1.3519
2026/09/27 14:16:28 - mmengine - INFO - Exp name: config_20260927_135446
2026/09/27 14:16:28 - mmengine - INFO - Iter(train) [1000/1000]  base_lr: 0.0000e+00 lr: 0.0000e+00  eta: 0:00:00  time: 1.1593  data_time: 0.5916  memory: 8254  loss: 0.3719  loss_final: 0.0991  loss_rgb: 0.0836  loss_geometry: 0.1108  correction_scale: 0.1140  loss_coarse: 0.0292  loss_boundary: 0.0444  loss_sdf: 0.0049  grad_norm: 6.4912
2026/09/27 14:16:28 - mmengine - INFO - Saving checkpoint at 1000 iterations
2026/09/27 14:17:21 - mmengine - INFO - Iter(val) [50/64]    eta: 0:00:14  time: 0.9542  data_time: 0.0206  memory: 1657  
2026/09/27 14:17:34 - mmengine - INFO - per class results:
2026/09/27 14:17:34 - mmengine - INFO - 
+------------------+-------+-------+-------+
|      Class       |  IoU  |  Acc  |  Dice |
+------------------+-------+-------+-------+
|    background    |  96.2 | 96.61 | 98.06 |
| wastewater_plant | 71.03 | 95.64 | 83.06 |
+------------------+-------+-------+-------+
2026/09/27 14:17:34 - mmengine - INFO - Iter(val) [64/64]    aAcc: 96.5200  mIoU: 83.6200  mAcc: 96.1200  mDice: 90.5600  data_time: 0.0474  time: 1.0072
2026/09/27 14:17:35 - mmengine - INFO - The best checkpoint with 83.6200 mIoU at 1000 iter is saved to best_mIoU_iter_1000.pth.
