2026/09/22 14:48:03 - mmengine - INFO - 
------------------------------------------------------------
System environment:
    sys.platform: linux
    Python: 3.10.13 (main, Sep 11 2023, 13:44:35) [GCC 11.2.0]
    CUDA available: True
    MUSA available: False
    numpy_random_seed: 42
    GPU 0: NVIDIA L4
    CUDA_HOME: /usr/local/cuda
    NVCC: Cuda compilation tools, release 12.1, V12.1.105
    GCC: gcc (Ubuntu 9.4.0-1ubuntu1~20.04.2) 9.4.0
    PyTorch: 2.1.2
    PyTorch compiling details: PyTorch built with:
  - GCC 9.3
  - C++ Version: 201703
  - Intel(R) oneAPI Math Kernel Library Version 2023.1-Product Build 20230303 for Intel(R) 64 architecture applications
  - Intel(R) MKL-DNN v3.1.1 (Git Hash 64f6bcbcbab628e96f33a62c3e975f8535a7bde4)
  - OpenMP 201511 (a.k.a. OpenMP 4.5)
  - LAPACK is enabled (usually provided by MKL)
  - NNPACK is enabled
  - CPU capability usage: AVX512
  - CUDA Runtime 12.1
  - NVCC architecture flags: -gencode;arch=compute_50,code=sm_50;-gencode;arch=compute_60,code=sm_60;-gencode;arch=compute_61,code=sm_61;-gencode;arch=compute_70,code=sm_70;-gencode;arch=compute_75,code=sm_75;-gencode;arch=compute_80,code=sm_80;-gencode;arch=compute_86,code=sm_86;-gencode;arch=compute_90,code=sm_90
  - CuDNN 8.9.2
  - Magma 2.6.1
  - Build settings: BLAS_INFO=mkl, BUILD_TYPE=Release, CUDA_VERSION=12.1, CUDNN_VERSION=8.9.2, CXX_COMPILER=/opt/rh/devtoolset-9/root/usr/bin/c++, CXX_FLAGS= -D_GLIBCXX_USE_CXX11_ABI=0 -fabi-version=11 -fvisibility-inlines-hidden -DUSE_PTHREADPOOL -DNDEBUG -DUSE_KINETO -DLIBKINETO_NOROCTRACER -DUSE_FBGEMM -DUSE_QNNPACK -DUSE_PYTORCH_QNNPACK -DUSE_XNNPACK -DSYMBOLICATE_MOBILE_DEBUG_HANDLE -O2 -fPIC -Wall -Wextra -Werror=return-type -Werror=non-virtual-dtor -Werror=bool-operation -Wnarrowing -Wno-missing-field-initializers -Wno-type-limits -Wno-array-bounds -Wno-unknown-pragmas -Wno-unused-parameter -Wno-unused-function -Wno-unused-result -Wno-strict-overflow -Wno-strict-aliasing -Wno-stringop-overflow -Wno-psabi -Wno-error=pedantic -Wno-error=old-style-cast -Wno-invalid-partial-specialization -Wno-unused-private-field -Wno-aligned-allocation-unavailable -Wno-missing-braces -fdiagnostics-color=always -faligned-new -Wno-unused-but-set-variable -Wno-maybe-uninitialized -fno-math-errno -fno-trapping-math -Werror=format -Werror=cast-function-type -Wno-stringop-overflow, LAPACK_INFO=mkl, PERF_WITH_AVX=1, PERF_WITH_AVX2=1, PERF_WITH_AVX512=1, TORCH_DISABLE_GPU_ASSERTS=ON, TORCH_VERSION=2.1.2, USE_CUDA=ON, USE_CUDNN=ON, USE_EXCEPTION_PTR=1, USE_GFLAGS=OFF, USE_GLOG=OFF, USE_MKL=ON, USE_MKLDNN=ON, USE_MPI=OFF, USE_NCCL=ON, USE_NNPACK=ON, USE_OPENMP=ON, USE_ROCM=OFF, 

    TorchVision: 0.16.2
    OpenCV: 4.9.0
    MMEngine: 0.10.7

Runtime environment:
    cudnn_benchmark: True
    mp_cfg: {'mp_start_method': 'fork', 'opencv_num_threads': 0}
    dist_cfg: {'backend': 'nccl'}
    seed: 42
    deterministic: False
    Distributed launcher: none
    Distributed training: False
    GPU number: 1
------------------------------------------------------------

2026/09/22 14:48:04 - mmengine - INFO - Config:
auto_scale_lr = dict(base_batch_size=8, enable=False)
checkpoint = 'https://download.openmmlab.com/mmsegmentation/v0.5/pretrain/segformer/mit_b2_20220624-66e8bf70.pth'
crop_size = (
    1024,
    1024,
)
custom_hooks = [
    dict(
        min_delta=0.0,
        monitor='binary/Foreground_IoU',
        patience=20,
        rule='greater',
        strict=True,
        type='EarlyStoppingHook'),
]
custom_imports = dict(
    allow_failed_imports=False, imports=[
        'wwtpseg',
        'mmdet.models',
    ])
data_preprocessor = dict(
    bgr_to_rgb=False,
    pad_val=0,
    seg_pad_val=255,
    size=(
        1024,
        1024,
    ),
    test_cfg=dict(size_divisor=32),
    type='SegDataPreProcessor')
data_root = '/workspace/wwtp_semantic_dataset'
dataset_type = 'WWTPDataset'
default_hooks = dict(
    checkpoint=dict(
        by_epoch=False,
        interval=2000,
        max_keep_ckpts=3,
        rule='greater',
        save_best='binary/Foreground_IoU',
        type='CheckpointHook'),
    logger=dict(interval=50, log_metric_by_epoch=False, type='LoggerHook'),
    param_scheduler=dict(type='ParamSchedulerHook'),
    sampler_seed=dict(type='DistSamplerSeedHook'),
    timer=dict(type='IterTimerHook'),
    visualization=dict(type='SegVisualizationHook'))
default_scope = 'mmseg'
env_cfg = dict(
    cudnn_benchmark=True,
    dist_cfg=dict(backend='nccl'),
    mp_cfg=dict(mp_start_method='fork', opencv_num_threads=0))
launcher = 'none'
load_from = None
log_level = 'INFO'
log_processor = dict(by_epoch=False)
metrics = [
    dict(
        iou_metrics=[
            'mIoU',
            'mDice',
            'mFscore',
        ],
        nan_to_num=0,
        type='IoUMetric'),
    dict(boundary_tolerance=3, pixel_size_m=0.5, type='BinaryBoundaryMetric'),
]
model = dict(
    coarse_loss_weight=0.3,
    component_cfg=dict(
        boundary_fusion=True,
        boundary_refinement=True,
        depth_rectification=True,
        detail_refinement=True,
        frequency_validation=True,
        learned_reliability=True,
        region_fusion=True,
        reliability_weighting=True),
    contour_truncation=10.0,
    correction_scale=0.1,
    correction_smoothness_weight=0.02,
    data_preprocessor=dict(
        bgr_to_rgb=False,
        pad_val=0,
        seg_pad_val=255,
        size=(
            1024,
            1024,
        ),
        test_cfg=dict(size_divisor=32),
        type='SegDataPreProcessor'),
    decoder_channels=64,
    detail_channels=24,
    geometry_channels=[
        32,
        64,
        128,
        256,
    ],
    geometry_dropout_prob=0.15,
    global_thumbnail_size=512,
    loss_weights=dict(
        boundary=0.2,
        equivariance=0.05,
        final=1.0,
        geometry=0.2,
        preserve=0.05,
        reliability=0.05,
        rgb=0.3,
        sdf=0.1),
    max_correction_scale=0.25,
    max_logit_correction=2.0,
    max_offset=2.0,
    region_loss_weight=0.1,
    rgb_channels=[
        64,
        128,
        320,
        512,
    ],
    rgb_encoder=dict(
        attn_drop_rate=0.0,
        drop_path_rate=0.1,
        drop_rate=0.0,
        embed_dims=64,
        in_channels=3,
        init_cfg=dict(
            checkpoint=
            'https://download.openmmlab.com/mmsegmentation/v0.5/pretrain/segformer/mit_b2_20220624-66e8bf70.pth',
            type='Pretrained'),
        mlp_ratio=4,
        num_heads=[
            1,
            2,
            5,
            8,
        ],
        num_layers=[
            3,
            4,
            6,
            3,
        ],
        num_stages=4,
        out_indices=(
            0,
            1,
            2,
            3,
        ),
        patch_sizes=[
            7,
            3,
            3,
            3,
        ],
        qkv_bias=True,
        sr_ratios=[
            8,
            4,
            2,
            1,
        ],
        type='MixVisionTransformer'),
    sdf_truncation=5.0,
    test_cfg=dict(crop_size=(
        1024,
        1024,
    ), mode='slide', stride=(
        768,
        768,
    )),
    train_cfg=dict(),
    training_stage='rgb',
    type='RPGVNetV2',
    use_contour=True,
    use_global_context=True,
    validation_channels=32)
norm_cfg = dict(requires_grad=True, type='SyncBN')
optim_wrapper = dict(
    accumulative_counts=8,
    clip_grad=dict(max_norm=10.0, norm_type=2),
    loss_scale='dynamic',
    optimizer=dict(
        betas=(
            0.9,
            0.999,
        ), lr=0.0006, type='AdamW', weight_decay=0.01),
    paramwise_cfg=dict(
        custom_keys=dict(
            norm=dict(decay_mult=0.0), rgb_encoder=dict(lr_mult=0.1)),
        norm_decay_mult=0.0),
    type='AmpOptimWrapper')
param_scheduler = [
    dict(
        begin=0, by_epoch=False, end=1500, start_factor=1e-06,
        type='LinearLR'),
    dict(
        begin=1500,
        by_epoch=False,
        end=40000,
        eta_min=0.0,
        power=0.9,
        type='PolyLR'),
]
randomness = dict(deterministic=False, seed=42)
resume = False
test_cfg = dict(type='TestLoop')
test_dataloader = dict(
    batch_size=1,
    dataset=dict(
        data_prefix=dict(
            img_path='images/test', seg_map_path='annotations/test'),
        data_root='/workspace/wwtp_semantic_dataset',
        pipeline=[
            dict(type='LoadImageFromFile'),
            dict(type='LoadAnnotations'),
            dict(size=(
                512,
                512,
            ), type='GenerateGlobalThumbnail'),
            dict(type='PackRPGVInputs'),
        ],
        type='WWTPDataset'),
    num_workers=2,
    persistent_workers=True,
    sampler=dict(shuffle=False, type='DefaultSampler'))
test_evaluator = [
    dict(
        iou_metrics=[
            'mIoU',
            'mDice',
            'mFscore',
        ],
        nan_to_num=0,
        type='IoUMetric'),
    dict(boundary_tolerance=3, pixel_size_m=0.5, type='BinaryBoundaryMetric'),
]
test_pipeline = [
    dict(type='LoadImageFromFile'),
    dict(type='LoadAnnotations'),
    dict(size=(
        512,
        512,
    ), type='GenerateGlobalThumbnail'),
    dict(type='PackRPGVInputs'),
]
train_cfg = dict(max_iters=40000, type='IterBasedTrainLoop', val_interval=2000)
train_dataloader = dict(
    batch_size=1,
    dataset=dict(
        data_prefix=dict(
            img_path='images/train', seg_map_path='annotations/train'),
        data_root='/workspace/wwtp_semantic_dataset',
        pipeline=[
            dict(type='LoadImageFromFile'),
            dict(type='LoadAnnotations'),
            dict(type='PhotoMetricDistortion'),
            dict(size=(
                512,
                512,
            ), type='GenerateGlobalThumbnail'),
            dict(
                keep_ratio=True,
                ratio_range=(
                    0.5,
                    1.5,
                ),
                scale=(
                    2048,
                    2048,
                ),
                type='RandomResize'),
            dict(
                degree=180,
                pad_val=0,
                prob=0.5,
                seg_pad_val=255,
                type='RandomRotate'),
            dict(
                crop_size=(
                    1024,
                    1024,
                ),
                edge_margin_ratio=0.15,
                foreground_label=1,
                foreground_prob=0.8,
                min_foreground_pixels=64,
                type='RandomForegroundCrop'),
            dict(
                direction=[
                    'horizontal',
                    'vertical',
                    'diagonal',
                ],
                prob=0.75,
                type='RandomFlip'),
            dict(type='PackRPGVInputs'),
        ],
        type='WWTPDataset'),
    num_workers=4,
    persistent_workers=True,
    sampler=dict(shuffle=True, type='InfiniteSampler'))
train_pipeline = [
    dict(type='LoadImageFromFile'),
    dict(type='LoadAnnotations'),
    dict(type='PhotoMetricDistortion'),
    dict(size=(
        512,
        512,
    ), type='GenerateGlobalThumbnail'),
    dict(
        keep_ratio=True,
        ratio_range=(
            0.5,
            1.5,
        ),
        scale=(
            2048,
            2048,
        ),
        type='RandomResize'),
    dict(
        degree=180, pad_val=0, prob=0.5, seg_pad_val=255, type='RandomRotate'),
    dict(
        crop_size=(
            1024,
            1024,
        ),
        edge_margin_ratio=0.15,
        foreground_label=1,
        foreground_prob=0.8,
        min_foreground_pixels=64,
        type='RandomForegroundCrop'),
    dict(
        direction=[
            'horizontal',
            'vertical',
            'diagonal',
        ],
        prob=0.75,
        type='RandomFlip'),
    dict(type='PackRPGVInputs'),
]
val_cfg = dict(type='ValLoop')
val_dataloader = dict(
    batch_size=1,
    dataset=dict(
        data_prefix=dict(
            img_path='images/val', seg_map_path='annotations/val'),
        data_root='/workspace/wwtp_semantic_dataset',
        pipeline=[
            dict(type='LoadImageFromFile'),
            dict(type='LoadAnnotations'),
            dict(size=(
                512,
                512,
            ), type='GenerateGlobalThumbnail'),
            dict(type='PackRPGVInputs'),
        ],
        type='WWTPDataset'),
    num_workers=2,
    persistent_workers=True,
    sampler=dict(shuffle=False, type='DefaultSampler'))
val_evaluator = [
    dict(
        iou_metrics=[
            'mIoU',
            'mDice',
            'mFscore',
        ],
        nan_to_num=0,
        type='IoUMetric'),
    dict(boundary_tolerance=3, pixel_size_m=0.5, type='BinaryBoundaryMetric'),
]
vis_backends = [
    dict(type='LocalVisBackend'),
]
visualizer = dict(
    name='visualizer',
    type='SegLocalVisualizer',
    vis_backends=[
        dict(type='LocalVisBackend'),
    ])
work_dir = 'work_dirs/rpgv_v2_staged/stage1_rgb'

2026/09/22 14:48:05 - mmengine - INFO - Distributed training is not used, all SyncBatchNorm (SyncBN) layers in the model will be automatically reverted to BatchNormXd layers if they are used.
2026/09/22 14:48:05 - mmengine - INFO - Hooks will be executed in the following order:
before_run:
(VERY_HIGH   ) RuntimeInfoHook                    
(BELOW_NORMAL) LoggerHook                         
(LOWEST      ) EarlyStoppingHook                  
 -------------------- 
before_train:
(VERY_HIGH   ) RuntimeInfoHook                    
(NORMAL      ) IterTimerHook                      
(VERY_LOW    ) CheckpointHook                     
 -------------------- 
before_train_epoch:
(VERY_HIGH   ) RuntimeInfoHook                    
(NORMAL      ) IterTimerHook                      
(NORMAL      ) DistSamplerSeedHook                
 -------------------- 
before_train_iter:
(VERY_HIGH   ) RuntimeInfoHook                    
(NORMAL      ) IterTimerHook                      
 -------------------- 
after_train_iter:
(VERY_HIGH   ) RuntimeInfoHook                    
(NORMAL      ) IterTimerHook                      
(NORMAL      ) SegVisualizationHook               
(BELOW_NORMAL) LoggerHook                         
(LOW         ) ParamSchedulerHook                 
(VERY_LOW    ) CheckpointHook                     
 -------------------- 
after_train_epoch:
(NORMAL      ) IterTimerHook                      
(LOW         ) ParamSchedulerHook                 
(VERY_LOW    ) CheckpointHook                     
 -------------------- 
before_val:
(VERY_HIGH   ) RuntimeInfoHook                    
 -------------------- 
before_val_epoch:
(NORMAL      ) IterTimerHook                      
 -------------------- 
before_val_iter:
(NORMAL      ) IterTimerHook                      
 -------------------- 
after_val_iter:
(NORMAL      ) IterTimerHook                      
(NORMAL      ) SegVisualizationHook               
(BELOW_NORMAL) LoggerHook                         
 -------------------- 
after_val_epoch:
(VERY_HIGH   ) RuntimeInfoHook                    
(NORMAL      ) IterTimerHook                      
(BELOW_NORMAL) LoggerHook                         
(LOW         ) ParamSchedulerHook                 
(VERY_LOW    ) CheckpointHook                     
(LOWEST      ) EarlyStoppingHook                  
 -------------------- 
after_val:
(VERY_HIGH   ) RuntimeInfoHook                    
 -------------------- 
after_train:
(VERY_HIGH   ) RuntimeInfoHook                    
(VERY_LOW    ) CheckpointHook                     
 -------------------- 
before_test:
(VERY_HIGH   ) RuntimeInfoHook                    
 -------------------- 
before_test_epoch:
(NORMAL      ) IterTimerHook                      
 -------------------- 
before_test_iter:
(NORMAL      ) IterTimerHook                      
 -------------------- 
after_test_iter:
(NORMAL      ) IterTimerHook                      
(NORMAL      ) SegVisualizationHook               
(BELOW_NORMAL) LoggerHook                         
 -------------------- 
after_test_epoch:
(VERY_HIGH   ) RuntimeInfoHook                    
(NORMAL      ) IterTimerHook                      
(BELOW_NORMAL) LoggerHook                         
 -------------------- 
after_test:
(VERY_HIGH   ) RuntimeInfoHook                    
 -------------------- 
after_run:
(BELOW_NORMAL) LoggerHook                         
 -------------------- 
2026/09/22 14:48:06 - mmengine - INFO - paramwise_options -- rgb_encoder.layers.0.0.projection.weight:lr=5.9999999999999995e-05
2026/09/22 14:48:06 - mmengine - INFO - paramwise_options -- rgb_encoder.layers.0.0.projection.weight:weight_decay=0.01
2026/09/22 14:48:06 - mmengine - INFO - paramwise_options -- rgb_encoder.layers.0.0.projection.weight:lr_mult=0.1
2026/09/22 14:48:06 - mmengine - INFO - paramwise_options -- rgb_encoder.layers.0.0.projection.bias:lr=5.9999999999999995e-05
2026/09/22 14:48:06 - mmengine - INFO - paramwise_options -- rgb_encoder.layers.0.0.projection.bias:weight_decay=0.01
2026/09/22 14:48:06 - mmengine - INFO - paramwise_options -- rgb_encoder.layers.0.0.projection.bias:lr_mult=0.1
2026/09/22 14:48:06 - mmengine - INFO - paramwise_options -- rgb_encoder.layers.0.0.norm.weight:lr=5.9999999999999995e-05
2026/09/22 14:48:06 - mmengine - INFO - paramwise_options -- rgb_encoder.layers.0.0.norm.weight:weight_decay=0.01
2026/09/22 14:48:06 - mmengine - INFO - paramwise_options -- rgb_encoder.layers.0.0.norm.weight:lr_mult=0.1
2026/09/22 14:48:06 - mmengine - INFO - paramwise_options -- rgb_encoder.layers.0.0.norm.bias:lr=5.9999999999999995e-05
2026/09/22 14:48:06 - mmengine - INFO - paramwise_options -- rgb_encoder.layers.0.0.norm.bias:weight_decay=0.01
2026/09/22 14:48:06 - mmengine - INFO - paramwise_options -- rgb_encoder.layers.0.0.norm.bias:lr_mult=0.1
2026/09/22 14:48:06 - mmengine - INFO - paramwise_options -- rgb_encoder.layers.0.1.0.norm1.weight:lr=5.9999999999999995e-05
2026/09/22 14:48:06 - mmengine - INFO - paramwise_options -- rgb_encoder.layers.0.1.0.norm1.weight:weight_decay=0.01
2026/09/22 14:48:06 - mmengine - INFO - paramwise_options -- rgb_encoder.layers.0.1.0.norm1.weight:lr_mult=0.1
2026/09/22 14:48:06 - mmengine - INFO - paramwise_options -- rgb_encoder.layers.0.1.0.norm1.bias:lr=5.9999999999999995e-05
2026/09/22 14:48:06 - mmengine - INFO - paramwise_options -- rgb_encoder.layers.0.1.0.norm1.bias:weight_decay=0.01
2026/09/22 14:48:06 - mmengine - INFO - paramwise_options -- rgb_encoder.layers.0.1.0.norm1.bias:lr_mult=0.1
2026/09/22 14:48:06 - mmengine - INFO - paramwise_options -- rgb_encoder.layers.0.1.0.attn.attn.in_proj_weight:lr=5.9999999999999995e-05
2026/09/22 14:48:06 - mmengine - INFO - paramwise_options -- rgb_encoder.layers.0.1.0.attn.attn.in_proj_weight:weight_decay=0.01
2026/09/22 14:48:06 - mmengine - INFO - paramwise_options -- rgb_encoder.layers.0.1.0.attn.attn.in_proj_weight:lr_mult=0.1
2026/09/22 14:48:06 - mmengine - INFO - paramwise_options -- rgb_encoder.layers.0.1.0.attn.attn.in_proj_bias:lr=5.9999999999999995e-05
2026/09/22 14:48:06 - mmengine - INFO - paramwise_options -- rgb_encoder.layers.0.1.0.attn.attn.in_proj_bias:weight_decay=0.01
2026/09/22 14:48:06 - mmengine - INFO - paramwise_options -- rgb_encoder.layers.0.1.0.attn.attn.in_proj_bias:lr_mult=0.1
2026/09/22 14:48:06 - mmengine - INFO - paramwise_options -- rgb_encoder.layers.0.1.0.attn.attn.out_proj.weight:lr=5.9999999999999995e-05
2026/09/22 14:48:06 - mmengine - INFO - paramwise_options -- rgb_encoder.layers.0.1.0.attn.attn.out_proj.weight:weight_decay=0.01
2026/09/22 14:48:06 - mmengine - INFO - paramwise_options -- rgb_encoder.layers.0.1.0.attn.attn.out_proj.weight:lr_mult=0.1
2026/09/22 14:48:06 - mmengine - INFO - paramwise_options -- rgb_encoder.layers.0.1.0.attn.attn.out_proj.bias:lr=5.9999999999999995e-05
2026/09/22 14:48:06 - mmengine - INFO - paramwise_options -- rgb_encoder.layers.0.1.0.attn.attn.out_proj.bias:weight_decay=0.01
2026/09/22 14:48:06 - mmengine - INFO - paramwise_options -- rgb_encoder.layers.0.1.0.attn.attn.out_proj.bias:lr_mult=0.1
2026/09/22 14:48:06 - mmengine - INFO - paramwise_options -- rgb_encoder.layers.0.1.0.attn.sr.weight:lr=5.9999999999999995e-05
2026/09/22 14:48:06 - mmengine - INFO - paramwise_options -- rgb_encoder.layers.0.1.0.attn.sr.weight:weight_decay=0.01
2026/09/22 14:48:06 - mmengine - INFO - paramwise_options -- rgb_encoder.layers.0.1.0.attn.sr.weight:lr_mult=0.1
2026/09/22 14:48:06 - mmengine - INFO - paramwise_options -- rgb_encoder.layers.0.1.0.attn.sr.bias:lr=5.9999999999999995e-05
2026/09/22 14:48:06 - mmengine - INFO - paramwise_options -- rgb_encoder.layers.0.1.0.attn.sr.bias:weight_decay=0.01
2026/09/22 14:48:06 - mmengine - INFO - paramwise_options -- rgb_encoder.layers.0.1.0.attn.sr.bias:lr_mult=0.1
2026/09/22 14:48:06 - mmengine - INFO - paramwise_options -- rgb_encoder.layers.0.1.0.attn.norm.weight:lr=5.9999999999999995e-05
2026/09/22 14:48:06 - mmengine - INFO - paramwise_options -- rgb_encoder.layers.0.1.0.attn.norm.weight:weight_decay=0.01
2026/09/22 14:48:06 - mmengine - INFO - paramwise_options -- rgb_encoder.layers.0.1.0.attn.norm.weight:lr_mult=0.1
2026/09/22 14:48:06 - mmengine - INFO - paramwise_options -- rgb_encoder.layers.0.1.0.attn.norm.bias:lr=5.9999999999999995e-05
2026/09/22 14:48:06 - mmengine - INFO - paramwise_options -- rgb_encoder.layers.0.1.0.attn.norm.bias:weight_decay=0.01
2026/09/22 14:48:06 - mmengine - INFO - paramwise_options -- rgb_encoder.layers.0.1.0.attn.norm.bias:lr_mult=0.1
2026/09/22 14:48:06 - mmengine - INFO - paramwise_options -- rgb_encoder.layers.0.1.0.norm2.weight:lr=5.9999999999999995e-05
2026/09/22 14:48:06 - mmengine - INFO - paramwise_options -- rgb_encoder.layers.0.1.0.norm2.weight:weight_decay=0.01
2026/09/22 14:48:06 - mmengine - INFO - paramwise_options -- rgb_encoder.layers.0.1.0.norm2.weight:lr_mult=0.1
2026/09/22 14:48:06 - mmengine - INFO - paramwise_options -- rgb_encoder.layers.0.1.0.norm2.bias:lr=5.9999999999999995e-05
2026/09/22 14:48:06 - mmengine - INFO - paramwise_options -- rgb_encoder.layers.0.1.0.norm2.bias:weight_decay=0.01
2026/09/22 14:48:06 - mmengine - INFO - paramwise_options -- rgb_encoder.layers.0.1.0.norm2.bias:lr_mult=0.1
2026/09/22 14:48:06 - mmengine - INFO - paramwise_options -- rgb_encoder.layers.0.1.0.ffn.layers.0.weight:lr=5.9999999999999995e-05
2026/09/22 14:48:06 - mmengine - INFO - paramwise_options -- rgb_encoder.layers.0.1.0.ffn.layers.0.weight:weight_decay=0.01
2026/09/22 14:48:06 - mmengine - INFO - paramwise_options -- rgb_encoder.layers.0.1.0.ffn.layers.0.weight:lr_mult=0.1
2026/09/22 14:48:06 - mmengine - INFO - paramwise_options -- rgb_encoder.layers.0.1.0.ffn.layers.0.bias:lr=5.9999999999999995e-05
2026/09/22 14:48:06 - mmengine - INFO - paramwise_options -- rgb_encoder.layers.0.1.0.ffn.layers.0.bias:weight_decay=0.01
2026/09/22 14:48:06 - mmengine - INFO - paramwise_options -- rgb_encoder.layers.0.1.0.ffn.layers.0.bias:lr_mult=0.1
2026/09/22 14:48:06 - mmengine - INFO - paramwise_options -- rgb_encoder.layers.0.1.0.ffn.layers.1.weight:lr=5.9999999999999995e-05
2026/09/22 14:48:06 - mmengine - INFO - paramwise_options -- rgb_encoder.layers.0.1.0.ffn.layers.1.weight:weight_decay=0.01
2026/09/22 14:48:06 - mmengine - INFO - paramwise_options -- rgb_encoder.layers.0.1.0.ffn.layers.1.weight:lr_mult=0.1
2026/09/22 14:48:06 - mmengine - INFO - paramwise_options -- rgb_encoder.layers.0.1.0.ffn.layers.1.bias:lr=5.9999999999999995e-05
2026/09/22 14:48:06 - mmengine - INFO - paramwise_options -- rgb_encoder.layers.0.1.0.ffn.layers.1.bias:weight_decay=0.01
2026/09/22 14:48:06 - mmengine - INFO - paramwise_options -- rgb_encoder.layers.0.1.0.ffn.layers.1.bias:lr_mult=0.1
2026/09/22 14:48:06 - mmengine - INFO - paramwise_options -- rgb_encoder.layers.0.1.0.ffn.layers.4.weight:lr=5.9999999999999995e-05
2026/09/22 14:48:06 - mmengine - INFO - paramwise_options -- rgb_encoder.layers.0.1.0.ffn.layers.4.weight:weight_decay=0.01
2026/09/22 14:48:06 - mmengine - INFO - paramwise_options -- rgb_encoder.layers.0.1.0.ffn.layers.4.weight:lr_mult=0.1
2026/09/22 14:48:06 - mmengine - INFO - paramwise_options -- rgb_encoder.layers.0.1.0.ffn.layers.4.bias:lr=5.9999999999999995e-05
2026/09/22 14:48:06 - mmengine - INFO - paramwise_options -- rgb_encoder.layers.0.1.0.ffn.layers.4.bias:weight_decay=0.01
2026/09/22 14:48:06 - mmengine - INFO - paramwise_options -- rgb_encoder.layers.0.1.0.ffn.layers.4.bias:lr_mult=0.1
2026/09/22 14:48:06 - mmengine - INFO - paramwise_options -- rgb_encoder.layers.0.1.1.norm1.weight:lr=5.9999999999999995e-05
2026/09/22 14:48:06 - mmengine - INFO - paramwise_options -- rgb_encoder.layers.0.1.1.norm1.weight:weight_decay=0.01
2026/09/22 14:48:06 - mmengine - INFO - paramwise_options -- rgb_encoder.layers.0.1.1.norm1.weight:lr_mult=0.1
2026/09/22 14:48:06 - mmengine - INFO - paramwise_options -- rgb_encoder.layers.0.1.1.norm1.bias:lr=5.9999999999999995e-05
2026/09/22 14:48:06 - mmengine - INFO - paramwise_options -- rgb_encoder.layers.0.1.1.norm1.bias:weight_decay=0.01
2026/09/22 14:48:06 - mmengine - INFO - paramwise_options -- rgb_encoder.layers.0.1.1.norm1.bias:lr_mult=0.1
2026/09/22 14:48:06 - mmengine - INFO - paramwise_options -- rgb_encoder.layers.0.1.1.attn.attn.in_proj_weight:lr=5.9999999999999995e-05
2026/09/22 14:48:06 - mmengine - INFO - paramwise_options -- rgb_encoder.layers.0.1.1.attn.attn.in_proj_weight:weight_decay=0.01
2026/09/22 14:48:06 - mmengine - INFO - paramwise_options -- rgb_encoder.layers.0.1.1.attn.attn.in_proj_weight:lr_mult=0.1
2026/09/22 14:48:06 - mmengine - INFO - paramwise_options -- rgb_encoder.layers.0.1.1.attn.attn.in_proj_bias:lr=5.9999999999999995e-05
2026/09/22 14:48:06 - mmengine - INFO - paramwise_options -- rgb_encoder.layers.0.1.1.attn.attn.in_proj_bias:weight_decay=0.01
2026/09/22 14:48:06 - mmengine - INFO - paramwise_options -- rgb_encoder.layers.0.1.1.attn.attn.in_proj_bias:lr_mult=0.1
2026/09/22 14:48:06 - mmengine - INFO - paramwise_options -- rgb_encoder.layers.0.1.1.attn.attn.out_proj.weight:lr=5.9999999999999995e-05
2026/09/22 14:48:06 - mmengine - INFO - paramwise_options -- rgb_encoder.layers.0.1.1.attn.attn.out_proj.weight:weight_decay=0.01
2026/09/22 14:48:06 - mmengine - INFO - paramwise_options -- rgb_encoder.layers.0.1.1.attn.attn.out_proj.weight:lr_mult=0.1
2026/09/22 14:48:06 - mmengine - INFO - paramwise_options -- rgb_encoder.layers.0.1.1.attn.attn.out_proj.bias:lr=5.9999999999999995e-05
2026/09/22 14:48:06 - mmengine - INFO - paramwise_options -- rgb_encoder.layers.0.1.1.attn.attn.out_proj.bias:weight_decay=0.01
2026/09/22 14:48:06 - mmengine - INFO - paramwise_options -- rgb_encoder.layers.0.1.1.attn.attn.out_proj.bias:lr_mult=0.1
2026/09/22 14:48:06 - mmengine - INFO - paramwise_options -- rgb_encoder.layers.0.1.1.attn.sr.weight:lr=5.9999999999999995e-05
2026/09/22 14:48:06 - mmengine - INFO - paramwise_options -- rgb_encoder.layers.0.1.1.attn.sr.weight:weight_decay=0.01
2026/09/22 14:48:06 - mmengine - INFO - paramwise_options -- rgb_encoder.layers.0.1.1.attn.sr.weight:lr_mult=0.1
2026/09/22 14:48:06 - mmengine - INFO - paramwise_options -- rgb_encoder.layers.0.1.1.attn.sr.bias:lr=5.9999999999999995e-05
2026/09/22 14:48:06 - mmengine - INFO - paramwise_options -- rgb_encoder.layers.0.1.1.attn.sr.bias:weight_decay=0.01
2026/09/22 14:48:06 - mmengine - INFO - paramwise_options -- rgb_encoder.layers.0.1.1.attn.sr.bias:lr_mult=0.1
2026/09/22 14:48:06 - mmengine - INFO - paramwise_options -- rgb_encoder.layers.0.1.1.attn.norm.weight:lr=5.9999999999999995e-05
2026/09/22 14:48:06 - mmengine - INFO - paramwise_options -- rgb_encoder.layers.0.1.1.attn.norm.weight:weight_decay=0.01
2026/09/22 14:48:06 - mmengine - INFO - paramwise_options -- rgb_encoder.layers.0.1.1.attn.norm.weight:lr_mult=0.1
2026/09/22 14:48:06 - mmengine - INFO - paramwise_options -- rgb_encoder.layers.0.1.1.attn.norm.bias:lr=5.9999999999999995e-05
2026/09/22 14:48:06 - mmengine - INFO - paramwise_options -- rgb_encoder.layers.0.1.1.attn.norm.bias:weight_decay=0.01
2026/09/22 14:48:06 - mmengine - INFO - paramwise_options -- rgb_encoder.layers.0.1.1.attn.norm.bias:lr_mult=0.1
2026/09/22 14:48:06 - mmengine - INFO - paramwise_options -- rgb_encoder.layers.0.1.1.norm2.weight:lr=5.9999999999999995e-05
2026/09/22 14:48:06 - mmengine - INFO - paramwise_options -- rgb_encoder.layers.0.1.1.norm2.weight:weight_decay=0.01
2026/09/22 14:48:06 - mmengine - INFO - paramwise_options -- rgb_encoder.layers.0.1.1.norm2.weight:lr_mult=0.1
2026/09/22 14:48:06 - mmengine - INFO - paramwise_options -- rgb_encoder.layers.0.1.1.norm2.bias:lr=5.9999999999999995e-05
2026/09/22 14:48:06 - mmengine - INFO - paramwise_options -- rgb_encoder.layers.0.1.1.norm2.bias:weight_decay=0.01
2026/09/22 14:48:06 - mmengine - INFO - paramwise_options -- rgb_encoder.layers.0.1.1.norm2.bias:lr_mult=0.1
2026/09/22 14:48:06 - mmengine - INFO - paramwise_options -- rgb_encoder.layers.0.1.1.ffn.layers.0.weight:lr=5.9999999999999995e-05
2026/09/22 14:48:06 - mmengine - INFO - paramwise_options -- rgb_encoder.layers.0.1.1.ffn.layers.0.weight:weight_decay=0.01
2026/09/22 14:48:06 - mmengine - INFO - paramwise_options -- rgb_encoder.layers.0.1.1.ffn.layers.0.weight:lr_mult=0.1
2026/09/22 14:48:06 - mmengine - INFO - paramwise_options -- rgb_encoder.layers.0.1.1.ffn.layers.0.bias:lr=5.9999999999999995e-05
2026/09/22 14:48:06 - mmengine - INFO - paramwise_options -- rgb_encoder.layers.0.1.1.ffn.layers.0.bias:weight_decay=0.01
2026/09/22 14:48:06 - mmengine - INFO - paramwise_options -- rgb_encoder.layers.0.1.1.ffn.layers.0.bias:lr_mult=0.1
2026/09/22 14:48:06 - mmengine - INFO - paramwise_options -- rgb_encoder.layers.0.1.1.ffn.layers.1.weight:lr=5.9999999999999995e-05
2026/09/22 14:48:06 - mmengine - INFO - paramwise_options -- rgb_encoder.layers.0.1.1.ffn.layers.1.weight:weight_decay=0.01
2026/09/22 14:48:06 - mmengine - INFO - paramwise_options -- rgb_encoder.layers.0.1.1.ffn.layers.1.weight:lr_mult=0.1
2026/09/22 14:48:06 - mmengine - INFO - paramwise_options -- rgb_encoder.layers.0.1.1.ffn.layers.1.bias:lr=5.9999999999999995e-05
2026/09/22 14:48:06 - mmengine - INFO - paramwise_options -- rgb_encoder.layers.0.1.1.ffn.layers.1.bias:weight_decay=0.01
2026/09/22 14:48:06 - mmengine - INFO - paramwise_options -- rgb_encoder.layers.0.1.1.ffn.layers.1.bias:lr_mult=0.1
2026/09/22 14:48:06 - mmengine - INFO - paramwise_options -- rgb_encoder.layers.0.1.1.ffn.layers.4.weight:lr=5.9999999999999995e-05
2026/09/22 14:48:06 - mmengine - INFO - paramwise_options -- rgb_encoder.layers.0.1.1.ffn.layers.4.weight:weight_decay=0.01
2026/09/22 14:48:06 - mmengine - INFO - paramwise_options -- rgb_encoder.layers.0.1.1.ffn.layers.4.weight:lr_mult=0.1
2026/09/22 14:48:06 - mmengine - INFO - paramwise_options -- rgb_encoder.layers.0.1.1.ffn.layers.4.bias:lr=5.9999999999999995e-05
2026/09/22 14:48:06 - mmengine - INFO - paramwise_options -- rgb_encoder.layers.0.1.1.ffn.layers.4.bias:weight_decay=0.01
2026/09/22 14:48:06 - mmengine - INFO - paramwise_options -- rgb_encoder.layers.0.1.1.ffn.layers.4.bias:lr_mult=0.1
2026/09/22 14:48:06 - mmengine - INFO - paramwise_options -- rgb_encoder.layers.0.1.2.norm1.weight:lr=5.9999999999999995e-05
2026/09/22 14:48:06 - mmengine - INFO - paramwise_options -- rgb_encoder.layers.0.1.2.norm1.weight:weight_decay=0.01
2026/09/22 14:48:06 - mmengine - INFO - paramwise_options -- rgb_encoder.layers.0.1.2.norm1.weight:lr_mult=0.1
2026/09/22 14:48:06 - mmengine - INFO - paramwise_options -- rgb_encoder.layers.0.1.2.norm1.bias:lr=5.9999999999999995e-05
2026/09/22 14:48:06 - mmengine - INFO - paramwise_options -- rgb_encoder.layers.0.1.2.norm1.bias:weight_decay=0.01
2026/09/22 14:48:06 - mmengine - INFO - paramwise_options -- rgb_encoder.layers.0.1.2.norm1.bias:lr_mult=0.1
2026/09/22 14:48:06 - mmengine - INFO - paramwise_options -- rgb_encoder.layers.0.1.2.attn.attn.in_proj_weight:lr=5.9999999999999995e-05
2026/09/22 14:48:06 - mmengine - INFO - paramwise_options -- rgb_encoder.layers.0.1.2.attn.attn.in_proj_weight:weight_decay=0.01
2026/09/22 14:48:06 - mmengine - INFO - paramwise_options -- rgb_encoder.layers.0.1.2.attn.attn.in_proj_weight:lr_mult=0.1
2026/09/22 14:48:06 - mmengine - INFO - paramwise_options -- rgb_encoder.layers.0.1.2.attn.attn.in_proj_bias:lr=5.9999999999999995e-05
2026/09/22 14:48:06 - mmengine - INFO - paramwise_options -- rgb_encoder.layers.0.1.2.attn.attn.in_proj_bias:weight_decay=0.01
2026/09/22 14:48:06 - mmengine - INFO - paramwise_options -- rgb_encoder.layers.0.1.2.attn.attn.in_proj_bias:lr_mult=0.1
2026/09/22 14:48:06 - mmengine - INFO - paramwise_options -- rgb_encoder.layers.0.1.2.attn.attn.out_proj.weight:lr=5.9999999999999995e-05
2026/09/22 14:48:06 - mmengine - INFO - paramwise_options -- rgb_encoder.layers.0.1.2.attn.attn.out_proj.weight:weight_decay=0.01
2026/09/22 14:48:06 - mmengine - INFO - paramwise_options -- rgb_encoder.layers.0.1.2.attn.attn.out_proj.weight:lr_mult=0.1
2026/09/22 14:48:06 - mmengine - INFO - paramwise_options -- rgb_encoder.layers.0.1.2.attn.attn.out_proj.bias:lr=5.9999999999999995e-05
2026/09/22 14:48:06 - mmengine - INFO - paramwise_options -- rgb_encoder.layers.0.1.2.attn.attn.out_proj.bias:weight_decay=0.01
2026/09/22 14:48:06 - mmengine - INFO - paramwise_options -- rgb_encoder.layers.0.1.2.attn.attn.out_proj.bias:lr_mult=0.1
2026/09/22 14:48:06 - mmengine - INFO - paramwise_options -- rgb_encoder.layers.0.1.2.attn.sr.weight:lr=5.9999999999999995e-05
2026/09/22 14:48:06 - mmengine - INFO - paramwise_options -- rgb_encoder.layers.0.1.2.attn.sr.weight:weight_decay=0.01
2026/09/22 14:48:06 - mmengine - INFO - paramwise_options -- rgb_encoder.layers.0.1.2.attn.sr.weight:lr_mult=0.1
2026/09/22 14:48:06 - mmengine - INFO - paramwise_options -- rgb_encoder.layers.0.1.2.attn.sr.bias:lr=5.9999999999999995e-05
2026/09/22 14:48:06 - mmengine - INFO - paramwise_options -- rgb_encoder.layers.0.1.2.attn.sr.bias:weight_decay=0.01
2026/09/22 14:48:06 - mmengine - INFO - paramwise_options -- rgb_encoder.layers.0.1.2.attn.sr.bias:lr_mult=0.1
2026/09/22 14:48:06 - mmengine - INFO - paramwise_options -- rgb_encoder.layers.0.1.2.attn.norm.weight:lr=5.9999999999999995e-05
2026/09/22 14:48:06 - mmengine - INFO - paramwise_options -- rgb_encoder.layers.0.1.2.attn.norm.weight:weight_decay=0.01
2026/09/22 14:48:06 - mmengine - INFO - paramwise_options -- rgb_encoder.layers.0.1.2.attn.norm.weight:lr_mult=0.1
2026/09/22 14:48:06 - mmengine - INFO - paramwise_options -- rgb_encoder.layers.0.1.2.attn.norm.bias:lr=5.9999999999999995e-05
2026/09/22 14:48:06 - mmengine - INFO - paramwise_options -- rgb_encoder.layers.0.1.2.attn.norm.bias:weight_decay=0.01
2026/09/22 14:48:06 - mmengine - INFO - paramwise_options -- rgb_encoder.layers.0.1.2.attn.norm.bias:lr_mult=0.1
2026/09/22 14:48:06 - mmengine - INFO - paramwise_options -- rgb_encoder.layers.0.1.2.norm2.weight:lr=5.9999999999999995e-05
2026/09/22 14:48:06 - mmengine - INFO - paramwise_options -- rgb_encoder.layers.0.1.2.norm2.weight:weight_decay=0.01
2026/09/22 14:48:06 - mmengine - INFO - paramwise_options -- rgb_encoder.layers.0.1.2.norm2.weight:lr_mult=0.1
2026/09/22 14:48:06 - mmengine - INFO - paramwise_options -- rgb_encoder.layers.0.1.2.norm2.bias:lr=5.9999999999999995e-05
2026/09/22 14:48:06 - mmengine - INFO - paramwise_options -- rgb_encoder.layers.0.1.2.norm2.bias:weight_decay=0.01
2026/09/22 14:48:06 - mmengine - INFO - paramwise_options -- rgb_encoder.layers.0.1.2.norm2.bias:lr_mult=0.1
2026/09/22 14:48:06 - mmengine - INFO - paramwise_options -- rgb_encoder.layers.0.1.2.ffn.layers.0.weight:lr=5.9999999999999995e-05
2026/09/22 14:48:06 - mmengine - INFO - paramwise_options -- rgb_encoder.layers.0.1.2.ffn.layers.0.weight:weight_decay=0.01
2026/09/22 14:48:06 - mmengine - INFO - paramwise_options -- rgb_encoder.layers.0.1.2.ffn.layers.0.weight:lr_mult=0.1
2026/09/22 14:48:06 - mmengine - INFO - paramwise_options -- rgb_encoder.layers.0.1.2.ffn.layers.0.bias:lr=5.9999999999999995e-05
2026/09/22 14:48:06 - mmengine - INFO - paramwise_options -- rgb_encoder.layers.0.1.2.ffn.layers.0.bias:weight_decay=0.01
2026/09/22 14:48:06 - mmengine - INFO - paramwise_options -- rgb_encoder.layers.0.1.2.ffn.layers.0.bias:lr_mult=0.1
2026/09/22 14:48:06 - mmengine - INFO - paramwise_options -- rgb_encoder.layers.0.1.2.ffn.layers.1.weight:lr=5.9999999999999995e-05
2026/09/22 14:48:06 - mmengine - INFO - paramwise_options -- rgb_encoder.layers.0.1.2.ffn.layers.1.weight:weight_decay=0.01
2026/09/22 14:48:06 - mmengine - INFO - paramwise_options -- rgb_encoder.layers.0.1.2.ffn.layers.1.weight:lr_mult=0.1
2026/09/22 14:48:06 - mmengine - INFO - paramwise_options -- rgb_encoder.layers.0.1.2.ffn.layers.1.bias:lr=5.9999999999999995e-05
2026/09/22 14:48:06 - mmengine - INFO - paramwise_options -- rgb_encoder.layers.0.1.2.ffn.layers.1.bias:weight_decay=0.01
2026/09/22 14:48:06 - mmengine - INFO - paramwise_options -- rgb_encoder.layers.0.1.2.ffn.layers.1.bias:lr_mult=0.1
2026/09/22 14:48:06 - mmengine - INFO - paramwise_options -- rgb_encoder.layers.0.1.2.ffn.layers.4.weight:lr=5.9999999999999995e-05
2026/09/22 14:48:06 - mmengine - INFO - paramwise_options -- rgb_encoder.layers.0.1.2.ffn.layers.4.weight:weight_decay=0.01
2026/09/22 14:48:06 - mmengine - INFO - paramwise_options -- rgb_encoder.layers.0.1.2.ffn.layers.4.weight:lr_mult=0.1
2026/09/22 14:48:06 - mmengine - INFO - paramwise_options -- rgb_encoder.layers.0.1.2.ffn.layers.4.bias:lr=5.9999999999999995e-05
2026/09/22 14:48:06 - mmengine - INFO - paramwise_options -- rgb_encoder.layers.0.1.2.ffn.layers.4.bias:weight_decay=0.01
2026/09/22 14:48:06 - mmengine - INFO - paramwise_options -- rgb_encoder.layers.0.1.2.ffn.layers.4.bias:lr_mult=0.1
2026/09/22 14:48:06 - mmengine - INFO - paramwise_options -- rgb_encoder.layers.0.2.weight:lr=5.9999999999999995e-05
2026/09/22 14:48:06 - mmengine - INFO - paramwise_options -- rgb_encoder.layers.0.2.weight:weight_decay=0.01
2026/09/22 14:48:06 - mmengine - INFO - paramwise_options -- rgb_encoder.layers.0.2.weight:lr_mult=0.1
2026/09/22 14:48:06 - mmengine - INFO - paramwise_options -- rgb_encoder.layers.0.2.bias:lr=5.9999999999999995e-05
2026/09/22 14:48:06 - mmengine - INFO - paramwise_options -- rgb_encoder.layers.0.2.bias:weight_decay=0.01
2026/09/22 14:48:06 - mmengine - INFO - paramwise_options -- rgb_encoder.layers.0.2.bias:lr_mult=0.1
2026/09/22 14:48:06 - mmengine - INFO - paramwise_options -- rgb_encoder.layers.1.0.projection.weight:lr=5.9999999999999995e-05
2026/09/22 14:48:06 - mmengine - INFO - paramwise_options -- rgb_encoder.layers.1.0.projection.weight:weight_decay=0.01
2026/09/22 14:48:06 - mmengine - INFO - paramwise_options -- rgb_encoder.layers.1.0.projection.weight:lr_mult=0.1
2026/09/22 14:48:06 - mmengine - INFO - paramwise_options -- rgb_encoder.layers.1.0.projection.bias:lr=5.9999999999999995e-05
2026/09/22 14:48:06 - mmengine - INFO - paramwise_options -- rgb_encoder.layers.1.0.projection.bias:weight_decay=0.01
2026/09/22 14:48:06 - mmengine - INFO - paramwise_options -- rgb_encoder.layers.1.0.projection.bias:lr_mult=0.1
2026/09/22 14:48:06 - mmengine - INFO - paramwise_options -- rgb_encoder.layers.1.0.norm.weight:lr=5.9999999999999995e-05
2026/09/22 14:48:06 - mmengine - INFO - paramwise_options -- rgb_encoder.layers.1.0.norm.weight:weight_decay=0.01
2026/09/22 14:48:06 - mmengine - INFO - paramwise_options -- rgb_encoder.layers.1.0.norm.weight:lr_mult=0.1
2026/09/22 14:48:06 - mmengine - INFO - paramwise_options -- rgb_encoder.layers.1.0.norm.bias:lr=5.9999999999999995e-05
2026/09/22 14:48:06 - mmengine - INFO - paramwise_options -- rgb_encoder.layers.1.0.norm.bias:weight_decay=0.01
2026/09/22 14:48:06 - mmengine - INFO - paramwise_options -- rgb_encoder.layers.1.0.norm.bias:lr_mult=0.1
2026/09/22 14:48:06 - mmengine - INFO - paramwise_options -- rgb_encoder.layers.1.1.0.norm1.weight:lr=5.9999999999999995e-05
2026/09/22 14:48:06 - mmengine - INFO - paramwise_options -- rgb_encoder.layers.1.1.0.norm1.weight:weight_decay=0.01
2026/09/22 14:48:06 - mmengine - INFO - paramwise_options -- rgb_encoder.layers.1.1.0.norm1.weight:lr_mult=0.1
2026/09/22 14:48:06 - mmengine - INFO - paramwise_options -- rgb_encoder.layers.1.1.0.norm1.bias:lr=5.9999999999999995e-05
2026/09/22 14:48:06 - mmengine - INFO - paramwise_options -- rgb_encoder.layers.1.1.0.norm1.bias:weight_decay=0.01
2026/09/22 14:48:06 - mmengine - INFO - paramwise_options -- rgb_encoder.layers.1.1.0.norm1.bias:lr_mult=0.1
2026/09/22 14:48:06 - mmengine - INFO - paramwise_options -- rgb_encoder.layers.1.1.0.attn.attn.in_proj_weight:lr=5.9999999999999995e-05
2026/09/22 14:48:06 - mmengine - INFO - paramwise_options -- rgb_encoder.layers.1.1.0.attn.attn.in_proj_weight:weight_decay=0.01
2026/09/22 14:48:06 - mmengine - INFO - paramwise_options -- rgb_encoder.layers.1.1.0.attn.attn.in_proj_weight:lr_mult=0.1
2026/09/22 14:48:06 - mmengine - INFO - paramwise_options -- rgb_encoder.layers.1.1.0.attn.attn.in_proj_bias:lr=5.9999999999999995e-05
2026/09/22 14:48:06 - mmengine - INFO - paramwise_options -- rgb_encoder.layers.1.1.0.attn.attn.in_proj_bias:weight_decay=0.01
2026/09/22 14:48:06 - mmengine - INFO - paramwise_options -- rgb_encoder.layers.1.1.0.attn.attn.in_proj_bias:lr_mult=0.1
2026/09/22 14:48:06 - mmengine - INFO - paramwise_options -- rgb_encoder.layers.1.1.0.attn.attn.out_proj.weight:lr=5.9999999999999995e-05
2026/09/22 14:48:06 - mmengine - INFO - paramwise_options -- rgb_encoder.layers.1.1.0.attn.attn.out_proj.weight:weight_decay=0.01
2026/09/22 14:48:06 - mmengine - INFO - paramwise_options -- rgb_encoder.layers.1.1.0.attn.attn.out_proj.weight:lr_mult=0.1
2026/09/22 14:48:06 - mmengine - INFO - paramwise_options -- rgb_encoder.layers.1.1.0.attn.attn.out_proj.bias:lr=5.9999999999999995e-05
2026/09/22 14:48:06 - mmengine - INFO - paramwise_options -- rgb_encoder.layers.1.1.0.attn.attn.out_proj.bias:weight_decay=0.01
2026/09/22 14:48:06 - mmengine - INFO - paramwise_options -- rgb_encoder.layers.1.1.0.attn.attn.out_proj.bias:lr_mult=0.1
2026/09/22 14:48:06 - mmengine - INFO - paramwise_options -- rgb_encoder.layers.1.1.0.attn.sr.weight:lr=5.9999999999999995e-05
2026/09/22 14:48:06 - mmengine - INFO - paramwise_options -- rgb_encoder.layers.1.1.0.attn.sr.weight:weight_decay=0.01
2026/09/22 14:48:06 - mmengine - INFO - paramwise_options -- rgb_encoder.layers.1.1.0.attn.sr.weight:lr_mult=0.1
2026/09/22 14:48:06 - mmengine - INFO - paramwise_options -- rgb_encoder.layers.1.1.0.attn.sr.bias:lr=5.9999999999999995e-05
2026/09/22 14:48:06 - mmengine - INFO - paramwise_options -- rgb_encoder.layers.1.1.0.attn.sr.bias:weight_decay=0.01
2026/09/22 14:48:06 - mmengine - INFO - paramwise_options -- rgb_encoder.layers.1.1.0.attn.sr.bias:lr_mult=0.1
2026/09/22 14:48:06 - mmengine - INFO - paramwise_options -- rgb_encoder.layers.1.1.0.attn.norm.weight:lr=5.9999999999999995e-05
2026/09/22 14:48:06 - mmengine - INFO - paramwise_options -- rgb_encoder.layers.1.1.0.attn.norm.weight:weight_decay=0.01
2026/09/22 14:48:06 - mmengine - INFO - paramwise_options -- rgb_encoder.layers.1.1.0.attn.norm.weight:lr_mult=0.1
2026/09/22 14:48:06 - mmengine - INFO - paramwise_options -- rgb_encoder.layers.1.1.0.attn.norm.bias:lr=5.9999999999999995e-05
2026/09/22 14:48:06 - mmengine - INFO - paramwise_options -- rgb_encoder.layers.1.1.0.attn.norm.bias:weight_decay=0.01
2026/09/22 14:48:06 - mmengine - INFO - paramwise_options -- rgb_encoder.layers.1.1.0.attn.norm.bias:lr_mult=0.1
2026/09/22 14:48:06 - mmengine - INFO - paramwise_options -- rgb_encoder.layers.1.1.0.norm2.weight:lr=5.9999999999999995e-05
2026/09/22 14:48:06 - mmengine - INFO - paramwise_options -- rgb_encoder.layers.1.1.0.norm2.weight:weight_decay=0.01
2026/09/22 14:48:06 - mmengine - INFO - paramwise_options -- rgb_encoder.layers.1.1.0.norm2.weight:lr_mult=0.1
2026/09/22 14:48:06 - mmengine - INFO - paramwise_options -- rgb_encoder.layers.1.1.0.norm2.bias:lr=5.9999999999999995e-05
2026/09/22 14:48:06 - mmengine - INFO - paramwise_options -- rgb_encoder.layers.1.1.0.norm2.bias:weight_decay=0.01
2026/09/22 14:48:06 - mmengine - INFO - paramwise_options -- rgb_encoder.layers.1.1.0.norm2.bias:lr_mult=0.1
2026/09/22 14:48:06 - mmengine - INFO - paramwise_options -- rgb_encoder.layers.1.1.0.ffn.layers.0.weight:lr=5.9999999999999995e-05
2026/09/22 14:48:06 - mmengine - INFO - paramwise_options -- rgb_encoder.layers.1.1.0.ffn.layers.0.weight:weight_decay=0.01
2026/09/22 14:48:06 - mmengine - INFO - paramwise_options -- rgb_encoder.layers.1.1.0.ffn.layers.0.weight:lr_mult=0.1
2026/09/22 14:48:06 - mmengine - INFO - paramwise_options -- rgb_encoder.layers.1.1.0.ffn.layers.0.bias:lr=5.9999999999999995e-05
2026/09/22 14:48:06 - mmengine - INFO - paramwise_options -- rgb_encoder.layers.1.1.0.ffn.layers.0.bias:weight_decay=0.01
2026/09/22 14:48:06 - mmengine - INFO - paramwise_options -- rgb_encoder.layers.1.1.0.ffn.layers.0.bias:lr_mult=0.1
2026/09/22 14:48:06 - mmengine - INFO - paramwise_options -- rgb_encoder.layers.1.1.0.ffn.layers.1.weight:lr=5.9999999999999995e-05
2026/09/22 14:48:06 - mmengine - INFO - paramwise_options -- rgb_encoder.layers.1.1.0.ffn.layers.1.weight:weight_decay=0.01
2026/09/22 14:48:06 - mmengine - INFO - paramwise_options -- rgb_encoder.layers.1.1.0.ffn.layers.1.weight:lr_mult=0.1
2026/09/22 14:48:06 - mmengine - INFO - paramwise_options -- rgb_encoder.layers.1.1.0.ffn.layers.1.bias:lr=5.9999999999999995e-05
2026/09/22 14:48:06 - mmengine - INFO - paramwise_options -- rgb_encoder.layers.1.1.0.ffn.layers.1.bias:weight_decay=0.01
2026/09/22 14:48:06 - mmengine - INFO - paramwise_options -- rgb_encoder.layers.1.1.0.ffn.layers.1.bias:lr_mult=0.1
2026/09/22 14:48:06 - mmengine - INFO - paramwise_options -- rgb_encoder.layers.1.1.0.ffn.layers.4.weight:lr=5.9999999999999995e-05
2026/09/22 14:48:06 - mmengine - INFO - paramwise_options -- rgb_encoder.layers.1.1.0.ffn.layers.4.weight:weight_decay=0.01
2026/09/22 14:48:06 - mmengine - INFO - paramwise_options -- rgb_encoder.layers.1.1.0.ffn.layers.4.weight:lr_mult=0.1
2026/09/22 14:48:06 - mmengine - INFO - paramwise_options -- rgb_encoder.layers.1.1.0.ffn.layers.4.bias:lr=5.9999999999999995e-05
2026/09/22 14:48:06 - mmengine - INFO - paramwise_options -- rgb_encoder.layers.1.1.0.ffn.layers.4.bias:weight_decay=0.01
2026/09/22 14:48:06 - mmengine - INFO - paramwise_options -- rgb_encoder.layers.1.1.0.ffn.layers.4.bias:lr_mult=0.1
2026/09/22 14:48:06 - mmengine - INFO - paramwise_options -- rgb_encoder.layers.1.1.1.norm1.weight:lr=5.9999999999999995e-05
2026/09/22 14:48:06 - mmengine - INFO - paramwise_options -- rgb_encoder.layers.1.1.1.norm1.weight:weight_decay=0.01
2026/09/22 14:48:06 - mmengine - INFO - paramwise_options -- rgb_encoder.layers.1.1.1.norm1.weight:lr_mult=0.1
2026/09/22 14:48:06 - mmengine - INFO - paramwise_options -- rgb_encoder.layers.1.1.1.norm1.bias:lr=5.9999999999999995e-05
2026/09/22 14:48:06 - mmengine - INFO - paramwise_options -- rgb_encoder.layers.1.1.1.norm1.bias:weight_decay=0.01
2026/09/22 14:48:06 - mmengine - INFO - paramwise_options -- rgb_encoder.layers.1.1.1.norm1.bias:lr_mult=0.1
2026/09/22 14:48:06 - mmengine - INFO - paramwise_options -- rgb_encoder.layers.1.1.1.attn.attn.in_proj_weight:lr=5.9999999999999995e-05
2026/09/22 14:48:06 - mmengine - INFO - paramwise_options -- rgb_encoder.layers.1.1.1.attn.attn.in_proj_weight:weight_decay=0.01
2026/09/22 14:48:06 - mmengine - INFO - paramwise_options -- rgb_encoder.layers.1.1.1.attn.attn.in_proj_weight:lr_mult=0.1
2026/09/22 14:48:06 - mmengine - INFO - paramwise_options -- rgb_encoder.layers.1.1.1.attn.attn.in_proj_bias:lr=5.9999999999999995e-05
2026/09/22 14:48:06 - mmengine - INFO - paramwise_options -- rgb_encoder.layers.1.1.1.attn.attn.in_proj_bias:weight_decay=0.01
2026/09/22 14:48:06 - mmengine - INFO - paramwise_options -- rgb_encoder.layers.1.1.1.attn.attn.in_proj_bias:lr_mult=0.1
2026/09/22 14:48:06 - mmengine - INFO - paramwise_options -- rgb_encoder.layers.1.1.1.attn.attn.out_proj.weight:lr=5.9999999999999995e-05
2026/09/22 14:48:06 - mmengine - INFO - paramwise_options -- rgb_encoder.layers.1.1.1.attn.attn.out_proj.weight:weight_decay=0.01
2026/09/22 14:48:06 - mmengine - INFO - paramwise_options -- rgb_encoder.layers.1.1.1.attn.attn.out_proj.weight:lr_mult=0.1
2026/09/22 14:48:06 - mmengine - INFO - paramwise_options -- rgb_encoder.layers.1.1.1.attn.attn.out_proj.bias:lr=5.9999999999999995e-05
2026/09/22 14:48:06 - mmengine - INFO - paramwise_options -- rgb_encoder.layers.1.1.1.attn.attn.out_proj.bias:weight_decay=0.01
2026/09/22 14:48:06 - mmengine - INFO - paramwise_options -- rgb_encoder.layers.1.1.1.attn.attn.out_proj.bias:lr_mult=0.1
2026/09/22 14:48:06 - mmengine - INFO - paramwise_options -- rgb_encoder.layers.1.1.1.attn.sr.weight:lr=5.9999999999999995e-05
2026/09/22 14:48:06 - mmengine - INFO - paramwise_options -- rgb_encoder.layers.1.1.1.attn.sr.weight:weight_decay=0.01
2026/09/22 14:48:06 - mmengine - INFO - paramwise_options -- rgb_encoder.layers.1.1.1.attn.sr.weight:lr_mult=0.1
2026/09/22 14:48:06 - mmengine - INFO - paramwise_options -- rgb_encoder.layers.1.1.1.attn.sr.bias:lr=5.9999999999999995e-05
2026/09/22 14:48:06 - mmengine - INFO - paramwise_options -- rgb_encoder.layers.1.1.1.attn.sr.bias:weight_decay=0.01
2026/09/22 14:48:06 - mmengine - INFO - paramwise_options -- rgb_encoder.layers.1.1.1.attn.sr.bias:lr_mult=0.1
2026/09/22 14:48:06 - mmengine - INFO - paramwise_options -- rgb_encoder.layers.1.1.1.attn.norm.weight:lr=5.9999999999999995e-05
2026/09/22 14:48:06 - mmengine - INFO - paramwise_options -- rgb_encoder.layers.1.1.1.attn.norm.weight:weight_decay=0.01
2026/09/22 14:48:06 - mmengine - INFO - paramwise_options -- rgb_encoder.layers.1.1.1.attn.norm.weight:lr_mult=0.1
2026/09/22 14:48:06 - mmengine - INFO - paramwise_options -- rgb_encoder.layers.1.1.1.attn.norm.bias:lr=5.9999999999999995e-05
2026/09/22 14:48:06 - mmengine - INFO - paramwise_options -- rgb_encoder.layers.1.1.1.attn.norm.bias:weight_decay=0.01
2026/09/22 14:48:06 - mmengine - INFO - paramwise_options -- rgb_encoder.layers.1.1.1.attn.norm.bias:lr_mult=0.1
2026/09/22 14:48:06 - mmengine - INFO - paramwise_options -- rgb_encoder.layers.1.1.1.norm2.weight:lr=5.9999999999999995e-05
2026/09/22 14:48:06 - mmengine - INFO - paramwise_options -- rgb_encoder.layers.1.1.1.norm2.weight:weight_decay=0.01
2026/09/22 14:48:06 - mmengine - INFO - paramwise_options -- rgb_encoder.layers.1.1.1.norm2.weight:lr_mult=0.1
2026/09/22 14:48:06 - mmengine - INFO - paramwise_options -- rgb_encoder.layers.1.1.1.norm2.bias:lr=5.9999999999999995e-05
2026/09/22 14:48:06 - mmengine - INFO - paramwise_options -- rgb_encoder.layers.1.1.1.norm2.bias:weight_decay=0.01
2026/09/22 14:48:06 - mmengine - INFO - paramwise_options -- rgb_encoder.layers.1.1.1.norm2.bias:lr_mult=0.1
2026/09/22 14:48:06 - mmengine - INFO - paramwise_options -- rgb_encoder.layers.1.1.1.ffn.layers.0.weight:lr=5.9999999999999995e-05
2026/09/22 14:48:06 - mmengine - INFO - paramwise_options -- rgb_encoder.layers.1.1.1.ffn.layers.0.weight:weight_decay=0.01
2026/09/22 14:48:06 - mmengine - INFO - paramwise_options -- rgb_encoder.layers.1.1.1.ffn.layers.0.weight:lr_mult=0.1
2026/09/22 14:48:06 - mmengine - INFO - paramwise_options -- rgb_encoder.layers.1.1.1.ffn.layers.0.bias:lr=5.9999999999999995e-05
2026/09/22 14:48:06 - mmengine - INFO - paramwise_options -- rgb_encoder.layers.1.1.1.ffn.layers.0.bias:weight_decay=0.01
2026/09/22 14:48:06 - mmengine - INFO - paramwise_options -- rgb_encoder.layers.1.1.1.ffn.layers.0.bias:lr_mult=0.1
2026/09/22 14:48:06 - mmengine - INFO - paramwise_options -- rgb_encoder.layers.1.1.1.ffn.layers.1.weight:lr=5.9999999999999995e-05
2026/09/22 14:48:06 - mmengine - INFO - paramwise_options -- rgb_encoder.layers.1.1.1.ffn.layers.1.weight:weight_decay=0.01
2026/09/22 14:48:06 - mmengine - INFO - paramwise_options -- rgb_encoder.layers.1.1.1.ffn.layers.1.weight:lr_mult=0.1
2026/09/22 14:48:06 - mmengine - INFO - paramwise_options -- rgb_encoder.layers.1.1.1.ffn.layers.1.bias:lr=5.9999999999999995e-05
2026/09/22 14:48:06 - mmengine - INFO - paramwise_options -- rgb_encoder.layers.1.1.1.ffn.layers.1.bias:weight_decay=0.01
2026/09/22 14:48:06 - mmengine - INFO - paramwise_options -- rgb_encoder.layers.1.1.1.ffn.layers.1.bias:lr_mult=0.1
2026/09/22 14:48:06 - mmengine - INFO - paramwise_options -- rgb_encoder.layers.1.1.1.ffn.layers.4.weight:lr=5.9999999999999995e-05
2026/09/22 14:48:06 - mmengine - INFO - paramwise_options -- rgb_encoder.layers.1.1.1.ffn.layers.4.weight:weight_decay=0.01
2026/09/22 14:48:06 - mmengine - INFO - paramwise_options -- rgb_encoder.layers.1.1.1.ffn.layers.4.weight:lr_mult=0.1
2026/09/22 14:48:06 - mmengine - INFO - paramwise_options -- rgb_encoder.layers.1.1.1.ffn.layers.4.bias:lr=5.9999999999999995e-05
2026/09/22 14:48:06 - mmengine - INFO - paramwise_options -- rgb_encoder.layers.1.1.1.ffn.layers.4.bias:weight_decay=0.01
2026/09/22 14:48:06 - mmengine - INFO - paramwise_options -- rgb_encoder.layers.1.1.1.ffn.layers.4.bias:lr_mult=0.1
2026/09/22 14:48:06 - mmengine - INFO - paramwise_options -- rgb_encoder.layers.1.1.2.norm1.weight:lr=5.9999999999999995e-05
2026/09/22 14:48:06 - mmengine - INFO - paramwise_options -- rgb_encoder.layers.1.1.2.norm1.weight:weight_decay=0.01
2026/09/22 14:48:06 - mmengine - INFO - paramwise_options -- rgb_encoder.layers.1.1.2.norm1.weight:lr_mult=0.1
2026/09/22 14:48:06 - mmengine - INFO - paramwise_options -- rgb_encoder.layers.1.1.2.norm1.bias:lr=5.9999999999999995e-05
2026/09/22 14:48:06 - mmengine - INFO - paramwise_options -- rgb_encoder.layers.1.1.2.norm1.bias:weight_decay=0.01
2026/09/22 14:48:06 - mmengine - INFO - paramwise_options -- rgb_encoder.layers.1.1.2.norm1.bias:lr_mult=0.1
2026/09/22 14:48:06 - mmengine - INFO - paramwise_options -- rgb_encoder.layers.1.1.2.attn.attn.in_proj_weight:lr=5.9999999999999995e-05
2026/09/22 14:48:06 - mmengine - INFO - paramwise_options -- rgb_encoder.layers.1.1.2.attn.attn.in_proj_weight:weight_decay=0.01
2026/09/22 14:48:06 - mmengine - INFO - paramwise_options -- rgb_encoder.layers.1.1.2.attn.attn.in_proj_weight:lr_mult=0.1
2026/09/22 14:48:06 - mmengine - INFO - paramwise_options -- rgb_encoder.layers.1.1.2.attn.attn.in_proj_bias:lr=5.9999999999999995e-05
2026/09/22 14:48:06 - mmengine - INFO - paramwise_options -- rgb_encoder.layers.1.1.2.attn.attn.in_proj_bias:weight_decay=0.01
2026/09/22 14:48:06 - mmengine - INFO - paramwise_options -- rgb_encoder.layers.1.1.2.attn.attn.in_proj_bias:lr_mult=0.1
2026/09/22 14:48:06 - mmengine - INFO - paramwise_options -- rgb_encoder.layers.1.1.2.attn.attn.out_proj.weight:lr=5.9999999999999995e-05
2026/09/22 14:48:06 - mmengine - INFO - paramwise_options -- rgb_encoder.layers.1.1.2.attn.attn.out_proj.weight:weight_decay=0.01
2026/09/22 14:48:06 - mmengine - INFO - paramwise_options -- rgb_encoder.layers.1.1.2.attn.attn.out_proj.weight:lr_mult=0.1
2026/09/22 14:48:06 - mmengine - INFO - paramwise_options -- rgb_encoder.layers.1.1.2.attn.attn.out_proj.bias:lr=5.9999999999999995e-05
2026/09/22 14:48:06 - mmengine - INFO - paramwise_options -- rgb_encoder.layers.1.1.2.attn.attn.out_proj.bias:weight_decay=0.01
2026/09/22 14:48:06 - mmengine - INFO - paramwise_options -- rgb_encoder.layers.1.1.2.attn.attn.out_proj.bias:lr_mult=0.1
2026/09/22 14:48:06 - mmengine - INFO - paramwise_options -- rgb_encoder.layers.1.1.2.attn.sr.weight:lr=5.9999999999999995e-05
2026/09/22 14:48:06 - mmengine - INFO - paramwise_options -- rgb_encoder.layers.1.1.2.attn.sr.weight:weight_decay=0.01
2026/09/22 14:48:06 - mmengine - INFO - paramwise_options -- rgb_encoder.layers.1.1.2.attn.sr.weight:lr_mult=0.1
2026/09/22 14:48:06 - mmengine - INFO - paramwise_options -- rgb_encoder.layers.1.1.2.attn.sr.bias:lr=5.9999999999999995e-05
2026/09/22 14:48:06 - mmengine - INFO - paramwise_options -- rgb_encoder.layers.1.1.2.attn.sr.bias:weight_decay=0.01
2026/09/22 14:48:06 - mmengine - INFO - paramwise_options -- rgb_encoder.layers.1.1.2.attn.sr.bias:lr_mult=0.1
2026/09/22 14:48:06 - mmengine - INFO - paramwise_options -- rgb_encoder.layers.1.1.2.attn.norm.weight:lr=5.9999999999999995e-05
2026/09/22 14:48:06 - mmengine - INFO - paramwise_options -- rgb_encoder.layers.1.1.2.attn.norm.weight:weight_decay=0.01
2026/09/22 14:48:06 - mmengine - INFO - paramwise_options -- rgb_encoder.layers.1.1.2.attn.norm.weight:lr_mult=0.1
2026/09/22 14:48:06 - mmengine - INFO - paramwise_options -- rgb_encoder.layers.1.1.2.attn.norm.bias:lr=5.9999999999999995e-05
2026/09/22 14:48:06 - mmengine - INFO - paramwise_options -- rgb_encoder.layers.1.1.2.attn.norm.bias:weight_decay=0.01
2026/09/22 14:48:06 - mmengine - INFO - paramwise_options -- rgb_encoder.layers.1.1.2.attn.norm.bias:lr_mult=0.1
2026/09/22 14:48:06 - mmengine - INFO - paramwise_options -- rgb_encoder.layers.1.1.2.norm2.weight:lr=5.9999999999999995e-05
2026/09/22 14:48:06 - mmengine - INFO - paramwise_options -- rgb_encoder.layers.1.1.2.norm2.weight:weight_decay=0.01
2026/09/22 14:48:06 - mmengine - INFO - paramwise_options -- rgb_encoder.layers.1.1.2.norm2.weight:lr_mult=0.1
2026/09/22 14:48:06 - mmengine - INFO - paramwise_options -- rgb_encoder.layers.1.1.2.norm2.bias:lr=5.9999999999999995e-05
2026/09/22 14:48:06 - mmengine - INFO - paramwise_options -- rgb_encoder.layers.1.1.2.norm2.bias:weight_decay=0.01
2026/09/22 14:48:06 - mmengine - INFO - paramwise_options -- rgb_encoder.layers.1.1.2.norm2.bias:lr_mult=0.1
2026/09/22 14:48:06 - mmengine - INFO - paramwise_options -- rgb_encoder.layers.1.1.2.ffn.layers.0.weight:lr=5.9999999999999995e-05
2026/09/22 14:48:06 - mmengine - INFO - paramwise_options -- rgb_encoder.layers.1.1.2.ffn.layers.0.weight:weight_decay=0.01
2026/09/22 14:48:06 - mmengine - INFO - paramwise_options -- rgb_encoder.layers.1.1.2.ffn.layers.0.weight:lr_mult=0.1
2026/09/22 14:48:06 - mmengine - INFO - paramwise_options -- rgb_encoder.layers.1.1.2.ffn.layers.0.bias:lr=5.9999999999999995e-05
2026/09/22 14:48:06 - mmengine - INFO - paramwise_options -- rgb_encoder.layers.1.1.2.ffn.layers.0.bias:weight_decay=0.01
2026/09/22 14:48:06 - mmengine - INFO - paramwise_options -- rgb_encoder.layers.1.1.2.ffn.layers.0.bias:lr_mult=0.1
2026/09/22 14:48:06 - mmengine - INFO - paramwise_options -- rgb_encoder.layers.1.1.2.ffn.layers.1.weight:lr=5.9999999999999995e-05
2026/09/22 14:48:06 - mmengine - INFO - paramwise_options -- rgb_encoder.layers.1.1.2.ffn.layers.1.weight:weight_decay=0.01
2026/09/22 14:48:06 - mmengine - INFO - paramwise_options -- rgb_encoder.layers.1.1.2.ffn.layers.1.weight:lr_mult=0.1
2026/09/22 14:48:06 - mmengine - INFO - paramwise_options -- rgb_encoder.layers.1.1.2.ffn.layers.1.bias:lr=5.9999999999999995e-05
2026/09/22 14:48:06 - mmengine - INFO - paramwise_options -- rgb_encoder.layers.1.1.2.ffn.layers.1.bias:weight_decay=0.01
2026/09/22 14:48:06 - mmengine - INFO - paramwise_options -- rgb_encoder.layers.1.1.2.ffn.layers.1.bias:lr_mult=0.1
2026/09/22 14:48:06 - mmengine - INFO - paramwise_options -- rgb_encoder.layers.1.1.2.ffn.layers.4.weight:lr=5.9999999999999995e-05
2026/09/22 14:48:06 - mmengine - INFO - paramwise_options -- rgb_encoder.layers.1.1.2.ffn.layers.4.weight:weight_decay=0.01
2026/09/22 14:48:06 - mmengine - INFO - paramwise_options -- rgb_encoder.layers.1.1.2.ffn.layers.4.weight:lr_mult=0.1
2026/09/22 14:48:06 - mmengine - INFO - paramwise_options -- rgb_encoder.layers.1.1.2.ffn.layers.4.bias:lr=5.9999999999999995e-05
2026/09/22 14:48:06 - mmengine - INFO - paramwise_options -- rgb_encoder.layers.1.1.2.ffn.layers.4.bias:weight_decay=0.01
2026/09/22 14:48:06 - mmengine - INFO - paramwise_options -- rgb_encoder.layers.1.1.2.ffn.layers.4.bias:lr_mult=0.1
2026/09/22 14:48:06 - mmengine - INFO - paramwise_options -- rgb_encoder.layers.1.1.3.norm1.weight:lr=5.9999999999999995e-05
2026/09/22 14:48:06 - mmengine - INFO - paramwise_options -- rgb_encoder.layers.1.1.3.norm1.weight:weight_decay=0.01
2026/09/22 14:48:06 - mmengine - INFO - paramwise_options -- rgb_encoder.layers.1.1.3.norm1.weight:lr_mult=0.1
2026/09/22 14:48:06 - mmengine - INFO - paramwise_options -- rgb_encoder.layers.1.1.3.norm1.bias:lr=5.9999999999999995e-05
2026/09/22 14:48:06 - mmengine - INFO - paramwise_options -- rgb_encoder.layers.1.1.3.norm1.bias:weight_decay=0.01
2026/09/22 14:48:06 - mmengine - INFO - paramwise_options -- rgb_encoder.layers.1.1.3.norm1.bias:lr_mult=0.1
2026/09/22 14:48:06 - mmengine - INFO - paramwise_options -- rgb_encoder.layers.1.1.3.attn.attn.in_proj_weight:lr=5.9999999999999995e-05
2026/09/22 14:48:06 - mmengine - INFO - paramwise_options -- rgb_encoder.layers.1.1.3.attn.attn.in_proj_weight:weight_decay=0.01
2026/09/22 14:48:06 - mmengine - INFO - paramwise_options -- rgb_encoder.layers.1.1.3.attn.attn.in_proj_weight:lr_mult=0.1
2026/09/22 14:48:06 - mmengine - INFO - paramwise_options -- rgb_encoder.layers.1.1.3.attn.attn.in_proj_bias:lr=5.9999999999999995e-05
2026/09/22 14:48:06 - mmengine - INFO - paramwise_options -- rgb_encoder.layers.1.1.3.attn.attn.in_proj_bias:weight_decay=0.01
2026/09/22 14:48:06 - mmengine - INFO - paramwise_options -- rgb_encoder.layers.1.1.3.attn.attn.in_proj_bias:lr_mult=0.1
2026/09/22 14:48:06 - mmengine - INFO - paramwise_options -- rgb_encoder.layers.1.1.3.attn.attn.out_proj.weight:lr=5.9999999999999995e-05
2026/09/22 14:48:06 - mmengine - INFO - paramwise_options -- rgb_encoder.layers.1.1.3.attn.attn.out_proj.weight:weight_decay=0.01
2026/09/22 14:48:06 - mmengine - INFO - paramwise_options -- rgb_encoder.layers.1.1.3.attn.attn.out_proj.weight:lr_mult=0.1
2026/09/22 14:48:06 - mmengine - INFO - paramwise_options -- rgb_encoder.layers.1.1.3.attn.attn.out_proj.bias:lr=5.9999999999999995e-05
2026/09/22 14:48:06 - mmengine - INFO - paramwise_options -- rgb_encoder.layers.1.1.3.attn.attn.out_proj.bias:weight_decay=0.01
2026/09/22 14:48:06 - mmengine - INFO - paramwise_options -- rgb_encoder.layers.1.1.3.attn.attn.out_proj.bias:lr_mult=0.1
2026/09/22 14:48:06 - mmengine - INFO - paramwise_options -- rgb_encoder.layers.1.1.3.attn.sr.weight:lr=5.9999999999999995e-05
2026/09/22 14:48:06 - mmengine - INFO - paramwise_options -- rgb_encoder.layers.1.1.3.attn.sr.weight:weight_decay=0.01
2026/09/22 14:48:06 - mmengine - INFO - paramwise_options -- rgb_encoder.layers.1.1.3.attn.sr.weight:lr_mult=0.1
2026/09/22 14:48:06 - mmengine - INFO - paramwise_options -- rgb_encoder.layers.1.1.3.attn.sr.bias:lr=5.9999999999999995e-05
2026/09/22 14:48:06 - mmengine - INFO - paramwise_options -- rgb_encoder.layers.1.1.3.attn.sr.bias:weight_decay=0.01
2026/09/22 14:48:06 - mmengine - INFO - paramwise_options -- rgb_encoder.layers.1.1.3.attn.sr.bias:lr_mult=0.1
2026/09/22 14:48:06 - mmengine - INFO - paramwise_options -- rgb_encoder.layers.1.1.3.attn.norm.weight:lr=5.9999999999999995e-05
2026/09/22 14:48:06 - mmengine - INFO - paramwise_options -- rgb_encoder.layers.1.1.3.attn.norm.weight:weight_decay=0.01
2026/09/22 14:48:06 - mmengine - INFO - paramwise_options -- rgb_encoder.layers.1.1.3.attn.norm.weight:lr_mult=0.1
2026/09/22 14:48:06 - mmengine - INFO - paramwise_options -- rgb_encoder.layers.1.1.3.attn.norm.bias:lr=5.9999999999999995e-05
2026/09/22 14:48:06 - mmengine - INFO - paramwise_options -- rgb_encoder.layers.1.1.3.attn.norm.bias:weight_decay=0.01
2026/09/22 14:48:06 - mmengine - INFO - paramwise_options -- rgb_encoder.layers.1.1.3.attn.norm.bias:lr_mult=0.1
2026/09/22 14:48:06 - mmengine - INFO - paramwise_options -- rgb_encoder.layers.1.1.3.norm2.weight:lr=5.9999999999999995e-05
2026/09/22 14:48:06 - mmengine - INFO - paramwise_options -- rgb_encoder.layers.1.1.3.norm2.weight:weight_decay=0.01
2026/09/22 14:48:06 - mmengine - INFO - paramwise_options -- rgb_encoder.layers.1.1.3.norm2.weight:lr_mult=0.1
2026/09/22 14:48:06 - mmengine - INFO - paramwise_options -- rgb_encoder.layers.1.1.3.norm2.bias:lr=5.9999999999999995e-05
2026/09/22 14:48:06 - mmengine - INFO - paramwise_options -- rgb_encoder.layers.1.1.3.norm2.bias:weight_decay=0.01
2026/09/22 14:48:06 - mmengine - INFO - paramwise_options -- rgb_encoder.layers.1.1.3.norm2.bias:lr_mult=0.1
2026/09/22 14:48:06 - mmengine - INFO - paramwise_options -- rgb_encoder.layers.1.1.3.ffn.layers.0.weight:lr=5.9999999999999995e-05
2026/09/22 14:48:06 - mmengine - INFO - paramwise_options -- rgb_encoder.layers.1.1.3.ffn.layers.0.weight:weight_decay=0.01
2026/09/22 14:48:06 - mmengine - INFO - paramwise_options -- rgb_encoder.layers.1.1.3.ffn.layers.0.weight:lr_mult=0.1
2026/09/22 14:48:06 - mmengine - INFO - paramwise_options -- rgb_encoder.layers.1.1.3.ffn.layers.0.bias:lr=5.9999999999999995e-05
2026/09/22 14:48:06 - mmengine - INFO - paramwise_options -- rgb_encoder.layers.1.1.3.ffn.layers.0.bias:weight_decay=0.01
2026/09/22 14:48:06 - mmengine - INFO - paramwise_options -- rgb_encoder.layers.1.1.3.ffn.layers.0.bias:lr_mult=0.1
2026/09/22 14:48:06 - mmengine - INFO - paramwise_options -- rgb_encoder.layers.1.1.3.ffn.layers.1.weight:lr=5.9999999999999995e-05
2026/09/22 14:48:06 - mmengine - INFO - paramwise_options -- rgb_encoder.layers.1.1.3.ffn.layers.1.weight:weight_decay=0.01
2026/09/22 14:48:06 - mmengine - INFO - paramwise_options -- rgb_encoder.layers.1.1.3.ffn.layers.1.weight:lr_mult=0.1
2026/09/22 14:48:06 - mmengine - INFO - paramwise_options -- rgb_encoder.layers.1.1.3.ffn.layers.1.bias:lr=5.9999999999999995e-05
2026/09/22 14:48:06 - mmengine - INFO - paramwise_options -- rgb_encoder.layers.1.1.3.ffn.layers.1.bias:weight_decay=0.01
2026/09/22 14:48:06 - mmengine - INFO - paramwise_options -- rgb_encoder.layers.1.1.3.ffn.layers.1.bias:lr_mult=0.1
2026/09/22 14:48:06 - mmengine - INFO - paramwise_options -- rgb_encoder.layers.1.1.3.ffn.layers.4.weight:lr=5.9999999999999995e-05
2026/09/22 14:48:06 - mmengine - INFO - paramwise_options -- rgb_encoder.layers.1.1.3.ffn.layers.4.weight:weight_decay=0.01
2026/09/22 14:48:06 - mmengine - INFO - paramwise_options -- rgb_encoder.layers.1.1.3.ffn.layers.4.weight:lr_mult=0.1
2026/09/22 14:48:06 - mmengine - INFO - paramwise_options -- rgb_encoder.layers.1.1.3.ffn.layers.4.bias:lr=5.9999999999999995e-05
2026/09/22 14:48:06 - mmengine - INFO - paramwise_options -- rgb_encoder.layers.1.1.3.ffn.layers.4.bias:weight_decay=0.01
2026/09/22 14:48:06 - mmengine - INFO - paramwise_options -- rgb_encoder.layers.1.1.3.ffn.layers.4.bias:lr_mult=0.1
2026/09/22 14:48:06 - mmengine - INFO - paramwise_options -- rgb_encoder.layers.1.2.weight:lr=5.9999999999999995e-05
2026/09/22 14:48:06 - mmengine - INFO - paramwise_options -- rgb_encoder.layers.1.2.weight:weight_decay=0.01
2026/09/22 14:48:06 - mmengine - INFO - paramwise_options -- rgb_encoder.layers.1.2.weight:lr_mult=0.1
2026/09/22 14:48:06 - mmengine - INFO - paramwise_options -- rgb_encoder.layers.1.2.bias:lr=5.9999999999999995e-05
2026/09/22 14:48:06 - mmengine - INFO - paramwise_options -- rgb_encoder.layers.1.2.bias:weight_decay=0.01
2026/09/22 14:48:06 - mmengine - INFO - paramwise_options -- rgb_encoder.layers.1.2.bias:lr_mult=0.1
2026/09/22 14:48:06 - mmengine - INFO - paramwise_options -- rgb_encoder.layers.2.0.projection.weight:lr=5.9999999999999995e-05
2026/09/22 14:48:06 - mmengine - INFO - paramwise_options -- rgb_encoder.layers.2.0.projection.weight:weight_decay=0.01
2026/09/22 14:48:06 - mmengine - INFO - paramwise_options -- rgb_encoder.layers.2.0.projection.weight:lr_mult=0.1
2026/09/22 14:48:06 - mmengine - INFO - paramwise_options -- rgb_encoder.layers.2.0.projection.bias:lr=5.9999999999999995e-05
2026/09/22 14:48:06 - mmengine - INFO - paramwise_options -- rgb_encoder.layers.2.0.projection.bias:weight_decay=0.01
2026/09/22 14:48:06 - mmengine - INFO - paramwise_options -- rgb_encoder.layers.2.0.projection.bias:lr_mult=0.1
2026/09/22 14:48:06 - mmengine - INFO - paramwise_options -- rgb_encoder.layers.2.0.norm.weight:lr=5.9999999999999995e-05
2026/09/22 14:48:06 - mmengine - INFO - paramwise_options -- rgb_encoder.layers.2.0.norm.weight:weight_decay=0.01
2026/09/22 14:48:06 - mmengine - INFO - paramwise_options -- rgb_encoder.layers.2.0.norm.weight:lr_mult=0.1
2026/09/22 14:48:06 - mmengine - INFO - paramwise_options -- rgb_encoder.layers.2.0.norm.bias:lr=5.9999999999999995e-05
2026/09/22 14:48:06 - mmengine - INFO - paramwise_options -- rgb_encoder.layers.2.0.norm.bias:weight_decay=0.01
2026/09/22 14:48:06 - mmengine - INFO - paramwise_options -- rgb_encoder.layers.2.0.norm.bias:lr_mult=0.1
2026/09/22 14:48:06 - mmengine - INFO - paramwise_options -- rgb_encoder.layers.2.1.0.norm1.weight:lr=5.9999999999999995e-05
2026/09/22 14:48:06 - mmengine - INFO - paramwise_options -- rgb_encoder.layers.2.1.0.norm1.weight:weight_decay=0.01
2026/09/22 14:48:06 - mmengine - INFO - paramwise_options -- rgb_encoder.layers.2.1.0.norm1.weight:lr_mult=0.1
2026/09/22 14:48:06 - mmengine - INFO - paramwise_options -- rgb_encoder.layers.2.1.0.norm1.bias:lr=5.9999999999999995e-05
2026/09/22 14:48:06 - mmengine - INFO - paramwise_options -- rgb_encoder.layers.2.1.0.norm1.bias:weight_decay=0.01
2026/09/22 14:48:06 - mmengine - INFO - paramwise_options -- rgb_encoder.layers.2.1.0.norm1.bias:lr_mult=0.1
2026/09/22 14:48:06 - mmengine - INFO - paramwise_options -- rgb_encoder.layers.2.1.0.attn.attn.in_proj_weight:lr=5.9999999999999995e-05
2026/09/22 14:48:06 - mmengine - INFO - paramwise_options -- rgb_encoder.layers.2.1.0.attn.attn.in_proj_weight:weight_decay=0.01
2026/09/22 14:48:06 - mmengine - INFO - paramwise_options -- rgb_encoder.layers.2.1.0.attn.attn.in_proj_weight:lr_mult=0.1
2026/09/22 14:48:06 - mmengine - INFO - paramwise_options -- rgb_encoder.layers.2.1.0.attn.attn.in_proj_bias:lr=5.9999999999999995e-05
2026/09/22 14:48:06 - mmengine - INFO - paramwise_options -- rgb_encoder.layers.2.1.0.attn.attn.in_proj_bias:weight_decay=0.01
2026/09/22 14:48:06 - mmengine - INFO - paramwise_options -- rgb_encoder.layers.2.1.0.attn.attn.in_proj_bias:lr_mult=0.1
2026/09/22 14:48:06 - mmengine - INFO - paramwise_options -- rgb_encoder.layers.2.1.0.attn.attn.out_proj.weight:lr=5.9999999999999995e-05
2026/09/22 14:48:06 - mmengine - INFO - paramwise_options -- rgb_encoder.layers.2.1.0.attn.attn.out_proj.weight:weight_decay=0.01
2026/09/22 14:48:06 - mmengine - INFO - paramwise_options -- rgb_encoder.layers.2.1.0.attn.attn.out_proj.weight:lr_mult=0.1
2026/09/22 14:48:06 - mmengine - INFO - paramwise_options -- rgb_encoder.layers.2.1.0.attn.attn.out_proj.bias:lr=5.9999999999999995e-05
2026/09/22 14:48:06 - mmengine - INFO - paramwise_options -- rgb_encoder.layers.2.1.0.attn.attn.out_proj.bias:weight_decay=0.01
2026/09/22 14:48:06 - mmengine - INFO - paramwise_options -- rgb_encoder.layers.2.1.0.attn.attn.out_proj.bias:lr_mult=0.1
2026/09/22 14:48:06 - mmengine - INFO - paramwise_options -- rgb_encoder.layers.2.1.0.attn.sr.weight:lr=5.9999999999999995e-05
2026/09/22 14:48:06 - mmengine - INFO - paramwise_options -- rgb_encoder.layers.2.1.0.attn.sr.weight:weight_decay=0.01
2026/09/22 14:48:06 - mmengine - INFO - paramwise_options -- rgb_encoder.layers.2.1.0.attn.sr.weight:lr_mult=0.1
2026/09/22 14:48:06 - mmengine - INFO - paramwise_options -- rgb_encoder.layers.2.1.0.attn.sr.bias:lr=5.9999999999999995e-05
2026/09/22 14:48:06 - mmengine - INFO - paramwise_options -- rgb_encoder.layers.2.1.0.attn.sr.bias:weight_decay=0.01
2026/09/22 14:48:06 - mmengine - INFO - paramwise_options -- rgb_encoder.layers.2.1.0.attn.sr.bias:lr_mult=0.1
2026/09/22 14:48:06 - mmengine - INFO - paramwise_options -- rgb_encoder.layers.2.1.0.attn.norm.weight:lr=5.9999999999999995e-05
2026/09/22 14:48:06 - mmengine - INFO - paramwise_options -- rgb_encoder.layers.2.1.0.attn.norm.weight:weight_decay=0.01
2026/09/22 14:48:06 - mmengine - INFO - paramwise_options -- rgb_encoder.layers.2.1.0.attn.norm.weight:lr_mult=0.1
2026/09/22 14:48:06 - mmengine - INFO - paramwise_options -- rgb_encoder.layers.2.1.0.attn.norm.bias:lr=5.9999999999999995e-05
2026/09/22 14:48:06 - mmengine - INFO - paramwise_options -- rgb_encoder.layers.2.1.0.attn.norm.bias:weight_decay=0.01
2026/09/22 14:48:06 - mmengine - INFO - paramwise_options -- rgb_encoder.layers.2.1.0.attn.norm.bias:lr_mult=0.1
2026/09/22 14:48:06 - mmengine - INFO - paramwise_options -- rgb_encoder.layers.2.1.0.norm2.weight:lr=5.9999999999999995e-05
2026/09/22 14:48:06 - mmengine - INFO - paramwise_options -- rgb_encoder.layers.2.1.0.norm2.weight:weight_decay=0.01
2026/09/22 14:48:06 - mmengine - INFO - paramwise_options -- rgb_encoder.layers.2.1.0.norm2.weight:lr_mult=0.1
2026/09/22 14:48:06 - mmengine - INFO - paramwise_options -- rgb_encoder.layers.2.1.0.norm2.bias:lr=5.9999999999999995e-05
2026/09/22 14:48:06 - mmengine - INFO - paramwise_options -- rgb_encoder.layers.2.1.0.norm2.bias:weight_decay=0.01
2026/09/22 14:48:06 - mmengine - INFO - paramwise_options -- rgb_encoder.layers.2.1.0.norm2.bias:lr_mult=0.1
2026/09/22 14:48:06 - mmengine - INFO - paramwise_options -- rgb_encoder.layers.2.1.0.ffn.layers.0.weight:lr=5.9999999999999995e-05
2026/09/22 14:48:06 - mmengine - INFO - paramwise_options -- rgb_encoder.layers.2.1.0.ffn.layers.0.weight:weight_decay=0.01
2026/09/22 14:48:06 - mmengine - INFO - paramwise_options -- rgb_encoder.layers.2.1.0.ffn.layers.0.weight:lr_mult=0.1
2026/09/22 14:48:06 - mmengine - INFO - paramwise_options -- rgb_encoder.layers.2.1.0.ffn.layers.0.bias:lr=5.9999999999999995e-05
2026/09/22 14:48:06 - mmengine - INFO - paramwise_options -- rgb_encoder.layers.2.1.0.ffn.layers.0.bias:weight_decay=0.01
2026/09/22 14:48:06 - mmengine - INFO - paramwise_options -- rgb_encoder.layers.2.1.0.ffn.layers.0.bias:lr_mult=0.1
2026/09/22 14:48:06 - mmengine - INFO - paramwise_options -- rgb_encoder.layers.2.1.0.ffn.layers.1.weight:lr=5.9999999999999995e-05
2026/09/22 14:48:06 - mmengine - INFO - paramwise_options -- rgb_encoder.layers.2.1.0.ffn.layers.1.weight:weight_decay=0.01
2026/09/22 14:48:06 - mmengine - INFO - paramwise_options -- rgb_encoder.layers.2.1.0.ffn.layers.1.weight:lr_mult=0.1
2026/09/22 14:48:06 - mmengine - INFO - paramwise_options -- rgb_encoder.layers.2.1.0.ffn.layers.1.bias:lr=5.9999999999999995e-05
2026/09/22 14:48:06 - mmengine - INFO - paramwise_options -- rgb_encoder.layers.2.1.0.ffn.layers.1.bias:weight_decay=0.01
2026/09/22 14:48:06 - mmengine - INFO - paramwise_options -- rgb_encoder.layers.2.1.0.ffn.layers.1.bias:lr_mult=0.1
2026/09/22 14:48:06 - mmengine - INFO - paramwise_options -- rgb_encoder.layers.2.1.0.ffn.layers.4.weight:lr=5.9999999999999995e-05
2026/09/22 14:48:06 - mmengine - INFO - paramwise_options -- rgb_encoder.layers.2.1.0.ffn.layers.4.weight:weight_decay=0.01
2026/09/22 14:48:06 - mmengine - INFO - paramwise_options -- rgb_encoder.layers.2.1.0.ffn.layers.4.weight:lr_mult=0.1
2026/09/22 14:48:06 - mmengine - INFO - paramwise_options -- rgb_encoder.layers.2.1.0.ffn.layers.4.bias:lr=5.9999999999999995e-05
2026/09/22 14:48:06 - mmengine - INFO - paramwise_options -- rgb_encoder.layers.2.1.0.ffn.layers.4.bias:weight_decay=0.01
2026/09/22 14:48:06 - mmengine - INFO - paramwise_options -- rgb_encoder.layers.2.1.0.ffn.layers.4.bias:lr_mult=0.1
2026/09/22 14:48:06 - mmengine - INFO - paramwise_options -- rgb_encoder.layers.2.1.1.norm1.weight:lr=5.9999999999999995e-05
2026/09/22 14:48:06 - mmengine - INFO - paramwise_options -- rgb_encoder.layers.2.1.1.norm1.weight:weight_decay=0.01
2026/09/22 14:48:06 - mmengine - INFO - paramwise_options -- rgb_encoder.layers.2.1.1.norm1.weight:lr_mult=0.1
2026/09/22 14:48:06 - mmengine - INFO - paramwise_options -- rgb_encoder.layers.2.1.1.norm1.bias:lr=5.9999999999999995e-05
2026/09/22 14:48:06 - mmengine - INFO - paramwise_options -- rgb_encoder.layers.2.1.1.norm1.bias:weight_decay=0.01
2026/09/22 14:48:06 - mmengine - INFO - paramwise_options -- rgb_encoder.layers.2.1.1.norm1.bias:lr_mult=0.1
2026/09/22 14:48:06 - mmengine - INFO - paramwise_options -- rgb_encoder.layers.2.1.1.attn.attn.in_proj_weight:lr=5.9999999999999995e-05
2026/09/22 14:48:06 - mmengine - INFO - paramwise_options -- rgb_encoder.layers.2.1.1.attn.attn.in_proj_weight:weight_decay=0.01
2026/09/22 14:48:06 - mmengine - INFO - paramwise_options -- rgb_encoder.layers.2.1.1.attn.attn.in_proj_weight:lr_mult=0.1
2026/09/22 14:48:06 - mmengine - INFO - paramwise_options -- rgb_encoder.layers.2.1.1.attn.attn.in_proj_bias:lr=5.9999999999999995e-05
2026/09/22 14:48:06 - mmengine - INFO - paramwise_options -- rgb_encoder.layers.2.1.1.attn.attn.in_proj_bias:weight_decay=0.01
2026/09/22 14:48:06 - mmengine - INFO - paramwise_options -- rgb_encoder.layers.2.1.1.attn.attn.in_proj_bias:lr_mult=0.1
2026/09/22 14:48:06 - mmengine - INFO - paramwise_options -- rgb_encoder.layers.2.1.1.attn.attn.out_proj.weight:lr=5.9999999999999995e-05
2026/09/22 14:48:06 - mmengine - INFO - paramwise_options -- rgb_encoder.layers.2.1.1.attn.attn.out_proj.weight:weight_decay=0.01
2026/09/22 14:48:06 - mmengine - INFO - paramwise_options -- rgb_encoder.layers.2.1.1.attn.attn.out_proj.weight:lr_mult=0.1
2026/09/22 14:48:06 - mmengine - INFO - paramwise_options -- rgb_encoder.layers.2.1.1.attn.attn.out_proj.bias:lr=5.9999999999999995e-05
2026/09/22 14:48:06 - mmengine - INFO - paramwise_options -- rgb_encoder.layers.2.1.1.attn.attn.out_proj.bias:weight_decay=0.01
2026/09/22 14:48:06 - mmengine - INFO - paramwise_options -- rgb_encoder.layers.2.1.1.attn.attn.out_proj.bias:lr_mult=0.1
2026/09/22 14:48:06 - mmengine - INFO - paramwise_options -- rgb_encoder.layers.2.1.1.attn.sr.weight:lr=5.9999999999999995e-05
2026/09/22 14:48:06 - mmengine - INFO - paramwise_options -- rgb_encoder.layers.2.1.1.attn.sr.weight:weight_decay=0.01
2026/09/22 14:48:06 - mmengine - INFO - paramwise_options -- rgb_encoder.layers.2.1.1.attn.sr.weight:lr_mult=0.1
2026/09/22 14:48:06 - mmengine - INFO - paramwise_options -- rgb_encoder.layers.2.1.1.attn.sr.bias:lr=5.9999999999999995e-05
2026/09/22 14:48:06 - mmengine - INFO - paramwise_options -- rgb_encoder.layers.2.1.1.attn.sr.bias:weight_decay=0.01
2026/09/22 14:48:06 - mmengine - INFO - paramwise_options -- rgb_encoder.layers.2.1.1.attn.sr.bias:lr_mult=0.1
2026/09/22 14:48:06 - mmengine - INFO - paramwise_options -- rgb_encoder.layers.2.1.1.attn.norm.weight:lr=5.9999999999999995e-05
2026/09/22 14:48:06 - mmengine - INFO - paramwise_options -- rgb_encoder.layers.2.1.1.attn.norm.weight:weight_decay=0.01
2026/09/22 14:48:06 - mmengine - INFO - paramwise_options -- rgb_encoder.layers.2.1.1.attn.norm.weight:lr_mult=0.1
2026/09/22 14:48:06 - mmengine - INFO - paramwise_options -- rgb_encoder.layers.2.1.1.attn.norm.bias:lr=5.9999999999999995e-05
2026/09/22 14:48:06 - mmengine - INFO - paramwise_options -- rgb_encoder.layers.2.1.1.attn.norm.bias:weight_decay=0.01
2026/09/22 14:48:06 - mmengine - INFO - paramwise_options -- rgb_encoder.layers.2.1.1.attn.norm.bias:lr_mult=0.1
2026/09/22 14:48:06 - mmengine - INFO - paramwise_options -- rgb_encoder.layers.2.1.1.norm2.weight:lr=5.9999999999999995e-05
2026/09/22 14:48:06 - mmengine - INFO - paramwise_options -- rgb_encoder.layers.2.1.1.norm2.weight:weight_decay=0.01
2026/09/22 14:48:06 - mmengine - INFO - paramwise_options -- rgb_encoder.layers.2.1.1.norm2.weight:lr_mult=0.1
2026/09/22 14:48:06 - mmengine - INFO - paramwise_options -- rgb_encoder.layers.2.1.1.norm2.bias:lr=5.9999999999999995e-05
2026/09/22 14:48:06 - mmengine - INFO - paramwise_options -- rgb_encoder.layers.2.1.1.norm2.bias:weight_decay=0.01
2026/09/22 14:48:06 - mmengine - INFO - paramwise_options -- rgb_encoder.layers.2.1.1.norm2.bias:lr_mult=0.1
2026/09/22 14:48:06 - mmengine - INFO - paramwise_options -- rgb_encoder.layers.2.1.1.ffn.layers.0.weight:lr=5.9999999999999995e-05
2026/09/22 14:48:06 - mmengine - INFO - paramwise_options -- rgb_encoder.layers.2.1.1.ffn.layers.0.weight:weight_decay=0.01
2026/09/22 14:48:06 - mmengine - INFO - paramwise_options -- rgb_encoder.layers.2.1.1.ffn.layers.0.weight:lr_mult=0.1
2026/09/22 14:48:06 - mmengine - INFO - paramwise_options -- rgb_encoder.layers.2.1.1.ffn.layers.0.bias:lr=5.9999999999999995e-05
2026/09/22 14:48:06 - mmengine - INFO - paramwise_options -- rgb_encoder.layers.2.1.1.ffn.layers.0.bias:weight_decay=0.01
2026/09/22 14:48:06 - mmengine - INFO - paramwise_options -- rgb_encoder.layers.2.1.1.ffn.layers.0.bias:lr_mult=0.1
2026/09/22 14:48:06 - mmengine - INFO - paramwise_options -- rgb_encoder.layers.2.1.1.ffn.layers.1.weight:lr=5.9999999999999995e-05
2026/09/22 14:48:06 - mmengine - INFO - paramwise_options -- rgb_encoder.layers.2.1.1.ffn.layers.1.weight:weight_decay=0.01
2026/09/22 14:48:06 - mmengine - INFO - paramwise_options -- rgb_encoder.layers.2.1.1.ffn.layers.1.weight:lr_mult=0.1
2026/09/22 14:48:06 - mmengine - INFO - paramwise_options -- rgb_encoder.layers.2.1.1.ffn.layers.1.bias:lr=5.9999999999999995e-05
2026/09/22 14:48:06 - mmengine - INFO - paramwise_options -- rgb_encoder.layers.2.1.1.ffn.layers.1.bias:weight_decay=0.01
2026/09/22 14:48:06 - mmengine - INFO - paramwise_options -- rgb_encoder.layers.2.1.1.ffn.layers.1.bias:lr_mult=0.1
2026/09/22 14:48:06 - mmengine - INFO - paramwise_options -- rgb_encoder.layers.2.1.1.ffn.layers.4.weight:lr=5.9999999999999995e-05
2026/09/22 14:48:06 - mmengine - INFO - paramwise_options -- rgb_encoder.layers.2.1.1.ffn.layers.4.weight:weight_decay=0.01
2026/09/22 14:48:06 - mmengine - INFO - paramwise_options -- rgb_encoder.layers.2.1.1.ffn.layers.4.weight:lr_mult=0.1
2026/09/22 14:48:06 - mmengine - INFO - paramwise_options -- rgb_encoder.layers.2.1.1.ffn.layers.4.bias:lr=5.9999999999999995e-05
2026/09/22 14:48:06 - mmengine - INFO - paramwise_options -- rgb_encoder.layers.2.1.1.ffn.layers.4.bias:weight_decay=0.01
2026/09/22 14:48:06 - mmengine - INFO - paramwise_options -- rgb_encoder.layers.2.1.1.ffn.layers.4.bias:lr_mult=0.1
2026/09/22 14:48:06 - mmengine - INFO - paramwise_options -- rgb_encoder.layers.2.1.2.norm1.weight:lr=5.9999999999999995e-05
2026/09/22 14:48:06 - mmengine - INFO - paramwise_options -- rgb_encoder.layers.2.1.2.norm1.weight:weight_decay=0.01
2026/09/22 14:48:06 - mmengine - INFO - paramwise_options -- rgb_encoder.layers.2.1.2.norm1.weight:lr_mult=0.1
2026/09/22 14:48:06 - mmengine - INFO - paramwise_options -- rgb_encoder.layers.2.1.2.norm1.bias:lr=5.9999999999999995e-05
2026/09/22 14:48:06 - mmengine - INFO - paramwise_options -- rgb_encoder.layers.2.1.2.norm1.bias:weight_decay=0.01
2026/09/22 14:48:06 - mmengine - INFO - paramwise_options -- rgb_encoder.layers.2.1.2.norm1.bias:lr_mult=0.1
2026/09/22 14:48:06 - mmengine - INFO - paramwise_options -- rgb_encoder.layers.2.1.2.attn.attn.in_proj_weight:lr=5.9999999999999995e-05
2026/09/22 14:48:06 - mmengine - INFO - paramwise_options -- rgb_encoder.layers.2.1.2.attn.attn.in_proj_weight:weight_decay=0.01
2026/09/22 14:48:06 - mmengine - INFO - paramwise_options -- rgb_encoder.layers.2.1.2.attn.attn.in_proj_weight:lr_mult=0.1
2026/09/22 14:48:06 - mmengine - INFO - paramwise_options -- rgb_encoder.layers.2.1.2.attn.attn.in_proj_bias:lr=5.9999999999999995e-05
2026/09/22 14:48:06 - mmengine - INFO - paramwise_options -- rgb_encoder.layers.2.1.2.attn.attn.in_proj_bias:weight_decay=0.01
2026/09/22 14:48:06 - mmengine - INFO - paramwise_options -- rgb_encoder.layers.2.1.2.attn.attn.in_proj_bias:lr_mult=0.1
2026/09/22 14:48:06 - mmengine - INFO - paramwise_options -- rgb_encoder.layers.2.1.2.attn.attn.out_proj.weight:lr=5.9999999999999995e-05
2026/09/22 14:48:06 - mmengine - INFO - paramwise_options -- rgb_encoder.layers.2.1.2.attn.attn.out_proj.weight:weight_decay=0.01
2026/09/22 14:48:06 - mmengine - INFO - paramwise_options -- rgb_encoder.layers.2.1.2.attn.attn.out_proj.weight:lr_mult=0.1
2026/09/22 14:48:06 - mmengine - INFO - paramwise_options -- rgb_encoder.layers.2.1.2.attn.attn.out_proj.bias:lr=5.9999999999999995e-05
2026/09/22 14:48:06 - mmengine - INFO - paramwise_options -- rgb_encoder.layers.2.1.2.attn.attn.out_proj.bias:weight_decay=0.01
2026/09/22 14:48:06 - mmengine - INFO - paramwise_options -- rgb_encoder.layers.2.1.2.attn.attn.out_proj.bias:lr_mult=0.1
2026/09/22 14:48:06 - mmengine - INFO - paramwise_options -- rgb_encoder.layers.2.1.2.attn.sr.weight:lr=5.9999999999999995e-05
2026/09/22 14:48:06 - mmengine - INFO - paramwise_options -- rgb_encoder.layers.2.1.2.attn.sr.weight:weight_decay=0.01
2026/09/22 14:48:06 - mmengine - INFO - paramwise_options -- rgb_encoder.layers.2.1.2.attn.sr.weight:lr_mult=0.1
2026/09/22 14:48:06 - mmengine - INFO - paramwise_options -- rgb_encoder.layers.2.1.2.attn.sr.bias:lr=5.9999999999999995e-05
2026/09/22 14:48:06 - mmengine - INFO - paramwise_options -- rgb_encoder.layers.2.1.2.attn.sr.bias:weight_decay=0.01
2026/09/22 14:48:06 - mmengine - INFO - paramwise_options -- rgb_encoder.layers.2.1.2.attn.sr.bias:lr_mult=0.1
2026/09/22 14:48:06 - mmengine - INFO - paramwise_options -- rgb_encoder.layers.2.1.2.attn.norm.weight:lr=5.9999999999999995e-05
2026/09/22 14:48:06 - mmengine - INFO - paramwise_options -- rgb_encoder.layers.2.1.2.attn.norm.weight:weight_decay=0.01
2026/09/22 14:48:06 - mmengine - INFO - paramwise_options -- rgb_encoder.layers.2.1.2.attn.norm.weight:lr_mult=0.1
2026/09/22 14:48:06 - mmengine - INFO - paramwise_options -- rgb_encoder.layers.2.1.2.attn.norm.bias:lr=5.9999999999999995e-05
2026/09/22 14:48:06 - mmengine - INFO - paramwise_options -- rgb_encoder.layers.2.1.2.attn.norm.bias:weight_decay=0.01
2026/09/22 14:48:06 - mmengine - INFO - paramwise_options -- rgb_encoder.layers.2.1.2.attn.norm.bias:lr_mult=0.1
2026/09/22 14:48:06 - mmengine - INFO - paramwise_options -- rgb_encoder.layers.2.1.2.norm2.weight:lr=5.9999999999999995e-05
2026/09/22 14:48:06 - mmengine - INFO - paramwise_options -- rgb_encoder.layers.2.1.2.norm2.weight:weight_decay=0.01
2026/09/22 14:48:06 - mmengine - INFO - paramwise_options -- rgb_encoder.layers.2.1.2.norm2.weight:lr_mult=0.1
2026/09/22 14:48:06 - mmengine - INFO - paramwise_options -- rgb_encoder.layers.2.1.2.norm2.bias:lr=5.9999999999999995e-05
2026/09/22 14:48:06 - mmengine - INFO - paramwise_options -- rgb_encoder.layers.2.1.2.norm2.bias:weight_decay=0.01
2026/09/22 14:48:06 - mmengine - INFO - paramwise_options -- rgb_encoder.layers.2.1.2.norm2.bias:lr_mult=0.1
2026/09/22 14:48:06 - mmengine - INFO - paramwise_options -- rgb_encoder.layers.2.1.2.ffn.layers.0.weight:lr=5.9999999999999995e-05
2026/09/22 14:48:06 - mmengine - INFO - paramwise_options -- rgb_encoder.layers.2.1.2.ffn.layers.0.weight:weight_decay=0.01
2026/09/22 14:48:06 - mmengine - INFO - paramwise_options -- rgb_encoder.layers.2.1.2.ffn.layers.0.weight:lr_mult=0.1
2026/09/22 14:48:06 - mmengine - INFO - paramwise_options -- rgb_encoder.layers.2.1.2.ffn.layers.0.bias:lr=5.9999999999999995e-05
2026/09/22 14:48:06 - mmengine - INFO - paramwise_options -- rgb_encoder.layers.2.1.2.ffn.layers.0.bias:weight_decay=0.01
2026/09/22 14:48:06 - mmengine - INFO - paramwise_options -- rgb_encoder.layers.2.1.2.ffn.layers.0.bias:lr_mult=0.1
2026/09/22 14:48:06 - mmengine - INFO - paramwise_options -- rgb_encoder.layers.2.1.2.ffn.layers.1.weight:lr=5.9999999999999995e-05
2026/09/22 14:48:06 - mmengine - INFO - paramwise_options -- rgb_encoder.layers.2.1.2.ffn.layers.1.weight:weight_decay=0.01
2026/09/22 14:48:06 - mmengine - INFO - paramwise_options -- rgb_encoder.layers.2.1.2.ffn.layers.1.weight:lr_mult=0.1
2026/09/22 14:48:06 - mmengine - INFO - paramwise_options -- rgb_encoder.layers.2.1.2.ffn.layers.1.bias:lr=5.9999999999999995e-05
2026/09/22 14:48:06 - mmengine - INFO - paramwise_options -- rgb_encoder.layers.2.1.2.ffn.layers.1.bias:weight_decay=0.01
2026/09/22 14:48:06 - mmengine - INFO - paramwise_options -- rgb_encoder.layers.2.1.2.ffn.layers.1.bias:lr_mult=0.1
2026/09/22 14:48:06 - mmengine - INFO - paramwise_options -- rgb_encoder.layers.2.1.2.ffn.layers.4.weight:lr=5.9999999999999995e-05
2026/09/22 14:48:06 - mmengine - INFO - paramwise_options -- rgb_encoder.layers.2.1.2.ffn.layers.4.weight:weight_decay=0.01
2026/09/22 14:48:06 - mmengine - INFO - paramwise_options -- rgb_encoder.layers.2.1.2.ffn.layers.4.weight:lr_mult=0.1
2026/09/22 14:48:06 - mmengine - INFO - paramwise_options -- rgb_encoder.layers.2.1.2.ffn.layers.4.bias:lr=5.9999999999999995e-05
2026/09/22 14:48:06 - mmengine - INFO - paramwise_options -- rgb_encoder.layers.2.1.2.ffn.layers.4.bias:weight_decay=0.01
2026/09/22 14:48:06 - mmengine - INFO - paramwise_options -- rgb_encoder.layers.2.1.2.ffn.layers.4.bias:lr_mult=0.1
2026/09/22 14:48:06 - mmengine - INFO - paramwise_options -- rgb_encoder.layers.2.1.3.norm1.weight:lr=5.9999999999999995e-05
2026/09/22 14:48:06 - mmengine - INFO - paramwise_options -- rgb_encoder.layers.2.1.3.norm1.weight:weight_decay=0.01
2026/09/22 14:48:06 - mmengine - INFO - paramwise_options -- rgb_encoder.layers.2.1.3.norm1.weight:lr_mult=0.1
2026/09/22 14:48:06 - mmengine - INFO - paramwise_options -- rgb_encoder.layers.2.1.3.norm1.bias:lr=5.9999999999999995e-05
2026/09/22 14:48:06 - mmengine - INFO - paramwise_options -- rgb_encoder.layers.2.1.3.norm1.bias:weight_decay=0.01
2026/09/22 14:48:06 - mmengine - INFO - paramwise_options -- rgb_encoder.layers.2.1.3.norm1.bias:lr_mult=0.1
2026/09/22 14:48:06 - mmengine - INFO - paramwise_options -- rgb_encoder.layers.2.1.3.attn.attn.in_proj_weight:lr=5.9999999999999995e-05
2026/09/22 14:48:06 - mmengine - INFO - paramwise_options -- rgb_encoder.layers.2.1.3.attn.attn.in_proj_weight:weight_decay=0.01
2026/09/22 14:48:06 - mmengine - INFO - paramwise_options -- rgb_encoder.layers.2.1.3.attn.attn.in_proj_weight:lr_mult=0.1
2026/09/22 14:48:06 - mmengine - INFO - paramwise_options -- rgb_encoder.layers.2.1.3.attn.attn.in_proj_bias:lr=5.9999999999999995e-05
2026/09/22 14:48:06 - mmengine - INFO - paramwise_options -- rgb_encoder.layers.2.1.3.attn.attn.in_proj_bias:weight_decay=0.01
2026/09/22 14:48:06 - mmengine - INFO - paramwise_options -- rgb_encoder.layers.2.1.3.attn.attn.in_proj_bias:lr_mult=0.1
2026/09/22 14:48:06 - mmengine - INFO - paramwise_options -- rgb_encoder.layers.2.1.3.attn.attn.out_proj.weight:lr=5.9999999999999995e-05
2026/09/22 14:48:06 - mmengine - INFO - paramwise_options -- rgb_encoder.layers.2.1.3.attn.attn.out_proj.weight:weight_decay=0.01
2026/09/22 14:48:06 - mmengine - INFO - paramwise_options -- rgb_encoder.layers.2.1.3.attn.attn.out_proj.weight:lr_mult=0.1
2026/09/22 14:48:06 - mmengine - INFO - paramwise_options -- rgb_encoder.layers.2.1.3.attn.attn.out_proj.bias:lr=5.9999999999999995e-05
2026/09/22 14:48:06 - mmengine - INFO - paramwise_options -- rgb_encoder.layers.2.1.3.attn.attn.out_proj.bias:weight_decay=0.01
2026/09/22 14:48:06 - mmengine - INFO - paramwise_options -- rgb_encoder.layers.2.1.3.attn.attn.out_proj.bias:lr_mult=0.1
2026/09/22 14:48:06 - mmengine - INFO - paramwise_options -- rgb_encoder.layers.2.1.3.attn.sr.weight:lr=5.9999999999999995e-05
2026/09/22 14:48:06 - mmengine - INFO - paramwise_options -- rgb_encoder.layers.2.1.3.attn.sr.weight:weight_decay=0.01
2026/09/22 14:48:06 - mmengine - INFO - paramwise_options -- rgb_encoder.layers.2.1.3.attn.sr.weight:lr_mult=0.1
2026/09/22 14:48:06 - mmengine - INFO - paramwise_options -- rgb_encoder.layers.2.1.3.attn.sr.bias:lr=5.9999999999999995e-05
2026/09/22 14:48:06 - mmengine - INFO - paramwise_options -- rgb_encoder.layers.2.1.3.attn.sr.bias:weight_decay=0.01
2026/09/22 14:48:06 - mmengine - INFO - paramwise_options -- rgb_encoder.layers.2.1.3.attn.sr.bias:lr_mult=0.1
2026/09/22 14:48:06 - mmengine - INFO - paramwise_options -- rgb_encoder.layers.2.1.3.attn.norm.weight:lr=5.9999999999999995e-05
2026/09/22 14:48:06 - mmengine - INFO - paramwise_options -- rgb_encoder.layers.2.1.3.attn.norm.weight:weight_decay=0.01
2026/09/22 14:48:06 - mmengine - INFO - paramwise_options -- rgb_encoder.layers.2.1.3.attn.norm.weight:lr_mult=0.1
2026/09/22 14:48:06 - mmengine - INFO - paramwise_options -- rgb_encoder.layers.2.1.3.attn.norm.bias:lr=5.9999999999999995e-05
2026/09/22 14:48:06 - mmengine - INFO - paramwise_options -- rgb_encoder.layers.2.1.3.attn.norm.bias:weight_decay=0.01
2026/09/22 14:48:06 - mmengine - INFO - paramwise_options -- rgb_encoder.layers.2.1.3.attn.norm.bias:lr_mult=0.1
2026/09/22 14:48:06 - mmengine - INFO - paramwise_options -- rgb_encoder.layers.2.1.3.norm2.weight:lr=5.9999999999999995e-05
2026/09/22 14:48:06 - mmengine - INFO - paramwise_options -- rgb_encoder.layers.2.1.3.norm2.weight:weight_decay=0.01
2026/09/22 14:48:06 - mmengine - INFO - paramwise_options -- rgb_encoder.layers.2.1.3.norm2.weight:lr_mult=0.1
2026/09/22 14:48:06 - mmengine - INFO - paramwise_options -- rgb_encoder.layers.2.1.3.norm2.bias:lr=5.9999999999999995e-05
2026/09/22 14:48:06 - mmengine - INFO - paramwise_options -- rgb_encoder.layers.2.1.3.norm2.bias:weight_decay=0.01
2026/09/22 14:48:06 - mmengine - INFO - paramwise_options -- rgb_encoder.layers.2.1.3.norm2.bias:lr_mult=0.1
2026/09/22 14:48:06 - mmengine - INFO - paramwise_options -- rgb_encoder.layers.2.1.3.ffn.layers.0.weight:lr=5.9999999999999995e-05
2026/09/22 14:48:06 - mmengine - INFO - paramwise_options -- rgb_encoder.layers.2.1.3.ffn.layers.0.weight:weight_decay=0.01
2026/09/22 14:48:06 - mmengine - INFO - paramwise_options -- rgb_encoder.layers.2.1.3.ffn.layers.0.weight:lr_mult=0.1
2026/09/22 14:48:06 - mmengine - INFO - paramwise_options -- rgb_encoder.layers.2.1.3.ffn.layers.0.bias:lr=5.9999999999999995e-05
2026/09/22 14:48:06 - mmengine - INFO - paramwise_options -- rgb_encoder.layers.2.1.3.ffn.layers.0.bias:weight_decay=0.01
2026/09/22 14:48:06 - mmengine - INFO - paramwise_options -- rgb_encoder.layers.2.1.3.ffn.layers.0.bias:lr_mult=0.1
2026/09/22 14:48:06 - mmengine - INFO - paramwise_options -- rgb_encoder.layers.2.1.3.ffn.layers.1.weight:lr=5.9999999999999995e-05
2026/09/22 14:48:06 - mmengine - INFO - paramwise_options -- rgb_encoder.layers.2.1.3.ffn.layers.1.weight:weight_decay=0.01
2026/09/22 14:48:06 - mmengine - INFO - paramwise_options -- rgb_encoder.layers.2.1.3.ffn.layers.1.weight:lr_mult=0.1
2026/09/22 14:48:06 - mmengine - INFO - paramwise_options -- rgb_encoder.layers.2.1.3.ffn.layers.1.bias:lr=5.9999999999999995e-05
2026/09/22 14:48:06 - mmengine - INFO - paramwise_options -- rgb_encoder.layers.2.1.3.ffn.layers.1.bias:weight_decay=0.01
2026/09/22 14:48:06 - mmengine - INFO - paramwise_options -- rgb_encoder.layers.2.1.3.ffn.layers.1.bias:lr_mult=0.1
2026/09/22 14:48:06 - mmengine - INFO - paramwise_options -- rgb_encoder.layers.2.1.3.ffn.layers.4.weight:lr=5.9999999999999995e-05
2026/09/22 14:48:06 - mmengine - INFO - paramwise_options -- rgb_encoder.layers.2.1.3.ffn.layers.4.weight:weight_decay=0.01
2026/09/22 14:48:06 - mmengine - INFO - paramwise_options -- rgb_encoder.layers.2.1.3.ffn.layers.4.weight:lr_mult=0.1
2026/09/22 14:48:06 - mmengine - INFO - paramwise_options -- rgb_encoder.layers.2.1.3.ffn.layers.4.bias:lr=5.9999999999999995e-05
2026/09/22 14:48:06 - mmengine - INFO - paramwise_options -- rgb_encoder.layers.2.1.3.ffn.layers.4.bias:weight_decay=0.01
2026/09/22 14:48:06 - mmengine - INFO - paramwise_options -- rgb_encoder.layers.2.1.3.ffn.layers.4.bias:lr_mult=0.1
2026/09/22 14:48:06 - mmengine - INFO - paramwise_options -- rgb_encoder.layers.2.1.4.norm1.weight:lr=5.9999999999999995e-05
2026/09/22 14:48:06 - mmengine - INFO - paramwise_options -- rgb_encoder.layers.2.1.4.norm1.weight:weight_decay=0.01
2026/09/22 14:48:06 - mmengine - INFO - paramwise_options -- rgb_encoder.layers.2.1.4.norm1.weight:lr_mult=0.1
2026/09/22 14:48:06 - mmengine - INFO - paramwise_options -- rgb_encoder.layers.2.1.4.norm1.bias:lr=5.9999999999999995e-05
2026/09/22 14:48:06 - mmengine - INFO - paramwise_options -- rgb_encoder.layers.2.1.4.norm1.bias:weight_decay=0.01
2026/09/22 14:48:06 - mmengine - INFO - paramwise_options -- rgb_encoder.layers.2.1.4.norm1.bias:lr_mult=0.1
2026/09/22 14:48:06 - mmengine - INFO - paramwise_options -- rgb_encoder.layers.2.1.4.attn.attn.in_proj_weight:lr=5.9999999999999995e-05
2026/09/22 14:48:06 - mmengine - INFO - paramwise_options -- rgb_encoder.layers.2.1.4.attn.attn.in_proj_weight:weight_decay=0.01
2026/09/22 14:48:06 - mmengine - INFO - paramwise_options -- rgb_encoder.layers.2.1.4.attn.attn.in_proj_weight:lr_mult=0.1
2026/09/22 14:48:06 - mmengine - INFO - paramwise_options -- rgb_encoder.layers.2.1.4.attn.attn.in_proj_bias:lr=5.9999999999999995e-05
2026/09/22 14:48:06 - mmengine - INFO - paramwise_options -- rgb_encoder.layers.2.1.4.attn.attn.in_proj_bias:weight_decay=0.01
2026/09/22 14:48:06 - mmengine - INFO - paramwise_options -- rgb_encoder.layers.2.1.4.attn.attn.in_proj_bias:lr_mult=0.1
2026/09/22 14:48:06 - mmengine - INFO - paramwise_options -- rgb_encoder.layers.2.1.4.attn.attn.out_proj.weight:lr=5.9999999999999995e-05
2026/09/22 14:48:06 - mmengine - INFO - paramwise_options -- rgb_encoder.layers.2.1.4.attn.attn.out_proj.weight:weight_decay=0.01
2026/09/22 14:48:06 - mmengine - INFO - paramwise_options -- rgb_encoder.layers.2.1.4.attn.attn.out_proj.weight:lr_mult=0.1
2026/09/22 14:48:06 - mmengine - INFO - paramwise_options -- rgb_encoder.layers.2.1.4.attn.attn.out_proj.bias:lr=5.9999999999999995e-05
2026/09/22 14:48:06 - mmengine - INFO - paramwise_options -- rgb_encoder.layers.2.1.4.attn.attn.out_proj.bias:weight_decay=0.01
2026/09/22 14:48:06 - mmengine - INFO - paramwise_options -- rgb_encoder.layers.2.1.4.attn.attn.out_proj.bias:lr_mult=0.1
2026/09/22 14:48:06 - mmengine - INFO - paramwise_options -- rgb_encoder.layers.2.1.4.attn.sr.weight:lr=5.9999999999999995e-05
2026/09/22 14:48:06 - mmengine - INFO - paramwise_options -- rgb_encoder.layers.2.1.4.attn.sr.weight:weight_decay=0.01
2026/09/22 14:48:06 - mmengine - INFO - paramwise_options -- rgb_encoder.layers.2.1.4.attn.sr.weight:lr_mult=0.1
2026/09/22 14:48:06 - mmengine - INFO - paramwise_options -- rgb_encoder.layers.2.1.4.attn.sr.bias:lr=5.9999999999999995e-05
2026/09/22 14:48:06 - mmengine - INFO - paramwise_options -- rgb_encoder.layers.2.1.4.attn.sr.bias:weight_decay=0.01
2026/09/22 14:48:06 - mmengine - INFO - paramwise_options -- rgb_encoder.layers.2.1.4.attn.sr.bias:lr_mult=0.1
2026/09/22 14:48:06 - mmengine - INFO - paramwise_options -- rgb_encoder.layers.2.1.4.attn.norm.weight:lr=5.9999999999999995e-05
2026/09/22 14:48:06 - mmengine - INFO - paramwise_options -- rgb_encoder.layers.2.1.4.attn.norm.weight:weight_decay=0.01
2026/09/22 14:48:06 - mmengine - INFO - paramwise_options -- rgb_encoder.layers.2.1.4.attn.norm.weight:lr_mult=0.1
2026/09/22 14:48:06 - mmengine - INFO - paramwise_options -- rgb_encoder.layers.2.1.4.attn.norm.bias:lr=5.9999999999999995e-05
2026/09/22 14:48:06 - mmengine - INFO - paramwise_options -- rgb_encoder.layers.2.1.4.attn.norm.bias:weight_decay=0.01
2026/09/22 14:48:06 - mmengine - INFO - paramwise_options -- rgb_encoder.layers.2.1.4.attn.norm.bias:lr_mult=0.1
2026/09/22 14:48:06 - mmengine - INFO - paramwise_options -- rgb_encoder.layers.2.1.4.norm2.weight:lr=5.9999999999999995e-05
2026/09/22 14:48:06 - mmengine - INFO - paramwise_options -- rgb_encoder.layers.2.1.4.norm2.weight:weight_decay=0.01
2026/09/22 14:48:06 - mmengine - INFO - paramwise_options -- rgb_encoder.layers.2.1.4.norm2.weight:lr_mult=0.1
2026/09/22 14:48:06 - mmengine - INFO - paramwise_options -- rgb_encoder.layers.2.1.4.norm2.bias:lr=5.9999999999999995e-05
2026/09/22 14:48:06 - mmengine - INFO - paramwise_options -- rgb_encoder.layers.2.1.4.norm2.bias:weight_decay=0.01
2026/09/22 14:48:06 - mmengine - INFO - paramwise_options -- rgb_encoder.layers.2.1.4.norm2.bias:lr_mult=0.1
2026/09/22 14:48:06 - mmengine - INFO - paramwise_options -- rgb_encoder.layers.2.1.4.ffn.layers.0.weight:lr=5.9999999999999995e-05
2026/09/22 14:48:06 - mmengine - INFO - paramwise_options -- rgb_encoder.layers.2.1.4.ffn.layers.0.weight:weight_decay=0.01
2026/09/22 14:48:06 - mmengine - INFO - paramwise_options -- rgb_encoder.layers.2.1.4.ffn.layers.0.weight:lr_mult=0.1
2026/09/22 14:48:06 - mmengine - INFO - paramwise_options -- rgb_encoder.layers.2.1.4.ffn.layers.0.bias:lr=5.9999999999999995e-05
2026/09/22 14:48:06 - mmengine - INFO - paramwise_options -- rgb_encoder.layers.2.1.4.ffn.layers.0.bias:weight_decay=0.01
2026/09/22 14:48:06 - mmengine - INFO - paramwise_options -- rgb_encoder.layers.2.1.4.ffn.layers.0.bias:lr_mult=0.1
2026/09/22 14:48:06 - mmengine - INFO - paramwise_options -- rgb_encoder.layers.2.1.4.ffn.layers.1.weight:lr=5.9999999999999995e-05
2026/09/22 14:48:06 - mmengine - INFO - paramwise_options -- rgb_encoder.layers.2.1.4.ffn.layers.1.weight:weight_decay=0.01
2026/09/22 14:48:06 - mmengine - INFO - paramwise_options -- rgb_encoder.layers.2.1.4.ffn.layers.1.weight:lr_mult=0.1
2026/09/22 14:48:06 - mmengine - INFO - paramwise_options -- rgb_encoder.layers.2.1.4.ffn.layers.1.bias:lr=5.9999999999999995e-05
2026/09/22 14:48:06 - mmengine - INFO - paramwise_options -- rgb_encoder.layers.2.1.4.ffn.layers.1.bias:weight_decay=0.01
2026/09/22 14:48:06 - mmengine - INFO - paramwise_options -- rgb_encoder.layers.2.1.4.ffn.layers.1.bias:lr_mult=0.1
2026/09/22 14:48:06 - mmengine - INFO - paramwise_options -- rgb_encoder.layers.2.1.4.ffn.layers.4.weight:lr=5.9999999999999995e-05
2026/09/22 14:48:06 - mmengine - INFO - paramwise_options -- rgb_encoder.layers.2.1.4.ffn.layers.4.weight:weight_decay=0.01
2026/09/22 14:48:06 - mmengine - INFO - paramwise_options -- rgb_encoder.layers.2.1.4.ffn.layers.4.weight:lr_mult=0.1
2026/09/22 14:48:06 - mmengine - INFO - paramwise_options -- rgb_encoder.layers.2.1.4.ffn.layers.4.bias:lr=5.9999999999999995e-05
2026/09/22 14:48:06 - mmengine - INFO - paramwise_options -- rgb_encoder.layers.2.1.4.ffn.layers.4.bias:weight_decay=0.01
2026/09/22 14:48:06 - mmengine - INFO - paramwise_options -- rgb_encoder.layers.2.1.4.ffn.layers.4.bias:lr_mult=0.1
2026/09/22 14:48:06 - mmengine - INFO - paramwise_options -- rgb_encoder.layers.2.1.5.norm1.weight:lr=5.9999999999999995e-05
2026/09/22 14:48:06 - mmengine - INFO - paramwise_options -- rgb_encoder.layers.2.1.5.norm1.weight:weight_decay=0.01
2026/09/22 14:48:06 - mmengine - INFO - paramwise_options -- rgb_encoder.layers.2.1.5.norm1.weight:lr_mult=0.1
2026/09/22 14:48:06 - mmengine - INFO - paramwise_options -- rgb_encoder.layers.2.1.5.norm1.bias:lr=5.9999999999999995e-05
2026/09/22 14:48:06 - mmengine - INFO - paramwise_options -- rgb_encoder.layers.2.1.5.norm1.bias:weight_decay=0.01
2026/09/22 14:48:06 - mmengine - INFO - paramwise_options -- rgb_encoder.layers.2.1.5.norm1.bias:lr_mult=0.1
2026/09/22 14:48:06 - mmengine - INFO - paramwise_options -- rgb_encoder.layers.2.1.5.attn.attn.in_proj_weight:lr=5.9999999999999995e-05
2026/09/22 14:48:06 - mmengine - INFO - paramwise_options -- rgb_encoder.layers.2.1.5.attn.attn.in_proj_weight:weight_decay=0.01
2026/09/22 14:48:06 - mmengine - INFO - paramwise_options -- rgb_encoder.layers.2.1.5.attn.attn.in_proj_weight:lr_mult=0.1
2026/09/22 14:48:06 - mmengine - INFO - paramwise_options -- rgb_encoder.layers.2.1.5.attn.attn.in_proj_bias:lr=5.9999999999999995e-05
2026/09/22 14:48:06 - mmengine - INFO - paramwise_options -- rgb_encoder.layers.2.1.5.attn.attn.in_proj_bias:weight_decay=0.01
2026/09/22 14:48:06 - mmengine - INFO - paramwise_options -- rgb_encoder.layers.2.1.5.attn.attn.in_proj_bias:lr_mult=0.1
2026/09/22 14:48:06 - mmengine - INFO - paramwise_options -- rgb_encoder.layers.2.1.5.attn.attn.out_proj.weight:lr=5.9999999999999995e-05
2026/09/22 14:48:06 - mmengine - INFO - paramwise_options -- rgb_encoder.layers.2.1.5.attn.attn.out_proj.weight:weight_decay=0.01
2026/09/22 14:48:06 - mmengine - INFO - paramwise_options -- rgb_encoder.layers.2.1.5.attn.attn.out_proj.weight:lr_mult=0.1
2026/09/22 14:48:06 - mmengine - INFO - paramwise_options -- rgb_encoder.layers.2.1.5.attn.attn.out_proj.bias:lr=5.9999999999999995e-05
2026/09/22 14:48:06 - mmengine - INFO - paramwise_options -- rgb_encoder.layers.2.1.5.attn.attn.out_proj.bias:weight_decay=0.01
2026/09/22 14:48:06 - mmengine - INFO - paramwise_options -- rgb_encoder.layers.2.1.5.attn.attn.out_proj.bias:lr_mult=0.1
2026/09/22 14:48:06 - mmengine - INFO - paramwise_options -- rgb_encoder.layers.2.1.5.attn.sr.weight:lr=5.9999999999999995e-05
2026/09/22 14:48:06 - mmengine - INFO - paramwise_options -- rgb_encoder.layers.2.1.5.attn.sr.weight:weight_decay=0.01
2026/09/22 14:48:06 - mmengine - INFO - paramwise_options -- rgb_encoder.layers.2.1.5.attn.sr.weight:lr_mult=0.1
2026/09/22 14:48:06 - mmengine - INFO - paramwise_options -- rgb_encoder.layers.2.1.5.attn.sr.bias:lr=5.9999999999999995e-05
2026/09/22 14:48:06 - mmengine - INFO - paramwise_options -- rgb_encoder.layers.2.1.5.attn.sr.bias:weight_decay=0.01
2026/09/22 14:48:06 - mmengine - INFO - paramwise_options -- rgb_encoder.layers.2.1.5.attn.sr.bias:lr_mult=0.1
2026/09/22 14:48:06 - mmengine - INFO - paramwise_options -- rgb_encoder.layers.2.1.5.attn.norm.weight:lr=5.9999999999999995e-05
2026/09/22 14:48:06 - mmengine - INFO - paramwise_options -- rgb_encoder.layers.2.1.5.attn.norm.weight:weight_decay=0.01
2026/09/22 14:48:06 - mmengine - INFO - paramwise_options -- rgb_encoder.layers.2.1.5.attn.norm.weight:lr_mult=0.1
2026/09/22 14:48:06 - mmengine - INFO - paramwise_options -- rgb_encoder.layers.2.1.5.attn.norm.bias:lr=5.9999999999999995e-05
2026/09/22 14:48:06 - mmengine - INFO - paramwise_options -- rgb_encoder.layers.2.1.5.attn.norm.bias:weight_decay=0.01
2026/09/22 14:48:06 - mmengine - INFO - paramwise_options -- rgb_encoder.layers.2.1.5.attn.norm.bias:lr_mult=0.1
2026/09/22 14:48:06 - mmengine - INFO - paramwise_options -- rgb_encoder.layers.2.1.5.norm2.weight:lr=5.9999999999999995e-05
2026/09/22 14:48:06 - mmengine - INFO - paramwise_options -- rgb_encoder.layers.2.1.5.norm2.weight:weight_decay=0.01
2026/09/22 14:48:06 - mmengine - INFO - paramwise_options -- rgb_encoder.layers.2.1.5.norm2.weight:lr_mult=0.1
2026/09/22 14:48:06 - mmengine - INFO - paramwise_options -- rgb_encoder.layers.2.1.5.norm2.bias:lr=5.9999999999999995e-05
2026/09/22 14:48:06 - mmengine - INFO - paramwise_options -- rgb_encoder.layers.2.1.5.norm2.bias:weight_decay=0.01
2026/09/22 14:48:06 - mmengine - INFO - paramwise_options -- rgb_encoder.layers.2.1.5.norm2.bias:lr_mult=0.1
2026/09/22 14:48:06 - mmengine - INFO - paramwise_options -- rgb_encoder.layers.2.1.5.ffn.layers.0.weight:lr=5.9999999999999995e-05
2026/09/22 14:48:06 - mmengine - INFO - paramwise_options -- rgb_encoder.layers.2.1.5.ffn.layers.0.weight:weight_decay=0.01
2026/09/22 14:48:06 - mmengine - INFO - paramwise_options -- rgb_encoder.layers.2.1.5.ffn.layers.0.weight:lr_mult=0.1
2026/09/22 14:48:06 - mmengine - INFO - paramwise_options -- rgb_encoder.layers.2.1.5.ffn.layers.0.bias:lr=5.9999999999999995e-05
2026/09/22 14:48:06 - mmengine - INFO - paramwise_options -- rgb_encoder.layers.2.1.5.ffn.layers.0.bias:weight_decay=0.01
2026/09/22 14:48:06 - mmengine - INFO - paramwise_options -- rgb_encoder.layers.2.1.5.ffn.layers.0.bias:lr_mult=0.1
2026/09/22 14:48:06 - mmengine - INFO - paramwise_options -- rgb_encoder.layers.2.1.5.ffn.layers.1.weight:lr=5.9999999999999995e-05
2026/09/22 14:48:06 - mmengine - INFO - paramwise_options -- rgb_encoder.layers.2.1.5.ffn.layers.1.weight:weight_decay=0.01
2026/09/22 14:48:06 - mmengine - INFO - paramwise_options -- rgb_encoder.layers.2.1.5.ffn.layers.1.weight:lr_mult=0.1
2026/09/22 14:48:06 - mmengine - INFO - paramwise_options -- rgb_encoder.layers.2.1.5.ffn.layers.1.bias:lr=5.9999999999999995e-05
2026/09/22 14:48:06 - mmengine - INFO - paramwise_options -- rgb_encoder.layers.2.1.5.ffn.layers.1.bias:weight_decay=0.01
2026/09/22 14:48:06 - mmengine - INFO - paramwise_options -- rgb_encoder.layers.2.1.5.ffn.layers.1.bias:lr_mult=0.1
2026/09/22 14:48:06 - mmengine - INFO - paramwise_options -- rgb_encoder.layers.2.1.5.ffn.layers.4.weight:lr=5.9999999999999995e-05
2026/09/22 14:48:06 - mmengine - INFO - paramwise_options -- rgb_encoder.layers.2.1.5.ffn.layers.4.weight:weight_decay=0.01
2026/09/22 14:48:06 - mmengine - INFO - paramwise_options -- rgb_encoder.layers.2.1.5.ffn.layers.4.weight:lr_mult=0.1
2026/09/22 14:48:06 - mmengine - INFO - paramwise_options -- rgb_encoder.layers.2.1.5.ffn.layers.4.bias:lr=5.9999999999999995e-05
2026/09/22 14:48:06 - mmengine - INFO - paramwise_options -- rgb_encoder.layers.2.1.5.ffn.layers.4.bias:weight_decay=0.01
2026/09/22 14:48:06 - mmengine - INFO - paramwise_options -- rgb_encoder.layers.2.1.5.ffn.layers.4.bias:lr_mult=0.1
2026/09/22 14:48:06 - mmengine - INFO - paramwise_options -- rgb_encoder.layers.2.2.weight:lr=5.9999999999999995e-05
2026/09/22 14:48:06 - mmengine - INFO - paramwise_options -- rgb_encoder.layers.2.2.weight:weight_decay=0.01
2026/09/22 14:48:06 - mmengine - INFO - paramwise_options -- rgb_encoder.layers.2.2.weight:lr_mult=0.1
2026/09/22 14:48:06 - mmengine - INFO - paramwise_options -- rgb_encoder.layers.2.2.bias:lr=5.9999999999999995e-05
2026/09/22 14:48:06 - mmengine - INFO - paramwise_options -- rgb_encoder.layers.2.2.bias:weight_decay=0.01
2026/09/22 14:48:06 - mmengine - INFO - paramwise_options -- rgb_encoder.layers.2.2.bias:lr_mult=0.1
2026/09/22 14:48:06 - mmengine - INFO - paramwise_options -- rgb_encoder.layers.3.0.projection.weight:lr=5.9999999999999995e-05
2026/09/22 14:48:06 - mmengine - INFO - paramwise_options -- rgb_encoder.layers.3.0.projection.weight:weight_decay=0.01
2026/09/22 14:48:06 - mmengine - INFO - paramwise_options -- rgb_encoder.layers.3.0.projection.weight:lr_mult=0.1
2026/09/22 14:48:06 - mmengine - INFO - paramwise_options -- rgb_encoder.layers.3.0.projection.bias:lr=5.9999999999999995e-05
2026/09/22 14:48:06 - mmengine - INFO - paramwise_options -- rgb_encoder.layers.3.0.projection.bias:weight_decay=0.01
2026/09/22 14:48:06 - mmengine - INFO - paramwise_options -- rgb_encoder.layers.3.0.projection.bias:lr_mult=0.1
2026/09/22 14:48:06 - mmengine - INFO - paramwise_options -- rgb_encoder.layers.3.0.norm.weight:lr=5.9999999999999995e-05
2026/09/22 14:48:06 - mmengine - INFO - paramwise_options -- rgb_encoder.layers.3.0.norm.weight:weight_decay=0.01
2026/09/22 14:48:06 - mmengine - INFO - paramwise_options -- rgb_encoder.layers.3.0.norm.weight:lr_mult=0.1
2026/09/22 14:48:06 - mmengine - INFO - paramwise_options -- rgb_encoder.layers.3.0.norm.bias:lr=5.9999999999999995e-05
2026/09/22 14:48:06 - mmengine - INFO - paramwise_options -- rgb_encoder.layers.3.0.norm.bias:weight_decay=0.01
2026/09/22 14:48:06 - mmengine - INFO - paramwise_options -- rgb_encoder.layers.3.0.norm.bias:lr_mult=0.1
2026/09/22 14:48:06 - mmengine - INFO - paramwise_options -- rgb_encoder.layers.3.1.0.norm1.weight:lr=5.9999999999999995e-05
2026/09/22 14:48:06 - mmengine - INFO - paramwise_options -- rgb_encoder.layers.3.1.0.norm1.weight:weight_decay=0.01
2026/09/22 14:48:06 - mmengine - INFO - paramwise_options -- rgb_encoder.layers.3.1.0.norm1.weight:lr_mult=0.1
2026/09/22 14:48:06 - mmengine - INFO - paramwise_options -- rgb_encoder.layers.3.1.0.norm1.bias:lr=5.9999999999999995e-05
2026/09/22 14:48:06 - mmengine - INFO - paramwise_options -- rgb_encoder.layers.3.1.0.norm1.bias:weight_decay=0.01
2026/09/22 14:48:06 - mmengine - INFO - paramwise_options -- rgb_encoder.layers.3.1.0.norm1.bias:lr_mult=0.1
2026/09/22 14:48:06 - mmengine - INFO - paramwise_options -- rgb_encoder.layers.3.1.0.attn.attn.in_proj_weight:lr=5.9999999999999995e-05
2026/09/22 14:48:06 - mmengine - INFO - paramwise_options -- rgb_encoder.layers.3.1.0.attn.attn.in_proj_weight:weight_decay=0.01
2026/09/22 14:48:06 - mmengine - INFO - paramwise_options -- rgb_encoder.layers.3.1.0.attn.attn.in_proj_weight:lr_mult=0.1
2026/09/22 14:48:06 - mmengine - INFO - paramwise_options -- rgb_encoder.layers.3.1.0.attn.attn.in_proj_bias:lr=5.9999999999999995e-05
2026/09/22 14:48:06 - mmengine - INFO - paramwise_options -- rgb_encoder.layers.3.1.0.attn.attn.in_proj_bias:weight_decay=0.01
2026/09/22 14:48:06 - mmengine - INFO - paramwise_options -- rgb_encoder.layers.3.1.0.attn.attn.in_proj_bias:lr_mult=0.1
2026/09/22 14:48:06 - mmengine - INFO - paramwise_options -- rgb_encoder.layers.3.1.0.attn.attn.out_proj.weight:lr=5.9999999999999995e-05
2026/09/22 14:48:06 - mmengine - INFO - paramwise_options -- rgb_encoder.layers.3.1.0.attn.attn.out_proj.weight:weight_decay=0.01
2026/09/22 14:48:06 - mmengine - INFO - paramwise_options -- rgb_encoder.layers.3.1.0.attn.attn.out_proj.weight:lr_mult=0.1
2026/09/22 14:48:06 - mmengine - INFO - paramwise_options -- rgb_encoder.layers.3.1.0.attn.attn.out_proj.bias:lr=5.9999999999999995e-05
2026/09/22 14:48:06 - mmengine - INFO - paramwise_options -- rgb_encoder.layers.3.1.0.attn.attn.out_proj.bias:weight_decay=0.01
2026/09/22 14:48:06 - mmengine - INFO - paramwise_options -- rgb_encoder.layers.3.1.0.attn.attn.out_proj.bias:lr_mult=0.1
2026/09/22 14:48:06 - mmengine - INFO - paramwise_options -- rgb_encoder.layers.3.1.0.norm2.weight:lr=5.9999999999999995e-05
2026/09/22 14:48:06 - mmengine - INFO - paramwise_options -- rgb_encoder.layers.3.1.0.norm2.weight:weight_decay=0.01
2026/09/22 14:48:06 - mmengine - INFO - paramwise_options -- rgb_encoder.layers.3.1.0.norm2.weight:lr_mult=0.1
2026/09/22 14:48:06 - mmengine - INFO - paramwise_options -- rgb_encoder.layers.3.1.0.norm2.bias:lr=5.9999999999999995e-05
2026/09/22 14:48:06 - mmengine - INFO - paramwise_options -- rgb_encoder.layers.3.1.0.norm2.bias:weight_decay=0.01
2026/09/22 14:48:06 - mmengine - INFO - paramwise_options -- rgb_encoder.layers.3.1.0.norm2.bias:lr_mult=0.1
2026/09/22 14:48:06 - mmengine - INFO - paramwise_options -- rgb_encoder.layers.3.1.0.ffn.layers.0.weight:lr=5.9999999999999995e-05
2026/09/22 14:48:06 - mmengine - INFO - paramwise_options -- rgb_encoder.layers.3.1.0.ffn.layers.0.weight:weight_decay=0.01
2026/09/22 14:48:06 - mmengine - INFO - paramwise_options -- rgb_encoder.layers.3.1.0.ffn.layers.0.weight:lr_mult=0.1
2026/09/22 14:48:06 - mmengine - INFO - paramwise_options -- rgb_encoder.layers.3.1.0.ffn.layers.0.bias:lr=5.9999999999999995e-05
2026/09/22 14:48:06 - mmengine - INFO - paramwise_options -- rgb_encoder.layers.3.1.0.ffn.layers.0.bias:weight_decay=0.01
2026/09/22 14:48:06 - mmengine - INFO - paramwise_options -- rgb_encoder.layers.3.1.0.ffn.layers.0.bias:lr_mult=0.1
2026/09/22 14:48:06 - mmengine - INFO - paramwise_options -- rgb_encoder.layers.3.1.0.ffn.layers.1.weight:lr=5.9999999999999995e-05
2026/09/22 14:48:06 - mmengine - INFO - paramwise_options -- rgb_encoder.layers.3.1.0.ffn.layers.1.weight:weight_decay=0.01
2026/09/22 14:48:06 - mmengine - INFO - paramwise_options -- rgb_encoder.layers.3.1.0.ffn.layers.1.weight:lr_mult=0.1
2026/09/22 14:48:06 - mmengine - INFO - paramwise_options -- rgb_encoder.layers.3.1.0.ffn.layers.1.bias:lr=5.9999999999999995e-05
2026/09/22 14:48:06 - mmengine - INFO - paramwise_options -- rgb_encoder.layers.3.1.0.ffn.layers.1.bias:weight_decay=0.01
2026/09/22 14:48:06 - mmengine - INFO - paramwise_options -- rgb_encoder.layers.3.1.0.ffn.layers.1.bias:lr_mult=0.1
2026/09/22 14:48:06 - mmengine - INFO - paramwise_options -- rgb_encoder.layers.3.1.0.ffn.layers.4.weight:lr=5.9999999999999995e-05
2026/09/22 14:48:06 - mmengine - INFO - paramwise_options -- rgb_encoder.layers.3.1.0.ffn.layers.4.weight:weight_decay=0.01
2026/09/22 14:48:06 - mmengine - INFO - paramwise_options -- rgb_encoder.layers.3.1.0.ffn.layers.4.weight:lr_mult=0.1
2026/09/22 14:48:06 - mmengine - INFO - paramwise_options -- rgb_encoder.layers.3.1.0.ffn.layers.4.bias:lr=5.9999999999999995e-05
2026/09/22 14:48:06 - mmengine - INFO - paramwise_options -- rgb_encoder.layers.3.1.0.ffn.layers.4.bias:weight_decay=0.01
2026/09/22 14:48:06 - mmengine - INFO - paramwise_options -- rgb_encoder.layers.3.1.0.ffn.layers.4.bias:lr_mult=0.1
2026/09/22 14:48:06 - mmengine - INFO - paramwise_options -- rgb_encoder.layers.3.1.1.norm1.weight:lr=5.9999999999999995e-05
2026/09/22 14:48:06 - mmengine - INFO - paramwise_options -- rgb_encoder.layers.3.1.1.norm1.weight:weight_decay=0.01
2026/09/22 14:48:06 - mmengine - INFO - paramwise_options -- rgb_encoder.layers.3.1.1.norm1.weight:lr_mult=0.1
2026/09/22 14:48:06 - mmengine - INFO - paramwise_options -- rgb_encoder.layers.3.1.1.norm1.bias:lr=5.9999999999999995e-05
2026/09/22 14:48:06 - mmengine - INFO - paramwise_options -- rgb_encoder.layers.3.1.1.norm1.bias:weight_decay=0.01
2026/09/22 14:48:06 - mmengine - INFO - paramwise_options -- rgb_encoder.layers.3.1.1.norm1.bias:lr_mult=0.1
2026/09/22 14:48:06 - mmengine - INFO - paramwise_options -- rgb_encoder.layers.3.1.1.attn.attn.in_proj_weight:lr=5.9999999999999995e-05
2026/09/22 14:48:06 - mmengine - INFO - paramwise_options -- rgb_encoder.layers.3.1.1.attn.attn.in_proj_weight:weight_decay=0.01
2026/09/22 14:48:06 - mmengine - INFO - paramwise_options -- rgb_encoder.layers.3.1.1.attn.attn.in_proj_weight:lr_mult=0.1
2026/09/22 14:48:06 - mmengine - INFO - paramwise_options -- rgb_encoder.layers.3.1.1.attn.attn.in_proj_bias:lr=5.9999999999999995e-05
2026/09/22 14:48:06 - mmengine - INFO - paramwise_options -- rgb_encoder.layers.3.1.1.attn.attn.in_proj_bias:weight_decay=0.01
2026/09/22 14:48:06 - mmengine - INFO - paramwise_options -- rgb_encoder.layers.3.1.1.attn.attn.in_proj_bias:lr_mult=0.1
2026/09/22 14:48:06 - mmengine - INFO - paramwise_options -- rgb_encoder.layers.3.1.1.attn.attn.out_proj.weight:lr=5.9999999999999995e-05
2026/09/22 14:48:06 - mmengine - INFO - paramwise_options -- rgb_encoder.layers.3.1.1.attn.attn.out_proj.weight:weight_decay=0.01
2026/09/22 14:48:06 - mmengine - INFO - paramwise_options -- rgb_encoder.layers.3.1.1.attn.attn.out_proj.weight:lr_mult=0.1
2026/09/22 14:48:06 - mmengine - INFO - paramwise_options -- rgb_encoder.layers.3.1.1.attn.attn.out_proj.bias:lr=5.9999999999999995e-05
2026/09/22 14:48:06 - mmengine - INFO - paramwise_options -- rgb_encoder.layers.3.1.1.attn.attn.out_proj.bias:weight_decay=0.01
2026/09/22 14:48:06 - mmengine - INFO - paramwise_options -- rgb_encoder.layers.3.1.1.attn.attn.out_proj.bias:lr_mult=0.1
2026/09/22 14:48:06 - mmengine - INFO - paramwise_options -- rgb_encoder.layers.3.1.1.norm2.weight:lr=5.9999999999999995e-05
2026/09/22 14:48:06 - mmengine - INFO - paramwise_options -- rgb_encoder.layers.3.1.1.norm2.weight:weight_decay=0.01
2026/09/22 14:48:06 - mmengine - INFO - paramwise_options -- rgb_encoder.layers.3.1.1.norm2.weight:lr_mult=0.1
2026/09/22 14:48:06 - mmengine - INFO - paramwise_options -- rgb_encoder.layers.3.1.1.norm2.bias:lr=5.9999999999999995e-05
2026/09/22 14:48:06 - mmengine - INFO - paramwise_options -- rgb_encoder.layers.3.1.1.norm2.bias:weight_decay=0.01
2026/09/22 14:48:06 - mmengine - INFO - paramwise_options -- rgb_encoder.layers.3.1.1.norm2.bias:lr_mult=0.1
2026/09/22 14:48:06 - mmengine - INFO - paramwise_options -- rgb_encoder.layers.3.1.1.ffn.layers.0.weight:lr=5.9999999999999995e-05
2026/09/22 14:48:06 - mmengine - INFO - paramwise_options -- rgb_encoder.layers.3.1.1.ffn.layers.0.weight:weight_decay=0.01
2026/09/22 14:48:06 - mmengine - INFO - paramwise_options -- rgb_encoder.layers.3.1.1.ffn.layers.0.weight:lr_mult=0.1
2026/09/22 14:48:06 - mmengine - INFO - paramwise_options -- rgb_encoder.layers.3.1.1.ffn.layers.0.bias:lr=5.9999999999999995e-05
2026/09/22 14:48:06 - mmengine - INFO - paramwise_options -- rgb_encoder.layers.3.1.1.ffn.layers.0.bias:weight_decay=0.01
2026/09/22 14:48:06 - mmengine - INFO - paramwise_options -- rgb_encoder.layers.3.1.1.ffn.layers.0.bias:lr_mult=0.1
2026/09/22 14:48:06 - mmengine - INFO - paramwise_options -- rgb_encoder.layers.3.1.1.ffn.layers.1.weight:lr=5.9999999999999995e-05
2026/09/22 14:48:06 - mmengine - INFO - paramwise_options -- rgb_encoder.layers.3.1.1.ffn.layers.1.weight:weight_decay=0.01
2026/09/22 14:48:06 - mmengine - INFO - paramwise_options -- rgb_encoder.layers.3.1.1.ffn.layers.1.weight:lr_mult=0.1
2026/09/22 14:48:06 - mmengine - INFO - paramwise_options -- rgb_encoder.layers.3.1.1.ffn.layers.1.bias:lr=5.9999999999999995e-05
2026/09/22 14:48:06 - mmengine - INFO - paramwise_options -- rgb_encoder.layers.3.1.1.ffn.layers.1.bias:weight_decay=0.01
2026/09/22 14:48:06 - mmengine - INFO - paramwise_options -- rgb_encoder.layers.3.1.1.ffn.layers.1.bias:lr_mult=0.1
2026/09/22 14:48:06 - mmengine - INFO - paramwise_options -- rgb_encoder.layers.3.1.1.ffn.layers.4.weight:lr=5.9999999999999995e-05
2026/09/22 14:48:06 - mmengine - INFO - paramwise_options -- rgb_encoder.layers.3.1.1.ffn.layers.4.weight:weight_decay=0.01
2026/09/22 14:48:06 - mmengine - INFO - paramwise_options -- rgb_encoder.layers.3.1.1.ffn.layers.4.weight:lr_mult=0.1
2026/09/22 14:48:06 - mmengine - INFO - paramwise_options -- rgb_encoder.layers.3.1.1.ffn.layers.4.bias:lr=5.9999999999999995e-05
2026/09/22 14:48:06 - mmengine - INFO - paramwise_options -- rgb_encoder.layers.3.1.1.ffn.layers.4.bias:weight_decay=0.01
2026/09/22 14:48:06 - mmengine - INFO - paramwise_options -- rgb_encoder.layers.3.1.1.ffn.layers.4.bias:lr_mult=0.1
2026/09/22 14:48:06 - mmengine - INFO - paramwise_options -- rgb_encoder.layers.3.1.2.norm1.weight:lr=5.9999999999999995e-05
2026/09/22 14:48:06 - mmengine - INFO - paramwise_options -- rgb_encoder.layers.3.1.2.norm1.weight:weight_decay=0.01
2026/09/22 14:48:06 - mmengine - INFO - paramwise_options -- rgb_encoder.layers.3.1.2.norm1.weight:lr_mult=0.1
2026/09/22 14:48:06 - mmengine - INFO - paramwise_options -- rgb_encoder.layers.3.1.2.norm1.bias:lr=5.9999999999999995e-05
2026/09/22 14:48:06 - mmengine - INFO - paramwise_options -- rgb_encoder.layers.3.1.2.norm1.bias:weight_decay=0.01
2026/09/22 14:48:06 - mmengine - INFO - paramwise_options -- rgb_encoder.layers.3.1.2.norm1.bias:lr_mult=0.1
2026/09/22 14:48:06 - mmengine - INFO - paramwise_options -- rgb_encoder.layers.3.1.2.attn.attn.in_proj_weight:lr=5.9999999999999995e-05
2026/09/22 14:48:06 - mmengine - INFO - paramwise_options -- rgb_encoder.layers.3.1.2.attn.attn.in_proj_weight:weight_decay=0.01
2026/09/22 14:48:06 - mmengine - INFO - paramwise_options -- rgb_encoder.layers.3.1.2.attn.attn.in_proj_weight:lr_mult=0.1
2026/09/22 14:48:06 - mmengine - INFO - paramwise_options -- rgb_encoder.layers.3.1.2.attn.attn.in_proj_bias:lr=5.9999999999999995e-05
2026/09/22 14:48:06 - mmengine - INFO - paramwise_options -- rgb_encoder.layers.3.1.2.attn.attn.in_proj_bias:weight_decay=0.01
2026/09/22 14:48:06 - mmengine - INFO - paramwise_options -- rgb_encoder.layers.3.1.2.attn.attn.in_proj_bias:lr_mult=0.1
2026/09/22 14:48:06 - mmengine - INFO - paramwise_options -- rgb_encoder.layers.3.1.2.attn.attn.out_proj.weight:lr=5.9999999999999995e-05
2026/09/22 14:48:06 - mmengine - INFO - paramwise_options -- rgb_encoder.layers.3.1.2.attn.attn.out_proj.weight:weight_decay=0.01
2026/09/22 14:48:06 - mmengine - INFO - paramwise_options -- rgb_encoder.layers.3.1.2.attn.attn.out_proj.weight:lr_mult=0.1
2026/09/22 14:48:06 - mmengine - INFO - paramwise_options -- rgb_encoder.layers.3.1.2.attn.attn.out_proj.bias:lr=5.9999999999999995e-05
2026/09/22 14:48:06 - mmengine - INFO - paramwise_options -- rgb_encoder.layers.3.1.2.attn.attn.out_proj.bias:weight_decay=0.01
2026/09/22 14:48:06 - mmengine - INFO - paramwise_options -- rgb_encoder.layers.3.1.2.attn.attn.out_proj.bias:lr_mult=0.1
2026/09/22 14:48:06 - mmengine - INFO - paramwise_options -- rgb_encoder.layers.3.1.2.norm2.weight:lr=5.9999999999999995e-05
2026/09/22 14:48:06 - mmengine - INFO - paramwise_options -- rgb_encoder.layers.3.1.2.norm2.weight:weight_decay=0.01
2026/09/22 14:48:06 - mmengine - INFO - paramwise_options -- rgb_encoder.layers.3.1.2.norm2.weight:lr_mult=0.1
2026/09/22 14:48:06 - mmengine - INFO - paramwise_options -- rgb_encoder.layers.3.1.2.norm2.bias:lr=5.9999999999999995e-05
2026/09/22 14:48:06 - mmengine - INFO - paramwise_options -- rgb_encoder.layers.3.1.2.norm2.bias:weight_decay=0.01
2026/09/22 14:48:06 - mmengine - INFO - paramwise_options -- rgb_encoder.layers.3.1.2.norm2.bias:lr_mult=0.1
2026/09/22 14:48:06 - mmengine - INFO - paramwise_options -- rgb_encoder.layers.3.1.2.ffn.layers.0.weight:lr=5.9999999999999995e-05
2026/09/22 14:48:06 - mmengine - INFO - paramwise_options -- rgb_encoder.layers.3.1.2.ffn.layers.0.weight:weight_decay=0.01
2026/09/22 14:48:06 - mmengine - INFO - paramwise_options -- rgb_encoder.layers.3.1.2.ffn.layers.0.weight:lr_mult=0.1
2026/09/22 14:48:06 - mmengine - INFO - paramwise_options -- rgb_encoder.layers.3.1.2.ffn.layers.0.bias:lr=5.9999999999999995e-05
2026/09/22 14:48:06 - mmengine - INFO - paramwise_options -- rgb_encoder.layers.3.1.2.ffn.layers.0.bias:weight_decay=0.01
2026/09/22 14:48:06 - mmengine - INFO - paramwise_options -- rgb_encoder.layers.3.1.2.ffn.layers.0.bias:lr_mult=0.1
2026/09/22 14:48:06 - mmengine - INFO - paramwise_options -- rgb_encoder.layers.3.1.2.ffn.layers.1.weight:lr=5.9999999999999995e-05
2026/09/22 14:48:06 - mmengine - INFO - paramwise_options -- rgb_encoder.layers.3.1.2.ffn.layers.1.weight:weight_decay=0.01
2026/09/22 14:48:06 - mmengine - INFO - paramwise_options -- rgb_encoder.layers.3.1.2.ffn.layers.1.weight:lr_mult=0.1
2026/09/22 14:48:06 - mmengine - INFO - paramwise_options -- rgb_encoder.layers.3.1.2.ffn.layers.1.bias:lr=5.9999999999999995e-05
2026/09/22 14:48:06 - mmengine - INFO - paramwise_options -- rgb_encoder.layers.3.1.2.ffn.layers.1.bias:weight_decay=0.01
2026/09/22 14:48:06 - mmengine - INFO - paramwise_options -- rgb_encoder.layers.3.1.2.ffn.layers.1.bias:lr_mult=0.1
2026/09/22 14:48:06 - mmengine - INFO - paramwise_options -- rgb_encoder.layers.3.1.2.ffn.layers.4.weight:lr=5.9999999999999995e-05
2026/09/22 14:48:06 - mmengine - INFO - paramwise_options -- rgb_encoder.layers.3.1.2.ffn.layers.4.weight:weight_decay=0.01
2026/09/22 14:48:06 - mmengine - INFO - paramwise_options -- rgb_encoder.layers.3.1.2.ffn.layers.4.weight:lr_mult=0.1
2026/09/22 14:48:06 - mmengine - INFO - paramwise_options -- rgb_encoder.layers.3.1.2.ffn.layers.4.bias:lr=5.9999999999999995e-05
2026/09/22 14:48:06 - mmengine - INFO - paramwise_options -- rgb_encoder.layers.3.1.2.ffn.layers.4.bias:weight_decay=0.01
2026/09/22 14:48:06 - mmengine - INFO - paramwise_options -- rgb_encoder.layers.3.1.2.ffn.layers.4.bias:lr_mult=0.1
2026/09/22 14:48:06 - mmengine - INFO - paramwise_options -- rgb_encoder.layers.3.2.weight:lr=5.9999999999999995e-05
2026/09/22 14:48:06 - mmengine - INFO - paramwise_options -- rgb_encoder.layers.3.2.weight:weight_decay=0.01
2026/09/22 14:48:06 - mmengine - INFO - paramwise_options -- rgb_encoder.layers.3.2.weight:lr_mult=0.1
2026/09/22 14:48:06 - mmengine - INFO - paramwise_options -- rgb_encoder.layers.3.2.bias:lr=5.9999999999999995e-05
2026/09/22 14:48:06 - mmengine - INFO - paramwise_options -- rgb_encoder.layers.3.2.bias:weight_decay=0.01
2026/09/22 14:48:06 - mmengine - INFO - paramwise_options -- rgb_encoder.layers.3.2.bias:lr_mult=0.1
2026/09/22 14:48:06 - mmengine - WARNING - rectifier.correction_logit is skipped since its requires_grad=False
2026/09/22 14:48:06 - mmengine - WARNING - rectifier.depth_encoder.0.0.weight is skipped since its requires_grad=False
2026/09/22 14:48:07 - mmengine - WARNING - rectifier.depth_encoder.0.1.weight is skipped since its requires_grad=False
2026/09/22 14:48:07 - mmengine - WARNING - rectifier.depth_encoder.0.1.bias is skipped since its requires_grad=False
2026/09/22 14:48:07 - mmengine - WARNING - rectifier.depth_encoder.1.0.weight is skipped since its requires_grad=False
2026/09/22 14:48:07 - mmengine - WARNING - rectifier.depth_encoder.1.1.weight is skipped since its requires_grad=False
2026/09/22 14:48:07 - mmengine - WARNING - rectifier.depth_encoder.1.1.bias is skipped since its requires_grad=False
2026/09/22 14:48:07 - mmengine - WARNING - rectifier.rgb_projection.0.weight is skipped since its requires_grad=False
2026/09/22 14:48:07 - mmengine - WARNING - rectifier.rgb_projection.1.weight is skipped since its requires_grad=False
2026/09/22 14:48:07 - mmengine - WARNING - rectifier.rgb_projection.1.bias is skipped since its requires_grad=False
2026/09/22 14:48:07 - mmengine - WARNING - rectifier.offset_mask.0.0.weight is skipped since its requires_grad=False
2026/09/22 14:48:07 - mmengine - WARNING - rectifier.offset_mask.0.1.weight is skipped since its requires_grad=False
2026/09/22 14:48:07 - mmengine - WARNING - rectifier.offset_mask.0.1.bias is skipped since its requires_grad=False
2026/09/22 14:48:07 - mmengine - WARNING - rectifier.offset_mask.1.weight is skipped since its requires_grad=False
2026/09/22 14:48:07 - mmengine - WARNING - rectifier.offset_mask.1.bias is skipped since its requires_grad=False
2026/09/22 14:48:07 - mmengine - WARNING - rectifier.deform.weight is skipped since its requires_grad=False
2026/09/22 14:48:07 - mmengine - WARNING - rectifier.deform.bias is skipped since its requires_grad=False
2026/09/22 14:48:07 - mmengine - WARNING - rectifier.learned_reliability.0.0.weight is skipped since its requires_grad=False
2026/09/22 14:48:07 - mmengine - WARNING - rectifier.learned_reliability.0.1.weight is skipped since its requires_grad=False
2026/09/22 14:48:07 - mmengine - WARNING - rectifier.learned_reliability.0.1.bias is skipped since its requires_grad=False
2026/09/22 14:48:07 - mmengine - WARNING - rectifier.learned_reliability.1.weight is skipped since its requires_grad=False
2026/09/22 14:48:07 - mmengine - WARNING - rectifier.learned_reliability.1.bias is skipped since its requires_grad=False
2026/09/22 14:48:07 - mmengine - WARNING - rectifier.residual.0.0.weight is skipped since its requires_grad=False
2026/09/22 14:48:07 - mmengine - WARNING - rectifier.residual.0.1.weight is skipped since its requires_grad=False
2026/09/22 14:48:07 - mmengine - WARNING - rectifier.residual.0.1.bias is skipped since its requires_grad=False
2026/09/22 14:48:07 - mmengine - WARNING - rectifier.residual.1.weight is skipped since its requires_grad=False
2026/09/22 14:48:07 - mmengine - WARNING - rectifier.residual.1.bias is skipped since its requires_grad=False
2026/09/22 14:48:07 - mmengine - WARNING - geometry_encoder.stem.0.0.weight is skipped since its requires_grad=False
2026/09/22 14:48:07 - mmengine - WARNING - geometry_encoder.stem.0.1.weight is skipped since its requires_grad=False
2026/09/22 14:48:07 - mmengine - WARNING - geometry_encoder.stem.0.1.bias is skipped since its requires_grad=False
2026/09/22 14:48:07 - mmengine - WARNING - geometry_encoder.stem.1.block.0.0.weight is skipped since its requires_grad=False
2026/09/22 14:48:07 - mmengine - WARNING - geometry_encoder.stem.1.block.0.1.weight is skipped since its requires_grad=False
2026/09/22 14:48:07 - mmengine - WARNING - geometry_encoder.stem.1.block.0.1.bias is skipped since its requires_grad=False
2026/09/22 14:48:07 - mmengine - WARNING - geometry_encoder.stem.1.block.1.0.weight is skipped since its requires_grad=False
2026/09/22 14:48:07 - mmengine - WARNING - geometry_encoder.stem.1.block.1.1.weight is skipped since its requires_grad=False
2026/09/22 14:48:07 - mmengine - WARNING - geometry_encoder.stem.1.block.1.1.bias is skipped since its requires_grad=False
2026/09/22 14:48:07 - mmengine - WARNING - geometry_encoder.downsamples.0.block.0.0.weight is skipped since its requires_grad=False
2026/09/22 14:48:07 - mmengine - WARNING - geometry_encoder.downsamples.0.block.0.1.weight is skipped since its requires_grad=False
2026/09/22 14:48:07 - mmengine - WARNING - geometry_encoder.downsamples.0.block.0.1.bias is skipped since its requires_grad=False
2026/09/22 14:48:07 - mmengine - WARNING - geometry_encoder.downsamples.0.block.1.0.weight is skipped since its requires_grad=False
2026/09/22 14:48:07 - mmengine - WARNING - geometry_encoder.downsamples.0.block.1.1.weight is skipped since its requires_grad=False
2026/09/22 14:48:07 - mmengine - WARNING - geometry_encoder.downsamples.0.block.1.1.bias is skipped since its requires_grad=False
2026/09/22 14:48:07 - mmengine - WARNING - geometry_encoder.downsamples.0.shortcut.0.weight is skipped since its requires_grad=False
2026/09/22 14:48:07 - mmengine - WARNING - geometry_encoder.downsamples.0.shortcut.1.weight is skipped since its requires_grad=False
2026/09/22 14:48:07 - mmengine - WARNING - geometry_encoder.downsamples.0.shortcut.1.bias is skipped since its requires_grad=False
2026/09/22 14:48:07 - mmengine - WARNING - geometry_encoder.downsamples.1.block.0.0.weight is skipped since its requires_grad=False
2026/09/22 14:48:07 - mmengine - WARNING - geometry_encoder.downsamples.1.block.0.1.weight is skipped since its requires_grad=False
2026/09/22 14:48:07 - mmengine - WARNING - geometry_encoder.downsamples.1.block.0.1.bias is skipped since its requires_grad=False
2026/09/22 14:48:07 - mmengine - WARNING - geometry_encoder.downsamples.1.block.1.0.weight is skipped since its requires_grad=False
2026/09/22 14:48:07 - mmengine - WARNING - geometry_encoder.downsamples.1.block.1.1.weight is skipped since its requires_grad=False
2026/09/22 14:48:07 - mmengine - WARNING - geometry_encoder.downsamples.1.block.1.1.bias is skipped since its requires_grad=False
2026/09/22 14:48:07 - mmengine - WARNING - geometry_encoder.downsamples.1.shortcut.0.weight is skipped since its requires_grad=False
2026/09/22 14:48:07 - mmengine - WARNING - geometry_encoder.downsamples.1.shortcut.1.weight is skipped since its requires_grad=False
2026/09/22 14:48:07 - mmengine - WARNING - geometry_encoder.downsamples.1.shortcut.1.bias is skipped since its requires_grad=False
2026/09/22 14:48:07 - mmengine - WARNING - geometry_encoder.downsamples.2.block.0.0.weight is skipped since its requires_grad=False
2026/09/22 14:48:07 - mmengine - WARNING - geometry_encoder.downsamples.2.block.0.1.weight is skipped since its requires_grad=False
2026/09/22 14:48:07 - mmengine - WARNING - geometry_encoder.downsamples.2.block.0.1.bias is skipped since its requires_grad=False
2026/09/22 14:48:07 - mmengine - WARNING - geometry_encoder.downsamples.2.block.1.0.weight is skipped since its requires_grad=False
2026/09/22 14:48:07 - mmengine - WARNING - geometry_encoder.downsamples.2.block.1.1.weight is skipped since its requires_grad=False
2026/09/22 14:48:07 - mmengine - WARNING - geometry_encoder.downsamples.2.block.1.1.bias is skipped since its requires_grad=False
2026/09/22 14:48:07 - mmengine - WARNING - geometry_encoder.downsamples.2.shortcut.0.weight is skipped since its requires_grad=False
2026/09/22 14:48:07 - mmengine - WARNING - geometry_encoder.downsamples.2.shortcut.1.weight is skipped since its requires_grad=False
2026/09/22 14:48:07 - mmengine - WARNING - geometry_encoder.downsamples.2.shortcut.1.bias is skipped since its requires_grad=False
2026/09/22 14:48:07 - mmengine - WARNING - geometry_pyramid.laterals.0.0.weight is skipped since its requires_grad=False
2026/09/22 14:48:07 - mmengine - WARNING - geometry_pyramid.laterals.0.1.weight is skipped since its requires_grad=False
2026/09/22 14:48:07 - mmengine - WARNING - geometry_pyramid.laterals.0.1.bias is skipped since its requires_grad=False
2026/09/22 14:48:07 - mmengine - WARNING - geometry_pyramid.laterals.1.0.weight is skipped since its requires_grad=False
2026/09/22 14:48:07 - mmengine - WARNING - geometry_pyramid.laterals.1.1.weight is skipped since its requires_grad=False
2026/09/22 14:48:07 - mmengine - WARNING - geometry_pyramid.laterals.1.1.bias is skipped since its requires_grad=False
2026/09/22 14:48:07 - mmengine - WARNING - geometry_pyramid.laterals.2.0.weight is skipped since its requires_grad=False
2026/09/22 14:48:07 - mmengine - WARNING - geometry_pyramid.laterals.2.1.weight is skipped since its requires_grad=False
2026/09/22 14:48:07 - mmengine - WARNING - geometry_pyramid.laterals.2.1.bias is skipped since its requires_grad=False
2026/09/22 14:48:07 - mmengine - WARNING - geometry_pyramid.laterals.3.0.weight is skipped since its requires_grad=False
2026/09/22 14:48:07 - mmengine - WARNING - geometry_pyramid.laterals.3.1.weight is skipped since its requires_grad=False
2026/09/22 14:48:07 - mmengine - WARNING - geometry_pyramid.laterals.3.1.bias is skipped since its requires_grad=False
2026/09/22 14:48:07 - mmengine - WARNING - geometry_pyramid.top_down.0.0.weight is skipped since its requires_grad=False
2026/09/22 14:48:07 - mmengine - WARNING - geometry_pyramid.top_down.0.1.weight is skipped since its requires_grad=False
2026/09/22 14:48:07 - mmengine - WARNING - geometry_pyramid.top_down.0.1.bias is skipped since its requires_grad=False
2026/09/22 14:48:07 - mmengine - WARNING - geometry_pyramid.top_down.1.0.weight is skipped since its requires_grad=False
2026/09/22 14:48:07 - mmengine - WARNING - geometry_pyramid.top_down.1.1.weight is skipped since its requires_grad=False
2026/09/22 14:48:07 - mmengine - WARNING - geometry_pyramid.top_down.1.1.bias is skipped since its requires_grad=False
2026/09/22 14:48:07 - mmengine - WARNING - geometry_pyramid.top_down.2.0.weight is skipped since its requires_grad=False
2026/09/22 14:48:07 - mmengine - WARNING - geometry_pyramid.top_down.2.1.weight is skipped since its requires_grad=False
2026/09/22 14:48:07 - mmengine - WARNING - geometry_pyramid.top_down.2.1.bias is skipped since its requires_grad=False
2026/09/22 14:48:07 - mmengine - WARNING - geometry_pyramid.refine.0.block.0.0.weight is skipped since its requires_grad=False
2026/09/22 14:48:07 - mmengine - WARNING - geometry_pyramid.refine.0.block.0.1.weight is skipped since its requires_grad=False
2026/09/22 14:48:07 - mmengine - WARNING - geometry_pyramid.refine.0.block.0.1.bias is skipped since its requires_grad=False
2026/09/22 14:48:07 - mmengine - WARNING - geometry_pyramid.refine.0.block.1.0.weight is skipped since its requires_grad=False
2026/09/22 14:48:07 - mmengine - WARNING - geometry_pyramid.refine.0.block.1.1.weight is skipped since its requires_grad=False
2026/09/22 14:48:07 - mmengine - WARNING - geometry_pyramid.refine.0.block.1.1.bias is skipped since its requires_grad=False
2026/09/22 14:48:07 - mmengine - WARNING - geometry_pyramid.refine.1.block.0.0.weight is skipped since its requires_grad=False
2026/09/22 14:48:07 - mmengine - WARNING - geometry_pyramid.refine.1.block.0.1.weight is skipped since its requires_grad=False
2026/09/22 14:48:07 - mmengine - WARNING - geometry_pyramid.refine.1.block.0.1.bias is skipped since its requires_grad=False
2026/09/22 14:48:07 - mmengine - WARNING - geometry_pyramid.refine.1.block.1.0.weight is skipped since its requires_grad=False
2026/09/22 14:48:07 - mmengine - WARNING - geometry_pyramid.refine.1.block.1.1.weight is skipped since its requires_grad=False
2026/09/22 14:48:07 - mmengine - WARNING - geometry_pyramid.refine.1.block.1.1.bias is skipped since its requires_grad=False
2026/09/22 14:48:07 - mmengine - WARNING - geometry_pyramid.refine.2.block.0.0.weight is skipped since its requires_grad=False
2026/09/22 14:48:07 - mmengine - WARNING - geometry_pyramid.refine.2.block.0.1.weight is skipped since its requires_grad=False
2026/09/22 14:48:07 - mmengine - WARNING - geometry_pyramid.refine.2.block.0.1.bias is skipped since its requires_grad=False
2026/09/22 14:48:07 - mmengine - WARNING - geometry_pyramid.refine.2.block.1.0.weight is skipped since its requires_grad=False
2026/09/22 14:48:07 - mmengine - WARNING - geometry_pyramid.refine.2.block.1.1.weight is skipped since its requires_grad=False
2026/09/22 14:48:07 - mmengine - WARNING - geometry_pyramid.refine.2.block.1.1.bias is skipped since its requires_grad=False
2026/09/22 14:48:07 - mmengine - WARNING - geometry_aux_head.weight is skipped since its requires_grad=False
2026/09/22 14:48:07 - mmengine - WARNING - geometry_aux_head.bias is skipped since its requires_grad=False
2026/09/22 14:48:07 - mmengine - WARNING - frequency_validator.rgb_projection.0.weight is skipped since its requires_grad=False
2026/09/22 14:48:07 - mmengine - WARNING - frequency_validator.rgb_projection.1.weight is skipped since its requires_grad=False
2026/09/22 14:48:07 - mmengine - WARNING - frequency_validator.rgb_projection.1.bias is skipped since its requires_grad=False
2026/09/22 14:48:07 - mmengine - WARNING - frequency_validator.geometry_projection.0.weight is skipped since its requires_grad=False
2026/09/22 14:48:07 - mmengine - WARNING - frequency_validator.geometry_projection.1.weight is skipped since its requires_grad=False
2026/09/22 14:48:07 - mmengine - WARNING - frequency_validator.geometry_projection.1.bias is skipped since its requires_grad=False
2026/09/22 14:48:07 - mmengine - WARNING - frequency_validator.region_rgb_projection.0.weight is skipped since its requires_grad=False
2026/09/22 14:48:07 - mmengine - WARNING - frequency_validator.region_rgb_projection.1.weight is skipped since its requires_grad=False
2026/09/22 14:48:07 - mmengine - WARNING - frequency_validator.region_rgb_projection.1.bias is skipped since its requires_grad=False
2026/09/22 14:48:07 - mmengine - WARNING - frequency_validator.region_geometry_projection.0.weight is skipped since its requires_grad=False
2026/09/22 14:48:07 - mmengine - WARNING - frequency_validator.region_geometry_projection.1.weight is skipped since its requires_grad=False
2026/09/22 14:48:07 - mmengine - WARNING - frequency_validator.region_geometry_projection.1.bias is skipped since its requires_grad=False
2026/09/22 14:48:07 - mmengine - WARNING - frequency_validator.high_validator.0.0.weight is skipped since its requires_grad=False
2026/09/22 14:48:07 - mmengine - WARNING - frequency_validator.high_validator.0.1.weight is skipped since its requires_grad=False
2026/09/22 14:48:07 - mmengine - WARNING - frequency_validator.high_validator.0.1.bias is skipped since its requires_grad=False
2026/09/22 14:48:07 - mmengine - WARNING - frequency_validator.high_validator.1.weight is skipped since its requires_grad=False
2026/09/22 14:48:07 - mmengine - WARNING - frequency_validator.high_validator.1.bias is skipped since its requires_grad=False
2026/09/22 14:48:07 - mmengine - WARNING - frequency_validator.high_projection.weight is skipped since its requires_grad=False
2026/09/22 14:48:07 - mmengine - WARNING - frequency_validator.high_projection.bias is skipped since its requires_grad=False
2026/09/22 14:48:07 - mmengine - WARNING - frequency_validator.region_validator.0.0.weight is skipped since its requires_grad=False
2026/09/22 14:48:07 - mmengine - WARNING - frequency_validator.region_validator.0.1.weight is skipped since its requires_grad=False
2026/09/22 14:48:07 - mmengine - WARNING - frequency_validator.region_validator.0.1.bias is skipped since its requires_grad=False
2026/09/22 14:48:07 - mmengine - WARNING - frequency_validator.region_validator.1.weight is skipped since its requires_grad=False
2026/09/22 14:48:07 - mmengine - WARNING - frequency_validator.region_validator.1.bias is skipped since its requires_grad=False
2026/09/22 14:48:07 - mmengine - WARNING - frequency_validator.low_projection.weight is skipped since its requires_grad=False
2026/09/22 14:48:07 - mmengine - WARNING - frequency_validator.low_projection.bias is skipped since its requires_grad=False
2026/09/22 14:48:07 - mmengine - WARNING - high_fusion.delta_projection.0.weight is skipped since its requires_grad=False
2026/09/22 14:48:07 - mmengine - WARNING - high_fusion.delta_projection.1.weight is skipped since its requires_grad=False
2026/09/22 14:48:07 - mmengine - WARNING - high_fusion.delta_projection.1.bias is skipped since its requires_grad=False
2026/09/22 14:48:07 - mmengine - WARNING - low_fusion.delta_projection.0.weight is skipped since its requires_grad=False
2026/09/22 14:48:07 - mmengine - WARNING - low_fusion.delta_projection.1.weight is skipped since its requires_grad=False
2026/09/22 14:48:07 - mmengine - WARNING - low_fusion.delta_projection.1.bias is skipped since its requires_grad=False
2026/09/22 14:48:07 - mmengine - INFO - paramwise_options -- decoder.projections.0.1.weight:weight_decay=0.0
2026/09/22 14:48:07 - mmengine - INFO - paramwise_options -- decoder.projections.0.1.bias:weight_decay=0.0
2026/09/22 14:48:07 - mmengine - INFO - paramwise_options -- decoder.projections.1.1.weight:weight_decay=0.0
2026/09/22 14:48:07 - mmengine - INFO - paramwise_options -- decoder.projections.1.1.bias:weight_decay=0.0
2026/09/22 14:48:07 - mmengine - INFO - paramwise_options -- decoder.projections.2.1.weight:weight_decay=0.0
2026/09/22 14:48:07 - mmengine - INFO - paramwise_options -- decoder.projections.2.1.bias:weight_decay=0.0
2026/09/22 14:48:07 - mmengine - INFO - paramwise_options -- decoder.projections.3.1.weight:weight_decay=0.0
2026/09/22 14:48:07 - mmengine - INFO - paramwise_options -- decoder.projections.3.1.bias:weight_decay=0.0
2026/09/22 14:48:07 - mmengine - INFO - paramwise_options -- decoder.refine.0.block.0.1.weight:weight_decay=0.0
2026/09/22 14:48:07 - mmengine - INFO - paramwise_options -- decoder.refine.0.block.0.1.bias:weight_decay=0.0
2026/09/22 14:48:07 - mmengine - INFO - paramwise_options -- decoder.refine.0.block.1.1.weight:weight_decay=0.0
2026/09/22 14:48:07 - mmengine - INFO - paramwise_options -- decoder.refine.0.block.1.1.bias:weight_decay=0.0
2026/09/22 14:48:07 - mmengine - INFO - paramwise_options -- decoder.refine.1.block.0.1.weight:weight_decay=0.0
2026/09/22 14:48:07 - mmengine - INFO - paramwise_options -- decoder.refine.1.block.0.1.bias:weight_decay=0.0
2026/09/22 14:48:07 - mmengine - INFO - paramwise_options -- decoder.refine.1.block.1.1.weight:weight_decay=0.0
2026/09/22 14:48:07 - mmengine - INFO - paramwise_options -- decoder.refine.1.block.1.1.bias:weight_decay=0.0
2026/09/22 14:48:07 - mmengine - INFO - paramwise_options -- refiner.rgb_stem.0.1.weight:weight_decay=0.0
2026/09/22 14:48:07 - mmengine - INFO - paramwise_options -- refiner.rgb_stem.0.1.bias:weight_decay=0.0
2026/09/22 14:48:07 - mmengine - INFO - paramwise_options -- refiner.rgb_stem.1.block.0.1.weight:weight_decay=0.0
2026/09/22 14:48:07 - mmengine - INFO - paramwise_options -- refiner.rgb_stem.1.block.0.1.bias:weight_decay=0.0
2026/09/22 14:48:07 - mmengine - INFO - paramwise_options -- refiner.rgb_stem.1.block.1.1.weight:weight_decay=0.0
2026/09/22 14:48:07 - mmengine - INFO - paramwise_options -- refiner.rgb_stem.1.block.1.1.bias:weight_decay=0.0
2026/09/22 14:48:07 - mmengine - INFO - paramwise_options -- refiner.semantic_projection.1.weight:weight_decay=0.0
2026/09/22 14:48:07 - mmengine - INFO - paramwise_options -- refiner.semantic_projection.1.bias:weight_decay=0.0
2026/09/22 14:48:07 - mmengine - INFO - paramwise_options -- refiner.contour.0.1.weight:weight_decay=0.0
2026/09/22 14:48:07 - mmengine - INFO - paramwise_options -- refiner.contour.0.1.bias:weight_decay=0.0
2026/09/22 14:48:07 - mmengine - INFO - paramwise_options -- refiner.contour.1.block.0.1.weight:weight_decay=0.0
2026/09/22 14:48:07 - mmengine - INFO - paramwise_options -- refiner.contour.1.block.0.1.bias:weight_decay=0.0
2026/09/22 14:48:07 - mmengine - INFO - paramwise_options -- refiner.contour.1.block.1.1.weight:weight_decay=0.0
2026/09/22 14:48:07 - mmengine - INFO - paramwise_options -- refiner.contour.1.block.1.1.bias:weight_decay=0.0
2026/09/22 14:48:07 - mmengine - WARNING - The prefix is not set in metric class IoUMetric.
2026/09/22 14:48:08 - mmengine - INFO - load model from: https://download.openmmlab.com/mmsegmentation/v0.5/pretrain/segformer/mit_b2_20220624-66e8bf70.pth
2026/09/22 14:48:08 - mmengine - INFO - Loads checkpoint by http backend from path: https://download.openmmlab.com/mmsegmentation/v0.5/pretrain/segformer/mit_b2_20220624-66e8bf70.pth
Name of parameter - Initialization information

rgb_encoder.layers.0.0.projection.weight - torch.Size([64, 3, 7, 7]): 
PretrainedInit: load from https://download.openmmlab.com/mmsegmentation/v0.5/pretrain/segformer/mit_b2_20220624-66e8bf70.pth 

rgb_encoder.layers.0.0.projection.bias - torch.Size([64]): 
PretrainedInit: load from https://download.openmmlab.com/mmsegmentation/v0.5/pretrain/segformer/mit_b2_20220624-66e8bf70.pth 

rgb_encoder.layers.0.0.norm.weight - torch.Size([64]): 
PretrainedInit: load from https://download.openmmlab.com/mmsegmentation/v0.5/pretrain/segformer/mit_b2_20220624-66e8bf70.pth 

rgb_encoder.layers.0.0.norm.bias - torch.Size([64]): 
PretrainedInit: load from https://download.openmmlab.com/mmsegmentation/v0.5/pretrain/segformer/mit_b2_20220624-66e8bf70.pth 

rgb_encoder.layers.0.1.0.norm1.weight - torch.Size([64]): 
PretrainedInit: load from https://download.openmmlab.com/mmsegmentation/v0.5/pretrain/segformer/mit_b2_20220624-66e8bf70.pth 

rgb_encoder.layers.0.1.0.norm1.bias - torch.Size([64]): 
PretrainedInit: load from https://download.openmmlab.com/mmsegmentation/v0.5/pretrain/segformer/mit_b2_20220624-66e8bf70.pth 

rgb_encoder.layers.0.1.0.attn.attn.in_proj_weight - torch.Size([192, 64]): 
PretrainedInit: load from https://download.openmmlab.com/mmsegmentation/v0.5/pretrain/segformer/mit_b2_20220624-66e8bf70.pth 

rgb_encoder.layers.0.1.0.attn.attn.in_proj_bias - torch.Size([192]): 
PretrainedInit: load from https://download.openmmlab.com/mmsegmentation/v0.5/pretrain/segformer/mit_b2_20220624-66e8bf70.pth 

rgb_encoder.layers.0.1.0.attn.attn.out_proj.weight - torch.Size([64, 64]): 
PretrainedInit: load from https://download.openmmlab.com/mmsegmentation/v0.5/pretrain/segformer/mit_b2_20220624-66e8bf70.pth 

rgb_encoder.layers.0.1.0.attn.attn.out_proj.bias - torch.Size([64]): 
PretrainedInit: load from https://download.openmmlab.com/mmsegmentation/v0.5/pretrain/segformer/mit_b2_20220624-66e8bf70.pth 

rgb_encoder.layers.0.1.0.attn.sr.weight - torch.Size([64, 64, 8, 8]): 
PretrainedInit: load from https://download.openmmlab.com/mmsegmentation/v0.5/pretrain/segformer/mit_b2_20220624-66e8bf70.pth 

rgb_encoder.layers.0.1.0.attn.sr.bias - torch.Size([64]): 
PretrainedInit: load from https://download.openmmlab.com/mmsegmentation/v0.5/pretrain/segformer/mit_b2_20220624-66e8bf70.pth 

rgb_encoder.layers.0.1.0.attn.norm.weight - torch.Size([64]): 
PretrainedInit: load from https://download.openmmlab.com/mmsegmentation/v0.5/pretrain/segformer/mit_b2_20220624-66e8bf70.pth 

rgb_encoder.layers.0.1.0.attn.norm.bias - torch.Size([64]): 
PretrainedInit: load from https://download.openmmlab.com/mmsegmentation/v0.5/pretrain/segformer/mit_b2_20220624-66e8bf70.pth 

rgb_encoder.layers.0.1.0.norm2.weight - torch.Size([64]): 
PretrainedInit: load from https://download.openmmlab.com/mmsegmentation/v0.5/pretrain/segformer/mit_b2_20220624-66e8bf70.pth 

rgb_encoder.layers.0.1.0.norm2.bias - torch.Size([64]): 
PretrainedInit: load from https://download.openmmlab.com/mmsegmentation/v0.5/pretrain/segformer/mit_b2_20220624-66e8bf70.pth 

rgb_encoder.layers.0.1.0.ffn.layers.0.weight - torch.Size([256, 64, 1, 1]): 
PretrainedInit: load from https://download.openmmlab.com/mmsegmentation/v0.5/pretrain/segformer/mit_b2_20220624-66e8bf70.pth 

rgb_encoder.layers.0.1.0.ffn.layers.0.bias - torch.Size([256]): 
PretrainedInit: load from https://download.openmmlab.com/mmsegmentation/v0.5/pretrain/segformer/mit_b2_20220624-66e8bf70.pth 

rgb_encoder.layers.0.1.0.ffn.layers.1.weight - torch.Size([256, 1, 3, 3]): 
PretrainedInit: load from https://download.openmmlab.com/mmsegmentation/v0.5/pretrain/segformer/mit_b2_20220624-66e8bf70.pth 

rgb_encoder.layers.0.1.0.ffn.layers.1.bias - torch.Size([256]): 
PretrainedInit: load from https://download.openmmlab.com/mmsegmentation/v0.5/pretrain/segformer/mit_b2_20220624-66e8bf70.pth 

rgb_encoder.layers.0.1.0.ffn.layers.4.weight - torch.Size([64, 256, 1, 1]): 
PretrainedInit: load from https://download.openmmlab.com/mmsegmentation/v0.5/pretrain/segformer/mit_b2_20220624-66e8bf70.pth 

rgb_encoder.layers.0.1.0.ffn.layers.4.bias - torch.Size([64]): 
PretrainedInit: load from https://download.openmmlab.com/mmsegmentation/v0.5/pretrain/segformer/mit_b2_20220624-66e8bf70.pth 

rgb_encoder.layers.0.1.1.norm1.weight - torch.Size([64]): 
PretrainedInit: load from https://download.openmmlab.com/mmsegmentation/v0.5/pretrain/segformer/mit_b2_20220624-66e8bf70.pth 

rgb_encoder.layers.0.1.1.norm1.bias - torch.Size([64]): 
PretrainedInit: load from https://download.openmmlab.com/mmsegmentation/v0.5/pretrain/segformer/mit_b2_20220624-66e8bf70.pth 

rgb_encoder.layers.0.1.1.attn.attn.in_proj_weight - torch.Size([192, 64]): 
PretrainedInit: load from https://download.openmmlab.com/mmsegmentation/v0.5/pretrain/segformer/mit_b2_20220624-66e8bf70.pth 

rgb_encoder.layers.0.1.1.attn.attn.in_proj_bias - torch.Size([192]): 
PretrainedInit: load from https://download.openmmlab.com/mmsegmentation/v0.5/pretrain/segformer/mit_b2_20220624-66e8bf70.pth 

rgb_encoder.layers.0.1.1.attn.attn.out_proj.weight - torch.Size([64, 64]): 
PretrainedInit: load from https://download.openmmlab.com/mmsegmentation/v0.5/pretrain/segformer/mit_b2_20220624-66e8bf70.pth 

rgb_encoder.layers.0.1.1.attn.attn.out_proj.bias - torch.Size([64]): 
PretrainedInit: load from https://download.openmmlab.com/mmsegmentation/v0.5/pretrain/segformer/mit_b2_20220624-66e8bf70.pth 

rgb_encoder.layers.0.1.1.attn.sr.weight - torch.Size([64, 64, 8, 8]): 
PretrainedInit: load from https://download.openmmlab.com/mmsegmentation/v0.5/pretrain/segformer/mit_b2_20220624-66e8bf70.pth 

rgb_encoder.layers.0.1.1.attn.sr.bias - torch.Size([64]): 
PretrainedInit: load from https://download.openmmlab.com/mmsegmentation/v0.5/pretrain/segformer/mit_b2_20220624-66e8bf70.pth 

rgb_encoder.layers.0.1.1.attn.norm.weight - torch.Size([64]): 
PretrainedInit: load from https://download.openmmlab.com/mmsegmentation/v0.5/pretrain/segformer/mit_b2_20220624-66e8bf70.pth 

rgb_encoder.layers.0.1.1.attn.norm.bias - torch.Size([64]): 
PretrainedInit: load from https://download.openmmlab.com/mmsegmentation/v0.5/pretrain/segformer/mit_b2_20220624-66e8bf70.pth 

rgb_encoder.layers.0.1.1.norm2.weight - torch.Size([64]): 
PretrainedInit: load from https://download.openmmlab.com/mmsegmentation/v0.5/pretrain/segformer/mit_b2_20220624-66e8bf70.pth 

rgb_encoder.layers.0.1.1.norm2.bias - torch.Size([64]): 
PretrainedInit: load from https://download.openmmlab.com/mmsegmentation/v0.5/pretrain/segformer/mit_b2_20220624-66e8bf70.pth 

rgb_encoder.layers.0.1.1.ffn.layers.0.weight - torch.Size([256, 64, 1, 1]): 
PretrainedInit: load from https://download.openmmlab.com/mmsegmentation/v0.5/pretrain/segformer/mit_b2_20220624-66e8bf70.pth 

rgb_encoder.layers.0.1.1.ffn.layers.0.bias - torch.Size([256]): 
PretrainedInit: load from https://download.openmmlab.com/mmsegmentation/v0.5/pretrain/segformer/mit_b2_20220624-66e8bf70.pth 

rgb_encoder.layers.0.1.1.ffn.layers.1.weight - torch.Size([256, 1, 3, 3]): 
PretrainedInit: load from https://download.openmmlab.com/mmsegmentation/v0.5/pretrain/segformer/mit_b2_20220624-66e8bf70.pth 

rgb_encoder.layers.0.1.1.ffn.layers.1.bias - torch.Size([256]): 
PretrainedInit: load from https://download.openmmlab.com/mmsegmentation/v0.5/pretrain/segformer/mit_b2_20220624-66e8bf70.pth 

rgb_encoder.layers.0.1.1.ffn.layers.4.weight - torch.Size([64, 256, 1, 1]): 
PretrainedInit: load from https://download.openmmlab.com/mmsegmentation/v0.5/pretrain/segformer/mit_b2_20220624-66e8bf70.pth 

rgb_encoder.layers.0.1.1.ffn.layers.4.bias - torch.Size([64]): 
PretrainedInit: load from https://download.openmmlab.com/mmsegmentation/v0.5/pretrain/segformer/mit_b2_20220624-66e8bf70.pth 

rgb_encoder.layers.0.1.2.norm1.weight - torch.Size([64]): 
PretrainedInit: load from https://download.openmmlab.com/mmsegmentation/v0.5/pretrain/segformer/mit_b2_20220624-66e8bf70.pth 

rgb_encoder.layers.0.1.2.norm1.bias - torch.Size([64]): 
PretrainedInit: load from https://download.openmmlab.com/mmsegmentation/v0.5/pretrain/segformer/mit_b2_20220624-66e8bf70.pth 

rgb_encoder.layers.0.1.2.attn.attn.in_proj_weight - torch.Size([192, 64]): 
PretrainedInit: load from https://download.openmmlab.com/mmsegmentation/v0.5/pretrain/segformer/mit_b2_20220624-66e8bf70.pth 

rgb_encoder.layers.0.1.2.attn.attn.in_proj_bias - torch.Size([192]): 
PretrainedInit: load from https://download.openmmlab.com/mmsegmentation/v0.5/pretrain/segformer/mit_b2_20220624-66e8bf70.pth 

rgb_encoder.layers.0.1.2.attn.attn.out_proj.weight - torch.Size([64, 64]): 
PretrainedInit: load from https://download.openmmlab.com/mmsegmentation/v0.5/pretrain/segformer/mit_b2_20220624-66e8bf70.pth 

rgb_encoder.layers.0.1.2.attn.attn.out_proj.bias - torch.Size([64]): 
PretrainedInit: load from https://download.openmmlab.com/mmsegmentation/v0.5/pretrain/segformer/mit_b2_20220624-66e8bf70.pth 

rgb_encoder.layers.0.1.2.attn.sr.weight - torch.Size([64, 64, 8, 8]): 
PretrainedInit: load from https://download.openmmlab.com/mmsegmentation/v0.5/pretrain/segformer/mit_b2_20220624-66e8bf70.pth 

rgb_encoder.layers.0.1.2.attn.sr.bias - torch.Size([64]): 
PretrainedInit: load from https://download.openmmlab.com/mmsegmentation/v0.5/pretrain/segformer/mit_b2_20220624-66e8bf70.pth 

rgb_encoder.layers.0.1.2.attn.norm.weight - torch.Size([64]): 
PretrainedInit: load from https://download.openmmlab.com/mmsegmentation/v0.5/pretrain/segformer/mit_b2_20220624-66e8bf70.pth 

rgb_encoder.layers.0.1.2.attn.norm.bias - torch.Size([64]): 
PretrainedInit: load from https://download.openmmlab.com/mmsegmentation/v0.5/pretrain/segformer/mit_b2_20220624-66e8bf70.pth 

rgb_encoder.layers.0.1.2.norm2.weight - torch.Size([64]): 
PretrainedInit: load from https://download.openmmlab.com/mmsegmentation/v0.5/pretrain/segformer/mit_b2_20220624-66e8bf70.pth 

rgb_encoder.layers.0.1.2.norm2.bias - torch.Size([64]): 
PretrainedInit: load from https://download.openmmlab.com/mmsegmentation/v0.5/pretrain/segformer/mit_b2_20220624-66e8bf70.pth 

rgb_encoder.layers.0.1.2.ffn.layers.0.weight - torch.Size([256, 64, 1, 1]): 
PretrainedInit: load from https://download.openmmlab.com/mmsegmentation/v0.5/pretrain/segformer/mit_b2_20220624-66e8bf70.pth 

rgb_encoder.layers.0.1.2.ffn.layers.0.bias - torch.Size([256]): 
PretrainedInit: load from https://download.openmmlab.com/mmsegmentation/v0.5/pretrain/segformer/mit_b2_20220624-66e8bf70.pth 

rgb_encoder.layers.0.1.2.ffn.layers.1.weight - torch.Size([256, 1, 3, 3]): 
PretrainedInit: load from https://download.openmmlab.com/mmsegmentation/v0.5/pretrain/segformer/mit_b2_20220624-66e8bf70.pth 

rgb_encoder.layers.0.1.2.ffn.layers.1.bias - torch.Size([256]): 
PretrainedInit: load from https://download.openmmlab.com/mmsegmentation/v0.5/pretrain/segformer/mit_b2_20220624-66e8bf70.pth 

rgb_encoder.layers.0.1.2.ffn.layers.4.weight - torch.Size([64, 256, 1, 1]): 
PretrainedInit: load from https://download.openmmlab.com/mmsegmentation/v0.5/pretrain/segformer/mit_b2_20220624-66e8bf70.pth 

rgb_encoder.layers.0.1.2.ffn.layers.4.bias - torch.Size([64]): 
PretrainedInit: load from https://download.openmmlab.com/mmsegmentation/v0.5/pretrain/segformer/mit_b2_20220624-66e8bf70.pth 

rgb_encoder.layers.0.2.weight - torch.Size([64]): 
PretrainedInit: load from https://download.openmmlab.com/mmsegmentation/v0.5/pretrain/segformer/mit_b2_20220624-66e8bf70.pth 

rgb_encoder.layers.0.2.bias - torch.Size([64]): 
PretrainedInit: load from https://download.openmmlab.com/mmsegmentation/v0.5/pretrain/segformer/mit_b2_20220624-66e8bf70.pth 

rgb_encoder.layers.1.0.projection.weight - torch.Size([128, 64, 3, 3]): 
PretrainedInit: load from https://download.openmmlab.com/mmsegmentation/v0.5/pretrain/segformer/mit_b2_20220624-66e8bf70.pth 

rgb_encoder.layers.1.0.projection.bias - torch.Size([128]): 
PretrainedInit: load from https://download.openmmlab.com/mmsegmentation/v0.5/pretrain/segformer/mit_b2_20220624-66e8bf70.pth 

rgb_encoder.layers.1.0.norm.weight - torch.Size([128]): 
PretrainedInit: load from https://download.openmmlab.com/mmsegmentation/v0.5/pretrain/segformer/mit_b2_20220624-66e8bf70.pth 

rgb_encoder.layers.1.0.norm.bias - torch.Size([128]): 
PretrainedInit: load from https://download.openmmlab.com/mmsegmentation/v0.5/pretrain/segformer/mit_b2_20220624-66e8bf70.pth 

rgb_encoder.layers.1.1.0.norm1.weight - torch.Size([128]): 
PretrainedInit: load from https://download.openmmlab.com/mmsegmentation/v0.5/pretrain/segformer/mit_b2_20220624-66e8bf70.pth 

rgb_encoder.layers.1.1.0.norm1.bias - torch.Size([128]): 
PretrainedInit: load from https://download.openmmlab.com/mmsegmentation/v0.5/pretrain/segformer/mit_b2_20220624-66e8bf70.pth 

rgb_encoder.layers.1.1.0.attn.attn.in_proj_weight - torch.Size([384, 128]): 
PretrainedInit: load from https://download.openmmlab.com/mmsegmentation/v0.5/pretrain/segformer/mit_b2_20220624-66e8bf70.pth 

rgb_encoder.layers.1.1.0.attn.attn.in_proj_bias - torch.Size([384]): 
PretrainedInit: load from https://download.openmmlab.com/mmsegmentation/v0.5/pretrain/segformer/mit_b2_20220624-66e8bf70.pth 

rgb_encoder.layers.1.1.0.attn.attn.out_proj.weight - torch.Size([128, 128]): 
PretrainedInit: load from https://download.openmmlab.com/mmsegmentation/v0.5/pretrain/segformer/mit_b2_20220624-66e8bf70.pth 

rgb_encoder.layers.1.1.0.attn.attn.out_proj.bias - torch.Size([128]): 
PretrainedInit: load from https://download.openmmlab.com/mmsegmentation/v0.5/pretrain/segformer/mit_b2_20220624-66e8bf70.pth 

rgb_encoder.layers.1.1.0.attn.sr.weight - torch.Size([128, 128, 4, 4]): 
PretrainedInit: load from https://download.openmmlab.com/mmsegmentation/v0.5/pretrain/segformer/mit_b2_20220624-66e8bf70.pth 

rgb_encoder.layers.1.1.0.attn.sr.bias - torch.Size([128]): 
PretrainedInit: load from https://download.openmmlab.com/mmsegmentation/v0.5/pretrain/segformer/mit_b2_20220624-66e8bf70.pth 

rgb_encoder.layers.1.1.0.attn.norm.weight - torch.Size([128]): 
PretrainedInit: load from https://download.openmmlab.com/mmsegmentation/v0.5/pretrain/segformer/mit_b2_20220624-66e8bf70.pth 

rgb_encoder.layers.1.1.0.attn.norm.bias - torch.Size([128]): 
PretrainedInit: load from https://download.openmmlab.com/mmsegmentation/v0.5/pretrain/segformer/mit_b2_20220624-66e8bf70.pth 

rgb_encoder.layers.1.1.0.norm2.weight - torch.Size([128]): 
PretrainedInit: load from https://download.openmmlab.com/mmsegmentation/v0.5/pretrain/segformer/mit_b2_20220624-66e8bf70.pth 

rgb_encoder.layers.1.1.0.norm2.bias - torch.Size([128]): 
PretrainedInit: load from https://download.openmmlab.com/mmsegmentation/v0.5/pretrain/segformer/mit_b2_20220624-66e8bf70.pth 

rgb_encoder.layers.1.1.0.ffn.layers.0.weight - torch.Size([512, 128, 1, 1]): 
PretrainedInit: load from https://download.openmmlab.com/mmsegmentation/v0.5/pretrain/segformer/mit_b2_20220624-66e8bf70.pth 

rgb_encoder.layers.1.1.0.ffn.layers.0.bias - torch.Size([512]): 
PretrainedInit: load from https://download.openmmlab.com/mmsegmentation/v0.5/pretrain/segformer/mit_b2_20220624-66e8bf70.pth 

rgb_encoder.layers.1.1.0.ffn.layers.1.weight - torch.Size([512, 1, 3, 3]): 
PretrainedInit: load from https://download.openmmlab.com/mmsegmentation/v0.5/pretrain/segformer/mit_b2_20220624-66e8bf70.pth 

rgb_encoder.layers.1.1.0.ffn.layers.1.bias - torch.Size([512]): 
PretrainedInit: load from https://download.openmmlab.com/mmsegmentation/v0.5/pretrain/segformer/mit_b2_20220624-66e8bf70.pth 

rgb_encoder.layers.1.1.0.ffn.layers.4.weight - torch.Size([128, 512, 1, 1]): 
PretrainedInit: load from https://download.openmmlab.com/mmsegmentation/v0.5/pretrain/segformer/mit_b2_20220624-66e8bf70.pth 

rgb_encoder.layers.1.1.0.ffn.layers.4.bias - torch.Size([128]): 
PretrainedInit: load from https://download.openmmlab.com/mmsegmentation/v0.5/pretrain/segformer/mit_b2_20220624-66e8bf70.pth 

rgb_encoder.layers.1.1.1.norm1.weight - torch.Size([128]): 
PretrainedInit: load from https://download.openmmlab.com/mmsegmentation/v0.5/pretrain/segformer/mit_b2_20220624-66e8bf70.pth 

rgb_encoder.layers.1.1.1.norm1.bias - torch.Size([128]): 
PretrainedInit: load from https://download.openmmlab.com/mmsegmentation/v0.5/pretrain/segformer/mit_b2_20220624-66e8bf70.pth 

rgb_encoder.layers.1.1.1.attn.attn.in_proj_weight - torch.Size([384, 128]): 
PretrainedInit: load from https://download.openmmlab.com/mmsegmentation/v0.5/pretrain/segformer/mit_b2_20220624-66e8bf70.pth 

rgb_encoder.layers.1.1.1.attn.attn.in_proj_bias - torch.Size([384]): 
PretrainedInit: load from https://download.openmmlab.com/mmsegmentation/v0.5/pretrain/segformer/mit_b2_20220624-66e8bf70.pth 

rgb_encoder.layers.1.1.1.attn.attn.out_proj.weight - torch.Size([128, 128]): 
PretrainedInit: load from https://download.openmmlab.com/mmsegmentation/v0.5/pretrain/segformer/mit_b2_20220624-66e8bf70.pth 

rgb_encoder.layers.1.1.1.attn.attn.out_proj.bias - torch.Size([128]): 
PretrainedInit: load from https://download.openmmlab.com/mmsegmentation/v0.5/pretrain/segformer/mit_b2_20220624-66e8bf70.pth 

rgb_encoder.layers.1.1.1.attn.sr.weight - torch.Size([128, 128, 4, 4]): 
PretrainedInit: load from https://download.openmmlab.com/mmsegmentation/v0.5/pretrain/segformer/mit_b2_20220624-66e8bf70.pth 

rgb_encoder.layers.1.1.1.attn.sr.bias - torch.Size([128]): 
PretrainedInit: load from https://download.openmmlab.com/mmsegmentation/v0.5/pretrain/segformer/mit_b2_20220624-66e8bf70.pth 

rgb_encoder.layers.1.1.1.attn.norm.weight - torch.Size([128]): 
PretrainedInit: load from https://download.openmmlab.com/mmsegmentation/v0.5/pretrain/segformer/mit_b2_20220624-66e8bf70.pth 

rgb_encoder.layers.1.1.1.attn.norm.bias - torch.Size([128]): 
PretrainedInit: load from https://download.openmmlab.com/mmsegmentation/v0.5/pretrain/segformer/mit_b2_20220624-66e8bf70.pth 

rgb_encoder.layers.1.1.1.norm2.weight - torch.Size([128]): 
PretrainedInit: load from https://download.openmmlab.com/mmsegmentation/v0.5/pretrain/segformer/mit_b2_20220624-66e8bf70.pth 

rgb_encoder.layers.1.1.1.norm2.bias - torch.Size([128]): 
PretrainedInit: load from https://download.openmmlab.com/mmsegmentation/v0.5/pretrain/segformer/mit_b2_20220624-66e8bf70.pth 

rgb_encoder.layers.1.1.1.ffn.layers.0.weight - torch.Size([512, 128, 1, 1]): 
PretrainedInit: load from https://download.openmmlab.com/mmsegmentation/v0.5/pretrain/segformer/mit_b2_20220624-66e8bf70.pth 

rgb_encoder.layers.1.1.1.ffn.layers.0.bias - torch.Size([512]): 
PretrainedInit: load from https://download.openmmlab.com/mmsegmentation/v0.5/pretrain/segformer/mit_b2_20220624-66e8bf70.pth 

rgb_encoder.layers.1.1.1.ffn.layers.1.weight - torch.Size([512, 1, 3, 3]): 
PretrainedInit: load from https://download.openmmlab.com/mmsegmentation/v0.5/pretrain/segformer/mit_b2_20220624-66e8bf70.pth 

rgb_encoder.layers.1.1.1.ffn.layers.1.bias - torch.Size([512]): 
PretrainedInit: load from https://download.openmmlab.com/mmsegmentation/v0.5/pretrain/segformer/mit_b2_20220624-66e8bf70.pth 

rgb_encoder.layers.1.1.1.ffn.layers.4.weight - torch.Size([128, 512, 1, 1]): 
PretrainedInit: load from https://download.openmmlab.com/mmsegmentation/v0.5/pretrain/segformer/mit_b2_20220624-66e8bf70.pth 

rgb_encoder.layers.1.1.1.ffn.layers.4.bias - torch.Size([128]): 
PretrainedInit: load from https://download.openmmlab.com/mmsegmentation/v0.5/pretrain/segformer/mit_b2_20220624-66e8bf70.pth 

rgb_encoder.layers.1.1.2.norm1.weight - torch.Size([128]): 
PretrainedInit: load from https://download.openmmlab.com/mmsegmentation/v0.5/pretrain/segformer/mit_b2_20220624-66e8bf70.pth 

rgb_encoder.layers.1.1.2.norm1.bias - torch.Size([128]): 
PretrainedInit: load from https://download.openmmlab.com/mmsegmentation/v0.5/pretrain/segformer/mit_b2_20220624-66e8bf70.pth 

rgb_encoder.layers.1.1.2.attn.attn.in_proj_weight - torch.Size([384, 128]): 
PretrainedInit: load from https://download.openmmlab.com/mmsegmentation/v0.5/pretrain/segformer/mit_b2_20220624-66e8bf70.pth 

rgb_encoder.layers.1.1.2.attn.attn.in_proj_bias - torch.Size([384]): 
PretrainedInit: load from https://download.openmmlab.com/mmsegmentation/v0.5/pretrain/segformer/mit_b2_20220624-66e8bf70.pth 

rgb_encoder.layers.1.1.2.attn.attn.out_proj.weight - torch.Size([128, 128]): 
PretrainedInit: load from https://download.openmmlab.com/mmsegmentation/v0.5/pretrain/segformer/mit_b2_20220624-66e8bf70.pth 

rgb_encoder.layers.1.1.2.attn.attn.out_proj.bias - torch.Size([128]): 
PretrainedInit: load from https://download.openmmlab.com/mmsegmentation/v0.5/pretrain/segformer/mit_b2_20220624-66e8bf70.pth 

rgb_encoder.layers.1.1.2.attn.sr.weight - torch.Size([128, 128, 4, 4]): 
PretrainedInit: load from https://download.openmmlab.com/mmsegmentation/v0.5/pretrain/segformer/mit_b2_20220624-66e8bf70.pth 

rgb_encoder.layers.1.1.2.attn.sr.bias - torch.Size([128]): 
PretrainedInit: load from https://download.openmmlab.com/mmsegmentation/v0.5/pretrain/segformer/mit_b2_20220624-66e8bf70.pth 

rgb_encoder.layers.1.1.2.attn.norm.weight - torch.Size([128]): 
PretrainedInit: load from https://download.openmmlab.com/mmsegmentation/v0.5/pretrain/segformer/mit_b2_20220624-66e8bf70.pth 

rgb_encoder.layers.1.1.2.attn.norm.bias - torch.Size([128]): 
PretrainedInit: load from https://download.openmmlab.com/mmsegmentation/v0.5/pretrain/segformer/mit_b2_20220624-66e8bf70.pth 

rgb_encoder.layers.1.1.2.norm2.weight - torch.Size([128]): 
PretrainedInit: load from https://download.openmmlab.com/mmsegmentation/v0.5/pretrain/segformer/mit_b2_20220624-66e8bf70.pth 

rgb_encoder.layers.1.1.2.norm2.bias - torch.Size([128]): 
PretrainedInit: load from https://download.openmmlab.com/mmsegmentation/v0.5/pretrain/segformer/mit_b2_20220624-66e8bf70.pth 

rgb_encoder.layers.1.1.2.ffn.layers.0.weight - torch.Size([512, 128, 1, 1]): 
PretrainedInit: load from https://download.openmmlab.com/mmsegmentation/v0.5/pretrain/segformer/mit_b2_20220624-66e8bf70.pth 

rgb_encoder.layers.1.1.2.ffn.layers.0.bias - torch.Size([512]): 
PretrainedInit: load from https://download.openmmlab.com/mmsegmentation/v0.5/pretrain/segformer/mit_b2_20220624-66e8bf70.pth 

rgb_encoder.layers.1.1.2.ffn.layers.1.weight - torch.Size([512, 1, 3, 3]): 
PretrainedInit: load from https://download.openmmlab.com/mmsegmentation/v0.5/pretrain/segformer/mit_b2_20220624-66e8bf70.pth 

rgb_encoder.layers.1.1.2.ffn.layers.1.bias - torch.Size([512]): 
PretrainedInit: load from https://download.openmmlab.com/mmsegmentation/v0.5/pretrain/segformer/mit_b2_20220624-66e8bf70.pth 

rgb_encoder.layers.1.1.2.ffn.layers.4.weight - torch.Size([128, 512, 1, 1]): 
PretrainedInit: load from https://download.openmmlab.com/mmsegmentation/v0.5/pretrain/segformer/mit_b2_20220624-66e8bf70.pth 

rgb_encoder.layers.1.1.2.ffn.layers.4.bias - torch.Size([128]): 
PretrainedInit: load from https://download.openmmlab.com/mmsegmentation/v0.5/pretrain/segformer/mit_b2_20220624-66e8bf70.pth 

rgb_encoder.layers.1.1.3.norm1.weight - torch.Size([128]): 
PretrainedInit: load from https://download.openmmlab.com/mmsegmentation/v0.5/pretrain/segformer/mit_b2_20220624-66e8bf70.pth 

rgb_encoder.layers.1.1.3.norm1.bias - torch.Size([128]): 
PretrainedInit: load from https://download.openmmlab.com/mmsegmentation/v0.5/pretrain/segformer/mit_b2_20220624-66e8bf70.pth 

rgb_encoder.layers.1.1.3.attn.attn.in_proj_weight - torch.Size([384, 128]): 
PretrainedInit: load from https://download.openmmlab.com/mmsegmentation/v0.5/pretrain/segformer/mit_b2_20220624-66e8bf70.pth 

rgb_encoder.layers.1.1.3.attn.attn.in_proj_bias - torch.Size([384]): 
PretrainedInit: load from https://download.openmmlab.com/mmsegmentation/v0.5/pretrain/segformer/mit_b2_20220624-66e8bf70.pth 

rgb_encoder.layers.1.1.3.attn.attn.out_proj.weight - torch.Size([128, 128]): 
PretrainedInit: load from https://download.openmmlab.com/mmsegmentation/v0.5/pretrain/segformer/mit_b2_20220624-66e8bf70.pth 

rgb_encoder.layers.1.1.3.attn.attn.out_proj.bias - torch.Size([128]): 
PretrainedInit: load from https://download.openmmlab.com/mmsegmentation/v0.5/pretrain/segformer/mit_b2_20220624-66e8bf70.pth 

rgb_encoder.layers.1.1.3.attn.sr.weight - torch.Size([128, 128, 4, 4]): 
PretrainedInit: load from https://download.openmmlab.com/mmsegmentation/v0.5/pretrain/segformer/mit_b2_20220624-66e8bf70.pth 

rgb_encoder.layers.1.1.3.attn.sr.bias - torch.Size([128]): 
PretrainedInit: load from https://download.openmmlab.com/mmsegmentation/v0.5/pretrain/segformer/mit_b2_20220624-66e8bf70.pth 

rgb_encoder.layers.1.1.3.attn.norm.weight - torch.Size([128]): 
PretrainedInit: load from https://download.openmmlab.com/mmsegmentation/v0.5/pretrain/segformer/mit_b2_20220624-66e8bf70.pth 

rgb_encoder.layers.1.1.3.attn.norm.bias - torch.Size([128]): 
PretrainedInit: load from https://download.openmmlab.com/mmsegmentation/v0.5/pretrain/segformer/mit_b2_20220624-66e8bf70.pth 

rgb_encoder.layers.1.1.3.norm2.weight - torch.Size([128]): 
PretrainedInit: load from https://download.openmmlab.com/mmsegmentation/v0.5/pretrain/segformer/mit_b2_20220624-66e8bf70.pth 

rgb_encoder.layers.1.1.3.norm2.bias - torch.Size([128]): 
PretrainedInit: load from https://download.openmmlab.com/mmsegmentation/v0.5/pretrain/segformer/mit_b2_20220624-66e8bf70.pth 

rgb_encoder.layers.1.1.3.ffn.layers.0.weight - torch.Size([512, 128, 1, 1]): 
PretrainedInit: load from https://download.openmmlab.com/mmsegmentation/v0.5/pretrain/segformer/mit_b2_20220624-66e8bf70.pth 

rgb_encoder.layers.1.1.3.ffn.layers.0.bias - torch.Size([512]): 
PretrainedInit: load from https://download.openmmlab.com/mmsegmentation/v0.5/pretrain/segformer/mit_b2_20220624-66e8bf70.pth 

rgb_encoder.layers.1.1.3.ffn.layers.1.weight - torch.Size([512, 1, 3, 3]): 
PretrainedInit: load from https://download.openmmlab.com/mmsegmentation/v0.5/pretrain/segformer/mit_b2_20220624-66e8bf70.pth 

rgb_encoder.layers.1.1.3.ffn.layers.1.bias - torch.Size([512]): 
PretrainedInit: load from https://download.openmmlab.com/mmsegmentation/v0.5/pretrain/segformer/mit_b2_20220624-66e8bf70.pth 

rgb_encoder.layers.1.1.3.ffn.layers.4.weight - torch.Size([128, 512, 1, 1]): 
PretrainedInit: load from https://download.openmmlab.com/mmsegmentation/v0.5/pretrain/segformer/mit_b2_20220624-66e8bf70.pth 

rgb_encoder.layers.1.1.3.ffn.layers.4.bias - torch.Size([128]): 
PretrainedInit: load from https://download.openmmlab.com/mmsegmentation/v0.5/pretrain/segformer/mit_b2_20220624-66e8bf70.pth 

rgb_encoder.layers.1.2.weight - torch.Size([128]): 
PretrainedInit: load from https://download.openmmlab.com/mmsegmentation/v0.5/pretrain/segformer/mit_b2_20220624-66e8bf70.pth 

rgb_encoder.layers.1.2.bias - torch.Size([128]): 
PretrainedInit: load from https://download.openmmlab.com/mmsegmentation/v0.5/pretrain/segformer/mit_b2_20220624-66e8bf70.pth 

rgb_encoder.layers.2.0.projection.weight - torch.Size([320, 128, 3, 3]): 
PretrainedInit: load from https://download.openmmlab.com/mmsegmentation/v0.5/pretrain/segformer/mit_b2_20220624-66e8bf70.pth 

rgb_encoder.layers.2.0.projection.bias - torch.Size([320]): 
PretrainedInit: load from https://download.openmmlab.com/mmsegmentation/v0.5/pretrain/segformer/mit_b2_20220624-66e8bf70.pth 

rgb_encoder.layers.2.0.norm.weight - torch.Size([320]): 
PretrainedInit: load from https://download.openmmlab.com/mmsegmentation/v0.5/pretrain/segformer/mit_b2_20220624-66e8bf70.pth 

rgb_encoder.layers.2.0.norm.bias - torch.Size([320]): 
PretrainedInit: load from https://download.openmmlab.com/mmsegmentation/v0.5/pretrain/segformer/mit_b2_20220624-66e8bf70.pth 

rgb_encoder.layers.2.1.0.norm1.weight - torch.Size([320]): 
PretrainedInit: load from https://download.openmmlab.com/mmsegmentation/v0.5/pretrain/segformer/mit_b2_20220624-66e8bf70.pth 

rgb_encoder.layers.2.1.0.norm1.bias - torch.Size([320]): 
PretrainedInit: load from https://download.openmmlab.com/mmsegmentation/v0.5/pretrain/segformer/mit_b2_20220624-66e8bf70.pth 

rgb_encoder.layers.2.1.0.attn.attn.in_proj_weight - torch.Size([960, 320]): 
PretrainedInit: load from https://download.openmmlab.com/mmsegmentation/v0.5/pretrain/segformer/mit_b2_20220624-66e8bf70.pth 

rgb_encoder.layers.2.1.0.attn.attn.in_proj_bias - torch.Size([960]): 
PretrainedInit: load from https://download.openmmlab.com/mmsegmentation/v0.5/pretrain/segformer/mit_b2_20220624-66e8bf70.pth 

rgb_encoder.layers.2.1.0.attn.attn.out_proj.weight - torch.Size([320, 320]): 
PretrainedInit: load from https://download.openmmlab.com/mmsegmentation/v0.5/pretrain/segformer/mit_b2_20220624-66e8bf70.pth 

rgb_encoder.layers.2.1.0.attn.attn.out_proj.bias - torch.Size([320]): 
PretrainedInit: load from https://download.openmmlab.com/mmsegmentation/v0.5/pretrain/segformer/mit_b2_20220624-66e8bf70.pth 

rgb_encoder.layers.2.1.0.attn.sr.weight - torch.Size([320, 320, 2, 2]): 
PretrainedInit: load from https://download.openmmlab.com/mmsegmentation/v0.5/pretrain/segformer/mit_b2_20220624-66e8bf70.pth 

rgb_encoder.layers.2.1.0.attn.sr.bias - torch.Size([320]): 
PretrainedInit: load from https://download.openmmlab.com/mmsegmentation/v0.5/pretrain/segformer/mit_b2_20220624-66e8bf70.pth 

rgb_encoder.layers.2.1.0.attn.norm.weight - torch.Size([320]): 
PretrainedInit: load from https://download.openmmlab.com/mmsegmentation/v0.5/pretrain/segformer/mit_b2_20220624-66e8bf70.pth 

rgb_encoder.layers.2.1.0.attn.norm.bias - torch.Size([320]): 
PretrainedInit: load from https://download.openmmlab.com/mmsegmentation/v0.5/pretrain/segformer/mit_b2_20220624-66e8bf70.pth 

rgb_encoder.layers.2.1.0.norm2.weight - torch.Size([320]): 
PretrainedInit: load from https://download.openmmlab.com/mmsegmentation/v0.5/pretrain/segformer/mit_b2_20220624-66e8bf70.pth 

rgb_encoder.layers.2.1.0.norm2.bias - torch.Size([320]): 
PretrainedInit: load from https://download.openmmlab.com/mmsegmentation/v0.5/pretrain/segformer/mit_b2_20220624-66e8bf70.pth 

rgb_encoder.layers.2.1.0.ffn.layers.0.weight - torch.Size([1280, 320, 1, 1]): 
PretrainedInit: load from https://download.openmmlab.com/mmsegmentation/v0.5/pretrain/segformer/mit_b2_20220624-66e8bf70.pth 

rgb_encoder.layers.2.1.0.ffn.layers.0.bias - torch.Size([1280]): 
PretrainedInit: load from https://download.openmmlab.com/mmsegmentation/v0.5/pretrain/segformer/mit_b2_20220624-66e8bf70.pth 

rgb_encoder.layers.2.1.0.ffn.layers.1.weight - torch.Size([1280, 1, 3, 3]): 
PretrainedInit: load from https://download.openmmlab.com/mmsegmentation/v0.5/pretrain/segformer/mit_b2_20220624-66e8bf70.pth 

rgb_encoder.layers.2.1.0.ffn.layers.1.bias - torch.Size([1280]): 
PretrainedInit: load from https://download.openmmlab.com/mmsegmentation/v0.5/pretrain/segformer/mit_b2_20220624-66e8bf70.pth 

rgb_encoder.layers.2.1.0.ffn.layers.4.weight - torch.Size([320, 1280, 1, 1]): 
PretrainedInit: load from https://download.openmmlab.com/mmsegmentation/v0.5/pretrain/segformer/mit_b2_20220624-66e8bf70.pth 

rgb_encoder.layers.2.1.0.ffn.layers.4.bias - torch.Size([320]): 
PretrainedInit: load from https://download.openmmlab.com/mmsegmentation/v0.5/pretrain/segformer/mit_b2_20220624-66e8bf70.pth 

rgb_encoder.layers.2.1.1.norm1.weight - torch.Size([320]): 
PretrainedInit: load from https://download.openmmlab.com/mmsegmentation/v0.5/pretrain/segformer/mit_b2_20220624-66e8bf70.pth 

rgb_encoder.layers.2.1.1.norm1.bias - torch.Size([320]): 
PretrainedInit: load from https://download.openmmlab.com/mmsegmentation/v0.5/pretrain/segformer/mit_b2_20220624-66e8bf70.pth 

rgb_encoder.layers.2.1.1.attn.attn.in_proj_weight - torch.Size([960, 320]): 
PretrainedInit: load from https://download.openmmlab.com/mmsegmentation/v0.5/pretrain/segformer/mit_b2_20220624-66e8bf70.pth 

rgb_encoder.layers.2.1.1.attn.attn.in_proj_bias - torch.Size([960]): 
PretrainedInit: load from https://download.openmmlab.com/mmsegmentation/v0.5/pretrain/segformer/mit_b2_20220624-66e8bf70.pth 

rgb_encoder.layers.2.1.1.attn.attn.out_proj.weight - torch.Size([320, 320]): 
PretrainedInit: load from https://download.openmmlab.com/mmsegmentation/v0.5/pretrain/segformer/mit_b2_20220624-66e8bf70.pth 

rgb_encoder.layers.2.1.1.attn.attn.out_proj.bias - torch.Size([320]): 
PretrainedInit: load from https://download.openmmlab.com/mmsegmentation/v0.5/pretrain/segformer/mit_b2_20220624-66e8bf70.pth 

rgb_encoder.layers.2.1.1.attn.sr.weight - torch.Size([320, 320, 2, 2]): 
PretrainedInit: load from https://download.openmmlab.com/mmsegmentation/v0.5/pretrain/segformer/mit_b2_20220624-66e8bf70.pth 

rgb_encoder.layers.2.1.1.attn.sr.bias - torch.Size([320]): 
PretrainedInit: load from https://download.openmmlab.com/mmsegmentation/v0.5/pretrain/segformer/mit_b2_20220624-66e8bf70.pth 

rgb_encoder.layers.2.1.1.attn.norm.weight - torch.Size([320]): 
PretrainedInit: load from https://download.openmmlab.com/mmsegmentation/v0.5/pretrain/segformer/mit_b2_20220624-66e8bf70.pth 

rgb_encoder.layers.2.1.1.attn.norm.bias - torch.Size([320]): 
PretrainedInit: load from https://download.openmmlab.com/mmsegmentation/v0.5/pretrain/segformer/mit_b2_20220624-66e8bf70.pth 

rgb_encoder.layers.2.1.1.norm2.weight - torch.Size([320]): 
PretrainedInit: load from https://download.openmmlab.com/mmsegmentation/v0.5/pretrain/segformer/mit_b2_20220624-66e8bf70.pth 

rgb_encoder.layers.2.1.1.norm2.bias - torch.Size([320]): 
PretrainedInit: load from https://download.openmmlab.com/mmsegmentation/v0.5/pretrain/segformer/mit_b2_20220624-66e8bf70.pth 

rgb_encoder.layers.2.1.1.ffn.layers.0.weight - torch.Size([1280, 320, 1, 1]): 
PretrainedInit: load from https://download.openmmlab.com/mmsegmentation/v0.5/pretrain/segformer/mit_b2_20220624-66e8bf70.pth 

rgb_encoder.layers.2.1.1.ffn.layers.0.bias - torch.Size([1280]): 
PretrainedInit: load from https://download.openmmlab.com/mmsegmentation/v0.5/pretrain/segformer/mit_b2_20220624-66e8bf70.pth 

rgb_encoder.layers.2.1.1.ffn.layers.1.weight - torch.Size([1280, 1, 3, 3]): 
PretrainedInit: load from https://download.openmmlab.com/mmsegmentation/v0.5/pretrain/segformer/mit_b2_20220624-66e8bf70.pth 

rgb_encoder.layers.2.1.1.ffn.layers.1.bias - torch.Size([1280]): 
PretrainedInit: load from https://download.openmmlab.com/mmsegmentation/v0.5/pretrain/segformer/mit_b2_20220624-66e8bf70.pth 

rgb_encoder.layers.2.1.1.ffn.layers.4.weight - torch.Size([320, 1280, 1, 1]): 
PretrainedInit: load from https://download.openmmlab.com/mmsegmentation/v0.5/pretrain/segformer/mit_b2_20220624-66e8bf70.pth 

rgb_encoder.layers.2.1.1.ffn.layers.4.bias - torch.Size([320]): 
PretrainedInit: load from https://download.openmmlab.com/mmsegmentation/v0.5/pretrain/segformer/mit_b2_20220624-66e8bf70.pth 

rgb_encoder.layers.2.1.2.norm1.weight - torch.Size([320]): 
PretrainedInit: load from https://download.openmmlab.com/mmsegmentation/v0.5/pretrain/segformer/mit_b2_20220624-66e8bf70.pth 

rgb_encoder.layers.2.1.2.norm1.bias - torch.Size([320]): 
PretrainedInit: load from https://download.openmmlab.com/mmsegmentation/v0.5/pretrain/segformer/mit_b2_20220624-66e8bf70.pth 

rgb_encoder.layers.2.1.2.attn.attn.in_proj_weight - torch.Size([960, 320]): 
PretrainedInit: load from https://download.openmmlab.com/mmsegmentation/v0.5/pretrain/segformer/mit_b2_20220624-66e8bf70.pth 

rgb_encoder.layers.2.1.2.attn.attn.in_proj_bias - torch.Size([960]): 
PretrainedInit: load from https://download.openmmlab.com/mmsegmentation/v0.5/pretrain/segformer/mit_b2_20220624-66e8bf70.pth 

rgb_encoder.layers.2.1.2.attn.attn.out_proj.weight - torch.Size([320, 320]): 
PretrainedInit: load from https://download.openmmlab.com/mmsegmentation/v0.5/pretrain/segformer/mit_b2_20220624-66e8bf70.pth 

rgb_encoder.layers.2.1.2.attn.attn.out_proj.bias - torch.Size([320]): 
PretrainedInit: load from https://download.openmmlab.com/mmsegmentation/v0.5/pretrain/segformer/mit_b2_20220624-66e8bf70.pth 

rgb_encoder.layers.2.1.2.attn.sr.weight - torch.Size([320, 320, 2, 2]): 
PretrainedInit: load from https://download.openmmlab.com/mmsegmentation/v0.5/pretrain/segformer/mit_b2_20220624-66e8bf70.pth 

rgb_encoder.layers.2.1.2.attn.sr.bias - torch.Size([320]): 
PretrainedInit: load from https://download.openmmlab.com/mmsegmentation/v0.5/pretrain/segformer/mit_b2_20220624-66e8bf70.pth 

rgb_encoder.layers.2.1.2.attn.norm.weight - torch.Size([320]): 
PretrainedInit: load from https://download.openmmlab.com/mmsegmentation/v0.5/pretrain/segformer/mit_b2_20220624-66e8bf70.pth 

rgb_encoder.layers.2.1.2.attn.norm.bias - torch.Size([320]): 
PretrainedInit: load from https://download.openmmlab.com/mmsegmentation/v0.5/pretrain/segformer/mit_b2_20220624-66e8bf70.pth 

rgb_encoder.layers.2.1.2.norm2.weight - torch.Size([320]): 
PretrainedInit: load from https://download.openmmlab.com/mmsegmentation/v0.5/pretrain/segformer/mit_b2_20220624-66e8bf70.pth 

rgb_encoder.layers.2.1.2.norm2.bias - torch.Size([320]): 
PretrainedInit: load from https://download.openmmlab.com/mmsegmentation/v0.5/pretrain/segformer/mit_b2_20220624-66e8bf70.pth 

rgb_encoder.layers.2.1.2.ffn.layers.0.weight - torch.Size([1280, 320, 1, 1]): 
PretrainedInit: load from https://download.openmmlab.com/mmsegmentation/v0.5/pretrain/segformer/mit_b2_20220624-66e8bf70.pth 

rgb_encoder.layers.2.1.2.ffn.layers.0.bias - torch.Size([1280]): 
PretrainedInit: load from https://download.openmmlab.com/mmsegmentation/v0.5/pretrain/segformer/mit_b2_20220624-66e8bf70.pth 

rgb_encoder.layers.2.1.2.ffn.layers.1.weight - torch.Size([1280, 1, 3, 3]): 
PretrainedInit: load from https://download.openmmlab.com/mmsegmentation/v0.5/pretrain/segformer/mit_b2_20220624-66e8bf70.pth 

rgb_encoder.layers.2.1.2.ffn.layers.1.bias - torch.Size([1280]): 
PretrainedInit: load from https://download.openmmlab.com/mmsegmentation/v0.5/pretrain/segformer/mit_b2_20220624-66e8bf70.pth 

rgb_encoder.layers.2.1.2.ffn.layers.4.weight - torch.Size([320, 1280, 1, 1]): 
PretrainedInit: load from https://download.openmmlab.com/mmsegmentation/v0.5/pretrain/segformer/mit_b2_20220624-66e8bf70.pth 

rgb_encoder.layers.2.1.2.ffn.layers.4.bias - torch.Size([320]): 
PretrainedInit: load from https://download.openmmlab.com/mmsegmentation/v0.5/pretrain/segformer/mit_b2_20220624-66e8bf70.pth 

rgb_encoder.layers.2.1.3.norm1.weight - torch.Size([320]): 
PretrainedInit: load from https://download.openmmlab.com/mmsegmentation/v0.5/pretrain/segformer/mit_b2_20220624-66e8bf70.pth 

rgb_encoder.layers.2.1.3.norm1.bias - torch.Size([320]): 
PretrainedInit: load from https://download.openmmlab.com/mmsegmentation/v0.5/pretrain/segformer/mit_b2_20220624-66e8bf70.pth 

rgb_encoder.layers.2.1.3.attn.attn.in_proj_weight - torch.Size([960, 320]): 
PretrainedInit: load from https://download.openmmlab.com/mmsegmentation/v0.5/pretrain/segformer/mit_b2_20220624-66e8bf70.pth 

rgb_encoder.layers.2.1.3.attn.attn.in_proj_bias - torch.Size([960]): 
PretrainedInit: load from https://download.openmmlab.com/mmsegmentation/v0.5/pretrain/segformer/mit_b2_20220624-66e8bf70.pth 

rgb_encoder.layers.2.1.3.attn.attn.out_proj.weight - torch.Size([320, 320]): 
PretrainedInit: load from https://download.openmmlab.com/mmsegmentation/v0.5/pretrain/segformer/mit_b2_20220624-66e8bf70.pth 

rgb_encoder.layers.2.1.3.attn.attn.out_proj.bias - torch.Size([320]): 
PretrainedInit: load from https://download.openmmlab.com/mmsegmentation/v0.5/pretrain/segformer/mit_b2_20220624-66e8bf70.pth 

rgb_encoder.layers.2.1.3.attn.sr.weight - torch.Size([320, 320, 2, 2]): 
PretrainedInit: load from https://download.openmmlab.com/mmsegmentation/v0.5/pretrain/segformer/mit_b2_20220624-66e8bf70.pth 

rgb_encoder.layers.2.1.3.attn.sr.bias - torch.Size([320]): 
PretrainedInit: load from https://download.openmmlab.com/mmsegmentation/v0.5/pretrain/segformer/mit_b2_20220624-66e8bf70.pth 

rgb_encoder.layers.2.1.3.attn.norm.weight - torch.Size([320]): 
PretrainedInit: load from https://download.openmmlab.com/mmsegmentation/v0.5/pretrain/segformer/mit_b2_20220624-66e8bf70.pth 

rgb_encoder.layers.2.1.3.attn.norm.bias - torch.Size([320]): 
PretrainedInit: load from https://download.openmmlab.com/mmsegmentation/v0.5/pretrain/segformer/mit_b2_20220624-66e8bf70.pth 

rgb_encoder.layers.2.1.3.norm2.weight - torch.Size([320]): 
PretrainedInit: load from https://download.openmmlab.com/mmsegmentation/v0.5/pretrain/segformer/mit_b2_20220624-66e8bf70.pth 

rgb_encoder.layers.2.1.3.norm2.bias - torch.Size([320]): 
PretrainedInit: load from https://download.openmmlab.com/mmsegmentation/v0.5/pretrain/segformer/mit_b2_20220624-66e8bf70.pth 

rgb_encoder.layers.2.1.3.ffn.layers.0.weight - torch.Size([1280, 320, 1, 1]): 
PretrainedInit: load from https://download.openmmlab.com/mmsegmentation/v0.5/pretrain/segformer/mit_b2_20220624-66e8bf70.pth 

rgb_encoder.layers.2.1.3.ffn.layers.0.bias - torch.Size([1280]): 
PretrainedInit: load from https://download.openmmlab.com/mmsegmentation/v0.5/pretrain/segformer/mit_b2_20220624-66e8bf70.pth 

rgb_encoder.layers.2.1.3.ffn.layers.1.weight - torch.Size([1280, 1, 3, 3]): 
PretrainedInit: load from https://download.openmmlab.com/mmsegmentation/v0.5/pretrain/segformer/mit_b2_20220624-66e8bf70.pth 

rgb_encoder.layers.2.1.3.ffn.layers.1.bias - torch.Size([1280]): 
PretrainedInit: load from https://download.openmmlab.com/mmsegmentation/v0.5/pretrain/segformer/mit_b2_20220624-66e8bf70.pth 

rgb_encoder.layers.2.1.3.ffn.layers.4.weight - torch.Size([320, 1280, 1, 1]): 
PretrainedInit: load from https://download.openmmlab.com/mmsegmentation/v0.5/pretrain/segformer/mit_b2_20220624-66e8bf70.pth 

rgb_encoder.layers.2.1.3.ffn.layers.4.bias - torch.Size([320]): 
PretrainedInit: load from https://download.openmmlab.com/mmsegmentation/v0.5/pretrain/segformer/mit_b2_20220624-66e8bf70.pth 

rgb_encoder.layers.2.1.4.norm1.weight - torch.Size([320]): 
PretrainedInit: load from https://download.openmmlab.com/mmsegmentation/v0.5/pretrain/segformer/mit_b2_20220624-66e8bf70.pth 

rgb_encoder.layers.2.1.4.norm1.bias - torch.Size([320]): 
PretrainedInit: load from https://download.openmmlab.com/mmsegmentation/v0.5/pretrain/segformer/mit_b2_20220624-66e8bf70.pth 

rgb_encoder.layers.2.1.4.attn.attn.in_proj_weight - torch.Size([960, 320]): 
PretrainedInit: load from https://download.openmmlab.com/mmsegmentation/v0.5/pretrain/segformer/mit_b2_20220624-66e8bf70.pth 

rgb_encoder.layers.2.1.4.attn.attn.in_proj_bias - torch.Size([960]): 
PretrainedInit: load from https://download.openmmlab.com/mmsegmentation/v0.5/pretrain/segformer/mit_b2_20220624-66e8bf70.pth 

rgb_encoder.layers.2.1.4.attn.attn.out_proj.weight - torch.Size([320, 320]): 
PretrainedInit: load from https://download.openmmlab.com/mmsegmentation/v0.5/pretrain/segformer/mit_b2_20220624-66e8bf70.pth 

rgb_encoder.layers.2.1.4.attn.attn.out_proj.bias - torch.Size([320]): 
PretrainedInit: load from https://download.openmmlab.com/mmsegmentation/v0.5/pretrain/segformer/mit_b2_20220624-66e8bf70.pth 

rgb_encoder.layers.2.1.4.attn.sr.weight - torch.Size([320, 320, 2, 2]): 
PretrainedInit: load from https://download.openmmlab.com/mmsegmentation/v0.5/pretrain/segformer/mit_b2_20220624-66e8bf70.pth 

rgb_encoder.layers.2.1.4.attn.sr.bias - torch.Size([320]): 
PretrainedInit: load from https://download.openmmlab.com/mmsegmentation/v0.5/pretrain/segformer/mit_b2_20220624-66e8bf70.pth 

rgb_encoder.layers.2.1.4.attn.norm.weight - torch.Size([320]): 
PretrainedInit: load from https://download.openmmlab.com/mmsegmentation/v0.5/pretrain/segformer/mit_b2_20220624-66e8bf70.pth 

rgb_encoder.layers.2.1.4.attn.norm.bias - torch.Size([320]): 
PretrainedInit: load from https://download.openmmlab.com/mmsegmentation/v0.5/pretrain/segformer/mit_b2_20220624-66e8bf70.pth 

rgb_encoder.layers.2.1.4.norm2.weight - torch.Size([320]): 
PretrainedInit: load from https://download.openmmlab.com/mmsegmentation/v0.5/pretrain/segformer/mit_b2_20220624-66e8bf70.pth 

rgb_encoder.layers.2.1.4.norm2.bias - torch.Size([320]): 
PretrainedInit: load from https://download.openmmlab.com/mmsegmentation/v0.5/pretrain/segformer/mit_b2_20220624-66e8bf70.pth 

rgb_encoder.layers.2.1.4.ffn.layers.0.weight - torch.Size([1280, 320, 1, 1]): 
PretrainedInit: load from https://download.openmmlab.com/mmsegmentation/v0.5/pretrain/segformer/mit_b2_20220624-66e8bf70.pth 

rgb_encoder.layers.2.1.4.ffn.layers.0.bias - torch.Size([1280]): 
PretrainedInit: load from https://download.openmmlab.com/mmsegmentation/v0.5/pretrain/segformer/mit_b2_20220624-66e8bf70.pth 

rgb_encoder.layers.2.1.4.ffn.layers.1.weight - torch.Size([1280, 1, 3, 3]): 
PretrainedInit: load from https://download.openmmlab.com/mmsegmentation/v0.5/pretrain/segformer/mit_b2_20220624-66e8bf70.pth 

rgb_encoder.layers.2.1.4.ffn.layers.1.bias - torch.Size([1280]): 
PretrainedInit: load from https://download.openmmlab.com/mmsegmentation/v0.5/pretrain/segformer/mit_b2_20220624-66e8bf70.pth 

rgb_encoder.layers.2.1.4.ffn.layers.4.weight - torch.Size([320, 1280, 1, 1]): 
PretrainedInit: load from https://download.openmmlab.com/mmsegmentation/v0.5/pretrain/segformer/mit_b2_20220624-66e8bf70.pth 

rgb_encoder.layers.2.1.4.ffn.layers.4.bias - torch.Size([320]): 
PretrainedInit: load from https://download.openmmlab.com/mmsegmentation/v0.5/pretrain/segformer/mit_b2_20220624-66e8bf70.pth 

rgb_encoder.layers.2.1.5.norm1.weight - torch.Size([320]): 
PretrainedInit: load from https://download.openmmlab.com/mmsegmentation/v0.5/pretrain/segformer/mit_b2_20220624-66e8bf70.pth 

rgb_encoder.layers.2.1.5.norm1.bias - torch.Size([320]): 
PretrainedInit: load from https://download.openmmlab.com/mmsegmentation/v0.5/pretrain/segformer/mit_b2_20220624-66e8bf70.pth 

rgb_encoder.layers.2.1.5.attn.attn.in_proj_weight - torch.Size([960, 320]): 
PretrainedInit: load from https://download.openmmlab.com/mmsegmentation/v0.5/pretrain/segformer/mit_b2_20220624-66e8bf70.pth 

rgb_encoder.layers.2.1.5.attn.attn.in_proj_bias - torch.Size([960]): 
PretrainedInit: load from https://download.openmmlab.com/mmsegmentation/v0.5/pretrain/segformer/mit_b2_20220624-66e8bf70.pth 

rgb_encoder.layers.2.1.5.attn.attn.out_proj.weight - torch.Size([320, 320]): 
PretrainedInit: load from https://download.openmmlab.com/mmsegmentation/v0.5/pretrain/segformer/mit_b2_20220624-66e8bf70.pth 

rgb_encoder.layers.2.1.5.attn.attn.out_proj.bias - torch.Size([320]): 
PretrainedInit: load from https://download.openmmlab.com/mmsegmentation/v0.5/pretrain/segformer/mit_b2_20220624-66e8bf70.pth 

rgb_encoder.layers.2.1.5.attn.sr.weight - torch.Size([320, 320, 2, 2]): 
PretrainedInit: load from https://download.openmmlab.com/mmsegmentation/v0.5/pretrain/segformer/mit_b2_20220624-66e8bf70.pth 

rgb_encoder.layers.2.1.5.attn.sr.bias - torch.Size([320]): 
PretrainedInit: load from https://download.openmmlab.com/mmsegmentation/v0.5/pretrain/segformer/mit_b2_20220624-66e8bf70.pth 

rgb_encoder.layers.2.1.5.attn.norm.weight - torch.Size([320]): 
PretrainedInit: load from https://download.openmmlab.com/mmsegmentation/v0.5/pretrain/segformer/mit_b2_20220624-66e8bf70.pth 

rgb_encoder.layers.2.1.5.attn.norm.bias - torch.Size([320]): 
PretrainedInit: load from https://download.openmmlab.com/mmsegmentation/v0.5/pretrain/segformer/mit_b2_20220624-66e8bf70.pth 

rgb_encoder.layers.2.1.5.norm2.weight - torch.Size([320]): 
PretrainedInit: load from https://download.openmmlab.com/mmsegmentation/v0.5/pretrain/segformer/mit_b2_20220624-66e8bf70.pth 

rgb_encoder.layers.2.1.5.norm2.bias - torch.Size([320]): 
PretrainedInit: load from https://download.openmmlab.com/mmsegmentation/v0.5/pretrain/segformer/mit_b2_20220624-66e8bf70.pth 

rgb_encoder.layers.2.1.5.ffn.layers.0.weight - torch.Size([1280, 320, 1, 1]): 
PretrainedInit: load from https://download.openmmlab.com/mmsegmentation/v0.5/pretrain/segformer/mit_b2_20220624-66e8bf70.pth 

rgb_encoder.layers.2.1.5.ffn.layers.0.bias - torch.Size([1280]): 
PretrainedInit: load from https://download.openmmlab.com/mmsegmentation/v0.5/pretrain/segformer/mit_b2_20220624-66e8bf70.pth 

rgb_encoder.layers.2.1.5.ffn.layers.1.weight - torch.Size([1280, 1, 3, 3]): 
PretrainedInit: load from https://download.openmmlab.com/mmsegmentation/v0.5/pretrain/segformer/mit_b2_20220624-66e8bf70.pth 

rgb_encoder.layers.2.1.5.ffn.layers.1.bias - torch.Size([1280]): 
PretrainedInit: load from https://download.openmmlab.com/mmsegmentation/v0.5/pretrain/segformer/mit_b2_20220624-66e8bf70.pth 

rgb_encoder.layers.2.1.5.ffn.layers.4.weight - torch.Size([320, 1280, 1, 1]): 
PretrainedInit: load from https://download.openmmlab.com/mmsegmentation/v0.5/pretrain/segformer/mit_b2_20220624-66e8bf70.pth 

rgb_encoder.layers.2.1.5.ffn.layers.4.bias - torch.Size([320]): 
PretrainedInit: load from https://download.openmmlab.com/mmsegmentation/v0.5/pretrain/segformer/mit_b2_20220624-66e8bf70.pth 

rgb_encoder.layers.2.2.weight - torch.Size([320]): 
PretrainedInit: load from https://download.openmmlab.com/mmsegmentation/v0.5/pretrain/segformer/mit_b2_20220624-66e8bf70.pth 

rgb_encoder.layers.2.2.bias - torch.Size([320]): 
PretrainedInit: load from https://download.openmmlab.com/mmsegmentation/v0.5/pretrain/segformer/mit_b2_20220624-66e8bf70.pth 

rgb_encoder.layers.3.0.projection.weight - torch.Size([512, 320, 3, 3]): 
PretrainedInit: load from https://download.openmmlab.com/mmsegmentation/v0.5/pretrain/segformer/mit_b2_20220624-66e8bf70.pth 

rgb_encoder.layers.3.0.projection.bias - torch.Size([512]): 
PretrainedInit: load from https://download.openmmlab.com/mmsegmentation/v0.5/pretrain/segformer/mit_b2_20220624-66e8bf70.pth 

rgb_encoder.layers.3.0.norm.weight - torch.Size([512]): 
PretrainedInit: load from https://download.openmmlab.com/mmsegmentation/v0.5/pretrain/segformer/mit_b2_20220624-66e8bf70.pth 

rgb_encoder.layers.3.0.norm.bias - torch.Size([512]): 
PretrainedInit: load from https://download.openmmlab.com/mmsegmentation/v0.5/pretrain/segformer/mit_b2_20220624-66e8bf70.pth 

rgb_encoder.layers.3.1.0.norm1.weight - torch.Size([512]): 
PretrainedInit: load from https://download.openmmlab.com/mmsegmentation/v0.5/pretrain/segformer/mit_b2_20220624-66e8bf70.pth 

rgb_encoder.layers.3.1.0.norm1.bias - torch.Size([512]): 
PretrainedInit: load from https://download.openmmlab.com/mmsegmentation/v0.5/pretrain/segformer/mit_b2_20220624-66e8bf70.pth 

rgb_encoder.layers.3.1.0.attn.attn.in_proj_weight - torch.Size([1536, 512]): 
PretrainedInit: load from https://download.openmmlab.com/mmsegmentation/v0.5/pretrain/segformer/mit_b2_20220624-66e8bf70.pth 

rgb_encoder.layers.3.1.0.attn.attn.in_proj_bias - torch.Size([1536]): 
PretrainedInit: load from https://download.openmmlab.com/mmsegmentation/v0.5/pretrain/segformer/mit_b2_20220624-66e8bf70.pth 

rgb_encoder.layers.3.1.0.attn.attn.out_proj.weight - torch.Size([512, 512]): 
PretrainedInit: load from https://download.openmmlab.com/mmsegmentation/v0.5/pretrain/segformer/mit_b2_20220624-66e8bf70.pth 

rgb_encoder.layers.3.1.0.attn.attn.out_proj.bias - torch.Size([512]): 
PretrainedInit: load from https://download.openmmlab.com/mmsegmentation/v0.5/pretrain/segformer/mit_b2_20220624-66e8bf70.pth 

rgb_encoder.layers.3.1.0.norm2.weight - torch.Size([512]): 
PretrainedInit: load from https://download.openmmlab.com/mmsegmentation/v0.5/pretrain/segformer/mit_b2_20220624-66e8bf70.pth 

rgb_encoder.layers.3.1.0.norm2.bias - torch.Size([512]): 
PretrainedInit: load from https://download.openmmlab.com/mmsegmentation/v0.5/pretrain/segformer/mit_b2_20220624-66e8bf70.pth 

rgb_encoder.layers.3.1.0.ffn.layers.0.weight - torch.Size([2048, 512, 1, 1]): 
PretrainedInit: load from https://download.openmmlab.com/mmsegmentation/v0.5/pretrain/segformer/mit_b2_20220624-66e8bf70.pth 

rgb_encoder.layers.3.1.0.ffn.layers.0.bias - torch.Size([2048]): 
PretrainedInit: load from https://download.openmmlab.com/mmsegmentation/v0.5/pretrain/segformer/mit_b2_20220624-66e8bf70.pth 

rgb_encoder.layers.3.1.0.ffn.layers.1.weight - torch.Size([2048, 1, 3, 3]): 
PretrainedInit: load from https://download.openmmlab.com/mmsegmentation/v0.5/pretrain/segformer/mit_b2_20220624-66e8bf70.pth 

rgb_encoder.layers.3.1.0.ffn.layers.1.bias - torch.Size([2048]): 
PretrainedInit: load from https://download.openmmlab.com/mmsegmentation/v0.5/pretrain/segformer/mit_b2_20220624-66e8bf70.pth 

rgb_encoder.layers.3.1.0.ffn.layers.4.weight - torch.Size([512, 2048, 1, 1]): 
PretrainedInit: load from https://download.openmmlab.com/mmsegmentation/v0.5/pretrain/segformer/mit_b2_20220624-66e8bf70.pth 

rgb_encoder.layers.3.1.0.ffn.layers.4.bias - torch.Size([512]): 
PretrainedInit: load from https://download.openmmlab.com/mmsegmentation/v0.5/pretrain/segformer/mit_b2_20220624-66e8bf70.pth 

rgb_encoder.layers.3.1.1.norm1.weight - torch.Size([512]): 
PretrainedInit: load from https://download.openmmlab.com/mmsegmentation/v0.5/pretrain/segformer/mit_b2_20220624-66e8bf70.pth 

rgb_encoder.layers.3.1.1.norm1.bias - torch.Size([512]): 
PretrainedInit: load from https://download.openmmlab.com/mmsegmentation/v0.5/pretrain/segformer/mit_b2_20220624-66e8bf70.pth 

rgb_encoder.layers.3.1.1.attn.attn.in_proj_weight - torch.Size([1536, 512]): 
PretrainedInit: load from https://download.openmmlab.com/mmsegmentation/v0.5/pretrain/segformer/mit_b2_20220624-66e8bf70.pth 

rgb_encoder.layers.3.1.1.attn.attn.in_proj_bias - torch.Size([1536]): 
PretrainedInit: load from https://download.openmmlab.com/mmsegmentation/v0.5/pretrain/segformer/mit_b2_20220624-66e8bf70.pth 

rgb_encoder.layers.3.1.1.attn.attn.out_proj.weight - torch.Size([512, 512]): 
PretrainedInit: load from https://download.openmmlab.com/mmsegmentation/v0.5/pretrain/segformer/mit_b2_20220624-66e8bf70.pth 

rgb_encoder.layers.3.1.1.attn.attn.out_proj.bias - torch.Size([512]): 
PretrainedInit: load from https://download.openmmlab.com/mmsegmentation/v0.5/pretrain/segformer/mit_b2_20220624-66e8bf70.pth 

rgb_encoder.layers.3.1.1.norm2.weight - torch.Size([512]): 
PretrainedInit: load from https://download.openmmlab.com/mmsegmentation/v0.5/pretrain/segformer/mit_b2_20220624-66e8bf70.pth 

rgb_encoder.layers.3.1.1.norm2.bias - torch.Size([512]): 
PretrainedInit: load from https://download.openmmlab.com/mmsegmentation/v0.5/pretrain/segformer/mit_b2_20220624-66e8bf70.pth 

rgb_encoder.layers.3.1.1.ffn.layers.0.weight - torch.Size([2048, 512, 1, 1]): 
PretrainedInit: load from https://download.openmmlab.com/mmsegmentation/v0.5/pretrain/segformer/mit_b2_20220624-66e8bf70.pth 

rgb_encoder.layers.3.1.1.ffn.layers.0.bias - torch.Size([2048]): 
PretrainedInit: load from https://download.openmmlab.com/mmsegmentation/v0.5/pretrain/segformer/mit_b2_20220624-66e8bf70.pth 

rgb_encoder.layers.3.1.1.ffn.layers.1.weight - torch.Size([2048, 1, 3, 3]): 
PretrainedInit: load from https://download.openmmlab.com/mmsegmentation/v0.5/pretrain/segformer/mit_b2_20220624-66e8bf70.pth 

rgb_encoder.layers.3.1.1.ffn.layers.1.bias - torch.Size([2048]): 
PretrainedInit: load from https://download.openmmlab.com/mmsegmentation/v0.5/pretrain/segformer/mit_b2_20220624-66e8bf70.pth 

rgb_encoder.layers.3.1.1.ffn.layers.4.weight - torch.Size([512, 2048, 1, 1]): 
PretrainedInit: load from https://download.openmmlab.com/mmsegmentation/v0.5/pretrain/segformer/mit_b2_20220624-66e8bf70.pth 

rgb_encoder.layers.3.1.1.ffn.layers.4.bias - torch.Size([512]): 
PretrainedInit: load from https://download.openmmlab.com/mmsegmentation/v0.5/pretrain/segformer/mit_b2_20220624-66e8bf70.pth 

rgb_encoder.layers.3.1.2.norm1.weight - torch.Size([512]): 
PretrainedInit: load from https://download.openmmlab.com/mmsegmentation/v0.5/pretrain/segformer/mit_b2_20220624-66e8bf70.pth 

rgb_encoder.layers.3.1.2.norm1.bias - torch.Size([512]): 
PretrainedInit: load from https://download.openmmlab.com/mmsegmentation/v0.5/pretrain/segformer/mit_b2_20220624-66e8bf70.pth 

rgb_encoder.layers.3.1.2.attn.attn.in_proj_weight - torch.Size([1536, 512]): 
PretrainedInit: load from https://download.openmmlab.com/mmsegmentation/v0.5/pretrain/segformer/mit_b2_20220624-66e8bf70.pth 

rgb_encoder.layers.3.1.2.attn.attn.in_proj_bias - torch.Size([1536]): 
PretrainedInit: load from https://download.openmmlab.com/mmsegmentation/v0.5/pretrain/segformer/mit_b2_20220624-66e8bf70.pth 

rgb_encoder.layers.3.1.2.attn.attn.out_proj.weight - torch.Size([512, 512]): 
PretrainedInit: load from https://download.openmmlab.com/mmsegmentation/v0.5/pretrain/segformer/mit_b2_20220624-66e8bf70.pth 

rgb_encoder.layers.3.1.2.attn.attn.out_proj.bias - torch.Size([512]): 
PretrainedInit: load from https://download.openmmlab.com/mmsegmentation/v0.5/pretrain/segformer/mit_b2_20220624-66e8bf70.pth 

rgb_encoder.layers.3.1.2.norm2.weight - torch.Size([512]): 
PretrainedInit: load from https://download.openmmlab.com/mmsegmentation/v0.5/pretrain/segformer/mit_b2_20220624-66e8bf70.pth 

rgb_encoder.layers.3.1.2.norm2.bias - torch.Size([512]): 
PretrainedInit: load from https://download.openmmlab.com/mmsegmentation/v0.5/pretrain/segformer/mit_b2_20220624-66e8bf70.pth 

rgb_encoder.layers.3.1.2.ffn.layers.0.weight - torch.Size([2048, 512, 1, 1]): 
PretrainedInit: load from https://download.openmmlab.com/mmsegmentation/v0.5/pretrain/segformer/mit_b2_20220624-66e8bf70.pth 

rgb_encoder.layers.3.1.2.ffn.layers.0.bias - torch.Size([2048]): 
PretrainedInit: load from https://download.openmmlab.com/mmsegmentation/v0.5/pretrain/segformer/mit_b2_20220624-66e8bf70.pth 

rgb_encoder.layers.3.1.2.ffn.layers.1.weight - torch.Size([2048, 1, 3, 3]): 
PretrainedInit: load from https://download.openmmlab.com/mmsegmentation/v0.5/pretrain/segformer/mit_b2_20220624-66e8bf70.pth 

rgb_encoder.layers.3.1.2.ffn.layers.1.bias - torch.Size([2048]): 
PretrainedInit: load from https://download.openmmlab.com/mmsegmentation/v0.5/pretrain/segformer/mit_b2_20220624-66e8bf70.pth 

rgb_encoder.layers.3.1.2.ffn.layers.4.weight - torch.Size([512, 2048, 1, 1]): 
PretrainedInit: load from https://download.openmmlab.com/mmsegmentation/v0.5/pretrain/segformer/mit_b2_20220624-66e8bf70.pth 

rgb_encoder.layers.3.1.2.ffn.layers.4.bias - torch.Size([512]): 
PretrainedInit: load from https://download.openmmlab.com/mmsegmentation/v0.5/pretrain/segformer/mit_b2_20220624-66e8bf70.pth 

rgb_encoder.layers.3.2.weight - torch.Size([512]): 
PretrainedInit: load from https://download.openmmlab.com/mmsegmentation/v0.5/pretrain/segformer/mit_b2_20220624-66e8bf70.pth 

rgb_encoder.layers.3.2.bias - torch.Size([512]): 
PretrainedInit: load from https://download.openmmlab.com/mmsegmentation/v0.5/pretrain/segformer/mit_b2_20220624-66e8bf70.pth 

global_film.modulators.0.weight - torch.Size([128, 512]): 
The value is the same before and after calling `init_weights` of RPGVNetV2  

global_film.modulators.0.bias - torch.Size([128]): 
The value is the same before and after calling `init_weights` of RPGVNetV2  

global_film.modulators.1.weight - torch.Size([256, 512]): 
The value is the same before and after calling `init_weights` of RPGVNetV2  

global_film.modulators.1.bias - torch.Size([256]): 
The value is the same before and after calling `init_weights` of RPGVNetV2  

global_film.modulators.2.weight - torch.Size([640, 512]): 
The value is the same before and after calling `init_weights` of RPGVNetV2  

global_film.modulators.2.bias - torch.Size([640]): 
The value is the same before and after calling `init_weights` of RPGVNetV2  

global_film.modulators.3.weight - torch.Size([1024, 512]): 
The value is the same before and after calling `init_weights` of RPGVNetV2  

global_film.modulators.3.bias - torch.Size([1024]): 
The value is the same before and after calling `init_weights` of RPGVNetV2  

rgb_aux_head.weight - torch.Size([1, 64, 1, 1]): 
The value is the same before and after calling `init_weights` of RPGVNetV2  

rgb_aux_head.bias - torch.Size([1]): 
The value is the same before and after calling `init_weights` of RPGVNetV2  

rgb_boundary_head.0.weight - torch.Size([32, 64, 3, 3]): 
The value is the same before and after calling `init_weights` of RPGVNetV2  

rgb_boundary_head.0.bias - torch.Size([32]): 
The value is the same before and after calling `init_weights` of RPGVNetV2  

rgb_boundary_head.2.weight - torch.Size([1, 32, 1, 1]): 
The value is the same before and after calling `init_weights` of RPGVNetV2  

rgb_boundary_head.2.bias - torch.Size([1]): 
The value is the same before and after calling `init_weights` of RPGVNetV2  

rectifier.correction_logit - torch.Size([]): 
The value is the same before and after calling `init_weights` of RPGVNetV2  

rectifier.depth_encoder.0.0.weight - torch.Size([32, 4, 3, 3]): 
The value is the same before and after calling `init_weights` of RPGVNetV2  

rectifier.depth_encoder.0.1.weight - torch.Size([32]): 
The value is the same before and after calling `init_weights` of RPGVNetV2  

rectifier.depth_encoder.0.1.bias - torch.Size([32]): 
The value is the same before and after calling `init_weights` of RPGVNetV2  

rectifier.depth_encoder.1.0.weight - torch.Size([32, 32, 3, 3]): 
The value is the same before and after calling `init_weights` of RPGVNetV2  

rectifier.depth_encoder.1.1.weight - torch.Size([32]): 
The value is the same before and after calling `init_weights` of RPGVNetV2  

rectifier.depth_encoder.1.1.bias - torch.Size([32]): 
The value is the same before and after calling `init_weights` of RPGVNetV2  

rectifier.rgb_projection.0.weight - torch.Size([32, 64, 1, 1]): 
The value is the same before and after calling `init_weights` of RPGVNetV2  

rectifier.rgb_projection.1.weight - torch.Size([32]): 
The value is the same before and after calling `init_weights` of RPGVNetV2  

rectifier.rgb_projection.1.bias - torch.Size([32]): 
The value is the same before and after calling `init_weights` of RPGVNetV2  

rectifier.offset_mask.0.0.weight - torch.Size([32, 65, 3, 3]): 
The value is the same before and after calling `init_weights` of RPGVNetV2  

rectifier.offset_mask.0.1.weight - torch.Size([32]): 
The value is the same before and after calling `init_weights` of RPGVNetV2  

rectifier.offset_mask.0.1.bias - torch.Size([32]): 
The value is the same before and after calling `init_weights` of RPGVNetV2  

rectifier.offset_mask.1.weight - torch.Size([27, 32, 3, 3]): 
The value is the same before and after calling `init_weights` of RPGVNetV2  

rectifier.offset_mask.1.bias - torch.Size([27]): 
The value is the same before and after calling `init_weights` of RPGVNetV2  

rectifier.deform.weight - torch.Size([32, 32, 9]): 
The value is the same before and after calling `init_weights` of RPGVNetV2  

rectifier.deform.bias - torch.Size([32]): 
The value is the same before and after calling `init_weights` of RPGVNetV2  

rectifier.learned_reliability.0.0.weight - torch.Size([32, 65, 3, 3]): 
The value is the same before and after calling `init_weights` of RPGVNetV2  

rectifier.learned_reliability.0.1.weight - torch.Size([32]): 
The value is the same before and after calling `init_weights` of RPGVNetV2  

rectifier.learned_reliability.0.1.bias - torch.Size([32]): 
The value is the same before and after calling `init_weights` of RPGVNetV2  

rectifier.learned_reliability.1.weight - torch.Size([1, 32, 1, 1]): 
The value is the same before and after calling `init_weights` of RPGVNetV2  

rectifier.learned_reliability.1.bias - torch.Size([1]): 
The value is the same before and after calling `init_weights` of RPGVNetV2  

rectifier.residual.0.0.weight - torch.Size([32, 33, 3, 3]): 
The value is the same before and after calling `init_weights` of RPGVNetV2  

rectifier.residual.0.1.weight - torch.Size([32]): 
The value is the same before and after calling `init_weights` of RPGVNetV2  

rectifier.residual.0.1.bias - torch.Size([32]): 
The value is the same before and after calling `init_weights` of RPGVNetV2  

rectifier.residual.1.weight - torch.Size([1, 32, 1, 1]): 
The value is the same before and after calling `init_weights` of RPGVNetV2  

rectifier.residual.1.bias - torch.Size([1]): 
The value is the same before and after calling `init_weights` of RPGVNetV2  

geometry_encoder.stem.0.0.weight - torch.Size([32, 8, 3, 3]): 
The value is the same before and after calling `init_weights` of RPGVNetV2  

geometry_encoder.stem.0.1.weight - torch.Size([32]): 
The value is the same before and after calling `init_weights` of RPGVNetV2  

geometry_encoder.stem.0.1.bias - torch.Size([32]): 
The value is the same before and after calling `init_weights` of RPGVNetV2  

geometry_encoder.stem.1.block.0.0.weight - torch.Size([32, 1, 3, 3]): 
The value is the same before and after calling `init_weights` of RPGVNetV2  

geometry_encoder.stem.1.block.0.1.weight - torch.Size([32]): 
The value is the same before and after calling `init_weights` of RPGVNetV2  

geometry_encoder.stem.1.block.0.1.bias - torch.Size([32]): 
The value is the same before and after calling `init_weights` of RPGVNetV2  

geometry_encoder.stem.1.block.1.0.weight - torch.Size([32, 32, 1, 1]): 
The value is the same before and after calling `init_weights` of RPGVNetV2  

geometry_encoder.stem.1.block.1.1.weight - torch.Size([32]): 
The value is the same before and after calling `init_weights` of RPGVNetV2  

geometry_encoder.stem.1.block.1.1.bias - torch.Size([32]): 
The value is the same before and after calling `init_weights` of RPGVNetV2  

geometry_encoder.downsamples.0.block.0.0.weight - torch.Size([32, 1, 3, 3]): 
The value is the same before and after calling `init_weights` of RPGVNetV2  

geometry_encoder.downsamples.0.block.0.1.weight - torch.Size([32]): 
The value is the same before and after calling `init_weights` of RPGVNetV2  

geometry_encoder.downsamples.0.block.0.1.bias - torch.Size([32]): 
The value is the same before and after calling `init_weights` of RPGVNetV2  

geometry_encoder.downsamples.0.block.1.0.weight - torch.Size([64, 32, 1, 1]): 
The value is the same before and after calling `init_weights` of RPGVNetV2  

geometry_encoder.downsamples.0.block.1.1.weight - torch.Size([64]): 
The value is the same before and after calling `init_weights` of RPGVNetV2  

geometry_encoder.downsamples.0.block.1.1.bias - torch.Size([64]): 
The value is the same before and after calling `init_weights` of RPGVNetV2  

geometry_encoder.downsamples.0.shortcut.0.weight - torch.Size([64, 32, 1, 1]): 
The value is the same before and after calling `init_weights` of RPGVNetV2  

geometry_encoder.downsamples.0.shortcut.1.weight - torch.Size([64]): 
The value is the same before and after calling `init_weights` of RPGVNetV2  

geometry_encoder.downsamples.0.shortcut.1.bias - torch.Size([64]): 
The value is the same before and after calling `init_weights` of RPGVNetV2  

geometry_encoder.downsamples.1.block.0.0.weight - torch.Size([64, 1, 3, 3]): 
The value is the same before and after calling `init_weights` of RPGVNetV2  

geometry_encoder.downsamples.1.block.0.1.weight - torch.Size([64]): 
The value is the same before and after calling `init_weights` of RPGVNetV2  

geometry_encoder.downsamples.1.block.0.1.bias - torch.Size([64]): 
The value is the same before and after calling `init_weights` of RPGVNetV2  

geometry_encoder.downsamples.1.block.1.0.weight - torch.Size([128, 64, 1, 1]): 
The value is the same before and after calling `init_weights` of RPGVNetV2  

geometry_encoder.downsamples.1.block.1.1.weight - torch.Size([128]): 
The value is the same before and after calling `init_weights` of RPGVNetV2  

geometry_encoder.downsamples.1.block.1.1.bias - torch.Size([128]): 
The value is the same before and after calling `init_weights` of RPGVNetV2  

geometry_encoder.downsamples.1.shortcut.0.weight - torch.Size([128, 64, 1, 1]): 
The value is the same before and after calling `init_weights` of RPGVNetV2  

geometry_encoder.downsamples.1.shortcut.1.weight - torch.Size([128]): 
The value is the same before and after calling `init_weights` of RPGVNetV2  

geometry_encoder.downsamples.1.shortcut.1.bias - torch.Size([128]): 
The value is the same before and after calling `init_weights` of RPGVNetV2  

geometry_encoder.downsamples.2.block.0.0.weight - torch.Size([128, 1, 3, 3]): 
The value is the same before and after calling `init_weights` of RPGVNetV2  

geometry_encoder.downsamples.2.block.0.1.weight - torch.Size([128]): 
The value is the same before and after calling `init_weights` of RPGVNetV2  

geometry_encoder.downsamples.2.block.0.1.bias - torch.Size([128]): 
The value is the same before and after calling `init_weights` of RPGVNetV2  

geometry_encoder.downsamples.2.block.1.0.weight - torch.Size([256, 128, 1, 1]): 
The value is the same before and after calling `init_weights` of RPGVNetV2  

geometry_encoder.downsamples.2.block.1.1.weight - torch.Size([256]): 
The value is the same before and after calling `init_weights` of RPGVNetV2  

geometry_encoder.downsamples.2.block.1.1.bias - torch.Size([256]): 
The value is the same before and after calling `init_weights` of RPGVNetV2  

geometry_encoder.downsamples.2.shortcut.0.weight - torch.Size([256, 128, 1, 1]): 
The value is the same before and after calling `init_weights` of RPGVNetV2  

geometry_encoder.downsamples.2.shortcut.1.weight - torch.Size([256]): 
The value is the same before and after calling `init_weights` of RPGVNetV2  

geometry_encoder.downsamples.2.shortcut.1.bias - torch.Size([256]): 
The value is the same before and after calling `init_weights` of RPGVNetV2  

geometry_pyramid.laterals.0.0.weight - torch.Size([32, 32, 1, 1]): 
The value is the same before and after calling `init_weights` of RPGVNetV2  

geometry_pyramid.laterals.0.1.weight - torch.Size([32]): 
The value is the same before and after calling `init_weights` of RPGVNetV2  

geometry_pyramid.laterals.0.1.bias - torch.Size([32]): 
The value is the same before and after calling `init_weights` of RPGVNetV2  

geometry_pyramid.laterals.1.0.weight - torch.Size([64, 64, 1, 1]): 
The value is the same before and after calling `init_weights` of RPGVNetV2  

geometry_pyramid.laterals.1.1.weight - torch.Size([64]): 
The value is the same before and after calling `init_weights` of RPGVNetV2  

geometry_pyramid.laterals.1.1.bias - torch.Size([64]): 
The value is the same before and after calling `init_weights` of RPGVNetV2  

geometry_pyramid.laterals.2.0.weight - torch.Size([128, 128, 1, 1]): 
The value is the same before and after calling `init_weights` of RPGVNetV2  

geometry_pyramid.laterals.2.1.weight - torch.Size([128]): 
The value is the same before and after calling `init_weights` of RPGVNetV2  

geometry_pyramid.laterals.2.1.bias - torch.Size([128]): 
The value is the same before and after calling `init_weights` of RPGVNetV2  

geometry_pyramid.laterals.3.0.weight - torch.Size([256, 256, 1, 1]): 
The value is the same before and after calling `init_weights` of RPGVNetV2  

geometry_pyramid.laterals.3.1.weight - torch.Size([256]): 
The value is the same before and after calling `init_weights` of RPGVNetV2  

geometry_pyramid.laterals.3.1.bias - torch.Size([256]): 
The value is the same before and after calling `init_weights` of RPGVNetV2  

geometry_pyramid.top_down.0.0.weight - torch.Size([32, 64, 1, 1]): 
The value is the same before and after calling `init_weights` of RPGVNetV2  

geometry_pyramid.top_down.0.1.weight - torch.Size([32]): 
The value is the same before and after calling `init_weights` of RPGVNetV2  

geometry_pyramid.top_down.0.1.bias - torch.Size([32]): 
The value is the same before and after calling `init_weights` of RPGVNetV2  

geometry_pyramid.top_down.1.0.weight - torch.Size([64, 128, 1, 1]): 
The value is the same before and after calling `init_weights` of RPGVNetV2  

geometry_pyramid.top_down.1.1.weight - torch.Size([64]): 
The value is the same before and after calling `init_weights` of RPGVNetV2  

geometry_pyramid.top_down.1.1.bias - torch.Size([64]): 
The value is the same before and after calling `init_weights` of RPGVNetV2  

geometry_pyramid.top_down.2.0.weight - torch.Size([128, 256, 1, 1]): 
The value is the same before and after calling `init_weights` of RPGVNetV2  

geometry_pyramid.top_down.2.1.weight - torch.Size([128]): 
The value is the same before and after calling `init_weights` of RPGVNetV2  

geometry_pyramid.top_down.2.1.bias - torch.Size([128]): 
The value is the same before and after calling `init_weights` of RPGVNetV2  

geometry_pyramid.refine.0.block.0.0.weight - torch.Size([32, 1, 3, 3]): 
The value is the same before and after calling `init_weights` of RPGVNetV2  

geometry_pyramid.refine.0.block.0.1.weight - torch.Size([32]): 
The value is the same before and after calling `init_weights` of RPGVNetV2  

geometry_pyramid.refine.0.block.0.1.bias - torch.Size([32]): 
The value is the same before and after calling `init_weights` of RPGVNetV2  

geometry_pyramid.refine.0.block.1.0.weight - torch.Size([32, 32, 1, 1]): 
The value is the same before and after calling `init_weights` of RPGVNetV2  

geometry_pyramid.refine.0.block.1.1.weight - torch.Size([32]): 
The value is the same before and after calling `init_weights` of RPGVNetV2  

geometry_pyramid.refine.0.block.1.1.bias - torch.Size([32]): 
The value is the same before and after calling `init_weights` of RPGVNetV2  

geometry_pyramid.refine.1.block.0.0.weight - torch.Size([64, 1, 3, 3]): 
The value is the same before and after calling `init_weights` of RPGVNetV2  

geometry_pyramid.refine.1.block.0.1.weight - torch.Size([64]): 
The value is the same before and after calling `init_weights` of RPGVNetV2  

geometry_pyramid.refine.1.block.0.1.bias - torch.Size([64]): 
The value is the same before and after calling `init_weights` of RPGVNetV2  

geometry_pyramid.refine.1.block.1.0.weight - torch.Size([64, 64, 1, 1]): 
The value is the same before and after calling `init_weights` of RPGVNetV2  

geometry_pyramid.refine.1.block.1.1.weight - torch.Size([64]): 
The value is the same before and after calling `init_weights` of RPGVNetV2  

geometry_pyramid.refine.1.block.1.1.bias - torch.Size([64]): 
The value is the same before and after calling `init_weights` of RPGVNetV2  

geometry_pyramid.refine.2.block.0.0.weight - torch.Size([128, 1, 3, 3]): 
The value is the same before and after calling `init_weights` of RPGVNetV2  

geometry_pyramid.refine.2.block.0.1.weight - torch.Size([128]): 
The value is the same before and after calling `init_weights` of RPGVNetV2  

geometry_pyramid.refine.2.block.0.1.bias - torch.Size([128]): 
The value is the same before and after calling `init_weights` of RPGVNetV2  

geometry_pyramid.refine.2.block.1.0.weight - torch.Size([128, 128, 1, 1]): 
The value is the same before and after calling `init_weights` of RPGVNetV2  

geometry_pyramid.refine.2.block.1.1.weight - torch.Size([128]): 
The value is the same before and after calling `init_weights` of RPGVNetV2  

geometry_pyramid.refine.2.block.1.1.bias - torch.Size([128]): 
The value is the same before and after calling `init_weights` of RPGVNetV2  

geometry_aux_head.weight - torch.Size([1, 32, 1, 1]): 
The value is the same before and after calling `init_weights` of RPGVNetV2  

geometry_aux_head.bias - torch.Size([1]): 
The value is the same before and after calling `init_weights` of RPGVNetV2  

frequency_validator.rgb_projection.0.weight - torch.Size([32, 64, 1, 1]): 
The value is the same before and after calling `init_weights` of RPGVNetV2  

frequency_validator.rgb_projection.1.weight - torch.Size([32]): 
The value is the same before and after calling `init_weights` of RPGVNetV2  

frequency_validator.rgb_projection.1.bias - torch.Size([32]): 
The value is the same before and after calling `init_weights` of RPGVNetV2  

frequency_validator.geometry_projection.0.weight - torch.Size([32, 32, 1, 1]): 
The value is the same before and after calling `init_weights` of RPGVNetV2  

frequency_validator.geometry_projection.1.weight - torch.Size([32]): 
The value is the same before and after calling `init_weights` of RPGVNetV2  

frequency_validator.geometry_projection.1.bias - torch.Size([32]): 
The value is the same before and after calling `init_weights` of RPGVNetV2  

frequency_validator.region_rgb_projection.0.weight - torch.Size([32, 320, 1, 1]): 
The value is the same before and after calling `init_weights` of RPGVNetV2  

frequency_validator.region_rgb_projection.1.weight - torch.Size([32]): 
The value is the same before and after calling `init_weights` of RPGVNetV2  

frequency_validator.region_rgb_projection.1.bias - torch.Size([32]): 
The value is the same before and after calling `init_weights` of RPGVNetV2  

frequency_validator.region_geometry_projection.0.weight - torch.Size([32, 128, 1, 1]): 
The value is the same before and after calling `init_weights` of RPGVNetV2  

frequency_validator.region_geometry_projection.1.weight - torch.Size([32]): 
The value is the same before and after calling `init_weights` of RPGVNetV2  

frequency_validator.region_geometry_projection.1.bias - torch.Size([32]): 
The value is the same before and after calling `init_weights` of RPGVNetV2  

frequency_validator.high_validator.0.0.weight - torch.Size([96, 290, 3, 3]): 
The value is the same before and after calling `init_weights` of RPGVNetV2  

frequency_validator.high_validator.0.1.weight - torch.Size([96]): 
The value is the same before and after calling `init_weights` of RPGVNetV2  

frequency_validator.high_validator.0.1.bias - torch.Size([96]): 
The value is the same before and after calling `init_weights` of RPGVNetV2  

frequency_validator.high_validator.1.weight - torch.Size([96, 96, 1, 1]): 
The value is the same before and after calling `init_weights` of RPGVNetV2  

frequency_validator.high_validator.1.bias - torch.Size([96]): 
The value is the same before and after calling `init_weights` of RPGVNetV2  

frequency_validator.high_projection.weight - torch.Size([96, 96, 1, 1]): 
The value is the same before and after calling `init_weights` of RPGVNetV2  

frequency_validator.high_projection.bias - torch.Size([96]): 
The value is the same before and after calling `init_weights` of RPGVNetV2  

frequency_validator.region_validator.0.0.weight - torch.Size([32, 98, 3, 3]): 
The value is the same before and after calling `init_weights` of RPGVNetV2  

frequency_validator.region_validator.0.1.weight - torch.Size([32]): 
The value is the same before and after calling `init_weights` of RPGVNetV2  

frequency_validator.region_validator.0.1.bias - torch.Size([32]): 
The value is the same before and after calling `init_weights` of RPGVNetV2  

frequency_validator.region_validator.1.weight - torch.Size([32, 32, 1, 1]): 
The value is the same before and after calling `init_weights` of RPGVNetV2  

frequency_validator.region_validator.1.bias - torch.Size([32]): 
The value is the same before and after calling `init_weights` of RPGVNetV2  

frequency_validator.low_projection.weight - torch.Size([32, 32, 1, 1]): 
The value is the same before and after calling `init_weights` of RPGVNetV2  

frequency_validator.low_projection.bias - torch.Size([32]): 
The value is the same before and after calling `init_weights` of RPGVNetV2  

high_fusion.delta_projection.0.weight - torch.Size([64, 32, 1, 1]): 
The value is the same before and after calling `init_weights` of RPGVNetV2  

high_fusion.delta_projection.1.weight - torch.Size([64]): 
The value is the same before and after calling `init_weights` of RPGVNetV2  

high_fusion.delta_projection.1.bias - torch.Size([64]): 
The value is the same before and after calling `init_weights` of RPGVNetV2  

low_fusion.delta_projection.0.weight - torch.Size([320, 32, 1, 1]): 
The value is the same before and after calling `init_weights` of RPGVNetV2  

low_fusion.delta_projection.1.weight - torch.Size([320]): 
The value is the same before and after calling `init_weights` of RPGVNetV2  

low_fusion.delta_projection.1.bias - torch.Size([320]): 
The value is the same before and after calling `init_weights` of RPGVNetV2  

decoder.projections.0.0.weight - torch.Size([64, 64, 1, 1]): 
The value is the same before and after calling `init_weights` of RPGVNetV2  

decoder.projections.0.1.weight - torch.Size([64]): 
The value is the same before and after calling `init_weights` of RPGVNetV2  

decoder.projections.0.1.bias - torch.Size([64]): 
The value is the same before and after calling `init_weights` of RPGVNetV2  

decoder.projections.1.0.weight - torch.Size([64, 128, 1, 1]): 
The value is the same before and after calling `init_weights` of RPGVNetV2  

decoder.projections.1.1.weight - torch.Size([64]): 
The value is the same before and after calling `init_weights` of RPGVNetV2  

decoder.projections.1.1.bias - torch.Size([64]): 
The value is the same before and after calling `init_weights` of RPGVNetV2  

decoder.projections.2.0.weight - torch.Size([64, 320, 1, 1]): 
The value is the same before and after calling `init_weights` of RPGVNetV2  

decoder.projections.2.1.weight - torch.Size([64]): 
The value is the same before and after calling `init_weights` of RPGVNetV2  

decoder.projections.2.1.bias - torch.Size([64]): 
The value is the same before and after calling `init_weights` of RPGVNetV2  

decoder.projections.3.0.weight - torch.Size([64, 512, 1, 1]): 
The value is the same before and after calling `init_weights` of RPGVNetV2  

decoder.projections.3.1.weight - torch.Size([64]): 
The value is the same before and after calling `init_weights` of RPGVNetV2  

decoder.projections.3.1.bias - torch.Size([64]): 
The value is the same before and after calling `init_weights` of RPGVNetV2  

decoder.refine.0.block.0.0.weight - torch.Size([64, 1, 3, 3]): 
The value is the same before and after calling `init_weights` of RPGVNetV2  

decoder.refine.0.block.0.1.weight - torch.Size([64]): 
The value is the same before and after calling `init_weights` of RPGVNetV2  

decoder.refine.0.block.0.1.bias - torch.Size([64]): 
The value is the same before and after calling `init_weights` of RPGVNetV2  

decoder.refine.0.block.1.0.weight - torch.Size([64, 64, 1, 1]): 
The value is the same before and after calling `init_weights` of RPGVNetV2  

decoder.refine.0.block.1.1.weight - torch.Size([64]): 
The value is the same before and after calling `init_weights` of RPGVNetV2  

decoder.refine.0.block.1.1.bias - torch.Size([64]): 
The value is the same before and after calling `init_weights` of RPGVNetV2  

decoder.refine.1.block.0.0.weight - torch.Size([64, 1, 3, 3]): 
The value is the same before and after calling `init_weights` of RPGVNetV2  

decoder.refine.1.block.0.1.weight - torch.Size([64]): 
The value is the same before and after calling `init_weights` of RPGVNetV2  

decoder.refine.1.block.0.1.bias - torch.Size([64]): 
The value is the same before and after calling `init_weights` of RPGVNetV2  

decoder.refine.1.block.1.0.weight - torch.Size([64, 64, 1, 1]): 
The value is the same before and after calling `init_weights` of RPGVNetV2  

decoder.refine.1.block.1.1.weight - torch.Size([64]): 
The value is the same before and after calling `init_weights` of RPGVNetV2  

decoder.refine.1.block.1.1.bias - torch.Size([64]): 
The value is the same before and after calling `init_weights` of RPGVNetV2  

refiner.coarse_head.weight - torch.Size([1, 64, 1, 1]): 
The value is the same before and after calling `init_weights` of RPGVNetV2  

refiner.coarse_head.bias - torch.Size([1]): 
The value is the same before and after calling `init_weights` of RPGVNetV2  

refiner.rgb_stem.0.0.weight - torch.Size([24, 3, 3, 3]): 
The value is the same before and after calling `init_weights` of RPGVNetV2  

refiner.rgb_stem.0.1.weight - torch.Size([24]): 
The value is the same before and after calling `init_weights` of RPGVNetV2  

refiner.rgb_stem.0.1.bias - torch.Size([24]): 
The value is the same before and after calling `init_weights` of RPGVNetV2  

refiner.rgb_stem.1.block.0.0.weight - torch.Size([24, 1, 3, 3]): 
The value is the same before and after calling `init_weights` of RPGVNetV2  

refiner.rgb_stem.1.block.0.1.weight - torch.Size([24]): 
The value is the same before and after calling `init_weights` of RPGVNetV2  

refiner.rgb_stem.1.block.0.1.bias - torch.Size([24]): 
The value is the same before and after calling `init_weights` of RPGVNetV2  

refiner.rgb_stem.1.block.1.0.weight - torch.Size([24, 24, 1, 1]): 
The value is the same before and after calling `init_weights` of RPGVNetV2  

refiner.rgb_stem.1.block.1.1.weight - torch.Size([24]): 
The value is the same before and after calling `init_weights` of RPGVNetV2  

refiner.rgb_stem.1.block.1.1.bias - torch.Size([24]): 
The value is the same before and after calling `init_weights` of RPGVNetV2  

refiner.semantic_projection.0.weight - torch.Size([24, 64, 1, 1]): 
The value is the same before and after calling `init_weights` of RPGVNetV2  

refiner.semantic_projection.1.weight - torch.Size([24]): 
The value is the same before and after calling `init_weights` of RPGVNetV2  

refiner.semantic_projection.1.bias - torch.Size([24]): 
The value is the same before and after calling `init_weights` of RPGVNetV2  

refiner.contour.0.0.weight - torch.Size([24, 49, 1, 1]): 
The value is the same before and after calling `init_weights` of RPGVNetV2  

refiner.contour.0.1.weight - torch.Size([24]): 
The value is the same before and after calling `init_weights` of RPGVNetV2  

refiner.contour.0.1.bias - torch.Size([24]): 
The value is the same before and after calling `init_weights` of RPGVNetV2  

refiner.contour.1.block.0.0.weight - torch.Size([24, 1, 3, 3]): 
The value is the same before and after calling `init_weights` of RPGVNetV2  

refiner.contour.1.block.0.1.weight - torch.Size([24]): 
The value is the same before and after calling `init_weights` of RPGVNetV2  

refiner.contour.1.block.0.1.bias - torch.Size([24]): 
The value is the same before and after calling `init_weights` of RPGVNetV2  

refiner.contour.1.block.1.0.weight - torch.Size([24, 24, 1, 1]): 
The value is the same before and after calling `init_weights` of RPGVNetV2  

refiner.contour.1.block.1.1.weight - torch.Size([24]): 
The value is the same before and after calling `init_weights` of RPGVNetV2  

refiner.contour.1.block.1.1.bias - torch.Size([24]): 
The value is the same before and after calling `init_weights` of RPGVNetV2  

refiner.contour.2.weight - torch.Size([1, 24, 1, 1]): 
The value is the same before and after calling `init_weights` of RPGVNetV2  

refiner.contour.2.bias - torch.Size([1]): 
The value is the same before and after calling `init_weights` of RPGVNetV2  
2026/09/22 14:48:09 - mmengine - WARNING - "FileClient" will be deprecated in future. Please use io functions in https://mmengine.readthedocs.io/en/latest/api/fileio.html#file-io
2026/09/22 14:48:09 - mmengine - WARNING - "HardDiskBackend" is the alias of "LocalBackend" and the former will be deprecated in future.
2026/09/22 14:48:09 - mmengine - INFO - Checkpoints will be saved to /workspace/work_dirs/rpgv_v2_staged/stage1_rgb.
2026/09/22 14:48:31 - mmengine - INFO - Iter(train) [   50/40000]  base_lr: 1.9614e-05 lr: 1.9614e-06  eta: 5:00:50  time: 0.3357  data_time: 0.0125  memory: 6223  loss: 1.3636  loss_final: 0.7204  loss_rgb: 0.2158  loss_coarse: 0.2165  loss_region_consistency: 0.0007  loss_boundary: 0.1608  loss_sdf: 0.0493  grad_norm: 2.2057
2026/09/22 14:48:48 - mmengine - INFO - Iter(train) [  100/40000]  base_lr: 3.9627e-05 lr: 3.9627e-06  eta: 4:25:03  time: 0.3571  data_time: 0.0153  memory: 6223  loss: 1.3398  loss_final: 0.6957  loss_rgb: 0.2151  loss_coarse: 0.2091  loss_region_consistency: 0.0007  loss_boundary: 0.1702  loss_sdf: 0.0490  grad_norm: 1.6184
2026/09/22 14:49:06 - mmengine - INFO - Iter(train) [  150/40000]  base_lr: 5.9640e-05 lr: 5.9640e-06  eta: 4:12:35  time: 0.3415  data_time: 0.0125  memory: 6223  loss: 1.3073  loss_final: 0.6771  loss_rgb: 0.2080  loss_coarse: 0.2032  loss_region_consistency: 0.0005  loss_boundary: 0.1694  loss_sdf: 0.0490  grad_norm: 1.4534
2026/09/22 14:49:23 - mmengine - INFO - Iter(train) [  200/40000]  base_lr: 7.9654e-05 lr: 7.9654e-06  eta: 4:05:22  time: 0.3409  data_time: 0.0128  memory: 6223  loss: 1.2334  loss_final: 0.6322  loss_rgb: 0.2134  loss_coarse: 0.1900  loss_region_consistency: 0.0005  loss_boundary: 0.1482  loss_sdf: 0.0490  grad_norm: 1.5551
2026/09/22 14:49:39 - mmengine - INFO - Iter(train) [  250/40000]  base_lr: 9.9667e-05 lr: 9.9667e-06  eta: 4:00:52  time: 0.3313  data_time: 0.0132  memory: 6223  loss: 1.3005  loss_final: 0.6917  loss_rgb: 0.2165  loss_coarse: 0.2075  loss_region_consistency: 0.0004  loss_boundary: 0.1352  loss_sdf: 0.0491  grad_norm: 1.5955
2026/09/22 14:49:57 - mmengine - INFO - Iter(train) [  300/40000]  base_lr: 1.1968e-04 lr: 1.1968e-05  eta: 3:58:42  time: 0.3479  data_time: 0.0123  memory: 6223  loss: 1.1197  loss_final: 0.5532  loss_rgb: 0.1917  loss_coarse: 0.1665  loss_region_consistency: 0.0005  loss_boundary: 0.1591  loss_sdf: 0.0487  grad_norm: 1.6762
2026/09/22 14:50:14 - mmengine - INFO - Iter(train) [  350/40000]  base_lr: 1.3969e-04 lr: 1.3969e-05  eta: 3:56:49  time: 0.3423  data_time: 0.0130  memory: 6223  loss: 1.1007  loss_final: 0.5406  loss_rgb: 0.2050  loss_coarse: 0.1622  loss_region_consistency: 0.0004  loss_boundary: 0.1437  loss_sdf: 0.0488  grad_norm: 1.9447
2026/09/22 14:50:31 - mmengine - INFO - Iter(train) [  400/40000]  base_lr: 1.5971e-04 lr: 1.5971e-05  eta: 3:55:42  time: 0.3415  data_time: 0.0120  memory: 6223  loss: 1.1736  loss_final: 0.6093  loss_rgb: 0.2127  loss_coarse: 0.1828  loss_region_consistency: 0.0003  loss_boundary: 0.1197  loss_sdf: 0.0489  grad_norm: 1.8842
2026/09/22 14:50:49 - mmengine - INFO - Iter(train) [  450/40000]  base_lr: 1.7972e-04 lr: 1.7972e-05  eta: 3:54:34  time: 0.3446  data_time: 0.0144  memory: 6223  loss: 1.0602  loss_final: 0.5261  loss_rgb: 0.2032  loss_coarse: 0.1580  loss_region_consistency: 0.0003  loss_boundary: 0.1245  loss_sdf: 0.0481  grad_norm: 2.0845
2026/09/22 14:51:06 - mmengine - INFO - Iter(train) [  500/40000]  base_lr: 1.9973e-04 lr: 1.9973e-05  eta: 3:53:39  time: 0.3421  data_time: 0.0132  memory: 6223  loss: 1.0156  loss_final: 0.4983  loss_rgb: 0.1967  loss_coarse: 0.1493  loss_region_consistency: 0.0003  loss_boundary: 0.1234  loss_sdf: 0.0475  grad_norm: 2.5874
2026/09/22 14:51:23 - mmengine - INFO - Iter(train) [  550/40000]  base_lr: 2.1975e-04 lr: 2.1975e-05  eta: 3:52:47  time: 0.3444  data_time: 0.0119  memory: 6223  loss: 0.9051  loss_final: 0.4077  loss_rgb: 0.1861  loss_coarse: 0.1227  loss_region_consistency: 0.0002  loss_boundary: 0.1423  loss_sdf: 0.0460  grad_norm: 2.7230
2026/09/22 14:51:41 - mmengine - INFO - Iter(train) [  600/40000]  base_lr: 2.3976e-04 lr: 2.3976e-05  eta: 3:51:59  time: 0.3505  data_time: 0.0116  memory: 6223  loss: 0.9031  loss_final: 0.4120  loss_rgb: 0.1886  loss_coarse: 0.1246  loss_region_consistency: 0.0003  loss_boundary: 0.1326  loss_sdf: 0.0450  grad_norm: 2.9661
2026/09/22 14:51:58 - mmengine - INFO - Iter(train) [  650/40000]  base_lr: 2.5977e-04 lr: 2.5977e-05  eta: 3:51:33  time: 0.3492  data_time: 0.0136  memory: 6223  loss: 0.8639  loss_final: 0.3874  loss_rgb: 0.1846  loss_coarse: 0.1159  loss_region_consistency: 0.0002  loss_boundary: 0.1333  loss_sdf: 0.0425  grad_norm: 2.8826
2026/09/22 14:52:16 - mmengine - INFO - Iter(train) [  700/40000]  base_lr: 2.7979e-04 lr: 2.7979e-05  eta: 3:51:07  time: 0.3475  data_time: 0.0135  memory: 6223  loss: 0.9285  loss_final: 0.4281  loss_rgb: 0.1865  loss_coarse: 0.1290  loss_region_consistency: 0.0003  loss_boundary: 0.1423  loss_sdf: 0.0423  grad_norm: 2.8050
2026/09/22 14:52:33 - mmengine - INFO - Iter(train) [  750/40000]  base_lr: 2.9980e-04 lr: 2.9980e-05  eta: 3:50:35  time: 0.3498  data_time: 0.0136  memory: 6223  loss: 1.0126  loss_final: 0.4934  loss_rgb: 0.1792  loss_coarse: 0.1449  loss_region_consistency: 0.0003  loss_boundary: 0.1530  loss_sdf: 0.0418  grad_norm: 2.6945
2026/09/22 14:52:50 - mmengine - INFO - Iter(train) [  800/40000]  base_lr: 3.1981e-04 lr: 3.1981e-05  eta: 3:50:02  time: 0.3490  data_time: 0.0128  memory: 6223  loss: 0.9253  loss_final: 0.4346  loss_rgb: 0.1857  loss_coarse: 0.1351  loss_region_consistency: 0.0003  loss_boundary: 0.1320  loss_sdf: 0.0376  grad_norm: 4.3209
2026/09/22 14:53:08 - mmengine - INFO - Iter(train) [  850/40000]  base_lr: 3.3983e-04 lr: 3.3983e-05  eta: 3:49:28  time: 0.3414  data_time: 0.0126  memory: 6223  loss: 0.9395  loss_final: 0.4522  loss_rgb: 0.1942  loss_coarse: 0.1354  loss_region_consistency: 0.0002  loss_boundary: 0.1221  loss_sdf: 0.0353  grad_norm: 4.0306
2026/09/22 14:53:25 - mmengine - INFO - Iter(train) [  900/40000]  base_lr: 3.5984e-04 lr: 3.5984e-05  eta: 3:48:58  time: 0.3483  data_time: 0.0121  memory: 6223  loss: 0.8266  loss_final: 0.3370  loss_rgb: 0.1981  loss_coarse: 0.1033  loss_region_consistency: 0.0003  loss_boundary: 0.1531  loss_sdf: 0.0348  grad_norm: 3.3606
2026/09/22 14:53:42 - mmengine - INFO - Iter(train) [  950/40000]  base_lr: 3.7985e-04 lr: 3.7985e-05  eta: 3:48:33  time: 0.3508  data_time: 0.0129  memory: 6223  loss: 0.8095  loss_final: 0.3256  loss_rgb: 0.2006  loss_coarse: 0.0977  loss_region_consistency: 0.0002  loss_boundary: 0.1526  loss_sdf: 0.0327  grad_norm: 3.2754
2026/09/22 14:54:00 - mmengine - INFO - Exp name: rpgv_v2_stage1_rgb_20260922_144802
2026/09/22 14:54:00 - mmengine - INFO - Iter(train) [ 1000/40000]  base_lr: 3.9987e-04 lr: 3.9987e-05  eta: 3:48:12  time: 0.3467  data_time: 0.0126  memory: 6223  loss: 0.9121  loss_final: 0.4371  loss_rgb: 0.1898  loss_coarse: 0.1272  loss_region_consistency: 0.0002  loss_boundary: 0.1229  loss_sdf: 0.0348  grad_norm: 3.4173
2026/09/22 14:54:17 - mmengine - INFO - Iter(train) [ 1050/40000]  base_lr: 4.1988e-04 lr: 4.1988e-05  eta: 3:47:43  time: 0.3428  data_time: 0.0127  memory: 6223  loss: 0.7879  loss_final: 0.3381  loss_rgb: 0.1857  loss_coarse: 0.1046  loss_region_consistency: 0.0002  loss_boundary: 0.1322  loss_sdf: 0.0271  grad_norm: 3.2289
2026/09/22 14:54:34 - mmengine - INFO - Iter(train) [ 1100/40000]  base_lr: 4.3989e-04 lr: 4.3989e-05  eta: 3:47:16  time: 0.3517  data_time: 0.0131  memory: 6223  loss: 0.8469  loss_final: 0.3787  loss_rgb: 0.1837  loss_coarse: 0.1118  loss_region_consistency: 0.0002  loss_boundary: 0.1426  loss_sdf: 0.0299  grad_norm: 3.1536
2026/09/22 14:54:51 - mmengine - INFO - Iter(train) [ 1150/40000]  base_lr: 4.5991e-04 lr: 4.5991e-05  eta: 3:46:47  time: 0.3421  data_time: 0.0118  memory: 6223  loss: 0.8821  loss_final: 0.4168  loss_rgb: 0.1790  loss_coarse: 0.1282  loss_region_consistency: 0.0002  loss_boundary: 0.1324  loss_sdf: 0.0255  grad_norm: 4.1271
2026/09/22 14:55:09 - mmengine - INFO - Iter(train) [ 1200/40000]  base_lr: 4.7992e-04 lr: 4.7992e-05  eta: 3:46:22  time: 0.3503  data_time: 0.0125  memory: 6223  loss: 0.7666  loss_final: 0.3400  loss_rgb: 0.1810  loss_coarse: 0.1004  loss_region_consistency: 0.0001  loss_boundary: 0.1222  loss_sdf: 0.0229  grad_norm: 5.4804
2026/09/22 14:55:26 - mmengine - INFO - Iter(train) [ 1250/40000]  base_lr: 4.9993e-04 lr: 4.9993e-05  eta: 3:45:55  time: 0.3422  data_time: 0.0121  memory: 6223  loss: 0.8068  loss_final: 0.3575  loss_rgb: 0.1823  loss_coarse: 0.1063  loss_region_consistency: 0.0003  loss_boundary: 0.1329  loss_sdf: 0.0275  grad_norm: 5.0482
2026/09/22 14:55:43 - mmengine - INFO - Iter(train) [ 1300/40000]  base_lr: 5.1995e-04 lr: 5.1995e-05  eta: 3:45:37  time: 0.3534  data_time: 0.0133  memory: 6223  loss: 0.7034  loss_final: 0.2668  loss_rgb: 0.1807  loss_coarse: 0.0788  loss_region_consistency: 0.0002  loss_boundary: 0.1521  loss_sdf: 0.0247  grad_norm: 3.1412
2026/09/22 14:56:01 - mmengine - INFO - Iter(train) [ 1350/40000]  base_lr: 5.3996e-04 lr: 5.3996e-05  eta: 3:45:16  time: 0.3509  data_time: 0.0132  memory: 6223  loss: 0.6406  loss_final: 0.2403  loss_rgb: 0.1678  loss_coarse: 0.0714  loss_region_consistency: 0.0001  loss_boundary: 0.1419  loss_sdf: 0.0191  grad_norm: 2.7070
2026/09/22 14:56:18 - mmengine - INFO - Iter(train) [ 1400/40000]  base_lr: 5.5997e-04 lr: 5.5997e-05  eta: 3:44:56  time: 0.3559  data_time: 0.0131  memory: 6223  loss: 0.7232  loss_final: 0.2874  loss_rgb: 0.1749  loss_coarse: 0.0920  loss_region_consistency: 0.0002  loss_boundary: 0.1428  loss_sdf: 0.0259  grad_norm: 4.1685
2026/09/22 14:56:35 - mmengine - INFO - Iter(train) [ 1450/40000]  base_lr: 5.7999e-04 lr: 5.7999e-05  eta: 3:44:32  time: 0.3435  data_time: 0.0122  memory: 6223  loss: 0.8183  loss_final: 0.3744  loss_rgb: 0.1698  loss_coarse: 0.1052  loss_region_consistency: 0.0002  loss_boundary: 0.1422  loss_sdf: 0.0265  grad_norm: 4.0941
2026/09/22 14:56:53 - mmengine - INFO - Iter(train) [ 1500/40000]  base_lr: 6.0000e-04 lr: 6.0000e-05  eta: 3:44:23  time: 0.3486  data_time: 0.0128  memory: 6223  loss: 0.8699  loss_final: 0.3832  loss_rgb: 0.1950  loss_coarse: 0.1238  loss_region_consistency: 0.0003  loss_boundary: 0.1424  loss_sdf: 0.0252  grad_norm: 4.1498
2026/09/22 14:57:11 - mmengine - INFO - Iter(train) [ 1550/40000]  base_lr: 5.9931e-04 lr: 5.9931e-05  eta: 3:44:04  time: 0.3435  data_time: 0.0126  memory: 6223  loss: 0.8527  loss_final: 0.3963  loss_rgb: 0.1877  loss_coarse: 0.1166  loss_region_consistency: 0.0001  loss_boundary: 0.1328  loss_sdf: 0.0192  grad_norm: 3.6292
2026/09/22 14:57:29 - mmengine - INFO - Iter(train) [ 1600/40000]  base_lr: 5.9861e-04 lr: 5.9861e-05  eta: 3:44:06  time: 0.3818  data_time: 0.0151  memory: 6223  loss: 0.7762  loss_final: 0.3210  loss_rgb: 0.1822  loss_coarse: 0.0987  loss_region_consistency: 0.0002  loss_boundary: 0.1521  loss_sdf: 0.0220  grad_norm: 3.4930
2026/09/22 14:57:47 - mmengine - INFO - Iter(train) [ 1650/40000]  base_lr: 5.9791e-04 lr: 5.9791e-05  eta: 3:43:58  time: 0.3450  data_time: 0.0127  memory: 6223  loss: 0.8902  loss_final: 0.4285  loss_rgb: 0.1928  loss_coarse: 0.1255  loss_region_consistency: 0.0002  loss_boundary: 0.1224  loss_sdf: 0.0208  grad_norm: 2.9091
2026/09/22 14:58:04 - mmengine - INFO - Iter(train) [ 1700/40000]  base_lr: 5.9721e-04 lr: 5.9721e-05  eta: 3:43:41  time: 0.3475  data_time: 0.0131  memory: 6223  loss: 0.7357  loss_final: 0.3229  loss_rgb: 0.1740  loss_coarse: 0.0987  loss_region_consistency: 0.0002  loss_boundary: 0.1224  loss_sdf: 0.0175  grad_norm: 2.9432
2026/09/22 14:58:22 - mmengine - INFO - Iter(train) [ 1750/40000]  base_lr: 5.9651e-04 lr: 5.9651e-05  eta: 3:43:31  time: 0.3560  data_time: 0.0135  memory: 6223  loss: 0.8774  loss_final: 0.4065  loss_rgb: 0.1862  loss_coarse: 0.1174  loss_region_consistency: 0.0002  loss_boundary: 0.1426  loss_sdf: 0.0246  grad_norm: 3.1958
2026/09/22 14:58:40 - mmengine - INFO - Iter(train) [ 1800/40000]  base_lr: 5.9580e-04 lr: 5.9580e-05  eta: 3:43:16  time: 0.3597  data_time: 0.0138  memory: 6223  loss: 0.7808  loss_final: 0.3481  loss_rgb: 0.1754  loss_coarse: 0.1070  loss_region_consistency: 0.0002  loss_boundary: 0.1320  loss_sdf: 0.0181  grad_norm: 3.5372
2026/09/22 14:58:57 - mmengine - INFO - Iter(train) [ 1850/40000]  base_lr: 5.9510e-04 lr: 5.9510e-05  eta: 3:42:59  time: 0.3499  data_time: 0.0127  memory: 6223  loss: 0.8580  loss_final: 0.4069  loss_rgb: 0.1770  loss_coarse: 0.1177  loss_region_consistency: 0.0002  loss_boundary: 0.1324  loss_sdf: 0.0237  grad_norm: 3.1198
2026/09/22 14:59:15 - mmengine - INFO - Iter(train) [ 1900/40000]  base_lr: 5.9440e-04 lr: 5.9440e-05  eta: 3:42:48  time: 0.3489  data_time: 0.0146  memory: 6223  loss: 0.7446  loss_final: 0.3349  loss_rgb: 0.1675  loss_coarse: 0.0978  loss_region_consistency: 0.0002  loss_boundary: 0.1228  loss_sdf: 0.0214  grad_norm: 2.8543
2026/09/22 14:59:33 - mmengine - INFO - Iter(train) [ 1950/40000]  base_lr: 5.9370e-04 lr: 5.9370e-05  eta: 3:42:26  time: 0.3489  data_time: 0.0141  memory: 6223  loss: 0.8438  loss_final: 0.3869  loss_rgb: 0.1879  loss_coarse: 0.1144  loss_region_consistency: 0.0002  loss_boundary: 0.1320  loss_sdf: 0.0225  grad_norm: 2.6362
2026/09/22 14:59:50 - mmengine - INFO - Exp name: rpgv_v2_stage1_rgb_20260922_144802
2026/09/22 14:59:50 - mmengine - INFO - Iter(train) [ 2000/40000]  base_lr: 5.9300e-04 lr: 5.9300e-05  eta: 3:42:13  time: 0.3567  data_time: 0.0140  memory: 6223  loss: 0.7948  loss_final: 0.3601  loss_rgb: 0.1768  loss_coarse: 0.1082  loss_region_consistency: 0.0002  loss_boundary: 0.1320  loss_sdf: 0.0175  grad_norm: 3.4370
2026/09/22 14:59:50 - mmengine - INFO - Saving checkpoint at 2000 iterations
2026/09/22 15:00:42 - mmengine - INFO - Iter(val) [ 50/304]    eta: 0:04:12  time: 0.9927  data_time: 0.0118  memory: 1528  
2026/09/22 15:02:31 - mmengine - INFO - Iter(val) [100/304]    eta: 0:05:23  time: 2.1481  data_time: 0.0124  memory: 1101  
2026/09/22 15:04:18 - mmengine - INFO - Iter(val) [150/304]    eta: 0:04:33  time: 2.1470  data_time: 0.0126  memory: 1101  
2026/09/22 15:06:08 - mmengine - INFO - Iter(val) [200/304]    eta: 0:03:15  time: 2.2237  data_time: 0.0134  memory: 1101  
2026/09/22 15:07:59 - mmengine - INFO - Iter(val) [250/304]    eta: 0:01:45  time: 2.5108  data_time: 0.0128  memory: 1101  
2026/09/22 15:09:58 - mmengine - INFO - Iter(val) [300/304]    eta: 0:00:08  time: 2.2273  data_time: 0.0129  memory: 1101  
2026/09/22 15:10:06 - mmengine - INFO - per class results:
2026/09/22 15:10:06 - mmengine - INFO - 
+------------------+-------+-------+-------+--------+-----------+--------+
|      Class       |  IoU  |  Acc  |  Dice | Fscore | Precision | Recall |
+------------------+-------+-------+-------+--------+-----------+--------+
|    background    | 88.76 | 89.51 | 94.05 | 94.05  |   99.07   | 89.51  |
| wastewater_plant | 41.26 | 90.41 | 58.42 | 58.42  |   43.15   | 90.41  |
+------------------+-------+-------+-------+--------+-----------+--------+
2026/09/22 15:10:06 - mmengine - INFO - Iter(val) [304/304]    aAcc: 89.5800  mIoU: 65.0100  mAcc: 89.9600  mDice: 76.2300  mFscore: 76.2300  mPrecision: 71.1100  mRecall: 89.9600  binary/Foreground_IoU: 41.2619  binary/Dice: 58.4190  binary/F1: 58.4190  binary/Precision: 43.1504  binary/Recall: 90.4101  binary/Boundary_F1: 3.0243  binary/BFScore: 3.0243  binary/Boundary_Precision: 1.7812  binary/Boundary_Recall: 10.0115  binary/Hausdorff_px: 1119.3686  binary/HD95_px: 971.1492  binary/Hausdorff_m: 559.6843  binary/HD95_m: 485.5746  data_time: 0.0147  time: 2.0201
2026/09/22 15:10:08 - mmengine - INFO - The best checkpoint with 41.2619 binary/Foreground_IoU at 2000 iter is saved to best_binary_Foreground_IoU_iter_2000.pth.
2026/09/22 15:10:28 - mmengine - INFO - Iter(train) [ 2050/40000]  base_lr: 5.9229e-04 lr: 5.9229e-05  eta: 3:43:11  time: 0.3463  data_time: 0.0123  memory: 6224  loss: 0.7016  loss_final: 0.2857  loss_rgb: 0.1860  loss_coarse: 0.0859  loss_region_consistency: 0.0001  loss_boundary: 0.1319  loss_sdf: 0.0119  grad_norm: 2.7945
2026/09/22 15:10:46 - mmengine - INFO - Iter(train) [ 2100/40000]  base_lr: 5.9159e-04 lr: 5.9159e-05  eta: 3:42:51  time: 0.3492  data_time: 0.0131  memory: 6224  loss: 0.6746  loss_final: 0.2621  loss_rgb: 0.1783  loss_coarse: 0.0802  loss_region_consistency: 0.0002  loss_boundary: 0.1418  loss_sdf: 0.0120  grad_norm: 2.5545
2026/09/22 15:11:03 - mmengine - INFO - Iter(train) [ 2150/40000]  base_lr: 5.9089e-04 lr: 5.9089e-05  eta: 3:42:30  time: 0.3390  data_time: 0.0117  memory: 6224  loss: 0.7926  loss_final: 0.3653  loss_rgb: 0.1811  loss_coarse: 0.1092  loss_region_consistency: 0.0002  loss_boundary: 0.1208  loss_sdf: 0.0160  grad_norm: 2.7270
2026/09/22 15:11:21 - mmengine - INFO - Iter(train) [ 2200/40000]  base_lr: 5.9019e-04 lr: 5.9019e-05  eta: 3:42:11  time: 0.3398  data_time: 0.0131  memory: 6224  loss: 0.8809  loss_final: 0.4448  loss_rgb: 0.1853  loss_coarse: 0.1346  loss_region_consistency: 0.0002  loss_boundary: 0.1013  loss_sdf: 0.0147  grad_norm: 3.2651
2026/09/22 15:11:38 - mmengine - INFO - Iter(train) [ 2250/40000]  base_lr: 5.8948e-04 lr: 5.8948e-05  eta: 3:41:54  time: 0.3483  data_time: 0.0130  memory: 6224  loss: 0.6998  loss_final: 0.2819  loss_rgb: 0.1791  loss_coarse: 0.0840  loss_region_consistency: 0.0002  loss_boundary: 0.1387  loss_sdf: 0.0160  grad_norm: 3.0768
2026/09/22 15:11:56 - mmengine - INFO - Iter(train) [ 2300/40000]  base_lr: 5.8878e-04 lr: 5.8878e-05  eta: 3:41:34  time: 0.3381  data_time: 0.0116  memory: 6224  loss: 0.6567  loss_final: 0.2617  loss_rgb: 0.1790  loss_coarse: 0.0800  loss_region_consistency: 0.0001  loss_boundary: 0.1274  loss_sdf: 0.0085  grad_norm: 3.0824
2026/09/22 15:12:13 - mmengine - INFO - Iter(train) [ 2350/40000]  base_lr: 5.8808e-04 lr: 5.8808e-05  eta: 3:41:09  time: 0.3430  data_time: 0.0120  memory: 6224  loss: 0.7212  loss_final: 0.2959  loss_rgb: 0.1813  loss_coarse: 0.0879  loss_region_consistency: 0.0002  loss_boundary: 0.1386  loss_sdf: 0.0174  grad_norm: 3.3829
2026/09/22 15:12:30 - mmengine - INFO - Iter(train) [ 2400/40000]  base_lr: 5.8738e-04 lr: 5.8738e-05  eta: 3:40:46  time: 0.3570  data_time: 0.0126  memory: 6224  loss: 0.7739  loss_final: 0.3332  loss_rgb: 0.1842  loss_coarse: 0.0995  loss_region_consistency: 0.0002  loss_boundary: 0.1399  loss_sdf: 0.0170  grad_norm: 3.6800
2026/09/22 15:12:42 - mmengine - INFO - Exp name: rpgv_v2_stage1_rgb_20260922_144802
2026/09/22 15:12:47 - mmengine - INFO - Iter(train) [ 2450/40000]  base_lr: 5.8667e-04 lr: 5.8667e-05  eta: 3:40:18  time: 0.3372  data_time: 0.0116  memory: 6224  loss: 0.6791  loss_final: 0.2805  loss_rgb: 0.1791  loss_coarse: 0.0848  loss_region_consistency: 0.0001  loss_boundary: 0.1239  loss_sdf: 0.0106  grad_norm: 3.0187
2026/09/22 15:13:04 - mmengine - INFO - Iter(train) [ 2500/40000]  base_lr: 5.8597e-04 lr: 5.8597e-05  eta: 3:39:55  time: 0.3494  data_time: 0.0121  memory: 6224  loss: 0.8307  loss_final: 0.3560  loss_rgb: 0.1891  loss_coarse: 0.1072  loss_region_consistency: 0.0002  loss_boundary: 0.1546  loss_sdf: 0.0235  grad_norm: 2.8856
2026/09/22 15:13:21 - mmengine - INFO - Iter(train) [ 2550/40000]  base_lr: 5.8527e-04 lr: 5.8527e-05  eta: 3:39:31  time: 0.3438  data_time: 0.0123  memory: 6224  loss: 0.8617  loss_final: 0.4082  loss_rgb: 0.1782  loss_coarse: 0.1173  loss_region_consistency: 0.0001  loss_boundary: 0.1388  loss_sdf: 0.0190  grad_norm: 2.4310
2026/09/22 15:13:39 - mmengine - INFO - Iter(train) [ 2600/40000]  base_lr: 5.8456e-04 lr: 5.8456e-05  eta: 3:39:08  time: 0.3475  data_time: 0.0118  memory: 6224  loss: 0.7449  loss_final: 0.3518  loss_rgb: 0.1620  loss_coarse: 0.1056  loss_region_consistency: 0.0002  loss_boundary: 0.1102  loss_sdf: 0.0151  grad_norm: 3.0500
2026/09/22 15:13:56 - mmengine - INFO - Iter(train) [ 2650/40000]  base_lr: 5.8386e-04 lr: 5.8386e-05  eta: 3:38:39  time: 0.3306  data_time: 0.0123  memory: 6224  loss: 0.8445  loss_final: 0.4279  loss_rgb: 0.1806  loss_coarse: 0.1262  loss_region_consistency: 0.0002  loss_boundary: 0.0931  loss_sdf: 0.0165  grad_norm: 2.5513
2026/09/22 15:14:13 - mmengine - INFO - Iter(train) [ 2700/40000]  base_lr: 5.8316e-04 lr: 5.8316e-05  eta: 3:38:17  time: 0.3407  data_time: 0.0116  memory: 6224  loss: 0.8339  loss_final: 0.3911  loss_rgb: 0.1871  loss_coarse: 0.1163  loss_region_consistency: 0.0002  loss_boundary: 0.1226  loss_sdf: 0.0167  grad_norm: 2.7315
2026/09/22 15:14:30 - mmengine - INFO - Iter(train) [ 2750/40000]  base_lr: 5.8245e-04 lr: 5.8245e-05  eta: 3:37:53  time: 0.3433  data_time: 0.0125  memory: 6224  loss: 0.6875  loss_final: 0.2643  loss_rgb: 0.1871  loss_coarse: 0.0818  loss_region_consistency: 0.0001  loss_boundary: 0.1425  loss_sdf: 0.0116  grad_norm: 3.1076
2026/09/22 15:14:47 - mmengine - INFO - Iter(train) [ 2800/40000]  base_lr: 5.8175e-04 lr: 5.8175e-05  eta: 3:37:32  time: 0.3447  data_time: 0.0126  memory: 6224  loss: 0.6596  loss_final: 0.2571  loss_rgb: 0.1752  loss_coarse: 0.0782  loss_region_consistency: 0.0001  loss_boundary: 0.1376  loss_sdf: 0.0113  grad_norm: 2.0132
2026/09/22 15:15:04 - mmengine - INFO - Iter(train) [ 2850/40000]  base_lr: 5.8104e-04 lr: 5.8104e-05  eta: 3:37:07  time: 0.3251  data_time: 0.0136  memory: 6224  loss: 0.7227  loss_final: 0.3815  loss_rgb: 0.1570  loss_coarse: 0.1146  loss_region_consistency: 0.0001  loss_boundary: 0.0647  loss_sdf: 0.0048  grad_norm: 2.0024
2026/09/22 15:15:21 - mmengine - INFO - Iter(train) [ 2900/40000]  base_lr: 5.8034e-04 lr: 5.8034e-05  eta: 3:36:43  time: 0.3414  data_time: 0.0116  memory: 6224  loss: 0.7277  loss_final: 0.3114  loss_rgb: 0.1859  loss_coarse: 0.0929  loss_region_consistency: 0.0001  loss_boundary: 0.1254  loss_sdf: 0.0120  grad_norm: 2.3530
2026/09/22 15:15:38 - mmengine - INFO - Iter(train) [ 2950/40000]  base_lr: 5.7964e-04 lr: 5.7964e-05  eta: 3:36:21  time: 0.3430  data_time: 0.0124  memory: 6224  loss: 0.5958  loss_final: 0.2258  loss_rgb: 0.1581  loss_coarse: 0.0692  loss_region_consistency: 0.0002  loss_boundary: 0.1281  loss_sdf: 0.0144  grad_norm: 3.1925
2026/09/22 15:15:56 - mmengine - INFO - Exp name: rpgv_v2_stage1_rgb_20260922_144802
2026/09/22 15:15:56 - mmengine - INFO - Iter(train) [ 3000/40000]  base_lr: 5.7893e-04 lr: 5.7893e-05  eta: 3:36:04  time: 0.3549  data_time: 0.0122  memory: 6224  loss: 0.7539  loss_final: 0.3219  loss_rgb: 0.1841  loss_coarse: 0.0940  loss_region_consistency: 0.0001  loss_boundary: 0.1387  loss_sdf: 0.0150  grad_norm: 4.0390
2026/09/22 15:16:13 - mmengine - INFO - Iter(train) [ 3050/40000]  base_lr: 5.7823e-04 lr: 5.7823e-05  eta: 3:35:42  time: 0.3422  data_time: 0.0116  memory: 6224  loss: 0.6720  loss_final: 0.2505  loss_rgb: 0.1947  loss_coarse: 0.0765  loss_region_consistency: 0.0002  loss_boundary: 0.1386  loss_sdf: 0.0114  grad_norm: 3.5059
2026/09/22 15:16:30 - mmengine - INFO - Iter(train) [ 3100/40000]  base_lr: 5.7752e-04 lr: 5.7752e-05  eta: 3:35:21  time: 0.3445  data_time: 0.0134  memory: 6224  loss: 0.7244  loss_final: 0.2851  loss_rgb: 0.2020  loss_coarse: 0.0857  loss_region_consistency: 0.0001  loss_boundary: 0.1386  loss_sdf: 0.0127  grad_norm: 3.2406
2026/09/22 15:16:47 - mmengine - INFO - Iter(train) [ 3150/40000]  base_lr: 5.7682e-04 lr: 5.7682e-05  eta: 3:35:01  time: 0.3379  data_time: 0.0121  memory: 6224  loss: 0.7107  loss_final: 0.3450  loss_rgb: 0.1465  loss_coarse: 0.1016  loss_region_consistency: 0.0001  loss_boundary: 0.1066  loss_sdf: 0.0108  grad_norm: 2.8157
2026/09/22 15:17:05 - mmengine - INFO - Iter(train) [ 3200/40000]  base_lr: 5.7612e-04 lr: 5.7612e-05  eta: 3:34:42  time: 0.3586  data_time: 0.0139  memory: 6224  loss: 0.6760  loss_final: 0.2422  loss_rgb: 0.1963  loss_coarse: 0.0729  loss_region_consistency: 0.0002  loss_boundary: 0.1528  loss_sdf: 0.0116  grad_norm: 2.5309
2026/09/22 15:17:22 - mmengine - INFO - Iter(train) [ 3250/40000]  base_lr: 5.7541e-04 lr: 5.7541e-05  eta: 3:34:21  time: 0.3475  data_time: 0.0132  memory: 6224  loss: 0.7636  loss_final: 0.3435  loss_rgb: 0.1668  loss_coarse: 0.1018  loss_region_consistency: 0.0002  loss_boundary: 0.1369  loss_sdf: 0.0144  grad_norm: 3.0428
2026/09/22 15:17:39 - mmengine - INFO - Iter(train) [ 3300/40000]  base_lr: 5.7471e-04 lr: 5.7471e-05  eta: 3:34:02  time: 0.3446  data_time: 0.0116  memory: 6224  loss: 0.7212  loss_final: 0.2894  loss_rgb: 0.1923  loss_coarse: 0.0889  loss_region_consistency: 0.0002  loss_boundary: 0.1372  loss_sdf: 0.0132  grad_norm: 3.2133
2026/09/22 15:17:57 - mmengine - INFO - Iter(train) [ 3350/40000]  base_lr: 5.7400e-04 lr: 5.7400e-05  eta: 3:33:43  time: 0.3447  data_time: 0.0117  memory: 6224  loss: 0.6158  loss_final: 0.2335  loss_rgb: 0.1602  loss_coarse: 0.0714  loss_region_consistency: 0.0002  loss_boundary: 0.1374  loss_sdf: 0.0132  grad_norm: 3.5923
2026/09/22 15:18:14 - mmengine - INFO - Iter(train) [ 3400/40000]  base_lr: 5.7330e-04 lr: 5.7330e-05  eta: 3:33:23  time: 0.3482  data_time: 0.0132  memory: 6224  loss: 0.8030  loss_final: 0.3967  loss_rgb: 0.1625  loss_coarse: 0.1184  loss_region_consistency: 0.0001  loss_boundary: 0.1125  loss_sdf: 0.0129  grad_norm: 2.9942
2026/09/22 15:18:32 - mmengine - INFO - Iter(train) [ 3450/40000]  base_lr: 5.7259e-04 lr: 5.7259e-05  eta: 3:33:06  time: 0.3385  data_time: 0.0126  memory: 6224  loss: 0.7434  loss_final: 0.3066  loss_rgb: 0.2012  loss_coarse: 0.0932  loss_region_consistency: 0.0001  loss_boundary: 0.1307  loss_sdf: 0.0116  grad_norm: 3.6757
2026/09/22 15:18:49 - mmengine - INFO - Iter(train) [ 3500/40000]  base_lr: 5.7189e-04 lr: 5.7189e-05  eta: 3:32:48  time: 0.3499  data_time: 0.0148  memory: 6224  loss: 0.7095  loss_final: 0.2885  loss_rgb: 0.1780  loss_coarse: 0.0924  loss_region_consistency: 0.0002  loss_boundary: 0.1369  loss_sdf: 0.0135  grad_norm: 4.7056
2026/09/22 15:19:07 - mmengine - INFO - Iter(train) [ 3550/40000]  base_lr: 5.7118e-04 lr: 5.7118e-05  eta: 3:32:31  time: 0.3508  data_time: 0.0139  memory: 6224  loss: 0.7310  loss_final: 0.3682  loss_rgb: 0.1377  loss_coarse: 0.1023  loss_region_consistency: 0.0001  loss_boundary: 0.1080  loss_sdf: 0.0146  grad_norm: 3.8690
2026/09/22 15:19:24 - mmengine - INFO - Iter(train) [ 3600/40000]  base_lr: 5.7048e-04 lr: 5.7048e-05  eta: 3:32:13  time: 0.3407  data_time: 0.0117  memory: 6224  loss: 0.8703  loss_final: 0.4571  loss_rgb: 0.1556  loss_coarse: 0.1354  loss_region_consistency: 0.0002  loss_boundary: 0.1040  loss_sdf: 0.0179  grad_norm: 3.1033
2026/09/22 15:19:41 - mmengine - INFO - Iter(train) [ 3650/40000]  base_lr: 5.6977e-04 lr: 5.6977e-05  eta: 3:31:53  time: 0.3462  data_time: 0.0116  memory: 6224  loss: 0.6274  loss_final: 0.2065  loss_rgb: 0.1917  loss_coarse: 0.0619  loss_region_consistency: 0.0001  loss_boundary: 0.1533  loss_sdf: 0.0138  grad_norm: 3.0194
2026/09/22 15:19:59 - mmengine - INFO - Iter(train) [ 3700/40000]  base_lr: 5.6907e-04 lr: 5.6907e-05  eta: 3:31:34  time: 0.3443  data_time: 0.0126  memory: 6224  loss: 0.5571  loss_final: 0.2148  loss_rgb: 0.1480  loss_coarse: 0.0655  loss_region_consistency: 0.0001  loss_boundary: 0.1215  loss_sdf: 0.0073  grad_norm: 3.1167
2026/09/22 15:20:16 - mmengine - INFO - Iter(train) [ 3750/40000]  base_lr: 5.6836e-04 lr: 5.6836e-05  eta: 3:31:15  time: 0.3461  data_time: 0.0115  memory: 6224  loss: 0.7749  loss_final: 0.3570  loss_rgb: 0.1554  loss_coarse: 0.1061  loss_region_consistency: 0.0002  loss_boundary: 0.1378  loss_sdf: 0.0185  grad_norm: 2.4779
2026/09/22 15:20:33 - mmengine - INFO - Iter(train) [ 3800/40000]  base_lr: 5.6765e-04 lr: 5.6765e-05  eta: 3:30:56  time: 0.3535  data_time: 0.0129  memory: 6224  loss: 0.6102  loss_final: 0.2265  loss_rgb: 0.1679  loss_coarse: 0.0682  loss_region_consistency: 0.0001  loss_boundary: 0.1371  loss_sdf: 0.0103  grad_norm: 2.1755
2026/09/22 15:20:51 - mmengine - INFO - Iter(train) [ 3850/40000]  base_lr: 5.6695e-04 lr: 5.6695e-05  eta: 3:30:37  time: 0.3423  data_time: 0.0122  memory: 6224  loss: 0.7022  loss_final: 0.3100  loss_rgb: 0.1653  loss_coarse: 0.0915  loss_region_consistency: 0.0001  loss_boundary: 0.1219  loss_sdf: 0.0136  grad_norm: 2.4453
2026/09/22 15:21:08 - mmengine - INFO - Iter(train) [ 3900/40000]  base_lr: 5.6624e-04 lr: 5.6624e-05  eta: 3:30:18  time: 0.3461  data_time: 0.0129  memory: 6224  loss: 0.5998  loss_final: 0.2190  loss_rgb: 0.1668  loss_coarse: 0.0672  loss_region_consistency: 0.0001  loss_boundary: 0.1369  loss_sdf: 0.0098  grad_norm: 2.5255
2026/09/22 15:21:25 - mmengine - INFO - Iter(train) [ 3950/40000]  base_lr: 5.6554e-04 lr: 5.6554e-05  eta: 3:29:58  time: 0.3371  data_time: 0.0121  memory: 6224  loss: 0.8696  loss_final: 0.4607  loss_rgb: 0.1385  loss_coarse: 0.1366  loss_region_consistency: 0.0002  loss_boundary: 0.1123  loss_sdf: 0.0213  grad_norm: 2.3034
2026/09/22 15:21:42 - mmengine - INFO - Exp name: rpgv_v2_stage1_rgb_20260922_144802
2026/09/22 15:21:42 - mmengine - INFO - Iter(train) [ 4000/40000]  base_lr: 5.6483e-04 lr: 5.6483e-05  eta: 3:29:38  time: 0.3488  data_time: 0.0123  memory: 6224  loss: 0.5487  loss_final: 0.1956  loss_rgb: 0.1539  loss_coarse: 0.0616  loss_region_consistency: 0.0002  loss_boundary: 0.1272  loss_sdf: 0.0103  grad_norm: 2.6612
2026/09/22 15:21:42 - mmengine - INFO - Saving checkpoint at 4000 iterations
2026/09/22 15:22:30 - mmengine - INFO - Iter(val) [ 50/304]    eta: 0:03:53  time: 0.9056  data_time: 0.0108  memory: 1100  
2026/09/22 15:23:44 - mmengine - INFO - Iter(val) [100/304]    eta: 0:04:04  time: 1.4506  data_time: 0.0117  memory: 1100  
2026/09/22 15:24:54 - mmengine - INFO - Iter(val) [150/304]    eta: 0:03:15  time: 1.3921  data_time: 0.0122  memory: 1100  
2026/09/22 15:26:04 - mmengine - INFO - Iter(val) [200/304]    eta: 0:02:15  time: 1.3978  data_time: 0.0118  memory: 1100  
2026/09/22 15:27:13 - mmengine - INFO - Iter(val) [250/304]    eta: 0:01:11  time: 1.4055  data_time: 0.0125  memory: 1100  
2026/09/22 15:28:22 - mmengine - INFO - Iter(val) [300/304]    eta: 0:00:05  time: 1.3512  data_time: 0.0123  memory: 1100  
2026/09/22 15:28:27 - mmengine - INFO - per class results:
2026/09/22 15:28:27 - mmengine - INFO - 
+------------------+-------+-------+-------+--------+-----------+--------+
|      Class       |  IoU  |  Acc  |  Dice | Fscore | Precision | Recall |
+------------------+-------+-------+-------+--------+-----------+--------+
|    background    | 94.06 |  95.2 | 96.94 | 96.94  |   98.74   |  95.2  |
| wastewater_plant | 55.82 | 86.26 | 71.64 | 71.64  |   61.26   | 86.26  |
+------------------+-------+-------+-------+--------+-----------+--------+
2026/09/22 15:28:27 - mmengine - INFO - Iter(val) [304/304]    aAcc: 94.4700  mIoU: 74.9400  mAcc: 90.7300  mDice: 84.2900  mFscore: 84.2900  mPrecision: 80.0000  mRecall: 90.7300  binary/Foreground_IoU: 55.8176  binary/Dice: 71.6448  binary/F1: 71.6448  binary/Precision: 61.2643  binary/Recall: 86.2606  binary/Boundary_F1: 5.7784  binary/BFScore: 5.7784  binary/Boundary_Precision: 3.8103  binary/Boundary_Recall: 11.9516  binary/Hausdorff_px: 858.0608  binary/HD95_px: 704.3419  binary/Hausdorff_m: 429.0304  binary/HD95_m: 352.1710  data_time: 0.0127  time: 1.3302
2026/09/22 15:28:27 - mmengine - INFO - The previous best checkpoint /workspace/work_dirs/rpgv_v2_staged/stage1_rgb/best_binary_Foreground_IoU_iter_2000.pth is removed
2026/09/22 15:28:28 - mmengine - INFO - The best checkpoint with 55.8176 binary/Foreground_IoU at 4000 iter is saved to best_binary_Foreground_IoU_iter_4000.pth.
2026/09/22 15:28:48 - mmengine - INFO - Iter(train) [ 4050/40000]  base_lr: 5.6413e-04 lr: 5.6413e-05  eta: 3:29:48  time: 0.3265  data_time: 0.0117  memory: 6224  loss: 0.5924  loss_final: 0.3199  loss_rgb: 0.0963  loss_coarse: 0.0959  loss_region_consistency: 0.0001  loss_boundary: 0.0763  loss_sdf: 0.0040  grad_norm: 2.4985
2026/09/22 15:29:05 - mmengine - INFO - Iter(train) [ 4100/40000]  base_lr: 5.6342e-04 lr: 5.6342e-05  eta: 3:29:26  time: 0.3277  data_time: 0.0113  memory: 6224  loss: 0.5924  loss_final: 0.2824  loss_rgb: 0.1211  loss_coarse: 0.0836  loss_region_consistency: 0.0001  loss_boundary: 0.0971  loss_sdf: 0.0082  grad_norm: 2.9598
2026/09/22 15:29:22 - mmengine - INFO - Iter(train) [ 4150/40000]  base_lr: 5.6271e-04 lr: 5.6271e-05  eta: 3:29:04  time: 0.3340  data_time: 0.0112  memory: 6224  loss: 0.6003  loss_final: 0.2475  loss_rgb: 0.1498  loss_coarse: 0.0745  loss_region_consistency: 0.0001  loss_boundary: 0.1218  loss_sdf: 0.0065  grad_norm: 2.8871
2026/09/22 15:29:39 - mmengine - INFO - Iter(train) [ 4200/40000]  base_lr: 5.6201e-04 lr: 5.6201e-05  eta: 3:28:41  time: 0.3413  data_time: 0.0116  memory: 6224  loss: 0.7461  loss_final: 0.3831  loss_rgb: 0.1314  loss_coarse: 0.1134  loss_region_consistency: 0.0001  loss_boundary: 0.1070  loss_sdf: 0.0111  grad_norm: 2.7580
2026/09/22 15:29:55 - mmengine - INFO - Iter(train) [ 4250/40000]  base_lr: 5.6130e-04 lr: 5.6130e-05  eta: 3:28:18  time: 0.3324  data_time: 0.0119  memory: 6224  loss: 0.6020  loss_final: 0.2689  loss_rgb: 0.1392  loss_coarse: 0.0816  loss_region_consistency: 0.0001  loss_boundary: 0.1063  loss_sdf: 0.0058  grad_norm: 2.6854
2026/09/22 15:30:12 - mmengine - INFO - Iter(train) [ 4300/40000]  base_lr: 5.6059e-04 lr: 5.6059e-05  eta: 3:27:55  time: 0.3356  data_time: 0.0115  memory: 6224  loss: 0.7136  loss_final: 0.3213  loss_rgb: 0.1630  loss_coarse: 0.0949  loss_region_consistency: 0.0001  loss_boundary: 0.1230  loss_sdf: 0.0113  grad_norm: 2.9830
2026/09/22 15:30:29 - mmengine - INFO - Iter(train) [ 4350/40000]  base_lr: 5.5989e-04 lr: 5.5989e-05  eta: 3:27:35  time: 0.3369  data_time: 0.0121  memory: 6224  loss: 0.5122  loss_final: 0.1614  loss_rgb: 0.1667  loss_coarse: 0.0510  loss_region_consistency: 0.0001  loss_boundary: 0.1264  loss_sdf: 0.0066  grad_norm: 3.0760
2026/09/22 15:30:47 - mmengine - INFO - Iter(train) [ 4400/40000]  base_lr: 5.5918e-04 lr: 5.5918e-05  eta: 3:27:15  time: 0.3504  data_time: 0.0116  memory: 6224  loss: 0.6915  loss_final: 0.2857  loss_rgb: 0.1685  loss_coarse: 0.0826  loss_region_consistency: 0.0002  loss_boundary: 0.1383  loss_sdf: 0.0162  grad_norm: 2.5456
2026/09/22 15:31:04 - mmengine - INFO - Iter(train) [ 4450/40000]  base_lr: 5.5847e-04 lr: 5.5847e-05  eta: 3:26:55  time: 0.3368  data_time: 0.0116  memory: 6224  loss: 0.6287  loss_final: 0.2680  loss_rgb: 0.1498  loss_coarse: 0.0800  loss_region_consistency: 0.0001  loss_boundary: 0.1216  loss_sdf: 0.0092  grad_norm: 2.6748
2026/09/22 15:31:21 - mmengine - INFO - Iter(train) [ 4500/40000]  base_lr: 5.5777e-04 lr: 5.5777e-05  eta: 3:26:34  time: 0.3365  data_time: 0.0116  memory: 6224  loss: 0.5921  loss_final: 0.2472  loss_rgb: 0.1379  loss_coarse: 0.0750  loss_region_consistency: 0.0001  loss_boundary: 0.1221  loss_sdf: 0.0097  grad_norm: 2.3170
2026/09/22 15:31:38 - mmengine - INFO - Iter(train) [ 4550/40000]  base_lr: 5.5706e-04 lr: 5.5706e-05  eta: 3:26:13  time: 0.3403  data_time: 0.0119  memory: 6224  loss: 0.6742  loss_final: 0.2731  loss_rgb: 0.1689  loss_coarse: 0.0830  loss_region_consistency: 0.0002  loss_boundary: 0.1369  loss_sdf: 0.0121  grad_norm: 2.5006
2026/09/22 15:31:55 - mmengine - INFO - Iter(train) [ 4600/40000]  base_lr: 5.5635e-04 lr: 5.5635e-05  eta: 3:25:53  time: 0.3505  data_time: 0.0126  memory: 6224  loss: 0.5952  loss_final: 0.2208  loss_rgb: 0.1608  loss_coarse: 0.0674  loss_region_consistency: 0.0001  loss_boundary: 0.1371  loss_sdf: 0.0090  grad_norm: 3.2167
2026/09/22 15:32:12 - mmengine - INFO - Iter(train) [ 4650/40000]  base_lr: 5.5564e-04 lr: 5.5564e-05  eta: 3:25:31  time: 0.3414  data_time: 0.0121  memory: 6224  loss: 0.6800  loss_final: 0.2863  loss_rgb: 0.1615  loss_coarse: 0.0852  loss_region_consistency: 0.0001  loss_boundary: 0.1365  loss_sdf: 0.0105  grad_norm: inf
2026/09/22 15:32:29 - mmengine - INFO - Iter(train) [ 4700/40000]  base_lr: 5.5494e-04 lr: 5.5494e-05  eta: 3:25:09  time: 0.3326  data_time: 0.0117  memory: 6224  loss: 0.6845  loss_final: 0.3215  loss_rgb: 0.1466  loss_coarse: 0.0961  loss_region_consistency: 0.0001  loss_boundary: 0.1116  loss_sdf: 0.0086  grad_norm: 2.0076
2026/09/22 15:32:46 - mmengine - INFO - Iter(train) [ 4750/40000]  base_lr: 5.5423e-04 lr: 5.5423e-05  eta: 3:24:48  time: 0.3415  data_time: 0.0113  memory: 6224  loss: 0.6642  loss_final: 0.2463  loss_rgb: 0.1805  loss_coarse: 0.0732  loss_region_consistency: 0.0002  loss_boundary: 0.1517  loss_sdf: 0.0124  grad_norm: 2.3349
2026/09/22 15:33:03 - mmengine - INFO - Iter(train) [ 4800/40000]  base_lr: 5.5352e-04 lr: 5.5352e-05  eta: 3:24:28  time: 0.3480  data_time: 0.0125  memory: 6224  loss: 0.5517  loss_final: 0.1982  loss_rgb: 0.1496  loss_coarse: 0.0606  loss_region_consistency: 0.0001  loss_boundary: 0.1360  loss_sdf: 0.0072  grad_norm: 2.3217
2026/09/22 15:33:20 - mmengine - INFO - Iter(train) [ 4850/40000]  base_lr: 5.5281e-04 lr: 5.5281e-05  eta: 3:24:09  time: 0.3413  data_time: 0.0120  memory: 6224  loss: 0.6251  loss_final: 0.2426  loss_rgb: 0.1649  loss_coarse: 0.0719  loss_region_consistency: 0.0001  loss_boundary: 0.1370  loss_sdf: 0.0086  grad_norm: 2.7832
2026/09/22 15:33:37 - mmengine - INFO - Iter(train) [ 4900/40000]  base_lr: 5.5211e-04 lr: 5.5211e-05  eta: 3:23:49  time: 0.3438  data_time: 0.0128  memory: 6224  loss: 0.6184  loss_final: 0.2315  loss_rgb: 0.1710  loss_coarse: 0.0694  loss_region_consistency: 0.0001  loss_boundary: 0.1368  loss_sdf: 0.0095  grad_norm: 2.8868
2026/09/22 15:33:54 - mmengine - INFO - Iter(train) [ 4950/40000]  base_lr: 5.5140e-04 lr: 5.5140e-05  eta: 3:23:29  time: 0.3452  data_time: 0.0122  memory: 6224  loss: 0.5526  loss_final: 0.1647  loss_rgb: 0.1779  loss_coarse: 0.0497  loss_region_consistency: 0.0001  loss_boundary: 0.1517  loss_sdf: 0.0085  grad_norm: 2.3853
2026/09/22 15:34:11 - mmengine - INFO - Exp name: rpgv_v2_stage1_rgb_20260922_144802
2026/09/22 15:34:11 - mmengine - INFO - Iter(train) [ 5000/40000]  base_lr: 5.5069e-04 lr: 5.5069e-05  eta: 3:23:09  time: 0.3556  data_time: 0.0120  memory: 6224  loss: 0.5771  loss_final: 0.1814  loss_rgb: 0.1788  loss_coarse: 0.0552  loss_region_consistency: 0.0002  loss_boundary: 0.1519  loss_sdf: 0.0096  grad_norm: 2.1998
2026/09/22 15:34:28 - mmengine - INFO - Iter(train) [ 5050/40000]  base_lr: 5.4998e-04 lr: 5.4998e-05  eta: 3:22:50  time: 0.3312  data_time: 0.0116  memory: 6224  loss: 0.5995  loss_final: 0.2812  loss_rgb: 0.1201  loss_coarse: 0.0830  loss_region_consistency: 0.0001  loss_boundary: 0.1064  loss_sdf: 0.0087  grad_norm: 2.2906
2026/09/22 15:34:46 - mmengine - INFO - Iter(train) [ 5100/40000]  base_lr: 5.4927e-04 lr: 5.4927e-05  eta: 3:22:32  time: 0.3464  data_time: 0.0118  memory: 6224  loss: 0.6063  loss_final: 0.2294  loss_rgb: 0.1591  loss_coarse: 0.0699  loss_region_consistency: 0.0002  loss_boundary: 0.1369  loss_sdf: 0.0109  grad_norm: 2.2697
2026/09/22 15:35:03 - mmengine - INFO - Iter(train) [ 5150/40000]  base_lr: 5.4857e-04 lr: 5.4857e-05  eta: 3:22:12  time: 0.3411  data_time: 0.0124  memory: 6224  loss: 0.7474  loss_final: 0.3277  loss_rgb: 0.1708  loss_coarse: 0.0960  loss_region_consistency: 0.0001  loss_boundary: 0.1373  loss_sdf: 0.0155  grad_norm: 2.2616
2026/09/22 15:35:20 - mmengine - INFO - Iter(train) [ 5200/40000]  base_lr: 5.4786e-04 lr: 5.4786e-05  eta: 3:21:53  time: 0.3432  data_time: 0.0117  memory: 6224  loss: 0.6258  loss_final: 0.3004  loss_rgb: 0.1223  loss_coarse: 0.0876  loss_region_consistency: 0.0001  loss_boundary: 0.1065  loss_sdf: 0.0089  grad_norm: 2.7167
2026/09/22 15:35:37 - mmengine - INFO - Iter(train) [ 5250/40000]  base_lr: 5.4715e-04 lr: 5.4715e-05  eta: 3:21:33  time: 0.3360  data_time: 0.0115  memory: 6224  loss: 0.5379  loss_final: 0.1910  loss_rgb: 0.1566  loss_coarse: 0.0588  loss_region_consistency: 0.0001  loss_boundary: 0.1256  loss_sdf: 0.0058  grad_norm: 2.3955
2026/09/22 15:35:54 - mmengine - INFO - Iter(train) [ 5300/40000]  base_lr: 5.4644e-04 lr: 5.4644e-05  eta: 3:21:13  time: 0.3325  data_time: 0.0114  memory: 6224  loss: 0.5564  loss_final: 0.2157  loss_rgb: 0.1483  loss_coarse: 0.0664  loss_region_consistency: 0.0001  loss_boundary: 0.1210  loss_sdf: 0.0049  grad_norm: 2.8887
2026/09/22 15:36:11 - mmengine - INFO - Iter(train) [ 5350/40000]  base_lr: 5.4573e-04 lr: 5.4573e-05  eta: 3:20:52  time: 0.3368  data_time: 0.0115  memory: 6224  loss: 0.5780  loss_final: 0.2343  loss_rgb: 0.1444  loss_coarse: 0.0714  loss_region_consistency: 0.0001  loss_boundary: 0.1212  loss_sdf: 0.0066  grad_norm: 2.8284
2026/09/22 15:36:28 - mmengine - INFO - Iter(train) [ 5400/40000]  base_lr: 5.4502e-04 lr: 5.4502e-05  eta: 3:20:32  time: 0.3425  data_time: 0.0126  memory: 6224  loss: 0.6558  loss_final: 0.3137  loss_rgb: 0.1342  loss_coarse: 0.0921  loss_region_consistency: 0.0001  loss_boundary: 0.1068  loss_sdf: 0.0089  grad_norm: 2.5950
2026/09/22 15:36:45 - mmengine - INFO - Iter(train) [ 5450/40000]  base_lr: 5.4431e-04 lr: 5.4431e-05  eta: 3:20:13  time: 0.3421  data_time: 0.0121  memory: 6224  loss: 0.5754  loss_final: 0.2030  loss_rgb: 0.1668  loss_coarse: 0.0604  loss_region_consistency: 0.0001  loss_boundary: 0.1369  loss_sdf: 0.0081  grad_norm: 2.9304
2026/09/22 15:37:02 - mmengine - INFO - Iter(train) [ 5500/40000]  base_lr: 5.4361e-04 lr: 5.4361e-05  eta: 3:19:54  time: 0.3423  data_time: 0.0122  memory: 6224  loss: 0.5583  loss_final: 0.1990  loss_rgb: 0.1526  loss_coarse: 0.0614  loss_region_consistency: 0.0001  loss_boundary: 0.1365  loss_sdf: 0.0087  grad_norm: 2.2756
2026/09/22 15:37:19 - mmengine - INFO - Iter(train) [ 5550/40000]  base_lr: 5.4290e-04 lr: 5.4290e-05  eta: 3:19:35  time: 0.3465  data_time: 0.0114  memory: 6224  loss: 0.5944  loss_final: 0.2180  loss_rgb: 0.1613  loss_coarse: 0.0666  loss_region_consistency: 0.0002  loss_boundary: 0.1377  loss_sdf: 0.0107  grad_norm: 2.2869
2026/09/22 15:37:36 - mmengine - INFO - Iter(train) [ 5600/40000]  base_lr: 5.4219e-04 lr: 5.4219e-05  eta: 3:19:15  time: 0.3397  data_time: 0.0116  memory: 6224  loss: 0.6640  loss_final: 0.2836  loss_rgb: 0.1638  loss_coarse: 0.0855  loss_region_consistency: 0.0001  loss_boundary: 0.1226  loss_sdf: 0.0083  grad_norm: 2.4892
2026/09/22 15:37:53 - mmengine - INFO - Iter(train) [ 5650/40000]  base_lr: 5.4148e-04 lr: 5.4148e-05  eta: 3:18:57  time: 0.3428  data_time: 0.0115  memory: 6224  loss: 0.6440  loss_final: 0.2492  loss_rgb: 0.1724  loss_coarse: 0.0741  loss_region_consistency: 0.0001  loss_boundary: 0.1371  loss_sdf: 0.0110  grad_norm: 2.4412
2026/09/22 15:38:10 - mmengine - INFO - Iter(train) [ 5700/40000]  base_lr: 5.4077e-04 lr: 5.4077e-05  eta: 3:18:38  time: 0.3394  data_time: 0.0132  memory: 6224  loss: 0.5168  loss_final: 0.1985  loss_rgb: 0.1307  loss_coarse: 0.0609  loss_region_consistency: 0.0001  loss_boundary: 0.1208  loss_sdf: 0.0058  grad_norm: 2.6559
2026/09/22 15:38:27 - mmengine - INFO - Iter(train) [ 5750/40000]  base_lr: 5.4006e-04 lr: 5.4006e-05  eta: 3:18:19  time: 0.3399  data_time: 0.0137  memory: 6224  loss: 0.7068  loss_final: 0.3113  loss_rgb: 0.1691  loss_coarse: 0.0929  loss_region_consistency: 0.0002  loss_boundary: 0.1211  loss_sdf: 0.0122  grad_norm: 2.5404
2026/09/22 15:38:44 - mmengine - INFO - Iter(train) [ 5800/40000]  base_lr: 5.3935e-04 lr: 5.3935e-05  eta: 3:18:00  time: 0.3482  data_time: 0.0120  memory: 6224  loss: 0.5674  loss_final: 0.2051  loss_rgb: 0.1566  loss_coarse: 0.0618  loss_region_consistency: 0.0001  loss_boundary: 0.1368  loss_sdf: 0.0069  grad_norm: 2.8602
2026/09/22 15:39:02 - mmengine - INFO - Iter(train) [ 5850/40000]  base_lr: 5.3864e-04 lr: 5.3864e-05  eta: 3:17:42  time: 0.3355  data_time: 0.0121  memory: 6224  loss: 0.6336  loss_final: 0.2933  loss_rgb: 0.1377  loss_coarse: 0.0876  loss_region_consistency: 0.0001  loss_boundary: 0.1060  loss_sdf: 0.0088  grad_norm: 2.3577
2026/09/22 15:39:19 - mmengine - INFO - Iter(train) [ 5900/40000]  base_lr: 5.3793e-04 lr: 5.3793e-05  eta: 3:17:23  time: 0.3328  data_time: 0.0116  memory: 6224  loss: 0.5350  loss_final: 0.2352  loss_rgb: 0.1109  loss_coarse: 0.0692  loss_region_consistency: 0.0001  loss_boundary: 0.1106  loss_sdf: 0.0090  grad_norm: 2.7201
2026/09/22 15:39:36 - mmengine - INFO - Iter(train) [ 5950/40000]  base_lr: 5.3722e-04 lr: 5.3722e-05  eta: 3:17:04  time: 0.3378  data_time: 0.0128  memory: 6224  loss: 0.5723  loss_final: 0.2534  loss_rgb: 0.1293  loss_coarse: 0.0773  loss_region_consistency: 0.0001  loss_boundary: 0.1066  loss_sdf: 0.0056  grad_norm: 2.6940
2026/09/22 15:39:53 - mmengine - INFO - Exp name: rpgv_v2_stage1_rgb_20260922_144802
2026/09/22 15:39:53 - mmengine - INFO - Iter(train) [ 6000/40000]  base_lr: 5.3651e-04 lr: 5.3651e-05  eta: 3:16:45  time: 0.3492  data_time: 0.0122  memory: 6224  loss: 0.5484  loss_final: 0.1880  loss_rgb: 0.1584  loss_coarse: 0.0575  loss_region_consistency: 0.0001  loss_boundary: 0.1365  loss_sdf: 0.0079  grad_norm: 2.5565
2026/09/22 15:39:53 - mmengine - INFO - Saving checkpoint at 6000 iterations
2026/09/22 15:40:41 - mmengine - INFO - Iter(val) [ 50/304]    eta: 0:03:55  time: 0.9273  data_time: 0.0115  memory: 1100  
2026/09/22 15:41:56 - mmengine - INFO - Iter(val) [100/304]    eta: 0:04:06  time: 1.4495  data_time: 0.0116  memory: 1100  
2026/09/22 15:43:07 - mmengine - INFO - Iter(val) [150/304]    eta: 0:03:17  time: 1.4189  data_time: 0.0123  memory: 1100  
2026/09/22 15:44:18 - mmengine - INFO - Iter(val) [200/304]    eta: 0:02:16  time: 1.4105  data_time: 0.0123  memory: 1100  
2026/09/22 15:45:27 - mmengine - INFO - Iter(val) [250/304]    eta: 0:01:11  time: 1.4032  data_time: 0.0124  memory: 1100  
2026/09/22 15:46:36 - mmengine - INFO - Iter(val) [300/304]    eta: 0:00:05  time: 1.3347  data_time: 0.0121  memory: 1100  
2026/09/22 15:46:41 - mmengine - INFO - per class results:
2026/09/22 15:46:41 - mmengine - INFO - 
+------------------+-------+-------+-------+--------+-----------+--------+
|      Class       |  IoU  |  Acc  |  Dice | Fscore | Precision | Recall |
+------------------+-------+-------+-------+--------+-----------+--------+
|    background    | 93.75 | 94.42 | 96.77 | 96.77  |   99.25   | 94.42  |
| wastewater_plant | 56.25 | 91.91 |  72.0 |  72.0  |   59.17   | 91.91  |
+------------------+-------+-------+-------+--------+-----------+--------+
2026/09/22 15:46:41 - mmengine - INFO - Iter(val) [304/304]    aAcc: 94.2100  mIoU: 75.0000  mAcc: 93.1600  mDice: 84.3800  mFscore: 84.3800  mPrecision: 79.2100  mRecall: 93.1600  binary/Foreground_IoU: 56.2457  binary/Dice: 71.9965  binary/F1: 71.9965  binary/Precision: 59.1743  binary/Recall: 91.9126  binary/Boundary_F1: 5.7313  binary/BFScore: 5.7313  binary/Boundary_Precision: 3.7120  binary/Boundary_Recall: 12.5682  binary/Hausdorff_px: 923.3810  binary/HD95_px: 765.2297  binary/Hausdorff_m: 461.6905  binary/HD95_m: 382.6149  data_time: 0.0130  time: 1.3376
2026/09/22 15:46:41 - mmengine - INFO - The previous best checkpoint /workspace/work_dirs/rpgv_v2_staged/stage1_rgb/best_binary_Foreground_IoU_iter_4000.pth is removed
2026/09/22 15:46:42 - mmengine - INFO - The best checkpoint with 56.2457 binary/Foreground_IoU at 6000 iter is saved to best_binary_Foreground_IoU_iter_6000.pth.
2026/09/22 15:47:02 - mmengine - INFO - Iter(train) [ 6050/40000]  base_lr: 5.3580e-04 lr: 5.3580e-05  eta: 3:16:49  time: 0.3471  data_time: 0.0143  memory: 6224  loss: 0.6484  loss_final: 0.3173  loss_rgb: 0.1210  loss_coarse: 0.0936  loss_region_consistency: 0.0001  loss_boundary: 0.1067  loss_sdf: 0.0096  grad_norm: 2.2096
2026/09/22 15:47:20 - mmengine - INFO - Iter(train) [ 6100/40000]  base_lr: 5.3509e-04 lr: 5.3509e-05  eta: 3:16:32  time: 0.3405  data_time: 0.0116  memory: 6224  loss: 0.5674  loss_final: 0.2081  loss_rgb: 0.1633  loss_coarse: 0.0624  loss_region_consistency: 0.0001  loss_boundary: 0.1268  loss_sdf: 0.0067  grad_norm: 2.0194
2026/09/22 15:47:37 - mmengine - INFO - Iter(train) [ 6150/40000]  base_lr: 5.3438e-04 lr: 5.3438e-05  eta: 3:16:13  time: 0.3419  data_time: 0.0117  memory: 6224  loss: 0.6885  loss_final: 0.3016  loss_rgb: 0.1484  loss_coarse: 0.0854  loss_region_consistency: 0.0002  loss_boundary: 0.1365  loss_sdf: 0.0165  grad_norm: 1.9651
2026/09/22 15:47:54 - mmengine - INFO - Iter(train) [ 6200/40000]  base_lr: 5.3367e-04 lr: 5.3367e-05  eta: 3:15:53  time: 0.3460  data_time: 0.0118  memory: 6224  loss: 0.5709  loss_final: 0.2242  loss_rgb: 0.1458  loss_coarse: 0.0692  loss_region_consistency: 0.0001  loss_boundary: 0.1231  loss_sdf: 0.0085  grad_norm: 2.0351
2026/09/22 15:48:11 - mmengine - INFO - Iter(train) [ 6250/40000]  base_lr: 5.3296e-04 lr: 5.3296e-05  eta: 3:15:33  time: 0.3401  data_time: 0.0118  memory: 6224  loss: 0.5379  loss_final: 0.1824  loss_rgb: 0.1583  loss_coarse: 0.0552  loss_region_consistency: 0.0001  loss_boundary: 0.1363  loss_sdf: 0.0056  grad_norm: 1.9839
2026/09/22 15:48:28 - mmengine - INFO - Iter(train) [ 6300/40000]  base_lr: 5.3225e-04 lr: 5.3225e-05  eta: 3:15:14  time: 0.3380  data_time: 0.0117  memory: 6224  loss: 0.7175  loss_final: 0.3411  loss_rgb: 0.1428  loss_coarse: 0.0988  loss_region_consistency: 0.0001  loss_boundary: 0.1217  loss_sdf: 0.0130  grad_norm: 2.4583
2026/09/22 15:48:45 - mmengine - INFO - Iter(train) [ 6350/40000]  base_lr: 5.3154e-04 lr: 5.3154e-05  eta: 3:14:56  time: 0.3441  data_time: 0.0140  memory: 6224  loss: 0.5868  loss_final: 0.2428  loss_rgb: 0.1420  loss_coarse: 0.0729  loss_region_consistency: 0.0001  loss_boundary: 0.1213  loss_sdf: 0.0076  grad_norm: 3.3135
2026/09/22 15:49:02 - mmengine - INFO - Iter(train) [ 6400/40000]  base_lr: 5.3083e-04 lr: 5.3083e-05  eta: 3:14:38  time: 0.3462  data_time: 0.0118  memory: 6224  loss: 0.6811  loss_final: 0.3325  loss_rgb: 0.1336  loss_coarse: 0.0979  loss_region_consistency: 0.0001  loss_boundary: 0.1061  loss_sdf: 0.0109  grad_norm: 2.5962
2026/09/22 15:49:20 - mmengine - INFO - Iter(train) [ 6450/40000]  base_lr: 5.3011e-04 lr: 5.3011e-05  eta: 3:14:21  time: 0.3509  data_time: 0.0123  memory: 6224  loss: 0.5457  loss_final: 0.1993  loss_rgb: 0.1410  loss_coarse: 0.0593  loss_region_consistency: 0.0001  loss_boundary: 0.1364  loss_sdf: 0.0095  grad_norm: 1.8760
2026/09/22 15:49:37 - mmengine - INFO - Iter(train) [ 6500/40000]  base_lr: 5.2940e-04 lr: 5.2940e-05  eta: 3:14:02  time: 0.3416  data_time: 0.0115  memory: 6224  loss: 0.4750  loss_final: 0.1368  loss_rgb: 0.1548  loss_coarse: 0.0428  loss_region_consistency: 0.0001  loss_boundary: 0.1360  loss_sdf: 0.0045  grad_norm: 2.0603
2026/09/22 15:49:54 - mmengine - INFO - Iter(train) [ 6550/40000]  base_lr: 5.2869e-04 lr: 5.2869e-05  eta: 3:13:43  time: 0.3460  data_time: 0.0126  memory: 6224  loss: 0.6372  loss_final: 0.2216  loss_rgb: 0.1877  loss_coarse: 0.0657  loss_region_consistency: 0.0001  loss_boundary: 0.1519  loss_sdf: 0.0102  grad_norm: 2.1476
2026/09/22 15:50:11 - mmengine - INFO - Iter(train) [ 6600/40000]  base_lr: 5.2798e-04 lr: 5.2798e-05  eta: 3:13:23  time: 0.3505  data_time: 0.0123  memory: 6224  loss: 0.5431  loss_final: 0.1944  loss_rgb: 0.1416  loss_coarse: 0.0591  loss_region_consistency: 0.0002  loss_boundary: 0.1371  loss_sdf: 0.0108  grad_norm: 2.3558
2026/09/22 15:50:28 - mmengine - INFO - Iter(train) [ 6650/40000]  base_lr: 5.2727e-04 lr: 5.2727e-05  eta: 3:13:03  time: 0.3350  data_time: 0.0115  memory: 6224  loss: 0.5732  loss_final: 0.2317  loss_rgb: 0.1448  loss_coarse: 0.0683  loss_region_consistency: 0.0001  loss_boundary: 0.1210  loss_sdf: 0.0073  grad_norm: 2.0530
2026/09/22 15:50:44 - mmengine - INFO - Iter(train) [ 6700/40000]  base_lr: 5.2656e-04 lr: 5.2656e-05  eta: 3:12:43  time: 0.3268  data_time: 0.0119  memory: 6224  loss: 0.6150  loss_final: 0.3174  loss_rgb: 0.1175  loss_coarse: 0.0925  loss_region_consistency: 0.0001  loss_boundary: 0.0817  loss_sdf: 0.0057  grad_norm: 2.2165
2026/09/22 15:51:01 - mmengine - INFO - Iter(train) [ 6750/40000]  base_lr: 5.2585e-04 lr: 5.2585e-05  eta: 3:12:23  time: 0.3207  data_time: 0.0116  memory: 6224  loss: 0.6004  loss_final: 0.3576  loss_rgb: 0.0722  loss_coarse: 0.1055  loss_region_consistency: 0.0001  loss_boundary: 0.0611  loss_sdf: 0.0040  grad_norm: 2.4124
2026/09/22 15:51:19 - mmengine - INFO - Iter(train) [ 6800/40000]  base_lr: 5.2514e-04 lr: 5.2514e-05  eta: 3:12:06  time: 0.3475  data_time: 0.0130  memory: 6224  loss: 0.5560  loss_final: 0.2224  loss_rgb: 0.1410  loss_coarse: 0.0670  loss_region_consistency: 0.0001  loss_boundary: 0.1206  loss_sdf: 0.0049  grad_norm: 2.3967
2026/09/22 15:51:36 - mmengine - INFO - Iter(train) [ 6850/40000]  base_lr: 5.2442e-04 lr: 5.2442e-05  eta: 3:11:47  time: 0.3389  data_time: 0.0123  memory: 6224  loss: 0.5909  loss_final: 0.2640  loss_rgb: 0.1356  loss_coarse: 0.0781  loss_region_consistency: 0.0001  loss_boundary: 0.1063  loss_sdf: 0.0068  grad_norm: 2.2664
2026/09/22 15:51:53 - mmengine - INFO - Iter(train) [ 6900/40000]  base_lr: 5.2371e-04 lr: 5.2371e-05  eta: 3:11:30  time: 0.3386  data_time: 0.0135  memory: 6224  loss: 0.5529  loss_final: 0.2598  loss_rgb: 0.1137  loss_coarse: 0.0771  loss_region_consistency: 0.0001  loss_boundary: 0.0962  loss_sdf: 0.0061  grad_norm: 2.2767
2026/09/22 15:52:10 - mmengine - INFO - Iter(train) [ 6950/40000]  base_lr: 5.2300e-04 lr: 5.2300e-05  eta: 3:11:13  time: 0.3390  data_time: 0.0124  memory: 6224  loss: 0.6613  loss_final: 0.2946  loss_rgb: 0.1465  loss_coarse: 0.0885  loss_region_consistency: 0.0001  loss_boundary: 0.1213  loss_sdf: 0.0102  grad_norm: 3.0816
2026/09/22 15:52:28 - mmengine - INFO - Exp name: rpgv_v2_stage1_rgb_20260922_144802
2026/09/22 15:52:28 - mmengine - INFO - Iter(train) [ 7000/40000]  base_lr: 5.2229e-04 lr: 5.2229e-05  eta: 3:10:55  time: 0.3479  data_time: 0.0152  memory: 6224  loss: 0.6172  loss_final: 0.3164  loss_rgb: 0.1091  loss_coarse: 0.0945  loss_region_consistency: 0.0001  loss_boundary: 0.0904  loss_sdf: 0.0067  grad_norm: 2.6496
2026/09/22 15:52:45 - mmengine - INFO - Iter(train) [ 7050/40000]  base_lr: 5.2157e-04 lr: 5.2157e-05  eta: 3:10:38  time: 0.3452  data_time: 0.0135  memory: 6224  loss: 0.5292  loss_final: 0.1768  loss_rgb: 0.1529  loss_coarse: 0.0544  loss_region_consistency: 0.0001  loss_boundary: 0.1364  loss_sdf: 0.0085  grad_norm: 2.1442
2026/09/22 15:53:02 - mmengine - INFO - Iter(train) [ 7100/40000]  base_lr: 5.2086e-04 lr: 5.2086e-05  eta: 3:10:20  time: 0.3387  data_time: 0.0124  memory: 6224  loss: 0.6097  loss_final: 0.2625  loss_rgb: 0.1404  loss_coarse: 0.0783  loss_region_consistency: 0.0001  loss_boundary: 0.1214  loss_sdf: 0.0070  grad_norm: 2.3131
2026/09/22 15:53:20 - mmengine - INFO - Iter(train) [ 7150/40000]  base_lr: 5.2015e-04 lr: 5.2015e-05  eta: 3:10:04  time: 0.3573  data_time: 0.0155  memory: 6224  loss: 0.5754  loss_final: 0.2164  loss_rgb: 0.1626  loss_coarse: 0.0643  loss_region_consistency: 0.0001  loss_boundary: 0.1243  loss_sdf: 0.0077  grad_norm: 2.7901
2026/09/22 15:53:38 - mmengine - INFO - Iter(train) [ 7200/40000]  base_lr: 5.1944e-04 lr: 5.1944e-05  eta: 3:09:48  time: 0.3569  data_time: 0.0121  memory: 6224  loss: 0.6072  loss_final: 0.2352  loss_rgb: 0.1573  loss_coarse: 0.0695  loss_region_consistency: 0.0001  loss_boundary: 0.1359  loss_sdf: 0.0091  grad_norm: 3.1239
2026/09/22 15:53:55 - mmengine - INFO - Iter(train) [ 7250/40000]  base_lr: 5.1872e-04 lr: 5.1872e-05  eta: 3:09:28  time: 0.3387  data_time: 0.0117  memory: 6224  loss: 0.5270  loss_final: 0.2070  loss_rgb: 0.1312  loss_coarse: 0.0609  loss_region_consistency: 0.0001  loss_boundary: 0.1211  loss_sdf: 0.0066  grad_norm: 2.4327
2026/09/22 15:54:12 - mmengine - INFO - Iter(train) [ 7300/40000]  base_lr: 5.1801e-04 lr: 5.1801e-05  eta: 3:09:10  time: 0.3365  data_time: 0.0119  memory: 6224  loss: 0.5322  loss_final: 0.2349  loss_rgb: 0.1168  loss_coarse: 0.0691  loss_region_consistency: 0.0001  loss_boundary: 0.1059  loss_sdf: 0.0053  grad_norm: 1.9733
2026/09/22 15:54:29 - mmengine - INFO - Iter(train) [ 7350/40000]  base_lr: 5.1730e-04 lr: 5.1730e-05  eta: 3:08:52  time: 0.3359  data_time: 0.0130  memory: 6224  loss: 0.5554  loss_final: 0.2500  loss_rgb: 0.1183  loss_coarse: 0.0735  loss_region_consistency: 0.0001  loss_boundary: 0.1063  loss_sdf: 0.0071  grad_norm: 2.1333
2026/09/22 15:54:46 - mmengine - INFO - Iter(train) [ 7400/40000]  base_lr: 5.1659e-04 lr: 5.1659e-05  eta: 3:08:33  time: 0.3362  data_time: 0.0116  memory: 6224  loss: 0.6147  loss_final: 0.3198  loss_rgb: 0.1059  loss_coarse: 0.0912  loss_region_consistency: 0.0001  loss_boundary: 0.0911  loss_sdf: 0.0065  grad_norm: 2.3350
2026/09/22 15:55:03 - mmengine - INFO - Iter(train) [ 7450/40000]  base_lr: 5.1587e-04 lr: 5.1587e-05  eta: 3:08:14  time: 0.3333  data_time: 0.0117  memory: 6224  loss: 0.6063  loss_final: 0.2639  loss_rgb: 0.1358  loss_coarse: 0.0761  loss_region_consistency: 0.0001  loss_boundary: 0.1210  loss_sdf: 0.0094  grad_norm: 2.5207
2026/09/22 15:55:20 - mmengine - INFO - Iter(train) [ 7500/40000]  base_lr: 5.1516e-04 lr: 5.1516e-05  eta: 3:07:55  time: 0.3276  data_time: 0.0119  memory: 6224  loss: 0.5861  loss_final: 0.2921  loss_rgb: 0.1136  loss_coarse: 0.0848  loss_region_consistency: 0.0001  loss_boundary: 0.0916  loss_sdf: 0.0040  grad_norm: 2.4560
2026/09/22 15:55:37 - mmengine - INFO - Iter(train) [ 7550/40000]  base_lr: 5.1445e-04 lr: 5.1445e-05  eta: 3:07:36  time: 0.3393  data_time: 0.0117  memory: 6224  loss: 0.5825  loss_final: 0.2190  loss_rgb: 0.1530  loss_coarse: 0.0645  loss_region_consistency: 0.0001  loss_boundary: 0.1356  loss_sdf: 0.0103  grad_norm: 2.0752
2026/09/22 15:55:54 - mmengine - INFO - Iter(train) [ 7600/40000]  base_lr: 5.1373e-04 lr: 5.1373e-05  eta: 3:07:18  time: 0.3429  data_time: 0.0120  memory: 6224  loss: 0.5904  loss_final: 0.2708  loss_rgb: 0.1281  loss_coarse: 0.0785  loss_region_consistency: 0.0001  loss_boundary: 0.1062  loss_sdf: 0.0068  grad_norm: 1.9869
2026/09/22 15:56:11 - mmengine - INFO - Iter(train) [ 7650/40000]  base_lr: 5.1302e-04 lr: 5.1302e-05  eta: 3:06:59  time: 0.3305  data_time: 0.0120  memory: 6224  loss: 0.5837  loss_final: 0.2990  loss_rgb: 0.1030  loss_coarse: 0.0848  loss_region_consistency: 0.0001  loss_boundary: 0.0910  loss_sdf: 0.0058  grad_norm: 1.9248
2026/09/22 15:56:28 - mmengine - INFO - Iter(train) [ 7700/40000]  base_lr: 5.1231e-04 lr: 5.1231e-05  eta: 3:06:41  time: 0.3416  data_time: 0.0134  memory: 6224  loss: 0.6109  loss_final: 0.2635  loss_rgb: 0.1423  loss_coarse: 0.0752  loss_region_consistency: 0.0001  loss_boundary: 0.1214  loss_sdf: 0.0083  grad_norm: 2.1217
2026/09/22 15:56:45 - mmengine - INFO - Iter(train) [ 7750/40000]  base_lr: 5.1159e-04 lr: 5.1159e-05  eta: 3:06:22  time: 0.3419  data_time: 0.0117  memory: 6224  loss: 0.5882  loss_final: 0.2191  loss_rgb: 0.1590  loss_coarse: 0.0645  loss_region_consistency: 0.0001  loss_boundary: 0.1367  loss_sdf: 0.0087  grad_norm: 1.6739
2026/09/22 15:57:02 - mmengine - INFO - Iter(train) [ 7800/40000]  base_lr: 5.1088e-04 lr: 5.1088e-05  eta: 3:06:04  time: 0.3569  data_time: 0.0114  memory: 6224  loss: 0.5743  loss_final: 0.1826  loss_rgb: 0.1739  loss_coarse: 0.0563  loss_region_consistency: 0.0001  loss_boundary: 0.1518  loss_sdf: 0.0096  grad_norm: 1.8780
2026/09/22 15:57:19 - mmengine - INFO - Iter(train) [ 7850/40000]  base_lr: 5.1016e-04 lr: 5.1016e-05  eta: 3:05:46  time: 0.3417  data_time: 0.0120  memory: 6224  loss: 0.5307  loss_final: 0.1787  loss_rgb: 0.1552  loss_coarse: 0.0521  loss_region_consistency: 0.0001  loss_boundary: 0.1362  loss_sdf: 0.0084  grad_norm: 1.8208
2026/09/22 15:57:37 - mmengine - INFO - Iter(train) [ 7900/40000]  base_lr: 5.0945e-04 lr: 5.0945e-05  eta: 3:05:28  time: 0.3477  data_time: 0.0120  memory: 6224  loss: 0.6046  loss_final: 0.2202  loss_rgb: 0.1717  loss_coarse: 0.0665  loss_region_consistency: 0.0001  loss_boundary: 0.1364  loss_sdf: 0.0096  grad_norm: 1.9553
2026/09/22 15:57:54 - mmengine - INFO - Iter(train) [ 7950/40000]  base_lr: 5.0874e-04 lr: 5.0874e-05  eta: 3:05:09  time: 0.3428  data_time: 0.0113  memory: 6224  loss: 0.5033  loss_final: 0.1383  loss_rgb: 0.1644  loss_coarse: 0.0414  loss_region_consistency: 0.0001  loss_boundary: 0.1513  loss_sdf: 0.0078  grad_norm: 2.1404
2026/09/22 15:58:11 - mmengine - INFO - Exp name: rpgv_v2_stage1_rgb_20260922_144802
2026/09/22 15:58:11 - mmengine - INFO - Iter(train) [ 8000/40000]  base_lr: 5.0802e-04 lr: 5.0802e-05  eta: 3:04:51  time: 0.3459  data_time: 0.0123  memory: 6224  loss: 0.7149  loss_final: 0.3319  loss_rgb: 0.1557  loss_coarse: 0.0945  loss_region_consistency: 0.0001  loss_boundary: 0.1217  loss_sdf: 0.0110  grad_norm: 2.3050
2026/09/22 15:58:11 - mmengine - INFO - Saving checkpoint at 8000 iterations
2026/09/22 15:58:58 - mmengine - INFO - Iter(val) [ 50/304]    eta: 0:03:54  time: 0.9202  data_time: 0.0137  memory: 1100  
2026/09/22 16:00:17 - mmengine - INFO - Iter(val) [100/304]    eta: 0:04:15  time: 1.5749  data_time: 0.0128  memory: 1100  
2026/09/22 16:01:34 - mmengine - INFO - Iter(val) [150/304]    eta: 0:03:26  time: 1.5066  data_time: 0.0125  memory: 1100  
2026/09/22 16:02:46 - mmengine - INFO - Iter(val) [200/304]    eta: 0:02:22  time: 1.4272  data_time: 0.0129  memory: 1100  
2026/09/22 16:04:00 - mmengine - INFO - Iter(val) [250/304]    eta: 0:01:15  time: 1.4841  data_time: 0.0123  memory: 1100  
2026/09/22 16:05:12 - mmengine - INFO - Iter(val) [300/304]    eta: 0:00:05  time: 1.4113  data_time: 0.0117  memory: 1100  
2026/09/22 16:05:18 - mmengine - INFO - per class results:
2026/09/22 16:05:18 - mmengine - INFO - 
+------------------+------+-------+-------+--------+-----------+--------+
|      Class       | IoU  |  Acc  |  Dice | Fscore | Precision | Recall |
+------------------+------+-------+-------+--------+-----------+--------+
|    background    | 95.1 | 95.75 | 97.49 | 97.49  |   99.29   | 95.75  |
| wastewater_plant | 62.2 | 92.24 | 76.69 | 76.69  |   65.63   | 92.24  |
+------------------+------+-------+-------+--------+-----------+--------+
2026/09/22 16:05:18 - mmengine - INFO - Iter(val) [304/304]    aAcc: 95.4600  mIoU: 78.6500  mAcc: 93.9900  mDice: 87.0900  mFscore: 87.0900  mPrecision: 82.4600  mRecall: 93.9900  binary/Foreground_IoU: 62.1991  binary/Dice: 76.6948  binary/F1: 76.6948  binary/Precision: 65.6348  binary/Recall: 92.2375  binary/Boundary_F1: 6.9885  binary/BFScore: 6.9885  binary/Boundary_Precision: 4.9107  binary/Boundary_Recall: 12.1147  binary/Hausdorff_px: 685.1368  binary/HD95_px: 553.1711  binary/Hausdorff_m: 342.5684  binary/HD95_m: 276.5855  data_time: 0.0134  time: 1.4017
2026/09/22 16:05:18 - mmengine - INFO - The previous best checkpoint /workspace/work_dirs/rpgv_v2_staged/stage1_rgb/best_binary_Foreground_IoU_iter_6000.pth is removed
2026/09/22 16:05:19 - mmengine - INFO - The best checkpoint with 62.1991 binary/Foreground_IoU at 8000 iter is saved to best_binary_Foreground_IoU_iter_8000.pth.
2026/09/22 16:05:39 - mmengine - INFO - Iter(train) [ 8050/40000]  base_lr: 5.0731e-04 lr: 5.0731e-05  eta: 3:04:48  time: 0.3425  data_time: 0.0116  memory: 6224  loss: 0.5656  loss_final: 0.2000  loss_rgb: 0.1641  loss_coarse: 0.0572  loss_region_consistency: 0.0001  loss_boundary: 0.1369  loss_sdf: 0.0072  grad_norm: 2.4021
2026/09/22 16:05:56 - mmengine - INFO - Iter(train) [ 8100/40000]  base_lr: 5.0659e-04 lr: 5.0659e-05  eta: 3:04:29  time: 0.3301  data_time: 0.0118  memory: 6224  loss: 0.5188  loss_final: 0.2237  loss_rgb: 0.1245  loss_coarse: 0.0607  loss_region_consistency: 0.0001  loss_boundary: 0.1059  loss_sdf: 0.0039  grad_norm: 2.4701
2026/09/22 16:06:13 - mmengine - INFO - Iter(train) [ 8150/40000]  base_lr: 5.0588e-04 lr: 5.0588e-05  eta: 3:04:11  time: 0.3448  data_time: 0.0113  memory: 6224  loss: 0.5818  loss_final: 0.2251  loss_rgb: 0.1436  loss_coarse: 0.0644  loss_region_consistency: 0.0001  loss_boundary: 0.1371  loss_sdf: 0.0114  grad_norm: 2.1504
2026/09/22 16:06:30 - mmengine - INFO - Iter(train) [ 8200/40000]  base_lr: 5.0516e-04 lr: 5.0516e-05  eta: 3:03:52  time: 0.3434  data_time: 0.0116  memory: 6224  loss: 0.5868  loss_final: 0.2396  loss_rgb: 0.1536  loss_coarse: 0.0643  loss_region_consistency: 0.0001  loss_boundary: 0.1213  loss_sdf: 0.0079  grad_norm: 2.1945
2026/09/22 16:06:47 - mmengine - INFO - Iter(train) [ 8250/40000]  base_lr: 5.0445e-04 lr: 5.0445e-05  eta: 3:03:33  time: 0.3359  data_time: 0.0130  memory: 6224  loss: 0.4904  loss_final: 0.2088  loss_rgb: 0.1177  loss_coarse: 0.0549  loss_region_consistency: 0.0001  loss_boundary: 0.1053  loss_sdf: 0.0036  grad_norm: 1.9624
2026/09/22 16:07:04 - mmengine - INFO - Iter(train) [ 8300/40000]  base_lr: 5.0373e-04 lr: 5.0373e-05  eta: 3:03:14  time: 0.3320  data_time: 0.0115  memory: 6224  loss: 0.5948  loss_final: 0.2850  loss_rgb: 0.1244  loss_coarse: 0.0699  loss_region_consistency: 0.0001  loss_boundary: 0.1068  loss_sdf: 0.0085  grad_norm: 2.5009
2026/09/22 16:07:21 - mmengine - INFO - Iter(train) [ 8350/40000]  base_lr: 5.0302e-04 lr: 5.0302e-05  eta: 3:02:55  time: 0.3455  data_time: 0.0131  memory: 6224  loss: 0.5722  loss_final: 0.1762  loss_rgb: 0.1790  loss_coarse: 0.0531  loss_region_consistency: 0.0002  loss_boundary: 0.1521  loss_sdf: 0.0116  grad_norm: 3.7629
2026/09/22 16:07:38 - mmengine - INFO - Iter(train) [ 8400/40000]  base_lr: 5.0230e-04 lr: 5.0230e-05  eta: 3:02:37  time: 0.3466  data_time: 0.0115  memory: 6224  loss: 0.6271  loss_final: 0.2538  loss_rgb: 0.1585  loss_coarse: 0.0686  loss_region_consistency: 0.0001  loss_boundary: 0.1365  loss_sdf: 0.0097  grad_norm: 3.1347
2026/09/22 16:07:55 - mmengine - INFO - Iter(train) [ 8450/40000]  base_lr: 5.0159e-04 lr: 5.0159e-05  eta: 3:02:18  time: 0.3350  data_time: 0.0116  memory: 6224  loss: 0.6622  loss_final: 0.2878  loss_rgb: 0.1539  loss_coarse: 0.0840  loss_region_consistency: 0.0001  loss_boundary: 0.1266  loss_sdf: 0.0098  grad_norm: 2.4844
2026/09/22 16:08:12 - mmengine - INFO - Iter(train) [ 8500/40000]  base_lr: 5.0087e-04 lr: 5.0087e-05  eta: 3:02:00  time: 0.3417  data_time: 0.0127  memory: 6224  loss: 0.5867  loss_final: 0.2125  loss_rgb: 0.1667  loss_coarse: 0.0641  loss_region_consistency: 0.0001  loss_boundary: 0.1362  loss_sdf: 0.0070  grad_norm: 3.2461
2026/09/22 16:08:29 - mmengine - INFO - Iter(train) [ 8550/40000]  base_lr: 5.0016e-04 lr: 5.0016e-05  eta: 3:01:41  time: 0.3347  data_time: 0.0116  memory: 6224  loss: 0.4937  loss_final: 0.1845  loss_rgb: 0.1402  loss_coarse: 0.0407  loss_region_consistency: 0.0001  loss_boundary: 0.1216  loss_sdf: 0.0066  grad_norm: 3.2487
2026/09/22 16:08:46 - mmengine - INFO - Iter(train) [ 8600/40000]  base_lr: 4.9944e-04 lr: 4.9944e-05  eta: 3:01:23  time: 0.3439  data_time: 0.0112  memory: 6224  loss: 0.5704  loss_final: 0.2232  loss_rgb: 0.1574  loss_coarse: 0.0594  loss_region_consistency: 0.0001  loss_boundary: 0.1224  loss_sdf: 0.0078  grad_norm: 2.2172
2026/09/22 16:09:03 - mmengine - INFO - Iter(train) [ 8650/40000]  base_lr: 4.9872e-04 lr: 4.9872e-05  eta: 3:01:04  time: 0.3345  data_time: 0.0126  memory: 6224  loss: 0.5312  loss_final: 0.2435  loss_rgb: 0.1202  loss_coarse: 0.0545  loss_region_consistency: 0.0001  loss_boundary: 0.1064  loss_sdf: 0.0065  grad_norm: 2.4936
2026/09/22 16:09:20 - mmengine - INFO - Iter(train) [ 8700/40000]  base_lr: 4.9801e-04 lr: 4.9801e-05  eta: 3:00:45  time: 0.3316  data_time: 0.0119  memory: 6224  loss: 0.4616  loss_final: 0.1712  loss_rgb: 0.1266  loss_coarse: 0.0349  loss_region_consistency: 0.0001  loss_boundary: 0.1211  loss_sdf: 0.0076  grad_norm: 2.6952
2026/09/22 16:09:37 - mmengine - INFO - Iter(train) [ 8750/40000]  base_lr: 4.9729e-04 lr: 4.9729e-05  eta: 3:00:27  time: 0.3399  data_time: 0.0122  memory: 6224  loss: 0.5287  loss_final: 0.2134  loss_rgb: 0.1348  loss_coarse: 0.0505  loss_region_consistency: 0.0001  loss_boundary: 0.1209  loss_sdf: 0.0090  grad_norm: 2.4659
2026/09/22 16:09:54 - mmengine - INFO - Iter(train) [ 8800/40000]  base_lr: 4.9658e-04 lr: 4.9658e-05  eta: 3:00:09  time: 0.3467  data_time: 0.0116  memory: 6224  loss: 0.4697  loss_final: 0.1664  loss_rgb: 0.1332  loss_coarse: 0.0406  loss_region_consistency: 0.0001  loss_boundary: 0.1211  loss_sdf: 0.0084  grad_norm: 2.7964
2026/09/22 16:10:11 - mmengine - INFO - Iter(train) [ 8850/40000]  base_lr: 4.9586e-04 lr: 4.9586e-05  eta: 2:59:50  time: 0.3280  data_time: 0.0125  memory: 6224  loss: 0.3388  loss_final: 0.1369  loss_rgb: 0.0933  loss_coarse: 0.0308  loss_region_consistency: 0.0001  loss_boundary: 0.0751  loss_sdf: 0.0027  grad_norm: 2.4595
2026/09/22 16:10:28 - mmengine - INFO - Iter(train) [ 8900/40000]  base_lr: 4.9514e-04 lr: 4.9514e-05  eta: 2:59:32  time: 0.3411  data_time: 0.0114  memory: 6224  loss: 0.5271  loss_final: 0.1745  loss_rgb: 0.1556  loss_coarse: 0.0520  loss_region_consistency: 0.0001  loss_boundary: 0.1364  loss_sdf: 0.0086  grad_norm: 2.6049
2026/09/22 16:10:45 - mmengine - INFO - Iter(train) [ 8950/40000]  base_lr: 4.9443e-04 lr: 4.9443e-05  eta: 2:59:14  time: 0.3397  data_time: 0.0113  memory: 6224  loss: 0.5622  loss_final: 0.1957  loss_rgb: 0.1607  loss_coarse: 0.0573  loss_region_consistency: 0.0002  loss_boundary: 0.1362  loss_sdf: 0.0121  grad_norm: 3.1286
2026/09/22 16:11:02 - mmengine - INFO - Exp name: rpgv_v2_stage1_rgb_20260922_144802
2026/09/22 16:11:02 - mmengine - INFO - Iter(train) [ 9000/40000]  base_lr: 4.9371e-04 lr: 4.9371e-05  eta: 2:58:56  time: 0.3416  data_time: 0.0116  memory: 6224  loss: 0.5373  loss_final: 0.2307  loss_rgb: 0.1260  loss_coarse: 0.0634  loss_region_consistency: 0.0001  loss_boundary: 0.1057  loss_sdf: 0.0114  grad_norm: 3.4256
2026/09/22 16:11:20 - mmengine - INFO - Iter(train) [ 9050/40000]  base_lr: 4.9299e-04 lr: 4.9299e-05  eta: 2:58:38  time: 0.3418  data_time: 0.0118  memory: 6224  loss: 0.4872  loss_final: 0.1467  loss_rgb: 0.1550  loss_coarse: 0.0436  loss_region_consistency: 0.0001  loss_boundary: 0.1356  loss_sdf: 0.0061  grad_norm: 2.4964
2026/09/22 16:11:37 - mmengine - INFO - Iter(train) [ 9100/40000]  base_lr: 4.9228e-04 lr: 4.9228e-05  eta: 2:58:22  time: 0.3519  data_time: 0.0130  memory: 6224  loss: 0.6333  loss_final: 0.2325  loss_rgb: 0.1821  loss_coarse: 0.0708  loss_region_consistency: 0.0001  loss_boundary: 0.1388  loss_sdf: 0.0090  grad_norm: 2.8821
2026/09/22 16:11:55 - mmengine - INFO - Iter(train) [ 9150/40000]  base_lr: 4.9156e-04 lr: 4.9156e-05  eta: 2:58:05  time: 0.3465  data_time: 0.0127  memory: 6224  loss: 0.5047  loss_final: 0.1655  loss_rgb: 0.1454  loss_coarse: 0.0497  loss_region_consistency: 0.0001  loss_boundary: 0.1363  loss_sdf: 0.0077  grad_norm: 3.9294
2026/09/22 16:12:12 - mmengine - INFO - Iter(train) [ 9200/40000]  base_lr: 4.9084e-04 lr: 4.9084e-05  eta: 2:57:47  time: 0.3525  data_time: 0.0120  memory: 6224  loss: 0.5022  loss_final: 0.1522  loss_rgb: 0.1573  loss_coarse: 0.0462  loss_region_consistency: 0.0001  loss_boundary: 0.1367  loss_sdf: 0.0096  grad_norm: 2.4739
2026/09/22 16:12:29 - mmengine - INFO - Iter(train) [ 9250/40000]  base_lr: 4.9013e-04 lr: 4.9013e-05  eta: 2:57:28  time: 0.3372  data_time: 0.0116  memory: 6224  loss: 0.6345  loss_final: 0.2618  loss_rgb: 0.1457  loss_coarse: 0.0768  loss_region_consistency: 0.0002  loss_boundary: 0.1366  loss_sdf: 0.0134  grad_norm: 2.2666
2026/09/22 16:12:46 - mmengine - INFO - Iter(train) [ 9300/40000]  base_lr: 4.8941e-04 lr: 4.8941e-05  eta: 2:57:10  time: 0.3342  data_time: 0.0118  memory: 6224  loss: 0.3881  loss_final: 0.1190  loss_rgb: 0.1201  loss_coarse: 0.0348  loss_region_consistency: 0.0001  loss_boundary: 0.1064  loss_sdf: 0.0077  grad_norm: 3.2491
2026/09/22 16:13:03 - mmengine - INFO - Iter(train) [ 9350/40000]  base_lr: 4.8869e-04 lr: 4.8869e-05  eta: 2:56:53  time: 0.3415  data_time: 0.0132  memory: 6224  loss: 0.4084  loss_final: 0.1076  loss_rgb: 0.1403  loss_coarse: 0.0337  loss_region_consistency: 0.0001  loss_boundary: 0.1210  loss_sdf: 0.0056  grad_norm: 2.9918
2026/09/22 16:13:20 - mmengine - INFO - Iter(train) [ 9400/40000]  base_lr: 4.8797e-04 lr: 4.8797e-05  eta: 2:56:34  time: 0.3403  data_time: 0.0114  memory: 6224  loss: 0.3216  loss_final: 0.0675  loss_rgb: 0.1242  loss_coarse: 0.0206  loss_region_consistency: 0.0001  loss_boundary: 0.1060  loss_sdf: 0.0032  grad_norm: 2.6254
2026/09/22 16:13:37 - mmengine - INFO - Iter(train) [ 9450/40000]  base_lr: 4.8726e-04 lr: 4.8726e-05  eta: 2:56:15  time: 0.3296  data_time: 0.0120  memory: 6224  loss: 0.4198  loss_final: 0.1580  loss_rgb: 0.1167  loss_coarse: 0.0455  loss_region_consistency: 0.0001  loss_boundary: 0.0954  loss_sdf: 0.0042  grad_norm: 2.2139
2026/09/22 16:13:54 - mmengine - INFO - Iter(train) [ 9500/40000]  base_lr: 4.8654e-04 lr: 4.8654e-05  eta: 2:55:57  time: 0.3414  data_time: 0.0117  memory: 6224  loss: 0.4309  loss_final: 0.1141  loss_rgb: 0.1477  loss_coarse: 0.0348  loss_region_consistency: 0.0001  loss_boundary: 0.1266  loss_sdf: 0.0076  grad_norm: 2.3799
2026/09/22 16:14:11 - mmengine - INFO - Iter(train) [ 9550/40000]  base_lr: 4.8582e-04 lr: 4.8582e-05  eta: 2:55:39  time: 0.3379  data_time: 0.0116  memory: 6224  loss: 0.4200  loss_final: 0.1198  loss_rgb: 0.1352  loss_coarse: 0.0377  loss_region_consistency: 0.0001  loss_boundary: 0.1207  loss_sdf: 0.0065  grad_norm: 2.3954
2026/09/22 16:14:28 - mmengine - INFO - Iter(train) [ 9600/40000]  base_lr: 4.8510e-04 lr: 4.8510e-05  eta: 2:55:21  time: 0.3491  data_time: 0.0119  memory: 6224  loss: 0.5219  loss_final: 0.1743  loss_rgb: 0.1508  loss_coarse: 0.0518  loss_region_consistency: 0.0001  loss_boundary: 0.1362  loss_sdf: 0.0087  grad_norm: 2.3330
2026/09/22 16:14:45 - mmengine - INFO - Iter(train) [ 9650/40000]  base_lr: 4.8438e-04 lr: 4.8438e-05  eta: 2:55:03  time: 0.3380  data_time: 0.0120  memory: 6224  loss: 0.4511  loss_final: 0.1381  loss_rgb: 0.1482  loss_coarse: 0.0329  loss_region_consistency: 0.0001  loss_boundary: 0.1261  loss_sdf: 0.0057  grad_norm: 6.3184
2026/09/22 16:15:02 - mmengine - INFO - Iter(train) [ 9700/40000]  base_lr: 4.8367e-04 lr: 4.8367e-05  eta: 2:54:45  time: 0.3376  data_time: 0.0118  memory: 6224  loss: 0.5875  loss_final: 0.2407  loss_rgb: 0.1442  loss_coarse: 0.0708  loss_region_consistency: 0.0001  loss_boundary: 0.1223  loss_sdf: 0.0093  grad_norm: 5.8994
2026/09/22 16:15:19 - mmengine - INFO - Iter(train) [ 9750/40000]  base_lr: 4.8295e-04 lr: 4.8295e-05  eta: 2:54:27  time: 0.3424  data_time: 0.0125  memory: 6224  loss: 0.4717  loss_final: 0.1196  loss_rgb: 0.1720  loss_coarse: 0.0365  loss_region_consistency: 0.0001  loss_boundary: 0.1363  loss_sdf: 0.0072  grad_norm: 5.3306
2026/09/22 16:15:37 - mmengine - INFO - Iter(train) [ 9800/40000]  base_lr: 4.8223e-04 lr: 4.8223e-05  eta: 2:54:10  time: 0.3538  data_time: 0.0119  memory: 6224  loss: 0.4984  loss_final: 0.1535  loss_rgb: 0.1478  loss_coarse: 0.0456  loss_region_consistency: 0.0001  loss_boundary: 0.1412  loss_sdf: 0.0102  grad_norm: 4.9714
2026/09/22 16:15:54 - mmengine - INFO - Iter(train) [ 9850/40000]  base_lr: 4.8151e-04 lr: 4.8151e-05  eta: 2:53:51  time: 0.3341  data_time: 0.0123  memory: 6224  loss: 0.4919  loss_final: 0.1724  loss_rgb: 0.1501  loss_coarse: 0.0512  loss_region_consistency: 0.0001  loss_boundary: 0.1112  loss_sdf: 0.0069  grad_norm: 2.1070
2026/09/22 16:16:11 - mmengine - INFO - Iter(train) [ 9900/40000]  base_lr: 4.8079e-04 lr: 4.8079e-05  eta: 2:53:33  time: 0.3376  data_time: 0.0120  memory: 6224  loss: 0.4355  loss_final: 0.1257  loss_rgb: 0.1458  loss_coarse: 0.0383  loss_region_consistency: 0.0001  loss_boundary: 0.1201  loss_sdf: 0.0055  grad_norm: 4.2709
2026/09/22 16:16:28 - mmengine - INFO - Iter(train) [ 9950/40000]  base_lr: 4.8007e-04 lr: 4.8007e-05  eta: 2:53:15  time: 0.3365  data_time: 0.0113  memory: 6224  loss: 0.4814  loss_final: 0.1398  loss_rgb: 0.1576  loss_coarse: 0.0420  loss_region_consistency: 0.0001  loss_boundary: 0.1357  loss_sdf: 0.0061  grad_norm: 4.1584
2026/09/22 16:16:45 - mmengine - INFO - Exp name: rpgv_v2_stage1_rgb_20260922_144802
2026/09/22 16:16:45 - mmengine - INFO - Iter(train) [10000/40000]  base_lr: 4.7935e-04 lr: 4.7935e-05  eta: 2:52:57  time: 0.3487  data_time: 0.0118  memory: 6224  loss: 0.5647  loss_final: 0.2026  loss_rgb: 0.1574  loss_coarse: 0.0599  loss_region_consistency: 0.0001  loss_boundary: 0.1362  loss_sdf: 0.0085  grad_norm: 2.6395
2026/09/22 16:16:45 - mmengine - INFO - Saving checkpoint at 10000 iterations
2026/09/22 16:17:32 - mmengine - INFO - Iter(val) [ 50/304]    eta: 0:03:52  time: 0.9166  data_time: 0.0118  memory: 1100  
2026/09/22 16:18:45 - mmengine - INFO - Iter(val) [100/304]    eta: 0:04:02  time: 1.3692  data_time: 0.0119  memory: 1100  
2026/09/22 16:19:56 - mmengine - INFO - Iter(val) [150/304]    eta: 0:03:14  time: 1.3906  data_time: 0.0128  memory: 1100  
2026/09/22 16:21:04 - mmengine - INFO - Iter(val) [200/304]    eta: 0:02:14  time: 1.3608  data_time: 0.0123  memory: 1100  
2026/09/22 16:22:11 - mmengine - INFO - Iter(val) [250/304]    eta: 0:01:10  time: 1.3583  data_time: 0.0121  memory: 1100  
2026/09/22 16:23:16 - mmengine - INFO - Iter(val) [300/304]    eta: 0:00:05  time: 1.2499  data_time: 0.0123  memory: 1100  
2026/09/22 16:23:21 - mmengine - INFO - per class results:
2026/09/22 16:23:21 - mmengine - INFO - 
+------------------+-------+-------+-------+--------+-----------+--------+
|      Class       |  IoU  |  Acc  |  Dice | Fscore | Precision | Recall |
+------------------+-------+-------+-------+--------+-----------+--------+
|    background    |  95.7 | 96.61 |  97.8 |  97.8  |   99.02   | 96.61  |
| wastewater_plant | 64.39 | 89.15 | 78.34 | 78.34  |   69.87   | 89.15  |
+------------------+-------+-------+-------+--------+-----------+--------+
2026/09/22 16:23:21 - mmengine - INFO - Iter(val) [304/304]    aAcc: 96.0100  mIoU: 80.0500  mAcc: 92.8800  mDice: 88.0700  mFscore: 88.0700  mPrecision: 84.4400  mRecall: 92.8800  binary/Foreground_IoU: 64.3933  binary/Dice: 78.3405  binary/F1: 78.3405  binary/Precision: 69.8664  binary/Recall: 89.1540  binary/Boundary_F1: 8.9697  binary/BFScore: 8.9697  binary/Boundary_Precision: 6.5011  binary/Boundary_Recall: 14.4606  binary/Hausdorff_px: 513.7127  binary/HD95_px: 393.8555  binary/Hausdorff_m: 256.8563  binary/HD95_m: 196.9277  data_time: 0.0130  time: 1.2997
2026/09/22 16:23:21 - mmengine - INFO - The previous best checkpoint /workspace/work_dirs/rpgv_v2_staged/stage1_rgb/best_binary_Foreground_IoU_iter_8000.pth is removed
2026/09/22 16:23:22 - mmengine - INFO - The best checkpoint with 64.3933 binary/Foreground_IoU at 10000 iter is saved to best_binary_Foreground_IoU_iter_10000.pth.
2026/09/22 16:23:42 - mmengine - INFO - Iter(train) [10050/40000]  base_lr: 4.7863e-04 lr: 4.7863e-05  eta: 2:52:50  time: 0.3300  data_time: 0.0120  memory: 6224  loss: 0.4798  loss_final: 0.2029  loss_rgb: 0.1218  loss_coarse: 0.0506  loss_region_consistency: 0.0001  loss_boundary: 0.0959  loss_sdf: 0.0085  grad_norm: 3.6500
2026/09/22 16:23:59 - mmengine - INFO - Iter(train) [10100/40000]  base_lr: 4.7792e-04 lr: 4.7792e-05  eta: 2:52:32  time: 0.3278  data_time: 0.0118  memory: 6224  loss: 0.3014  loss_final: 0.0702  loss_rgb: 0.1146  loss_coarse: 0.0181  loss_region_consistency: 0.0001  loss_boundary: 0.0953  loss_sdf: 0.0031  grad_norm: 3.9556
2026/09/22 16:24:16 - mmengine - INFO - Iter(train) [10150/40000]  base_lr: 4.7720e-04 lr: 4.7720e-05  eta: 2:52:13  time: 0.3427  data_time: 0.0127  memory: 6224  loss: 0.4831  loss_final: 0.1387  loss_rgb: 0.1576  loss_coarse: 0.0407  loss_region_consistency: 0.0001  loss_boundary: 0.1385  loss_sdf: 0.0075  grad_norm: 3.0524
2026/09/22 16:24:33 - mmengine - INFO - Iter(train) [10200/40000]  base_lr: 4.7648e-04 lr: 4.7648e-05  eta: 2:51:55  time: 0.3464  data_time: 0.0116  memory: 6224  loss: 0.3626  loss_final: 0.0804  loss_rgb: 0.1313  loss_coarse: 0.0253  loss_region_consistency: 0.0001  loss_boundary: 0.1202  loss_sdf: 0.0053  grad_norm: 2.7065
2026/09/22 16:24:50 - mmengine - INFO - Iter(train) [10250/40000]  base_lr: 4.7576e-04 lr: 4.7576e-05  eta: 2:51:38  time: 0.3376  data_time: 0.0115  memory: 6224  loss: 0.5032  loss_final: 0.1681  loss_rgb: 0.1384  loss_coarse: 0.0490  loss_region_consistency: 0.0002  loss_boundary: 0.1366  loss_sdf: 0.0109  grad_norm: 2.6968
2026/09/22 16:25:07 - mmengine - INFO - Iter(train) [10300/40000]  base_lr: 4.7504e-04 lr: 4.7504e-05  eta: 2:51:20  time: 0.3335  data_time: 0.0116  memory: 6224  loss: 0.4204  loss_final: 0.1250  loss_rgb: 0.1316  loss_coarse: 0.0371  loss_region_consistency: 0.0001  loss_boundary: 0.1204  loss_sdf: 0.0062  grad_norm: 2.3069
2026/09/22 16:25:24 - mmengine - INFO - Iter(train) [10350/40000]  base_lr: 4.7432e-04 lr: 4.7432e-05  eta: 2:51:01  time: 0.3342  data_time: 0.0118  memory: 6224  loss: 0.4619  loss_final: 0.1577  loss_rgb: 0.1411  loss_coarse: 0.0470  loss_region_consistency: 0.0001  loss_boundary: 0.1114  loss_sdf: 0.0047  grad_norm: 2.1837
2026/09/22 16:25:41 - mmengine - INFO - Iter(train) [10400/40000]  base_lr: 4.7360e-04 lr: 4.7360e-05  eta: 2:50:44  time: 0.3537  data_time: 0.0118  memory: 6224  loss: 0.5118  loss_final: 0.1364  loss_rgb: 0.1760  loss_coarse: 0.0418  loss_region_consistency: 0.0001  loss_boundary: 0.1505  loss_sdf: 0.0069  grad_norm: 2.5853
2026/09/22 16:25:59 - mmengine - INFO - Iter(train) [10450/40000]  base_lr: 4.7288e-04 lr: 4.7288e-05  eta: 2:50:26  time: 0.3397  data_time: 0.0119  memory: 6224  loss: 0.4280  loss_final: 0.1016  loss_rgb: 0.1558  loss_coarse: 0.0312  loss_region_consistency: 0.0001  loss_boundary: 0.1354  loss_sdf: 0.0040  grad_norm: 2.7445
2026/09/22 16:26:16 - mmengine - INFO - Iter(train) [10500/40000]  base_lr: 4.7216e-04 lr: 4.7216e-05  eta: 2:50:08  time: 0.3418  data_time: 0.0114  memory: 6224  loss: 0.5261  loss_final: 0.1765  loss_rgb: 0.1534  loss_coarse: 0.0532  loss_region_consistency: 0.0001  loss_boundary: 0.1364  loss_sdf: 0.0064  grad_norm: 3.1926
2026/09/22 16:26:33 - mmengine - INFO - Iter(train) [10550/40000]  base_lr: 4.7144e-04 lr: 4.7144e-05  eta: 2:49:50  time: 0.3394  data_time: 0.0138  memory: 6224  loss: 0.4386  loss_final: 0.1357  loss_rgb: 0.1342  loss_coarse: 0.0414  loss_region_consistency: 0.0001  loss_boundary: 0.1209  loss_sdf: 0.0063  grad_norm: 2.4235
2026/09/22 16:26:50 - mmengine - INFO - Iter(train) [10600/40000]  base_lr: 4.7072e-04 lr: 4.7072e-05  eta: 2:49:32  time: 0.3492  data_time: 0.0116  memory: 6224  loss: 0.5105  loss_final: 0.1822  loss_rgb: 0.1414  loss_coarse: 0.0541  loss_region_consistency: 0.0001  loss_boundary: 0.1222  loss_sdf: 0.0105  grad_norm: 3.0420
2026/09/22 16:27:07 - mmengine - INFO - Iter(train) [10650/40000]  base_lr: 4.7000e-04 lr: 4.7000e-05  eta: 2:49:13  time: 0.3298  data_time: 0.0117  memory: 6224  loss: 0.4116  loss_final: 0.1318  loss_rgb: 0.1278  loss_coarse: 0.0385  loss_region_consistency: 0.0001  loss_boundary: 0.1062  loss_sdf: 0.0071  grad_norm: 3.1208
2026/09/22 16:27:23 - mmengine - INFO - Iter(train) [10700/40000]  base_lr: 4.6928e-04 lr: 4.6928e-05  eta: 2:48:55  time: 0.3366  data_time: 0.0129  memory: 6224  loss: 0.5659  loss_final: 0.2231  loss_rgb: 0.1552  loss_coarse: 0.0652  loss_region_consistency: 0.0001  loss_boundary: 0.1154  loss_sdf: 0.0068  grad_norm: 2.0849
2026/09/22 16:27:41 - mmengine - INFO - Iter(train) [10750/40000]  base_lr: 4.6855e-04 lr: 4.6855e-05  eta: 2:48:37  time: 0.3403  data_time: 0.0110  memory: 6224  loss: 0.4732  loss_final: 0.1236  loss_rgb: 0.1665  loss_coarse: 0.0382  loss_region_consistency: 0.0001  loss_boundary: 0.1370  loss_sdf: 0.0078  grad_norm: 1.8052
2026/09/22 16:27:58 - mmengine - INFO - Iter(train) [10800/40000]  base_lr: 4.6783e-04 lr: 4.6783e-05  eta: 2:48:20  time: 0.3425  data_time: 0.0116  memory: 6224  loss: 0.3727  loss_final: 0.1081  loss_rgb: 0.1209  loss_coarse: 0.0323  loss_region_consistency: 0.0001  loss_boundary: 0.1058  loss_sdf: 0.0055  grad_norm: 1.9589
2026/09/22 16:28:15 - mmengine - INFO - Iter(train) [10850/40000]  base_lr: 4.6711e-04 lr: 4.6711e-05  eta: 2:48:02  time: 0.3432  data_time: 0.0115  memory: 6224  loss: 0.5199  loss_final: 0.1576  loss_rgb: 0.1658  loss_coarse: 0.0489  loss_region_consistency: 0.0001  loss_boundary: 0.1418  loss_sdf: 0.0057  grad_norm: 1.7466
2026/09/22 16:28:32 - mmengine - INFO - Iter(train) [10900/40000]  base_lr: 4.6639e-04 lr: 4.6639e-05  eta: 2:47:44  time: 0.3431  data_time: 0.0117  memory: 6224  loss: 0.5514  loss_final: 0.1919  loss_rgb: 0.1561  loss_coarse: 0.0588  loss_region_consistency: 0.0001  loss_boundary: 0.1358  loss_sdf: 0.0087  grad_norm: 1.7726
2026/09/22 16:28:49 - mmengine - INFO - Iter(train) [10950/40000]  base_lr: 4.6567e-04 lr: 4.6567e-05  eta: 2:47:26  time: 0.3443  data_time: 0.0123  memory: 6224  loss: 0.4856  loss_final: 0.1280  loss_rgb: 0.1587  loss_coarse: 0.0397  loss_region_consistency: 0.0001  loss_boundary: 0.1511  loss_sdf: 0.0079  grad_norm: 1.8501
2026/09/22 16:29:06 - mmengine - INFO - Exp name: rpgv_v2_stage1_rgb_20260922_144802
2026/09/22 16:29:06 - mmengine - INFO - Iter(train) [11000/40000]  base_lr: 4.6495e-04 lr: 4.6495e-05  eta: 2:47:08  time: 0.3416  data_time: 0.0121  memory: 6224  loss: 0.3740  loss_final: 0.0889  loss_rgb: 0.1435  loss_coarse: 0.0260  loss_region_consistency: 0.0001  loss_boundary: 0.1108  loss_sdf: 0.0047  grad_norm: 2.2953
2026/09/22 16:29:23 - mmengine - INFO - Iter(train) [11050/40000]  base_lr: 4.6423e-04 lr: 4.6423e-05  eta: 2:46:50  time: 0.3484  data_time: 0.0119  memory: 6224  loss: 0.4781  loss_final: 0.1269  loss_rgb: 0.1542  loss_coarse: 0.0381  loss_region_consistency: 0.0001  loss_boundary: 0.1513  loss_sdf: 0.0076  grad_norm: 2.1895
2026/09/22 16:29:40 - mmengine - INFO - Iter(train) [11100/40000]  base_lr: 4.6351e-04 lr: 4.6351e-05  eta: 2:46:32  time: 0.3312  data_time: 0.0115  memory: 6224  loss: 0.4188  loss_final: 0.1421  loss_rgb: 0.1213  loss_coarse: 0.0414  loss_region_consistency: 0.0001  loss_boundary: 0.1064  loss_sdf: 0.0074  grad_norm: 2.1667
2026/09/22 16:29:57 - mmengine - INFO - Iter(train) [11150/40000]  base_lr: 4.6278e-04 lr: 4.6278e-05  eta: 2:46:13  time: 0.3392  data_time: 0.0121  memory: 6224  loss: 0.4246  loss_final: 0.1160  loss_rgb: 0.1438  loss_coarse: 0.0365  loss_region_consistency: 0.0001  loss_boundary: 0.1214  loss_sdf: 0.0068  grad_norm: 2.1761
2026/09/22 16:30:14 - mmengine - INFO - Iter(train) [11200/40000]  base_lr: 4.6206e-04 lr: 4.6206e-05  eta: 2:45:55  time: 0.3508  data_time: 0.0114  memory: 6224  loss: 0.5406  loss_final: 0.1800  loss_rgb: 0.1574  loss_coarse: 0.0544  loss_region_consistency: 0.0002  loss_boundary: 0.1370  loss_sdf: 0.0115  grad_norm: 2.0185
2026/09/22 16:30:31 - mmengine - INFO - Iter(train) [11250/40000]  base_lr: 4.6134e-04 lr: 4.6134e-05  eta: 2:45:38  time: 0.3351  data_time: 0.0114  memory: 6224  loss: 0.4858  loss_final: 0.1695  loss_rgb: 0.1361  loss_coarse: 0.0500  loss_region_consistency: 0.0001  loss_boundary: 0.1210  loss_sdf: 0.0091  grad_norm: 2.7024
2026/09/22 16:30:48 - mmengine - INFO - Iter(train) [11300/40000]  base_lr: 4.6062e-04 lr: 4.6062e-05  eta: 2:45:19  time: 0.3408  data_time: 0.0114  memory: 6224  loss: 0.4659  loss_final: 0.1131  loss_rgb: 0.1603  loss_coarse: 0.0347  loss_region_consistency: 0.0001  loss_boundary: 0.1508  loss_sdf: 0.0069  grad_norm: 2.3209
2026/09/22 16:31:05 - mmengine - INFO - Iter(train) [11350/40000]  base_lr: 4.5990e-04 lr: 4.5990e-05  eta: 2:45:01  time: 0.3368  data_time: 0.0127  memory: 6224  loss: 0.5394  loss_final: 0.1935  loss_rgb: 0.1599  loss_coarse: 0.0583  loss_region_consistency: 0.0001  loss_boundary: 0.1217  loss_sdf: 0.0060  grad_norm: 2.1051
2026/09/22 16:31:22 - mmengine - INFO - Iter(train) [11400/40000]  base_lr: 4.5917e-04 lr: 4.5917e-05  eta: 2:44:44  time: 0.3490  data_time: 0.0123  memory: 6224  loss: 0.4917  loss_final: 0.1595  loss_rgb: 0.1426  loss_coarse: 0.0450  loss_region_consistency: 0.0001  loss_boundary: 0.1353  loss_sdf: 0.0093  grad_norm: 2.3089
2026/09/22 16:31:39 - mmengine - INFO - Iter(train) [11450/40000]  base_lr: 4.5845e-04 lr: 4.5845e-05  eta: 2:44:26  time: 0.3453  data_time: 0.0119  memory: 6224  loss: 0.5690  loss_final: 0.2024  loss_rgb: 0.1434  loss_coarse: 0.0598  loss_region_consistency: 0.0001  loss_boundary: 0.1515  loss_sdf: 0.0118  grad_norm: 5.1957
2026/09/22 16:31:56 - mmengine - INFO - Iter(train) [11500/40000]  base_lr: 4.5773e-04 lr: 4.5773e-05  eta: 2:44:08  time: 0.3416  data_time: 0.0116  memory: 6224  loss: 0.4596  loss_final: 0.1394  loss_rgb: 0.1346  loss_coarse: 0.0412  loss_region_consistency: 0.0001  loss_boundary: 0.1362  loss_sdf: 0.0080  grad_norm: 4.9646
2026/09/22 16:32:13 - mmengine - INFO - Iter(train) [11550/40000]  base_lr: 4.5700e-04 lr: 4.5700e-05  eta: 2:43:50  time: 0.3468  data_time: 0.0124  memory: 6224  loss: 0.4753  loss_final: 0.1366  loss_rgb: 0.1533  loss_coarse: 0.0410  loss_region_consistency: 0.0001  loss_boundary: 0.1365  loss_sdf: 0.0079  grad_norm: 2.5097
2026/09/22 16:32:30 - mmengine - INFO - Iter(train) [11600/40000]  base_lr: 4.5628e-04 lr: 4.5628e-05  eta: 2:43:32  time: 0.3294  data_time: 0.0120  memory: 6224  loss: 0.3237  loss_final: 0.1377  loss_rgb: 0.0779  loss_coarse: 0.0414  loss_region_consistency: 0.0001  loss_boundary: 0.0624  loss_sdf: 0.0041  grad_norm: 2.8045
2026/09/22 16:32:47 - mmengine - INFO - Iter(train) [11650/40000]  base_lr: 4.5556e-04 lr: 4.5556e-05  eta: 2:43:14  time: 0.3416  data_time: 0.0119  memory: 6224  loss: 0.5327  loss_final: 0.1460  loss_rgb: 0.1817  loss_coarse: 0.0455  loss_region_consistency: 0.0001  loss_boundary: 0.1512  loss_sdf: 0.0082  grad_norm: 4.3491
2026/09/22 16:33:04 - mmengine - INFO - Iter(train) [11700/40000]  base_lr: 4.5484e-04 lr: 4.5484e-05  eta: 2:42:56  time: 0.3316  data_time: 0.0119  memory: 6224  loss: 0.4246  loss_final: 0.1262  loss_rgb: 0.1415  loss_coarse: 0.0388  loss_region_consistency: 0.0001  loss_boundary: 0.1111  loss_sdf: 0.0068  grad_norm: 4.8002
2026/09/22 16:33:21 - mmengine - INFO - Iter(train) [11750/40000]  base_lr: 4.5411e-04 lr: 4.5411e-05  eta: 2:42:37  time: 0.3340  data_time: 0.0113  memory: 6224  loss: 0.3887  loss_final: 0.1302  loss_rgb: 0.1073  loss_coarse: 0.0390  loss_region_consistency: 0.0001  loss_boundary: 0.1054  loss_sdf: 0.0067  grad_norm: 4.7307
2026/09/22 16:33:38 - mmengine - INFO - Iter(train) [11800/40000]  base_lr: 4.5339e-04 lr: 4.5339e-05  eta: 2:42:20  time: 0.3515  data_time: 0.0117  memory: 6224  loss: 0.4971  loss_final: 0.1521  loss_rgb: 0.1526  loss_coarse: 0.0473  loss_region_consistency: 0.0002  loss_boundary: 0.1362  loss_sdf: 0.0087  grad_norm: 4.5849
2026/09/22 16:33:55 - mmengine - INFO - Iter(train) [11850/40000]  base_lr: 4.5267e-04 lr: 4.5267e-05  eta: 2:42:02  time: 0.3432  data_time: 0.0113  memory: 6224  loss: 0.4591  loss_final: 0.1111  loss_rgb: 0.1556  loss_coarse: 0.0336  loss_region_consistency: 0.0001  loss_boundary: 0.1508  loss_sdf: 0.0079  grad_norm: 3.4379
2026/09/22 16:34:12 - mmengine - INFO - Iter(train) [11900/40000]  base_lr: 4.5194e-04 lr: 4.5194e-05  eta: 2:41:44  time: 0.3493  data_time: 0.0128  memory: 6224  loss: 0.4565  loss_final: 0.0970  loss_rgb: 0.1724  loss_coarse: 0.0310  loss_region_consistency: 0.0001  loss_boundary: 0.1509  loss_sdf: 0.0051  grad_norm: 2.3133
2026/09/22 16:34:29 - mmengine - INFO - Iter(train) [11950/40000]  base_lr: 4.5122e-04 lr: 4.5122e-05  eta: 2:41:26  time: 0.3402  data_time: 0.0117  memory: 6224  loss: 0.5218  loss_final: 0.1767  loss_rgb: 0.1504  loss_coarse: 0.0504  loss_region_consistency: 0.0001  loss_boundary: 0.1355  loss_sdf: 0.0087  grad_norm: 2.8368
2026/09/22 16:34:46 - mmengine - INFO - Exp name: rpgv_v2_stage1_rgb_20260922_144802
2026/09/22 16:34:46 - mmengine - INFO - Iter(train) [12000/40000]  base_lr: 4.5049e-04 lr: 4.5049e-05  eta: 2:41:09  time: 0.3449  data_time: 0.0117  memory: 6224  loss: 0.4385  loss_final: 0.1044  loss_rgb: 0.1613  loss_coarse: 0.0319  loss_region_consistency: 0.0001  loss_boundary: 0.1360  loss_sdf: 0.0048  grad_norm: 2.6681
2026/09/22 16:34:46 - mmengine - INFO - Saving checkpoint at 12000 iterations
2026/09/22 16:35:33 - mmengine - INFO - Iter(val) [ 50/304]    eta: 0:03:50  time: 0.9180  data_time: 0.0122  memory: 1100  
2026/09/22 16:36:47 - mmengine - INFO - Iter(val) [100/304]    eta: 0:04:03  time: 1.3890  data_time: 0.0122  memory: 1100  
2026/09/22 16:37:55 - mmengine - INFO - Iter(val) [150/304]    eta: 0:03:12  time: 1.3534  data_time: 0.0119  memory: 1100  
2026/09/22 16:39:01 - mmengine - INFO - Iter(val) [200/304]    eta: 0:02:11  time: 1.3244  data_time: 0.0114  memory: 1100  
2026/09/22 16:40:07 - mmengine - INFO - Iter(val) [250/304]    eta: 0:01:08  time: 1.3088  data_time: 0.0114  memory: 1100  
2026/09/22 16:41:12 - mmengine - INFO - Iter(val) [300/304]    eta: 0:00:05  time: 1.2633  data_time: 0.0122  memory: 1100  
2026/09/22 16:41:17 - mmengine - INFO - per class results:
2026/09/22 16:41:17 - mmengine - INFO - 
+------------------+-------+-------+-------+--------+-----------+--------+
|      Class       |  IoU  |  Acc  |  Dice | Fscore | Precision | Recall |
+------------------+-------+-------+-------+--------+-----------+--------+
|    background    | 96.01 | 96.76 | 97.96 | 97.96  |    99.2   | 96.76  |
| wastewater_plant | 66.61 | 91.11 | 79.96 | 79.96  |   71.24   | 91.11  |
+------------------+-------+-------+-------+--------+-----------+--------+
2026/09/22 16:41:17 - mmengine - INFO - Iter(val) [304/304]    aAcc: 96.3000  mIoU: 81.3100  mAcc: 93.9300  mDice: 88.9600  mFscore: 88.9600  mPrecision: 85.2200  mRecall: 93.9300  binary/Foreground_IoU: 66.6076  binary/Dice: 79.9575  binary/F1: 79.9575  binary/Precision: 71.2398  binary/Recall: 91.1062  binary/Boundary_F1: 9.6786  binary/BFScore: 9.6786  binary/Boundary_Precision: 7.0301  binary/Boundary_Recall: 15.5288  binary/Hausdorff_px: 620.8052  binary/HD95_px: 439.2454  binary/Hausdorff_m: 310.4026  binary/HD95_m: 219.6227  data_time: 0.0128  time: 1.2823
2026/09/22 16:41:17 - mmengine - INFO - The previous best checkpoint /workspace/work_dirs/rpgv_v2_staged/stage1_rgb/best_binary_Foreground_IoU_iter_10000.pth is removed
2026/09/22 16:41:19 - mmengine - INFO - The best checkpoint with 66.6076 binary/Foreground_IoU at 12000 iter is saved to best_binary_Foreground_IoU_iter_12000.pth.
2026/09/22 16:41:38 - mmengine - INFO - Iter(train) [12050/40000]  base_lr: 4.4977e-04 lr: 4.4977e-05  eta: 2:41:00  time: 0.3427  data_time: 0.0129  memory: 6224  loss: 0.3540  loss_final: 0.0926  loss_rgb: 0.1129  loss_coarse: 0.0295  loss_region_consistency: 0.0001  loss_boundary: 0.1110  loss_sdf: 0.0077  grad_norm: 2.9286
2026/09/22 16:41:55 - mmengine - INFO - Iter(train) [12100/40000]  base_lr: 4.4905e-04 lr: 4.4905e-05  eta: 2:40:42  time: 0.3411  data_time: 0.0118  memory: 6224  loss: 0.4631  loss_final: 0.1374  loss_rgb: 0.1417  loss_coarse: 0.0414  loss_region_consistency: 0.0001  loss_boundary: 0.1358  loss_sdf: 0.0067  grad_norm: 2.8853
2026/09/22 16:42:12 - mmengine - INFO - Iter(train) [12150/40000]  base_lr: 4.4832e-04 lr: 4.4832e-05  eta: 2:40:24  time: 0.3451  data_time: 0.0123  memory: 6224  loss: 0.5079  loss_final: 0.1730  loss_rgb: 0.1419  loss_coarse: 0.0474  loss_region_consistency: 0.0002  loss_boundary: 0.1364  loss_sdf: 0.0090  grad_norm: 3.5568
2026/09/22 16:42:29 - mmengine - INFO - Iter(train) [12200/40000]  base_lr: 4.4760e-04 lr: 4.4760e-05  eta: 2:40:06  time: 0.3431  data_time: 0.0122  memory: 6224  loss: 0.4813  loss_final: 0.1666  loss_rgb: 0.1356  loss_coarse: 0.0500  loss_region_consistency: 0.0001  loss_boundary: 0.1212  loss_sdf: 0.0077  grad_norm: 2.7400
2026/09/22 16:42:46 - mmengine - INFO - Iter(train) [12250/40000]  base_lr: 4.4687e-04 lr: 4.4687e-05  eta: 2:39:48  time: 0.3355  data_time: 0.0130  memory: 6224  loss: 0.3319  loss_final: 0.0849  loss_rgb: 0.1116  loss_coarse: 0.0256  loss_region_consistency: 0.0001  loss_boundary: 0.1055  loss_sdf: 0.0042  grad_norm: 1.7027
2026/09/22 16:43:03 - mmengine - INFO - Iter(train) [12300/40000]  base_lr: 4.4615e-04 lr: 4.4615e-05  eta: 2:39:30  time: 0.3406  data_time: 0.0121  memory: 6224  loss: 0.4849  loss_final: 0.1451  loss_rgb: 0.1531  loss_coarse: 0.0438  loss_region_consistency: 0.0001  loss_boundary: 0.1360  loss_sdf: 0.0067  grad_norm: 2.1047
2026/09/22 16:43:20 - mmengine - INFO - Iter(train) [12350/40000]  base_lr: 4.4542e-04 lr: 4.4542e-05  eta: 2:39:13  time: 0.3456  data_time: 0.0134  memory: 6224  loss: 0.5087  loss_final: 0.1573  loss_rgb: 0.1492  loss_coarse: 0.0485  loss_region_consistency: 0.0002  loss_boundary: 0.1418  loss_sdf: 0.0117  grad_norm: 2.6558
2026/09/22 16:43:38 - mmengine - INFO - Iter(train) [12400/40000]  base_lr: 4.4470e-04 lr: 4.4470e-05  eta: 2:38:55  time: 0.3412  data_time: 0.0121  memory: 6224  loss: 0.3283  loss_final: 0.0666  loss_rgb: 0.1266  loss_coarse: 0.0209  loss_region_consistency: 0.0001  loss_boundary: 0.1109  loss_sdf: 0.0033  grad_norm: 2.5299
2026/09/22 16:43:55 - mmengine - INFO - Iter(train) [12450/40000]  base_lr: 4.4397e-04 lr: 4.4397e-05  eta: 2:38:37  time: 0.3255  data_time: 0.0112  memory: 6224  loss: 0.3348  loss_final: 0.1055  loss_rgb: 0.1022  loss_coarse: 0.0308  loss_region_consistency: 0.0001  loss_boundary: 0.0912  loss_sdf: 0.0050  grad_norm: 2.0437
2026/09/22 16:44:12 - mmengine - INFO - Iter(train) [12500/40000]  base_lr: 4.4325e-04 lr: 4.4325e-05  eta: 2:38:20  time: 0.3398  data_time: 0.0118  memory: 6224  loss: 0.5508  loss_final: 0.1870  loss_rgb: 0.1618  loss_coarse: 0.0563  loss_region_consistency: 0.0001  loss_boundary: 0.1364  loss_sdf: 0.0092  grad_norm: 2.2705
2026/09/22 16:44:29 - mmengine - INFO - Iter(train) [12550/40000]  base_lr: 4.4252e-04 lr: 4.4252e-05  eta: 2:38:01  time: 0.3293  data_time: 0.0121  memory: 6224  loss: 0.3129  loss_final: 0.0843  loss_rgb: 0.1069  loss_coarse: 0.0260  loss_region_consistency: 0.0001  loss_boundary: 0.0909  loss_sdf: 0.0047  grad_norm: 2.3093
2026/09/22 16:44:46 - mmengine - INFO - Iter(train) [12600/40000]  base_lr: 4.4180e-04 lr: 4.4180e-05  eta: 2:37:44  time: 0.3523  data_time: 0.0119  memory: 6224  loss: 0.6592  loss_final: 0.2434  loss_rgb: 0.1789  loss_coarse: 0.0722  loss_region_consistency: 0.0002  loss_boundary: 0.1518  loss_sdf: 0.0127  grad_norm: 2.1753
2026/09/22 16:45:03 - mmengine - INFO - Iter(train) [12650/40000]  base_lr: 4.4107e-04 lr: 4.4107e-05  eta: 2:37:26  time: 0.3471  data_time: 0.0132  memory: 6224  loss: 0.5321  loss_final: 0.1454  loss_rgb: 0.1826  loss_coarse: 0.0452  loss_region_consistency: 0.0002  loss_boundary: 0.1507  loss_sdf: 0.0080  grad_norm: 2.2863
2026/09/22 16:45:20 - mmengine - INFO - Iter(train) [12700/40000]  base_lr: 4.4035e-04 lr: 4.4035e-05  eta: 2:37:08  time: 0.3481  data_time: 0.0126  memory: 6224  loss: 0.5756  loss_final: 0.1885  loss_rgb: 0.1683  loss_coarse: 0.0569  loss_region_consistency: 0.0001  loss_boundary: 0.1519  loss_sdf: 0.0098  grad_norm: 1.8549
2026/09/22 16:45:37 - mmengine - INFO - Iter(train) [12750/40000]  base_lr: 4.3962e-04 lr: 4.3962e-05  eta: 2:36:50  time: 0.3374  data_time: 0.0119  memory: 6224  loss: 0.4224  loss_final: 0.1290  loss_rgb: 0.1264  loss_coarse: 0.0385  loss_region_consistency: 0.0001  loss_boundary: 0.1208  loss_sdf: 0.0076  grad_norm: 2.2257
2026/09/22 16:45:54 - mmengine - INFO - Iter(train) [12800/40000]  base_lr: 4.3889e-04 lr: 4.3889e-05  eta: 2:36:33  time: 0.3456  data_time: 0.0113  memory: 6224  loss: 0.4186  loss_final: 0.1175  loss_rgb: 0.1370  loss_coarse: 0.0355  loss_region_consistency: 0.0001  loss_boundary: 0.1212  loss_sdf: 0.0073  grad_norm: 3.5802
2026/09/22 16:46:11 - mmengine - INFO - Iter(train) [12850/40000]  base_lr: 4.3817e-04 lr: 4.3817e-05  eta: 2:36:15  time: 0.3365  data_time: 0.0120  memory: 6224  loss: 0.5046  loss_final: 0.1714  loss_rgb: 0.1481  loss_coarse: 0.0529  loss_region_consistency: 0.0002  loss_boundary: 0.1213  loss_sdf: 0.0106  grad_norm: 2.0692
2026/09/22 16:46:28 - mmengine - INFO - Iter(train) [12900/40000]  base_lr: 4.3744e-04 lr: 4.3744e-05  eta: 2:35:57  time: 0.3407  data_time: 0.0113  memory: 6224  loss: 0.4890  loss_final: 0.1450  loss_rgb: 0.1572  loss_coarse: 0.0440  loss_region_consistency: 0.0001  loss_boundary: 0.1365  loss_sdf: 0.0061  grad_norm: 2.3721
2026/09/22 16:46:45 - mmengine - INFO - Iter(train) [12950/40000]  base_lr: 4.3671e-04 lr: 4.3671e-05  eta: 2:35:39  time: 0.3340  data_time: 0.0126  memory: 6224  loss: 0.3309  loss_final: 0.0815  loss_rgb: 0.1125  loss_coarse: 0.0252  loss_region_consistency: 0.0001  loss_boundary: 0.1059  loss_sdf: 0.0057  grad_norm: 2.4148
2026/09/22 16:47:02 - mmengine - INFO - Exp name: rpgv_v2_stage1_rgb_20260922_144802
2026/09/22 16:47:02 - mmengine - INFO - Iter(train) [13000/40000]  base_lr: 4.3599e-04 lr: 4.3599e-05  eta: 2:35:21  time: 0.3395  data_time: 0.0123  memory: 6224  loss: 0.3638  loss_final: 0.1040  loss_rgb: 0.1185  loss_coarse: 0.0312  loss_region_consistency: 0.0001  loss_boundary: 0.1055  loss_sdf: 0.0045  grad_norm: 3.4725
2026/09/22 16:47:19 - mmengine - INFO - Iter(train) [13050/40000]  base_lr: 4.3526e-04 lr: 4.3526e-05  eta: 2:35:04  time: 0.3391  data_time: 0.0113  memory: 6224  loss: 0.4393  loss_final: 0.1178  loss_rgb: 0.1413  loss_coarse: 0.0349  loss_region_consistency: 0.0001  loss_boundary: 0.1369  loss_sdf: 0.0083  grad_norm: 1.8423
2026/09/22 16:47:36 - mmengine - INFO - Iter(train) [13100/40000]  base_lr: 4.3453e-04 lr: 4.3453e-05  eta: 2:34:46  time: 0.3264  data_time: 0.0119  memory: 6224  loss: 0.2574  loss_final: 0.0713  loss_rgb: 0.0806  loss_coarse: 0.0214  loss_region_consistency: 0.0001  loss_boundary: 0.0804  loss_sdf: 0.0037  grad_norm: 2.0949
2026/09/22 16:47:53 - mmengine - INFO - Iter(train) [13150/40000]  base_lr: 4.3381e-04 lr: 4.3381e-05  eta: 2:34:28  time: 0.3341  data_time: 0.0113  memory: 6224  loss: 0.5146  loss_final: 0.1980  loss_rgb: 0.1269  loss_coarse: 0.0573  loss_region_consistency: 0.0001  loss_boundary: 0.1206  loss_sdf: 0.0117  grad_norm: 2.6359
2026/09/22 16:48:10 - mmengine - INFO - Iter(train) [13200/40000]  base_lr: 4.3308e-04 lr: 4.3308e-05  eta: 2:34:11  time: 0.3534  data_time: 0.0123  memory: 6224  loss: 0.4402  loss_final: 0.1113  loss_rgb: 0.1519  loss_coarse: 0.0362  loss_region_consistency: 0.0001  loss_boundary: 0.1355  loss_sdf: 0.0052  grad_norm: 3.2771
2026/09/22 16:48:27 - mmengine - INFO - Iter(train) [13250/40000]  base_lr: 4.3235e-04 lr: 4.3235e-05  eta: 2:33:53  time: 0.3367  data_time: 0.0115  memory: 6224  loss: 0.3770  loss_final: 0.1104  loss_rgb: 0.1193  loss_coarse: 0.0346  loss_region_consistency: 0.0001  loss_boundary: 0.1061  loss_sdf: 0.0066  grad_norm: 3.0875
2026/09/22 16:48:44 - mmengine - INFO - Iter(train) [13300/40000]  base_lr: 4.3163e-04 lr: 4.3163e-05  eta: 2:33:36  time: 0.3374  data_time: 0.0122  memory: 6224  loss: 0.4408  loss_final: 0.1191  loss_rgb: 0.1431  loss_coarse: 0.0359  loss_region_consistency: 0.0001  loss_boundary: 0.1357  loss_sdf: 0.0068  grad_norm: 3.1659
2026/09/22 16:49:01 - mmengine - INFO - Iter(train) [13350/40000]  base_lr: 4.3090e-04 lr: 4.3090e-05  eta: 2:33:18  time: 0.3390  data_time: 0.0116  memory: 6224  loss: 0.4884  loss_final: 0.1648  loss_rgb: 0.1438  loss_coarse: 0.0515  loss_region_consistency: 0.0001  loss_boundary: 0.1205  loss_sdf: 0.0077  grad_norm: 2.5006
2026/09/22 16:49:18 - mmengine - INFO - Iter(train) [13400/40000]  base_lr: 4.3017e-04 lr: 4.3017e-05  eta: 2:33:00  time: 0.3499  data_time: 0.0128  memory: 6224  loss: 0.5220  loss_final: 0.1684  loss_rgb: 0.1536  loss_coarse: 0.0509  loss_region_consistency: 0.0001  loss_boundary: 0.1406  loss_sdf: 0.0083  grad_norm: 2.5079
2026/09/22 16:49:35 - mmengine - INFO - Iter(train) [13450/40000]  base_lr: 4.2944e-04 lr: 4.2944e-05  eta: 2:32:42  time: 0.3299  data_time: 0.0123  memory: 6224  loss: 0.2361  loss_final: 0.0540  loss_rgb: 0.0859  loss_coarse: 0.0169  loss_region_consistency: 0.0001  loss_boundary: 0.0763  loss_sdf: 0.0030  grad_norm: 1.9890
2026/09/22 16:49:52 - mmengine - INFO - Iter(train) [13500/40000]  base_lr: 4.2871e-04 lr: 4.2871e-05  eta: 2:32:25  time: 0.3387  data_time: 0.0123  memory: 6224  loss: 0.3750  loss_final: 0.1005  loss_rgb: 0.1331  loss_coarse: 0.0305  loss_region_consistency: 0.0001  loss_boundary: 0.1065  loss_sdf: 0.0043  grad_norm: 2.1463
2026/09/22 16:50:10 - mmengine - INFO - Iter(train) [13550/40000]  base_lr: 4.2799e-04 lr: 4.2799e-05  eta: 2:32:07  time: 0.3465  data_time: 0.0116  memory: 6224  loss: 0.5980  loss_final: 0.2042  loss_rgb: 0.1691  loss_coarse: 0.0642  loss_region_consistency: 0.0001  loss_boundary: 0.1512  loss_sdf: 0.0092  grad_norm: 2.1104
2026/09/22 16:50:27 - mmengine - INFO - Iter(train) [13600/40000]  base_lr: 4.2726e-04 lr: 4.2726e-05  eta: 2:31:50  time: 0.3413  data_time: 0.0125  memory: 6224  loss: 0.3400  loss_final: 0.0942  loss_rgb: 0.1044  loss_coarse: 0.0274  loss_region_consistency: 0.0001  loss_boundary: 0.1066  loss_sdf: 0.0072  grad_norm: 2.5978
2026/09/22 16:50:44 - mmengine - INFO - Iter(train) [13650/40000]  base_lr: 4.2653e-04 lr: 4.2653e-05  eta: 2:31:32  time: 0.3370  data_time: 0.0130  memory: 6224  loss: 0.4788  loss_final: 0.1729  loss_rgb: 0.1238  loss_coarse: 0.0506  loss_region_consistency: 0.0001  loss_boundary: 0.1221  loss_sdf: 0.0092  grad_norm: 2.8496
2026/09/22 16:51:01 - mmengine - INFO - Iter(train) [13700/40000]  base_lr: 4.2580e-04 lr: 4.2580e-05  eta: 2:31:14  time: 0.3387  data_time: 0.0124  memory: 6224  loss: 0.5557  loss_final: 0.2068  loss_rgb: 0.1428  loss_coarse: 0.0593  loss_region_consistency: 0.0001  loss_boundary: 0.1356  loss_sdf: 0.0110  grad_norm: 2.2664
2026/09/22 16:51:18 - mmengine - INFO - Iter(train) [13750/40000]  base_lr: 4.2507e-04 lr: 4.2507e-05  eta: 2:30:57  time: 0.3496  data_time: 0.0139  memory: 6224  loss: 0.5124  loss_final: 0.1452  loss_rgb: 0.1604  loss_coarse: 0.0435  loss_region_consistency: 0.0001  loss_boundary: 0.1525  loss_sdf: 0.0105  grad_norm: 2.1614
2026/09/22 16:51:35 - mmengine - INFO - Iter(train) [13800/40000]  base_lr: 4.2434e-04 lr: 4.2434e-05  eta: 2:30:39  time: 0.3464  data_time: 0.0115  memory: 6224  loss: 0.4742  loss_final: 0.1444  loss_rgb: 0.1446  loss_coarse: 0.0430  loss_region_consistency: 0.0001  loss_boundary: 0.1358  loss_sdf: 0.0063  grad_norm: 2.1166
2026/09/22 16:51:52 - mmengine - INFO - Iter(train) [13850/40000]  base_lr: 4.2361e-04 lr: 4.2361e-05  eta: 2:30:22  time: 0.3407  data_time: 0.0124  memory: 6224  loss: 0.4420  loss_final: 0.1119  loss_rgb: 0.1478  loss_coarse: 0.0348  loss_region_consistency: 0.0001  loss_boundary: 0.1405  loss_sdf: 0.0070  grad_norm: 2.0103
2026/09/22 16:52:09 - mmengine - INFO - Iter(train) [13900/40000]  base_lr: 4.2289e-04 lr: 4.2289e-05  eta: 2:30:04  time: 0.3455  data_time: 0.0116  memory: 6224  loss: 0.5467  loss_final: 0.1760  loss_rgb: 0.1573  loss_coarse: 0.0525  loss_region_consistency: 0.0001  loss_boundary: 0.1512  loss_sdf: 0.0096  grad_norm: 4.3817
2026/09/22 16:52:26 - mmengine - INFO - Iter(train) [13950/40000]  base_lr: 4.2216e-04 lr: 4.2216e-05  eta: 2:29:46  time: 0.3431  data_time: 0.0115  memory: 6224  loss: 0.5342  loss_final: 0.1595  loss_rgb: 0.1675  loss_coarse: 0.0500  loss_region_consistency: 0.0001  loss_boundary: 0.1508  loss_sdf: 0.0064  grad_norm: 4.2310
2026/09/22 16:52:43 - mmengine - INFO - Exp name: rpgv_v2_stage1_rgb_20260922_144802
2026/09/22 16:52:43 - mmengine - INFO - Iter(train) [14000/40000]  base_lr: 4.2143e-04 lr: 4.2143e-05  eta: 2:29:28  time: 0.3536  data_time: 0.0116  memory: 6224  loss: 0.5601  loss_final: 0.1831  loss_rgb: 0.1609  loss_coarse: 0.0549  loss_region_consistency: 0.0001  loss_boundary: 0.1511  loss_sdf: 0.0099  grad_norm: 3.7223
2026/09/22 16:52:43 - mmengine - INFO - Saving checkpoint at 14000 iterations
2026/09/22 16:53:30 - mmengine - INFO - Iter(val) [ 50/304]    eta: 0:03:49  time: 0.9000  data_time: 0.0110  memory: 1100  
2026/09/22 16:54:39 - mmengine - INFO - Iter(val) [100/304]    eta: 0:03:53  time: 1.3402  data_time: 0.0112  memory: 1100  
2026/09/22 16:55:45 - mmengine - INFO - Iter(val) [150/304]    eta: 0:03:05  time: 1.3131  data_time: 0.0116  memory: 1100  
2026/09/22 16:56:50 - mmengine - INFO - Iter(val) [200/304]    eta: 0:02:07  time: 1.2973  data_time: 0.0117  memory: 1100  
2026/09/22 16:57:54 - mmengine - INFO - Iter(val) [250/304]    eta: 0:01:06  time: 1.2904  data_time: 0.0120  memory: 1100  
2026/09/22 16:58:57 - mmengine - INFO - Iter(val) [300/304]    eta: 0:00:04  time: 1.2414  data_time: 0.0118  memory: 1100  
2026/09/22 16:59:02 - mmengine - INFO - per class results:
2026/09/22 16:59:02 - mmengine - INFO - 
+------------------+-------+-------+-------+--------+-----------+--------+
|      Class       |  IoU  |  Acc  |  Dice | Fscore | Precision | Recall |
+------------------+-------+-------+-------+--------+-----------+--------+
|    background    | 96.23 | 97.08 | 98.08 | 98.08  |    99.1   | 97.08  |
| wastewater_plant | 67.57 | 89.94 | 80.65 | 80.65  |    73.1   | 89.94  |
+------------------+-------+-------+-------+--------+-----------+--------+
2026/09/22 16:59:02 - mmengine - INFO - Iter(val) [304/304]    aAcc: 96.5100  mIoU: 81.9000  mAcc: 93.5100  mDice: 89.3700  mFscore: 89.3700  mPrecision: 86.1000  mRecall: 93.5100  binary/Foreground_IoU: 67.5746  binary/Dice: 80.6502  binary/F1: 80.6502  binary/Precision: 73.0969  binary/Recall: 89.9443  binary/Boundary_F1: 10.7615  binary/BFScore: 10.7615  binary/Boundary_Precision: 8.1283  binary/Boundary_Recall: 15.9183  binary/Hausdorff_px: 580.1422  binary/HD95_px: 430.5094  binary/Hausdorff_m: 290.0711  binary/HD95_m: 215.2547  data_time: 0.0125  time: 1.2442
2026/09/22 16:59:02 - mmengine - INFO - The previous best checkpoint /workspace/work_dirs/rpgv_v2_staged/stage1_rgb/best_binary_Foreground_IoU_iter_12000.pth is removed
2026/09/22 16:59:04 - mmengine - INFO - The best checkpoint with 67.5746 binary/Foreground_IoU at 14000 iter is saved to best_binary_Foreground_IoU_iter_14000.pth.
2026/09/22 16:59:23 - mmengine - INFO - Iter(train) [14050/40000]  base_lr: 4.2070e-04 lr: 4.2070e-05  eta: 2:29:17  time: 0.3364  data_time: 0.0113  memory: 6224  loss: 0.4451  loss_final: 0.1420  loss_rgb: 0.1328  loss_coarse: 0.0429  loss_region_consistency: 0.0001  loss_boundary: 0.1211  loss_sdf: 0.0062  grad_norm: 2.8633
2026/09/22 16:59:40 - mmengine - INFO - Iter(train) [14100/40000]  base_lr: 4.1997e-04 lr: 4.1997e-05  eta: 2:29:00  time: 0.3309  data_time: 0.0119  memory: 6224  loss: 0.2727  loss_final: 0.0673  loss_rgb: 0.0908  loss_coarse: 0.0212  loss_region_consistency: 0.0001  loss_boundary: 0.0902  loss_sdf: 0.0031  grad_norm: 5.7903
2026/09/22 16:59:57 - mmengine - INFO - Iter(train) [14150/40000]  base_lr: 4.1924e-04 lr: 4.1924e-05  eta: 2:28:42  time: 0.3297  data_time: 0.0111  memory: 6224  loss: 0.3712  loss_final: 0.1082  loss_rgb: 0.1193  loss_coarse: 0.0324  loss_region_consistency: 0.0001  loss_boundary: 0.1062  loss_sdf: 0.0049  grad_norm: 4.8010
2026/09/22 17:00:14 - mmengine - INFO - Iter(train) [14200/40000]  base_lr: 4.1851e-04 lr: 4.1851e-05  eta: 2:28:24  time: 0.3351  data_time: 0.0117  memory: 6224  loss: 0.3211  loss_final: 0.0955  loss_rgb: 0.0983  loss_coarse: 0.0311  loss_region_consistency: 0.0001  loss_boundary: 0.0909  loss_sdf: 0.0052  grad_norm: 2.4815
2026/09/22 17:00:31 - mmengine - INFO - Iter(train) [14250/40000]  base_lr: 4.1778e-04 lr: 4.1778e-05  eta: 2:28:06  time: 0.3352  data_time: 0.0117  memory: 6224  loss: 0.5518  loss_final: 0.1915  loss_rgb: 0.1736  loss_coarse: 0.0581  loss_region_consistency: 0.0001  loss_boundary: 0.1217  loss_sdf: 0.0067  grad_norm: 4.1883
2026/09/22 17:00:48 - mmengine - INFO - Iter(train) [14300/40000]  base_lr: 4.1705e-04 lr: 4.1705e-05  eta: 2:27:49  time: 0.3410  data_time: 0.0120  memory: 6224  loss: 0.6013  loss_final: 0.2102  loss_rgb: 0.1692  loss_coarse: 0.0633  loss_region_consistency: 0.0001  loss_boundary: 0.1502  loss_sdf: 0.0083  grad_norm: 4.1369
2026/09/22 17:01:05 - mmengine - INFO - Iter(train) [14350/40000]  base_lr: 4.1632e-04 lr: 4.1632e-05  eta: 2:27:31  time: 0.3429  data_time: 0.0123  memory: 6224  loss: 0.5443  loss_final: 0.1770  loss_rgb: 0.1662  loss_coarse: 0.0533  loss_region_consistency: 0.0001  loss_boundary: 0.1410  loss_sdf: 0.0067  grad_norm: 2.3364
2026/09/22 17:01:22 - mmengine - INFO - Iter(train) [14400/40000]  base_lr: 4.1559e-04 lr: 4.1559e-05  eta: 2:27:13  time: 0.3409  data_time: 0.0124  memory: 6224  loss: 0.3183  loss_final: 0.0906  loss_rgb: 0.1045  loss_coarse: 0.0273  loss_region_consistency: 0.0001  loss_boundary: 0.0910  loss_sdf: 0.0048  grad_norm: 2.6410
2026/09/22 17:01:39 - mmengine - INFO - Iter(train) [14450/40000]  base_lr: 4.1486e-04 lr: 4.1486e-05  eta: 2:26:56  time: 0.3380  data_time: 0.0114  memory: 6224  loss: 0.4225  loss_final: 0.1349  loss_rgb: 0.1211  loss_coarse: 0.0408  loss_region_consistency: 0.0001  loss_boundary: 0.1213  loss_sdf: 0.0043  grad_norm: 4.3734
2026/09/22 17:01:56 - mmengine - INFO - Iter(train) [14500/40000]  base_lr: 4.1413e-04 lr: 4.1413e-05  eta: 2:26:38  time: 0.3470  data_time: 0.0123  memory: 6224  loss: 0.5607  loss_final: 0.1716  loss_rgb: 0.1742  loss_coarse: 0.0528  loss_region_consistency: 0.0002  loss_boundary: 0.1513  loss_sdf: 0.0107  grad_norm: 1.8926
2026/09/22 17:02:13 - mmengine - INFO - Iter(train) [14550/40000]  base_lr: 4.1340e-04 lr: 4.1340e-05  eta: 2:26:21  time: 0.3394  data_time: 0.0123  memory: 6224  loss: 0.4346  loss_final: 0.1077  loss_rgb: 0.1528  loss_coarse: 0.0327  loss_region_consistency: 0.0001  loss_boundary: 0.1358  loss_sdf: 0.0054  grad_norm: 2.6016
2026/09/22 17:02:31 - mmengine - INFO - Iter(train) [14600/40000]  base_lr: 4.1266e-04 lr: 4.1266e-05  eta: 2:26:03  time: 0.3457  data_time: 0.0112  memory: 6224  loss: 0.5306  loss_final: 0.1736  loss_rgb: 0.1586  loss_coarse: 0.0515  loss_region_consistency: 0.0001  loss_boundary: 0.1366  loss_sdf: 0.0101  grad_norm: 2.4885
2026/09/22 17:02:48 - mmengine - INFO - Iter(train) [14650/40000]  base_lr: 4.1193e-04 lr: 4.1193e-05  eta: 2:25:46  time: 0.3383  data_time: 0.0122  memory: 6224  loss: 0.5508  loss_final: 0.1980  loss_rgb: 0.1561  loss_coarse: 0.0595  loss_region_consistency: 0.0002  loss_boundary: 0.1264  loss_sdf: 0.0107  grad_norm: 3.4888
2026/09/22 17:03:05 - mmengine - INFO - Iter(train) [14700/40000]  base_lr: 4.1120e-04 lr: 4.1120e-05  eta: 2:25:28  time: 0.3449  data_time: 0.0120  memory: 6224  loss: 0.5549  loss_final: 0.1754  loss_rgb: 0.1684  loss_coarse: 0.0528  loss_region_consistency: 0.0001  loss_boundary: 0.1503  loss_sdf: 0.0080  grad_norm: 3.0695
2026/09/22 17:03:22 - mmengine - INFO - Iter(train) [14750/40000]  base_lr: 4.1047e-04 lr: 4.1047e-05  eta: 2:25:11  time: 0.3464  data_time: 0.0119  memory: 6224  loss: 0.5451  loss_final: 0.1621  loss_rgb: 0.1752  loss_coarse: 0.0492  loss_region_consistency: 0.0001  loss_boundary: 0.1510  loss_sdf: 0.0075  grad_norm: 2.3613
2026/09/22 17:03:39 - mmengine - INFO - Iter(train) [14800/40000]  base_lr: 4.0974e-04 lr: 4.0974e-05  eta: 2:24:53  time: 0.3566  data_time: 0.0117  memory: 6224  loss: 0.6609  loss_final: 0.2553  loss_rgb: 0.1630  loss_coarse: 0.0766  loss_region_consistency: 0.0001  loss_boundary: 0.1517  loss_sdf: 0.0142  grad_norm: 2.5726
2026/09/22 17:03:56 - mmengine - INFO - Iter(train) [14850/40000]  base_lr: 4.0901e-04 lr: 4.0901e-05  eta: 2:24:36  time: 0.3390  data_time: 0.0124  memory: 6224  loss: 0.4461  loss_final: 0.1432  loss_rgb: 0.1322  loss_coarse: 0.0432  loss_region_consistency: 0.0001  loss_boundary: 0.1211  loss_sdf: 0.0062  grad_norm: 2.4320
2026/09/22 17:04:13 - mmengine - INFO - Iter(train) [14900/40000]  base_lr: 4.0828e-04 lr: 4.0828e-05  eta: 2:24:18  time: 0.3424  data_time: 0.0125  memory: 6224  loss: 0.4005  loss_final: 0.0875  loss_rgb: 0.1466  loss_coarse: 0.0262  loss_region_consistency: 0.0001  loss_boundary: 0.1355  loss_sdf: 0.0045  grad_norm: 2.2356
2026/09/22 17:04:30 - mmengine - INFO - Iter(train) [14950/40000]  base_lr: 4.0754e-04 lr: 4.0754e-05  eta: 2:24:00  time: 0.3414  data_time: 0.0116  memory: 6224  loss: 0.5596  loss_final: 0.2145  loss_rgb: 0.1454  loss_coarse: 0.0644  loss_region_consistency: 0.0001  loss_boundary: 0.1228  loss_sdf: 0.0123  grad_norm: 1.6598
2026/09/22 17:04:47 - mmengine - INFO - Exp name: rpgv_v2_stage1_rgb_20260922_144802
2026/09/22 17:04:47 - mmengine - INFO - Iter(train) [15000/40000]  base_lr: 4.0681e-04 lr: 4.0681e-05  eta: 2:23:43  time: 0.3474  data_time: 0.0130  memory: 6224  loss: 0.4801  loss_final: 0.1535  loss_rgb: 0.1378  loss_coarse: 0.0453  loss_region_consistency: 0.0001  loss_boundary: 0.1350  loss_sdf: 0.0085  grad_norm: 3.6435
2026/09/22 17:05:04 - mmengine - INFO - Iter(train) [15050/40000]  base_lr: 4.0608e-04 lr: 4.0608e-05  eta: 2:23:25  time: 0.3371  data_time: 0.0117  memory: 6224  loss: 0.4229  loss_final: 0.1248  loss_rgb: 0.1324  loss_coarse: 0.0368  loss_region_consistency: 0.0001  loss_boundary: 0.1213  loss_sdf: 0.0075  grad_norm: 1.7784
2026/09/22 17:05:21 - mmengine - INFO - Iter(train) [15100/40000]  base_lr: 4.0535e-04 lr: 4.0535e-05  eta: 2:23:07  time: 0.3441  data_time: 0.0119  memory: 6224  loss: 0.4470  loss_final: 0.1017  loss_rgb: 0.1599  loss_coarse: 0.0302  loss_region_consistency: 0.0001  loss_boundary: 0.1499  loss_sdf: 0.0052  grad_norm: inf
2026/09/22 17:05:38 - mmengine - INFO - Iter(train) [15150/40000]  base_lr: 4.0461e-04 lr: 4.0461e-05  eta: 2:22:49  time: 0.3340  data_time: 0.0118  memory: 6224  loss: 0.3957  loss_final: 0.1214  loss_rgb: 0.1264  loss_coarse: 0.0368  loss_region_consistency: 0.0001  loss_boundary: 0.1057  loss_sdf: 0.0054  grad_norm: 1.9376
2026/09/22 17:05:55 - mmengine - INFO - Iter(train) [15200/40000]  base_lr: 4.0388e-04 lr: 4.0388e-05  eta: 2:22:32  time: 0.3501  data_time: 0.0120  memory: 6224  loss: 0.5875  loss_final: 0.2156  loss_rgb: 0.1597  loss_coarse: 0.0626  loss_region_consistency: 0.0001  loss_boundary: 0.1364  loss_sdf: 0.0130  grad_norm: 2.1874
2026/09/22 17:06:12 - mmengine - INFO - Iter(train) [15250/40000]  base_lr: 4.0315e-04 lr: 4.0315e-05  eta: 2:22:14  time: 0.3386  data_time: 0.0126  memory: 6224  loss: 0.3829  loss_final: 0.1070  loss_rgb: 0.1160  loss_coarse: 0.0321  loss_region_consistency: 0.0001  loss_boundary: 0.1209  loss_sdf: 0.0069  grad_norm: 3.0012
2026/09/22 17:06:29 - mmengine - INFO - Iter(train) [15300/40000]  base_lr: 4.0241e-04 lr: 4.0241e-05  eta: 2:21:56  time: 0.3234  data_time: 0.0120  memory: 6224  loss: 0.2100  loss_final: 0.0560  loss_rgb: 0.0725  loss_coarse: 0.0168  loss_region_consistency: 0.0001  loss_boundary: 0.0608  loss_sdf: 0.0037  grad_norm: 1.7813
2026/09/22 17:06:46 - mmengine - INFO - Iter(train) [15350/40000]  base_lr: 4.0168e-04 lr: 4.0168e-05  eta: 2:21:39  time: 0.3367  data_time: 0.0121  memory: 6224  loss: 0.3952  loss_final: 0.1168  loss_rgb: 0.1169  loss_coarse: 0.0350  loss_region_consistency: 0.0001  loss_boundary: 0.1208  loss_sdf: 0.0056  grad_norm: 1.5145
2026/09/22 17:07:03 - mmengine - INFO - Iter(train) [15400/40000]  base_lr: 4.0095e-04 lr: 4.0095e-05  eta: 2:21:21  time: 0.3397  data_time: 0.0124  memory: 6224  loss: 0.6333  loss_final: 0.3126  loss_rgb: 0.1077  loss_coarse: 0.0896  loss_region_consistency: 0.0001  loss_boundary: 0.1062  loss_sdf: 0.0171  grad_norm: 3.1232
2026/09/22 17:07:20 - mmengine - INFO - Iter(train) [15450/40000]  base_lr: 4.0021e-04 lr: 4.0021e-05  eta: 2:21:03  time: 0.3397  data_time: 0.0123  memory: 6224  loss: 0.3959  loss_final: 0.0928  loss_rgb: 0.1347  loss_coarse: 0.0291  loss_region_consistency: 0.0001  loss_boundary: 0.1357  loss_sdf: 0.0035  grad_norm: 2.7537
2026/09/22 17:07:37 - mmengine - INFO - Iter(train) [15500/40000]  base_lr: 3.9948e-04 lr: 3.9948e-05  eta: 2:20:46  time: 0.3323  data_time: 0.0119  memory: 6224  loss: 0.4059  loss_final: 0.1414  loss_rgb: 0.1106  loss_coarse: 0.0422  loss_region_consistency: 0.0001  loss_boundary: 0.1058  loss_sdf: 0.0059  grad_norm: 2.0858
2026/09/22 17:07:54 - mmengine - INFO - Iter(train) [15550/40000]  base_lr: 3.9875e-04 lr: 3.9875e-05  eta: 2:20:28  time: 0.3344  data_time: 0.0124  memory: 6224  loss: 0.3842  loss_final: 0.1154  loss_rgb: 0.1228  loss_coarse: 0.0345  loss_region_consistency: 0.0001  loss_boundary: 0.1058  loss_sdf: 0.0057  grad_norm: 1.6444
2026/09/22 17:08:11 - mmengine - INFO - Iter(train) [15600/40000]  base_lr: 3.9801e-04 lr: 3.9801e-05  eta: 2:20:11  time: 0.3383  data_time: 0.0120  memory: 6224  loss: 0.3249  loss_final: 0.0855  loss_rgb: 0.1153  loss_coarse: 0.0267  loss_region_consistency: 0.0001  loss_boundary: 0.0914  loss_sdf: 0.0059  grad_norm: 1.7756
2026/09/22 17:08:28 - mmengine - INFO - Iter(train) [15650/40000]  base_lr: 3.9728e-04 lr: 3.9728e-05  eta: 2:19:53  time: 0.3338  data_time: 0.0116  memory: 6224  loss: 0.3560  loss_final: 0.0847  loss_rgb: 0.1208  loss_coarse: 0.0268  loss_region_consistency: 0.0001  loss_boundary: 0.1194  loss_sdf: 0.0043  grad_norm: 2.6466
2026/09/22 17:08:45 - mmengine - INFO - Iter(train) [15700/40000]  base_lr: 3.9654e-04 lr: 3.9654e-05  eta: 2:19:36  time: 0.3356  data_time: 0.0116  memory: 6224  loss: 0.3570  loss_final: 0.0726  loss_rgb: 0.1375  loss_coarse: 0.0222  loss_region_consistency: 0.0001  loss_boundary: 0.1210  loss_sdf: 0.0036  grad_norm: 3.0574
2026/09/22 17:09:02 - mmengine - INFO - Iter(train) [15750/40000]  base_lr: 3.9581e-04 lr: 3.9581e-05  eta: 2:19:18  time: 0.3407  data_time: 0.0116  memory: 6224  loss: 0.4942  loss_final: 0.1583  loss_rgb: 0.1423  loss_coarse: 0.0456  loss_region_consistency: 0.0002  loss_boundary: 0.1360  loss_sdf: 0.0118  grad_norm: 2.4666
2026/09/22 17:09:19 - mmengine - INFO - Iter(train) [15800/40000]  base_lr: 3.9508e-04 lr: 3.9508e-05  eta: 2:19:01  time: 0.3547  data_time: 0.0116  memory: 6224  loss: 0.6213  loss_final: 0.2226  loss_rgb: 0.1725  loss_coarse: 0.0665  loss_region_consistency: 0.0001  loss_boundary: 0.1513  loss_sdf: 0.0082  grad_norm: 2.0625
2026/09/22 17:09:36 - mmengine - INFO - Iter(train) [15850/40000]  base_lr: 3.9434e-04 lr: 3.9434e-05  eta: 2:18:43  time: 0.3377  data_time: 0.0118  memory: 6224  loss: 0.4540  loss_final: 0.1502  loss_rgb: 0.1287  loss_coarse: 0.0434  loss_region_consistency: 0.0001  loss_boundary: 0.1219  loss_sdf: 0.0097  grad_norm: 1.9943
2026/09/22 17:09:53 - mmengine - INFO - Iter(train) [15900/40000]  base_lr: 3.9361e-04 lr: 3.9361e-05  eta: 2:18:26  time: 0.3333  data_time: 0.0121  memory: 6224  loss: 0.4082  loss_final: 0.1244  loss_rgb: 0.1351  loss_coarse: 0.0380  loss_region_consistency: 0.0001  loss_boundary: 0.1059  loss_sdf: 0.0047  grad_norm: 2.0598
2026/09/22 17:10:10 - mmengine - INFO - Iter(train) [15950/40000]  base_lr: 3.9287e-04 lr: 3.9287e-05  eta: 2:18:08  time: 0.3459  data_time: 0.0112  memory: 6224  loss: 0.6362  loss_final: 0.2296  loss_rgb: 0.1744  loss_coarse: 0.0695  loss_region_consistency: 0.0002  loss_boundary: 0.1517  loss_sdf: 0.0109  grad_norm: 2.1250
2026/09/22 17:10:27 - mmengine - INFO - Exp name: rpgv_v2_stage1_rgb_20260922_144802
2026/09/22 17:10:27 - mmengine - INFO - Iter(train) [16000/40000]  base_lr: 3.9214e-04 lr: 3.9214e-05  eta: 2:17:50  time: 0.3418  data_time: 0.0111  memory: 6224  loss: 0.3630  loss_final: 0.0744  loss_rgb: 0.1391  loss_coarse: 0.0239  loss_region_consistency: 0.0001  loss_boundary: 0.1209  loss_sdf: 0.0046  grad_norm: 2.3459
2026/09/22 17:10:27 - mmengine - INFO - Saving checkpoint at 16000 iterations
2026/09/22 17:11:14 - mmengine - INFO - Iter(val) [ 50/304]    eta: 0:03:49  time: 0.8996  data_time: 0.0107  memory: 1100  
2026/09/22 17:12:23 - mmengine - INFO - Iter(val) [100/304]    eta: 0:03:54  time: 1.3661  data_time: 0.0121  memory: 1100  
2026/09/22 17:13:29 - mmengine - INFO - Iter(val) [150/304]    eta: 0:03:04  time: 1.2862  data_time: 0.0115  memory: 1100  
2026/09/22 17:14:32 - mmengine - INFO - Iter(val) [200/304]    eta: 0:02:06  time: 1.2710  data_time: 0.0120  memory: 1100  
2026/09/22 17:15:36 - mmengine - INFO - Iter(val) [250/304]    eta: 0:01:06  time: 1.2727  data_time: 0.0117  memory: 1100  
2026/09/22 17:16:38 - mmengine - INFO - Iter(val) [300/304]    eta: 0:00:04  time: 1.2341  data_time: 0.0114  memory: 1100  
2026/09/22 17:16:43 - mmengine - INFO - per class results:
2026/09/22 17:16:43 - mmengine - INFO - 
+------------------+------+-------+-------+--------+-----------+--------+
|      Class       | IoU  |  Acc  |  Dice | Fscore | Precision | Recall |
+------------------+------+-------+-------+--------+-----------+--------+
|    background    | 97.1 | 98.13 | 98.53 | 98.53  |   98.94   | 98.13  |
| wastewater_plant | 72.6 | 88.06 | 84.13 | 84.13  |   80.54   | 88.06  |
+------------------+------+-------+-------+--------+-----------+--------+
2026/09/22 17:16:43 - mmengine - INFO - Iter(val) [304/304]    aAcc: 97.3100  mIoU: 84.8500  mAcc: 93.0900  mDice: 91.3300  mFscore: 91.3300  mPrecision: 89.7400  mRecall: 93.0900  binary/Foreground_IoU: 72.6044  binary/Dice: 84.1281  binary/F1: 84.1281  binary/Precision: 80.5361  binary/Recall: 88.0555  binary/Boundary_F1: 12.6743  binary/BFScore: 12.6743  binary/Boundary_Precision: 9.9751  binary/Boundary_Recall: 17.3762  binary/Hausdorff_px: 497.1501  binary/HD95_px: 360.1798  binary/Hausdorff_m: 248.5751  binary/HD95_m: 180.0899  data_time: 0.0126  time: 1.2321
2026/09/22 17:16:43 - mmengine - INFO - The previous best checkpoint /workspace/work_dirs/rpgv_v2_staged/stage1_rgb/best_binary_Foreground_IoU_iter_14000.pth is removed
2026/09/22 17:16:44 - mmengine - INFO - The best checkpoint with 72.6044 binary/Foreground_IoU at 16000 iter is saved to best_binary_Foreground_IoU_iter_16000.pth.
2026/09/22 17:17:04 - mmengine - INFO - Iter(train) [16050/40000]  base_lr: 3.9140e-04 lr: 3.9140e-05  eta: 2:17:38  time: 0.3420  data_time: 0.0117  memory: 6224  loss: 0.4602  loss_final: 0.1156  loss_rgb: 0.1524  loss_coarse: 0.0349  loss_region_consistency: 0.0001  loss_boundary: 0.1510  loss_sdf: 0.0062  grad_norm: 1.9265
2026/09/22 17:17:21 - mmengine - INFO - Iter(train) [16100/40000]  base_lr: 3.9067e-04 lr: 3.9067e-05  eta: 2:17:20  time: 0.3292  data_time: 0.0118  memory: 6224  loss: 0.3292  loss_final: 0.0955  loss_rgb: 0.1044  loss_coarse: 0.0288  loss_region_consistency: 0.0001  loss_boundary: 0.0955  loss_sdf: 0.0049  grad_norm: 2.2057
2026/09/22 17:17:38 - mmengine - INFO - Iter(train) [16150/40000]  base_lr: 3.8993e-04 lr: 3.8993e-05  eta: 2:17:03  time: 0.3440  data_time: 0.0126  memory: 6224  loss: 0.4349  loss_final: 0.1071  loss_rgb: 0.1533  loss_coarse: 0.0328  loss_region_consistency: 0.0001  loss_boundary: 0.1352  loss_sdf: 0.0063  grad_norm: 3.1488
2026/09/22 17:17:55 - mmengine - INFO - Iter(train) [16200/40000]  base_lr: 3.8919e-04 lr: 3.8919e-05  eta: 2:16:46  time: 0.3472  data_time: 0.0123  memory: 6224  loss: 0.4445  loss_final: 0.1254  loss_rgb: 0.1488  loss_coarse: 0.0382  loss_region_consistency: 0.0001  loss_boundary: 0.1257  loss_sdf: 0.0063  grad_norm: 2.3358
2026/09/22 17:18:12 - mmengine - INFO - Iter(train) [16250/40000]  base_lr: 3.8846e-04 lr: 3.8846e-05  eta: 2:16:28  time: 0.3358  data_time: 0.0115  memory: 6224  loss: 0.4252  loss_final: 0.1260  loss_rgb: 0.1196  loss_coarse: 0.0385  loss_region_consistency: 0.0001  loss_boundary: 0.1352  loss_sdf: 0.0059  grad_norm: 2.0746
2026/09/22 17:18:29 - mmengine - INFO - Iter(train) [16300/40000]  base_lr: 3.8772e-04 lr: 3.8772e-05  eta: 2:16:10  time: 0.3385  data_time: 0.0127  memory: 6224  loss: 0.5136  loss_final: 0.1722  loss_rgb: 0.1530  loss_coarse: 0.0542  loss_region_consistency: 0.0002  loss_boundary: 0.1263  loss_sdf: 0.0076  grad_norm: 2.7576
2026/09/22 17:18:46 - mmengine - INFO - Iter(train) [16350/40000]  base_lr: 3.8699e-04 lr: 3.8699e-05  eta: 2:15:53  time: 0.3334  data_time: 0.0110  memory: 6224  loss: 0.5502  loss_final: 0.1957  loss_rgb: 0.1568  loss_coarse: 0.0582  loss_region_consistency: 0.0001  loss_boundary: 0.1309  loss_sdf: 0.0084  grad_norm: 2.4526
2026/09/22 17:19:03 - mmengine - INFO - Iter(train) [16400/40000]  base_lr: 3.8625e-04 lr: 3.8625e-05  eta: 2:15:36  time: 0.3332  data_time: 0.0121  memory: 6224  loss: 0.4245  loss_final: 0.1788  loss_rgb: 0.1148  loss_coarse: 0.0437  loss_region_consistency: 0.0001  loss_boundary: 0.0801  loss_sdf: 0.0071  grad_norm: 5.8676
2026/09/22 17:19:20 - mmengine - INFO - Iter(train) [16450/40000]  base_lr: 3.8551e-04 lr: 3.8551e-05  eta: 2:15:18  time: 0.3402  data_time: 0.0123  memory: 6224  loss: 0.4505  loss_final: 0.1267  loss_rgb: 0.1409  loss_coarse: 0.0389  loss_region_consistency: 0.0001  loss_boundary: 0.1364  loss_sdf: 0.0076  grad_norm: 5.2100
2026/09/22 17:19:37 - mmengine - INFO - Iter(train) [16500/40000]  base_lr: 3.8478e-04 lr: 3.8478e-05  eta: 2:15:01  time: 0.3373  data_time: 0.0110  memory: 6224  loss: 0.4513  loss_final: 0.1267  loss_rgb: 0.1444  loss_coarse: 0.0373  loss_region_consistency: 0.0001  loss_boundary: 0.1359  loss_sdf: 0.0069  grad_norm: 2.6681
2026/09/22 17:19:54 - mmengine - INFO - Iter(train) [16550/40000]  base_lr: 3.8404e-04 lr: 3.8404e-05  eta: 2:14:43  time: 0.3366  data_time: 0.0113  memory: 6224  loss: 0.5836  loss_final: 0.2200  loss_rgb: 0.1664  loss_coarse: 0.0591  loss_region_consistency: 0.0001  loss_boundary: 0.1262  loss_sdf: 0.0118  grad_norm: 2.3146
2026/09/22 17:20:11 - mmengine - INFO - Iter(train) [16600/40000]  base_lr: 3.8330e-04 lr: 3.8330e-05  eta: 2:14:25  time: 0.3570  data_time: 0.0136  memory: 6224  loss: 0.4380  loss_final: 0.1216  loss_rgb: 0.1375  loss_coarse: 0.0375  loss_region_consistency: 0.0001  loss_boundary: 0.1360  loss_sdf: 0.0053  grad_norm: 4.0036
2026/09/22 17:20:28 - mmengine - INFO - Iter(train) [16650/40000]  base_lr: 3.8256e-04 lr: 3.8256e-05  eta: 2:14:08  time: 0.3324  data_time: 0.0120  memory: 6224  loss: 0.4488  loss_final: 0.1370  loss_rgb: 0.1449  loss_coarse: 0.0415  loss_region_consistency: 0.0001  loss_boundary: 0.1202  loss_sdf: 0.0050  grad_norm: 2.4198
2026/09/22 17:20:45 - mmengine - INFO - Iter(train) [16700/40000]  base_lr: 3.8183e-04 lr: 3.8183e-05  eta: 2:13:50  time: 0.3357  data_time: 0.0115  memory: 6224  loss: 0.4877  loss_final: 0.1567  loss_rgb: 0.1526  loss_coarse: 0.0467  loss_region_consistency: 0.0001  loss_boundary: 0.1253  loss_sdf: 0.0064  grad_norm: 2.1353
2026/09/22 17:21:02 - mmengine - INFO - Iter(train) [16750/40000]  base_lr: 3.8109e-04 lr: 3.8109e-05  eta: 2:13:33  time: 0.3405  data_time: 0.0116  memory: 6224  loss: 0.3993  loss_final: 0.0876  loss_rgb: 0.1436  loss_coarse: 0.0270  loss_region_consistency: 0.0001  loss_boundary: 0.1361  loss_sdf: 0.0049  grad_norm: 2.0405
2026/09/22 17:21:20 - mmengine - INFO - Iter(train) [16800/40000]  base_lr: 3.8035e-04 lr: 3.8035e-05  eta: 2:13:16  time: 0.3509  data_time: 0.0119  memory: 6224  loss: 0.5204  loss_final: 0.1738  loss_rgb: 0.1489  loss_coarse: 0.0508  loss_region_consistency: 0.0001  loss_boundary: 0.1359  loss_sdf: 0.0109  grad_norm: 2.2160
2026/09/22 17:21:37 - mmengine - INFO - Iter(train) [16850/40000]  base_lr: 3.7961e-04 lr: 3.7961e-05  eta: 2:12:58  time: 0.3368  data_time: 0.0118  memory: 6224  loss: 0.4421  loss_final: 0.1374  loss_rgb: 0.1366  loss_coarse: 0.0414  loss_region_consistency: 0.0001  loss_boundary: 0.1201  loss_sdf: 0.0066  grad_norm: 2.0824
2026/09/22 17:21:54 - mmengine - INFO - Iter(train) [16900/40000]  base_lr: 3.7888e-04 lr: 3.7888e-05  eta: 2:12:41  time: 0.3473  data_time: 0.0117  memory: 6224  loss: 0.4594  loss_final: 0.1208  loss_rgb: 0.1434  loss_coarse: 0.0366  loss_region_consistency: 0.0001  loss_boundary: 0.1506  loss_sdf: 0.0078  grad_norm: 1.9670
2026/09/22 17:22:11 - mmengine - INFO - Iter(train) [16950/40000]  base_lr: 3.7814e-04 lr: 3.7814e-05  eta: 2:12:24  time: 0.3466  data_time: 0.0134  memory: 6224  loss: 0.5044  loss_final: 0.1469  loss_rgb: 0.1552  loss_coarse: 0.0446  loss_region_consistency: 0.0001  loss_boundary: 0.1510  loss_sdf: 0.0066  grad_norm: 2.0943
2026/09/22 17:22:28 - mmengine - INFO - Exp name: rpgv_v2_stage1_rgb_20260922_144802
2026/09/22 17:22:28 - mmengine - INFO - Iter(train) [17000/40000]  base_lr: 3.7740e-04 lr: 3.7740e-05  eta: 2:12:06  time: 0.3484  data_time: 0.0114  memory: 6224  loss: 0.4998  loss_final: 0.1610  loss_rgb: 0.1449  loss_coarse: 0.0485  loss_region_consistency: 0.0001  loss_boundary: 0.1362  loss_sdf: 0.0092  grad_norm: 1.7718
2026/09/22 17:22:45 - mmengine - INFO - Iter(train) [17050/40000]  base_lr: 3.7666e-04 lr: 3.7666e-05  eta: 2:11:49  time: 0.3405  data_time: 0.0115  memory: 6224  loss: 0.5273  loss_final: 0.1833  loss_rgb: 0.1476  loss_coarse: 0.0518  loss_region_consistency: 0.0001  loss_boundary: 0.1358  loss_sdf: 0.0087  grad_norm: 2.1071
2026/09/22 17:23:02 - mmengine - INFO - Iter(train) [17100/40000]  base_lr: 3.7592e-04 lr: 3.7592e-05  eta: 2:11:31  time: 0.3268  data_time: 0.0129  memory: 6224  loss: 0.3615  loss_final: 0.1583  loss_rgb: 0.0750  loss_coarse: 0.0471  loss_region_consistency: 0.0001  loss_boundary: 0.0754  loss_sdf: 0.0055  grad_norm: 1.8390
2026/09/22 17:23:19 - mmengine - INFO - Iter(train) [17150/40000]  base_lr: 3.7518e-04 lr: 3.7518e-05  eta: 2:11:13  time: 0.3373  data_time: 0.0118  memory: 6224  loss: 0.4590  loss_final: 0.1309  loss_rgb: 0.1462  loss_coarse: 0.0388  loss_region_consistency: 0.0001  loss_boundary: 0.1358  loss_sdf: 0.0072  grad_norm: 2.0713
2026/09/22 17:23:36 - mmengine - INFO - Iter(train) [17200/40000]  base_lr: 3.7445e-04 lr: 3.7445e-05  eta: 2:10:56  time: 0.3477  data_time: 0.0122  memory: 6224  loss: 0.4681  loss_final: 0.1444  loss_rgb: 0.1364  loss_coarse: 0.0434  loss_region_consistency: 0.0001  loss_boundary: 0.1361  loss_sdf: 0.0078  grad_norm: 1.7939
2026/09/22 17:23:53 - mmengine - INFO - Iter(train) [17250/40000]  base_lr: 3.7371e-04 lr: 3.7371e-05  eta: 2:10:38  time: 0.3369  data_time: 0.0123  memory: 6224  loss: 0.3301  loss_final: 0.0576  loss_rgb: 0.1314  loss_coarse: 0.0182  loss_region_consistency: 0.0001  loss_boundary: 0.1193  loss_sdf: 0.0036  grad_norm: 1.5783
2026/09/22 17:24:10 - mmengine - INFO - Iter(train) [17300/40000]  base_lr: 3.7297e-04 lr: 3.7297e-05  eta: 2:10:20  time: 0.3350  data_time: 0.0123  memory: 6224  loss: 0.3236  loss_final: 0.0771  loss_rgb: 0.1134  loss_coarse: 0.0229  loss_region_consistency: 0.0001  loss_boundary: 0.1056  loss_sdf: 0.0045  grad_norm: 1.4572
2026/09/22 17:24:27 - mmengine - INFO - Iter(train) [17350/40000]  base_lr: 3.7223e-04 lr: 3.7223e-05  eta: 2:10:03  time: 0.3316  data_time: 0.0120  memory: 6224  loss: 0.4231  loss_final: 0.1487  loss_rgb: 0.1195  loss_coarse: 0.0439  loss_region_consistency: 0.0001  loss_boundary: 0.1051  loss_sdf: 0.0059  grad_norm: 1.9546
2026/09/22 17:24:44 - mmengine - INFO - Iter(train) [17400/40000]  base_lr: 3.7149e-04 lr: 3.7149e-05  eta: 2:09:45  time: 0.3477  data_time: 0.0134  memory: 6224  loss: 0.4510  loss_final: 0.1323  loss_rgb: 0.1365  loss_coarse: 0.0384  loss_region_consistency: 0.0001  loss_boundary: 0.1354  loss_sdf: 0.0084  grad_norm: 2.3989
2026/09/22 17:25:01 - mmengine - INFO - Iter(train) [17450/40000]  base_lr: 3.7075e-04 lr: 3.7075e-05  eta: 2:09:28  time: 0.3321  data_time: 0.0118  memory: 6224  loss: 0.3716  loss_final: 0.0918  loss_rgb: 0.1281  loss_coarse: 0.0290  loss_region_consistency: 0.0001  loss_boundary: 0.1201  loss_sdf: 0.0025  grad_norm: 1.9486
2026/09/22 17:25:17 - mmengine - INFO - Iter(train) [17500/40000]  base_lr: 3.7001e-04 lr: 3.7001e-05  eta: 2:09:10  time: 0.3313  data_time: 0.0113  memory: 6224  loss: 0.3466  loss_final: 0.0894  loss_rgb: 0.1198  loss_coarse: 0.0278  loss_region_consistency: 0.0001  loss_boundary: 0.1049  loss_sdf: 0.0045  grad_norm: 1.6587
2026/09/22 17:25:34 - mmengine - INFO - Iter(train) [17550/40000]  base_lr: 3.6927e-04 lr: 3.6927e-05  eta: 2:08:52  time: 0.3421  data_time: 0.0121  memory: 6224  loss: 0.4372  loss_final: 0.1128  loss_rgb: 0.1482  loss_coarse: 0.0343  loss_region_consistency: 0.0001  loss_boundary: 0.1357  loss_sdf: 0.0060  grad_norm: 2.1206
2026/09/22 17:25:51 - mmengine - INFO - Iter(train) [17600/40000]  base_lr: 3.6853e-04 lr: 3.6853e-05  eta: 2:08:35  time: 0.3436  data_time: 0.0128  memory: 6224  loss: 0.5158  loss_final: 0.1966  loss_rgb: 0.1338  loss_coarse: 0.0575  loss_region_consistency: 0.0001  loss_boundary: 0.1206  loss_sdf: 0.0072  grad_norm: 2.0543
2026/09/22 17:26:08 - mmengine - INFO - Iter(train) [17650/40000]  base_lr: 3.6779e-04 lr: 3.6779e-05  eta: 2:08:17  time: 0.3434  data_time: 0.0120  memory: 6224  loss: 0.6584  loss_final: 0.2740  loss_rgb: 0.1513  loss_coarse: 0.0789  loss_region_consistency: 0.0002  loss_boundary: 0.1369  loss_sdf: 0.0171  grad_norm: 2.4344
2026/09/22 17:26:25 - mmengine - INFO - Iter(train) [17700/40000]  base_lr: 3.6705e-04 lr: 3.6705e-05  eta: 2:08:00  time: 0.3323  data_time: 0.0116  memory: 6224  loss: 0.3151  loss_final: 0.0736  loss_rgb: 0.1089  loss_coarse: 0.0226  loss_region_consistency: 0.0001  loss_boundary: 0.1052  loss_sdf: 0.0047  grad_norm: 2.4244
2026/09/22 17:26:42 - mmengine - INFO - Iter(train) [17750/40000]  base_lr: 3.6631e-04 lr: 3.6631e-05  eta: 2:07:42  time: 0.3425  data_time: 0.0117  memory: 6224  loss: 0.4851  loss_final: 0.1467  loss_rgb: 0.1516  loss_coarse: 0.0427  loss_region_consistency: 0.0001  loss_boundary: 0.1360  loss_sdf: 0.0080  grad_norm: 2.0820
2026/09/22 17:26:59 - mmengine - INFO - Iter(train) [17800/40000]  base_lr: 3.6556e-04 lr: 3.6556e-05  eta: 2:07:25  time: 0.3411  data_time: 0.0117  memory: 6224  loss: 0.3258  loss_final: 0.0815  loss_rgb: 0.1105  loss_coarse: 0.0249  loss_region_consistency: 0.0001  loss_boundary: 0.1052  loss_sdf: 0.0036  grad_norm: 2.2728
2026/09/22 17:27:16 - mmengine - INFO - Iter(train) [17850/40000]  base_lr: 3.6482e-04 lr: 3.6482e-05  eta: 2:07:07  time: 0.3326  data_time: 0.0115  memory: 6224  loss: 0.3330  loss_final: 0.0846  loss_rgb: 0.1117  loss_coarse: 0.0270  loss_region_consistency: 0.0001  loss_boundary: 0.1058  loss_sdf: 0.0039  grad_norm: 4.2118
2026/09/22 17:27:33 - mmengine - INFO - Iter(train) [17900/40000]  base_lr: 3.6408e-04 lr: 3.6408e-05  eta: 2:06:50  time: 0.3385  data_time: 0.0124  memory: 6224  loss: 0.4747  loss_final: 0.1579  loss_rgb: 0.1357  loss_coarse: 0.0467  loss_region_consistency: 0.0001  loss_boundary: 0.1262  loss_sdf: 0.0081  grad_norm: 2.1398
2026/09/22 17:27:50 - mmengine - INFO - Iter(train) [17950/40000]  base_lr: 3.6334e-04 lr: 3.6334e-05  eta: 2:06:32  time: 0.3384  data_time: 0.0121  memory: 6224  loss: 0.4586  loss_final: 0.1412  loss_rgb: 0.1443  loss_coarse: 0.0441  loss_region_consistency: 0.0001  loss_boundary: 0.1208  loss_sdf: 0.0081  grad_norm: 2.1370
2026/09/22 17:28:07 - mmengine - INFO - Exp name: rpgv_v2_stage1_rgb_20260922_144802
2026/09/22 17:28:07 - mmengine - INFO - Iter(train) [18000/40000]  base_lr: 3.6260e-04 lr: 3.6260e-05  eta: 2:06:15  time: 0.3457  data_time: 0.0116  memory: 6224  loss: 0.3902  loss_final: 0.1113  loss_rgb: 0.1164  loss_coarse: 0.0341  loss_region_consistency: 0.0001  loss_boundary: 0.1208  loss_sdf: 0.0074  grad_norm: 1.7520
2026/09/22 17:28:07 - mmengine - INFO - Saving checkpoint at 18000 iterations
2026/09/22 17:28:54 - mmengine - INFO - Iter(val) [ 50/304]    eta: 0:03:49  time: 0.9011  data_time: 0.0110  memory: 1100  
2026/09/22 17:30:05 - mmengine - INFO - Iter(val) [100/304]    eta: 0:03:58  time: 1.3976  data_time: 0.0108  memory: 1100  
2026/09/22 17:31:14 - mmengine - INFO - Iter(val) [150/304]    eta: 0:03:10  time: 1.4070  data_time: 0.0123  memory: 1100  
2026/09/22 17:32:22 - mmengine - INFO - Iter(val) [200/304]    eta: 0:02:11  time: 1.3242  data_time: 0.0126  memory: 1100  
2026/09/22 17:33:27 - mmengine - INFO - Iter(val) [250/304]    eta: 0:01:08  time: 1.3179  data_time: 0.0121  memory: 1100  
2026/09/22 17:34:32 - mmengine - INFO - Iter(val) [300/304]    eta: 0:00:05  time: 1.2516  data_time: 0.0113  memory: 1100  
2026/09/22 17:34:37 - mmengine - INFO - per class results:
2026/09/22 17:34:37 - mmengine - INFO - 
+------------------+-------+-------+-------+--------+-----------+--------+
|      Class       |  IoU  |  Acc  |  Dice | Fscore | Precision | Recall |
+------------------+-------+-------+-------+--------+-----------+--------+
|    background    | 96.93 | 97.75 | 98.44 | 98.44  |   99.13   | 97.75  |
| wastewater_plant | 71.95 |  90.3 | 83.68 | 83.68  |   77.97   |  90.3  |
+------------------+-------+-------+-------+--------+-----------+--------+
2026/09/22 17:34:37 - mmengine - INFO - Iter(val) [304/304]    aAcc: 97.1500  mIoU: 84.4400  mAcc: 94.0300  mDice: 91.0600  mFscore: 91.0600  mPrecision: 88.5500  mRecall: 94.0300  binary/Foreground_IoU: 71.9462  binary/Dice: 83.6845  binary/F1: 83.6845  binary/Precision: 77.9703  binary/Recall: 90.3026  binary/Boundary_F1: 11.6546  binary/BFScore: 11.6546  binary/Boundary_Precision: 9.0344  binary/Boundary_Recall: 16.4152  binary/Hausdorff_px: 586.5197  binary/HD95_px: 406.6109  binary/Hausdorff_m: 293.2598  binary/HD95_m: 203.3055  data_time: 0.0127  time: 1.2770
2026/09/22 17:34:54 - mmengine - INFO - Iter(train) [18050/40000]  base_lr: 3.6186e-04 lr: 3.6186e-05  eta: 2:05:57  time: 0.3463  data_time: 0.0124  memory: 6224  loss: 0.5445  loss_final: 0.1760  loss_rgb: 0.1662  loss_coarse: 0.0526  loss_region_consistency: 0.0001  loss_boundary: 0.1412  loss_sdf: 0.0084  grad_norm: 1.5000
2026/09/22 17:35:11 - mmengine - INFO - Iter(train) [18100/40000]  base_lr: 3.6112e-04 lr: 3.6112e-05  eta: 2:05:40  time: 0.3451  data_time: 0.0121  memory: 6224  loss: 0.5086  loss_final: 0.1545  loss_rgb: 0.1467  loss_coarse: 0.0455  loss_region_consistency: 0.0001  loss_boundary: 0.1513  loss_sdf: 0.0104  grad_norm: 1.8884
2026/09/22 17:35:28 - mmengine - INFO - Iter(train) [18150/40000]  base_lr: 3.6037e-04 lr: 3.6037e-05  eta: 2:05:22  time: 0.3445  data_time: 0.0116  memory: 6224  loss: 0.5186  loss_final: 0.1464  loss_rgb: 0.1683  loss_coarse: 0.0442  loss_region_consistency: 0.0001  loss_boundary: 0.1516  loss_sdf: 0.0079  grad_norm: 2.1978
2026/09/22 17:35:45 - mmengine - INFO - Iter(train) [18200/40000]  base_lr: 3.5963e-04 lr: 3.5963e-05  eta: 2:05:05  time: 0.3528  data_time: 0.0121  memory: 6224  loss: 0.5400  loss_final: 0.1579  loss_rgb: 0.1753  loss_coarse: 0.0487  loss_region_consistency: 0.0001  loss_boundary: 0.1504  loss_sdf: 0.0076  grad_norm: 2.3781
2026/09/22 17:36:02 - mmengine - INFO - Iter(train) [18250/40000]  base_lr: 3.5889e-04 lr: 3.5889e-05  eta: 2:04:48  time: 0.3368  data_time: 0.0112  memory: 6224  loss: 0.5002  loss_final: 0.1600  loss_rgb: 0.1475  loss_coarse: 0.0481  loss_region_consistency: 0.0001  loss_boundary: 0.1357  loss_sdf: 0.0089  grad_norm: 1.8413
2026/09/22 17:36:19 - mmengine - INFO - Iter(train) [18300/40000]  base_lr: 3.5815e-04 lr: 3.5815e-05  eta: 2:04:30  time: 0.3435  data_time: 0.0118  memory: 6224  loss: 0.4525  loss_final: 0.1248  loss_rgb: 0.1433  loss_coarse: 0.0401  loss_region_consistency: 0.0001  loss_boundary: 0.1361  loss_sdf: 0.0080  grad_norm: 1.9431
2026/09/22 17:36:36 - mmengine - INFO - Iter(train) [18350/40000]  base_lr: 3.5740e-04 lr: 3.5740e-05  eta: 2:04:13  time: 0.3332  data_time: 0.0121  memory: 6224  loss: 0.3297  loss_final: 0.0753  loss_rgb: 0.1204  loss_coarse: 0.0237  loss_region_consistency: 0.0001  loss_boundary: 0.1061  loss_sdf: 0.0041  grad_norm: 2.2315
2026/09/22 17:36:53 - mmengine - INFO - Iter(train) [18400/40000]  base_lr: 3.5666e-04 lr: 3.5666e-05  eta: 2:03:56  time: 0.3450  data_time: 0.0115  memory: 6224  loss: 0.4267  loss_final: 0.1253  loss_rgb: 0.1369  loss_coarse: 0.0372  loss_region_consistency: 0.0001  loss_boundary: 0.1210  loss_sdf: 0.0061  grad_norm: 2.0654
2026/09/22 17:37:10 - mmengine - INFO - Iter(train) [18450/40000]  base_lr: 3.5592e-04 lr: 3.5592e-05  eta: 2:03:38  time: 0.3327  data_time: 0.0126  memory: 6224  loss: 0.3726  loss_final: 0.1160  loss_rgb: 0.1102  loss_coarse: 0.0343  loss_region_consistency: 0.0001  loss_boundary: 0.1055  loss_sdf: 0.0067  grad_norm: 1.8903
2026/09/22 17:37:27 - mmengine - INFO - Iter(train) [18500/40000]  base_lr: 3.5517e-04 lr: 3.5517e-05  eta: 2:03:21  time: 0.3421  data_time: 0.0124  memory: 6224  loss: 0.3856  loss_final: 0.0753  loss_rgb: 0.1467  loss_coarse: 0.0234  loss_region_consistency: 0.0001  loss_boundary: 0.1355  loss_sdf: 0.0045  grad_norm: 1.7960
2026/09/22 17:37:45 - mmengine - INFO - Iter(train) [18550/40000]  base_lr: 3.5443e-04 lr: 3.5443e-05  eta: 2:03:04  time: 0.3518  data_time: 0.0118  memory: 6224  loss: 0.4795  loss_final: 0.1293  loss_rgb: 0.1499  loss_coarse: 0.0405  loss_region_consistency: 0.0002  loss_boundary: 0.1513  loss_sdf: 0.0083  grad_norm: 1.7517
2026/09/22 17:38:02 - mmengine - INFO - Iter(train) [18600/40000]  base_lr: 3.5369e-04 lr: 3.5369e-05  eta: 2:02:46  time: 0.3497  data_time: 0.0121  memory: 6224  loss: 0.4079  loss_final: 0.0988  loss_rgb: 0.1371  loss_coarse: 0.0303  loss_region_consistency: 0.0001  loss_boundary: 0.1355  loss_sdf: 0.0060  grad_norm: 2.0526
2026/09/22 17:38:19 - mmengine - INFO - Iter(train) [18650/40000]  base_lr: 3.5294e-04 lr: 3.5294e-05  eta: 2:02:29  time: 0.3429  data_time: 0.0124  memory: 6224  loss: 0.6019  loss_final: 0.2186  loss_rgb: 0.1732  loss_coarse: 0.0656  loss_region_consistency: 0.0001  loss_boundary: 0.1372  loss_sdf: 0.0073  grad_norm: 3.4773
2026/09/22 17:38:36 - mmengine - INFO - Iter(train) [18700/40000]  base_lr: 3.5220e-04 lr: 3.5220e-05  eta: 2:02:12  time: 0.3387  data_time: 0.0114  memory: 6224  loss: 0.7476  loss_final: 0.3244  loss_rgb: 0.1805  loss_coarse: 0.0957  loss_region_consistency: 0.0001  loss_boundary: 0.1358  loss_sdf: 0.0112  grad_norm: 3.0238
2026/09/22 17:38:53 - mmengine - INFO - Iter(train) [18750/40000]  base_lr: 3.5146e-04 lr: 3.5146e-05  eta: 2:01:54  time: 0.3418  data_time: 0.0120  memory: 6224  loss: 0.3876  loss_final: 0.0831  loss_rgb: 0.1395  loss_coarse: 0.0262  loss_region_consistency: 0.0001  loss_boundary: 0.1346  loss_sdf: 0.0041  grad_norm: 2.1413
2026/09/22 17:39:10 - mmengine - INFO - Iter(train) [18800/40000]  base_lr: 3.5071e-04 lr: 3.5071e-05  eta: 2:01:37  time: 0.3425  data_time: 0.0115  memory: 6224  loss: 0.3647  loss_final: 0.0834  loss_rgb: 0.1313  loss_coarse: 0.0257  loss_region_consistency: 0.0001  loss_boundary: 0.1202  loss_sdf: 0.0040  grad_norm: 1.6440
2026/09/22 17:39:27 - mmengine - INFO - Iter(train) [18850/40000]  base_lr: 3.4997e-04 lr: 3.4997e-05  eta: 2:01:19  time: 0.3371  data_time: 0.0122  memory: 6224  loss: 0.3633  loss_final: 0.0730  loss_rgb: 0.1421  loss_coarse: 0.0229  loss_region_consistency: 0.0001  loss_boundary: 0.1205  loss_sdf: 0.0047  grad_norm: 1.4743
2026/09/22 17:39:44 - mmengine - INFO - Iter(train) [18900/40000]  base_lr: 3.4922e-04 lr: 3.4922e-05  eta: 2:01:02  time: 0.3412  data_time: 0.0120  memory: 6224  loss: 0.4715  loss_final: 0.1353  loss_rgb: 0.1535  loss_coarse: 0.0400  loss_region_consistency: 0.0001  loss_boundary: 0.1357  loss_sdf: 0.0069  grad_norm: 1.7507
2026/09/22 17:40:01 - mmengine - INFO - Iter(train) [18950/40000]  base_lr: 3.4848e-04 lr: 3.4848e-05  eta: 2:00:45  time: 0.3357  data_time: 0.0132  memory: 6224  loss: 0.3598  loss_final: 0.1005  loss_rgb: 0.1168  loss_coarse: 0.0311  loss_region_consistency: 0.0001  loss_boundary: 0.1053  loss_sdf: 0.0059  grad_norm: 2.3522
2026/09/22 17:40:19 - mmengine - INFO - Exp name: rpgv_v2_stage1_rgb_20260922_144802
2026/09/22 17:40:19 - mmengine - INFO - Iter(train) [19000/40000]  base_lr: 3.4773e-04 lr: 3.4773e-05  eta: 2:00:27  time: 0.3446  data_time: 0.0120  memory: 6224  loss: 0.4245  loss_final: 0.1252  loss_rgb: 0.1341  loss_coarse: 0.0355  loss_region_consistency: 0.0001  loss_boundary: 0.1203  loss_sdf: 0.0092  grad_norm: 2.4742
2026/09/22 17:40:36 - mmengine - INFO - Iter(train) [19050/40000]  base_lr: 3.4699e-04 lr: 3.4699e-05  eta: 2:00:10  time: 0.3416  data_time: 0.0121  memory: 6224  loss: 0.4440  loss_final: 0.1022  loss_rgb: 0.1563  loss_coarse: 0.0310  loss_region_consistency: 0.0001  loss_boundary: 0.1503  loss_sdf: 0.0041  grad_norm: 2.0206
2026/09/22 17:40:52 - mmengine - INFO - Iter(train) [19100/40000]  base_lr: 3.4624e-04 lr: 3.4624e-05  eta: 1:59:52  time: 0.3356  data_time: 0.0116  memory: 6224  loss: 0.4225  loss_final: 0.1216  loss_rgb: 0.1385  loss_coarse: 0.0359  loss_region_consistency: 0.0001  loss_boundary: 0.1205  loss_sdf: 0.0059  grad_norm: 1.7297
2026/09/22 17:41:09 - mmengine - INFO - Iter(train) [19150/40000]  base_lr: 3.4550e-04 lr: 3.4550e-05  eta: 1:59:35  time: 0.3412  data_time: 0.0117  memory: 6224  loss: 0.4444  loss_final: 0.1107  loss_rgb: 0.1581  loss_coarse: 0.0342  loss_region_consistency: 0.0001  loss_boundary: 0.1357  loss_sdf: 0.0056  grad_norm: 2.2256
2026/09/22 17:41:27 - mmengine - INFO - Iter(train) [19200/40000]  base_lr: 3.4475e-04 lr: 3.4475e-05  eta: 1:59:18  time: 0.3412  data_time: 0.0130  memory: 6224  loss: 0.3752  loss_final: 0.1371  loss_rgb: 0.1024  loss_coarse: 0.0404  loss_region_consistency: 0.0001  loss_boundary: 0.0903  loss_sdf: 0.0049  grad_norm: 2.2179
2026/09/22 17:41:44 - mmengine - INFO - Iter(train) [19250/40000]  base_lr: 3.4400e-04 lr: 3.4400e-05  eta: 1:59:00  time: 0.3351  data_time: 0.0119  memory: 6224  loss: 0.4880  loss_final: 0.1578  loss_rgb: 0.1515  loss_coarse: 0.0469  loss_region_consistency: 0.0001  loss_boundary: 0.1254  loss_sdf: 0.0062  grad_norm: 2.2242
2026/09/22 17:42:01 - mmengine - INFO - Iter(train) [19300/40000]  base_lr: 3.4326e-04 lr: 3.4326e-05  eta: 1:58:43  time: 0.3330  data_time: 0.0122  memory: 6224  loss: 0.3220  loss_final: 0.0844  loss_rgb: 0.1004  loss_coarse: 0.0255  loss_region_consistency: 0.0001  loss_boundary: 0.1061  loss_sdf: 0.0056  grad_norm: 1.7908
2026/09/22 17:42:18 - mmengine - INFO - Iter(train) [19350/40000]  base_lr: 3.4251e-04 lr: 3.4251e-05  eta: 1:58:26  time: 0.3404  data_time: 0.0119  memory: 6224  loss: 0.4157  loss_final: 0.1071  loss_rgb: 0.1349  loss_coarse: 0.0321  loss_region_consistency: 0.0001  loss_boundary: 0.1355  loss_sdf: 0.0058  grad_norm: 1.8617
2026/09/22 17:42:35 - mmengine - INFO - Iter(train) [19400/40000]  base_lr: 3.4176e-04 lr: 3.4176e-05  eta: 1:58:08  time: 0.3485  data_time: 0.0123  memory: 6224  loss: 0.4805  loss_final: 0.1440  loss_rgb: 0.1505  loss_coarse: 0.0429  loss_region_consistency: 0.0001  loss_boundary: 0.1357  loss_sdf: 0.0073  grad_norm: 2.3533
2026/09/22 17:42:52 - mmengine - INFO - Iter(train) [19450/40000]  base_lr: 3.4102e-04 lr: 3.4102e-05  eta: 1:57:51  time: 0.3381  data_time: 0.0117  memory: 6224  loss: 0.6155  loss_final: 0.2465  loss_rgb: 0.1632  loss_coarse: 0.0743  loss_region_consistency: 0.0001  loss_boundary: 0.1268  loss_sdf: 0.0047  grad_norm: 2.0568
2026/09/22 17:43:09 - mmengine - INFO - Iter(train) [19500/40000]  base_lr: 3.4027e-04 lr: 3.4027e-05  eta: 1:57:33  time: 0.3287  data_time: 0.0123  memory: 6224  loss: 0.3169  loss_final: 0.0932  loss_rgb: 0.1003  loss_coarse: 0.0286  loss_region_consistency: 0.0001  loss_boundary: 0.0908  loss_sdf: 0.0039  grad_norm: 2.1783
2026/09/22 17:43:26 - mmengine - INFO - Iter(train) [19550/40000]  base_lr: 3.3952e-04 lr: 3.3952e-05  eta: 1:57:16  time: 0.3380  data_time: 0.0119  memory: 6224  loss: 0.4453  loss_final: 0.1423  loss_rgb: 0.1321  loss_coarse: 0.0414  loss_region_consistency: 0.0001  loss_boundary: 0.1212  loss_sdf: 0.0082  grad_norm: 2.1672
2026/09/22 17:43:43 - mmengine - INFO - Iter(train) [19600/40000]  base_lr: 3.3878e-04 lr: 3.3878e-05  eta: 1:56:59  time: 0.3529  data_time: 0.0123  memory: 6224  loss: 0.5311  loss_final: 0.1578  loss_rgb: 0.1659  loss_coarse: 0.0478  loss_region_consistency: 0.0001  loss_boundary: 0.1518  loss_sdf: 0.0077  grad_norm: 1.9673
2026/09/22 17:44:00 - mmengine - INFO - Iter(train) [19650/40000]  base_lr: 3.3803e-04 lr: 3.3803e-05  eta: 1:56:42  time: 0.3420  data_time: 0.0121  memory: 6224  loss: 0.4642  loss_final: 0.1259  loss_rgb: 0.1505  loss_coarse: 0.0371  loss_region_consistency: 0.0002  loss_boundary: 0.1404  loss_sdf: 0.0101  grad_norm: 2.2974
2026/09/22 17:44:17 - mmengine - INFO - Iter(train) [19700/40000]  base_lr: 3.3728e-04 lr: 3.3728e-05  eta: 1:56:24  time: 0.3383  data_time: 0.0122  memory: 6224  loss: 0.4162  loss_final: 0.1297  loss_rgb: 0.1214  loss_coarse: 0.0385  loss_region_consistency: 0.0001  loss_boundary: 0.1202  loss_sdf: 0.0064  grad_norm: 2.8640
2026/09/22 17:44:34 - mmengine - INFO - Iter(train) [19750/40000]  base_lr: 3.3653e-04 lr: 3.3653e-05  eta: 1:56:07  time: 0.3408  data_time: 0.0116  memory: 6224  loss: 0.4284  loss_final: 0.1085  loss_rgb: 0.1462  loss_coarse: 0.0332  loss_region_consistency: 0.0001  loss_boundary: 0.1352  loss_sdf: 0.0052  grad_norm: 2.0245
2026/09/22 17:44:51 - mmengine - INFO - Iter(train) [19800/40000]  base_lr: 3.3579e-04 lr: 3.3579e-05  eta: 1:55:49  time: 0.3427  data_time: 0.0118  memory: 6224  loss: 0.3519  loss_final: 0.0978  loss_rgb: 0.1121  loss_coarse: 0.0301  loss_region_consistency: 0.0001  loss_boundary: 0.1056  loss_sdf: 0.0062  grad_norm: 2.0315
2026/09/22 17:45:08 - mmengine - INFO - Iter(train) [19850/40000]  base_lr: 3.3504e-04 lr: 3.3504e-05  eta: 1:55:32  time: 0.3459  data_time: 0.0122  memory: 6224  loss: 0.5364  loss_final: 0.1797  loss_rgb: 0.1568  loss_coarse: 0.0546  loss_region_consistency: 0.0001  loss_boundary: 0.1362  loss_sdf: 0.0089  grad_norm: 2.2250
2026/09/22 17:45:25 - mmengine - INFO - Iter(train) [19900/40000]  base_lr: 3.3429e-04 lr: 3.3429e-05  eta: 1:55:15  time: 0.3352  data_time: 0.0117  memory: 6224  loss: 0.3137  loss_final: 0.0654  loss_rgb: 0.1062  loss_coarse: 0.0193  loss_region_consistency: 0.0001  loss_boundary: 0.1189  loss_sdf: 0.0039  grad_norm: 3.2022
2026/09/22 17:45:42 - mmengine - INFO - Iter(train) [19950/40000]  base_lr: 3.3354e-04 lr: 3.3354e-05  eta: 1:54:57  time: 0.3327  data_time: 0.0126  memory: 6224  loss: 0.3598  loss_final: 0.1022  loss_rgb: 0.1167  loss_coarse: 0.0301  loss_region_consistency: 0.0001  loss_boundary: 0.1059  loss_sdf: 0.0048  grad_norm: 2.4038
2026/09/22 17:45:59 - mmengine - INFO - Exp name: rpgv_v2_stage1_rgb_20260922_144802
2026/09/22 17:45:59 - mmengine - INFO - Iter(train) [20000/40000]  base_lr: 3.3279e-04 lr: 3.3279e-05  eta: 1:54:40  time: 0.3461  data_time: 0.0113  memory: 6224  loss: 0.5314  loss_final: 0.1819  loss_rgb: 0.1521  loss_coarse: 0.0535  loss_region_consistency: 0.0001  loss_boundary: 0.1356  loss_sdf: 0.0082  grad_norm: 2.8366
2026/09/22 17:46:00 - mmengine - INFO - Saving checkpoint at 20000 iterations
2026/09/22 17:46:46 - mmengine - INFO - Iter(val) [ 50/304]    eta: 0:03:50  time: 0.9022  data_time: 0.0120  memory: 1100  
2026/09/22 17:47:56 - mmengine - INFO - Iter(val) [100/304]    eta: 0:03:54  time: 1.3516  data_time: 0.0125  memory: 1100  
2026/09/22 17:49:02 - mmengine - INFO - Iter(val) [150/304]    eta: 0:03:05  time: 1.3037  data_time: 0.0124  memory: 1100  
2026/09/22 17:50:06 - mmengine - INFO - Iter(val) [200/304]    eta: 0:02:07  time: 1.2911  data_time: 0.0120  memory: 1100  
2026/09/22 17:51:10 - mmengine - INFO - Iter(val) [250/304]    eta: 0:01:06  time: 1.2838  data_time: 0.0116  memory: 1100  
2026/09/22 17:52:13 - mmengine - INFO - Iter(val) [300/304]    eta: 0:00:04  time: 1.2421  data_time: 0.0113  memory: 1100  
2026/09/22 17:52:18 - mmengine - INFO - per class results:
2026/09/22 17:52:18 - mmengine - INFO - 
+------------------+-------+-------+-------+--------+-----------+--------+
|      Class       |  IoU  |  Acc  |  Dice | Fscore | Precision | Recall |
+------------------+-------+-------+-------+--------+-----------+--------+
|    background    | 96.55 | 97.29 | 98.25 | 98.25  |   99.22   | 97.29  |
| wastewater_plant | 69.85 | 91.34 | 82.25 | 82.25  |    74.8   | 91.34  |
+------------------+-------+-------+-------+--------+-----------+--------+
2026/09/22 17:52:18 - mmengine - INFO - Iter(val) [304/304]    aAcc: 96.8100  mIoU: 83.2000  mAcc: 94.3200  mDice: 90.2500  mFscore: 90.2500  mPrecision: 87.0100  mRecall: 94.3200  binary/Foreground_IoU: 69.8462  binary/Dice: 82.2464  binary/F1: 82.2464  binary/Precision: 74.7986  binary/Recall: 91.3413  binary/Boundary_F1: 11.0732  binary/BFScore: 11.0732  binary/Boundary_Precision: 8.4608  binary/Boundary_Recall: 16.0194  binary/Hausdorff_px: 583.5277  binary/HD95_px: 435.1867  binary/Hausdorff_m: 291.7638  binary/HD95_m: 217.5933  data_time: 0.0127  time: 1.2412
2026/09/22 17:52:35 - mmengine - INFO - Iter(train) [20050/40000]  base_lr: 3.3204e-04 lr: 3.3204e-05  eta: 1:54:23  time: 0.3323  data_time: 0.0117  memory: 6224  loss: 0.2990  loss_final: 0.0640  loss_rgb: 0.1056  loss_coarse: 0.0204  loss_region_consistency: 0.0001  loss_boundary: 0.1052  loss_sdf: 0.0038  grad_norm: 3.0381
2026/09/22 17:52:52 - mmengine - INFO - Iter(train) [20100/40000]  base_lr: 3.3129e-04 lr: 3.3129e-05  eta: 1:54:05  time: 0.3351  data_time: 0.0125  memory: 6224  loss: 0.4010  loss_final: 0.1418  loss_rgb: 0.1028  loss_coarse: 0.0404  loss_region_consistency: 0.0001  loss_boundary: 0.1063  loss_sdf: 0.0096  grad_norm: 2.0590
2026/09/22 17:53:09 - mmengine - INFO - Iter(train) [20150/40000]  base_lr: 3.3055e-04 lr: 3.3055e-05  eta: 1:53:48  time: 0.3459  data_time: 0.0122  memory: 6224  loss: 0.4896  loss_final: 0.1287  loss_rgb: 0.1642  loss_coarse: 0.0388  loss_region_consistency: 0.0001  loss_boundary: 0.1510  loss_sdf: 0.0069  grad_norm: 2.3103
2026/09/22 17:53:27 - mmengine - INFO - Iter(train) [20200/40000]  base_lr: 3.2980e-04 lr: 3.2980e-05  eta: 1:53:31  time: 0.3446  data_time: 0.0115  memory: 6224  loss: 0.4092  loss_final: 0.0938  loss_rgb: 0.1466  loss_coarse: 0.0283  loss_region_consistency: 0.0001  loss_boundary: 0.1354  loss_sdf: 0.0050  grad_norm: 1.9574
2026/09/22 17:53:44 - mmengine - INFO - Iter(train) [20250/40000]  base_lr: 3.2905e-04 lr: 3.2905e-05  eta: 1:53:13  time: 0.3390  data_time: 0.0120  memory: 6224  loss: 0.3759  loss_final: 0.0925  loss_rgb: 0.1290  loss_coarse: 0.0284  loss_region_consistency: 0.0001  loss_boundary: 0.1208  loss_sdf: 0.0051  grad_norm: 1.8572
2026/09/22 17:54:01 - mmengine - INFO - Iter(train) [20300/40000]  base_lr: 3.2830e-04 lr: 3.2830e-05  eta: 1:52:56  time: 0.3414  data_time: 0.0118  memory: 6224  loss: 0.4049  loss_final: 0.1010  loss_rgb: 0.1335  loss_coarse: 0.0310  loss_region_consistency: 0.0001  loss_boundary: 0.1343  loss_sdf: 0.0049  grad_norm: 1.2944
2026/09/22 17:54:18 - mmengine - INFO - Iter(train) [20350/40000]  base_lr: 3.2755e-04 lr: 3.2755e-05  eta: 1:52:39  time: 0.3336  data_time: 0.0134  memory: 6224  loss: 0.2561  loss_final: 0.0549  loss_rgb: 0.0911  loss_coarse: 0.0163  loss_region_consistency: 0.0001  loss_boundary: 0.0904  loss_sdf: 0.0033  grad_norm: 1.5088
2026/09/22 17:54:35 - mmengine - INFO - Iter(train) [20400/40000]  base_lr: 3.2680e-04 lr: 3.2680e-05  eta: 1:52:21  time: 0.3418  data_time: 0.0124  memory: 6224  loss: 0.3484  loss_final: 0.0729  loss_rgb: 0.1303  loss_coarse: 0.0219  loss_region_consistency: 0.0001  loss_boundary: 0.1200  loss_sdf: 0.0032  grad_norm: 1.7030
2026/09/22 17:54:52 - mmengine - INFO - Iter(train) [20450/40000]  base_lr: 3.2605e-04 lr: 3.2605e-05  eta: 1:52:04  time: 0.3337  data_time: 0.0119  memory: 6224  loss: 0.2852  loss_final: 0.0494  loss_rgb: 0.1144  loss_coarse: 0.0154  loss_region_consistency: 0.0001  loss_boundary: 0.1039  loss_sdf: 0.0020  grad_norm: 1.8575
2026/09/22 17:55:08 - mmengine - INFO - Iter(train) [20500/40000]  base_lr: 3.2530e-04 lr: 3.2530e-05  eta: 1:51:46  time: 0.3373  data_time: 0.0130  memory: 6224  loss: 0.3565  loss_final: 0.0783  loss_rgb: 0.1277  loss_coarse: 0.0244  loss_region_consistency: 0.0001  loss_boundary: 0.1211  loss_sdf: 0.0049  grad_norm: 1.7920
2026/09/22 17:55:25 - mmengine - INFO - Iter(train) [20550/40000]  base_lr: 3.2454e-04 lr: 3.2454e-05  eta: 1:51:29  time: 0.3255  data_time: 0.0135  memory: 6224  loss: 0.2646  loss_final: 0.0778  loss_rgb: 0.0854  loss_coarse: 0.0229  loss_region_consistency: 0.0000  loss_boundary: 0.0751  loss_sdf: 0.0034  grad_norm: 1.7952
2026/09/22 17:55:42 - mmengine - INFO - Iter(train) [20600/40000]  base_lr: 3.2379e-04 lr: 3.2379e-05  eta: 1:51:12  time: 0.3491  data_time: 0.0128  memory: 6224  loss: 0.5206  loss_final: 0.1733  loss_rgb: 0.1463  loss_coarse: 0.0505  loss_region_consistency: 0.0001  loss_boundary: 0.1412  loss_sdf: 0.0092  grad_norm: 2.0799
2026/09/22 17:55:59 - mmengine - INFO - Iter(train) [20650/40000]  base_lr: 3.2304e-04 lr: 3.2304e-05  eta: 1:50:54  time: 0.3354  data_time: 0.0119  memory: 6224  loss: 0.3557  loss_final: 0.1006  loss_rgb: 0.1120  loss_coarse: 0.0313  loss_region_consistency: 0.0001  loss_boundary: 0.1058  loss_sdf: 0.0058  grad_norm: 1.6672
2026/09/22 17:56:17 - mmengine - INFO - Iter(train) [20700/40000]  base_lr: 3.2229e-04 lr: 3.2229e-05  eta: 1:50:37  time: 0.3461  data_time: 0.0138  memory: 6224  loss: 0.5438  loss_final: 0.1595  loss_rgb: 0.1784  loss_coarse: 0.0467  loss_region_consistency: 0.0001  loss_boundary: 0.1501  loss_sdf: 0.0091  grad_norm: 2.3152
2026/09/22 17:56:33 - mmengine - INFO - Iter(train) [20750/40000]  base_lr: 3.2154e-04 lr: 3.2154e-05  eta: 1:50:19  time: 0.3318  data_time: 0.0117  memory: 6224  loss: 0.3019  loss_final: 0.0649  loss_rgb: 0.1081  loss_coarse: 0.0195  loss_region_consistency: 0.0001  loss_boundary: 0.1052  loss_sdf: 0.0041  grad_norm: 2.7373
2026/09/22 17:56:51 - mmengine - INFO - Iter(train) [20800/40000]  base_lr: 3.2079e-04 lr: 3.2079e-05  eta: 1:50:02  time: 0.3541  data_time: 0.0123  memory: 6224  loss: 0.5272  loss_final: 0.1556  loss_rgb: 0.1644  loss_coarse: 0.0483  loss_region_consistency: 0.0001  loss_boundary: 0.1509  loss_sdf: 0.0078  grad_norm: 3.6055
2026/09/22 17:57:08 - mmengine - INFO - Iter(train) [20850/40000]  base_lr: 3.2004e-04 lr: 3.2004e-05  eta: 1:49:45  time: 0.3377  data_time: 0.0120  memory: 6224  loss: 0.4477  loss_final: 0.1369  loss_rgb: 0.1421  loss_coarse: 0.0403  loss_region_consistency: 0.0001  loss_boundary: 0.1207  loss_sdf: 0.0076  grad_norm: 2.4581
2026/09/22 17:57:25 - mmengine - INFO - Iter(train) [20900/40000]  base_lr: 3.1928e-04 lr: 3.1928e-05  eta: 1:49:28  time: 0.3358  data_time: 0.0120  memory: 6224  loss: 0.3380  loss_final: 0.0628  loss_rgb: 0.1342  loss_coarse: 0.0188  loss_region_consistency: 0.0001  loss_boundary: 0.1193  loss_sdf: 0.0028  grad_norm: 2.2159
2026/09/22 17:57:42 - mmengine - INFO - Iter(train) [20950/40000]  base_lr: 3.1853e-04 lr: 3.1853e-05  eta: 1:49:10  time: 0.3409  data_time: 0.0123  memory: 6224  loss: 0.4683  loss_final: 0.1341  loss_rgb: 0.1509  loss_coarse: 0.0401  loss_region_consistency: 0.0001  loss_boundary: 0.1356  loss_sdf: 0.0075  grad_norm: 1.6894
2026/09/22 17:57:59 - mmengine - INFO - Exp name: rpgv_v2_stage1_rgb_20260922_144802
2026/09/22 17:57:59 - mmengine - INFO - Iter(train) [21000/40000]  base_lr: 3.1778e-04 lr: 3.1778e-05  eta: 1:48:53  time: 0.3506  data_time: 0.0118  memory: 6224  loss: 0.4038  loss_final: 0.0926  loss_rgb: 0.1418  loss_coarse: 0.0286  loss_region_consistency: 0.0001  loss_boundary: 0.1351  loss_sdf: 0.0056  grad_norm: 2.0363
2026/09/22 17:58:16 - mmengine - INFO - Iter(train) [21050/40000]  base_lr: 3.1703e-04 lr: 3.1703e-05  eta: 1:48:36  time: 0.3441  data_time: 0.0120  memory: 6224  loss: 0.3868  loss_final: 0.0725  loss_rgb: 0.1383  loss_coarse: 0.0225  loss_region_consistency: 0.0001  loss_boundary: 0.1494  loss_sdf: 0.0040  grad_norm: 6.8487
2026/09/22 17:58:33 - mmengine - INFO - Iter(train) [21100/40000]  base_lr: 3.1627e-04 lr: 3.1627e-05  eta: 1:48:18  time: 0.3427  data_time: 0.0119  memory: 6224  loss: 0.4900  loss_final: 0.1708  loss_rgb: 0.1257  loss_coarse: 0.0487  loss_region_consistency: 0.0001  loss_boundary: 0.1349  loss_sdf: 0.0098  grad_norm: 6.7934
2026/09/22 17:58:50 - mmengine - INFO - Iter(train) [21150/40000]  base_lr: 3.1552e-04 lr: 3.1552e-05  eta: 1:48:01  time: 0.3376  data_time: 0.0124  memory: 6224  loss: 0.3550  loss_final: 0.0829  loss_rgb: 0.1218  loss_coarse: 0.0252  loss_region_consistency: 0.0001  loss_boundary: 0.1200  loss_sdf: 0.0049  grad_norm: 1.7915
2026/09/22 17:59:07 - mmengine - INFO - Iter(train) [21200/40000]  base_lr: 3.1477e-04 lr: 3.1477e-05  eta: 1:47:44  time: 0.3409  data_time: 0.0117  memory: 6224  loss: 0.4583  loss_final: 0.1762  loss_rgb: 0.1136  loss_coarse: 0.0541  loss_region_consistency: 0.0001  loss_boundary: 0.1104  loss_sdf: 0.0039  grad_norm: 1.9690
2026/09/22 17:59:24 - mmengine - INFO - Iter(train) [21250/40000]  base_lr: 3.1401e-04 lr: 3.1401e-05  eta: 1:47:26  time: 0.3443  data_time: 0.0117  memory: 6224  loss: 0.3995  loss_final: 0.0953  loss_rgb: 0.1340  loss_coarse: 0.0290  loss_region_consistency: 0.0001  loss_boundary: 0.1354  loss_sdf: 0.0056  grad_norm: 2.1109
2026/09/22 17:59:41 - mmengine - INFO - Iter(train) [21300/40000]  base_lr: 3.1326e-04 lr: 3.1326e-05  eta: 1:47:09  time: 0.3391  data_time: 0.0116  memory: 6224  loss: 0.4972  loss_final: 0.1606  loss_rgb: 0.1448  loss_coarse: 0.0469  loss_region_consistency: 0.0001  loss_boundary: 0.1355  loss_sdf: 0.0094  grad_norm: 1.9369
2026/09/22 17:59:59 - mmengine - INFO - Iter(train) [21350/40000]  base_lr: 3.1251e-04 lr: 3.1251e-05  eta: 1:46:52  time: 0.3372  data_time: 0.0131  memory: 6224  loss: 0.3661  loss_final: 0.0933  loss_rgb: 0.1335  loss_coarse: 0.0279  loss_region_consistency: 0.0001  loss_boundary: 0.1061  loss_sdf: 0.0052  grad_norm: 1.9437
2026/09/22 18:00:16 - mmengine - INFO - Iter(train) [21400/40000]  base_lr: 3.1175e-04 lr: 3.1175e-05  eta: 1:46:35  time: 0.3491  data_time: 0.0114  memory: 6224  loss: 0.4746  loss_final: 0.1397  loss_rgb: 0.1493  loss_coarse: 0.0417  loss_region_consistency: 0.0001  loss_boundary: 0.1359  loss_sdf: 0.0080  grad_norm: 2.1239
2026/09/22 18:00:33 - mmengine - INFO - Iter(train) [21450/40000]  base_lr: 3.1100e-04 lr: 3.1100e-05  eta: 1:46:17  time: 0.3444  data_time: 0.0117  memory: 6224  loss: 0.4762  loss_final: 0.1176  loss_rgb: 0.1642  loss_coarse: 0.0361  loss_region_consistency: 0.0001  loss_boundary: 0.1510  loss_sdf: 0.0071  grad_norm: 2.1897
2026/09/22 18:00:50 - mmengine - INFO - Iter(train) [21500/40000]  base_lr: 3.1024e-04 lr: 3.1024e-05  eta: 1:46:00  time: 0.3310  data_time: 0.0118  memory: 6224  loss: 0.2993  loss_final: 0.0612  loss_rgb: 0.1116  loss_coarse: 0.0189  loss_region_consistency: 0.0001  loss_boundary: 0.1049  loss_sdf: 0.0027  grad_norm: 2.2002
2026/09/22 18:01:07 - mmengine - INFO - Iter(train) [21550/40000]  base_lr: 3.0949e-04 lr: 3.0949e-05  eta: 1:45:43  time: 0.3400  data_time: 0.0122  memory: 6224  loss: 0.4613  loss_final: 0.1345  loss_rgb: 0.1424  loss_coarse: 0.0407  loss_region_consistency: 0.0001  loss_boundary: 0.1361  loss_sdf: 0.0074  grad_norm: 1.8136
2026/09/22 18:01:24 - mmengine - INFO - Iter(train) [21600/40000]  base_lr: 3.0873e-04 lr: 3.0873e-05  eta: 1:45:25  time: 0.3393  data_time: 0.0121  memory: 6224  loss: 0.4002  loss_final: 0.1391  loss_rgb: 0.1112  loss_coarse: 0.0384  loss_region_consistency: 0.0001  loss_boundary: 0.1054  loss_sdf: 0.0060  grad_norm: 2.6068
2026/09/22 18:01:41 - mmengine - INFO - Iter(train) [21650/40000]  base_lr: 3.0798e-04 lr: 3.0798e-05  eta: 1:45:08  time: 0.3429  data_time: 0.0123  memory: 6224  loss: 0.3915  loss_final: 0.0913  loss_rgb: 0.1311  loss_coarse: 0.0281  loss_region_consistency: 0.0001  loss_boundary: 0.1354  loss_sdf: 0.0054  grad_norm: 2.1945
2026/09/22 18:01:58 - mmengine - INFO - Iter(train) [21700/40000]  base_lr: 3.0722e-04 lr: 3.0722e-05  eta: 1:44:51  time: 0.3348  data_time: 0.0115  memory: 6224  loss: 0.3442  loss_final: 0.1005  loss_rgb: 0.1019  loss_coarse: 0.0294  loss_region_consistency: 0.0001  loss_boundary: 0.1064  loss_sdf: 0.0058  grad_norm: 1.3371
2026/09/22 18:02:15 - mmengine - INFO - Iter(train) [21750/40000]  base_lr: 3.0647e-04 lr: 3.0647e-05  eta: 1:44:33  time: 0.3335  data_time: 0.0115  memory: 6224  loss: 0.3896  loss_final: 0.0984  loss_rgb: 0.1380  loss_coarse: 0.0290  loss_region_consistency: 0.0001  loss_boundary: 0.1197  loss_sdf: 0.0044  grad_norm: 2.0994
2026/09/22 18:02:32 - mmengine - INFO - Iter(train) [21800/40000]  base_lr: 3.0571e-04 lr: 3.0571e-05  eta: 1:44:16  time: 0.3508  data_time: 0.0128  memory: 6224  loss: 0.3742  loss_final: 0.0875  loss_rgb: 0.1349  loss_coarse: 0.0268  loss_region_consistency: 0.0001  loss_boundary: 0.1206  loss_sdf: 0.0043  grad_norm: 1.9304
2026/09/22 18:02:49 - mmengine - INFO - Iter(train) [21850/40000]  base_lr: 3.0495e-04 lr: 3.0495e-05  eta: 1:43:59  time: 0.3308  data_time: 0.0119  memory: 6224  loss: 0.2676  loss_final: 0.0486  loss_rgb: 0.0961  loss_coarse: 0.0153  loss_region_consistency: 0.0001  loss_boundary: 0.1047  loss_sdf: 0.0028  grad_norm: 2.1186
2026/09/22 18:03:06 - mmengine - INFO - Iter(train) [21900/40000]  base_lr: 3.0420e-04 lr: 3.0420e-05  eta: 1:43:42  time: 0.3493  data_time: 0.0120  memory: 6224  loss: 0.5026  loss_final: 0.1305  loss_rgb: 0.1725  loss_coarse: 0.0394  loss_region_consistency: 0.0001  loss_boundary: 0.1523  loss_sdf: 0.0076  grad_norm: 1.7248
2026/09/22 18:03:23 - mmengine - INFO - Iter(train) [21950/40000]  base_lr: 3.0344e-04 lr: 3.0344e-05  eta: 1:43:24  time: 0.3448  data_time: 0.0119  memory: 6224  loss: 0.4641  loss_final: 0.1307  loss_rgb: 0.1493  loss_coarse: 0.0388  loss_region_consistency: 0.0001  loss_boundary: 0.1367  loss_sdf: 0.0086  grad_norm: 1.6043
2026/09/22 18:03:40 - mmengine - INFO - Exp name: rpgv_v2_stage1_rgb_20260922_144802
2026/09/22 18:03:40 - mmengine - INFO - Iter(train) [22000/40000]  base_lr: 3.0269e-04 lr: 3.0269e-05  eta: 1:43:07  time: 0.3398  data_time: 0.0120  memory: 6224  loss: 0.4023  loss_final: 0.1344  loss_rgb: 0.1119  loss_coarse: 0.0411  loss_region_consistency: 0.0001  loss_boundary: 0.1060  loss_sdf: 0.0088  grad_norm: 1.6668
2026/09/22 18:03:40 - mmengine - INFO - Saving checkpoint at 22000 iterations
2026/09/22 18:04:27 - mmengine - INFO - Iter(val) [ 50/304]    eta: 0:03:50  time: 0.9010  data_time: 0.0111  memory: 1100  
2026/09/22 18:05:37 - mmengine - INFO - Iter(val) [100/304]    eta: 0:03:55  time: 1.3631  data_time: 0.0112  memory: 1100  
2026/09/22 18:06:42 - mmengine - INFO - Iter(val) [150/304]    eta: 0:03:05  time: 1.2718  data_time: 0.0116  memory: 1100  
2026/09/22 18:07:46 - mmengine - INFO - Iter(val) [200/304]    eta: 0:02:07  time: 1.2791  data_time: 0.0111  memory: 1100  
2026/09/22 18:08:50 - mmengine - INFO - Iter(val) [250/304]    eta: 0:01:06  time: 1.2895  data_time: 0.0119  memory: 1100  
2026/09/22 18:09:52 - mmengine - INFO - Iter(val) [300/304]    eta: 0:00:04  time: 1.2435  data_time: 0.0125  memory: 1100  
2026/09/22 18:09:57 - mmengine - INFO - per class results:
2026/09/22 18:09:57 - mmengine - INFO - 
+------------------+-------+-------+-------+--------+-----------+--------+
|      Class       |  IoU  |  Acc  |  Dice | Fscore | Precision | Recall |
+------------------+-------+-------+-------+--------+-----------+--------+
|    background    | 96.65 | 97.37 |  98.3 |  98.3  |   99.24   | 97.37  |
| wastewater_plant | 70.46 | 91.48 | 82.67 | 82.67  |   75.41   | 91.48  |
+------------------+-------+-------+-------+--------+-----------+--------+
2026/09/22 18:09:57 - mmengine - INFO - Iter(val) [304/304]    aAcc: 96.9000  mIoU: 83.5500  mAcc: 94.4300  mDice: 90.4800  mFscore: 90.4800  mPrecision: 87.3200  mRecall: 94.4300  binary/Foreground_IoU: 70.4619  binary/Dice: 82.6718  binary/F1: 82.6718  binary/Precision: 75.4122  binary/Recall: 91.4778  binary/Boundary_F1: 12.4863  binary/BFScore: 12.4863  binary/Boundary_Precision: 9.5413  binary/Boundary_Recall: 18.0609  binary/Hausdorff_px: 560.8331  binary/HD95_px: 403.3073  binary/Hausdorff_m: 280.4165  binary/HD95_m: 201.6536  data_time: 0.0125  time: 1.2361
2026/09/22 18:10:14 - mmengine - INFO - Iter(train) [22050/40000]  base_lr: 3.0193e-04 lr: 3.0193e-05  eta: 1:42:50  time: 0.3341  data_time: 0.0124  memory: 6224  loss: 0.3457  loss_final: 0.0925  loss_rgb: 0.1141  loss_coarse: 0.0277  loss_region_consistency: 0.0001  loss_boundary: 0.1054  loss_sdf: 0.0060  grad_norm: 1.8485
2026/09/22 18:10:32 - mmengine - INFO - Iter(train) [22100/40000]  base_lr: 3.0117e-04 lr: 3.0117e-05  eta: 1:42:32  time: 0.3415  data_time: 0.0122  memory: 6224  loss: 0.4141  loss_final: 0.0972  loss_rgb: 0.1461  loss_coarse: 0.0307  loss_region_consistency: 0.0001  loss_boundary: 0.1358  loss_sdf: 0.0042  grad_norm: 2.2663
2026/09/22 18:10:49 - mmengine - INFO - Iter(train) [22150/40000]  base_lr: 3.0041e-04 lr: 3.0041e-05  eta: 1:42:15  time: 0.3398  data_time: 0.0117  memory: 6224  loss: 0.4201  loss_final: 0.1038  loss_rgb: 0.1455  loss_coarse: 0.0305  loss_region_consistency: 0.0001  loss_boundary: 0.1351  loss_sdf: 0.0051  grad_norm: 2.4108
2026/09/22 18:11:06 - mmengine - INFO - Iter(train) [22200/40000]  base_lr: 2.9966e-04 lr: 2.9966e-05  eta: 1:41:58  time: 0.3443  data_time: 0.0121  memory: 6224  loss: 0.3292  loss_final: 0.0627  loss_rgb: 0.1223  loss_coarse: 0.0197  loss_region_consistency: 0.0001  loss_boundary: 0.1201  loss_sdf: 0.0044  grad_norm: 2.6120
2026/09/22 18:11:23 - mmengine - INFO - Iter(train) [22250/40000]  base_lr: 2.9890e-04 lr: 2.9890e-05  eta: 1:41:40  time: 0.3450  data_time: 0.0128  memory: 6224  loss: 0.5058  loss_final: 0.1562  loss_rgb: 0.1600  loss_coarse: 0.0476  loss_region_consistency: 0.0001  loss_boundary: 0.1355  loss_sdf: 0.0064  grad_norm: 2.4422
2026/09/22 18:11:40 - mmengine - INFO - Iter(train) [22300/40000]  base_lr: 2.9814e-04 lr: 2.9814e-05  eta: 1:41:23  time: 0.3348  data_time: 0.0119  memory: 6224  loss: 0.3757  loss_final: 0.0848  loss_rgb: 0.1394  loss_coarse: 0.0258  loss_region_consistency: 0.0001  loss_boundary: 0.1209  loss_sdf: 0.0047  grad_norm: 2.2549
2026/09/22 18:11:57 - mmengine - INFO - Iter(train) [22350/40000]  base_lr: 2.9738e-04 lr: 2.9738e-05  eta: 1:41:06  time: 0.3397  data_time: 0.0123  memory: 6224  loss: 0.3713  loss_final: 0.0890  loss_rgb: 0.1297  loss_coarse: 0.0269  loss_region_consistency: 0.0001  loss_boundary: 0.1206  loss_sdf: 0.0050  grad_norm: 1.5964
2026/09/22 18:12:14 - mmengine - INFO - Iter(train) [22400/40000]  base_lr: 2.9663e-04 lr: 2.9663e-05  eta: 1:40:49  time: 0.3458  data_time: 0.0116  memory: 6224  loss: 0.5034  loss_final: 0.1820  loss_rgb: 0.1384  loss_coarse: 0.0542  loss_region_consistency: 0.0001  loss_boundary: 0.1213  loss_sdf: 0.0073  grad_norm: 2.5167
2026/09/22 18:12:31 - mmengine - INFO - Iter(train) [22450/40000]  base_lr: 2.9587e-04 lr: 2.9587e-05  eta: 1:40:31  time: 0.3348  data_time: 0.0117  memory: 6224  loss: 0.3564  loss_final: 0.0979  loss_rgb: 0.1169  loss_coarse: 0.0297  loss_region_consistency: 0.0001  loss_boundary: 0.1062  loss_sdf: 0.0054  grad_norm: 2.1941
2026/09/22 18:12:48 - mmengine - INFO - Iter(train) [22500/40000]  base_lr: 2.9511e-04 lr: 2.9511e-05  eta: 1:40:14  time: 0.3427  data_time: 0.0127  memory: 6224  loss: 0.3786  loss_final: 0.0857  loss_rgb: 0.1258  loss_coarse: 0.0271  loss_region_consistency: 0.0001  loss_boundary: 0.1350  loss_sdf: 0.0050  grad_norm: 1.9671
2026/09/22 18:13:05 - mmengine - INFO - Iter(train) [22550/40000]  base_lr: 2.9435e-04 lr: 2.9435e-05  eta: 1:39:57  time: 0.3425  data_time: 0.0124  memory: 6224  loss: 0.3941  loss_final: 0.0924  loss_rgb: 0.1335  loss_coarse: 0.0284  loss_region_consistency: 0.0001  loss_boundary: 0.1354  loss_sdf: 0.0044  grad_norm: 1.8022
2026/09/22 18:13:22 - mmengine - INFO - Iter(train) [22600/40000]  base_lr: 2.9359e-04 lr: 2.9359e-05  eta: 1:39:39  time: 0.3497  data_time: 0.0124  memory: 6224  loss: 0.3683  loss_final: 0.0769  loss_rgb: 0.1278  loss_coarse: 0.0234  loss_region_consistency: 0.0001  loss_boundary: 0.1355  loss_sdf: 0.0046  grad_norm: 1.6987
2026/09/22 18:13:39 - mmengine - INFO - Iter(train) [22650/40000]  base_lr: 2.9283e-04 lr: 2.9283e-05  eta: 1:39:22  time: 0.3337  data_time: 0.0123  memory: 6224  loss: 0.3482  loss_final: 0.0892  loss_rgb: 0.1216  loss_coarse: 0.0272  loss_region_consistency: 0.0001  loss_boundary: 0.1054  loss_sdf: 0.0048  grad_norm: 1.7667
2026/09/22 18:13:56 - mmengine - INFO - Iter(train) [22700/40000]  base_lr: 2.9207e-04 lr: 2.9207e-05  eta: 1:39:05  time: 0.3431  data_time: 0.0123  memory: 6224  loss: 0.4976  loss_final: 0.1323  loss_rgb: 0.1649  loss_coarse: 0.0404  loss_region_consistency: 0.0001  loss_boundary: 0.1510  loss_sdf: 0.0089  grad_norm: 2.0923
2026/09/22 18:14:13 - mmengine - INFO - Iter(train) [22750/40000]  base_lr: 2.9131e-04 lr: 2.9131e-05  eta: 1:38:48  time: 0.3241  data_time: 0.0120  memory: 6224  loss: 0.1869  loss_final: 0.0346  loss_rgb: 0.0661  loss_coarse: 0.0107  loss_region_consistency: 0.0000  loss_boundary: 0.0739  loss_sdf: 0.0016  grad_norm: 2.2575
2026/09/22 18:14:30 - mmengine - INFO - Iter(train) [22800/40000]  base_lr: 2.9055e-04 lr: 2.9055e-05  eta: 1:38:30  time: 0.3489  data_time: 0.0118  memory: 6224  loss: 0.4303  loss_final: 0.1010  loss_rgb: 0.1534  loss_coarse: 0.0325  loss_region_consistency: 0.0001  loss_boundary: 0.1363  loss_sdf: 0.0070  grad_norm: 2.1101
2026/09/22 18:14:47 - mmengine - INFO - Iter(train) [22850/40000]  base_lr: 2.8979e-04 lr: 2.8979e-05  eta: 1:38:13  time: 0.3279  data_time: 0.0122  memory: 6224  loss: 0.2144  loss_final: 0.0283  loss_rgb: 0.0869  loss_coarse: 0.0087  loss_region_consistency: 0.0000  loss_boundary: 0.0893  loss_sdf: 0.0012  grad_norm: 3.4578
2026/09/22 18:15:04 - mmengine - INFO - Iter(train) [22900/40000]  base_lr: 2.8903e-04 lr: 2.8903e-05  eta: 1:37:56  time: 0.3464  data_time: 0.0116  memory: 6224  loss: 0.5616  loss_final: 0.1827  loss_rgb: 0.1643  loss_coarse: 0.0545  loss_region_consistency: 0.0001  loss_boundary: 0.1512  loss_sdf: 0.0087  grad_norm: 2.5445
2026/09/22 18:15:22 - mmengine - INFO - Iter(train) [22950/40000]  base_lr: 2.8827e-04 lr: 2.8827e-05  eta: 1:37:39  time: 0.3365  data_time: 0.0116  memory: 6224  loss: 0.5189  loss_final: 0.1960  loss_rgb: 0.1371  loss_coarse: 0.0582  loss_region_consistency: 0.0001  loss_boundary: 0.1201  loss_sdf: 0.0074  grad_norm: 2.2405
2026/09/22 18:15:39 - mmengine - INFO - Exp name: rpgv_v2_stage1_rgb_20260922_144802
2026/09/22 18:15:39 - mmengine - INFO - Iter(train) [23000/40000]  base_lr: 2.8751e-04 lr: 2.8751e-05  eta: 1:37:21  time: 0.3451  data_time: 0.0117  memory: 6224  loss: 0.4173  loss_final: 0.1332  loss_rgb: 0.1167  loss_coarse: 0.0393  loss_region_consistency: 0.0001  loss_boundary: 0.1203  loss_sdf: 0.0076  grad_norm: 2.6911
2026/09/22 18:15:56 - mmengine - INFO - Iter(train) [23050/40000]  base_lr: 2.8675e-04 lr: 2.8675e-05  eta: 1:37:04  time: 0.3289  data_time: 0.0125  memory: 6224  loss: 0.2788  loss_final: 0.0670  loss_rgb: 0.0968  loss_coarse: 0.0212  loss_region_consistency: 0.0001  loss_boundary: 0.0907  loss_sdf: 0.0030  grad_norm: 2.9705
2026/09/22 18:16:13 - mmengine - INFO - Iter(train) [23100/40000]  base_lr: 2.8599e-04 lr: 2.8599e-05  eta: 1:36:47  time: 0.3459  data_time: 0.0115  memory: 6224  loss: 0.4287  loss_final: 0.0780  loss_rgb: 0.1721  loss_coarse: 0.0247  loss_region_consistency: 0.0001  loss_boundary: 0.1495  loss_sdf: 0.0043  grad_norm: 1.8526
2026/09/22 18:16:30 - mmengine - INFO - Iter(train) [23150/40000]  base_lr: 2.8522e-04 lr: 2.8522e-05  eta: 1:36:30  time: 0.3470  data_time: 0.0126  memory: 6224  loss: 0.4795  loss_final: 0.1215  loss_rgb: 0.1648  loss_coarse: 0.0363  loss_region_consistency: 0.0001  loss_boundary: 0.1505  loss_sdf: 0.0064  grad_norm: 1.8996
2026/09/22 18:16:47 - mmengine - INFO - Iter(train) [23200/40000]  base_lr: 2.8446e-04 lr: 2.8446e-05  eta: 1:36:12  time: 0.3428  data_time: 0.0136  memory: 6224  loss: 0.2959  loss_final: 0.0519  loss_rgb: 0.1207  loss_coarse: 0.0163  loss_region_consistency: 0.0001  loss_boundary: 0.1048  loss_sdf: 0.0022  grad_norm: 2.5779
2026/09/22 18:17:04 - mmengine - INFO - Iter(train) [23250/40000]  base_lr: 2.8370e-04 lr: 2.8370e-05  eta: 1:35:55  time: 0.3395  data_time: 0.0122  memory: 6224  loss: 0.4280  loss_final: 0.1243  loss_rgb: 0.1396  loss_coarse: 0.0374  loss_region_consistency: 0.0001  loss_boundary: 0.1204  loss_sdf: 0.0062  grad_norm: 2.1515
2026/09/22 18:17:21 - mmengine - INFO - Iter(train) [23300/40000]  base_lr: 2.8294e-04 lr: 2.8294e-05  eta: 1:35:38  time: 0.3416  data_time: 0.0121  memory: 6224  loss: 0.4045  loss_final: 0.0908  loss_rgb: 0.1435  loss_coarse: 0.0283  loss_region_consistency: 0.0001  loss_boundary: 0.1354  loss_sdf: 0.0063  grad_norm: 1.5631
2026/09/22 18:17:38 - mmengine - INFO - Iter(train) [23350/40000]  base_lr: 2.8218e-04 lr: 2.8218e-05  eta: 1:35:21  time: 0.3470  data_time: 0.0116  memory: 6224  loss: 0.4467  loss_final: 0.1165  loss_rgb: 0.1379  loss_coarse: 0.0344  loss_region_consistency: 0.0001  loss_boundary: 0.1501  loss_sdf: 0.0076  grad_norm: 1.8579
2026/09/22 18:17:56 - mmengine - INFO - Iter(train) [23400/40000]  base_lr: 2.8141e-04 lr: 2.8141e-05  eta: 1:35:04  time: 0.3465  data_time: 0.0121  memory: 6224  loss: 0.4905  loss_final: 0.1674  loss_rgb: 0.1437  loss_coarse: 0.0510  loss_region_consistency: 0.0001  loss_boundary: 0.1209  loss_sdf: 0.0074  grad_norm: 2.1740
2026/09/22 18:18:13 - mmengine - INFO - Iter(train) [23450/40000]  base_lr: 2.8065e-04 lr: 2.8065e-05  eta: 1:34:46  time: 0.3305  data_time: 0.0115  memory: 6224  loss: 0.2842  loss_final: 0.0818  loss_rgb: 0.0834  loss_coarse: 0.0245  loss_region_consistency: 0.0001  loss_boundary: 0.0893  loss_sdf: 0.0052  grad_norm: 2.0749
2026/09/22 18:18:30 - mmengine - INFO - Iter(train) [23500/40000]  base_lr: 2.7989e-04 lr: 2.7989e-05  eta: 1:34:29  time: 0.3393  data_time: 0.0117  memory: 6224  loss: 0.4097  loss_final: 0.1007  loss_rgb: 0.1365  loss_coarse: 0.0305  loss_region_consistency: 0.0001  loss_boundary: 0.1358  loss_sdf: 0.0061  grad_norm: 1.7462
2026/09/22 18:18:47 - mmengine - INFO - Iter(train) [23550/40000]  base_lr: 2.7912e-04 lr: 2.7912e-05  eta: 1:34:12  time: 0.3432  data_time: 0.0125  memory: 6224  loss: 0.3715  loss_final: 0.0728  loss_rgb: 0.1350  loss_coarse: 0.0226  loss_region_consistency: 0.0001  loss_boundary: 0.1359  loss_sdf: 0.0051  grad_norm: 1.6277
2026/09/22 18:19:04 - mmengine - INFO - Iter(train) [23600/40000]  base_lr: 2.7836e-04 lr: 2.7836e-05  eta: 1:33:55  time: 0.3536  data_time: 0.0130  memory: 6224  loss: 0.3481  loss_final: 0.0680  loss_rgb: 0.1332  loss_coarse: 0.0209  loss_region_consistency: 0.0001  loss_boundary: 0.1212  loss_sdf: 0.0046  grad_norm: 1.5471
2026/09/22 18:19:21 - mmengine - INFO - Iter(train) [23650/40000]  base_lr: 2.7760e-04 lr: 2.7760e-05  eta: 1:33:37  time: 0.3402  data_time: 0.0115  memory: 6224  loss: 0.4105  loss_final: 0.0974  loss_rgb: 0.1440  loss_coarse: 0.0291  loss_region_consistency: 0.0001  loss_boundary: 0.1351  loss_sdf: 0.0048  grad_norm: 1.5047
2026/09/22 18:19:38 - mmengine - INFO - Iter(train) [23700/40000]  base_lr: 2.7683e-04 lr: 2.7683e-05  eta: 1:33:20  time: 0.3436  data_time: 0.0117  memory: 6224  loss: 0.4196  loss_final: 0.1092  loss_rgb: 0.1352  loss_coarse: 0.0327  loss_region_consistency: 0.0001  loss_boundary: 0.1350  loss_sdf: 0.0074  grad_norm: 1.6928
2026/09/22 18:19:55 - mmengine - INFO - Iter(train) [23750/40000]  base_lr: 2.7607e-04 lr: 2.7607e-05  eta: 1:33:03  time: 0.3345  data_time: 0.0118  memory: 6224  loss: 0.5739  loss_final: 0.2239  loss_rgb: 0.1544  loss_coarse: 0.0655  loss_region_consistency: 0.0001  loss_boundary: 0.1206  loss_sdf: 0.0094  grad_norm: 1.5165
2026/09/22 18:20:12 - mmengine - INFO - Iter(train) [23800/40000]  base_lr: 2.7530e-04 lr: 2.7530e-05  eta: 1:32:45  time: 0.3496  data_time: 0.0118  memory: 6224  loss: 0.5051  loss_final: 0.1659  loss_rgb: 0.1464  loss_coarse: 0.0496  loss_region_consistency: 0.0001  loss_boundary: 0.1354  loss_sdf: 0.0078  grad_norm: 1.9626
2026/09/22 18:20:29 - mmengine - INFO - Iter(train) [23850/40000]  base_lr: 2.7454e-04 lr: 2.7454e-05  eta: 1:32:28  time: 0.3389  data_time: 0.0117  memory: 6224  loss: 0.3849  loss_final: 0.0984  loss_rgb: 0.1293  loss_coarse: 0.0304  loss_region_consistency: 0.0001  loss_boundary: 0.1208  loss_sdf: 0.0060  grad_norm: 1.9703
2026/09/22 18:20:46 - mmengine - INFO - Iter(train) [23900/40000]  base_lr: 2.7377e-04 lr: 2.7377e-05  eta: 1:32:11  time: 0.3417  data_time: 0.0125  memory: 6224  loss: 0.4059  loss_final: 0.1237  loss_rgb: 0.1208  loss_coarse: 0.0370  loss_region_consistency: 0.0001  loss_boundary: 0.1196  loss_sdf: 0.0047  grad_norm: 2.0175
2026/09/22 18:21:03 - mmengine - INFO - Iter(train) [23950/40000]  base_lr: 2.7301e-04 lr: 2.7301e-05  eta: 1:31:54  time: 0.3407  data_time: 0.0138  memory: 6224  loss: 0.4074  loss_final: 0.1155  loss_rgb: 0.1318  loss_coarse: 0.0362  loss_region_consistency: 0.0001  loss_boundary: 0.1197  loss_sdf: 0.0040  grad_norm: 2.8750
2026/09/22 18:21:21 - mmengine - INFO - Exp name: rpgv_v2_stage1_rgb_20260922_144802
2026/09/22 18:21:21 - mmengine - INFO - Iter(train) [24000/40000]  base_lr: 2.7224e-04 lr: 2.7224e-05  eta: 1:31:36  time: 0.3438  data_time: 0.0121  memory: 6224  loss: 0.4067  loss_final: 0.1206  loss_rgb: 0.1241  loss_coarse: 0.0365  loss_region_consistency: 0.0001  loss_boundary: 0.1203  loss_sdf: 0.0051  grad_norm: 2.6075
2026/09/22 18:21:21 - mmengine - INFO - Saving checkpoint at 24000 iterations
2026/09/22 18:22:07 - mmengine - INFO - Iter(val) [ 50/304]    eta: 0:03:49  time: 0.9024  data_time: 0.0121  memory: 1100  
2026/09/22 18:23:16 - mmengine - INFO - Iter(val) [100/304]    eta: 0:03:52  time: 1.3281  data_time: 0.0119  memory: 1100  
2026/09/22 18:24:21 - mmengine - INFO - Iter(val) [150/304]    eta: 0:03:03  time: 1.2647  data_time: 0.0111  memory: 1100  
2026/09/22 18:25:24 - mmengine - INFO - Iter(val) [200/304]    eta: 0:02:05  time: 1.2713  data_time: 0.0114  memory: 1100  
2026/09/22 18:26:27 - mmengine - INFO - Iter(val) [250/304]    eta: 0:01:05  time: 1.2656  data_time: 0.0119  memory: 1100  
2026/09/22 18:27:29 - mmengine - INFO - Iter(val) [300/304]    eta: 0:00:04  time: 1.2280  data_time: 0.0114  memory: 1100  
2026/09/22 18:27:34 - mmengine - INFO - per class results:
2026/09/22 18:27:34 - mmengine - INFO - 
+------------------+-------+-------+-------+--------+-----------+--------+
|      Class       |  IoU  |  Acc  |  Dice | Fscore | Precision | Recall |
+------------------+-------+-------+-------+--------+-----------+--------+
|    background    | 97.28 | 98.28 | 98.62 | 98.62  |   98.97   | 98.28  |
| wastewater_plant | 73.92 | 88.34 | 85.01 | 85.01  |   81.91   | 88.34  |
+------------------+-------+-------+-------+--------+-----------+--------+
2026/09/22 18:27:34 - mmengine - INFO - Iter(val) [304/304]    aAcc: 97.4800  mIoU: 85.6000  mAcc: 93.3100  mDice: 91.8100  mFscore: 91.8100  mPrecision: 90.4400  mRecall: 93.3100  binary/Foreground_IoU: 73.9231  binary/Dice: 85.0066  binary/F1: 85.0066  binary/Precision: 81.9140  binary/Recall: 88.3419  binary/Boundary_F1: 13.9960  binary/BFScore: 13.9960  binary/Boundary_Precision: 11.4522  binary/Boundary_Recall: 17.9925  binary/Hausdorff_px: 467.7088  binary/HD95_px: 322.1098  binary/Hausdorff_m: 233.8544  binary/HD95_m: 161.0549  data_time: 0.0124  time: 1.2240
2026/09/22 18:27:34 - mmengine - INFO - The previous best checkpoint /workspace/work_dirs/rpgv_v2_staged/stage1_rgb/best_binary_Foreground_IoU_iter_16000.pth is removed
2026/09/22 18:27:35 - mmengine - INFO - The best checkpoint with 73.9231 binary/Foreground_IoU at 24000 iter is saved to best_binary_Foreground_IoU_iter_24000.pth.
2026/09/22 18:27:55 - mmengine - INFO - Iter(train) [24050/40000]  base_lr: 2.7148e-04 lr: 2.7148e-05  eta: 1:31:22  time: 0.3430  data_time: 0.0117  memory: 6224  loss: 0.4468  loss_final: 0.1238  loss_rgb: 0.1432  loss_coarse: 0.0374  loss_region_consistency: 0.0001  loss_boundary: 0.1360  loss_sdf: 0.0063  grad_norm: 1.5972
2026/09/22 18:28:12 - mmengine - INFO - Iter(train) [24100/40000]  base_lr: 2.7071e-04 lr: 2.7071e-05  eta: 1:31:04  time: 0.3412  data_time: 0.0128  memory: 6224  loss: 0.5052  loss_final: 0.1693  loss_rgb: 0.1394  loss_coarse: 0.0511  loss_region_consistency: 0.0001  loss_boundary: 0.1394  loss_sdf: 0.0059  grad_norm: 2.4266
2026/09/22 18:28:29 - mmengine - INFO - Iter(train) [24150/40000]  base_lr: 2.6994e-04 lr: 2.6994e-05  eta: 1:30:47  time: 0.3241  data_time: 0.0119  memory: 6224  loss: 0.2037  loss_final: 0.0390  loss_rgb: 0.0755  loss_coarse: 0.0123  loss_region_consistency: 0.0001  loss_boundary: 0.0747  loss_sdf: 0.0022  grad_norm: 2.4605
2026/09/22 18:28:46 - mmengine - INFO - Iter(train) [24200/40000]  base_lr: 2.6918e-04 lr: 2.6918e-05  eta: 1:30:30  time: 0.3448  data_time: 0.0120  memory: 6224  loss: 0.3624  loss_final: 0.0865  loss_rgb: 0.1250  loss_coarse: 0.0260  loss_region_consistency: 0.0001  loss_boundary: 0.1207  loss_sdf: 0.0041  grad_norm: 2.0157
2026/09/22 18:29:03 - mmengine - INFO - Iter(train) [24250/40000]  base_lr: 2.6841e-04 lr: 2.6841e-05  eta: 1:30:13  time: 0.3407  data_time: 0.0123  memory: 6224  loss: 0.4555  loss_final: 0.1324  loss_rgb: 0.1426  loss_coarse: 0.0392  loss_region_consistency: 0.0001  loss_boundary: 0.1350  loss_sdf: 0.0061  grad_norm: 1.8841
2026/09/22 18:29:20 - mmengine - INFO - Iter(train) [24300/40000]  base_lr: 2.6764e-04 lr: 2.6764e-05  eta: 1:29:55  time: 0.3213  data_time: 0.0115  memory: 6224  loss: 0.2884  loss_final: 0.0918  loss_rgb: 0.0879  loss_coarse: 0.0274  loss_region_consistency: 0.0001  loss_boundary: 0.0764  loss_sdf: 0.0049  grad_norm: 2.0805
2026/09/22 18:29:37 - mmengine - INFO - Iter(train) [24350/40000]  base_lr: 2.6688e-04 lr: 2.6688e-05  eta: 1:29:38  time: 0.3411  data_time: 0.0115  memory: 6224  loss: 0.4086  loss_final: 0.0952  loss_rgb: 0.1435  loss_coarse: 0.0285  loss_region_consistency: 0.0001  loss_boundary: 0.1352  loss_sdf: 0.0060  grad_norm: 2.1285
2026/09/22 18:29:54 - mmengine - INFO - Iter(train) [24400/40000]  base_lr: 2.6611e-04 lr: 2.6611e-05  eta: 1:29:21  time: 0.3522  data_time: 0.0115  memory: 6224  loss: 0.5167  loss_final: 0.1744  loss_rgb: 0.1292  loss_coarse: 0.0505  loss_region_consistency: 0.0002  loss_boundary: 0.1505  loss_sdf: 0.0119  grad_norm: 1.9169
2026/09/22 18:30:12 - mmengine - INFO - Iter(train) [24450/40000]  base_lr: 2.6534e-04 lr: 2.6534e-05  eta: 1:29:04  time: 0.3358  data_time: 0.0119  memory: 6224  loss: 0.2885  loss_final: 0.0550  loss_rgb: 0.1057  loss_coarse: 0.0176  loss_region_consistency: 0.0001  loss_boundary: 0.1057  loss_sdf: 0.0044  grad_norm: 2.0142
2026/09/22 18:30:29 - mmengine - INFO - Iter(train) [24500/40000]  base_lr: 2.6457e-04 lr: 2.6457e-05  eta: 1:28:46  time: 0.3363  data_time: 0.0126  memory: 6224  loss: 0.3912  loss_final: 0.1180  loss_rgb: 0.1249  loss_coarse: 0.0343  loss_region_consistency: 0.0001  loss_boundary: 0.1064  loss_sdf: 0.0075  grad_norm: 1.6221
2026/09/22 18:30:46 - mmengine - INFO - Iter(train) [24550/40000]  base_lr: 2.6380e-04 lr: 2.6380e-05  eta: 1:28:29  time: 0.3386  data_time: 0.0119  memory: 6224  loss: 0.5102  loss_final: 0.1938  loss_rgb: 0.1303  loss_coarse: 0.0585  loss_region_consistency: 0.0001  loss_boundary: 0.1199  loss_sdf: 0.0075  grad_norm: 1.7984
2026/09/22 18:31:03 - mmengine - INFO - Iter(train) [24600/40000]  base_lr: 2.6304e-04 lr: 2.6304e-05  eta: 1:28:12  time: 0.3485  data_time: 0.0127  memory: 6224  loss: 0.4279  loss_final: 0.1172  loss_rgb: 0.1317  loss_coarse: 0.0354  loss_region_consistency: 0.0001  loss_boundary: 0.1361  loss_sdf: 0.0075  grad_norm: 2.7705
2026/09/22 18:31:20 - mmengine - INFO - Iter(train) [24650/40000]  base_lr: 2.6227e-04 lr: 2.6227e-05  eta: 1:27:55  time: 0.3358  data_time: 0.0119  memory: 6224  loss: 0.3889  loss_final: 0.0814  loss_rgb: 0.1455  loss_coarse: 0.0249  loss_region_consistency: 0.0001  loss_boundary: 0.1342  loss_sdf: 0.0027  grad_norm: 2.0861
2026/09/22 18:31:37 - mmengine - INFO - Iter(train) [24700/40000]  base_lr: 2.6150e-04 lr: 2.6150e-05  eta: 1:27:37  time: 0.3429  data_time: 0.0117  memory: 6224  loss: 0.4057  loss_final: 0.0900  loss_rgb: 0.1459  loss_coarse: 0.0284  loss_region_consistency: 0.0001  loss_boundary: 0.1357  loss_sdf: 0.0055  grad_norm: 1.8794
2026/09/22 18:31:54 - mmengine - INFO - Iter(train) [24750/40000]  base_lr: 2.6073e-04 lr: 2.6073e-05  eta: 1:27:20  time: 0.3323  data_time: 0.0116  memory: 6224  loss: 0.3390  loss_final: 0.0849  loss_rgb: 0.1177  loss_coarse: 0.0255  loss_region_consistency: 0.0001  loss_boundary: 0.1060  loss_sdf: 0.0047  grad_norm: 1.5580
2026/09/22 18:32:11 - mmengine - INFO - Iter(train) [24800/40000]  base_lr: 2.5996e-04 lr: 2.5996e-05  eta: 1:27:03  time: 0.3485  data_time: 0.0116  memory: 6224  loss: 0.4024  loss_final: 0.1082  loss_rgb: 0.1218  loss_coarse: 0.0321  loss_region_consistency: 0.0001  loss_boundary: 0.1355  loss_sdf: 0.0047  grad_norm: 1.3668
2026/09/22 18:32:28 - mmengine - INFO - Iter(train) [24850/40000]  base_lr: 2.5919e-04 lr: 2.5919e-05  eta: 1:26:46  time: 0.3448  data_time: 0.0116  memory: 6224  loss: 0.5501  loss_final: 0.1869  loss_rgb: 0.1482  loss_coarse: 0.0541  loss_region_consistency: 0.0001  loss_boundary: 0.1508  loss_sdf: 0.0101  grad_norm: 2.3380
2026/09/22 18:32:45 - mmengine - INFO - Iter(train) [24900/40000]  base_lr: 2.5842e-04 lr: 2.5842e-05  eta: 1:26:28  time: 0.3346  data_time: 0.0118  memory: 6224  loss: 0.3752  loss_final: 0.1084  loss_rgb: 0.1234  loss_coarse: 0.0323  loss_region_consistency: 0.0001  loss_boundary: 0.1056  loss_sdf: 0.0055  grad_norm: 2.8439
2026/09/22 18:33:02 - mmengine - INFO - Iter(train) [24950/40000]  base_lr: 2.5765e-04 lr: 2.5765e-05  eta: 1:26:11  time: 0.3379  data_time: 0.0125  memory: 6224  loss: 0.4006  loss_final: 0.1046  loss_rgb: 0.1366  loss_coarse: 0.0326  loss_region_consistency: 0.0001  loss_boundary: 0.1205  loss_sdf: 0.0061  grad_norm: 1.7590
2026/09/22 18:33:19 - mmengine - INFO - Exp name: rpgv_v2_stage1_rgb_20260922_144802
2026/09/22 18:33:19 - mmengine - INFO - Iter(train) [25000/40000]  base_lr: 2.5688e-04 lr: 2.5688e-05  eta: 1:25:54  time: 0.3531  data_time: 0.0124  memory: 6224  loss: 0.5206  loss_final: 0.1540  loss_rgb: 0.1610  loss_coarse: 0.0461  loss_region_consistency: 0.0001  loss_boundary: 0.1513  loss_sdf: 0.0081  grad_norm: 1.8511
2026/09/22 18:33:36 - mmengine - INFO - Iter(train) [25050/40000]  base_lr: 2.5611e-04 lr: 2.5611e-05  eta: 1:25:36  time: 0.3272  data_time: 0.0125  memory: 6224  loss: 0.2392  loss_final: 0.0625  loss_rgb: 0.0792  loss_coarse: 0.0191  loss_region_consistency: 0.0001  loss_boundary: 0.0750  loss_sdf: 0.0032  grad_norm: 1.6226
2026/09/22 18:33:53 - mmengine - INFO - Iter(train) [25100/40000]  base_lr: 2.5534e-04 lr: 2.5534e-05  eta: 1:25:19  time: 0.3440  data_time: 0.0118  memory: 6224  loss: 0.3982  loss_final: 0.0827  loss_rgb: 0.1489  loss_coarse: 0.0262  loss_region_consistency: 0.0001  loss_boundary: 0.1356  loss_sdf: 0.0047  grad_norm: 1.9692
2026/09/22 18:34:10 - mmengine - INFO - Iter(train) [25150/40000]  base_lr: 2.5457e-04 lr: 2.5457e-05  eta: 1:25:02  time: 0.3386  data_time: 0.0123  memory: 6224  loss: 0.3569  loss_final: 0.0685  loss_rgb: 0.1414  loss_coarse: 0.0216  loss_region_consistency: 0.0001  loss_boundary: 0.1213  loss_sdf: 0.0040  grad_norm: 1.9325
2026/09/22 18:34:27 - mmengine - INFO - Iter(train) [25200/40000]  base_lr: 2.5379e-04 lr: 2.5379e-05  eta: 1:24:45  time: 0.3432  data_time: 0.0120  memory: 6224  loss: 0.4340  loss_final: 0.1495  loss_rgb: 0.1133  loss_coarse: 0.0425  loss_region_consistency: 0.0001  loss_boundary: 0.1199  loss_sdf: 0.0086  grad_norm: 2.7662
2026/09/22 18:34:44 - mmengine - INFO - Iter(train) [25250/40000]  base_lr: 2.5302e-04 lr: 2.5302e-05  eta: 1:24:27  time: 0.3403  data_time: 0.0126  memory: 6224  loss: 0.4330  loss_final: 0.1207  loss_rgb: 0.1354  loss_coarse: 0.0358  loss_region_consistency: 0.0001  loss_boundary: 0.1344  loss_sdf: 0.0067  grad_norm: 2.5699
2026/09/22 18:35:01 - mmengine - INFO - Iter(train) [25300/40000]  base_lr: 2.5225e-04 lr: 2.5225e-05  eta: 1:24:10  time: 0.3437  data_time: 0.0126  memory: 6224  loss: 0.3768  loss_final: 0.0912  loss_rgb: 0.1170  loss_coarse: 0.0279  loss_region_consistency: 0.0001  loss_boundary: 0.1356  loss_sdf: 0.0051  grad_norm: 1.9640
2026/09/22 18:35:18 - mmengine - INFO - Iter(train) [25350/40000]  base_lr: 2.5148e-04 lr: 2.5148e-05  eta: 1:23:53  time: 0.3415  data_time: 0.0125  memory: 6224  loss: 0.4605  loss_final: 0.1386  loss_rgb: 0.1372  loss_coarse: 0.0407  loss_region_consistency: 0.0001  loss_boundary: 0.1361  loss_sdf: 0.0078  grad_norm: 2.0301
2026/09/22 18:35:36 - mmengine - INFO - Iter(train) [25400/40000]  base_lr: 2.5071e-04 lr: 2.5071e-05  eta: 1:23:36  time: 0.3433  data_time: 0.0120  memory: 6224  loss: 0.4237  loss_final: 0.1239  loss_rgb: 0.1372  loss_coarse: 0.0364  loss_region_consistency: 0.0001  loss_boundary: 0.1201  loss_sdf: 0.0060  grad_norm: 1.6117
2026/09/22 18:35:52 - mmengine - INFO - Iter(train) [25450/40000]  base_lr: 2.4993e-04 lr: 2.4993e-05  eta: 1:23:18  time: 0.3308  data_time: 0.0115  memory: 6224  loss: 0.2850  loss_final: 0.0605  loss_rgb: 0.0984  loss_coarse: 0.0185  loss_region_consistency: 0.0001  loss_boundary: 0.1047  loss_sdf: 0.0028  grad_norm: 1.4021
2026/09/22 18:36:09 - mmengine - INFO - Iter(train) [25500/40000]  base_lr: 2.4916e-04 lr: 2.4916e-05  eta: 1:23:01  time: 0.3433  data_time: 0.0123  memory: 6224  loss: 0.4702  loss_final: 0.1482  loss_rgb: 0.1348  loss_coarse: 0.0439  loss_region_consistency: 0.0001  loss_boundary: 0.1352  loss_sdf: 0.0079  grad_norm: 1.9618
2026/09/22 18:36:26 - mmengine - INFO - Iter(train) [25550/40000]  base_lr: 2.4839e-04 lr: 2.4839e-05  eta: 1:22:44  time: 0.3450  data_time: 0.0125  memory: 6224  loss: 0.4343  loss_final: 0.1161  loss_rgb: 0.1393  loss_coarse: 0.0350  loss_region_consistency: 0.0001  loss_boundary: 0.1360  loss_sdf: 0.0078  grad_norm: 2.4385
2026/09/22 18:36:43 - mmengine - INFO - Iter(train) [25600/40000]  base_lr: 2.4761e-04 lr: 2.4761e-05  eta: 1:22:27  time: 0.3520  data_time: 0.0125  memory: 6224  loss: 0.3828  loss_final: 0.0949  loss_rgb: 0.1197  loss_coarse: 0.0280  loss_region_consistency: 0.0001  loss_boundary: 0.1351  loss_sdf: 0.0049  grad_norm: 2.0579
2026/09/22 18:37:00 - mmengine - INFO - Iter(train) [25650/40000]  base_lr: 2.4684e-04 lr: 2.4684e-05  eta: 1:22:09  time: 0.3380  data_time: 0.0116  memory: 6224  loss: 0.4413  loss_final: 0.1131  loss_rgb: 0.1538  loss_coarse: 0.0338  loss_region_consistency: 0.0001  loss_boundary: 0.1351  loss_sdf: 0.0054  grad_norm: 1.6728
2026/09/22 18:37:18 - mmengine - INFO - Iter(train) [25700/40000]  base_lr: 2.4606e-04 lr: 2.4606e-05  eta: 1:21:52  time: 0.3322  data_time: 0.0116  memory: 6224  loss: 0.3254  loss_final: 0.0849  loss_rgb: 0.1060  loss_coarse: 0.0250  loss_region_consistency: 0.0001  loss_boundary: 0.1050  loss_sdf: 0.0044  grad_norm: 1.6116
2026/09/22 18:37:35 - mmengine - INFO - Iter(train) [25750/40000]  base_lr: 2.4529e-04 lr: 2.4529e-05  eta: 1:21:35  time: 0.3467  data_time: 0.0122  memory: 6224  loss: 0.4828  loss_final: 0.1233  loss_rgb: 0.1649  loss_coarse: 0.0366  loss_region_consistency: 0.0001  loss_boundary: 0.1508  loss_sdf: 0.0071  grad_norm: 1.5859
2026/09/22 18:37:52 - mmengine - INFO - Iter(train) [25800/40000]  base_lr: 2.4452e-04 lr: 2.4452e-05  eta: 1:21:17  time: 0.3399  data_time: 0.0117  memory: 6224  loss: 0.4584  loss_final: 0.1673  loss_rgb: 0.1229  loss_coarse: 0.0473  loss_region_consistency: 0.0001  loss_boundary: 0.1107  loss_sdf: 0.0100  grad_norm: 1.6171
2026/09/22 18:38:09 - mmengine - INFO - Iter(train) [25850/40000]  base_lr: 2.4374e-04 lr: 2.4374e-05  eta: 1:21:00  time: 0.3371  data_time: 0.0130  memory: 6224  loss: 0.3138  loss_final: 0.0699  loss_rgb: 0.1129  loss_coarse: 0.0207  loss_region_consistency: 0.0001  loss_boundary: 0.1054  loss_sdf: 0.0048  grad_norm: 1.8607
2026/09/22 18:38:26 - mmengine - INFO - Iter(train) [25900/40000]  base_lr: 2.4297e-04 lr: 2.4297e-05  eta: 1:20:43  time: 0.3353  data_time: 0.0121  memory: 6224  loss: 0.2947  loss_final: 0.0637  loss_rgb: 0.1023  loss_coarse: 0.0193  loss_region_consistency: 0.0001  loss_boundary: 0.1052  loss_sdf: 0.0042  grad_norm: 2.2491
2026/09/22 18:38:43 - mmengine - INFO - Iter(train) [25950/40000]  base_lr: 2.4219e-04 lr: 2.4219e-05  eta: 1:20:26  time: 0.3468  data_time: 0.0122  memory: 6224  loss: 0.4490  loss_final: 0.0988  loss_rgb: 0.1638  loss_coarse: 0.0304  loss_region_consistency: 0.0001  loss_boundary: 0.1510  loss_sdf: 0.0049  grad_norm: 2.0368
2026/09/22 18:39:00 - mmengine - INFO - Exp name: rpgv_v2_stage1_rgb_20260922_144802
2026/09/22 18:39:00 - mmengine - INFO - Iter(train) [26000/40000]  base_lr: 2.4141e-04 lr: 2.4141e-05  eta: 1:20:09  time: 0.3420  data_time: 0.0115  memory: 6224  loss: 0.2975  loss_final: 0.0598  loss_rgb: 0.1121  loss_coarse: 0.0181  loss_region_consistency: 0.0001  loss_boundary: 0.1047  loss_sdf: 0.0026  grad_norm: 2.0336
2026/09/22 18:39:00 - mmengine - INFO - Saving checkpoint at 26000 iterations
2026/09/22 18:39:47 - mmengine - INFO - Iter(val) [ 50/304]    eta: 0:03:51  time: 0.9156  data_time: 0.0121  memory: 1100  
2026/09/22 18:40:59 - mmengine - INFO - Iter(val) [100/304]    eta: 0:04:00  time: 1.4360  data_time: 0.0114  memory: 1100  
2026/09/22 18:42:08 - mmengine - INFO - Iter(val) [150/304]    eta: 0:03:11  time: 1.3300  data_time: 0.0124  memory: 1100  
2026/09/22 18:43:15 - mmengine - INFO - Iter(val) [200/304]    eta: 0:02:11  time: 1.3274  data_time: 0.0113  memory: 1100  
2026/09/22 18:44:21 - mmengine - INFO - Iter(val) [250/304]    eta: 0:01:08  time: 1.3389  data_time: 0.0119  memory: 1100  
2026/09/22 18:45:25 - mmengine - INFO - Iter(val) [300/304]    eta: 0:00:05  time: 1.2733  data_time: 0.0119  memory: 1100  
2026/09/22 18:45:31 - mmengine - INFO - per class results:
2026/09/22 18:45:31 - mmengine - INFO - 
+------------------+-------+-------+-------+--------+-----------+--------+
|      Class       |  IoU  |  Acc  |  Dice | Fscore | Precision | Recall |
+------------------+-------+-------+-------+--------+-----------+--------+
|    background    | 97.17 | 98.04 | 98.57 | 98.57  |    99.1   | 98.04  |
| wastewater_plant | 73.53 | 89.94 | 84.75 | 84.75  |   80.12   | 89.94  |
+------------------+-------+-------+-------+--------+-----------+--------+
2026/09/22 18:45:31 - mmengine - INFO - Iter(val) [304/304]    aAcc: 97.3800  mIoU: 85.3500  mAcc: 93.9900  mDice: 91.6600  mFscore: 91.6600  mPrecision: 89.6100  mRecall: 93.9900  binary/Foreground_IoU: 73.5306  binary/Dice: 84.7465  binary/F1: 84.7465  binary/Precision: 80.1228  binary/Recall: 89.9366  binary/Boundary_F1: 13.9236  binary/BFScore: 13.9236  binary/Boundary_Precision: 11.0993  binary/Boundary_Recall: 18.6759  binary/Hausdorff_px: 452.3377  binary/HD95_px: 319.4583  binary/Hausdorff_m: 226.1689  binary/HD95_m: 159.7291  data_time: 0.0129  time: 1.2810
2026/09/22 18:45:48 - mmengine - INFO - Iter(train) [26050/40000]  base_lr: 2.4064e-04 lr: 2.4064e-05  eta: 1:19:51  time: 0.3441  data_time: 0.0129  memory: 6224  loss: 0.5345  loss_final: 0.1699  loss_rgb: 0.1656  loss_coarse: 0.0507  loss_region_consistency: 0.0001  loss_boundary: 0.1413  loss_sdf: 0.0068  grad_norm: 1.8096
2026/09/22 18:46:05 - mmengine - INFO - Iter(train) [26100/40000]  base_lr: 2.3986e-04 lr: 2.3986e-05  eta: 1:19:34  time: 0.3385  data_time: 0.0116  memory: 6224  loss: 0.3823  loss_final: 0.0823  loss_rgb: 0.1349  loss_coarse: 0.0258  loss_region_consistency: 0.0001  loss_boundary: 0.1351  loss_sdf: 0.0042  grad_norm: 1.6506
2026/09/22 18:46:22 - mmengine - INFO - Iter(train) [26150/40000]  base_lr: 2.3908e-04 lr: 2.3908e-05  eta: 1:19:17  time: 0.3444  data_time: 0.0117  memory: 6224  loss: 0.4469  loss_final: 0.1172  loss_rgb: 0.1526  loss_coarse: 0.0349  loss_region_consistency: 0.0001  loss_boundary: 0.1357  loss_sdf: 0.0064  grad_norm: 2.0835
2026/09/22 18:46:39 - mmengine - INFO - Iter(train) [26200/40000]  base_lr: 2.3831e-04 lr: 2.3831e-05  eta: 1:19:00  time: 0.3413  data_time: 0.0125  memory: 6224  loss: 0.3522  loss_final: 0.0901  loss_rgb: 0.1184  loss_coarse: 0.0277  loss_region_consistency: 0.0001  loss_boundary: 0.1109  loss_sdf: 0.0050  grad_norm: 1.7956
2026/09/22 18:46:56 - mmengine - INFO - Iter(train) [26250/40000]  base_lr: 2.3753e-04 lr: 2.3753e-05  eta: 1:18:42  time: 0.3342  data_time: 0.0127  memory: 6224  loss: 0.4584  loss_final: 0.1832  loss_rgb: 0.1051  loss_coarse: 0.0526  loss_region_consistency: 0.0001  loss_boundary: 0.1060  loss_sdf: 0.0114  grad_norm: 1.6657
2026/09/22 18:47:13 - mmengine - INFO - Iter(train) [26300/40000]  base_lr: 2.3675e-04 lr: 2.3675e-05  eta: 1:18:25  time: 0.3409  data_time: 0.0126  memory: 6224  loss: 0.3696  loss_final: 0.0831  loss_rgb: 0.1326  loss_coarse: 0.0288  loss_region_consistency: 0.0001  loss_boundary: 0.1203  loss_sdf: 0.0046  grad_norm: 2.0788
2026/09/22 18:47:31 - mmengine - INFO - Iter(train) [26350/40000]  base_lr: 2.3598e-04 lr: 2.3598e-05  eta: 1:18:08  time: 0.3377  data_time: 0.0120  memory: 6224  loss: 0.3142  loss_final: 0.0784  loss_rgb: 0.1022  loss_coarse: 0.0233  loss_region_consistency: 0.0001  loss_boundary: 0.1054  loss_sdf: 0.0048  grad_norm: 2.2562
2026/09/22 18:47:48 - mmengine - INFO - Iter(train) [26400/40000]  base_lr: 2.3520e-04 lr: 2.3520e-05  eta: 1:17:51  time: 0.3466  data_time: 0.0117  memory: 6224  loss: 0.3580  loss_final: 0.0713  loss_rgb: 0.1271  loss_coarse: 0.0220  loss_region_consistency: 0.0001  loss_boundary: 0.1346  loss_sdf: 0.0028  grad_norm: 1.8847
2026/09/22 18:48:05 - mmengine - INFO - Iter(train) [26450/40000]  base_lr: 2.3442e-04 lr: 2.3442e-05  eta: 1:17:34  time: 0.3400  data_time: 0.0123  memory: 6224  loss: 0.4930  loss_final: 0.1546  loss_rgb: 0.1488  loss_coarse: 0.0462  loss_region_consistency: 0.0001  loss_boundary: 0.1352  loss_sdf: 0.0082  grad_norm: 2.3500
2026/09/22 18:48:22 - mmengine - INFO - Iter(train) [26500/40000]  base_lr: 2.3364e-04 lr: 2.3364e-05  eta: 1:17:16  time: 0.3456  data_time: 0.0121  memory: 6224  loss: 0.4538  loss_final: 0.1032  loss_rgb: 0.1642  loss_coarse: 0.0312  loss_region_consistency: 0.0001  loss_boundary: 0.1501  loss_sdf: 0.0050  grad_norm: 1.9089
2026/09/22 18:48:39 - mmengine - INFO - Iter(train) [26550/40000]  base_lr: 2.3286e-04 lr: 2.3286e-05  eta: 1:16:59  time: 0.3498  data_time: 0.0129  memory: 6224  loss: 0.4811  loss_final: 0.1346  loss_rgb: 0.1481  loss_coarse: 0.0389  loss_region_consistency: 0.0001  loss_boundary: 0.1510  loss_sdf: 0.0083  grad_norm: 1.6870
2026/09/22 18:48:56 - mmengine - INFO - Iter(train) [26600/40000]  base_lr: 2.3208e-04 lr: 2.3208e-05  eta: 1:16:42  time: 0.3588  data_time: 0.0124  memory: 6224  loss: 0.4354  loss_final: 0.0986  loss_rgb: 0.1500  loss_coarse: 0.0301  loss_region_consistency: 0.0001  loss_boundary: 0.1504  loss_sdf: 0.0062  grad_norm: 1.9070
2026/09/22 18:49:13 - mmengine - INFO - Iter(train) [26650/40000]  base_lr: 2.3130e-04 lr: 2.3130e-05  eta: 1:16:25  time: 0.3462  data_time: 0.0122  memory: 6224  loss: 0.5040  loss_final: 0.1465  loss_rgb: 0.1561  loss_coarse: 0.0444  loss_region_consistency: 0.0001  loss_boundary: 0.1503  loss_sdf: 0.0066  grad_norm: 2.0779
2026/09/22 18:49:30 - mmengine - INFO - Iter(train) [26700/40000]  base_lr: 2.3052e-04 lr: 2.3052e-05  eta: 1:16:07  time: 0.3373  data_time: 0.0119  memory: 6224  loss: 0.3921  loss_final: 0.1092  loss_rgb: 0.1254  loss_coarse: 0.0320  loss_region_consistency: 0.0001  loss_boundary: 0.1201  loss_sdf: 0.0054  grad_norm: 2.5379
2026/09/22 18:49:47 - mmengine - INFO - Iter(train) [26750/40000]  base_lr: 2.2974e-04 lr: 2.2974e-05  eta: 1:15:50  time: 0.3397  data_time: 0.0124  memory: 6224  loss: 0.4603  loss_final: 0.1322  loss_rgb: 0.1454  loss_coarse: 0.0391  loss_region_consistency: 0.0001  loss_boundary: 0.1359  loss_sdf: 0.0076  grad_norm: 2.5987
2026/09/22 18:50:04 - mmengine - INFO - Iter(train) [26800/40000]  base_lr: 2.2896e-04 lr: 2.2896e-05  eta: 1:15:33  time: 0.3406  data_time: 0.0117  memory: 6224  loss: 0.3128  loss_final: 0.0663  loss_rgb: 0.1184  loss_coarse: 0.0199  loss_region_consistency: 0.0001  loss_boundary: 0.1052  loss_sdf: 0.0029  grad_norm: 2.4552
2026/09/22 18:50:21 - mmengine - INFO - Iter(train) [26850/40000]  base_lr: 2.2818e-04 lr: 2.2818e-05  eta: 1:15:16  time: 0.3462  data_time: 0.0126  memory: 6224  loss: 0.4246  loss_final: 0.1107  loss_rgb: 0.1389  loss_coarse: 0.0329  loss_region_consistency: 0.0001  loss_boundary: 0.1353  loss_sdf: 0.0067  grad_norm: 2.0300
2026/09/22 18:50:38 - mmengine - INFO - Iter(train) [26900/40000]  base_lr: 2.2740e-04 lr: 2.2740e-05  eta: 1:14:59  time: 0.3331  data_time: 0.0122  memory: 6224  loss: 0.3432  loss_final: 0.0933  loss_rgb: 0.1115  loss_coarse: 0.0273  loss_region_consistency: 0.0001  loss_boundary: 0.1050  loss_sdf: 0.0059  grad_norm: 2.3056
2026/09/22 18:50:55 - mmengine - INFO - Iter(train) [26950/40000]  base_lr: 2.2662e-04 lr: 2.2662e-05  eta: 1:14:41  time: 0.3433  data_time: 0.0127  memory: 6224  loss: 0.3790  loss_final: 0.0793  loss_rgb: 0.1348  loss_coarse: 0.0247  loss_region_consistency: 0.0001  loss_boundary: 0.1349  loss_sdf: 0.0051  grad_norm: 2.3502
2026/09/22 18:51:12 - mmengine - INFO - Exp name: rpgv_v2_stage1_rgb_20260922_144802
2026/09/22 18:51:12 - mmengine - INFO - Iter(train) [27000/40000]  base_lr: 2.2584e-04 lr: 2.2584e-05  eta: 1:14:24  time: 0.3441  data_time: 0.0121  memory: 6224  loss: 0.2977  loss_final: 0.0621  loss_rgb: 0.1062  loss_coarse: 0.0191  loss_region_consistency: 0.0001  loss_boundary: 0.1061  loss_sdf: 0.0042  grad_norm: 2.2877
2026/09/22 18:51:30 - mmengine - INFO - Iter(train) [27050/40000]  base_lr: 2.2506e-04 lr: 2.2506e-05  eta: 1:14:07  time: 0.3459  data_time: 0.0133  memory: 6224  loss: 0.4686  loss_final: 0.1138  loss_rgb: 0.1613  loss_coarse: 0.0346  loss_region_consistency: 0.0001  loss_boundary: 0.1512  loss_sdf: 0.0075  grad_norm: 2.6368
2026/09/22 18:51:47 - mmengine - INFO - Iter(train) [27100/40000]  base_lr: 2.2427e-04 lr: 2.2427e-05  eta: 1:13:50  time: 0.3370  data_time: 0.0116  memory: 6224  loss: 0.4264  loss_final: 0.1097  loss_rgb: 0.1431  loss_coarse: 0.0326  loss_region_consistency: 0.0001  loss_boundary: 0.1349  loss_sdf: 0.0060  grad_norm: 2.4165
2026/09/22 18:52:04 - mmengine - INFO - Iter(train) [27150/40000]  base_lr: 2.2349e-04 lr: 2.2349e-05  eta: 1:13:33  time: 0.3433  data_time: 0.0128  memory: 6224  loss: 0.3730  loss_final: 0.0787  loss_rgb: 0.1453  loss_coarse: 0.0234  loss_region_consistency: 0.0001  loss_boundary: 0.1209  loss_sdf: 0.0046  grad_norm: 2.7308
2026/09/22 18:52:21 - mmengine - INFO - Iter(train) [27200/40000]  base_lr: 2.2271e-04 lr: 2.2271e-05  eta: 1:13:15  time: 0.3484  data_time: 0.0123  memory: 6224  loss: 0.4436  loss_final: 0.1234  loss_rgb: 0.1412  loss_coarse: 0.0371  loss_region_consistency: 0.0001  loss_boundary: 0.1349  loss_sdf: 0.0069  grad_norm: 2.7319
2026/09/22 18:52:38 - mmengine - INFO - Iter(train) [27250/40000]  base_lr: 2.2192e-04 lr: 2.2192e-05  eta: 1:12:58  time: 0.3399  data_time: 0.0119  memory: 6224  loss: 0.3967  loss_final: 0.0880  loss_rgb: 0.1412  loss_coarse: 0.0273  loss_region_consistency: 0.0001  loss_boundary: 0.1355  loss_sdf: 0.0046  grad_norm: 2.2442
2026/09/22 18:52:55 - mmengine - INFO - Iter(train) [27300/40000]  base_lr: 2.2114e-04 lr: 2.2114e-05  eta: 1:12:41  time: 0.3386  data_time: 0.0121  memory: 6224  loss: 0.4230  loss_final: 0.1044  loss_rgb: 0.1458  loss_coarse: 0.0321  loss_region_consistency: 0.0001  loss_boundary: 0.1358  loss_sdf: 0.0048  grad_norm: 1.8043
2026/09/22 18:53:12 - mmengine - INFO - Iter(train) [27350/40000]  base_lr: 2.2036e-04 lr: 2.2036e-05  eta: 1:12:24  time: 0.3353  data_time: 0.0115  memory: 6224  loss: 0.3582  loss_final: 0.1103  loss_rgb: 0.1022  loss_coarse: 0.0319  loss_region_consistency: 0.0001  loss_boundary: 0.1065  loss_sdf: 0.0072  grad_norm: 2.1290
2026/09/22 18:53:30 - mmengine - INFO - Iter(train) [27400/40000]  base_lr: 2.1957e-04 lr: 2.1957e-05  eta: 1:12:07  time: 0.3544  data_time: 0.0124  memory: 6224  loss: 0.4503  loss_final: 0.1092  loss_rgb: 0.1542  loss_coarse: 0.0329  loss_region_consistency: 0.0001  loss_boundary: 0.1494  loss_sdf: 0.0045  grad_norm: 2.1753
2026/09/22 18:53:47 - mmengine - INFO - Iter(train) [27450/40000]  base_lr: 2.1879e-04 lr: 2.1879e-05  eta: 1:11:49  time: 0.3424  data_time: 0.0121  memory: 6224  loss: 0.4836  loss_final: 0.1531  loss_rgb: 0.1405  loss_coarse: 0.0456  loss_region_consistency: 0.0001  loss_boundary: 0.1359  loss_sdf: 0.0083  grad_norm: 2.0400
2026/09/22 18:54:03 - mmengine - INFO - Iter(train) [27500/40000]  base_lr: 2.1800e-04 lr: 2.1800e-05  eta: 1:11:32  time: 0.3305  data_time: 0.0115  memory: 6224  loss: 0.3453  loss_final: 0.0913  loss_rgb: 0.1171  loss_coarse: 0.0270  loss_region_consistency: 0.0001  loss_boundary: 0.1051  loss_sdf: 0.0047  grad_norm: 1.5311
2026/09/22 18:54:20 - mmengine - INFO - Iter(train) [27550/40000]  base_lr: 2.1722e-04 lr: 2.1722e-05  eta: 1:11:15  time: 0.3390  data_time: 0.0121  memory: 6224  loss: 0.4634  loss_final: 0.1635  loss_rgb: 0.1249  loss_coarse: 0.0490  loss_region_consistency: 0.0001  loss_boundary: 0.1199  loss_sdf: 0.0060  grad_norm: 1.5204
2026/09/22 18:54:38 - mmengine - INFO - Iter(train) [27600/40000]  base_lr: 2.1643e-04 lr: 2.1643e-05  eta: 1:10:58  time: 0.3480  data_time: 0.0115  memory: 6224  loss: 0.4112  loss_final: 0.0971  loss_rgb: 0.1443  loss_coarse: 0.0313  loss_region_consistency: 0.0001  loss_boundary: 0.1348  loss_sdf: 0.0036  grad_norm: 2.5204
2026/09/22 18:54:55 - mmengine - INFO - Iter(train) [27650/40000]  base_lr: 2.1565e-04 lr: 2.1565e-05  eta: 1:10:40  time: 0.3349  data_time: 0.0114  memory: 6224  loss: 0.3306  loss_final: 0.0698  loss_rgb: 0.1161  loss_coarse: 0.0211  loss_region_consistency: 0.0001  loss_boundary: 0.1194  loss_sdf: 0.0041  grad_norm: 1.6515
2026/09/22 18:55:11 - mmengine - INFO - Iter(train) [27700/40000]  base_lr: 2.1486e-04 lr: 2.1486e-05  eta: 1:10:23  time: 0.3373  data_time: 0.0117  memory: 6224  loss: 0.4103  loss_final: 0.1084  loss_rgb: 0.1478  loss_coarse: 0.0251  loss_region_consistency: 0.0001  loss_boundary: 0.1256  loss_sdf: 0.0034  grad_norm: 1.8484
2026/09/22 18:55:28 - mmengine - INFO - Iter(train) [27750/40000]  base_lr: 2.1408e-04 lr: 2.1408e-05  eta: 1:10:06  time: 0.3388  data_time: 0.0118  memory: 6224  loss: 0.3731  loss_final: 0.0951  loss_rgb: 0.1234  loss_coarse: 0.0285  loss_region_consistency: 0.0001  loss_boundary: 0.1204  loss_sdf: 0.0056  grad_norm: 1.9117
2026/09/22 18:55:46 - mmengine - INFO - Iter(train) [27800/40000]  base_lr: 2.1329e-04 lr: 2.1329e-05  eta: 1:09:49  time: 0.3428  data_time: 0.0118  memory: 6224  loss: 0.3481  loss_final: 0.0748  loss_rgb: 0.1257  loss_coarse: 0.0230  loss_region_consistency: 0.0001  loss_boundary: 0.1203  loss_sdf: 0.0042  grad_norm: 1.9365
2026/09/22 18:56:03 - mmengine - INFO - Iter(train) [27850/40000]  base_lr: 2.1250e-04 lr: 2.1250e-05  eta: 1:09:31  time: 0.3348  data_time: 0.0124  memory: 6224  loss: 0.4249  loss_final: 0.1151  loss_rgb: 0.1582  loss_coarse: 0.0359  loss_region_consistency: 0.0001  loss_boundary: 0.1100  loss_sdf: 0.0056  grad_norm: 2.1296
2026/09/22 18:56:19 - mmengine - INFO - Iter(train) [27900/40000]  base_lr: 2.1172e-04 lr: 2.1172e-05  eta: 1:09:14  time: 0.3416  data_time: 0.0121  memory: 6224  loss: 0.4448  loss_final: 0.1374  loss_rgb: 0.1386  loss_coarse: 0.0412  loss_region_consistency: 0.0001  loss_boundary: 0.1210  loss_sdf: 0.0065  grad_norm: 1.9111
2026/09/22 18:56:37 - mmengine - INFO - Iter(train) [27950/40000]  base_lr: 2.1093e-04 lr: 2.1093e-05  eta: 1:08:57  time: 0.3421  data_time: 0.0118  memory: 6224  loss: 0.4954  loss_final: 0.1577  loss_rgb: 0.1442  loss_coarse: 0.0468  loss_region_consistency: 0.0001  loss_boundary: 0.1365  loss_sdf: 0.0101  grad_norm: 1.6739
2026/09/22 18:56:54 - mmengine - INFO - Exp name: rpgv_v2_stage1_rgb_20260922_144802
2026/09/22 18:56:54 - mmengine - INFO - Iter(train) [28000/40000]  base_lr: 2.1014e-04 lr: 2.1014e-05  eta: 1:08:40  time: 0.3450  data_time: 0.0123  memory: 6224  loss: 0.4144  loss_final: 0.1316  loss_rgb: 0.1208  loss_coarse: 0.0392  loss_region_consistency: 0.0001  loss_boundary: 0.1193  loss_sdf: 0.0034  grad_norm: 2.5592
2026/09/22 18:56:54 - mmengine - INFO - Saving checkpoint at 28000 iterations
2026/09/22 18:57:41 - mmengine - INFO - Iter(val) [ 50/304]    eta: 0:03:51  time: 0.9025  data_time: 0.0115  memory: 1100  
2026/09/22 18:58:53 - mmengine - INFO - Iter(val) [100/304]    eta: 0:04:00  time: 1.4001  data_time: 0.0122  memory: 1100  
2026/09/22 19:00:02 - mmengine - INFO - Iter(val) [150/304]    eta: 0:03:11  time: 1.3454  data_time: 0.0119  memory: 1100  
2026/09/22 19:01:08 - mmengine - INFO - Iter(val) [200/304]    eta: 0:02:11  time: 1.3380  data_time: 0.0130  memory: 1100  
2026/09/22 19:02:14 - mmengine - INFO - Iter(val) [250/304]    eta: 0:01:08  time: 1.3048  data_time: 0.0118  memory: 1100  
2026/09/22 19:03:18 - mmengine - INFO - Iter(val) [300/304]    eta: 0:00:05  time: 1.2735  data_time: 0.0118  memory: 1100  
2026/09/22 19:03:23 - mmengine - INFO - per class results:
2026/09/22 19:03:23 - mmengine - INFO - 
+------------------+-------+-------+-------+--------+-----------+--------+
|      Class       |  IoU  |  Acc  |  Dice | Fscore | Precision | Recall |
+------------------+-------+-------+-------+--------+-----------+--------+
|    background    | 96.91 | 97.51 | 98.43 | 98.43  |   99.37   | 97.51  |
| wastewater_plant |  72.5 | 92.97 | 84.06 | 84.06  |   76.71   | 92.97  |
+------------------+-------+-------+-------+--------+-----------+--------+
2026/09/22 19:03:23 - mmengine - INFO - Iter(val) [304/304]    aAcc: 97.1500  mIoU: 84.7100  mAcc: 95.2400  mDice: 91.2500  mFscore: 91.2500  mPrecision: 88.0400  mRecall: 95.2400  binary/Foreground_IoU: 72.5009  binary/Dice: 84.0586  binary/F1: 84.0586  binary/Precision: 76.7093  binary/Recall: 92.9654  binary/Boundary_F1: 11.8999  binary/BFScore: 11.8999  binary/Boundary_Precision: 9.3848  binary/Boundary_Recall: 16.2565  binary/Hausdorff_px: 544.2902  binary/HD95_px: 355.0820  binary/Hausdorff_m: 272.1451  binary/HD95_m: 177.5410  data_time: 0.0128  time: 1.2758
2026/09/22 19:03:40 - mmengine - INFO - Iter(train) [28050/40000]  base_lr: 2.0935e-04 lr: 2.0935e-05  eta: 1:08:23  time: 0.3414  data_time: 0.0126  memory: 6224  loss: 0.3645  loss_final: 0.0761  loss_rgb: 0.1406  loss_coarse: 0.0237  loss_region_consistency: 0.0001  loss_boundary: 0.1204  loss_sdf: 0.0036  grad_norm: 2.1132
2026/09/22 19:03:57 - mmengine - INFO - Iter(train) [28100/40000]  base_lr: 2.0856e-04 lr: 2.0856e-05  eta: 1:08:05  time: 0.3480  data_time: 0.0124  memory: 6224  loss: 0.4551  loss_final: 0.1041  loss_rgb: 0.1655  loss_coarse: 0.0320  loss_region_consistency: 0.0001  loss_boundary: 0.1500  loss_sdf: 0.0035  grad_norm: 1.4200
2026/09/22 19:04:15 - mmengine - INFO - Iter(train) [28150/40000]  base_lr: 2.0777e-04 lr: 2.0777e-05  eta: 1:07:48  time: 0.3454  data_time: 0.0121  memory: 6224  loss: 0.4273  loss_final: 0.1025  loss_rgb: 0.1406  loss_coarse: 0.0309  loss_region_consistency: 0.0001  loss_boundary: 0.1492  loss_sdf: 0.0041  grad_norm: 2.9064
2026/09/22 19:04:32 - mmengine - INFO - Iter(train) [28200/40000]  base_lr: 2.0699e-04 lr: 2.0699e-05  eta: 1:07:31  time: 0.3438  data_time: 0.0115  memory: 6224  loss: 0.3985  loss_final: 0.1026  loss_rgb: 0.1400  loss_coarse: 0.0309  loss_region_consistency: 0.0001  loss_boundary: 0.1206  loss_sdf: 0.0043  grad_norm: 1.7228
2026/09/22 19:04:49 - mmengine - INFO - Iter(train) [28250/40000]  base_lr: 2.0620e-04 lr: 2.0620e-05  eta: 1:07:14  time: 0.3347  data_time: 0.0120  memory: 6224  loss: 0.3517  loss_final: 0.1022  loss_rgb: 0.1089  loss_coarse: 0.0307  loss_region_consistency: 0.0001  loss_boundary: 0.1053  loss_sdf: 0.0045  grad_norm: 2.2339
2026/09/22 19:05:06 - mmengine - INFO - Iter(train) [28300/40000]  base_lr: 2.0541e-04 lr: 2.0541e-05  eta: 1:06:57  time: 0.3381  data_time: 0.0126  memory: 6224  loss: 0.3167  loss_final: 0.0557  loss_rgb: 0.1212  loss_coarse: 0.0175  loss_region_consistency: 0.0001  loss_boundary: 0.1195  loss_sdf: 0.0028  grad_norm: 2.0088
2026/09/22 19:05:23 - mmengine - INFO - Iter(train) [28350/40000]  base_lr: 2.0462e-04 lr: 2.0462e-05  eta: 1:06:39  time: 0.3410  data_time: 0.0119  memory: 6224  loss: 0.3559  loss_final: 0.0952  loss_rgb: 0.1062  loss_coarse: 0.0276  loss_region_consistency: 0.0001  loss_boundary: 0.1203  loss_sdf: 0.0064  grad_norm: 1.5976
2026/09/22 19:05:40 - mmengine - INFO - Iter(train) [28400/40000]  base_lr: 2.0383e-04 lr: 2.0383e-05  eta: 1:06:22  time: 0.3440  data_time: 0.0117  memory: 6224  loss: 0.4954  loss_final: 0.1544  loss_rgb: 0.1507  loss_coarse: 0.0454  loss_region_consistency: 0.0001  loss_boundary: 0.1360  loss_sdf: 0.0087  grad_norm: 2.2243
2026/09/22 19:05:57 - mmengine - INFO - Iter(train) [28450/40000]  base_lr: 2.0303e-04 lr: 2.0303e-05  eta: 1:06:05  time: 0.3421  data_time: 0.0120  memory: 6224  loss: 0.4567  loss_final: 0.1286  loss_rgb: 0.1432  loss_coarse: 0.0400  loss_region_consistency: 0.0001  loss_boundary: 0.1370  loss_sdf: 0.0077  grad_norm: 2.4417
2026/09/22 19:06:14 - mmengine - INFO - Iter(train) [28500/40000]  base_lr: 2.0224e-04 lr: 2.0224e-05  eta: 1:05:48  time: 0.3434  data_time: 0.0130  memory: 6224  loss: 0.4059  loss_final: 0.0974  loss_rgb: 0.1376  loss_coarse: 0.0295  loss_region_consistency: 0.0001  loss_boundary: 0.1359  loss_sdf: 0.0054  grad_norm: 2.0792
2026/09/22 19:06:31 - mmengine - INFO - Iter(train) [28550/40000]  base_lr: 2.0145e-04 lr: 2.0145e-05  eta: 1:05:30  time: 0.3457  data_time: 0.0116  memory: 6224  loss: 0.4895  loss_final: 0.1228  loss_rgb: 0.1728  loss_coarse: 0.0376  loss_region_consistency: 0.0001  loss_boundary: 0.1509  loss_sdf: 0.0053  grad_norm: 1.6046
2026/09/22 19:06:48 - mmengine - INFO - Iter(train) [28600/40000]  base_lr: 2.0066e-04 lr: 2.0066e-05  eta: 1:05:13  time: 0.3474  data_time: 0.0116  memory: 6224  loss: 0.4058  loss_final: 0.1120  loss_rgb: 0.1195  loss_coarse: 0.0327  loss_region_consistency: 0.0001  loss_boundary: 0.1351  loss_sdf: 0.0064  grad_norm: 2.6110
2026/09/22 19:07:05 - mmengine - INFO - Iter(train) [28650/40000]  base_lr: 1.9987e-04 lr: 1.9987e-05  eta: 1:04:56  time: 0.3429  data_time: 0.0120  memory: 6224  loss: 0.4661  loss_final: 0.1364  loss_rgb: 0.1441  loss_coarse: 0.0408  loss_region_consistency: 0.0001  loss_boundary: 0.1360  loss_sdf: 0.0087  grad_norm: 4.7182
2026/09/22 19:07:22 - mmengine - INFO - Iter(train) [28700/40000]  base_lr: 1.9908e-04 lr: 1.9908e-05  eta: 1:04:39  time: 0.3418  data_time: 0.0114  memory: 6224  loss: 0.4055  loss_final: 0.0992  loss_rgb: 0.1350  loss_coarse: 0.0298  loss_region_consistency: 0.0001  loss_boundary: 0.1356  loss_sdf: 0.0058  grad_norm: 4.3898
2026/09/22 19:07:39 - mmengine - INFO - Iter(train) [28750/40000]  base_lr: 1.9828e-04 lr: 1.9828e-05  eta: 1:04:22  time: 0.3293  data_time: 0.0126  memory: 6224  loss: 0.2918  loss_final: 0.0748  loss_rgb: 0.1000  loss_coarse: 0.0227  loss_region_consistency: 0.0001  loss_boundary: 0.0905  loss_sdf: 0.0037  grad_norm: 1.8027
2026/09/22 19:07:56 - mmengine - INFO - Iter(train) [28800/40000]  base_lr: 1.9749e-04 lr: 1.9749e-05  eta: 1:04:04  time: 0.3544  data_time: 0.0128  memory: 6224  loss: 0.5979  loss_final: 0.2107  loss_rgb: 0.1641  loss_coarse: 0.0635  loss_region_consistency: 0.0001  loss_boundary: 0.1508  loss_sdf: 0.0087  grad_norm: 2.4613
2026/09/22 19:08:13 - mmengine - INFO - Iter(train) [28850/40000]  base_lr: 1.9670e-04 lr: 1.9670e-05  eta: 1:03:47  time: 0.3326  data_time: 0.0128  memory: 6224  loss: 0.3942  loss_final: 0.1245  loss_rgb: 0.1185  loss_coarse: 0.0364  loss_region_consistency: 0.0001  loss_boundary: 0.1096  loss_sdf: 0.0051  grad_norm: 2.4044
2026/09/22 19:08:30 - mmengine - INFO - Iter(train) [28900/40000]  base_lr: 1.9590e-04 lr: 1.9590e-05  eta: 1:03:30  time: 0.3331  data_time: 0.0119  memory: 6224  loss: 0.3784  loss_final: 0.1051  loss_rgb: 0.1148  loss_coarse: 0.0311  loss_region_consistency: 0.0001  loss_boundary: 0.1207  loss_sdf: 0.0066  grad_norm: 1.8833
2026/09/22 19:08:47 - mmengine - INFO - Iter(train) [28950/40000]  base_lr: 1.9511e-04 lr: 1.9511e-05  eta: 1:03:13  time: 0.3419  data_time: 0.0126  memory: 6224  loss: 0.3525  loss_final: 0.0648  loss_rgb: 0.1279  loss_coarse: 0.0201  loss_region_consistency: 0.0001  loss_boundary: 0.1357  loss_sdf: 0.0038  grad_norm: 1.9180
2026/09/22 19:09:04 - mmengine - INFO - Exp name: rpgv_v2_stage1_rgb_20260922_144802
2026/09/22 19:09:04 - mmengine - INFO - Iter(train) [29000/40000]  base_lr: 1.9431e-04 lr: 1.9431e-05  eta: 1:02:56  time: 0.3515  data_time: 0.0121  memory: 6224  loss: 0.4484  loss_final: 0.1244  loss_rgb: 0.1449  loss_coarse: 0.0373  loss_region_consistency: 0.0001  loss_boundary: 0.1350  loss_sdf: 0.0068  grad_norm: 2.1176
2026/09/22 19:09:21 - mmengine - INFO - Iter(train) [29050/40000]  base_lr: 1.9352e-04 lr: 1.9352e-05  eta: 1:02:38  time: 0.3476  data_time: 0.0133  memory: 6224  loss: 0.5083  loss_final: 0.1345  loss_rgb: 0.1777  loss_coarse: 0.0404  loss_region_consistency: 0.0001  loss_boundary: 0.1507  loss_sdf: 0.0050  grad_norm: 2.7734
2026/09/22 19:09:38 - mmengine - INFO - Iter(train) [29100/40000]  base_lr: 1.9272e-04 lr: 1.9272e-05  eta: 1:02:21  time: 0.3290  data_time: 0.0118  memory: 6224  loss: 0.2412  loss_final: 0.0413  loss_rgb: 0.0959  loss_coarse: 0.0125  loss_region_consistency: 0.0001  loss_boundary: 0.0897  loss_sdf: 0.0016  grad_norm: 1.9409
2026/09/22 19:09:55 - mmengine - INFO - Iter(train) [29150/40000]  base_lr: 1.9193e-04 lr: 1.9193e-05  eta: 1:02:04  time: 0.3368  data_time: 0.0115  memory: 6224  loss: 0.3039  loss_final: 0.0711  loss_rgb: 0.0867  loss_coarse: 0.0221  loss_region_consistency: 0.0001  loss_boundary: 0.1199  loss_sdf: 0.0040  grad_norm: 1.9347
2026/09/22 19:10:12 - mmengine - INFO - Iter(train) [29200/40000]  base_lr: 1.9113e-04 lr: 1.9113e-05  eta: 1:01:47  time: 0.3457  data_time: 0.0121  memory: 6224  loss: 0.4534  loss_final: 0.1218  loss_rgb: 0.1531  loss_coarse: 0.0370  loss_region_consistency: 0.0001  loss_boundary: 0.1352  loss_sdf: 0.0061  grad_norm: 2.5967
2026/09/22 19:10:29 - mmengine - INFO - Iter(train) [29250/40000]  base_lr: 1.9033e-04 lr: 1.9033e-05  eta: 1:01:29  time: 0.3401  data_time: 0.0117  memory: 6224  loss: 0.4164  loss_final: 0.1045  loss_rgb: 0.1394  loss_coarse: 0.0308  loss_region_consistency: 0.0001  loss_boundary: 0.1350  loss_sdf: 0.0066  grad_norm: 2.9962
2026/09/22 19:10:46 - mmengine - INFO - Iter(train) [29300/40000]  base_lr: 1.8954e-04 lr: 1.8954e-05  eta: 1:01:12  time: 0.3252  data_time: 0.0124  memory: 6224  loss: 0.3227  loss_final: 0.1159  loss_rgb: 0.0975  loss_coarse: 0.0263  loss_region_consistency: 0.0001  loss_boundary: 0.0800  loss_sdf: 0.0030  grad_norm: 2.5190
2026/09/22 19:11:03 - mmengine - INFO - Iter(train) [29350/40000]  base_lr: 1.8874e-04 lr: 1.8874e-05  eta: 1:00:55  time: 0.3456  data_time: 0.0136  memory: 6224  loss: 0.4247  loss_final: 0.1090  loss_rgb: 0.1410  loss_coarse: 0.0331  loss_region_consistency: 0.0001  loss_boundary: 0.1353  loss_sdf: 0.0062  grad_norm: 2.7125
2026/09/22 19:11:21 - mmengine - INFO - Iter(train) [29400/40000]  base_lr: 1.8794e-04 lr: 1.8794e-05  eta: 1:00:38  time: 0.3333  data_time: 0.0122  memory: 6224  loss: 0.2348  loss_final: 0.0580  loss_rgb: 0.0816  loss_coarse: 0.0175  loss_region_consistency: 0.0001  loss_boundary: 0.0752  loss_sdf: 0.0025  grad_norm: 1.9274
2026/09/22 19:11:38 - mmengine - INFO - Iter(train) [29450/40000]  base_lr: 1.8714e-04 lr: 1.8714e-05  eta: 1:00:21  time: 0.3407  data_time: 0.0122  memory: 6224  loss: 0.4581  loss_final: 0.1288  loss_rgb: 0.1472  loss_coarse: 0.0401  loss_region_consistency: 0.0001  loss_boundary: 0.1373  loss_sdf: 0.0046  grad_norm: 1.7460
2026/09/22 19:11:55 - mmengine - INFO - Iter(train) [29500/40000]  base_lr: 1.8634e-04 lr: 1.8634e-05  eta: 1:00:04  time: 0.3490  data_time: 0.0128  memory: 6224  loss: 0.5692  loss_final: 0.1935  loss_rgb: 0.1578  loss_coarse: 0.0583  loss_region_consistency: 0.0001  loss_boundary: 0.1508  loss_sdf: 0.0086  grad_norm: 2.2122
2026/09/22 19:12:12 - mmengine - INFO - Iter(train) [29550/40000]  base_lr: 1.8555e-04 lr: 1.8555e-05  eta: 0:59:46  time: 0.3365  data_time: 0.0119  memory: 6224  loss: 0.5725  loss_final: 0.2405  loss_rgb: 0.1302  loss_coarse: 0.0683  loss_region_consistency: 0.0001  loss_boundary: 0.1202  loss_sdf: 0.0131  grad_norm: 2.3154
2026/09/22 19:12:29 - mmengine - INFO - Iter(train) [29600/40000]  base_lr: 1.8475e-04 lr: 1.8475e-05  eta: 0:59:29  time: 0.3413  data_time: 0.0116  memory: 6224  loss: 0.3377  loss_final: 0.0740  loss_rgb: 0.1198  loss_coarse: 0.0222  loss_region_consistency: 0.0001  loss_boundary: 0.1189  loss_sdf: 0.0027  grad_norm: 2.5126
2026/09/22 19:12:46 - mmengine - INFO - Iter(train) [29650/40000]  base_lr: 1.8395e-04 lr: 1.8395e-05  eta: 0:59:12  time: 0.3457  data_time: 0.0125  memory: 6224  loss: 0.4546  loss_final: 0.1243  loss_rgb: 0.1500  loss_coarse: 0.0371  loss_region_consistency: 0.0001  loss_boundary: 0.1365  loss_sdf: 0.0066  grad_norm: 1.6028
2026/09/22 19:13:03 - mmengine - INFO - Iter(train) [29700/40000]  base_lr: 1.8315e-04 lr: 1.8315e-05  eta: 0:58:55  time: 0.3405  data_time: 0.0118  memory: 6224  loss: 0.3613  loss_final: 0.0696  loss_rgb: 0.1294  loss_coarse: 0.0220  loss_region_consistency: 0.0001  loss_boundary: 0.1358  loss_sdf: 0.0043  grad_norm: 2.3336
2026/09/22 19:13:20 - mmengine - INFO - Iter(train) [29750/40000]  base_lr: 1.8235e-04 lr: 1.8235e-05  eta: 0:58:38  time: 0.3363  data_time: 0.0119  memory: 6224  loss: 0.3339  loss_final: 0.0666  loss_rgb: 0.1242  loss_coarse: 0.0207  loss_region_consistency: 0.0001  loss_boundary: 0.1195  loss_sdf: 0.0029  grad_norm: 2.3504
2026/09/22 19:13:37 - mmengine - INFO - Iter(train) [29800/40000]  base_lr: 1.8155e-04 lr: 1.8155e-05  eta: 0:58:20  time: 0.3531  data_time: 0.0118  memory: 6224  loss: 0.4592  loss_final: 0.1306  loss_rgb: 0.1313  loss_coarse: 0.0395  loss_region_consistency: 0.0001  loss_boundary: 0.1500  loss_sdf: 0.0078  grad_norm: 2.0976
2026/09/22 19:13:54 - mmengine - INFO - Iter(train) [29850/40000]  base_lr: 1.8074e-04 lr: 1.8074e-05  eta: 0:58:03  time: 0.3364  data_time: 0.0125  memory: 6224  loss: 0.3757  loss_final: 0.0781  loss_rgb: 0.1448  loss_coarse: 0.0233  loss_region_consistency: 0.0001  loss_boundary: 0.1249  loss_sdf: 0.0045  grad_norm: 1.9746
2026/09/22 19:14:12 - mmengine - INFO - Iter(train) [29900/40000]  base_lr: 1.7994e-04 lr: 1.7994e-05  eta: 0:57:46  time: 0.3427  data_time: 0.0121  memory: 6224  loss: 0.4574  loss_final: 0.1186  loss_rgb: 0.1465  loss_coarse: 0.0358  loss_region_consistency: 0.0001  loss_boundary: 0.1501  loss_sdf: 0.0063  grad_norm: 1.7001
2026/09/22 19:14:29 - mmengine - INFO - Iter(train) [29950/40000]  base_lr: 1.7914e-04 lr: 1.7914e-05  eta: 0:57:29  time: 0.3391  data_time: 0.0120  memory: 6224  loss: 0.3933  loss_final: 0.0951  loss_rgb: 0.1284  loss_coarse: 0.0285  loss_region_consistency: 0.0001  loss_boundary: 0.1348  loss_sdf: 0.0064  grad_norm: 2.0759
2026/09/22 19:14:45 - mmengine - INFO - Exp name: rpgv_v2_stage1_rgb_20260922_144802
2026/09/22 19:14:45 - mmengine - INFO - Iter(train) [30000/40000]  base_lr: 1.7834e-04 lr: 1.7834e-05  eta: 0:57:12  time: 0.3352  data_time: 0.0124  memory: 6224  loss: 0.2393  loss_final: 0.0457  loss_rgb: 0.0892  loss_coarse: 0.0137  loss_region_consistency: 0.0000  loss_boundary: 0.0891  loss_sdf: 0.0016  grad_norm: 1.6965
2026/09/22 19:14:45 - mmengine - INFO - Saving checkpoint at 30000 iterations
2026/09/22 19:15:32 - mmengine - INFO - Iter(val) [ 50/304]    eta: 0:03:49  time: 0.8992  data_time: 0.0109  memory: 1100  
2026/09/22 19:16:42 - mmengine - INFO - Iter(val) [100/304]    eta: 0:03:54  time: 1.3439  data_time: 0.0115  memory: 1100  
2026/09/22 19:17:47 - mmengine - INFO - Iter(val) [150/304]    eta: 0:03:04  time: 1.2802  data_time: 0.0117  memory: 1100  
2026/09/22 19:18:51 - mmengine - INFO - Iter(val) [200/304]    eta: 0:02:07  time: 1.2808  data_time: 0.0119  memory: 1100  
2026/09/22 19:19:55 - mmengine - INFO - Iter(val) [250/304]    eta: 0:01:06  time: 1.2836  data_time: 0.0123  memory: 1100  
2026/09/22 19:20:56 - mmengine - INFO - Iter(val) [300/304]    eta: 0:00:04  time: 1.2346  data_time: 0.0116  memory: 1100  
2026/09/22 19:21:02 - mmengine - INFO - per class results:
2026/09/22 19:21:02 - mmengine - INFO - 
+------------------+-------+-------+-------+--------+-----------+--------+
|      Class       |  IoU  |  Acc  |  Dice | Fscore | Precision | Recall |
+------------------+-------+-------+-------+--------+-----------+--------+
|    background    | 96.92 | 97.62 | 98.44 | 98.44  |   99.27   | 97.62  |
| wastewater_plant |  72.3 | 91.83 | 83.92 | 83.92  |   77.27   | 91.83  |
+------------------+-------+-------+-------+--------+-----------+--------+
2026/09/22 19:21:02 - mmengine - INFO - Iter(val) [304/304]    aAcc: 97.1500  mIoU: 84.6100  mAcc: 94.7200  mDice: 91.1800  mFscore: 91.1800  mPrecision: 88.2700  mRecall: 94.7200  binary/Foreground_IoU: 72.3014  binary/Dice: 83.9243  binary/F1: 83.9243  binary/Precision: 77.2732  binary/Recall: 91.8283  binary/Boundary_F1: 13.4038  binary/BFScore: 13.4038  binary/Boundary_Precision: 10.5251  binary/Boundary_Recall: 18.4498  binary/Hausdorff_px: 440.3449  binary/HD95_px: 343.0594  binary/Hausdorff_m: 220.1725  binary/HD95_m: 171.5297  data_time: 0.0125  time: 1.2332
2026/09/22 19:21:19 - mmengine - INFO - Iter(train) [30050/40000]  base_lr: 1.7754e-04 lr: 1.7754e-05  eta: 0:56:54  time: 0.3498  data_time: 0.0122  memory: 6224  loss: 0.4554  loss_final: 0.1096  loss_rgb: 0.1568  loss_coarse: 0.0332  loss_region_consistency: 0.0001  loss_boundary: 0.1498  loss_sdf: 0.0059  grad_norm: 1.7765
2026/09/22 19:21:36 - mmengine - INFO - Iter(train) [30100/40000]  base_lr: 1.7673e-04 lr: 1.7673e-05  eta: 0:56:37  time: 0.3392  data_time: 0.0128  memory: 6224  loss: 0.3927  loss_final: 0.1256  loss_rgb: 0.1218  loss_coarse: 0.0298  loss_region_consistency: 0.0001  loss_boundary: 0.1107  loss_sdf: 0.0047  grad_norm: 2.5681
2026/09/22 19:21:53 - mmengine - INFO - Iter(train) [30150/40000]  base_lr: 1.7593e-04 lr: 1.7593e-05  eta: 0:56:20  time: 0.3407  data_time: 0.0117  memory: 6224  loss: 0.4015  loss_final: 0.1123  loss_rgb: 0.1281  loss_coarse: 0.0336  loss_region_consistency: 0.0001  loss_boundary: 0.1210  loss_sdf: 0.0065  grad_norm: 2.5513
2026/09/22 19:22:11 - mmengine - INFO - Iter(train) [30200/40000]  base_lr: 1.7513e-04 lr: 1.7513e-05  eta: 0:56:03  time: 0.3464  data_time: 0.0124  memory: 6224  loss: 0.3621  loss_final: 0.0911  loss_rgb: 0.1195  loss_coarse: 0.0267  loss_region_consistency: 0.0001  loss_boundary: 0.1195  loss_sdf: 0.0053  grad_norm: 2.7329
2026/09/22 19:22:28 - mmengine - INFO - Iter(train) [30250/40000]  base_lr: 1.7432e-04 lr: 1.7432e-05  eta: 0:55:46  time: 0.3429  data_time: 0.0118  memory: 6224  loss: 0.4428  loss_final: 0.1175  loss_rgb: 0.1492  loss_coarse: 0.0344  loss_region_consistency: 0.0001  loss_boundary: 0.1354  loss_sdf: 0.0062  grad_norm: 2.3774
2026/09/22 19:22:45 - mmengine - INFO - Iter(train) [30300/40000]  base_lr: 1.7352e-04 lr: 1.7352e-05  eta: 0:55:29  time: 0.3365  data_time: 0.0128  memory: 6224  loss: 0.3289  loss_final: 0.0647  loss_rgb: 0.1203  loss_coarse: 0.0203  loss_region_consistency: 0.0001  loss_boundary: 0.1200  loss_sdf: 0.0035  grad_norm: 1.7094
2026/09/22 19:23:02 - mmengine - INFO - Iter(train) [30350/40000]  base_lr: 1.7271e-04 lr: 1.7271e-05  eta: 0:55:12  time: 0.3394  data_time: 0.0125  memory: 6224  loss: 0.3477  loss_final: 0.0806  loss_rgb: 0.1162  loss_coarse: 0.0253  loss_region_consistency: 0.0001  loss_boundary: 0.1197  loss_sdf: 0.0058  grad_norm: 1.3106
2026/09/22 19:23:19 - mmengine - INFO - Iter(train) [30400/40000]  base_lr: 1.7191e-04 lr: 1.7191e-05  eta: 0:54:54  time: 0.3512  data_time: 0.0118  memory: 6224  loss: 0.4813  loss_final: 0.1267  loss_rgb: 0.1660  loss_coarse: 0.0388  loss_region_consistency: 0.0001  loss_boundary: 0.1414  loss_sdf: 0.0083  grad_norm: 2.5771
2026/09/22 19:23:36 - mmengine - INFO - Iter(train) [30450/40000]  base_lr: 1.7110e-04 lr: 1.7110e-05  eta: 0:54:37  time: 0.3336  data_time: 0.0115  memory: 6224  loss: 0.4137  loss_final: 0.1199  loss_rgb: 0.1291  loss_coarse: 0.0366  loss_region_consistency: 0.0001  loss_boundary: 0.1213  loss_sdf: 0.0068  grad_norm: 3.2649
2026/09/22 19:23:53 - mmengine - INFO - Iter(train) [30500/40000]  base_lr: 1.7029e-04 lr: 1.7029e-05  eta: 0:54:20  time: 0.3379  data_time: 0.0121  memory: 6224  loss: 0.5038  loss_final: 0.1711  loss_rgb: 0.1489  loss_coarse: 0.0516  loss_region_consistency: 0.0001  loss_boundary: 0.1252  loss_sdf: 0.0068  grad_norm: 2.0037
2026/09/22 19:24:10 - mmengine - INFO - Iter(train) [30550/40000]  base_lr: 1.6949e-04 lr: 1.6949e-05  eta: 0:54:03  time: 0.3376  data_time: 0.0121  memory: 6224  loss: 0.4676  loss_final: 0.1611  loss_rgb: 0.1254  loss_coarse: 0.0486  loss_region_consistency: 0.0001  loss_boundary: 0.1255  loss_sdf: 0.0068  grad_norm: 2.5732
2026/09/22 19:24:27 - mmengine - INFO - Iter(train) [30600/40000]  base_lr: 1.6868e-04 lr: 1.6868e-05  eta: 0:53:45  time: 0.3530  data_time: 0.0124  memory: 6224  loss: 0.4867  loss_final: 0.1432  loss_rgb: 0.1571  loss_coarse: 0.0431  loss_region_consistency: 0.0001  loss_boundary: 0.1363  loss_sdf: 0.0067  grad_norm: 2.3431
2026/09/22 19:24:44 - mmengine - INFO - Iter(train) [30650/40000]  base_lr: 1.6787e-04 lr: 1.6787e-05  eta: 0:53:28  time: 0.3483  data_time: 0.0119  memory: 6224  loss: 0.5918  loss_final: 0.2083  loss_rgb: 0.1632  loss_coarse: 0.0633  loss_region_consistency: 0.0001  loss_boundary: 0.1497  loss_sdf: 0.0072  grad_norm: 2.8380
2026/09/22 19:25:01 - mmengine - INFO - Iter(train) [30700/40000]  base_lr: 1.6706e-04 lr: 1.6706e-05  eta: 0:53:11  time: 0.3326  data_time: 0.0120  memory: 6224  loss: 0.4180  loss_final: 0.1570  loss_rgb: 0.1052  loss_coarse: 0.0405  loss_region_consistency: 0.0001  loss_boundary: 0.1046  loss_sdf: 0.0105  grad_norm: 2.3498
2026/09/22 19:25:18 - mmengine - INFO - Iter(train) [30750/40000]  base_lr: 1.6625e-04 lr: 1.6625e-05  eta: 0:52:54  time: 0.3280  data_time: 0.0114  memory: 6224  loss: 0.3080  loss_final: 0.0808  loss_rgb: 0.1051  loss_coarse: 0.0219  loss_region_consistency: 0.0001  loss_boundary: 0.0954  loss_sdf: 0.0047  grad_norm: 2.2682
2026/09/22 19:25:35 - mmengine - INFO - Iter(train) [30800/40000]  base_lr: 1.6545e-04 lr: 1.6545e-05  eta: 0:52:37  time: 0.3492  data_time: 0.0125  memory: 6224  loss: 0.4354  loss_final: 0.1145  loss_rgb: 0.1447  loss_coarse: 0.0342  loss_region_consistency: 0.0001  loss_boundary: 0.1357  loss_sdf: 0.0061  grad_norm: 2.2941
2026/09/22 19:25:52 - mmengine - INFO - Iter(train) [30850/40000]  base_lr: 1.6464e-04 lr: 1.6464e-05  eta: 0:52:19  time: 0.3423  data_time: 0.0125  memory: 6224  loss: 0.4503  loss_final: 0.1171  loss_rgb: 0.1559  loss_coarse: 0.0353  loss_region_consistency: 0.0001  loss_boundary: 0.1354  loss_sdf: 0.0064  grad_norm: 1.8764
2026/09/22 19:26:09 - mmengine - INFO - Iter(train) [30900/40000]  base_lr: 1.6383e-04 lr: 1.6383e-05  eta: 0:52:02  time: 0.3309  data_time: 0.0124  memory: 6224  loss: 0.2822  loss_final: 0.0700  loss_rgb: 0.0980  loss_coarse: 0.0212  loss_region_consistency: 0.0001  loss_boundary: 0.0899  loss_sdf: 0.0031  grad_norm: 1.6982
2026/09/22 19:26:27 - mmengine - INFO - Iter(train) [30950/40000]  base_lr: 1.6302e-04 lr: 1.6302e-05  eta: 0:51:45  time: 0.3424  data_time: 0.0124  memory: 6224  loss: 0.3901  loss_final: 0.0874  loss_rgb: 0.1366  loss_coarse: 0.0263  loss_region_consistency: 0.0001  loss_boundary: 0.1342  loss_sdf: 0.0055  grad_norm: 1.7579
2026/09/22 19:26:43 - mmengine - INFO - Exp name: rpgv_v2_stage1_rgb_20260922_144802
2026/09/22 19:26:43 - mmengine - INFO - Iter(train) [31000/40000]  base_lr: 1.6221e-04 lr: 1.6221e-05  eta: 0:51:28  time: 0.3404  data_time: 0.0116  memory: 6224  loss: 0.3562  loss_final: 0.0804  loss_rgb: 0.1276  loss_coarse: 0.0243  loss_region_consistency: 0.0001  loss_boundary: 0.1204  loss_sdf: 0.0035  grad_norm: 1.6070
2026/09/22 19:27:01 - mmengine - INFO - Iter(train) [31050/40000]  base_lr: 1.6139e-04 lr: 1.6139e-05  eta: 0:51:11  time: 0.3422  data_time: 0.0124  memory: 6224  loss: 0.4151  loss_final: 0.1018  loss_rgb: 0.1413  loss_coarse: 0.0313  loss_region_consistency: 0.0001  loss_boundary: 0.1357  loss_sdf: 0.0049  grad_norm: 1.5637
2026/09/22 19:27:17 - mmengine - INFO - Iter(train) [31100/40000]  base_lr: 1.6058e-04 lr: 1.6058e-05  eta: 0:50:53  time: 0.3368  data_time: 0.0123  memory: 6224  loss: 0.3153  loss_final: 0.0607  loss_rgb: 0.1161  loss_coarse: 0.0189  loss_region_consistency: 0.0001  loss_boundary: 0.1179  loss_sdf: 0.0015  grad_norm: 1.8825
2026/09/22 19:27:35 - mmengine - INFO - Iter(train) [31150/40000]  base_lr: 1.5977e-04 lr: 1.5977e-05  eta: 0:50:36  time: 0.3496  data_time: 0.0131  memory: 6224  loss: 0.4370  loss_final: 0.0953  loss_rgb: 0.1595  loss_coarse: 0.0290  loss_region_consistency: 0.0001  loss_boundary: 0.1492  loss_sdf: 0.0039  grad_norm: 3.1165
2026/09/22 19:27:52 - mmengine - INFO - Iter(train) [31200/40000]  base_lr: 1.5896e-04 lr: 1.5896e-05  eta: 0:50:19  time: 0.3470  data_time: 0.0122  memory: 6224  loss: 0.4333  loss_final: 0.1233  loss_rgb: 0.1454  loss_coarse: 0.0366  loss_region_consistency: 0.0001  loss_boundary: 0.1213  loss_sdf: 0.0066  grad_norm: 2.2722
2026/09/22 19:28:09 - mmengine - INFO - Iter(train) [31250/40000]  base_lr: 1.5814e-04 lr: 1.5814e-05  eta: 0:50:02  time: 0.3285  data_time: 0.0118  memory: 6224  loss: 0.3562  loss_final: 0.1220  loss_rgb: 0.1015  loss_coarse: 0.0363  loss_region_consistency: 0.0001  loss_boundary: 0.0910  loss_sdf: 0.0054  grad_norm: 2.0377
2026/09/22 19:28:26 - mmengine - INFO - Iter(train) [31300/40000]  base_lr: 1.5733e-04 lr: 1.5733e-05  eta: 0:49:45  time: 0.3395  data_time: 0.0128  memory: 6224  loss: 0.4749  loss_final: 0.1577  loss_rgb: 0.1432  loss_coarse: 0.0493  loss_region_consistency: 0.0001  loss_boundary: 0.1202  loss_sdf: 0.0043  grad_norm: 3.3019
2026/09/22 19:28:43 - mmengine - INFO - Iter(train) [31350/40000]  base_lr: 1.5652e-04 lr: 1.5652e-05  eta: 0:49:28  time: 0.3237  data_time: 0.0114  memory: 6224  loss: 0.2342  loss_final: 0.0562  loss_rgb: 0.0835  loss_coarse: 0.0161  loss_region_consistency: 0.0000  loss_boundary: 0.0756  loss_sdf: 0.0027  grad_norm: 3.2621
2026/09/22 19:29:00 - mmengine - INFO - Iter(train) [31400/40000]  base_lr: 1.5570e-04 lr: 1.5570e-05  eta: 0:49:11  time: 0.3438  data_time: 0.0131  memory: 6224  loss: 0.3453  loss_final: 0.0750  loss_rgb: 0.1237  loss_coarse: 0.0232  loss_region_consistency: 0.0001  loss_boundary: 0.1196  loss_sdf: 0.0038  grad_norm: 1.9536
2026/09/22 19:29:17 - mmengine - INFO - Iter(train) [31450/40000]  base_lr: 1.5489e-04 lr: 1.5489e-05  eta: 0:48:53  time: 0.3433  data_time: 0.0120  memory: 6224  loss: 0.4581  loss_final: 0.1151  loss_rgb: 0.1524  loss_coarse: 0.0343  loss_region_consistency: 0.0001  loss_boundary: 0.1502  loss_sdf: 0.0060  grad_norm: 1.5777
2026/09/22 19:29:35 - mmengine - INFO - Iter(train) [31500/40000]  base_lr: 1.5407e-04 lr: 1.5407e-05  eta: 0:48:36  time: 0.3455  data_time: 0.0119  memory: 6224  loss: 0.5272  loss_final: 0.1837  loss_rgb: 0.1438  loss_coarse: 0.0536  loss_region_consistency: 0.0001  loss_boundary: 0.1358  loss_sdf: 0.0102  grad_norm: 1.6390
2026/09/22 19:29:52 - mmengine - INFO - Iter(train) [31550/40000]  base_lr: 1.5326e-04 lr: 1.5326e-05  eta: 0:48:19  time: 0.3310  data_time: 0.0135  memory: 6224  loss: 0.2722  loss_final: 0.0615  loss_rgb: 0.0969  loss_coarse: 0.0191  loss_region_consistency: 0.0001  loss_boundary: 0.0906  loss_sdf: 0.0040  grad_norm: 1.5470
2026/09/22 19:30:09 - mmengine - INFO - Iter(train) [31600/40000]  base_lr: 1.5244e-04 lr: 1.5244e-05  eta: 0:48:02  time: 0.3456  data_time: 0.0119  memory: 6224  loss: 0.4301  loss_final: 0.1082  loss_rgb: 0.1480  loss_coarse: 0.0323  loss_region_consistency: 0.0001  loss_boundary: 0.1358  loss_sdf: 0.0056  grad_norm: 1.5418
2026/09/22 19:30:26 - mmengine - INFO - Iter(train) [31650/40000]  base_lr: 1.5162e-04 lr: 1.5162e-05  eta: 0:47:45  time: 0.3354  data_time: 0.0112  memory: 6224  loss: 0.3906  loss_final: 0.0865  loss_rgb: 0.1385  loss_coarse: 0.0259  loss_region_consistency: 0.0001  loss_boundary: 0.1347  loss_sdf: 0.0049  grad_norm: 2.4854
2026/09/22 19:30:43 - mmengine - INFO - Iter(train) [31700/40000]  base_lr: 1.5081e-04 lr: 1.5081e-05  eta: 0:47:28  time: 0.3468  data_time: 0.0117  memory: 6224  loss: 0.5329  loss_final: 0.1713  loss_rgb: 0.1538  loss_coarse: 0.0504  loss_region_consistency: 0.0001  loss_boundary: 0.1507  loss_sdf: 0.0066  grad_norm: 2.8269
2026/09/22 19:31:00 - mmengine - INFO - Iter(train) [31750/40000]  base_lr: 1.4999e-04 lr: 1.4999e-05  eta: 0:47:10  time: 0.3341  data_time: 0.0117  memory: 6224  loss: 0.3945  loss_final: 0.0956  loss_rgb: 0.1425  loss_coarse: 0.0280  loss_region_consistency: 0.0001  loss_boundary: 0.1244  loss_sdf: 0.0040  grad_norm: 2.5207
2026/09/22 19:31:17 - mmengine - INFO - Iter(train) [31800/40000]  base_lr: 1.4917e-04 lr: 1.4917e-05  eta: 0:46:53  time: 0.3506  data_time: 0.0130  memory: 6224  loss: 0.3464  loss_final: 0.0573  loss_rgb: 0.1442  loss_coarse: 0.0174  loss_region_consistency: 0.0001  loss_boundary: 0.1246  loss_sdf: 0.0028  grad_norm: 1.7866
2026/09/22 19:31:34 - mmengine - INFO - Iter(train) [31850/40000]  base_lr: 1.4835e-04 lr: 1.4835e-05  eta: 0:46:36  time: 0.3473  data_time: 0.0117  memory: 6224  loss: 0.5017  loss_final: 0.1356  loss_rgb: 0.1661  loss_coarse: 0.0408  loss_region_consistency: 0.0001  loss_boundary: 0.1516  loss_sdf: 0.0075  grad_norm: 1.9328
2026/09/22 19:31:51 - mmengine - INFO - Iter(train) [31900/40000]  base_lr: 1.4753e-04 lr: 1.4753e-05  eta: 0:46:19  time: 0.3360  data_time: 0.0119  memory: 6224  loss: 0.2763  loss_final: 0.0444  loss_rgb: 0.0975  loss_coarse: 0.0137  loss_region_consistency: 0.0001  loss_boundary: 0.1184  loss_sdf: 0.0023  grad_norm: 1.9245
2026/09/22 19:32:08 - mmengine - INFO - Iter(train) [31950/40000]  base_lr: 1.4671e-04 lr: 1.4671e-05  eta: 0:46:02  time: 0.3394  data_time: 0.0118  memory: 6224  loss: 0.4738  loss_final: 0.1464  loss_rgb: 0.1392  loss_coarse: 0.0438  loss_region_consistency: 0.0001  loss_boundary: 0.1355  loss_sdf: 0.0088  grad_norm: 2.6651
2026/09/22 19:32:26 - mmengine - INFO - Exp name: rpgv_v2_stage1_rgb_20260922_144802
2026/09/22 19:32:26 - mmengine - INFO - Iter(train) [32000/40000]  base_lr: 1.4589e-04 lr: 1.4589e-05  eta: 0:45:44  time: 0.3523  data_time: 0.0121  memory: 6224  loss: 0.4250  loss_final: 0.0952  loss_rgb: 0.1445  loss_coarse: 0.0289  loss_region_consistency: 0.0001  loss_boundary: 0.1507  loss_sdf: 0.0056  grad_norm: 1.7238
2026/09/22 19:32:26 - mmengine - INFO - Saving checkpoint at 32000 iterations
2026/09/22 19:33:12 - mmengine - INFO - Iter(val) [ 50/304]    eta: 0:03:49  time: 0.9034  data_time: 0.0130  memory: 1100  
2026/09/22 19:34:25 - mmengine - INFO - Iter(val) [100/304]    eta: 0:04:01  time: 1.3915  data_time: 0.0120  memory: 1100  
2026/09/22 19:35:33 - mmengine - INFO - Iter(val) [150/304]    eta: 0:03:10  time: 1.3067  data_time: 0.0121  memory: 1100  
2026/09/22 19:36:39 - mmengine - INFO - Iter(val) [200/304]    eta: 0:02:11  time: 1.3242  data_time: 0.0126  memory: 1100  
2026/09/22 19:37:45 - mmengine - INFO - Iter(val) [250/304]    eta: 0:01:08  time: 1.3274  data_time: 0.0135  memory: 1100  
2026/09/22 19:38:49 - mmengine - INFO - Iter(val) [300/304]    eta: 0:00:05  time: 1.2528  data_time: 0.0121  memory: 1100  
2026/09/22 19:38:54 - mmengine - INFO - per class results:
2026/09/22 19:38:54 - mmengine - INFO - 
+------------------+-------+-------+-------+--------+-----------+--------+
|      Class       |  IoU  |  Acc  |  Dice | Fscore | Precision | Recall |
+------------------+-------+-------+-------+--------+-----------+--------+
|    background    | 96.97 | 97.62 | 98.46 | 98.46  |   99.32   | 97.62  |
| wastewater_plant | 72.73 |  92.4 | 84.21 | 84.21  |   77.36   |  92.4  |
+------------------+-------+-------+-------+--------+-----------+--------+
2026/09/22 19:38:54 - mmengine - INFO - Iter(val) [304/304]    aAcc: 97.2000  mIoU: 84.8500  mAcc: 95.0100  mDice: 91.3400  mFscore: 91.3400  mPrecision: 88.3400  mRecall: 95.0100  binary/Foreground_IoU: 72.7274  binary/Dice: 84.2106  binary/F1: 84.2106  binary/Precision: 77.3572  binary/Recall: 92.3965  binary/Boundary_F1: 12.9142  binary/BFScore: 12.9142  binary/Boundary_Precision: 10.2128  binary/Boundary_Recall: 17.5588  binary/Hausdorff_px: 426.2270  binary/HD95_px: 318.0019  binary/Hausdorff_m: 213.1135  binary/HD95_m: 159.0010  data_time: 0.0132  time: 1.2732
2026/09/22 19:39:11 - mmengine - INFO - Iter(train) [32050/40000]  base_lr: 1.4507e-04 lr: 1.4507e-05  eta: 0:45:27  time: 0.3393  data_time: 0.0118  memory: 6224  loss: 0.3496  loss_final: 0.0837  loss_rgb: 0.1144  loss_coarse: 0.0254  loss_region_consistency: 0.0001  loss_boundary: 0.1205  loss_sdf: 0.0056  grad_norm: 1.3848
2026/09/22 19:39:28 - mmengine - INFO - Iter(train) [32100/40000]  base_lr: 1.4425e-04 lr: 1.4425e-05  eta: 0:45:10  time: 0.3288  data_time: 0.0132  memory: 6224  loss: 0.3184  loss_final: 0.0925  loss_rgb: 0.1047  loss_coarse: 0.0289  loss_region_consistency: 0.0000  loss_boundary: 0.0904  loss_sdf: 0.0018  grad_norm: 1.6520
2026/09/22 19:39:45 - mmengine - INFO - Iter(train) [32150/40000]  base_lr: 1.4343e-04 lr: 1.4343e-05  eta: 0:44:53  time: 0.3397  data_time: 0.0122  memory: 6224  loss: 0.4389  loss_final: 0.1088  loss_rgb: 0.1571  loss_coarse: 0.0318  loss_region_consistency: 0.0001  loss_boundary: 0.1358  loss_sdf: 0.0053  grad_norm: 2.0413
2026/09/22 19:40:02 - mmengine - INFO - Iter(train) [32200/40000]  base_lr: 1.4260e-04 lr: 1.4260e-05  eta: 0:44:36  time: 0.3464  data_time: 0.0128  memory: 6224  loss: 0.3423  loss_final: 0.0742  loss_rgb: 0.1226  loss_coarse: 0.0224  loss_region_consistency: 0.0001  loss_boundary: 0.1201  loss_sdf: 0.0029  grad_norm: 1.8466
2026/09/22 19:40:19 - mmengine - INFO - Iter(train) [32250/40000]  base_lr: 1.4178e-04 lr: 1.4178e-05  eta: 0:44:19  time: 0.3400  data_time: 0.0116  memory: 6224  loss: 0.4029  loss_final: 0.0930  loss_rgb: 0.1401  loss_coarse: 0.0280  loss_region_consistency: 0.0001  loss_boundary: 0.1355  loss_sdf: 0.0061  grad_norm: 1.9121
2026/09/22 19:40:36 - mmengine - INFO - Iter(train) [32300/40000]  base_lr: 1.4096e-04 lr: 1.4096e-05  eta: 0:44:01  time: 0.3430  data_time: 0.0118  memory: 6224  loss: 0.3596  loss_final: 0.0734  loss_rgb: 0.1243  loss_coarse: 0.0228  loss_region_consistency: 0.0001  loss_boundary: 0.1353  loss_sdf: 0.0037  grad_norm: 2.1501
2026/09/22 19:40:53 - mmengine - INFO - Iter(train) [32350/40000]  base_lr: 1.4013e-04 lr: 1.4013e-05  eta: 0:43:44  time: 0.3409  data_time: 0.0120  memory: 6224  loss: 0.3827  loss_final: 0.0802  loss_rgb: 0.1401  loss_coarse: 0.0243  loss_region_consistency: 0.0001  loss_boundary: 0.1348  loss_sdf: 0.0032  grad_norm: 1.3833
2026/09/22 19:41:10 - mmengine - INFO - Iter(train) [32400/40000]  base_lr: 1.3931e-04 lr: 1.3931e-05  eta: 0:43:27  time: 0.3505  data_time: 0.0128  memory: 6224  loss: 0.3798  loss_final: 0.0925  loss_rgb: 0.1349  loss_coarse: 0.0288  loss_region_consistency: 0.0001  loss_boundary: 0.1196  loss_sdf: 0.0039  grad_norm: 1.6236
2026/09/22 19:41:27 - mmengine - INFO - Iter(train) [32450/40000]  base_lr: 1.3848e-04 lr: 1.3848e-05  eta: 0:43:10  time: 0.3305  data_time: 0.0126  memory: 6224  loss: 0.3041  loss_final: 0.0847  loss_rgb: 0.0930  loss_coarse: 0.0258  loss_region_consistency: 0.0001  loss_boundary: 0.0955  loss_sdf: 0.0049  grad_norm: 2.0173
2026/09/22 19:41:44 - mmengine - INFO - Iter(train) [32500/40000]  base_lr: 1.3766e-04 lr: 1.3766e-05  eta: 0:42:53  time: 0.3378  data_time: 0.0119  memory: 6224  loss: 0.3910  loss_final: 0.1079  loss_rgb: 0.1245  loss_coarse: 0.0322  loss_region_consistency: 0.0001  loss_boundary: 0.1202  loss_sdf: 0.0061  grad_norm: 1.8976
2026/09/22 19:42:01 - mmengine - INFO - Iter(train) [32550/40000]  base_lr: 1.3683e-04 lr: 1.3683e-05  eta: 0:42:35  time: 0.3300  data_time: 0.0126  memory: 6224  loss: 0.2856  loss_final: 0.0727  loss_rgb: 0.0963  loss_coarse: 0.0217  loss_region_consistency: 0.0001  loss_boundary: 0.0907  loss_sdf: 0.0042  grad_norm: 1.9018
2026/09/22 19:42:18 - mmengine - INFO - Iter(train) [32600/40000]  base_lr: 1.3601e-04 lr: 1.3601e-05  eta: 0:42:18  time: 0.3429  data_time: 0.0121  memory: 6224  loss: 0.3776  loss_final: 0.0866  loss_rgb: 0.1357  loss_coarse: 0.0262  loss_region_consistency: 0.0001  loss_boundary: 0.1252  loss_sdf: 0.0039  grad_norm: 1.7511
2026/09/22 19:42:35 - mmengine - INFO - Iter(train) [32650/40000]  base_lr: 1.3518e-04 lr: 1.3518e-05  eta: 0:42:01  time: 0.3429  data_time: 0.0132  memory: 6224  loss: 0.3488  loss_final: 0.0677  loss_rgb: 0.1212  loss_coarse: 0.0214  loss_region_consistency: 0.0001  loss_boundary: 0.1350  loss_sdf: 0.0034  grad_norm: 2.1614
2026/09/22 19:42:52 - mmengine - INFO - Iter(train) [32700/40000]  base_lr: 1.3435e-04 lr: 1.3435e-05  eta: 0:41:44  time: 0.3344  data_time: 0.0115  memory: 6224  loss: 0.2823  loss_final: 0.0629  loss_rgb: 0.0915  loss_coarse: 0.0192  loss_region_consistency: 0.0001  loss_boundary: 0.1047  loss_sdf: 0.0039  grad_norm: 1.7538
2026/09/22 19:43:09 - mmengine - INFO - Iter(train) [32750/40000]  base_lr: 1.3352e-04 lr: 1.3352e-05  eta: 0:41:27  time: 0.3407  data_time: 0.0121  memory: 6224  loss: 0.3886  loss_final: 0.0959  loss_rgb: 0.1329  loss_coarse: 0.0291  loss_region_consistency: 0.0001  loss_boundary: 0.1258  loss_sdf: 0.0048  grad_norm: 1.7593
2026/09/22 19:43:27 - mmengine - INFO - Iter(train) [32800/40000]  base_lr: 1.3269e-04 lr: 1.3269e-05  eta: 0:41:09  time: 0.3518  data_time: 0.0118  memory: 6224  loss: 0.4424  loss_final: 0.1206  loss_rgb: 0.1422  loss_coarse: 0.0360  loss_region_consistency: 0.0001  loss_boundary: 0.1357  loss_sdf: 0.0078  grad_norm: 2.4808
2026/09/22 19:43:44 - mmengine - INFO - Iter(train) [32850/40000]  base_lr: 1.3186e-04 lr: 1.3186e-05  eta: 0:40:52  time: 0.3382  data_time: 0.0113  memory: 6224  loss: 0.4662  loss_final: 0.1353  loss_rgb: 0.1463  loss_coarse: 0.0407  loss_region_consistency: 0.0001  loss_boundary: 0.1367  loss_sdf: 0.0070  grad_norm: 2.3270
2026/09/22 19:44:01 - mmengine - INFO - Iter(train) [32900/40000]  base_lr: 1.3103e-04 lr: 1.3103e-05  eta: 0:40:35  time: 0.3337  data_time: 0.0119  memory: 6224  loss: 0.3220  loss_final: 0.0686  loss_rgb: 0.1230  loss_coarse: 0.0211  loss_region_consistency: 0.0001  loss_boundary: 0.1060  loss_sdf: 0.0032  grad_norm: 1.9607
2026/09/22 19:44:18 - mmengine - INFO - Iter(train) [32950/40000]  base_lr: 1.3020e-04 lr: 1.3020e-05  eta: 0:40:18  time: 0.3456  data_time: 0.0117  memory: 6224  loss: 0.4687  loss_final: 0.1194  loss_rgb: 0.1561  loss_coarse: 0.0361  loss_region_consistency: 0.0001  loss_boundary: 0.1499  loss_sdf: 0.0071  grad_norm: 1.5548
2026/09/22 19:44:35 - mmengine - INFO - Exp name: rpgv_v2_stage1_rgb_20260922_144802
2026/09/22 19:44:35 - mmengine - INFO - Iter(train) [33000/40000]  base_lr: 1.2937e-04 lr: 1.2937e-05  eta: 0:40:01  time: 0.3488  data_time: 0.0133  memory: 6224  loss: 0.5521  loss_final: 0.1853  loss_rgb: 0.1679  loss_coarse: 0.0569  loss_region_consistency: 0.0001  loss_boundary: 0.1349  loss_sdf: 0.0070  grad_norm: 2.0536
2026/09/22 19:44:52 - mmengine - INFO - Iter(train) [33050/40000]  base_lr: 1.2854e-04 lr: 1.2854e-05  eta: 0:39:44  time: 0.3379  data_time: 0.0131  memory: 6224  loss: 0.3938  loss_final: 0.0943  loss_rgb: 0.1455  loss_coarse: 0.0294  loss_region_consistency: 0.0001  loss_boundary: 0.1198  loss_sdf: 0.0047  grad_norm: 2.2686
2026/09/22 19:45:09 - mmengine - INFO - Iter(train) [33100/40000]  base_lr: 1.2771e-04 lr: 1.2771e-05  eta: 0:39:26  time: 0.3446  data_time: 0.0122  memory: 6224  loss: 0.3812  loss_final: 0.0771  loss_rgb: 0.1413  loss_coarse: 0.0236  loss_region_consistency: 0.0001  loss_boundary: 0.1350  loss_sdf: 0.0042  grad_norm: 1.8829
2026/09/22 19:45:26 - mmengine - INFO - Iter(train) [33150/40000]  base_lr: 1.2687e-04 lr: 1.2687e-05  eta: 0:39:09  time: 0.3293  data_time: 0.0123  memory: 6224  loss: 0.2497  loss_final: 0.0487  loss_rgb: 0.0939  loss_coarse: 0.0148  loss_region_consistency: 0.0001  loss_boundary: 0.0897  loss_sdf: 0.0026  grad_norm: 1.6187
2026/09/22 19:45:43 - mmengine - INFO - Iter(train) [33200/40000]  base_lr: 1.2604e-04 lr: 1.2604e-05  eta: 0:38:52  time: 0.3539  data_time: 0.0125  memory: 6224  loss: 0.4590  loss_final: 0.1127  loss_rgb: 0.1569  loss_coarse: 0.0339  loss_region_consistency: 0.0001  loss_boundary: 0.1496  loss_sdf: 0.0057  grad_norm: 1.8425
2026/09/22 19:46:00 - mmengine - INFO - Iter(train) [33250/40000]  base_lr: 1.2520e-04 lr: 1.2520e-05  eta: 0:38:35  time: 0.3453  data_time: 0.0128  memory: 6224  loss: 0.3793  loss_final: 0.0772  loss_rgb: 0.1359  loss_coarse: 0.0243  loss_region_consistency: 0.0001  loss_boundary: 0.1360  loss_sdf: 0.0057  grad_norm: 1.9305
2026/09/22 19:46:17 - mmengine - INFO - Iter(train) [33300/40000]  base_lr: 1.2437e-04 lr: 1.2437e-05  eta: 0:38:18  time: 0.3343  data_time: 0.0117  memory: 6224  loss: 0.3239  loss_final: 0.0610  loss_rgb: 0.1226  loss_coarse: 0.0183  loss_region_consistency: 0.0001  loss_boundary: 0.1194  loss_sdf: 0.0025  grad_norm: 2.0818
2026/09/22 19:46:34 - mmengine - INFO - Iter(train) [33350/40000]  base_lr: 1.2353e-04 lr: 1.2353e-05  eta: 0:38:01  time: 0.3376  data_time: 0.0119  memory: 6224  loss: 0.4544  loss_final: 0.1483  loss_rgb: 0.1350  loss_coarse: 0.0447  loss_region_consistency: 0.0001  loss_boundary: 0.1212  loss_sdf: 0.0053  grad_norm: 1.6351
2026/09/22 19:46:51 - mmengine - INFO - Iter(train) [33400/40000]  base_lr: 1.2270e-04 lr: 1.2270e-05  eta: 0:37:43  time: 0.3509  data_time: 0.0118  memory: 6224  loss: 0.5389  loss_final: 0.1718  loss_rgb: 0.1588  loss_coarse: 0.0512  loss_region_consistency: 0.0001  loss_boundary: 0.1503  loss_sdf: 0.0066  grad_norm: 1.8901
2026/09/22 19:47:09 - mmengine - INFO - Iter(train) [33450/40000]  base_lr: 1.2186e-04 lr: 1.2186e-05  eta: 0:37:26  time: 0.3403  data_time: 0.0118  memory: 6224  loss: 0.3773  loss_final: 0.0667  loss_rgb: 0.1510  loss_coarse: 0.0209  loss_region_consistency: 0.0001  loss_boundary: 0.1350  loss_sdf: 0.0036  grad_norm: 2.0513
2026/09/22 19:47:26 - mmengine - INFO - Iter(train) [33500/40000]  base_lr: 1.2102e-04 lr: 1.2102e-05  eta: 0:37:09  time: 0.3476  data_time: 0.0121  memory: 6224  loss: 0.4545  loss_final: 0.1111  loss_rgb: 0.1546  loss_coarse: 0.0335  loss_region_consistency: 0.0001  loss_boundary: 0.1494  loss_sdf: 0.0058  grad_norm: 2.2031
2026/09/22 19:47:43 - mmengine - INFO - Iter(train) [33550/40000]  base_lr: 1.2019e-04 lr: 1.2019e-05  eta: 0:36:52  time: 0.3319  data_time: 0.0116  memory: 6224  loss: 0.3104  loss_final: 0.0647  loss_rgb: 0.1165  loss_coarse: 0.0194  loss_region_consistency: 0.0001  loss_boundary: 0.1058  loss_sdf: 0.0039  grad_norm: 2.4040
2026/09/22 19:48:00 - mmengine - INFO - Iter(train) [33600/40000]  base_lr: 1.1935e-04 lr: 1.1935e-05  eta: 0:36:35  time: 0.3437  data_time: 0.0117  memory: 6224  loss: 0.4039  loss_final: 0.1152  loss_rgb: 0.1283  loss_coarse: 0.0332  loss_region_consistency: 0.0001  loss_boundary: 0.1206  loss_sdf: 0.0065  grad_norm: 1.8372
2026/09/22 19:48:17 - mmengine - INFO - Iter(train) [33650/40000]  base_lr: 1.1851e-04 lr: 1.1851e-05  eta: 0:36:18  time: 0.3340  data_time: 0.0123  memory: 6224  loss: 0.3139  loss_final: 0.0750  loss_rgb: 0.1063  loss_coarse: 0.0228  loss_region_consistency: 0.0001  loss_boundary: 0.1055  loss_sdf: 0.0041  grad_norm: 2.1045
2026/09/22 19:48:34 - mmengine - INFO - Iter(train) [33700/40000]  base_lr: 1.1767e-04 lr: 1.1767e-05  eta: 0:36:00  time: 0.3413  data_time: 0.0128  memory: 6224  loss: 0.3920  loss_final: 0.0955  loss_rgb: 0.1293  loss_coarse: 0.0283  loss_region_consistency: 0.0001  loss_boundary: 0.1341  loss_sdf: 0.0048  grad_norm: 1.4735
2026/09/22 19:48:51 - mmengine - INFO - Iter(train) [33750/40000]  base_lr: 1.1683e-04 lr: 1.1683e-05  eta: 0:35:43  time: 0.3370  data_time: 0.0116  memory: 6224  loss: 0.3396  loss_final: 0.0726  loss_rgb: 0.1211  loss_coarse: 0.0217  loss_region_consistency: 0.0001  loss_boundary: 0.1199  loss_sdf: 0.0043  grad_norm: 1.3308
2026/09/22 19:49:08 - mmengine - INFO - Iter(train) [33800/40000]  base_lr: 1.1598e-04 lr: 1.1598e-05  eta: 0:35:26  time: 0.3533  data_time: 0.0126  memory: 6224  loss: 0.3803  loss_final: 0.0900  loss_rgb: 0.1236  loss_coarse: 0.0274  loss_region_consistency: 0.0001  loss_boundary: 0.1347  loss_sdf: 0.0046  grad_norm: 1.4642
2026/09/22 19:49:25 - mmengine - INFO - Iter(train) [33850/40000]  base_lr: 1.1514e-04 lr: 1.1514e-05  eta: 0:35:09  time: 0.3432  data_time: 0.0120  memory: 6224  loss: 0.4017  loss_final: 0.0839  loss_rgb: 0.1506  loss_coarse: 0.0262  loss_region_consistency: 0.0001  loss_boundary: 0.1364  loss_sdf: 0.0046  grad_norm: 1.9583
2026/09/22 19:49:42 - mmengine - INFO - Iter(train) [33900/40000]  base_lr: 1.1430e-04 lr: 1.1430e-05  eta: 0:34:52  time: 0.3348  data_time: 0.0119  memory: 6224  loss: 0.3467  loss_final: 0.0762  loss_rgb: 0.1213  loss_coarse: 0.0232  loss_region_consistency: 0.0001  loss_boundary: 0.1208  loss_sdf: 0.0051  grad_norm: 1.9782
2026/09/22 19:49:59 - mmengine - INFO - Iter(train) [33950/40000]  base_lr: 1.1346e-04 lr: 1.1346e-05  eta: 0:34:35  time: 0.3308  data_time: 0.0118  memory: 6224  loss: 0.3245  loss_final: 0.1051  loss_rgb: 0.0928  loss_coarse: 0.0315  loss_region_consistency: 0.0001  loss_boundary: 0.0901  loss_sdf: 0.0050  grad_norm: 1.6592
2026/09/22 19:50:16 - mmengine - INFO - Exp name: rpgv_v2_stage1_rgb_20260922_144802
2026/09/22 19:50:16 - mmengine - INFO - Iter(train) [34000/40000]  base_lr: 1.1261e-04 lr: 1.1261e-05  eta: 0:34:17  time: 0.3436  data_time: 0.0126  memory: 6224  loss: 0.3420  loss_final: 0.0745  loss_rgb: 0.1211  loss_coarse: 0.0234  loss_region_consistency: 0.0001  loss_boundary: 0.1194  loss_sdf: 0.0035  grad_norm: 2.0084
2026/09/22 19:50:16 - mmengine - INFO - Saving checkpoint at 34000 iterations
2026/09/22 19:51:03 - mmengine - INFO - Iter(val) [ 50/304]    eta: 0:03:49  time: 0.9023  data_time: 0.0117  memory: 1100  
2026/09/22 19:52:12 - mmengine - INFO - Iter(val) [100/304]    eta: 0:03:53  time: 1.3473  data_time: 0.0122  memory: 1100  
2026/09/22 19:53:17 - mmengine - INFO - Iter(val) [150/304]    eta: 0:03:04  time: 1.2919  data_time: 0.0125  memory: 1100  
2026/09/22 19:54:21 - mmengine - INFO - Iter(val) [200/304]    eta: 0:02:06  time: 1.2632  data_time: 0.0125  memory: 1100  
2026/09/22 19:55:24 - mmengine - INFO - Iter(val) [250/304]    eta: 0:01:06  time: 1.2762  data_time: 0.0119  memory: 1100  
2026/09/22 19:56:26 - mmengine - INFO - Iter(val) [300/304]    eta: 0:00:04  time: 1.2333  data_time: 0.0125  memory: 1100  
2026/09/22 19:56:31 - mmengine - INFO - per class results:
2026/09/22 19:56:31 - mmengine - INFO - 
+------------------+-------+-------+-------+--------+-----------+--------+
|      Class       |  IoU  |  Acc  |  Dice | Fscore | Precision | Recall |
+------------------+-------+-------+-------+--------+-----------+--------+
|    background    | 97.19 | 97.91 | 98.58 | 98.58  |   99.25   | 97.91  |
| wastewater_plant | 74.06 | 91.64 |  85.1 |  85.1  |   79.42   | 91.64  |
+------------------+-------+-------+-------+--------+-----------+--------+
2026/09/22 19:56:31 - mmengine - INFO - Iter(val) [304/304]    aAcc: 97.4000  mIoU: 85.6300  mAcc: 94.7700  mDice: 91.8400  mFscore: 91.8400  mPrecision: 89.3400  mRecall: 94.7700  binary/Foreground_IoU: 74.0569  binary/Dice: 85.0951  binary/F1: 85.0951  binary/Precision: 79.4221  binary/Recall: 91.6409  binary/Boundary_F1: 13.9469  binary/BFScore: 13.9469  binary/Boundary_Precision: 11.1538  binary/Boundary_Recall: 18.6063  binary/Hausdorff_px: 463.7972  binary/HD95_px: 326.5285  binary/Hausdorff_m: 231.8986  binary/HD95_m: 163.2643  data_time: 0.0129  time: 1.2307
2026/09/22 19:56:31 - mmengine - INFO - The previous best checkpoint /workspace/work_dirs/rpgv_v2_staged/stage1_rgb/best_binary_Foreground_IoU_iter_24000.pth is removed
2026/09/22 19:56:33 - mmengine - INFO - The best checkpoint with 74.0569 binary/Foreground_IoU at 34000 iter is saved to best_binary_Foreground_IoU_iter_34000.pth.
2026/09/22 19:56:52 - mmengine - INFO - Iter(train) [34050/40000]  base_lr: 1.1177e-04 lr: 1.1177e-05  eta: 0:34:01  time: 0.3417  data_time: 0.0125  memory: 6224  loss: 0.4238  loss_final: 0.1033  loss_rgb: 0.1501  loss_coarse: 0.0311  loss_region_consistency: 0.0001  loss_boundary: 0.1346  loss_sdf: 0.0046  grad_norm: 1.8594
2026/09/22 19:57:09 - mmengine - INFO - Iter(train) [34100/40000]  base_lr: 1.1092e-04 lr: 1.1092e-05  eta: 0:33:44  time: 0.3373  data_time: 0.0122  memory: 6224  loss: 0.3527  loss_final: 0.0819  loss_rgb: 0.1134  loss_coarse: 0.0256  loss_region_consistency: 0.0001  loss_boundary: 0.1261  loss_sdf: 0.0057  grad_norm: 2.3577
2026/09/22 19:57:26 - mmengine - INFO - Iter(train) [34150/40000]  base_lr: 1.1007e-04 lr: 1.1007e-05  eta: 0:33:26  time: 0.3263  data_time: 0.0126  memory: 6224  loss: 0.3166  loss_final: 0.1190  loss_rgb: 0.0922  loss_coarse: 0.0369  loss_region_consistency: 0.0001  loss_boundary: 0.0652  loss_sdf: 0.0031  grad_norm: 3.3879
2026/09/22 19:57:43 - mmengine - INFO - Iter(train) [34200/40000]  base_lr: 1.0923e-04 lr: 1.0923e-05  eta: 0:33:09  time: 0.3471  data_time: 0.0118  memory: 6224  loss: 0.4081  loss_final: 0.0813  loss_rgb: 0.1588  loss_coarse: 0.0247  loss_region_consistency: 0.0001  loss_boundary: 0.1378  loss_sdf: 0.0053  grad_norm: 2.1733
2026/09/22 19:58:00 - mmengine - INFO - Iter(train) [34250/40000]  base_lr: 1.0838e-04 lr: 1.0838e-05  eta: 0:32:52  time: 0.3390  data_time: 0.0119  memory: 6224  loss: 0.4457  loss_final: 0.1253  loss_rgb: 0.1443  loss_coarse: 0.0372  loss_region_consistency: 0.0001  loss_boundary: 0.1341  loss_sdf: 0.0047  grad_norm: 1.9776
2026/09/22 19:58:17 - mmengine - INFO - Iter(train) [34300/40000]  base_lr: 1.0753e-04 lr: 1.0753e-05  eta: 0:32:35  time: 0.3472  data_time: 0.0129  memory: 6224  loss: 0.5348  loss_final: 0.1602  loss_rgb: 0.1700  loss_coarse: 0.0483  loss_region_consistency: 0.0001  loss_boundary: 0.1503  loss_sdf: 0.0060  grad_norm: 2.2022
2026/09/22 19:58:35 - mmengine - INFO - Iter(train) [34350/40000]  base_lr: 1.0668e-04 lr: 1.0668e-05  eta: 0:32:18  time: 0.3337  data_time: 0.0124  memory: 6224  loss: 0.3546  loss_final: 0.0920  loss_rgb: 0.1142  loss_coarse: 0.0279  loss_region_consistency: 0.0001  loss_boundary: 0.1153  loss_sdf: 0.0051  grad_norm: 2.0019
2026/09/22 19:58:52 - mmengine - INFO - Iter(train) [34400/40000]  base_lr: 1.0583e-04 lr: 1.0583e-05  eta: 0:32:01  time: 0.3431  data_time: 0.0124  memory: 6224  loss: 0.3538  loss_final: 0.0895  loss_rgb: 0.1138  loss_coarse: 0.0271  loss_region_consistency: 0.0001  loss_boundary: 0.1191  loss_sdf: 0.0042  grad_norm: 2.2386
2026/09/22 19:59:09 - mmengine - INFO - Iter(train) [34450/40000]  base_lr: 1.0498e-04 lr: 1.0498e-05  eta: 0:31:44  time: 0.3422  data_time: 0.0117  memory: 6224  loss: 0.5181  loss_final: 0.1737  loss_rgb: 0.1477  loss_coarse: 0.0507  loss_region_consistency: 0.0001  loss_boundary: 0.1358  loss_sdf: 0.0101  grad_norm: 2.3617
2026/09/22 19:59:26 - mmengine - INFO - Iter(train) [34500/40000]  base_lr: 1.0413e-04 lr: 1.0413e-05  eta: 0:31:26  time: 0.3434  data_time: 0.0118  memory: 6224  loss: 0.4990  loss_final: 0.1454  loss_rgb: 0.1499  loss_coarse: 0.0438  loss_region_consistency: 0.0001  loss_boundary: 0.1507  loss_sdf: 0.0090  grad_norm: 2.1458
2026/09/22 19:59:43 - mmengine - INFO - Iter(train) [34550/40000]  base_lr: 1.0328e-04 lr: 1.0328e-05  eta: 0:31:09  time: 0.3349  data_time: 0.0122  memory: 6224  loss: 0.4385  loss_final: 0.1496  loss_rgb: 0.1184  loss_coarse: 0.0441  loss_region_consistency: 0.0001  loss_boundary: 0.1205  loss_sdf: 0.0059  grad_norm: 1.9166
2026/09/22 20:00:00 - mmengine - INFO - Iter(train) [34600/40000]  base_lr: 1.0242e-04 lr: 1.0242e-05  eta: 0:30:52  time: 0.3444  data_time: 0.0133  memory: 6224  loss: 0.3438  loss_final: 0.0818  loss_rgb: 0.1235  loss_coarse: 0.0255  loss_region_consistency: 0.0001  loss_boundary: 0.1069  loss_sdf: 0.0060  grad_norm: 1.4540
2026/09/22 20:00:17 - mmengine - INFO - Iter(train) [34650/40000]  base_lr: 1.0157e-04 lr: 1.0157e-05  eta: 0:30:35  time: 0.3316  data_time: 0.0118  memory: 6224  loss: 0.3222  loss_final: 0.0876  loss_rgb: 0.0989  loss_coarse: 0.0255  loss_region_consistency: 0.0001  loss_boundary: 0.1053  loss_sdf: 0.0049  grad_norm: 1.6597
2026/09/22 20:00:34 - mmengine - INFO - Iter(train) [34700/40000]  base_lr: 1.0072e-04 lr: 1.0072e-05  eta: 0:30:18  time: 0.3434  data_time: 0.0126  memory: 6224  loss: 0.4786  loss_final: 0.1416  loss_rgb: 0.1533  loss_coarse: 0.0427  loss_region_consistency: 0.0001  loss_boundary: 0.1357  loss_sdf: 0.0052  grad_norm: 1.6705
2026/09/22 20:00:51 - mmengine - INFO - Iter(train) [34750/40000]  base_lr: 9.9860e-05 lr: 9.9860e-06  eta: 0:30:00  time: 0.3354  data_time: 0.0118  memory: 6224  loss: 0.3116  loss_final: 0.0753  loss_rgb: 0.1039  loss_coarse: 0.0233  loss_region_consistency: 0.0001  loss_boundary: 0.1053  loss_sdf: 0.0037  grad_norm: 2.5152
2026/09/22 20:01:08 - mmengine - INFO - Iter(train) [34800/40000]  base_lr: 9.9003e-05 lr: 9.9003e-06  eta: 0:29:43  time: 0.3487  data_time: 0.0116  memory: 6224  loss: 0.5023  loss_final: 0.1455  loss_rgb: 0.1696  loss_coarse: 0.0436  loss_region_consistency: 0.0001  loss_boundary: 0.1364  loss_sdf: 0.0071  grad_norm: 2.8636
2026/09/22 20:01:25 - mmengine - INFO - Iter(train) [34850/40000]  base_lr: 9.8146e-05 lr: 9.8146e-06  eta: 0:29:26  time: 0.3504  data_time: 0.0123  memory: 6224  loss: 0.2808  loss_final: 0.0584  loss_rgb: 0.0959  loss_coarse: 0.0178  loss_region_consistency: 0.0001  loss_boundary: 0.1053  loss_sdf: 0.0032  grad_norm: 1.6243
2026/09/22 20:01:42 - mmengine - INFO - Iter(train) [34900/40000]  base_lr: 9.7288e-05 lr: 9.7288e-06  eta: 0:29:09  time: 0.3321  data_time: 0.0122  memory: 6224  loss: 0.2309  loss_final: 0.0392  loss_rgb: 0.0829  loss_coarse: 0.0120  loss_region_consistency: 0.0001  loss_boundary: 0.0947  loss_sdf: 0.0019  grad_norm: 1.7488
2026/09/22 20:01:59 - mmengine - INFO - Iter(train) [34950/40000]  base_lr: 9.6429e-05 lr: 9.6429e-06  eta: 0:28:52  time: 0.3392  data_time: 0.0118  memory: 6224  loss: 0.4057  loss_final: 0.1055  loss_rgb: 0.1404  loss_coarse: 0.0332  loss_region_consistency: 0.0001  loss_boundary: 0.1210  loss_sdf: 0.0055  grad_norm: 2.3479
2026/09/22 20:02:16 - mmengine - INFO - Exp name: rpgv_v2_stage1_rgb_20260922_144802
2026/09/22 20:02:16 - mmengine - INFO - Iter(train) [35000/40000]  base_lr: 9.5570e-05 lr: 9.5570e-06  eta: 0:28:35  time: 0.3520  data_time: 0.0116  memory: 6224  loss: 0.4610  loss_final: 0.1170  loss_rgb: 0.1523  loss_coarse: 0.0346  loss_region_consistency: 0.0001  loss_boundary: 0.1495  loss_sdf: 0.0075  grad_norm: 3.2754
2026/09/22 20:02:34 - mmengine - INFO - Iter(train) [35050/40000]  base_lr: 9.4709e-05 lr: 9.4709e-06  eta: 0:28:18  time: 0.3377  data_time: 0.0115  memory: 6224  loss: 0.4797  loss_final: 0.1422  loss_rgb: 0.1521  loss_coarse: 0.0428  loss_region_consistency: 0.0001  loss_boundary: 0.1361  loss_sdf: 0.0065  grad_norm: 3.0228
2026/09/22 20:02:51 - mmengine - INFO - Iter(train) [35100/40000]  base_lr: 9.3848e-05 lr: 9.3848e-06  eta: 0:28:00  time: 0.3406  data_time: 0.0128  memory: 6224  loss: 0.3732  loss_final: 0.0950  loss_rgb: 0.1230  loss_coarse: 0.0277  loss_region_consistency: 0.0001  loss_boundary: 0.1210  loss_sdf: 0.0064  grad_norm: 2.4643
2026/09/22 20:03:08 - mmengine - INFO - Iter(train) [35150/40000]  base_lr: 9.2985e-05 lr: 9.2985e-06  eta: 0:27:43  time: 0.3439  data_time: 0.0130  memory: 6224  loss: 0.4039  loss_final: 0.1102  loss_rgb: 0.1341  loss_coarse: 0.0336  loss_region_consistency: 0.0001  loss_boundary: 0.1196  loss_sdf: 0.0063  grad_norm: 1.8654
2026/09/22 20:03:25 - mmengine - INFO - Iter(train) [35200/40000]  base_lr: 9.2122e-05 lr: 9.2122e-06  eta: 0:27:26  time: 0.3384  data_time: 0.0124  memory: 6224  loss: 0.3083  loss_final: 0.0976  loss_rgb: 0.0860  loss_coarse: 0.0283  loss_region_consistency: 0.0001  loss_boundary: 0.0905  loss_sdf: 0.0057  grad_norm: 1.7943
2026/09/22 20:03:42 - mmengine - INFO - Iter(train) [35250/40000]  base_lr: 9.1258e-05 lr: 9.1258e-06  eta: 0:27:09  time: 0.3260  data_time: 0.0118  memory: 6224  loss: 0.1845  loss_final: 0.0382  loss_rgb: 0.0569  loss_coarse: 0.0115  loss_region_consistency: 0.0000  loss_boundary: 0.0753  loss_sdf: 0.0025  grad_norm: 1.5449
2026/09/22 20:03:59 - mmengine - INFO - Iter(train) [35300/40000]  base_lr: 9.0393e-05 lr: 9.0393e-06  eta: 0:26:52  time: 0.3259  data_time: 0.0123  memory: 6224  loss: 0.2351  loss_final: 0.0532  loss_rgb: 0.0871  loss_coarse: 0.0164  loss_region_consistency: 0.0001  loss_boundary: 0.0752  loss_sdf: 0.0031  grad_norm: 1.5703
2026/09/22 20:04:16 - mmengine - INFO - Iter(train) [35350/40000]  base_lr: 8.9527e-05 lr: 8.9527e-06  eta: 0:26:35  time: 0.3368  data_time: 0.0131  memory: 6224  loss: 0.5528  loss_final: 0.2191  loss_rgb: 0.1488  loss_coarse: 0.0657  loss_region_consistency: 0.0001  loss_boundary: 0.1115  loss_sdf: 0.0076  grad_norm: 1.9527
2026/09/22 20:04:33 - mmengine - INFO - Iter(train) [35400/40000]  base_lr: 8.8660e-05 lr: 8.8660e-06  eta: 0:26:17  time: 0.3507  data_time: 0.0119  memory: 6224  loss: 0.3870  loss_final: 0.0816  loss_rgb: 0.1413  loss_coarse: 0.0245  loss_region_consistency: 0.0001  loss_boundary: 0.1351  loss_sdf: 0.0044  grad_norm: 2.1993
2026/09/22 20:04:50 - mmengine - INFO - Iter(train) [35450/40000]  base_lr: 8.7792e-05 lr: 8.7792e-06  eta: 0:26:00  time: 0.3333  data_time: 0.0121  memory: 6224  loss: 0.3473  loss_final: 0.0964  loss_rgb: 0.1131  loss_coarse: 0.0282  loss_region_consistency: 0.0001  loss_boundary: 0.1043  loss_sdf: 0.0051  grad_norm: 2.1357
2026/09/22 20:05:07 - mmengine - INFO - Iter(train) [35500/40000]  base_lr: 8.6924e-05 lr: 8.6924e-06  eta: 0:25:43  time: 0.3321  data_time: 0.0130  memory: 6224  loss: 0.2576  loss_final: 0.0558  loss_rgb: 0.0920  loss_coarse: 0.0167  loss_region_consistency: 0.0001  loss_boundary: 0.0902  loss_sdf: 0.0028  grad_norm: 1.7650
2026/09/22 20:05:25 - mmengine - INFO - Iter(train) [35550/40000]  base_lr: 8.6054e-05 lr: 8.6054e-06  eta: 0:25:26  time: 0.3385  data_time: 0.0125  memory: 6224  loss: 0.3685  loss_final: 0.0981  loss_rgb: 0.1153  loss_coarse: 0.0301  loss_region_consistency: 0.0001  loss_boundary: 0.1200  loss_sdf: 0.0049  grad_norm: 1.9947
2026/09/22 20:05:42 - mmengine - INFO - Iter(train) [35600/40000]  base_lr: 8.5183e-05 lr: 8.5183e-06  eta: 0:25:09  time: 0.3537  data_time: 0.0118  memory: 6224  loss: 0.4396  loss_final: 0.0849  loss_rgb: 0.1714  loss_coarse: 0.0274  loss_region_consistency: 0.0001  loss_boundary: 0.1503  loss_sdf: 0.0057  grad_norm: 2.2855
2026/09/22 20:05:59 - mmengine - INFO - Iter(train) [35650/40000]  base_lr: 8.4312e-05 lr: 8.4312e-06  eta: 0:24:52  time: 0.3476  data_time: 0.0124  memory: 6224  loss: 0.5236  loss_final: 0.1587  loss_rgb: 0.1586  loss_coarse: 0.0476  loss_region_consistency: 0.0001  loss_boundary: 0.1503  loss_sdf: 0.0083  grad_norm: 1.9406
2026/09/22 20:06:16 - mmengine - INFO - Iter(train) [35700/40000]  base_lr: 8.3439e-05 lr: 8.3439e-06  eta: 0:24:35  time: 0.3477  data_time: 0.0132  memory: 6224  loss: 0.3986  loss_final: 0.0896  loss_rgb: 0.1391  loss_coarse: 0.0281  loss_region_consistency: 0.0001  loss_boundary: 0.1359  loss_sdf: 0.0058  grad_norm: 1.7910
2026/09/22 20:06:33 - mmengine - INFO - Iter(train) [35750/40000]  base_lr: 8.2565e-05 lr: 8.2565e-06  eta: 0:24:17  time: 0.3330  data_time: 0.0117  memory: 6224  loss: 0.3905  loss_final: 0.1059  loss_rgb: 0.1254  loss_coarse: 0.0329  loss_region_consistency: 0.0001  loss_boundary: 0.1200  loss_sdf: 0.0062  grad_norm: 1.6963
2026/09/22 20:06:50 - mmengine - INFO - Iter(train) [35800/40000]  base_lr: 8.1690e-05 lr: 8.1690e-06  eta: 0:24:00  time: 0.3449  data_time: 0.0116  memory: 6224  loss: 0.5109  loss_final: 0.1613  loss_rgb: 0.1552  loss_coarse: 0.0489  loss_region_consistency: 0.0001  loss_boundary: 0.1358  loss_sdf: 0.0096  grad_norm: 1.7864
2026/09/22 20:07:07 - mmengine - INFO - Iter(train) [35850/40000]  base_lr: 8.0815e-05 lr: 8.0815e-06  eta: 0:23:43  time: 0.3395  data_time: 0.0122  memory: 6224  loss: 0.3492  loss_final: 0.0679  loss_rgb: 0.1373  loss_coarse: 0.0206  loss_region_consistency: 0.0001  loss_boundary: 0.1192  loss_sdf: 0.0041  grad_norm: 1.9152
2026/09/22 20:07:24 - mmengine - INFO - Iter(train) [35900/40000]  base_lr: 7.9938e-05 lr: 7.9938e-06  eta: 0:23:26  time: 0.3334  data_time: 0.0123  memory: 6224  loss: 0.2801  loss_final: 0.0484  loss_rgb: 0.1091  loss_coarse: 0.0147  loss_region_consistency: 0.0001  loss_boundary: 0.1050  loss_sdf: 0.0029  grad_norm: 1.4726
2026/09/22 20:07:41 - mmengine - INFO - Iter(train) [35950/40000]  base_lr: 7.9060e-05 lr: 7.9060e-06  eta: 0:23:09  time: 0.3480  data_time: 0.0121  memory: 6224  loss: 0.4680  loss_final: 0.1200  loss_rgb: 0.1556  loss_coarse: 0.0361  loss_region_consistency: 0.0001  loss_boundary: 0.1502  loss_sdf: 0.0060  grad_norm: 1.6233
2026/09/22 20:07:58 - mmengine - INFO - Exp name: rpgv_v2_stage1_rgb_20260922_144802
2026/09/22 20:07:58 - mmengine - INFO - Iter(train) [36000/40000]  base_lr: 7.8181e-05 lr: 7.8181e-06  eta: 0:22:52  time: 0.3431  data_time: 0.0127  memory: 6224  loss: 0.3208  loss_final: 0.0778  loss_rgb: 0.1108  loss_coarse: 0.0232  loss_region_consistency: 0.0001  loss_boundary: 0.1048  loss_sdf: 0.0042  grad_norm: 1.7280
2026/09/22 20:07:58 - mmengine - INFO - Saving checkpoint at 36000 iterations
2026/09/22 20:08:45 - mmengine - INFO - Iter(val) [ 50/304]    eta: 0:03:49  time: 0.9005  data_time: 0.0113  memory: 1100  
2026/09/22 20:09:56 - mmengine - INFO - Iter(val) [100/304]    eta: 0:03:56  time: 1.3599  data_time: 0.0120  memory: 1100  
2026/09/22 20:11:02 - mmengine - INFO - Iter(val) [150/304]    eta: 0:03:06  time: 1.2898  data_time: 0.0117  memory: 1100  
2026/09/22 20:12:07 - mmengine - INFO - Iter(val) [200/304]    eta: 0:02:08  time: 1.2911  data_time: 0.0117  memory: 1100  
2026/09/22 20:13:11 - mmengine - INFO - Iter(val) [250/304]    eta: 0:01:07  time: 1.2889  data_time: 0.0123  memory: 1100  
2026/09/22 20:14:14 - mmengine - INFO - Iter(val) [300/304]    eta: 0:00:04  time: 1.2396  data_time: 0.0126  memory: 1100  
2026/09/22 20:14:19 - mmengine - INFO - per class results:
2026/09/22 20:14:19 - mmengine - INFO - 
+------------------+-------+-------+-------+--------+-----------+--------+
|      Class       |  IoU  |  Acc  |  Dice | Fscore | Precision | Recall |
+------------------+-------+-------+-------+--------+-----------+--------+
|    background    |  97.4 | 98.26 | 98.68 | 98.68  |   99.11   | 98.26  |
| wastewater_plant | 75.14 | 89.96 | 85.81 | 85.81  |   82.02   | 89.96  |
+------------------+-------+-------+-------+--------+-----------+--------+
2026/09/22 20:14:19 - mmengine - INFO - Iter(val) [304/304]    aAcc: 97.5900  mIoU: 86.2700  mAcc: 94.1100  mDice: 92.2500  mFscore: 92.2500  mPrecision: 90.5600  mRecall: 94.1100  binary/Foreground_IoU: 75.1428  binary/Dice: 85.8075  binary/F1: 85.8075  binary/Precision: 82.0214  binary/Recall: 89.9600  binary/Boundary_F1: 14.4175  binary/BFScore: 14.4175  binary/Boundary_Precision: 11.6940  binary/Boundary_Recall: 18.7948  binary/Hausdorff_px: 403.9266  binary/HD95_px: 300.6686  binary/Hausdorff_m: 201.9633  binary/HD95_m: 150.3343  data_time: 0.0129  time: 1.2479
2026/09/22 20:14:19 - mmengine - INFO - The previous best checkpoint /workspace/work_dirs/rpgv_v2_staged/stage1_rgb/best_binary_Foreground_IoU_iter_34000.pth is removed
2026/09/22 20:14:20 - mmengine - INFO - The best checkpoint with 75.1428 binary/Foreground_IoU at 36000 iter is saved to best_binary_Foreground_IoU_iter_36000.pth.
2026/09/22 20:14:40 - mmengine - INFO - Iter(train) [36050/40000]  base_lr: 7.7301e-05 lr: 7.7301e-06  eta: 0:22:35  time: 0.3462  data_time: 0.0121  memory: 6224  loss: 0.4654  loss_final: 0.1132  loss_rgb: 0.1622  loss_coarse: 0.0352  loss_region_consistency: 0.0001  loss_boundary: 0.1500  loss_sdf: 0.0048  grad_norm: 1.6587
2026/09/22 20:14:57 - mmengine - INFO - Iter(train) [36100/40000]  base_lr: 7.6420e-05 lr: 7.6420e-06  eta: 0:22:18  time: 0.3434  data_time: 0.0121  memory: 6224  loss: 0.4452  loss_final: 0.1181  loss_rgb: 0.1494  loss_coarse: 0.0358  loss_region_consistency: 0.0001  loss_boundary: 0.1360  loss_sdf: 0.0058  grad_norm: 2.1218
2026/09/22 20:15:14 - mmengine - INFO - Iter(train) [36150/40000]  base_lr: 7.5537e-05 lr: 7.5537e-06  eta: 0:22:00  time: 0.3436  data_time: 0.0122  memory: 6224  loss: 0.3418  loss_final: 0.0662  loss_rgb: 0.1162  loss_coarse: 0.0203  loss_region_consistency: 0.0001  loss_boundary: 0.1353  loss_sdf: 0.0037  grad_norm: 1.9909
2026/09/22 20:15:32 - mmengine - INFO - Iter(train) [36200/40000]  base_lr: 7.4654e-05 lr: 7.4654e-06  eta: 0:21:43  time: 0.3492  data_time: 0.0129  memory: 6224  loss: 0.3232  loss_final: 0.0550  loss_rgb: 0.1279  loss_coarse: 0.0168  loss_region_consistency: 0.0001  loss_boundary: 0.1202  loss_sdf: 0.0032  grad_norm: 1.4544
2026/09/22 20:15:49 - mmengine - INFO - Iter(train) [36250/40000]  base_lr: 7.3769e-05 lr: 7.3769e-06  eta: 0:21:26  time: 0.3425  data_time: 0.0123  memory: 6224  loss: 0.3868  loss_final: 0.0751  loss_rgb: 0.1487  loss_coarse: 0.0232  loss_region_consistency: 0.0001  loss_boundary: 0.1354  loss_sdf: 0.0042  grad_norm: 1.5268
2026/09/22 20:16:06 - mmengine - INFO - Iter(train) [36300/40000]  base_lr: 7.2883e-05 lr: 7.2883e-06  eta: 0:21:09  time: 0.3413  data_time: 0.0123  memory: 6224  loss: 0.3602  loss_final: 0.0866  loss_rgb: 0.1226  loss_coarse: 0.0259  loss_region_consistency: 0.0001  loss_boundary: 0.1201  loss_sdf: 0.0049  grad_norm: 1.8233
2026/09/22 20:16:23 - mmengine - INFO - Iter(train) [36350/40000]  base_lr: 7.1996e-05 lr: 7.1996e-06  eta: 0:20:52  time: 0.3371  data_time: 0.0123  memory: 6224  loss: 0.3657  loss_final: 0.0901  loss_rgb: 0.1192  loss_coarse: 0.0273  loss_region_consistency: 0.0001  loss_boundary: 0.1248  loss_sdf: 0.0042  grad_norm: 1.7719
2026/09/22 20:16:40 - mmengine - INFO - Iter(train) [36400/40000]  base_lr: 7.1108e-05 lr: 7.1108e-06  eta: 0:20:35  time: 0.3502  data_time: 0.0129  memory: 6224  loss: 0.4334  loss_final: 0.1102  loss_rgb: 0.1490  loss_coarse: 0.0342  loss_region_consistency: 0.0001  loss_boundary: 0.1358  loss_sdf: 0.0042  grad_norm: 1.8022
2026/09/22 20:16:57 - mmengine - INFO - Iter(train) [36450/40000]  base_lr: 7.0219e-05 lr: 7.0219e-06  eta: 0:20:18  time: 0.3459  data_time: 0.0118  memory: 6224  loss: 0.4054  loss_final: 0.0808  loss_rgb: 0.1470  loss_coarse: 0.0245  loss_region_consistency: 0.0001  loss_boundary: 0.1494  loss_sdf: 0.0036  grad_norm: 1.5518
2026/09/22 20:17:14 - mmengine - INFO - Iter(train) [36500/40000]  base_lr: 6.9328e-05 lr: 6.9328e-06  eta: 0:20:00  time: 0.3385  data_time: 0.0132  memory: 6224  loss: 0.3716  loss_final: 0.0894  loss_rgb: 0.1269  loss_coarse: 0.0273  loss_region_consistency: 0.0001  loss_boundary: 0.1243  loss_sdf: 0.0036  grad_norm: 1.4927
2026/09/22 20:17:32 - mmengine - INFO - Iter(train) [36550/40000]  base_lr: 6.8436e-05 lr: 6.8436e-06  eta: 0:19:43  time: 0.3404  data_time: 0.0117  memory: 6224  loss: 0.3476  loss_final: 0.0791  loss_rgb: 0.1181  loss_coarse: 0.0242  loss_region_consistency: 0.0001  loss_boundary: 0.1208  loss_sdf: 0.0053  grad_norm: 1.7403
2026/09/22 20:17:49 - mmengine - INFO - Iter(train) [36600/40000]  base_lr: 6.7543e-05 lr: 6.7543e-06  eta: 0:19:26  time: 0.3484  data_time: 0.0126  memory: 6224  loss: 0.4394  loss_final: 0.1369  loss_rgb: 0.1341  loss_coarse: 0.0401  loss_region_consistency: 0.0001  loss_boundary: 0.1206  loss_sdf: 0.0076  grad_norm: 1.6121
2026/09/22 20:18:06 - mmengine - INFO - Iter(train) [36650/40000]  base_lr: 6.6648e-05 lr: 6.6648e-06  eta: 0:19:09  time: 0.3295  data_time: 0.0123  memory: 6224  loss: 0.2688  loss_final: 0.0619  loss_rgb: 0.0947  loss_coarse: 0.0187  loss_region_consistency: 0.0001  loss_boundary: 0.0903  loss_sdf: 0.0031  grad_norm: 1.8554
2026/09/22 20:18:23 - mmengine - INFO - Iter(train) [36700/40000]  base_lr: 6.5752e-05 lr: 6.5752e-06  eta: 0:18:52  time: 0.3419  data_time: 0.0114  memory: 6224  loss: 0.4703  loss_final: 0.1182  loss_rgb: 0.1580  loss_coarse: 0.0359  loss_region_consistency: 0.0001  loss_boundary: 0.1516  loss_sdf: 0.0064  grad_norm: 1.9317
2026/09/22 20:18:40 - mmengine - INFO - Iter(train) [36750/40000]  base_lr: 6.4855e-05 lr: 6.4855e-06  eta: 0:18:35  time: 0.3424  data_time: 0.0124  memory: 6224  loss: 0.3708  loss_final: 0.0831  loss_rgb: 0.1251  loss_coarse: 0.0251  loss_region_consistency: 0.0001  loss_boundary: 0.1342  loss_sdf: 0.0033  grad_norm: 2.0236
2026/09/22 20:18:57 - mmengine - INFO - Iter(train) [36800/40000]  base_lr: 6.3956e-05 lr: 6.3956e-06  eta: 0:18:17  time: 0.3550  data_time: 0.0117  memory: 6224  loss: 0.5334  loss_final: 0.1609  loss_rgb: 0.1636  loss_coarse: 0.0511  loss_region_consistency: 0.0001  loss_boundary: 0.1510  loss_sdf: 0.0067  grad_norm: 1.7891
2026/09/22 20:19:14 - mmengine - INFO - Iter(train) [36850/40000]  base_lr: 6.3056e-05 lr: 6.3056e-06  eta: 0:18:00  time: 0.3369  data_time: 0.0128  memory: 6224  loss: 0.3539  loss_final: 0.0744  loss_rgb: 0.1338  loss_coarse: 0.0226  loss_region_consistency: 0.0001  loss_boundary: 0.1198  loss_sdf: 0.0033  grad_norm: 1.8451
2026/09/22 20:19:31 - mmengine - INFO - Iter(train) [36900/40000]  base_lr: 6.2154e-05 lr: 6.2154e-06  eta: 0:17:43  time: 0.3414  data_time: 0.0123  memory: 6224  loss: 0.5660  loss_final: 0.2076  loss_rgb: 0.1527  loss_coarse: 0.0613  loss_region_consistency: 0.0001  loss_boundary: 0.1355  loss_sdf: 0.0088  grad_norm: 4.1467
2026/09/22 20:19:48 - mmengine - INFO - Iter(train) [36950/40000]  base_lr: 6.1251e-05 lr: 6.1251e-06  eta: 0:17:26  time: 0.3379  data_time: 0.0124  memory: 6224  loss: 0.3559  loss_final: 0.0925  loss_rgb: 0.1118  loss_coarse: 0.0275  loss_region_consistency: 0.0001  loss_boundary: 0.1191  loss_sdf: 0.0049  grad_norm: 4.3748
2026/09/22 20:20:05 - mmengine - INFO - Exp name: rpgv_v2_stage1_rgb_20260922_144802
2026/09/22 20:20:05 - mmengine - INFO - Iter(train) [37000/40000]  base_lr: 6.0347e-05 lr: 6.0347e-06  eta: 0:17:09  time: 0.3427  data_time: 0.0122  memory: 6224  loss: 0.3004  loss_final: 0.0673  loss_rgb: 0.1046  loss_coarse: 0.0205  loss_region_consistency: 0.0001  loss_boundary: 0.1052  loss_sdf: 0.0026  grad_norm: 2.1718
2026/09/22 20:20:22 - mmengine - INFO - Iter(train) [37050/40000]  base_lr: 5.9441e-05 lr: 5.9441e-06  eta: 0:16:52  time: 0.3389  data_time: 0.0127  memory: 6224  loss: 0.3455  loss_final: 0.0851  loss_rgb: 0.1118  loss_coarse: 0.0257  loss_region_consistency: 0.0001  loss_boundary: 0.1192  loss_sdf: 0.0036  grad_norm: 1.7265
2026/09/22 20:20:39 - mmengine - INFO - Iter(train) [37100/40000]  base_lr: 5.8534e-05 lr: 5.8534e-06  eta: 0:16:34  time: 0.3438  data_time: 0.0133  memory: 6224  loss: 0.4605  loss_final: 0.1364  loss_rgb: 0.1410  loss_coarse: 0.0403  loss_region_consistency: 0.0001  loss_boundary: 0.1347  loss_sdf: 0.0080  grad_norm: 1.9563
2026/09/22 20:20:56 - mmengine - INFO - Iter(train) [37150/40000]  base_lr: 5.7624e-05 lr: 5.7624e-06  eta: 0:16:17  time: 0.3316  data_time: 0.0115  memory: 6224  loss: 0.2714  loss_final: 0.0473  loss_rgb: 0.1019  loss_coarse: 0.0147  loss_region_consistency: 0.0001  loss_boundary: 0.1052  loss_sdf: 0.0023  grad_norm: 1.5689
2026/09/22 20:21:13 - mmengine - INFO - Iter(train) [37200/40000]  base_lr: 5.6714e-05 lr: 5.6714e-06  eta: 0:16:00  time: 0.3476  data_time: 0.0117  memory: 6224  loss: 0.4227  loss_final: 0.1053  loss_rgb: 0.1465  loss_coarse: 0.0318  loss_region_consistency: 0.0001  loss_boundary: 0.1345  loss_sdf: 0.0044  grad_norm: 1.4649
2026/09/22 20:21:30 - mmengine - INFO - Iter(train) [37250/40000]  base_lr: 5.5802e-05 lr: 5.5802e-06  eta: 0:15:43  time: 0.3331  data_time: 0.0117  memory: 6224  loss: 0.3071  loss_final: 0.0749  loss_rgb: 0.0977  loss_coarse: 0.0230  loss_region_consistency: 0.0001  loss_boundary: 0.1059  loss_sdf: 0.0054  grad_norm: 1.9026
2026/09/22 20:21:47 - mmengine - INFO - Iter(train) [37300/40000]  base_lr: 5.4888e-05 lr: 5.4888e-06  eta: 0:15:26  time: 0.3289  data_time: 0.0116  memory: 6224  loss: 0.2811  loss_final: 0.0756  loss_rgb: 0.0874  loss_coarse: 0.0233  loss_region_consistency: 0.0001  loss_boundary: 0.0900  loss_sdf: 0.0047  grad_norm: 2.4818
2026/09/22 20:22:05 - mmengine - INFO - Iter(train) [37350/40000]  base_lr: 5.3972e-05 lr: 5.3972e-06  eta: 0:15:09  time: 0.3461  data_time: 0.0118  memory: 6224  loss: 0.4062  loss_final: 0.1016  loss_rgb: 0.1345  loss_coarse: 0.0305  loss_region_consistency: 0.0001  loss_boundary: 0.1349  loss_sdf: 0.0045  grad_norm: 2.0344
2026/09/22 20:22:22 - mmengine - INFO - Iter(train) [37400/40000]  base_lr: 5.3055e-05 lr: 5.3055e-06  eta: 0:14:51  time: 0.3663  data_time: 0.0158  memory: 6224  loss: 0.4852  loss_final: 0.1448  loss_rgb: 0.1520  loss_coarse: 0.0429  loss_region_consistency: 0.0001  loss_boundary: 0.1363  loss_sdf: 0.0091  grad_norm: 1.5972
2026/09/22 20:22:39 - mmengine - INFO - Iter(train) [37450/40000]  base_lr: 5.2135e-05 lr: 5.2135e-06  eta: 0:14:34  time: 0.3408  data_time: 0.0121  memory: 6224  loss: 0.4298  loss_final: 0.1092  loss_rgb: 0.1477  loss_coarse: 0.0327  loss_region_consistency: 0.0001  loss_boundary: 0.1352  loss_sdf: 0.0050  grad_norm: 2.0467
2026/09/22 20:22:56 - mmengine - INFO - Iter(train) [37500/40000]  base_lr: 5.1214e-05 lr: 5.1214e-06  eta: 0:14:17  time: 0.3272  data_time: 0.0118  memory: 6224  loss: 0.3766  loss_final: 0.1482  loss_rgb: 0.0883  loss_coarse: 0.0435  loss_region_consistency: 0.0001  loss_boundary: 0.0905  loss_sdf: 0.0061  grad_norm: 2.5306
2026/09/22 20:23:13 - mmengine - INFO - Iter(train) [37550/40000]  base_lr: 5.0292e-05 lr: 5.0292e-06  eta: 0:14:00  time: 0.3375  data_time: 0.0117  memory: 6224  loss: 0.4026  loss_final: 0.1154  loss_rgb: 0.1289  loss_coarse: 0.0348  loss_region_consistency: 0.0001  loss_boundary: 0.1201  loss_sdf: 0.0033  grad_norm: 2.7617
2026/09/22 20:23:31 - mmengine - INFO - Iter(train) [37600/40000]  base_lr: 4.9367e-05 lr: 4.9367e-06  eta: 0:13:43  time: 0.3404  data_time: 0.0127  memory: 6224  loss: 0.3037  loss_final: 0.0662  loss_rgb: 0.1072  loss_coarse: 0.0201  loss_region_consistency: 0.0001  loss_boundary: 0.1060  loss_sdf: 0.0042  grad_norm: 1.5245
2026/09/22 20:23:48 - mmengine - INFO - Iter(train) [37650/40000]  base_lr: 4.8440e-05 lr: 4.8440e-06  eta: 0:13:26  time: 0.3395  data_time: 0.0120  memory: 6224  loss: 0.3854  loss_final: 0.1078  loss_rgb: 0.1203  loss_coarse: 0.0308  loss_region_consistency: 0.0001  loss_boundary: 0.1201  loss_sdf: 0.0063  grad_norm: 1.9141
2026/09/22 20:24:05 - mmengine - INFO - Iter(train) [37700/40000]  base_lr: 4.7512e-05 lr: 4.7512e-06  eta: 0:13:09  time: 0.3351  data_time: 0.0117  memory: 6224  loss: 0.3267  loss_final: 0.0760  loss_rgb: 0.1182  loss_coarse: 0.0229  loss_region_consistency: 0.0001  loss_boundary: 0.1056  loss_sdf: 0.0041  grad_norm: 2.1747
2026/09/22 20:24:22 - mmengine - INFO - Iter(train) [37750/40000]  base_lr: 4.6581e-05 lr: 4.6581e-06  eta: 0:12:51  time: 0.3384  data_time: 0.0119  memory: 6224  loss: 0.3036  loss_final: 0.0546  loss_rgb: 0.1090  loss_coarse: 0.0172  loss_region_consistency: 0.0001  loss_boundary: 0.1203  loss_sdf: 0.0024  grad_norm: 1.9901
2026/09/22 20:24:39 - mmengine - INFO - Iter(train) [37800/40000]  base_lr: 4.5649e-05 lr: 4.5649e-06  eta: 0:12:34  time: 0.3477  data_time: 0.0121  memory: 6224  loss: 0.3411  loss_final: 0.0757  loss_rgb: 0.1160  loss_coarse: 0.0231  loss_region_consistency: 0.0001  loss_boundary: 0.1210  loss_sdf: 0.0053  grad_norm: 1.9422
2026/09/22 20:24:56 - mmengine - INFO - Iter(train) [37850/40000]  base_lr: 4.4714e-05 lr: 4.4714e-06  eta: 0:12:17  time: 0.3439  data_time: 0.0126  memory: 6224  loss: 0.5124  loss_final: 0.1589  loss_rgb: 0.1616  loss_coarse: 0.0487  loss_region_consistency: 0.0001  loss_boundary: 0.1370  loss_sdf: 0.0060  grad_norm: 2.1511
2026/09/22 20:25:13 - mmengine - INFO - Iter(train) [37900/40000]  base_lr: 4.3777e-05 lr: 4.3777e-06  eta: 0:12:00  time: 0.3450  data_time: 0.0118  memory: 6224  loss: 0.4629  loss_final: 0.1111  loss_rgb: 0.1634  loss_coarse: 0.0333  loss_region_consistency: 0.0001  loss_boundary: 0.1489  loss_sdf: 0.0061  grad_norm: 1.9992
2026/09/22 20:25:31 - mmengine - INFO - Iter(train) [37950/40000]  base_lr: 4.2838e-05 lr: 4.2838e-06  eta: 0:11:43  time: 0.3489  data_time: 0.0122  memory: 6224  loss: 0.4893  loss_final: 0.1344  loss_rgb: 0.1585  loss_coarse: 0.0401  loss_region_consistency: 0.0001  loss_boundary: 0.1508  loss_sdf: 0.0053  grad_norm: 2.1952
2026/09/22 20:25:48 - mmengine - INFO - Exp name: rpgv_v2_stage1_rgb_20260922_144802
2026/09/22 20:25:48 - mmengine - INFO - Iter(train) [38000/40000]  base_lr: 4.1896e-05 lr: 4.1896e-06  eta: 0:11:26  time: 0.3508  data_time: 0.0119  memory: 6224  loss: 0.4342  loss_final: 0.1115  loss_rgb: 0.1448  loss_coarse: 0.0338  loss_region_consistency: 0.0001  loss_boundary: 0.1366  loss_sdf: 0.0073  grad_norm: 1.9472
2026/09/22 20:25:48 - mmengine - INFO - Saving checkpoint at 38000 iterations
2026/09/22 20:26:34 - mmengine - INFO - Iter(val) [ 50/304]    eta: 0:03:49  time: 0.9003  data_time: 0.0121  memory: 1100  
2026/09/22 20:27:45 - mmengine - INFO - Iter(val) [100/304]    eta: 0:03:56  time: 1.3725  data_time: 0.0116  memory: 1100  
2026/09/22 20:28:51 - mmengine - INFO - Iter(val) [150/304]    eta: 0:03:06  time: 1.2949  data_time: 0.0118  memory: 1100  
2026/09/22 20:29:56 - mmengine - INFO - Iter(val) [200/304]    eta: 0:02:08  time: 1.3014  data_time: 0.0119  memory: 1100  
2026/09/22 20:31:01 - mmengine - INFO - Iter(val) [250/304]    eta: 0:01:07  time: 1.3050  data_time: 0.0123  memory: 1100  
2026/09/22 20:32:03 - mmengine - INFO - Iter(val) [300/304]    eta: 0:00:04  time: 1.2364  data_time: 0.0122  memory: 1100  
2026/09/22 20:32:09 - mmengine - INFO - per class results:
2026/09/22 20:32:09 - mmengine - INFO - 
+------------------+-------+-------+-------+--------+-----------+--------+
|      Class       |  IoU  |  Acc  |  Dice | Fscore | Precision | Recall |
+------------------+-------+-------+-------+--------+-----------+--------+
|    background    | 97.31 | 98.13 | 98.64 | 98.64  |   99.15   | 98.13  |
| wastewater_plant | 74.57 | 90.42 | 85.43 | 85.43  |   80.97   | 90.42  |
+------------------+-------+-------+-------+--------+-----------+--------+
2026/09/22 20:32:09 - mmengine - INFO - Iter(val) [304/304]    aAcc: 97.5000  mIoU: 85.9400  mAcc: 94.2700  mDice: 92.0400  mFscore: 92.0400  mPrecision: 90.0600  mRecall: 94.2700  binary/Foreground_IoU: 74.5732  binary/Dice: 85.4349  binary/F1: 85.4349  binary/Precision: 80.9715  binary/Recall: 90.4190  binary/Boundary_F1: 14.2698  binary/BFScore: 14.2698  binary/Boundary_Precision: 11.5859  binary/Boundary_Recall: 18.5722  binary/Hausdorff_px: 405.4266  binary/HD95_px: 296.8469  binary/Hausdorff_m: 202.7133  binary/HD95_m: 148.4235  data_time: 0.0129  time: 1.2482
2026/09/22 20:32:26 - mmengine - INFO - Iter(train) [38050/40000]  base_lr: 4.0952e-05 lr: 4.0952e-06  eta: 0:11:08  time: 0.3471  data_time: 0.0118  memory: 6224  loss: 0.4922  loss_final: 0.1262  loss_rgb: 0.1709  loss_coarse: 0.0386  loss_region_consistency: 0.0001  loss_boundary: 0.1504  loss_sdf: 0.0060  grad_norm: 1.5802
2026/09/22 20:32:43 - mmengine - INFO - Iter(train) [38100/40000]  base_lr: 4.0006e-05 lr: 4.0006e-06  eta: 0:10:51  time: 0.3469  data_time: 0.0119  memory: 6224  loss: 0.3885  loss_final: 0.0631  loss_rgb: 0.1534  loss_coarse: 0.0196  loss_region_consistency: 0.0001  loss_boundary: 0.1493  loss_sdf: 0.0031  grad_norm: 1.8262
2026/09/22 20:33:00 - mmengine - INFO - Iter(train) [38150/40000]  base_lr: 3.9057e-05 lr: 3.9057e-06  eta: 0:10:34  time: 0.3450  data_time: 0.0136  memory: 6224  loss: 0.4193  loss_final: 0.0854  loss_rgb: 0.1527  loss_coarse: 0.0261  loss_region_consistency: 0.0001  loss_boundary: 0.1499  loss_sdf: 0.0051  grad_norm: 1.9245
2026/09/22 20:33:17 - mmengine - INFO - Iter(train) [38200/40000]  base_lr: 3.8106e-05 lr: 3.8106e-06  eta: 0:10:17  time: 0.3360  data_time: 0.0122  memory: 6224  loss: 0.2258  loss_final: 0.0350  loss_rgb: 0.0893  loss_coarse: 0.0107  loss_region_consistency: 0.0001  loss_boundary: 0.0890  loss_sdf: 0.0017  grad_norm: 1.4993
2026/09/22 20:33:34 - mmengine - INFO - Iter(train) [38250/40000]  base_lr: 3.7152e-05 lr: 3.7152e-06  eta: 0:10:00  time: 0.3404  data_time: 0.0118  memory: 6224  loss: 0.4325  loss_final: 0.0967  loss_rgb: 0.1659  loss_coarse: 0.0308  loss_region_consistency: 0.0001  loss_boundary: 0.1352  loss_sdf: 0.0037  grad_norm: 1.6537
2026/09/22 20:33:52 - mmengine - INFO - Iter(train) [38300/40000]  base_lr: 3.6195e-05 lr: 3.6195e-06  eta: 0:09:43  time: 0.3421  data_time: 0.0118  memory: 6224  loss: 0.3690  loss_final: 0.0824  loss_rgb: 0.1223  loss_coarse: 0.0248  loss_region_consistency: 0.0001  loss_boundary: 0.1348  loss_sdf: 0.0046  grad_norm: 2.1017
2026/09/22 20:34:09 - mmengine - INFO - Iter(train) [38350/40000]  base_lr: 3.5236e-05 lr: 3.5236e-06  eta: 0:09:26  time: 0.3456  data_time: 0.0127  memory: 6224  loss: 0.5077  loss_final: 0.1568  loss_rgb: 0.1595  loss_coarse: 0.0465  loss_region_consistency: 0.0001  loss_boundary: 0.1352  loss_sdf: 0.0095  grad_norm: 1.7736
2026/09/22 20:34:26 - mmengine - INFO - Iter(train) [38400/40000]  base_lr: 3.4273e-05 lr: 3.4273e-06  eta: 0:09:08  time: 0.3486  data_time: 0.0139  memory: 6224  loss: 0.3816  loss_final: 0.1033  loss_rgb: 0.1220  loss_coarse: 0.0313  loss_region_consistency: 0.0001  loss_boundary: 0.1194  loss_sdf: 0.0054  grad_norm: 1.4131
2026/09/22 20:34:43 - mmengine - INFO - Iter(train) [38450/40000]  base_lr: 3.3308e-05 lr: 3.3308e-06  eta: 0:08:51  time: 0.3345  data_time: 0.0117  memory: 6224  loss: 0.3256  loss_final: 0.0801  loss_rgb: 0.1116  loss_coarse: 0.0243  loss_region_consistency: 0.0001  loss_boundary: 0.1053  loss_sdf: 0.0042  grad_norm: 1.1677
2026/09/22 20:35:00 - mmengine - INFO - Iter(train) [38500/40000]  base_lr: 3.2339e-05 lr: 3.2339e-06  eta: 0:08:34  time: 0.3452  data_time: 0.0124  memory: 6224  loss: 0.3912  loss_final: 0.0877  loss_rgb: 0.1357  loss_coarse: 0.0267  loss_region_consistency: 0.0001  loss_boundary: 0.1357  loss_sdf: 0.0053  grad_norm: 1.6659
2026/09/22 20:35:16 - mmengine - INFO - Iter(train) [38550/40000]  base_lr: 3.1367e-05 lr: 3.1367e-06  eta: 0:08:17  time: 0.3210  data_time: 0.0127  memory: 6224  loss: 0.2020  loss_final: 0.0641  loss_rgb: 0.0541  loss_coarse: 0.0182  loss_region_consistency: 0.0001  loss_boundary: 0.0603  loss_sdf: 0.0052  grad_norm: 2.8161
2026/09/22 20:35:34 - mmengine - INFO - Iter(train) [38600/40000]  base_lr: 3.0392e-05 lr: 3.0392e-06  eta: 0:08:00  time: 0.3595  data_time: 0.0132  memory: 6224  loss: 0.4080  loss_final: 0.0867  loss_rgb: 0.1399  loss_coarse: 0.0264  loss_region_consistency: 0.0001  loss_boundary: 0.1495  loss_sdf: 0.0055  grad_norm: 2.8996
2026/09/22 20:35:51 - mmengine - INFO - Iter(train) [38650/40000]  base_lr: 2.9414e-05 lr: 2.9414e-06  eta: 0:07:43  time: 0.3298  data_time: 0.0122  memory: 6224  loss: 0.2691  loss_final: 0.0606  loss_rgb: 0.0970  loss_coarse: 0.0180  loss_region_consistency: 0.0001  loss_boundary: 0.0901  loss_sdf: 0.0034  grad_norm: 2.0050
2026/09/22 20:36:08 - mmengine - INFO - Iter(train) [38700/40000]  base_lr: 2.8431e-05 lr: 2.8431e-06  eta: 0:07:25  time: 0.3373  data_time: 0.0122  memory: 6224  loss: 0.3731  loss_final: 0.0929  loss_rgb: 0.1266  loss_coarse: 0.0304  loss_region_consistency: 0.0001  loss_boundary: 0.1202  loss_sdf: 0.0029  grad_norm: 2.6614
2026/09/22 20:36:25 - mmengine - INFO - Iter(train) [38750/40000]  base_lr: 2.7445e-05 lr: 2.7445e-06  eta: 0:07:08  time: 0.3381  data_time: 0.0122  memory: 6224  loss: 0.3541  loss_final: 0.0817  loss_rgb: 0.1232  loss_coarse: 0.0247  loss_region_consistency: 0.0001  loss_boundary: 0.1202  loss_sdf: 0.0043  grad_norm: 2.7012
2026/09/22 20:36:42 - mmengine - INFO - Iter(train) [38800/40000]  base_lr: 2.6455e-05 lr: 2.6455e-06  eta: 0:06:51  time: 0.3465  data_time: 0.0121  memory: 6224  loss: 0.3209  loss_final: 0.0558  loss_rgb: 0.1257  loss_coarse: 0.0171  loss_region_consistency: 0.0001  loss_boundary: 0.1193  loss_sdf: 0.0029  grad_norm: 1.8219
2026/09/22 20:36:59 - mmengine - INFO - Iter(train) [38850/40000]  base_lr: 2.5461e-05 lr: 2.5461e-06  eta: 0:06:34  time: 0.3431  data_time: 0.0118  memory: 6224  loss: 0.4441  loss_final: 0.1013  loss_rgb: 0.1557  loss_coarse: 0.0306  loss_region_consistency: 0.0001  loss_boundary: 0.1507  loss_sdf: 0.0056  grad_norm: 1.7101
2026/09/22 20:37:16 - mmengine - INFO - Iter(train) [38900/40000]  base_lr: 2.4462e-05 lr: 2.4462e-06  eta: 0:06:17  time: 0.3468  data_time: 0.0126  memory: 6224  loss: 0.5334  loss_final: 0.1850  loss_rgb: 0.1452  loss_coarse: 0.0560  loss_region_consistency: 0.0001  loss_boundary: 0.1409  loss_sdf: 0.0062  grad_norm: 1.9530
2026/09/22 20:37:33 - mmengine - INFO - Iter(train) [38950/40000]  base_lr: 2.3459e-05 lr: 2.3459e-06  eta: 0:06:00  time: 0.3351  data_time: 0.0120  memory: 6224  loss: 0.3613  loss_final: 0.0691  loss_rgb: 0.1435  loss_coarse: 0.0202  loss_region_consistency: 0.0001  loss_boundary: 0.1253  loss_sdf: 0.0031  grad_norm: 2.1602
2026/09/22 20:37:50 - mmengine - INFO - Exp name: rpgv_v2_stage1_rgb_20260922_144802
2026/09/22 20:37:50 - mmengine - INFO - Iter(train) [39000/40000]  base_lr: 2.2452e-05 lr: 2.2452e-06  eta: 0:05:43  time: 0.3385  data_time: 0.0125  memory: 6224  loss: 0.2718  loss_final: 0.0651  loss_rgb: 0.0927  loss_coarse: 0.0193  loss_region_consistency: 0.0001  loss_boundary: 0.0908  loss_sdf: 0.0038  grad_norm: 1.6494
2026/09/22 20:38:08 - mmengine - INFO - Iter(train) [39050/40000]  base_lr: 2.1439e-05 lr: 2.1439e-06  eta: 0:05:25  time: 0.3356  data_time: 0.0124  memory: 6224  loss: 0.3882  loss_final: 0.1104  loss_rgb: 0.1220  loss_coarse: 0.0325  loss_region_consistency: 0.0001  loss_boundary: 0.1199  loss_sdf: 0.0033  grad_norm: 1.6461
2026/09/22 20:38:25 - mmengine - INFO - Iter(train) [39100/40000]  base_lr: 2.0420e-05 lr: 2.0420e-06  eta: 0:05:08  time: 0.3458  data_time: 0.0134  memory: 6224  loss: 0.3874  loss_final: 0.0864  loss_rgb: 0.1356  loss_coarse: 0.0254  loss_region_consistency: 0.0001  loss_boundary: 0.1353  loss_sdf: 0.0047  grad_norm: 1.5758
2026/09/22 20:38:42 - mmengine - INFO - Iter(train) [39150/40000]  base_lr: 1.9397e-05 lr: 1.9397e-06  eta: 0:04:51  time: 0.3372  data_time: 0.0122  memory: 6224  loss: 0.3425  loss_final: 0.0833  loss_rgb: 0.1226  loss_coarse: 0.0253  loss_region_consistency: 0.0001  loss_boundary: 0.1058  loss_sdf: 0.0055  grad_norm: 1.5814
2026/09/22 20:38:59 - mmengine - INFO - Iter(train) [39200/40000]  base_lr: 1.8367e-05 lr: 1.8367e-06  eta: 0:04:34  time: 0.3522  data_time: 0.0133  memory: 6224  loss: 0.3799  loss_final: 0.0751  loss_rgb: 0.1426  loss_coarse: 0.0222  loss_region_consistency: 0.0001  loss_boundary: 0.1351  loss_sdf: 0.0047  grad_norm: 1.6863
2026/09/22 20:39:16 - mmengine - INFO - Iter(train) [39250/40000]  base_lr: 1.7330e-05 lr: 1.7330e-06  eta: 0:04:17  time: 0.3368  data_time: 0.0123  memory: 6224  loss: 0.3041  loss_final: 0.0559  loss_rgb: 0.1112  loss_coarse: 0.0169  loss_region_consistency: 0.0001  loss_boundary: 0.1181  loss_sdf: 0.0019  grad_norm: 1.4178
2026/09/22 20:39:33 - mmengine - INFO - Iter(train) [39300/40000]  base_lr: 1.6287e-05 lr: 1.6287e-06  eta: 0:04:00  time: 0.3375  data_time: 0.0136  memory: 6224  loss: 0.2622  loss_final: 0.0353  loss_rgb: 0.1089  loss_coarse: 0.0113  loss_region_consistency: 0.0001  loss_boundary: 0.1044  loss_sdf: 0.0021  grad_norm: 1.6959
2026/09/22 20:39:50 - mmengine - INFO - Iter(train) [39350/40000]  base_lr: 1.5236e-05 lr: 1.5236e-06  eta: 0:03:42  time: 0.3487  data_time: 0.0122  memory: 6224  loss: 0.4755  loss_final: 0.1166  loss_rgb: 0.1638  loss_coarse: 0.0358  loss_region_consistency: 0.0001  loss_boundary: 0.1515  loss_sdf: 0.0078  grad_norm: 1.8251
2026/09/22 20:40:08 - mmengine - INFO - Iter(train) [39400/40000]  base_lr: 1.4177e-05 lr: 1.4177e-06  eta: 0:03:25  time: 0.3524  data_time: 0.0132  memory: 6224  loss: 0.4356  loss_final: 0.1219  loss_rgb: 0.1372  loss_coarse: 0.0367  loss_region_consistency: 0.0001  loss_boundary: 0.1352  loss_sdf: 0.0045  grad_norm: 2.1427
2026/09/22 20:40:25 - mmengine - INFO - Iter(train) [39450/40000]  base_lr: 1.3109e-05 lr: 1.3109e-06  eta: 0:03:08  time: 0.3357  data_time: 0.0130  memory: 6224  loss: 0.3135  loss_final: 0.0696  loss_rgb: 0.1136  loss_coarse: 0.0208  loss_region_consistency: 0.0001  loss_boundary: 0.1049  loss_sdf: 0.0045  grad_norm: 1.7059
2026/09/22 20:40:42 - mmengine - INFO - Iter(train) [39500/40000]  base_lr: 1.2031e-05 lr: 1.2031e-06  eta: 0:02:51  time: 0.3408  data_time: 0.0120  memory: 6224  loss: 0.5012  loss_final: 0.1566  loss_rgb: 0.1522  loss_coarse: 0.0478  loss_region_consistency: 0.0001  loss_boundary: 0.1358  loss_sdf: 0.0087  grad_norm: 1.8983
2026/09/22 20:40:59 - mmengine - INFO - Iter(train) [39550/40000]  base_lr: 1.0943e-05 lr: 1.0943e-06  eta: 0:02:34  time: 0.3430  data_time: 0.0119  memory: 6224  loss: 0.3959  loss_final: 0.0878  loss_rgb: 0.1433  loss_coarse: 0.0272  loss_region_consistency: 0.0001  loss_boundary: 0.1338  loss_sdf: 0.0038  grad_norm: 2.3255
2026/09/22 20:41:16 - mmengine - INFO - Iter(train) [39600/40000]  base_lr: 9.8424e-06 lr: 9.8424e-07  eta: 0:02:17  time: 0.3484  data_time: 0.0128  memory: 6224  loss: 0.3848  loss_final: 0.0942  loss_rgb: 0.1205  loss_coarse: 0.0282  loss_region_consistency: 0.0001  loss_boundary: 0.1355  loss_sdf: 0.0062  grad_norm: 2.0705
2026/09/22 20:41:33 - mmengine - INFO - Iter(train) [39650/40000]  base_lr: 8.7279e-06 lr: 8.7279e-07  eta: 0:02:00  time: 0.3386  data_time: 0.0122  memory: 6224  loss: 0.4665  loss_final: 0.1527  loss_rgb: 0.1387  loss_coarse: 0.0452  loss_region_consistency: 0.0001  loss_boundary: 0.1209  loss_sdf: 0.0087  grad_norm: 2.0185
2026/09/22 20:41:50 - mmengine - INFO - Iter(train) [39700/40000]  base_lr: 7.5972e-06 lr: 7.5972e-07  eta: 0:01:42  time: 0.3405  data_time: 0.0126  memory: 6224  loss: 0.4503  loss_final: 0.1370  loss_rgb: 0.1349  loss_coarse: 0.0405  loss_region_consistency: 0.0001  loss_boundary: 0.1341  loss_sdf: 0.0037  grad_norm: 2.4104
2026/09/22 20:42:07 - mmengine - INFO - Iter(train) [39750/40000]  base_lr: 6.4475e-06 lr: 6.4475e-07  eta: 0:01:25  time: 0.3420  data_time: 0.0130  memory: 6224  loss: 0.4668  loss_final: 0.1349  loss_rgb: 0.1491  loss_coarse: 0.0390  loss_region_consistency: 0.0001  loss_boundary: 0.1356  loss_sdf: 0.0081  grad_norm: 2.2608
2026/09/22 20:42:25 - mmengine - INFO - Iter(train) [39800/40000]  base_lr: 5.2744e-06 lr: 5.2744e-07  eta: 0:01:08  time: 0.3404  data_time: 0.0134  memory: 6224  loss: 0.3148  loss_final: 0.0672  loss_rgb: 0.1190  loss_coarse: 0.0205  loss_region_consistency: 0.0001  loss_boundary: 0.1049  loss_sdf: 0.0031  grad_norm: 2.0594
2026/09/22 20:42:42 - mmengine - INFO - Iter(train) [39850/40000]  base_lr: 4.0713e-06 lr: 4.0713e-07  eta: 0:00:51  time: 0.3344  data_time: 0.0132  memory: 6224  loss: 0.2782  loss_final: 0.0654  loss_rgb: 0.0984  loss_coarse: 0.0198  loss_region_consistency: 0.0001  loss_boundary: 0.0910  loss_sdf: 0.0035  grad_norm: 1.7117
2026/09/22 20:42:59 - mmengine - INFO - Iter(train) [39900/40000]  base_lr: 2.8265e-06 lr: 2.8265e-07  eta: 0:00:34  time: 0.3362  data_time: 0.0121  memory: 6224  loss: 0.3584  loss_final: 0.0846  loss_rgb: 0.1252  loss_coarse: 0.0252  loss_region_consistency: 0.0001  loss_boundary: 0.1198  loss_sdf: 0.0035  grad_norm: 1.6352
2026/09/22 20:43:16 - mmengine - INFO - Iter(train) [39950/40000]  base_lr: 1.5147e-06 lr: 1.5147e-07  eta: 0:00:17  time: 0.3473  data_time: 0.0119  memory: 6224  loss: 0.6230  loss_final: 0.2279  loss_rgb: 0.1638  loss_coarse: 0.0673  loss_region_consistency: 0.0001  loss_boundary: 0.1511  loss_sdf: 0.0128  grad_norm: 1.9847
2026/09/22 20:43:33 - mmengine - INFO - Exp name: rpgv_v2_stage1_rgb_20260922_144802
2026/09/22 20:43:33 - mmengine - INFO - Iter(train) [40000/40000]  base_lr: 0.0000e+00 lr: 0.0000e+00  eta: 0:00:00  time: 0.3424  data_time: 0.0126  memory: 6224  loss: 0.3400  loss_final: 0.0838  loss_rgb: 0.1073  loss_coarse: 0.0248  loss_region_consistency: 0.0001  loss_boundary: 0.1191  loss_sdf: 0.0048  grad_norm: 1.8248
2026/09/22 20:43:33 - mmengine - INFO - Saving checkpoint at 40000 iterations
2026/09/22 20:44:20 - mmengine - INFO - Iter(val) [ 50/304]    eta: 0:03:49  time: 0.9026  data_time: 0.0116  memory: 1100  
2026/09/22 20:45:30 - mmengine - INFO - Iter(val) [100/304]    eta: 0:03:56  time: 1.3552  data_time: 0.0130  memory: 1100  
2026/09/22 20:46:37 - mmengine - INFO - Iter(val) [150/304]    eta: 0:03:07  time: 1.2909  data_time: 0.0120  memory: 1100  
2026/09/22 20:47:41 - mmengine - INFO - Iter(val) [200/304]    eta: 0:02:08  time: 1.2947  data_time: 0.0117  memory: 1100  
2026/09/22 20:48:46 - mmengine - INFO - Iter(val) [250/304]    eta: 0:01:07  time: 1.2882  data_time: 0.0118  memory: 1100  
2026/09/22 20:49:48 - mmengine - INFO - Iter(val) [300/304]    eta: 0:00:04  time: 1.2457  data_time: 0.0116  memory: 1100  
2026/09/22 20:49:54 - mmengine - INFO - per class results:
2026/09/22 20:49:54 - mmengine - INFO - 
+------------------+-------+-------+-------+--------+-----------+--------+
|      Class       |  IoU  |  Acc  |  Dice | Fscore | Precision | Recall |
+------------------+-------+-------+-------+--------+-----------+--------+
|    background    | 97.33 | 98.13 | 98.65 | 98.65  |   99.17   | 98.13  |
| wastewater_plant | 74.82 | 90.73 |  85.6 |  85.6  |   81.01   | 90.73  |
+------------------+-------+-------+-------+--------+-----------+--------+
2026/09/22 20:49:54 - mmengine - INFO - Iter(val) [304/304]    aAcc: 97.5300  mIoU: 86.0800  mAcc: 94.4300  mDice: 92.1200  mFscore: 92.1200  mPrecision: 90.0900  mRecall: 94.4300  binary/Foreground_IoU: 74.8177  binary/Dice: 85.5951  binary/F1: 85.5951  binary/Precision: 81.0131  binary/Recall: 90.7266  binary/Boundary_F1: 14.4006  binary/BFScore: 14.4006  binary/Boundary_Precision: 11.7271  binary/Boundary_Recall: 18.6529  binary/Hausdorff_px: 420.3607  binary/HD95_px: 291.8730  binary/Hausdorff_m: 210.1803  binary/HD95_m: 145.9365  data_time: 0.0127  time: 1.2486
