2026/09/18 15:11:25 - mmengine - INFO - 
------------------------------------------------------------
System environment:
    sys.platform: linux
    Python: 3.10.13 (main, Sep 11 2023, 13:44:35) [GCC 11.2.0]
    CUDA available: True
    MUSA available: False
    numpy_random_seed: 42
    GPU 0: NVIDIA L4
    CUDA_HOME: /usr/local/cuda
    NVCC: Cuda compilation tools, release 12.1, V12.1.105
    GCC: gcc (Ubuntu 9.4.0-1ubuntu1~20.04.2) 9.4.0
    PyTorch: 2.1.2
    PyTorch compiling details: PyTorch built with:
  - GCC 9.3
  - C++ Version: 201703
  - Intel(R) oneAPI Math Kernel Library Version 2023.1-Product Build 20230303 for Intel(R) 64 architecture applications
  - Intel(R) MKL-DNN v3.1.1 (Git Hash 64f6bcbcbab628e96f33a62c3e975f8535a7bde4)
  - OpenMP 201511 (a.k.a. OpenMP 4.5)
  - LAPACK is enabled (usually provided by MKL)
  - NNPACK is enabled
  - CPU capability usage: AVX512
  - CUDA Runtime 12.1
  - NVCC architecture flags: -gencode;arch=compute_50,code=sm_50;-gencode;arch=compute_60,code=sm_60;-gencode;arch=compute_61,code=sm_61;-gencode;arch=compute_70,code=sm_70;-gencode;arch=compute_75,code=sm_75;-gencode;arch=compute_80,code=sm_80;-gencode;arch=compute_86,code=sm_86;-gencode;arch=compute_90,code=sm_90
  - CuDNN 8.9.2
  - Magma 2.6.1
  - Build settings: BLAS_INFO=mkl, BUILD_TYPE=Release, CUDA_VERSION=12.1, CUDNN_VERSION=8.9.2, CXX_COMPILER=/opt/rh/devtoolset-9/root/usr/bin/c++, CXX_FLAGS= -D_GLIBCXX_USE_CXX11_ABI=0 -fabi-version=11 -fvisibility-inlines-hidden -DUSE_PTHREADPOOL -DNDEBUG -DUSE_KINETO -DLIBKINETO_NOROCTRACER -DUSE_FBGEMM -DUSE_QNNPACK -DUSE_PYTORCH_QNNPACK -DUSE_XNNPACK -DSYMBOLICATE_MOBILE_DEBUG_HANDLE -O2 -fPIC -Wall -Wextra -Werror=return-type -Werror=non-virtual-dtor -Werror=bool-operation -Wnarrowing -Wno-missing-field-initializers -Wno-type-limits -Wno-array-bounds -Wno-unknown-pragmas -Wno-unused-parameter -Wno-unused-function -Wno-unused-result -Wno-strict-overflow -Wno-strict-aliasing -Wno-stringop-overflow -Wno-psabi -Wno-error=pedantic -Wno-error=old-style-cast -Wno-invalid-partial-specialization -Wno-unused-private-field -Wno-aligned-allocation-unavailable -Wno-missing-braces -fdiagnostics-color=always -faligned-new -Wno-unused-but-set-variable -Wno-maybe-uninitialized -fno-math-errno -fno-trapping-math -Werror=format -Werror=cast-function-type -Wno-stringop-overflow, LAPACK_INFO=mkl, PERF_WITH_AVX=1, PERF_WITH_AVX2=1, PERF_WITH_AVX512=1, TORCH_DISABLE_GPU_ASSERTS=ON, TORCH_VERSION=2.1.2, USE_CUDA=ON, USE_CUDNN=ON, USE_EXCEPTION_PTR=1, USE_GFLAGS=OFF, USE_GLOG=OFF, USE_MKL=ON, USE_MKLDNN=ON, USE_MPI=OFF, USE_NCCL=ON, USE_NNPACK=ON, USE_OPENMP=ON, USE_ROCM=OFF, 

    TorchVision: 0.16.2
    OpenCV: 4.9.0
    MMEngine: 0.10.7

Runtime environment:
    cudnn_benchmark: True
    mp_cfg: {'mp_start_method': 'fork', 'opencv_num_threads': 0}
    dist_cfg: {'backend': 'nccl'}
    seed: 42
    deterministic: False
    Distributed launcher: none
    Distributed training: False
    GPU number: 1
------------------------------------------------------------

2026/09/18 15:11:25 - mmengine - INFO - Config:
auto_scale_lr = dict(base_batch_size=16, enable=False)
crop_size = (
    512,
    512,
)
custom_imports = dict(
    allow_failed_imports=False, imports=[
        'wwtpseg',
        'mmdet.models',
    ])
data_preprocessor = dict(
    bgr_to_rgb=True,
    mean=[
        123.675,
        116.28,
        103.53,
    ],
    pad_val=0,
    seg_pad_val=255,
    size=(
        512,
        512,
    ),
    std=[
        58.395,
        57.12,
        57.375,
    ],
    test_cfg=dict(size_divisor=32),
    type='SegDataPreProcessor')
data_root = '/workspace/wwtp_semantic_dataset'
dataset_type = 'WWTPDataset'
default_hooks = dict(
    checkpoint=dict(
        by_epoch=False,
        interval=500,
        max_keep_ckpts=3,
        rule='greater',
        save_best='binary/Foreground_IoU',
        type='CheckpointHook'),
    logger=dict(interval=50, log_metric_by_epoch=False, type='LoggerHook'),
    param_scheduler=dict(type='ParamSchedulerHook'),
    sampler_seed=dict(type='DistSamplerSeedHook'),
    timer=dict(type='IterTimerHook'),
    visualization=dict(type='SegVisualizationHook'))
default_scope = 'mmseg'
env_cfg = dict(
    cudnn_benchmark=True,
    dist_cfg=dict(backend='nccl'),
    mp_cfg=dict(mp_start_method='fork', opencv_num_threads=0))
launcher = 'none'
load_from = None
log_level = 'INFO'
log_processor = dict(by_epoch=False)
metrics = [
    dict(
        iou_metrics=[
            'mIoU',
            'mDice',
            'mFscore',
        ],
        nan_to_num=0,
        type='IoUMetric'),
    dict(boundary_tolerance=3, pixel_size_m=0.5, type='BinaryBoundaryMetric'),
]
model = dict(
    backbone=dict(
        attn_drop_rate=0.0,
        depths=[
            2,
            2,
            6,
            2,
        ],
        drop_path_rate=0.3,
        drop_rate=0.0,
        embed_dims=96,
        frozen_stages=-1,
        init_cfg=dict(
            checkpoint=
            'https://download.openmmlab.com/mmsegmentation/v0.5/pretrain/swin/swin_tiny_patch4_window7_224_20220317-1cdeb081.pth',
            type='Pretrained'),
        mlp_ratio=4,
        num_heads=[
            3,
            6,
            12,
            24,
        ],
        out_indices=(
            0,
            1,
            2,
            3,
        ),
        patch_norm=True,
        qk_scale=None,
        qkv_bias=True,
        type='SwinTransformer',
        window_size=7,
        with_cp=False),
    data_preprocessor=dict(
        bgr_to_rgb=True,
        mean=[
            123.675,
            116.28,
            103.53,
        ],
        pad_val=0,
        seg_pad_val=255,
        size=(
            512,
            512,
        ),
        std=[
            58.395,
            57.12,
            57.375,
        ],
        test_cfg=dict(size_divisor=32),
        type='SegDataPreProcessor'),
    decode_head=dict(
        align_corners=False,
        enforce_decoder_input_project=False,
        feat_channels=256,
        in_channels=[
            96,
            192,
            384,
            768,
        ],
        loss_cls=dict(
            class_weight=[
                1.0,
                1.0,
                0.1,
            ],
            loss_weight=2.0,
            reduction='mean',
            type='mmdet.CrossEntropyLoss',
            use_sigmoid=False),
        loss_dice=dict(
            activate=True,
            eps=1.0,
            loss_weight=5.0,
            naive_dice=True,
            reduction='mean',
            type='mmdet.DiceLoss',
            use_sigmoid=True),
        loss_mask=dict(
            loss_weight=5.0,
            reduction='mean',
            type='mmdet.CrossEntropyLoss',
            use_sigmoid=True),
        num_classes=2,
        num_queries=100,
        num_transformer_feat_level=3,
        out_channels=256,
        pixel_decoder=dict(
            act_cfg=dict(type='ReLU'),
            encoder=dict(
                init_cfg=None,
                layer_cfg=dict(
                    ffn_cfg=dict(
                        act_cfg=dict(inplace=True, type='ReLU'),
                        embed_dims=256,
                        feedforward_channels=1024,
                        ffn_drop=0.0,
                        num_fcs=2),
                    self_attn_cfg=dict(
                        batch_first=True,
                        dropout=0.0,
                        embed_dims=256,
                        im2col_step=64,
                        init_cfg=None,
                        norm_cfg=None,
                        num_heads=8,
                        num_levels=3,
                        num_points=4)),
                num_layers=6),
            init_cfg=None,
            norm_cfg=dict(num_groups=32, type='GN'),
            num_outs=3,
            positional_encoding=dict(normalize=True, num_feats=128),
            type='mmdet.MSDeformAttnPixelDecoder'),
        positional_encoding=dict(normalize=True, num_feats=128),
        strides=[
            4,
            8,
            16,
            32,
        ],
        train_cfg=dict(
            assigner=dict(
                match_costs=[
                    dict(type='mmdet.ClassificationCost', weight=2.0),
                    dict(
                        type='mmdet.CrossEntropyLossCost',
                        use_sigmoid=True,
                        weight=5.0),
                    dict(
                        eps=1.0,
                        pred_act=True,
                        type='mmdet.DiceCost',
                        weight=5.0),
                ],
                type='mmdet.HungarianAssigner'),
            importance_sample_ratio=0.75,
            num_points=12544,
            oversample_ratio=3.0,
            sampler=dict(type='mmdet.MaskPseudoSampler')),
        transformer_decoder=dict(
            init_cfg=None,
            layer_cfg=dict(
                cross_attn_cfg=dict(
                    attn_drop=0.0,
                    batch_first=True,
                    dropout_layer=None,
                    embed_dims=256,
                    num_heads=8,
                    proj_drop=0.0),
                ffn_cfg=dict(
                    act_cfg=dict(inplace=True, type='ReLU'),
                    add_identity=True,
                    dropout_layer=None,
                    embed_dims=256,
                    feedforward_channels=2048,
                    ffn_drop=0.0,
                    num_fcs=2),
                self_attn_cfg=dict(
                    attn_drop=0.0,
                    batch_first=True,
                    dropout_layer=None,
                    embed_dims=256,
                    num_heads=8,
                    proj_drop=0.0)),
            num_layers=9,
            return_intermediate=True),
        type='Mask2FormerHead'),
    test_cfg=dict(crop_size=(
        512,
        512,
    ), mode='slide', stride=(
        384,
        384,
    )),
    train_cfg=dict(),
    type='EncoderDecoder')
norm_cfg = dict(requires_grad=True, type='SyncBN')
num_classes = 2
optim_wrapper = dict(
    clip_grad=dict(max_norm=0.01, norm_type=2),
    optimizer=dict(
        betas=(
            0.9,
            0.999,
        ),
        eps=1e-08,
        lr=0.0001,
        type='AdamW',
        weight_decay=0.05),
    paramwise_cfg=dict(
        custom_keys=dict(
            backbone=dict(decay_mult=1.0, lr_mult=0.1),
            level_embed=dict(decay_mult=0.0, lr_mult=1.0),
            query_embed=dict(decay_mult=0.0, lr_mult=1.0),
            query_feat=dict(decay_mult=0.0, lr_mult=1.0),
            relative_position_bias_table=dict(decay_mult=0.0, lr_mult=0.1)),
        norm_decay_mult=0.0),
    type='OptimWrapper')
param_scheduler = [
    dict(
        begin=0, by_epoch=False, end=300, start_factor=1e-06, type='LinearLR'),
    dict(
        begin=300,
        by_epoch=False,
        end=3000,
        eta_min=0.0,
        power=0.9,
        type='PolyLR'),
]
pretrained = 'https://download.openmmlab.com/mmsegmentation/v0.5/pretrain/swin/swin_tiny_patch4_window7_224_20220317-1cdeb081.pth'
randomness = dict(deterministic=False, seed=42)
resume = False
test_cfg = dict(type='TestLoop')
test_dataloader = dict(
    batch_size=1,
    dataset=dict(
        data_prefix=dict(
            img_path='images/test', seg_map_path='annotations/test'),
        data_root='/workspace/wwtp_semantic_dataset',
        pipeline=[
            dict(type='LoadImageFromFile'),
            dict(type='LoadAnnotations'),
            dict(type='PackSegInputs'),
        ],
        type='WWTPDataset'),
    num_workers=2,
    persistent_workers=True,
    sampler=dict(shuffle=False, type='DefaultSampler'))
test_evaluator = [
    dict(
        iou_metrics=[
            'mIoU',
            'mDice',
            'mFscore',
        ],
        nan_to_num=0,
        type='IoUMetric'),
    dict(boundary_tolerance=3, pixel_size_m=0.5, type='BinaryBoundaryMetric'),
]
test_pipeline = [
    dict(type='LoadImageFromFile'),
    dict(type='LoadAnnotations'),
    dict(type='PackSegInputs'),
]
train_cfg = dict(max_iters=3000, type='IterBasedTrainLoop', val_interval=500)
train_dataloader = dict(
    batch_size=4,
    dataset=dict(
        data_prefix=dict(
            img_path='images/train', seg_map_path='annotations/train'),
        data_root='/workspace/wwtp_semantic_dataset',
        pipeline=[
            dict(type='LoadImageFromFile'),
            dict(type='LoadAnnotations'),
            dict(
                keep_ratio=True,
                ratio_range=(
                    0.5,
                    1.5,
                ),
                scale=(
                    2048,
                    2048,
                ),
                type='RandomResize'),
            dict(
                degree=180,
                pad_val=0,
                prob=0.5,
                seg_pad_val=255,
                type='RandomRotate'),
            dict(
                crop_size=(
                    512,
                    512,
                ),
                edge_margin_ratio=0.15,
                foreground_label=1,
                foreground_prob=0.8,
                min_foreground_pixels=64,
                type='RandomForegroundCrop'),
            dict(
                direction=[
                    'horizontal',
                    'vertical',
                    'diagonal',
                ],
                prob=0.75,
                type='RandomFlip'),
            dict(type='PhotoMetricDistortion'),
            dict(type='PackSegInputs'),
        ],
        type='WWTPDataset'),
    num_workers=4,
    persistent_workers=True,
    sampler=dict(shuffle=True, type='InfiniteSampler'))
train_pipeline = [
    dict(type='LoadImageFromFile'),
    dict(type='LoadAnnotations'),
    dict(
        keep_ratio=True,
        ratio_range=(
            0.5,
            1.5,
        ),
        scale=(
            2048,
            2048,
        ),
        type='RandomResize'),
    dict(
        degree=180, pad_val=0, prob=0.5, seg_pad_val=255, type='RandomRotate'),
    dict(
        crop_size=(
            512,
            512,
        ),
        edge_margin_ratio=0.15,
        foreground_label=1,
        foreground_prob=0.8,
        min_foreground_pixels=64,
        type='RandomForegroundCrop'),
    dict(
        direction=[
            'horizontal',
            'vertical',
            'diagonal',
        ],
        prob=0.75,
        type='RandomFlip'),
    dict(type='PhotoMetricDistortion'),
    dict(type='PackSegInputs'),
]
val_cfg = dict(type='ValLoop')
val_dataloader = dict(
    batch_size=1,
    dataset=dict(
        data_prefix=dict(
            img_path='images/val', seg_map_path='annotations/val'),
        data_root='/workspace/wwtp_semantic_dataset',
        pipeline=[
            dict(type='LoadImageFromFile'),
            dict(type='LoadAnnotations'),
            dict(type='PackSegInputs'),
        ],
        type='WWTPDataset'),
    num_workers=2,
    persistent_workers=True,
    sampler=dict(shuffle=False, type='DefaultSampler'))
val_evaluator = [
    dict(
        iou_metrics=[
            'mIoU',
            'mDice',
            'mFscore',
        ],
        nan_to_num=0,
        type='IoUMetric'),
    dict(boundary_tolerance=3, pixel_size_m=0.5, type='BinaryBoundaryMetric'),
]
vis_backends = [
    dict(type='LocalVisBackend'),
]
visualizer = dict(
    name='visualizer',
    type='SegLocalVisualizer',
    vis_backends=[
        dict(type='LocalVisBackend'),
    ])
work_dir = 'work_dirs/mask2former'

2026/09/18 15:11:27 - mmengine - INFO - Distributed training is not used, all SyncBatchNorm (SyncBN) layers in the model will be automatically reverted to BatchNormXd layers if they are used.
2026/09/18 15:11:27 - mmengine - INFO - Hooks will be executed in the following order:
before_run:
(VERY_HIGH   ) RuntimeInfoHook                    
(BELOW_NORMAL) LoggerHook                         
 -------------------- 
before_train:
(VERY_HIGH   ) RuntimeInfoHook                    
(NORMAL      ) IterTimerHook                      
(VERY_LOW    ) CheckpointHook                     
 -------------------- 
before_train_epoch:
(VERY_HIGH   ) RuntimeInfoHook                    
(NORMAL      ) IterTimerHook                      
(NORMAL      ) DistSamplerSeedHook                
 -------------------- 
before_train_iter:
(VERY_HIGH   ) RuntimeInfoHook                    
(NORMAL      ) IterTimerHook                      
 -------------------- 
after_train_iter:
(VERY_HIGH   ) RuntimeInfoHook                    
(NORMAL      ) IterTimerHook                      
(NORMAL      ) SegVisualizationHook               
(BELOW_NORMAL) LoggerHook                         
(LOW         ) ParamSchedulerHook                 
(VERY_LOW    ) CheckpointHook                     
 -------------------- 
after_train_epoch:
(NORMAL      ) IterTimerHook                      
(LOW         ) ParamSchedulerHook                 
(VERY_LOW    ) CheckpointHook                     
 -------------------- 
before_val:
(VERY_HIGH   ) RuntimeInfoHook                    
 -------------------- 
before_val_epoch:
(NORMAL      ) IterTimerHook                      
 -------------------- 
before_val_iter:
(NORMAL      ) IterTimerHook                      
 -------------------- 
after_val_iter:
(NORMAL      ) IterTimerHook                      
(NORMAL      ) SegVisualizationHook               
(BELOW_NORMAL) LoggerHook                         
 -------------------- 
after_val_epoch:
(VERY_HIGH   ) RuntimeInfoHook                    
(NORMAL      ) IterTimerHook                      
(BELOW_NORMAL) LoggerHook                         
(LOW         ) ParamSchedulerHook                 
(VERY_LOW    ) CheckpointHook                     
 -------------------- 
after_val:
(VERY_HIGH   ) RuntimeInfoHook                    
 -------------------- 
after_train:
(VERY_HIGH   ) RuntimeInfoHook                    
(VERY_LOW    ) CheckpointHook                     
 -------------------- 
before_test:
(VERY_HIGH   ) RuntimeInfoHook                    
 -------------------- 
before_test_epoch:
(NORMAL      ) IterTimerHook                      
 -------------------- 
before_test_iter:
(NORMAL      ) IterTimerHook                      
 -------------------- 
after_test_iter:
(NORMAL      ) IterTimerHook                      
(NORMAL      ) SegVisualizationHook               
(BELOW_NORMAL) LoggerHook                         
 -------------------- 
after_test_epoch:
(VERY_HIGH   ) RuntimeInfoHook                    
(NORMAL      ) IterTimerHook                      
(BELOW_NORMAL) LoggerHook                         
 -------------------- 
after_test:
(VERY_HIGH   ) RuntimeInfoHook                    
 -------------------- 
after_run:
(BELOW_NORMAL) LoggerHook                         
 -------------------- 
2026/09/18 15:11:27 - mmengine - INFO - paramwise_options -- backbone.patch_embed.projection.weight:lr=1e-05
2026/09/18 15:11:27 - mmengine - INFO - paramwise_options -- backbone.patch_embed.projection.weight:weight_decay=0.05
2026/09/18 15:11:27 - mmengine - INFO - paramwise_options -- backbone.patch_embed.projection.weight:lr_mult=0.1
2026/09/18 15:11:27 - mmengine - INFO - paramwise_options -- backbone.patch_embed.projection.weight:decay_mult=1.0
2026/09/18 15:11:27 - mmengine - INFO - paramwise_options -- backbone.patch_embed.projection.bias:lr=1e-05
2026/09/18 15:11:27 - mmengine - INFO - paramwise_options -- backbone.patch_embed.projection.bias:weight_decay=0.05
2026/09/18 15:11:27 - mmengine - INFO - paramwise_options -- backbone.patch_embed.projection.bias:lr_mult=0.1
2026/09/18 15:11:27 - mmengine - INFO - paramwise_options -- backbone.patch_embed.projection.bias:decay_mult=1.0
2026/09/18 15:11:27 - mmengine - INFO - paramwise_options -- backbone.patch_embed.norm.weight:lr=1e-05
2026/09/18 15:11:27 - mmengine - INFO - paramwise_options -- backbone.patch_embed.norm.weight:weight_decay=0.05
2026/09/18 15:11:27 - mmengine - INFO - paramwise_options -- backbone.patch_embed.norm.weight:lr_mult=0.1
2026/09/18 15:11:27 - mmengine - INFO - paramwise_options -- backbone.patch_embed.norm.weight:decay_mult=1.0
2026/09/18 15:11:27 - mmengine - INFO - paramwise_options -- backbone.patch_embed.norm.bias:lr=1e-05
2026/09/18 15:11:27 - mmengine - INFO - paramwise_options -- backbone.patch_embed.norm.bias:weight_decay=0.05
2026/09/18 15:11:27 - mmengine - INFO - paramwise_options -- backbone.patch_embed.norm.bias:lr_mult=0.1
2026/09/18 15:11:27 - mmengine - INFO - paramwise_options -- backbone.patch_embed.norm.bias:decay_mult=1.0
2026/09/18 15:11:27 - mmengine - INFO - paramwise_options -- backbone.stages.0.blocks.0.norm1.weight:lr=1e-05
2026/09/18 15:11:27 - mmengine - INFO - paramwise_options -- backbone.stages.0.blocks.0.norm1.weight:weight_decay=0.05
2026/09/18 15:11:27 - mmengine - INFO - paramwise_options -- backbone.stages.0.blocks.0.norm1.weight:lr_mult=0.1
2026/09/18 15:11:27 - mmengine - INFO - paramwise_options -- backbone.stages.0.blocks.0.norm1.weight:decay_mult=1.0
2026/09/18 15:11:27 - mmengine - INFO - paramwise_options -- backbone.stages.0.blocks.0.norm1.bias:lr=1e-05
2026/09/18 15:11:27 - mmengine - INFO - paramwise_options -- backbone.stages.0.blocks.0.norm1.bias:weight_decay=0.05
2026/09/18 15:11:27 - mmengine - INFO - paramwise_options -- backbone.stages.0.blocks.0.norm1.bias:lr_mult=0.1
2026/09/18 15:11:27 - mmengine - INFO - paramwise_options -- backbone.stages.0.blocks.0.norm1.bias:decay_mult=1.0
2026/09/18 15:11:27 - mmengine - INFO - paramwise_options -- backbone.stages.0.blocks.0.attn.w_msa.relative_position_bias_table:lr=1e-05
2026/09/18 15:11:27 - mmengine - INFO - paramwise_options -- backbone.stages.0.blocks.0.attn.w_msa.relative_position_bias_table:weight_decay=0.0
2026/09/18 15:11:27 - mmengine - INFO - paramwise_options -- backbone.stages.0.blocks.0.attn.w_msa.relative_position_bias_table:lr_mult=0.1
2026/09/18 15:11:27 - mmengine - INFO - paramwise_options -- backbone.stages.0.blocks.0.attn.w_msa.relative_position_bias_table:decay_mult=0.0
2026/09/18 15:11:27 - mmengine - INFO - paramwise_options -- backbone.stages.0.blocks.0.attn.w_msa.qkv.weight:lr=1e-05
2026/09/18 15:11:27 - mmengine - INFO - paramwise_options -- backbone.stages.0.blocks.0.attn.w_msa.qkv.weight:weight_decay=0.05
2026/09/18 15:11:27 - mmengine - INFO - paramwise_options -- backbone.stages.0.blocks.0.attn.w_msa.qkv.weight:lr_mult=0.1
2026/09/18 15:11:27 - mmengine - INFO - paramwise_options -- backbone.stages.0.blocks.0.attn.w_msa.qkv.weight:decay_mult=1.0
2026/09/18 15:11:27 - mmengine - INFO - paramwise_options -- backbone.stages.0.blocks.0.attn.w_msa.qkv.bias:lr=1e-05
2026/09/18 15:11:27 - mmengine - INFO - paramwise_options -- backbone.stages.0.blocks.0.attn.w_msa.qkv.bias:weight_decay=0.05
2026/09/18 15:11:27 - mmengine - INFO - paramwise_options -- backbone.stages.0.blocks.0.attn.w_msa.qkv.bias:lr_mult=0.1
2026/09/18 15:11:27 - mmengine - INFO - paramwise_options -- backbone.stages.0.blocks.0.attn.w_msa.qkv.bias:decay_mult=1.0
2026/09/18 15:11:27 - mmengine - INFO - paramwise_options -- backbone.stages.0.blocks.0.attn.w_msa.proj.weight:lr=1e-05
2026/09/18 15:11:27 - mmengine - INFO - paramwise_options -- backbone.stages.0.blocks.0.attn.w_msa.proj.weight:weight_decay=0.05
2026/09/18 15:11:27 - mmengine - INFO - paramwise_options -- backbone.stages.0.blocks.0.attn.w_msa.proj.weight:lr_mult=0.1
2026/09/18 15:11:27 - mmengine - INFO - paramwise_options -- backbone.stages.0.blocks.0.attn.w_msa.proj.weight:decay_mult=1.0
2026/09/18 15:11:27 - mmengine - INFO - paramwise_options -- backbone.stages.0.blocks.0.attn.w_msa.proj.bias:lr=1e-05
2026/09/18 15:11:27 - mmengine - INFO - paramwise_options -- backbone.stages.0.blocks.0.attn.w_msa.proj.bias:weight_decay=0.05
2026/09/18 15:11:27 - mmengine - INFO - paramwise_options -- backbone.stages.0.blocks.0.attn.w_msa.proj.bias:lr_mult=0.1
2026/09/18 15:11:27 - mmengine - INFO - paramwise_options -- backbone.stages.0.blocks.0.attn.w_msa.proj.bias:decay_mult=1.0
2026/09/18 15:11:27 - mmengine - INFO - paramwise_options -- backbone.stages.0.blocks.0.norm2.weight:lr=1e-05
2026/09/18 15:11:27 - mmengine - INFO - paramwise_options -- backbone.stages.0.blocks.0.norm2.weight:weight_decay=0.05
2026/09/18 15:11:27 - mmengine - INFO - paramwise_options -- backbone.stages.0.blocks.0.norm2.weight:lr_mult=0.1
2026/09/18 15:11:27 - mmengine - INFO - paramwise_options -- backbone.stages.0.blocks.0.norm2.weight:decay_mult=1.0
2026/09/18 15:11:27 - mmengine - INFO - paramwise_options -- backbone.stages.0.blocks.0.norm2.bias:lr=1e-05
2026/09/18 15:11:27 - mmengine - INFO - paramwise_options -- backbone.stages.0.blocks.0.norm2.bias:weight_decay=0.05
2026/09/18 15:11:27 - mmengine - INFO - paramwise_options -- backbone.stages.0.blocks.0.norm2.bias:lr_mult=0.1
2026/09/18 15:11:27 - mmengine - INFO - paramwise_options -- backbone.stages.0.blocks.0.norm2.bias:decay_mult=1.0
2026/09/18 15:11:27 - mmengine - INFO - paramwise_options -- backbone.stages.0.blocks.0.ffn.layers.0.0.weight:lr=1e-05
2026/09/18 15:11:27 - mmengine - INFO - paramwise_options -- backbone.stages.0.blocks.0.ffn.layers.0.0.weight:weight_decay=0.05
2026/09/18 15:11:27 - mmengine - INFO - paramwise_options -- backbone.stages.0.blocks.0.ffn.layers.0.0.weight:lr_mult=0.1
2026/09/18 15:11:27 - mmengine - INFO - paramwise_options -- backbone.stages.0.blocks.0.ffn.layers.0.0.weight:decay_mult=1.0
2026/09/18 15:11:27 - mmengine - INFO - paramwise_options -- backbone.stages.0.blocks.0.ffn.layers.0.0.bias:lr=1e-05
2026/09/18 15:11:27 - mmengine - INFO - paramwise_options -- backbone.stages.0.blocks.0.ffn.layers.0.0.bias:weight_decay=0.05
2026/09/18 15:11:27 - mmengine - INFO - paramwise_options -- backbone.stages.0.blocks.0.ffn.layers.0.0.bias:lr_mult=0.1
2026/09/18 15:11:27 - mmengine - INFO - paramwise_options -- backbone.stages.0.blocks.0.ffn.layers.0.0.bias:decay_mult=1.0
2026/09/18 15:11:27 - mmengine - INFO - paramwise_options -- backbone.stages.0.blocks.0.ffn.layers.1.weight:lr=1e-05
2026/09/18 15:11:27 - mmengine - INFO - paramwise_options -- backbone.stages.0.blocks.0.ffn.layers.1.weight:weight_decay=0.05
2026/09/18 15:11:27 - mmengine - INFO - paramwise_options -- backbone.stages.0.blocks.0.ffn.layers.1.weight:lr_mult=0.1
2026/09/18 15:11:27 - mmengine - INFO - paramwise_options -- backbone.stages.0.blocks.0.ffn.layers.1.weight:decay_mult=1.0
2026/09/18 15:11:27 - mmengine - INFO - paramwise_options -- backbone.stages.0.blocks.0.ffn.layers.1.bias:lr=1e-05
2026/09/18 15:11:27 - mmengine - INFO - paramwise_options -- backbone.stages.0.blocks.0.ffn.layers.1.bias:weight_decay=0.05
2026/09/18 15:11:27 - mmengine - INFO - paramwise_options -- backbone.stages.0.blocks.0.ffn.layers.1.bias:lr_mult=0.1
2026/09/18 15:11:27 - mmengine - INFO - paramwise_options -- backbone.stages.0.blocks.0.ffn.layers.1.bias:decay_mult=1.0
2026/09/18 15:11:27 - mmengine - INFO - paramwise_options -- backbone.stages.0.blocks.1.norm1.weight:lr=1e-05
2026/09/18 15:11:27 - mmengine - INFO - paramwise_options -- backbone.stages.0.blocks.1.norm1.weight:weight_decay=0.05
2026/09/18 15:11:27 - mmengine - INFO - paramwise_options -- backbone.stages.0.blocks.1.norm1.weight:lr_mult=0.1
2026/09/18 15:11:27 - mmengine - INFO - paramwise_options -- backbone.stages.0.blocks.1.norm1.weight:decay_mult=1.0
2026/09/18 15:11:27 - mmengine - INFO - paramwise_options -- backbone.stages.0.blocks.1.norm1.bias:lr=1e-05
2026/09/18 15:11:27 - mmengine - INFO - paramwise_options -- backbone.stages.0.blocks.1.norm1.bias:weight_decay=0.05
2026/09/18 15:11:27 - mmengine - INFO - paramwise_options -- backbone.stages.0.blocks.1.norm1.bias:lr_mult=0.1
2026/09/18 15:11:27 - mmengine - INFO - paramwise_options -- backbone.stages.0.blocks.1.norm1.bias:decay_mult=1.0
2026/09/18 15:11:27 - mmengine - INFO - paramwise_options -- backbone.stages.0.blocks.1.attn.w_msa.relative_position_bias_table:lr=1e-05
2026/09/18 15:11:27 - mmengine - INFO - paramwise_options -- backbone.stages.0.blocks.1.attn.w_msa.relative_position_bias_table:weight_decay=0.0
2026/09/18 15:11:27 - mmengine - INFO - paramwise_options -- backbone.stages.0.blocks.1.attn.w_msa.relative_position_bias_table:lr_mult=0.1
2026/09/18 15:11:27 - mmengine - INFO - paramwise_options -- backbone.stages.0.blocks.1.attn.w_msa.relative_position_bias_table:decay_mult=0.0
2026/09/18 15:11:27 - mmengine - INFO - paramwise_options -- backbone.stages.0.blocks.1.attn.w_msa.qkv.weight:lr=1e-05
2026/09/18 15:11:27 - mmengine - INFO - paramwise_options -- backbone.stages.0.blocks.1.attn.w_msa.qkv.weight:weight_decay=0.05
2026/09/18 15:11:27 - mmengine - INFO - paramwise_options -- backbone.stages.0.blocks.1.attn.w_msa.qkv.weight:lr_mult=0.1
2026/09/18 15:11:27 - mmengine - INFO - paramwise_options -- backbone.stages.0.blocks.1.attn.w_msa.qkv.weight:decay_mult=1.0
2026/09/18 15:11:27 - mmengine - INFO - paramwise_options -- backbone.stages.0.blocks.1.attn.w_msa.qkv.bias:lr=1e-05
2026/09/18 15:11:27 - mmengine - INFO - paramwise_options -- backbone.stages.0.blocks.1.attn.w_msa.qkv.bias:weight_decay=0.05
2026/09/18 15:11:27 - mmengine - INFO - paramwise_options -- backbone.stages.0.blocks.1.attn.w_msa.qkv.bias:lr_mult=0.1
2026/09/18 15:11:27 - mmengine - INFO - paramwise_options -- backbone.stages.0.blocks.1.attn.w_msa.qkv.bias:decay_mult=1.0
2026/09/18 15:11:27 - mmengine - INFO - paramwise_options -- backbone.stages.0.blocks.1.attn.w_msa.proj.weight:lr=1e-05
2026/09/18 15:11:27 - mmengine - INFO - paramwise_options -- backbone.stages.0.blocks.1.attn.w_msa.proj.weight:weight_decay=0.05
2026/09/18 15:11:27 - mmengine - INFO - paramwise_options -- backbone.stages.0.blocks.1.attn.w_msa.proj.weight:lr_mult=0.1
2026/09/18 15:11:27 - mmengine - INFO - paramwise_options -- backbone.stages.0.blocks.1.attn.w_msa.proj.weight:decay_mult=1.0
2026/09/18 15:11:27 - mmengine - INFO - paramwise_options -- backbone.stages.0.blocks.1.attn.w_msa.proj.bias:lr=1e-05
2026/09/18 15:11:27 - mmengine - INFO - paramwise_options -- backbone.stages.0.blocks.1.attn.w_msa.proj.bias:weight_decay=0.05
2026/09/18 15:11:27 - mmengine - INFO - paramwise_options -- backbone.stages.0.blocks.1.attn.w_msa.proj.bias:lr_mult=0.1
2026/09/18 15:11:27 - mmengine - INFO - paramwise_options -- backbone.stages.0.blocks.1.attn.w_msa.proj.bias:decay_mult=1.0
2026/09/18 15:11:27 - mmengine - INFO - paramwise_options -- backbone.stages.0.blocks.1.norm2.weight:lr=1e-05
2026/09/18 15:11:27 - mmengine - INFO - paramwise_options -- backbone.stages.0.blocks.1.norm2.weight:weight_decay=0.05
2026/09/18 15:11:27 - mmengine - INFO - paramwise_options -- backbone.stages.0.blocks.1.norm2.weight:lr_mult=0.1
2026/09/18 15:11:27 - mmengine - INFO - paramwise_options -- backbone.stages.0.blocks.1.norm2.weight:decay_mult=1.0
2026/09/18 15:11:27 - mmengine - INFO - paramwise_options -- backbone.stages.0.blocks.1.norm2.bias:lr=1e-05
2026/09/18 15:11:27 - mmengine - INFO - paramwise_options -- backbone.stages.0.blocks.1.norm2.bias:weight_decay=0.05
2026/09/18 15:11:27 - mmengine - INFO - paramwise_options -- backbone.stages.0.blocks.1.norm2.bias:lr_mult=0.1
2026/09/18 15:11:27 - mmengine - INFO - paramwise_options -- backbone.stages.0.blocks.1.norm2.bias:decay_mult=1.0
2026/09/18 15:11:27 - mmengine - INFO - paramwise_options -- backbone.stages.0.blocks.1.ffn.layers.0.0.weight:lr=1e-05
2026/09/18 15:11:27 - mmengine - INFO - paramwise_options -- backbone.stages.0.blocks.1.ffn.layers.0.0.weight:weight_decay=0.05
2026/09/18 15:11:27 - mmengine - INFO - paramwise_options -- backbone.stages.0.blocks.1.ffn.layers.0.0.weight:lr_mult=0.1
2026/09/18 15:11:27 - mmengine - INFO - paramwise_options -- backbone.stages.0.blocks.1.ffn.layers.0.0.weight:decay_mult=1.0
2026/09/18 15:11:27 - mmengine - INFO - paramwise_options -- backbone.stages.0.blocks.1.ffn.layers.0.0.bias:lr=1e-05
2026/09/18 15:11:27 - mmengine - INFO - paramwise_options -- backbone.stages.0.blocks.1.ffn.layers.0.0.bias:weight_decay=0.05
2026/09/18 15:11:27 - mmengine - INFO - paramwise_options -- backbone.stages.0.blocks.1.ffn.layers.0.0.bias:lr_mult=0.1
2026/09/18 15:11:27 - mmengine - INFO - paramwise_options -- backbone.stages.0.blocks.1.ffn.layers.0.0.bias:decay_mult=1.0
2026/09/18 15:11:27 - mmengine - INFO - paramwise_options -- backbone.stages.0.blocks.1.ffn.layers.1.weight:lr=1e-05
2026/09/18 15:11:27 - mmengine - INFO - paramwise_options -- backbone.stages.0.blocks.1.ffn.layers.1.weight:weight_decay=0.05
2026/09/18 15:11:27 - mmengine - INFO - paramwise_options -- backbone.stages.0.blocks.1.ffn.layers.1.weight:lr_mult=0.1
2026/09/18 15:11:27 - mmengine - INFO - paramwise_options -- backbone.stages.0.blocks.1.ffn.layers.1.weight:decay_mult=1.0
2026/09/18 15:11:27 - mmengine - INFO - paramwise_options -- backbone.stages.0.blocks.1.ffn.layers.1.bias:lr=1e-05
2026/09/18 15:11:27 - mmengine - INFO - paramwise_options -- backbone.stages.0.blocks.1.ffn.layers.1.bias:weight_decay=0.05
2026/09/18 15:11:27 - mmengine - INFO - paramwise_options -- backbone.stages.0.blocks.1.ffn.layers.1.bias:lr_mult=0.1
2026/09/18 15:11:27 - mmengine - INFO - paramwise_options -- backbone.stages.0.blocks.1.ffn.layers.1.bias:decay_mult=1.0
2026/09/18 15:11:27 - mmengine - INFO - paramwise_options -- backbone.stages.0.downsample.norm.weight:lr=1e-05
2026/09/18 15:11:27 - mmengine - INFO - paramwise_options -- backbone.stages.0.downsample.norm.weight:weight_decay=0.05
2026/09/18 15:11:27 - mmengine - INFO - paramwise_options -- backbone.stages.0.downsample.norm.weight:lr_mult=0.1
2026/09/18 15:11:27 - mmengine - INFO - paramwise_options -- backbone.stages.0.downsample.norm.weight:decay_mult=1.0
2026/09/18 15:11:27 - mmengine - INFO - paramwise_options -- backbone.stages.0.downsample.norm.bias:lr=1e-05
2026/09/18 15:11:27 - mmengine - INFO - paramwise_options -- backbone.stages.0.downsample.norm.bias:weight_decay=0.05
2026/09/18 15:11:27 - mmengine - INFO - paramwise_options -- backbone.stages.0.downsample.norm.bias:lr_mult=0.1
2026/09/18 15:11:27 - mmengine - INFO - paramwise_options -- backbone.stages.0.downsample.norm.bias:decay_mult=1.0
2026/09/18 15:11:27 - mmengine - INFO - paramwise_options -- backbone.stages.0.downsample.reduction.weight:lr=1e-05
2026/09/18 15:11:27 - mmengine - INFO - paramwise_options -- backbone.stages.0.downsample.reduction.weight:weight_decay=0.05
2026/09/18 15:11:27 - mmengine - INFO - paramwise_options -- backbone.stages.0.downsample.reduction.weight:lr_mult=0.1
2026/09/18 15:11:27 - mmengine - INFO - paramwise_options -- backbone.stages.0.downsample.reduction.weight:decay_mult=1.0
2026/09/18 15:11:27 - mmengine - INFO - paramwise_options -- backbone.stages.1.blocks.0.norm1.weight:lr=1e-05
2026/09/18 15:11:27 - mmengine - INFO - paramwise_options -- backbone.stages.1.blocks.0.norm1.weight:weight_decay=0.05
2026/09/18 15:11:27 - mmengine - INFO - paramwise_options -- backbone.stages.1.blocks.0.norm1.weight:lr_mult=0.1
2026/09/18 15:11:27 - mmengine - INFO - paramwise_options -- backbone.stages.1.blocks.0.norm1.weight:decay_mult=1.0
2026/09/18 15:11:27 - mmengine - INFO - paramwise_options -- backbone.stages.1.blocks.0.norm1.bias:lr=1e-05
2026/09/18 15:11:27 - mmengine - INFO - paramwise_options -- backbone.stages.1.blocks.0.norm1.bias:weight_decay=0.05
2026/09/18 15:11:27 - mmengine - INFO - paramwise_options -- backbone.stages.1.blocks.0.norm1.bias:lr_mult=0.1
2026/09/18 15:11:27 - mmengine - INFO - paramwise_options -- backbone.stages.1.blocks.0.norm1.bias:decay_mult=1.0
2026/09/18 15:11:27 - mmengine - INFO - paramwise_options -- backbone.stages.1.blocks.0.attn.w_msa.relative_position_bias_table:lr=1e-05
2026/09/18 15:11:27 - mmengine - INFO - paramwise_options -- backbone.stages.1.blocks.0.attn.w_msa.relative_position_bias_table:weight_decay=0.0
2026/09/18 15:11:27 - mmengine - INFO - paramwise_options -- backbone.stages.1.blocks.0.attn.w_msa.relative_position_bias_table:lr_mult=0.1
2026/09/18 15:11:27 - mmengine - INFO - paramwise_options -- backbone.stages.1.blocks.0.attn.w_msa.relative_position_bias_table:decay_mult=0.0
2026/09/18 15:11:27 - mmengine - INFO - paramwise_options -- backbone.stages.1.blocks.0.attn.w_msa.qkv.weight:lr=1e-05
2026/09/18 15:11:27 - mmengine - INFO - paramwise_options -- backbone.stages.1.blocks.0.attn.w_msa.qkv.weight:weight_decay=0.05
2026/09/18 15:11:27 - mmengine - INFO - paramwise_options -- backbone.stages.1.blocks.0.attn.w_msa.qkv.weight:lr_mult=0.1
2026/09/18 15:11:27 - mmengine - INFO - paramwise_options -- backbone.stages.1.blocks.0.attn.w_msa.qkv.weight:decay_mult=1.0
2026/09/18 15:11:27 - mmengine - INFO - paramwise_options -- backbone.stages.1.blocks.0.attn.w_msa.qkv.bias:lr=1e-05
2026/09/18 15:11:27 - mmengine - INFO - paramwise_options -- backbone.stages.1.blocks.0.attn.w_msa.qkv.bias:weight_decay=0.05
2026/09/18 15:11:27 - mmengine - INFO - paramwise_options -- backbone.stages.1.blocks.0.attn.w_msa.qkv.bias:lr_mult=0.1
2026/09/18 15:11:27 - mmengine - INFO - paramwise_options -- backbone.stages.1.blocks.0.attn.w_msa.qkv.bias:decay_mult=1.0
2026/09/18 15:11:27 - mmengine - INFO - paramwise_options -- backbone.stages.1.blocks.0.attn.w_msa.proj.weight:lr=1e-05
2026/09/18 15:11:27 - mmengine - INFO - paramwise_options -- backbone.stages.1.blocks.0.attn.w_msa.proj.weight:weight_decay=0.05
2026/09/18 15:11:27 - mmengine - INFO - paramwise_options -- backbone.stages.1.blocks.0.attn.w_msa.proj.weight:lr_mult=0.1
2026/09/18 15:11:27 - mmengine - INFO - paramwise_options -- backbone.stages.1.blocks.0.attn.w_msa.proj.weight:decay_mult=1.0
2026/09/18 15:11:27 - mmengine - INFO - paramwise_options -- backbone.stages.1.blocks.0.attn.w_msa.proj.bias:lr=1e-05
2026/09/18 15:11:27 - mmengine - INFO - paramwise_options -- backbone.stages.1.blocks.0.attn.w_msa.proj.bias:weight_decay=0.05
2026/09/18 15:11:27 - mmengine - INFO - paramwise_options -- backbone.stages.1.blocks.0.attn.w_msa.proj.bias:lr_mult=0.1
2026/09/18 15:11:27 - mmengine - INFO - paramwise_options -- backbone.stages.1.blocks.0.attn.w_msa.proj.bias:decay_mult=1.0
2026/09/18 15:11:27 - mmengine - INFO - paramwise_options -- backbone.stages.1.blocks.0.norm2.weight:lr=1e-05
2026/09/18 15:11:27 - mmengine - INFO - paramwise_options -- backbone.stages.1.blocks.0.norm2.weight:weight_decay=0.05
2026/09/18 15:11:27 - mmengine - INFO - paramwise_options -- backbone.stages.1.blocks.0.norm2.weight:lr_mult=0.1
2026/09/18 15:11:27 - mmengine - INFO - paramwise_options -- backbone.stages.1.blocks.0.norm2.weight:decay_mult=1.0
2026/09/18 15:11:27 - mmengine - INFO - paramwise_options -- backbone.stages.1.blocks.0.norm2.bias:lr=1e-05
2026/09/18 15:11:27 - mmengine - INFO - paramwise_options -- backbone.stages.1.blocks.0.norm2.bias:weight_decay=0.05
2026/09/18 15:11:27 - mmengine - INFO - paramwise_options -- backbone.stages.1.blocks.0.norm2.bias:lr_mult=0.1
2026/09/18 15:11:27 - mmengine - INFO - paramwise_options -- backbone.stages.1.blocks.0.norm2.bias:decay_mult=1.0
2026/09/18 15:11:27 - mmengine - INFO - paramwise_options -- backbone.stages.1.blocks.0.ffn.layers.0.0.weight:lr=1e-05
2026/09/18 15:11:27 - mmengine - INFO - paramwise_options -- backbone.stages.1.blocks.0.ffn.layers.0.0.weight:weight_decay=0.05
2026/09/18 15:11:27 - mmengine - INFO - paramwise_options -- backbone.stages.1.blocks.0.ffn.layers.0.0.weight:lr_mult=0.1
2026/09/18 15:11:27 - mmengine - INFO - paramwise_options -- backbone.stages.1.blocks.0.ffn.layers.0.0.weight:decay_mult=1.0
2026/09/18 15:11:27 - mmengine - INFO - paramwise_options -- backbone.stages.1.blocks.0.ffn.layers.0.0.bias:lr=1e-05
2026/09/18 15:11:27 - mmengine - INFO - paramwise_options -- backbone.stages.1.blocks.0.ffn.layers.0.0.bias:weight_decay=0.05
2026/09/18 15:11:27 - mmengine - INFO - paramwise_options -- backbone.stages.1.blocks.0.ffn.layers.0.0.bias:lr_mult=0.1
2026/09/18 15:11:27 - mmengine - INFO - paramwise_options -- backbone.stages.1.blocks.0.ffn.layers.0.0.bias:decay_mult=1.0
2026/09/18 15:11:27 - mmengine - INFO - paramwise_options -- backbone.stages.1.blocks.0.ffn.layers.1.weight:lr=1e-05
2026/09/18 15:11:27 - mmengine - INFO - paramwise_options -- backbone.stages.1.blocks.0.ffn.layers.1.weight:weight_decay=0.05
2026/09/18 15:11:27 - mmengine - INFO - paramwise_options -- backbone.stages.1.blocks.0.ffn.layers.1.weight:lr_mult=0.1
2026/09/18 15:11:27 - mmengine - INFO - paramwise_options -- backbone.stages.1.blocks.0.ffn.layers.1.weight:decay_mult=1.0
2026/09/18 15:11:27 - mmengine - INFO - paramwise_options -- backbone.stages.1.blocks.0.ffn.layers.1.bias:lr=1e-05
2026/09/18 15:11:27 - mmengine - INFO - paramwise_options -- backbone.stages.1.blocks.0.ffn.layers.1.bias:weight_decay=0.05
2026/09/18 15:11:27 - mmengine - INFO - paramwise_options -- backbone.stages.1.blocks.0.ffn.layers.1.bias:lr_mult=0.1
2026/09/18 15:11:27 - mmengine - INFO - paramwise_options -- backbone.stages.1.blocks.0.ffn.layers.1.bias:decay_mult=1.0
2026/09/18 15:11:27 - mmengine - INFO - paramwise_options -- backbone.stages.1.blocks.1.norm1.weight:lr=1e-05
2026/09/18 15:11:27 - mmengine - INFO - paramwise_options -- backbone.stages.1.blocks.1.norm1.weight:weight_decay=0.05
2026/09/18 15:11:27 - mmengine - INFO - paramwise_options -- backbone.stages.1.blocks.1.norm1.weight:lr_mult=0.1
2026/09/18 15:11:27 - mmengine - INFO - paramwise_options -- backbone.stages.1.blocks.1.norm1.weight:decay_mult=1.0
2026/09/18 15:11:27 - mmengine - INFO - paramwise_options -- backbone.stages.1.blocks.1.norm1.bias:lr=1e-05
2026/09/18 15:11:27 - mmengine - INFO - paramwise_options -- backbone.stages.1.blocks.1.norm1.bias:weight_decay=0.05
2026/09/18 15:11:27 - mmengine - INFO - paramwise_options -- backbone.stages.1.blocks.1.norm1.bias:lr_mult=0.1
2026/09/18 15:11:27 - mmengine - INFO - paramwise_options -- backbone.stages.1.blocks.1.norm1.bias:decay_mult=1.0
2026/09/18 15:11:27 - mmengine - INFO - paramwise_options -- backbone.stages.1.blocks.1.attn.w_msa.relative_position_bias_table:lr=1e-05
2026/09/18 15:11:27 - mmengine - INFO - paramwise_options -- backbone.stages.1.blocks.1.attn.w_msa.relative_position_bias_table:weight_decay=0.0
2026/09/18 15:11:27 - mmengine - INFO - paramwise_options -- backbone.stages.1.blocks.1.attn.w_msa.relative_position_bias_table:lr_mult=0.1
2026/09/18 15:11:27 - mmengine - INFO - paramwise_options -- backbone.stages.1.blocks.1.attn.w_msa.relative_position_bias_table:decay_mult=0.0
2026/09/18 15:11:27 - mmengine - INFO - paramwise_options -- backbone.stages.1.blocks.1.attn.w_msa.qkv.weight:lr=1e-05
2026/09/18 15:11:27 - mmengine - INFO - paramwise_options -- backbone.stages.1.blocks.1.attn.w_msa.qkv.weight:weight_decay=0.05
2026/09/18 15:11:27 - mmengine - INFO - paramwise_options -- backbone.stages.1.blocks.1.attn.w_msa.qkv.weight:lr_mult=0.1
2026/09/18 15:11:27 - mmengine - INFO - paramwise_options -- backbone.stages.1.blocks.1.attn.w_msa.qkv.weight:decay_mult=1.0
2026/09/18 15:11:27 - mmengine - INFO - paramwise_options -- backbone.stages.1.blocks.1.attn.w_msa.qkv.bias:lr=1e-05
2026/09/18 15:11:27 - mmengine - INFO - paramwise_options -- backbone.stages.1.blocks.1.attn.w_msa.qkv.bias:weight_decay=0.05
2026/09/18 15:11:27 - mmengine - INFO - paramwise_options -- backbone.stages.1.blocks.1.attn.w_msa.qkv.bias:lr_mult=0.1
2026/09/18 15:11:27 - mmengine - INFO - paramwise_options -- backbone.stages.1.blocks.1.attn.w_msa.qkv.bias:decay_mult=1.0
2026/09/18 15:11:27 - mmengine - INFO - paramwise_options -- backbone.stages.1.blocks.1.attn.w_msa.proj.weight:lr=1e-05
2026/09/18 15:11:27 - mmengine - INFO - paramwise_options -- backbone.stages.1.blocks.1.attn.w_msa.proj.weight:weight_decay=0.05
2026/09/18 15:11:27 - mmengine - INFO - paramwise_options -- backbone.stages.1.blocks.1.attn.w_msa.proj.weight:lr_mult=0.1
2026/09/18 15:11:27 - mmengine - INFO - paramwise_options -- backbone.stages.1.blocks.1.attn.w_msa.proj.weight:decay_mult=1.0
2026/09/18 15:11:27 - mmengine - INFO - paramwise_options -- backbone.stages.1.blocks.1.attn.w_msa.proj.bias:lr=1e-05
2026/09/18 15:11:27 - mmengine - INFO - paramwise_options -- backbone.stages.1.blocks.1.attn.w_msa.proj.bias:weight_decay=0.05
2026/09/18 15:11:27 - mmengine - INFO - paramwise_options -- backbone.stages.1.blocks.1.attn.w_msa.proj.bias:lr_mult=0.1
2026/09/18 15:11:27 - mmengine - INFO - paramwise_options -- backbone.stages.1.blocks.1.attn.w_msa.proj.bias:decay_mult=1.0
2026/09/18 15:11:27 - mmengine - INFO - paramwise_options -- backbone.stages.1.blocks.1.norm2.weight:lr=1e-05
2026/09/18 15:11:27 - mmengine - INFO - paramwise_options -- backbone.stages.1.blocks.1.norm2.weight:weight_decay=0.05
2026/09/18 15:11:27 - mmengine - INFO - paramwise_options -- backbone.stages.1.blocks.1.norm2.weight:lr_mult=0.1
2026/09/18 15:11:27 - mmengine - INFO - paramwise_options -- backbone.stages.1.blocks.1.norm2.weight:decay_mult=1.0
2026/09/18 15:11:27 - mmengine - INFO - paramwise_options -- backbone.stages.1.blocks.1.norm2.bias:lr=1e-05
2026/09/18 15:11:27 - mmengine - INFO - paramwise_options -- backbone.stages.1.blocks.1.norm2.bias:weight_decay=0.05
2026/09/18 15:11:27 - mmengine - INFO - paramwise_options -- backbone.stages.1.blocks.1.norm2.bias:lr_mult=0.1
2026/09/18 15:11:27 - mmengine - INFO - paramwise_options -- backbone.stages.1.blocks.1.norm2.bias:decay_mult=1.0
2026/09/18 15:11:27 - mmengine - INFO - paramwise_options -- backbone.stages.1.blocks.1.ffn.layers.0.0.weight:lr=1e-05
2026/09/18 15:11:27 - mmengine - INFO - paramwise_options -- backbone.stages.1.blocks.1.ffn.layers.0.0.weight:weight_decay=0.05
2026/09/18 15:11:27 - mmengine - INFO - paramwise_options -- backbone.stages.1.blocks.1.ffn.layers.0.0.weight:lr_mult=0.1
2026/09/18 15:11:27 - mmengine - INFO - paramwise_options -- backbone.stages.1.blocks.1.ffn.layers.0.0.weight:decay_mult=1.0
2026/09/18 15:11:27 - mmengine - INFO - paramwise_options -- backbone.stages.1.blocks.1.ffn.layers.0.0.bias:lr=1e-05
2026/09/18 15:11:27 - mmengine - INFO - paramwise_options -- backbone.stages.1.blocks.1.ffn.layers.0.0.bias:weight_decay=0.05
2026/09/18 15:11:27 - mmengine - INFO - paramwise_options -- backbone.stages.1.blocks.1.ffn.layers.0.0.bias:lr_mult=0.1
2026/09/18 15:11:27 - mmengine - INFO - paramwise_options -- backbone.stages.1.blocks.1.ffn.layers.0.0.bias:decay_mult=1.0
2026/09/18 15:11:27 - mmengine - INFO - paramwise_options -- backbone.stages.1.blocks.1.ffn.layers.1.weight:lr=1e-05
2026/09/18 15:11:27 - mmengine - INFO - paramwise_options -- backbone.stages.1.blocks.1.ffn.layers.1.weight:weight_decay=0.05
2026/09/18 15:11:27 - mmengine - INFO - paramwise_options -- backbone.stages.1.blocks.1.ffn.layers.1.weight:lr_mult=0.1
2026/09/18 15:11:27 - mmengine - INFO - paramwise_options -- backbone.stages.1.blocks.1.ffn.layers.1.weight:decay_mult=1.0
2026/09/18 15:11:27 - mmengine - INFO - paramwise_options -- backbone.stages.1.blocks.1.ffn.layers.1.bias:lr=1e-05
2026/09/18 15:11:27 - mmengine - INFO - paramwise_options -- backbone.stages.1.blocks.1.ffn.layers.1.bias:weight_decay=0.05
2026/09/18 15:11:27 - mmengine - INFO - paramwise_options -- backbone.stages.1.blocks.1.ffn.layers.1.bias:lr_mult=0.1
2026/09/18 15:11:27 - mmengine - INFO - paramwise_options -- backbone.stages.1.blocks.1.ffn.layers.1.bias:decay_mult=1.0
2026/09/18 15:11:27 - mmengine - INFO - paramwise_options -- backbone.stages.1.downsample.norm.weight:lr=1e-05
2026/09/18 15:11:27 - mmengine - INFO - paramwise_options -- backbone.stages.1.downsample.norm.weight:weight_decay=0.05
2026/09/18 15:11:27 - mmengine - INFO - paramwise_options -- backbone.stages.1.downsample.norm.weight:lr_mult=0.1
2026/09/18 15:11:27 - mmengine - INFO - paramwise_options -- backbone.stages.1.downsample.norm.weight:decay_mult=1.0
2026/09/18 15:11:27 - mmengine - INFO - paramwise_options -- backbone.stages.1.downsample.norm.bias:lr=1e-05
2026/09/18 15:11:27 - mmengine - INFO - paramwise_options -- backbone.stages.1.downsample.norm.bias:weight_decay=0.05
2026/09/18 15:11:27 - mmengine - INFO - paramwise_options -- backbone.stages.1.downsample.norm.bias:lr_mult=0.1
2026/09/18 15:11:27 - mmengine - INFO - paramwise_options -- backbone.stages.1.downsample.norm.bias:decay_mult=1.0
2026/09/18 15:11:27 - mmengine - INFO - paramwise_options -- backbone.stages.1.downsample.reduction.weight:lr=1e-05
2026/09/18 15:11:27 - mmengine - INFO - paramwise_options -- backbone.stages.1.downsample.reduction.weight:weight_decay=0.05
2026/09/18 15:11:27 - mmengine - INFO - paramwise_options -- backbone.stages.1.downsample.reduction.weight:lr_mult=0.1
2026/09/18 15:11:27 - mmengine - INFO - paramwise_options -- backbone.stages.1.downsample.reduction.weight:decay_mult=1.0
2026/09/18 15:11:27 - mmengine - INFO - paramwise_options -- backbone.stages.2.blocks.0.norm1.weight:lr=1e-05
2026/09/18 15:11:27 - mmengine - INFO - paramwise_options -- backbone.stages.2.blocks.0.norm1.weight:weight_decay=0.05
2026/09/18 15:11:27 - mmengine - INFO - paramwise_options -- backbone.stages.2.blocks.0.norm1.weight:lr_mult=0.1
2026/09/18 15:11:27 - mmengine - INFO - paramwise_options -- backbone.stages.2.blocks.0.norm1.weight:decay_mult=1.0
2026/09/18 15:11:27 - mmengine - INFO - paramwise_options -- backbone.stages.2.blocks.0.norm1.bias:lr=1e-05
2026/09/18 15:11:27 - mmengine - INFO - paramwise_options -- backbone.stages.2.blocks.0.norm1.bias:weight_decay=0.05
2026/09/18 15:11:27 - mmengine - INFO - paramwise_options -- backbone.stages.2.blocks.0.norm1.bias:lr_mult=0.1
2026/09/18 15:11:27 - mmengine - INFO - paramwise_options -- backbone.stages.2.blocks.0.norm1.bias:decay_mult=1.0
2026/09/18 15:11:27 - mmengine - INFO - paramwise_options -- backbone.stages.2.blocks.0.attn.w_msa.relative_position_bias_table:lr=1e-05
2026/09/18 15:11:27 - mmengine - INFO - paramwise_options -- backbone.stages.2.blocks.0.attn.w_msa.relative_position_bias_table:weight_decay=0.0
2026/09/18 15:11:27 - mmengine - INFO - paramwise_options -- backbone.stages.2.blocks.0.attn.w_msa.relative_position_bias_table:lr_mult=0.1
2026/09/18 15:11:27 - mmengine - INFO - paramwise_options -- backbone.stages.2.blocks.0.attn.w_msa.relative_position_bias_table:decay_mult=0.0
2026/09/18 15:11:27 - mmengine - INFO - paramwise_options -- backbone.stages.2.blocks.0.attn.w_msa.qkv.weight:lr=1e-05
2026/09/18 15:11:27 - mmengine - INFO - paramwise_options -- backbone.stages.2.blocks.0.attn.w_msa.qkv.weight:weight_decay=0.05
2026/09/18 15:11:27 - mmengine - INFO - paramwise_options -- backbone.stages.2.blocks.0.attn.w_msa.qkv.weight:lr_mult=0.1
2026/09/18 15:11:27 - mmengine - INFO - paramwise_options -- backbone.stages.2.blocks.0.attn.w_msa.qkv.weight:decay_mult=1.0
2026/09/18 15:11:27 - mmengine - INFO - paramwise_options -- backbone.stages.2.blocks.0.attn.w_msa.qkv.bias:lr=1e-05
2026/09/18 15:11:27 - mmengine - INFO - paramwise_options -- backbone.stages.2.blocks.0.attn.w_msa.qkv.bias:weight_decay=0.05
2026/09/18 15:11:27 - mmengine - INFO - paramwise_options -- backbone.stages.2.blocks.0.attn.w_msa.qkv.bias:lr_mult=0.1
2026/09/18 15:11:27 - mmengine - INFO - paramwise_options -- backbone.stages.2.blocks.0.attn.w_msa.qkv.bias:decay_mult=1.0
2026/09/18 15:11:27 - mmengine - INFO - paramwise_options -- backbone.stages.2.blocks.0.attn.w_msa.proj.weight:lr=1e-05
2026/09/18 15:11:27 - mmengine - INFO - paramwise_options -- backbone.stages.2.blocks.0.attn.w_msa.proj.weight:weight_decay=0.05
2026/09/18 15:11:27 - mmengine - INFO - paramwise_options -- backbone.stages.2.blocks.0.attn.w_msa.proj.weight:lr_mult=0.1
2026/09/18 15:11:27 - mmengine - INFO - paramwise_options -- backbone.stages.2.blocks.0.attn.w_msa.proj.weight:decay_mult=1.0
2026/09/18 15:11:27 - mmengine - INFO - paramwise_options -- backbone.stages.2.blocks.0.attn.w_msa.proj.bias:lr=1e-05
2026/09/18 15:11:27 - mmengine - INFO - paramwise_options -- backbone.stages.2.blocks.0.attn.w_msa.proj.bias:weight_decay=0.05
2026/09/18 15:11:27 - mmengine - INFO - paramwise_options -- backbone.stages.2.blocks.0.attn.w_msa.proj.bias:lr_mult=0.1
2026/09/18 15:11:27 - mmengine - INFO - paramwise_options -- backbone.stages.2.blocks.0.attn.w_msa.proj.bias:decay_mult=1.0
2026/09/18 15:11:27 - mmengine - INFO - paramwise_options -- backbone.stages.2.blocks.0.norm2.weight:lr=1e-05
2026/09/18 15:11:27 - mmengine - INFO - paramwise_options -- backbone.stages.2.blocks.0.norm2.weight:weight_decay=0.05
2026/09/18 15:11:27 - mmengine - INFO - paramwise_options -- backbone.stages.2.blocks.0.norm2.weight:lr_mult=0.1
2026/09/18 15:11:27 - mmengine - INFO - paramwise_options -- backbone.stages.2.blocks.0.norm2.weight:decay_mult=1.0
2026/09/18 15:11:27 - mmengine - INFO - paramwise_options -- backbone.stages.2.blocks.0.norm2.bias:lr=1e-05
2026/09/18 15:11:27 - mmengine - INFO - paramwise_options -- backbone.stages.2.blocks.0.norm2.bias:weight_decay=0.05
2026/09/18 15:11:27 - mmengine - INFO - paramwise_options -- backbone.stages.2.blocks.0.norm2.bias:lr_mult=0.1
2026/09/18 15:11:27 - mmengine - INFO - paramwise_options -- backbone.stages.2.blocks.0.norm2.bias:decay_mult=1.0
2026/09/18 15:11:27 - mmengine - INFO - paramwise_options -- backbone.stages.2.blocks.0.ffn.layers.0.0.weight:lr=1e-05
2026/09/18 15:11:27 - mmengine - INFO - paramwise_options -- backbone.stages.2.blocks.0.ffn.layers.0.0.weight:weight_decay=0.05
2026/09/18 15:11:27 - mmengine - INFO - paramwise_options -- backbone.stages.2.blocks.0.ffn.layers.0.0.weight:lr_mult=0.1
2026/09/18 15:11:27 - mmengine - INFO - paramwise_options -- backbone.stages.2.blocks.0.ffn.layers.0.0.weight:decay_mult=1.0
2026/09/18 15:11:27 - mmengine - INFO - paramwise_options -- backbone.stages.2.blocks.0.ffn.layers.0.0.bias:lr=1e-05
2026/09/18 15:11:27 - mmengine - INFO - paramwise_options -- backbone.stages.2.blocks.0.ffn.layers.0.0.bias:weight_decay=0.05
2026/09/18 15:11:27 - mmengine - INFO - paramwise_options -- backbone.stages.2.blocks.0.ffn.layers.0.0.bias:lr_mult=0.1
2026/09/18 15:11:27 - mmengine - INFO - paramwise_options -- backbone.stages.2.blocks.0.ffn.layers.0.0.bias:decay_mult=1.0
2026/09/18 15:11:27 - mmengine - INFO - paramwise_options -- backbone.stages.2.blocks.0.ffn.layers.1.weight:lr=1e-05
2026/09/18 15:11:27 - mmengine - INFO - paramwise_options -- backbone.stages.2.blocks.0.ffn.layers.1.weight:weight_decay=0.05
2026/09/18 15:11:27 - mmengine - INFO - paramwise_options -- backbone.stages.2.blocks.0.ffn.layers.1.weight:lr_mult=0.1
2026/09/18 15:11:27 - mmengine - INFO - paramwise_options -- backbone.stages.2.blocks.0.ffn.layers.1.weight:decay_mult=1.0
2026/09/18 15:11:27 - mmengine - INFO - paramwise_options -- backbone.stages.2.blocks.0.ffn.layers.1.bias:lr=1e-05
2026/09/18 15:11:27 - mmengine - INFO - paramwise_options -- backbone.stages.2.blocks.0.ffn.layers.1.bias:weight_decay=0.05
2026/09/18 15:11:27 - mmengine - INFO - paramwise_options -- backbone.stages.2.blocks.0.ffn.layers.1.bias:lr_mult=0.1
2026/09/18 15:11:27 - mmengine - INFO - paramwise_options -- backbone.stages.2.blocks.0.ffn.layers.1.bias:decay_mult=1.0
2026/09/18 15:11:27 - mmengine - INFO - paramwise_options -- backbone.stages.2.blocks.1.norm1.weight:lr=1e-05
2026/09/18 15:11:27 - mmengine - INFO - paramwise_options -- backbone.stages.2.blocks.1.norm1.weight:weight_decay=0.05
2026/09/18 15:11:27 - mmengine - INFO - paramwise_options -- backbone.stages.2.blocks.1.norm1.weight:lr_mult=0.1
2026/09/18 15:11:27 - mmengine - INFO - paramwise_options -- backbone.stages.2.blocks.1.norm1.weight:decay_mult=1.0
2026/09/18 15:11:27 - mmengine - INFO - paramwise_options -- backbone.stages.2.blocks.1.norm1.bias:lr=1e-05
2026/09/18 15:11:27 - mmengine - INFO - paramwise_options -- backbone.stages.2.blocks.1.norm1.bias:weight_decay=0.05
2026/09/18 15:11:27 - mmengine - INFO - paramwise_options -- backbone.stages.2.blocks.1.norm1.bias:lr_mult=0.1
2026/09/18 15:11:27 - mmengine - INFO - paramwise_options -- backbone.stages.2.blocks.1.norm1.bias:decay_mult=1.0
2026/09/18 15:11:27 - mmengine - INFO - paramwise_options -- backbone.stages.2.blocks.1.attn.w_msa.relative_position_bias_table:lr=1e-05
2026/09/18 15:11:27 - mmengine - INFO - paramwise_options -- backbone.stages.2.blocks.1.attn.w_msa.relative_position_bias_table:weight_decay=0.0
2026/09/18 15:11:27 - mmengine - INFO - paramwise_options -- backbone.stages.2.blocks.1.attn.w_msa.relative_position_bias_table:lr_mult=0.1
2026/09/18 15:11:27 - mmengine - INFO - paramwise_options -- backbone.stages.2.blocks.1.attn.w_msa.relative_position_bias_table:decay_mult=0.0
2026/09/18 15:11:27 - mmengine - INFO - paramwise_options -- backbone.stages.2.blocks.1.attn.w_msa.qkv.weight:lr=1e-05
2026/09/18 15:11:27 - mmengine - INFO - paramwise_options -- backbone.stages.2.blocks.1.attn.w_msa.qkv.weight:weight_decay=0.05
2026/09/18 15:11:27 - mmengine - INFO - paramwise_options -- backbone.stages.2.blocks.1.attn.w_msa.qkv.weight:lr_mult=0.1
2026/09/18 15:11:27 - mmengine - INFO - paramwise_options -- backbone.stages.2.blocks.1.attn.w_msa.qkv.weight:decay_mult=1.0
2026/09/18 15:11:27 - mmengine - INFO - paramwise_options -- backbone.stages.2.blocks.1.attn.w_msa.qkv.bias:lr=1e-05
2026/09/18 15:11:27 - mmengine - INFO - paramwise_options -- backbone.stages.2.blocks.1.attn.w_msa.qkv.bias:weight_decay=0.05
2026/09/18 15:11:27 - mmengine - INFO - paramwise_options -- backbone.stages.2.blocks.1.attn.w_msa.qkv.bias:lr_mult=0.1
2026/09/18 15:11:27 - mmengine - INFO - paramwise_options -- backbone.stages.2.blocks.1.attn.w_msa.qkv.bias:decay_mult=1.0
2026/09/18 15:11:27 - mmengine - INFO - paramwise_options -- backbone.stages.2.blocks.1.attn.w_msa.proj.weight:lr=1e-05
2026/09/18 15:11:27 - mmengine - INFO - paramwise_options -- backbone.stages.2.blocks.1.attn.w_msa.proj.weight:weight_decay=0.05
2026/09/18 15:11:27 - mmengine - INFO - paramwise_options -- backbone.stages.2.blocks.1.attn.w_msa.proj.weight:lr_mult=0.1
2026/09/18 15:11:27 - mmengine - INFO - paramwise_options -- backbone.stages.2.blocks.1.attn.w_msa.proj.weight:decay_mult=1.0
2026/09/18 15:11:27 - mmengine - INFO - paramwise_options -- backbone.stages.2.blocks.1.attn.w_msa.proj.bias:lr=1e-05
2026/09/18 15:11:27 - mmengine - INFO - paramwise_options -- backbone.stages.2.blocks.1.attn.w_msa.proj.bias:weight_decay=0.05
2026/09/18 15:11:27 - mmengine - INFO - paramwise_options -- backbone.stages.2.blocks.1.attn.w_msa.proj.bias:lr_mult=0.1
2026/09/18 15:11:27 - mmengine - INFO - paramwise_options -- backbone.stages.2.blocks.1.attn.w_msa.proj.bias:decay_mult=1.0
2026/09/18 15:11:27 - mmengine - INFO - paramwise_options -- backbone.stages.2.blocks.1.norm2.weight:lr=1e-05
2026/09/18 15:11:27 - mmengine - INFO - paramwise_options -- backbone.stages.2.blocks.1.norm2.weight:weight_decay=0.05
2026/09/18 15:11:27 - mmengine - INFO - paramwise_options -- backbone.stages.2.blocks.1.norm2.weight:lr_mult=0.1
2026/09/18 15:11:27 - mmengine - INFO - paramwise_options -- backbone.stages.2.blocks.1.norm2.weight:decay_mult=1.0
2026/09/18 15:11:27 - mmengine - INFO - paramwise_options -- backbone.stages.2.blocks.1.norm2.bias:lr=1e-05
2026/09/18 15:11:27 - mmengine - INFO - paramwise_options -- backbone.stages.2.blocks.1.norm2.bias:weight_decay=0.05
2026/09/18 15:11:27 - mmengine - INFO - paramwise_options -- backbone.stages.2.blocks.1.norm2.bias:lr_mult=0.1
2026/09/18 15:11:27 - mmengine - INFO - paramwise_options -- backbone.stages.2.blocks.1.norm2.bias:decay_mult=1.0
2026/09/18 15:11:27 - mmengine - INFO - paramwise_options -- backbone.stages.2.blocks.1.ffn.layers.0.0.weight:lr=1e-05
2026/09/18 15:11:27 - mmengine - INFO - paramwise_options -- backbone.stages.2.blocks.1.ffn.layers.0.0.weight:weight_decay=0.05
2026/09/18 15:11:27 - mmengine - INFO - paramwise_options -- backbone.stages.2.blocks.1.ffn.layers.0.0.weight:lr_mult=0.1
2026/09/18 15:11:27 - mmengine - INFO - paramwise_options -- backbone.stages.2.blocks.1.ffn.layers.0.0.weight:decay_mult=1.0
2026/09/18 15:11:27 - mmengine - INFO - paramwise_options -- backbone.stages.2.blocks.1.ffn.layers.0.0.bias:lr=1e-05
2026/09/18 15:11:27 - mmengine - INFO - paramwise_options -- backbone.stages.2.blocks.1.ffn.layers.0.0.bias:weight_decay=0.05
2026/09/18 15:11:27 - mmengine - INFO - paramwise_options -- backbone.stages.2.blocks.1.ffn.layers.0.0.bias:lr_mult=0.1
2026/09/18 15:11:27 - mmengine - INFO - paramwise_options -- backbone.stages.2.blocks.1.ffn.layers.0.0.bias:decay_mult=1.0
2026/09/18 15:11:27 - mmengine - INFO - paramwise_options -- backbone.stages.2.blocks.1.ffn.layers.1.weight:lr=1e-05
2026/09/18 15:11:27 - mmengine - INFO - paramwise_options -- backbone.stages.2.blocks.1.ffn.layers.1.weight:weight_decay=0.05
2026/09/18 15:11:27 - mmengine - INFO - paramwise_options -- backbone.stages.2.blocks.1.ffn.layers.1.weight:lr_mult=0.1
2026/09/18 15:11:27 - mmengine - INFO - paramwise_options -- backbone.stages.2.blocks.1.ffn.layers.1.weight:decay_mult=1.0
2026/09/18 15:11:27 - mmengine - INFO - paramwise_options -- backbone.stages.2.blocks.1.ffn.layers.1.bias:lr=1e-05
2026/09/18 15:11:27 - mmengine - INFO - paramwise_options -- backbone.stages.2.blocks.1.ffn.layers.1.bias:weight_decay=0.05
2026/09/18 15:11:27 - mmengine - INFO - paramwise_options -- backbone.stages.2.blocks.1.ffn.layers.1.bias:lr_mult=0.1
2026/09/18 15:11:27 - mmengine - INFO - paramwise_options -- backbone.stages.2.blocks.1.ffn.layers.1.bias:decay_mult=1.0
2026/09/18 15:11:27 - mmengine - INFO - paramwise_options -- backbone.stages.2.blocks.2.norm1.weight:lr=1e-05
2026/09/18 15:11:27 - mmengine - INFO - paramwise_options -- backbone.stages.2.blocks.2.norm1.weight:weight_decay=0.05
2026/09/18 15:11:27 - mmengine - INFO - paramwise_options -- backbone.stages.2.blocks.2.norm1.weight:lr_mult=0.1
2026/09/18 15:11:27 - mmengine - INFO - paramwise_options -- backbone.stages.2.blocks.2.norm1.weight:decay_mult=1.0
2026/09/18 15:11:27 - mmengine - INFO - paramwise_options -- backbone.stages.2.blocks.2.norm1.bias:lr=1e-05
2026/09/18 15:11:27 - mmengine - INFO - paramwise_options -- backbone.stages.2.blocks.2.norm1.bias:weight_decay=0.05
2026/09/18 15:11:27 - mmengine - INFO - paramwise_options -- backbone.stages.2.blocks.2.norm1.bias:lr_mult=0.1
2026/09/18 15:11:27 - mmengine - INFO - paramwise_options -- backbone.stages.2.blocks.2.norm1.bias:decay_mult=1.0
2026/09/18 15:11:27 - mmengine - INFO - paramwise_options -- backbone.stages.2.blocks.2.attn.w_msa.relative_position_bias_table:lr=1e-05
2026/09/18 15:11:27 - mmengine - INFO - paramwise_options -- backbone.stages.2.blocks.2.attn.w_msa.relative_position_bias_table:weight_decay=0.0
2026/09/18 15:11:27 - mmengine - INFO - paramwise_options -- backbone.stages.2.blocks.2.attn.w_msa.relative_position_bias_table:lr_mult=0.1
2026/09/18 15:11:27 - mmengine - INFO - paramwise_options -- backbone.stages.2.blocks.2.attn.w_msa.relative_position_bias_table:decay_mult=0.0
2026/09/18 15:11:27 - mmengine - INFO - paramwise_options -- backbone.stages.2.blocks.2.attn.w_msa.qkv.weight:lr=1e-05
2026/09/18 15:11:27 - mmengine - INFO - paramwise_options -- backbone.stages.2.blocks.2.attn.w_msa.qkv.weight:weight_decay=0.05
2026/09/18 15:11:27 - mmengine - INFO - paramwise_options -- backbone.stages.2.blocks.2.attn.w_msa.qkv.weight:lr_mult=0.1
2026/09/18 15:11:27 - mmengine - INFO - paramwise_options -- backbone.stages.2.blocks.2.attn.w_msa.qkv.weight:decay_mult=1.0
2026/09/18 15:11:27 - mmengine - INFO - paramwise_options -- backbone.stages.2.blocks.2.attn.w_msa.qkv.bias:lr=1e-05
2026/09/18 15:11:27 - mmengine - INFO - paramwise_options -- backbone.stages.2.blocks.2.attn.w_msa.qkv.bias:weight_decay=0.05
2026/09/18 15:11:27 - mmengine - INFO - paramwise_options -- backbone.stages.2.blocks.2.attn.w_msa.qkv.bias:lr_mult=0.1
2026/09/18 15:11:27 - mmengine - INFO - paramwise_options -- backbone.stages.2.blocks.2.attn.w_msa.qkv.bias:decay_mult=1.0
2026/09/18 15:11:27 - mmengine - INFO - paramwise_options -- backbone.stages.2.blocks.2.attn.w_msa.proj.weight:lr=1e-05
2026/09/18 15:11:27 - mmengine - INFO - paramwise_options -- backbone.stages.2.blocks.2.attn.w_msa.proj.weight:weight_decay=0.05
2026/09/18 15:11:27 - mmengine - INFO - paramwise_options -- backbone.stages.2.blocks.2.attn.w_msa.proj.weight:lr_mult=0.1
2026/09/18 15:11:27 - mmengine - INFO - paramwise_options -- backbone.stages.2.blocks.2.attn.w_msa.proj.weight:decay_mult=1.0
2026/09/18 15:11:27 - mmengine - INFO - paramwise_options -- backbone.stages.2.blocks.2.attn.w_msa.proj.bias:lr=1e-05
2026/09/18 15:11:27 - mmengine - INFO - paramwise_options -- backbone.stages.2.blocks.2.attn.w_msa.proj.bias:weight_decay=0.05
2026/09/18 15:11:27 - mmengine - INFO - paramwise_options -- backbone.stages.2.blocks.2.attn.w_msa.proj.bias:lr_mult=0.1
2026/09/18 15:11:27 - mmengine - INFO - paramwise_options -- backbone.stages.2.blocks.2.attn.w_msa.proj.bias:decay_mult=1.0
2026/09/18 15:11:27 - mmengine - INFO - paramwise_options -- backbone.stages.2.blocks.2.norm2.weight:lr=1e-05
2026/09/18 15:11:27 - mmengine - INFO - paramwise_options -- backbone.stages.2.blocks.2.norm2.weight:weight_decay=0.05
2026/09/18 15:11:27 - mmengine - INFO - paramwise_options -- backbone.stages.2.blocks.2.norm2.weight:lr_mult=0.1
2026/09/18 15:11:27 - mmengine - INFO - paramwise_options -- backbone.stages.2.blocks.2.norm2.weight:decay_mult=1.0
2026/09/18 15:11:27 - mmengine - INFO - paramwise_options -- backbone.stages.2.blocks.2.norm2.bias:lr=1e-05
2026/09/18 15:11:27 - mmengine - INFO - paramwise_options -- backbone.stages.2.blocks.2.norm2.bias:weight_decay=0.05
2026/09/18 15:11:27 - mmengine - INFO - paramwise_options -- backbone.stages.2.blocks.2.norm2.bias:lr_mult=0.1
2026/09/18 15:11:27 - mmengine - INFO - paramwise_options -- backbone.stages.2.blocks.2.norm2.bias:decay_mult=1.0
2026/09/18 15:11:27 - mmengine - INFO - paramwise_options -- backbone.stages.2.blocks.2.ffn.layers.0.0.weight:lr=1e-05
2026/09/18 15:11:27 - mmengine - INFO - paramwise_options -- backbone.stages.2.blocks.2.ffn.layers.0.0.weight:weight_decay=0.05
2026/09/18 15:11:27 - mmengine - INFO - paramwise_options -- backbone.stages.2.blocks.2.ffn.layers.0.0.weight:lr_mult=0.1
2026/09/18 15:11:27 - mmengine - INFO - paramwise_options -- backbone.stages.2.blocks.2.ffn.layers.0.0.weight:decay_mult=1.0
2026/09/18 15:11:27 - mmengine - INFO - paramwise_options -- backbone.stages.2.blocks.2.ffn.layers.0.0.bias:lr=1e-05
2026/09/18 15:11:27 - mmengine - INFO - paramwise_options -- backbone.stages.2.blocks.2.ffn.layers.0.0.bias:weight_decay=0.05
2026/09/18 15:11:27 - mmengine - INFO - paramwise_options -- backbone.stages.2.blocks.2.ffn.layers.0.0.bias:lr_mult=0.1
2026/09/18 15:11:27 - mmengine - INFO - paramwise_options -- backbone.stages.2.blocks.2.ffn.layers.0.0.bias:decay_mult=1.0
2026/09/18 15:11:27 - mmengine - INFO - paramwise_options -- backbone.stages.2.blocks.2.ffn.layers.1.weight:lr=1e-05
2026/09/18 15:11:27 - mmengine - INFO - paramwise_options -- backbone.stages.2.blocks.2.ffn.layers.1.weight:weight_decay=0.05
2026/09/18 15:11:27 - mmengine - INFO - paramwise_options -- backbone.stages.2.blocks.2.ffn.layers.1.weight:lr_mult=0.1
2026/09/18 15:11:27 - mmengine - INFO - paramwise_options -- backbone.stages.2.blocks.2.ffn.layers.1.weight:decay_mult=1.0
2026/09/18 15:11:27 - mmengine - INFO - paramwise_options -- backbone.stages.2.blocks.2.ffn.layers.1.bias:lr=1e-05
2026/09/18 15:11:27 - mmengine - INFO - paramwise_options -- backbone.stages.2.blocks.2.ffn.layers.1.bias:weight_decay=0.05
2026/09/18 15:11:27 - mmengine - INFO - paramwise_options -- backbone.stages.2.blocks.2.ffn.layers.1.bias:lr_mult=0.1
2026/09/18 15:11:27 - mmengine - INFO - paramwise_options -- backbone.stages.2.blocks.2.ffn.layers.1.bias:decay_mult=1.0
2026/09/18 15:11:27 - mmengine - INFO - paramwise_options -- backbone.stages.2.blocks.3.norm1.weight:lr=1e-05
2026/09/18 15:11:27 - mmengine - INFO - paramwise_options -- backbone.stages.2.blocks.3.norm1.weight:weight_decay=0.05
2026/09/18 15:11:27 - mmengine - INFO - paramwise_options -- backbone.stages.2.blocks.3.norm1.weight:lr_mult=0.1
2026/09/18 15:11:27 - mmengine - INFO - paramwise_options -- backbone.stages.2.blocks.3.norm1.weight:decay_mult=1.0
2026/09/18 15:11:27 - mmengine - INFO - paramwise_options -- backbone.stages.2.blocks.3.norm1.bias:lr=1e-05
2026/09/18 15:11:27 - mmengine - INFO - paramwise_options -- backbone.stages.2.blocks.3.norm1.bias:weight_decay=0.05
2026/09/18 15:11:27 - mmengine - INFO - paramwise_options -- backbone.stages.2.blocks.3.norm1.bias:lr_mult=0.1
2026/09/18 15:11:27 - mmengine - INFO - paramwise_options -- backbone.stages.2.blocks.3.norm1.bias:decay_mult=1.0
2026/09/18 15:11:27 - mmengine - INFO - paramwise_options -- backbone.stages.2.blocks.3.attn.w_msa.relative_position_bias_table:lr=1e-05
2026/09/18 15:11:27 - mmengine - INFO - paramwise_options -- backbone.stages.2.blocks.3.attn.w_msa.relative_position_bias_table:weight_decay=0.0
2026/09/18 15:11:27 - mmengine - INFO - paramwise_options -- backbone.stages.2.blocks.3.attn.w_msa.relative_position_bias_table:lr_mult=0.1
2026/09/18 15:11:27 - mmengine - INFO - paramwise_options -- backbone.stages.2.blocks.3.attn.w_msa.relative_position_bias_table:decay_mult=0.0
2026/09/18 15:11:27 - mmengine - INFO - paramwise_options -- backbone.stages.2.blocks.3.attn.w_msa.qkv.weight:lr=1e-05
2026/09/18 15:11:27 - mmengine - INFO - paramwise_options -- backbone.stages.2.blocks.3.attn.w_msa.qkv.weight:weight_decay=0.05
2026/09/18 15:11:27 - mmengine - INFO - paramwise_options -- backbone.stages.2.blocks.3.attn.w_msa.qkv.weight:lr_mult=0.1
2026/09/18 15:11:27 - mmengine - INFO - paramwise_options -- backbone.stages.2.blocks.3.attn.w_msa.qkv.weight:decay_mult=1.0
2026/09/18 15:11:27 - mmengine - INFO - paramwise_options -- backbone.stages.2.blocks.3.attn.w_msa.qkv.bias:lr=1e-05
2026/09/18 15:11:27 - mmengine - INFO - paramwise_options -- backbone.stages.2.blocks.3.attn.w_msa.qkv.bias:weight_decay=0.05
2026/09/18 15:11:27 - mmengine - INFO - paramwise_options -- backbone.stages.2.blocks.3.attn.w_msa.qkv.bias:lr_mult=0.1
2026/09/18 15:11:27 - mmengine - INFO - paramwise_options -- backbone.stages.2.blocks.3.attn.w_msa.qkv.bias:decay_mult=1.0
2026/09/18 15:11:27 - mmengine - INFO - paramwise_options -- backbone.stages.2.blocks.3.attn.w_msa.proj.weight:lr=1e-05
2026/09/18 15:11:27 - mmengine - INFO - paramwise_options -- backbone.stages.2.blocks.3.attn.w_msa.proj.weight:weight_decay=0.05
2026/09/18 15:11:27 - mmengine - INFO - paramwise_options -- backbone.stages.2.blocks.3.attn.w_msa.proj.weight:lr_mult=0.1
2026/09/18 15:11:27 - mmengine - INFO - paramwise_options -- backbone.stages.2.blocks.3.attn.w_msa.proj.weight:decay_mult=1.0
2026/09/18 15:11:27 - mmengine - INFO - paramwise_options -- backbone.stages.2.blocks.3.attn.w_msa.proj.bias:lr=1e-05
2026/09/18 15:11:27 - mmengine - INFO - paramwise_options -- backbone.stages.2.blocks.3.attn.w_msa.proj.bias:weight_decay=0.05
2026/09/18 15:11:27 - mmengine - INFO - paramwise_options -- backbone.stages.2.blocks.3.attn.w_msa.proj.bias:lr_mult=0.1
2026/09/18 15:11:27 - mmengine - INFO - paramwise_options -- backbone.stages.2.blocks.3.attn.w_msa.proj.bias:decay_mult=1.0
2026/09/18 15:11:27 - mmengine - INFO - paramwise_options -- backbone.stages.2.blocks.3.norm2.weight:lr=1e-05
2026/09/18 15:11:27 - mmengine - INFO - paramwise_options -- backbone.stages.2.blocks.3.norm2.weight:weight_decay=0.05
2026/09/18 15:11:27 - mmengine - INFO - paramwise_options -- backbone.stages.2.blocks.3.norm2.weight:lr_mult=0.1
2026/09/18 15:11:27 - mmengine - INFO - paramwise_options -- backbone.stages.2.blocks.3.norm2.weight:decay_mult=1.0
2026/09/18 15:11:27 - mmengine - INFO - paramwise_options -- backbone.stages.2.blocks.3.norm2.bias:lr=1e-05
2026/09/18 15:11:27 - mmengine - INFO - paramwise_options -- backbone.stages.2.blocks.3.norm2.bias:weight_decay=0.05
2026/09/18 15:11:27 - mmengine - INFO - paramwise_options -- backbone.stages.2.blocks.3.norm2.bias:lr_mult=0.1
2026/09/18 15:11:27 - mmengine - INFO - paramwise_options -- backbone.stages.2.blocks.3.norm2.bias:decay_mult=1.0
2026/09/18 15:11:27 - mmengine - INFO - paramwise_options -- backbone.stages.2.blocks.3.ffn.layers.0.0.weight:lr=1e-05
2026/09/18 15:11:27 - mmengine - INFO - paramwise_options -- backbone.stages.2.blocks.3.ffn.layers.0.0.weight:weight_decay=0.05
2026/09/18 15:11:27 - mmengine - INFO - paramwise_options -- backbone.stages.2.blocks.3.ffn.layers.0.0.weight:lr_mult=0.1
2026/09/18 15:11:27 - mmengine - INFO - paramwise_options -- backbone.stages.2.blocks.3.ffn.layers.0.0.weight:decay_mult=1.0
2026/09/18 15:11:27 - mmengine - INFO - paramwise_options -- backbone.stages.2.blocks.3.ffn.layers.0.0.bias:lr=1e-05
2026/09/18 15:11:27 - mmengine - INFO - paramwise_options -- backbone.stages.2.blocks.3.ffn.layers.0.0.bias:weight_decay=0.05
2026/09/18 15:11:27 - mmengine - INFO - paramwise_options -- backbone.stages.2.blocks.3.ffn.layers.0.0.bias:lr_mult=0.1
2026/09/18 15:11:27 - mmengine - INFO - paramwise_options -- backbone.stages.2.blocks.3.ffn.layers.0.0.bias:decay_mult=1.0
2026/09/18 15:11:27 - mmengine - INFO - paramwise_options -- backbone.stages.2.blocks.3.ffn.layers.1.weight:lr=1e-05
2026/09/18 15:11:27 - mmengine - INFO - paramwise_options -- backbone.stages.2.blocks.3.ffn.layers.1.weight:weight_decay=0.05
2026/09/18 15:11:27 - mmengine - INFO - paramwise_options -- backbone.stages.2.blocks.3.ffn.layers.1.weight:lr_mult=0.1
2026/09/18 15:11:27 - mmengine - INFO - paramwise_options -- backbone.stages.2.blocks.3.ffn.layers.1.weight:decay_mult=1.0
2026/09/18 15:11:27 - mmengine - INFO - paramwise_options -- backbone.stages.2.blocks.3.ffn.layers.1.bias:lr=1e-05
2026/09/18 15:11:27 - mmengine - INFO - paramwise_options -- backbone.stages.2.blocks.3.ffn.layers.1.bias:weight_decay=0.05
2026/09/18 15:11:27 - mmengine - INFO - paramwise_options -- backbone.stages.2.blocks.3.ffn.layers.1.bias:lr_mult=0.1
2026/09/18 15:11:27 - mmengine - INFO - paramwise_options -- backbone.stages.2.blocks.3.ffn.layers.1.bias:decay_mult=1.0
2026/09/18 15:11:27 - mmengine - INFO - paramwise_options -- backbone.stages.2.blocks.4.norm1.weight:lr=1e-05
2026/09/18 15:11:27 - mmengine - INFO - paramwise_options -- backbone.stages.2.blocks.4.norm1.weight:weight_decay=0.05
2026/09/18 15:11:27 - mmengine - INFO - paramwise_options -- backbone.stages.2.blocks.4.norm1.weight:lr_mult=0.1
2026/09/18 15:11:27 - mmengine - INFO - paramwise_options -- backbone.stages.2.blocks.4.norm1.weight:decay_mult=1.0
2026/09/18 15:11:27 - mmengine - INFO - paramwise_options -- backbone.stages.2.blocks.4.norm1.bias:lr=1e-05
2026/09/18 15:11:27 - mmengine - INFO - paramwise_options -- backbone.stages.2.blocks.4.norm1.bias:weight_decay=0.05
2026/09/18 15:11:27 - mmengine - INFO - paramwise_options -- backbone.stages.2.blocks.4.norm1.bias:lr_mult=0.1
2026/09/18 15:11:27 - mmengine - INFO - paramwise_options -- backbone.stages.2.blocks.4.norm1.bias:decay_mult=1.0
2026/09/18 15:11:27 - mmengine - INFO - paramwise_options -- backbone.stages.2.blocks.4.attn.w_msa.relative_position_bias_table:lr=1e-05
2026/09/18 15:11:27 - mmengine - INFO - paramwise_options -- backbone.stages.2.blocks.4.attn.w_msa.relative_position_bias_table:weight_decay=0.0
2026/09/18 15:11:27 - mmengine - INFO - paramwise_options -- backbone.stages.2.blocks.4.attn.w_msa.relative_position_bias_table:lr_mult=0.1
2026/09/18 15:11:27 - mmengine - INFO - paramwise_options -- backbone.stages.2.blocks.4.attn.w_msa.relative_position_bias_table:decay_mult=0.0
2026/09/18 15:11:27 - mmengine - INFO - paramwise_options -- backbone.stages.2.blocks.4.attn.w_msa.qkv.weight:lr=1e-05
2026/09/18 15:11:27 - mmengine - INFO - paramwise_options -- backbone.stages.2.blocks.4.attn.w_msa.qkv.weight:weight_decay=0.05
2026/09/18 15:11:27 - mmengine - INFO - paramwise_options -- backbone.stages.2.blocks.4.attn.w_msa.qkv.weight:lr_mult=0.1
2026/09/18 15:11:27 - mmengine - INFO - paramwise_options -- backbone.stages.2.blocks.4.attn.w_msa.qkv.weight:decay_mult=1.0
2026/09/18 15:11:27 - mmengine - INFO - paramwise_options -- backbone.stages.2.blocks.4.attn.w_msa.qkv.bias:lr=1e-05
2026/09/18 15:11:27 - mmengine - INFO - paramwise_options -- backbone.stages.2.blocks.4.attn.w_msa.qkv.bias:weight_decay=0.05
2026/09/18 15:11:27 - mmengine - INFO - paramwise_options -- backbone.stages.2.blocks.4.attn.w_msa.qkv.bias:lr_mult=0.1
2026/09/18 15:11:27 - mmengine - INFO - paramwise_options -- backbone.stages.2.blocks.4.attn.w_msa.qkv.bias:decay_mult=1.0
2026/09/18 15:11:27 - mmengine - INFO - paramwise_options -- backbone.stages.2.blocks.4.attn.w_msa.proj.weight:lr=1e-05
2026/09/18 15:11:27 - mmengine - INFO - paramwise_options -- backbone.stages.2.blocks.4.attn.w_msa.proj.weight:weight_decay=0.05
2026/09/18 15:11:27 - mmengine - INFO - paramwise_options -- backbone.stages.2.blocks.4.attn.w_msa.proj.weight:lr_mult=0.1
2026/09/18 15:11:27 - mmengine - INFO - paramwise_options -- backbone.stages.2.blocks.4.attn.w_msa.proj.weight:decay_mult=1.0
2026/09/18 15:11:27 - mmengine - INFO - paramwise_options -- backbone.stages.2.blocks.4.attn.w_msa.proj.bias:lr=1e-05
2026/09/18 15:11:27 - mmengine - INFO - paramwise_options -- backbone.stages.2.blocks.4.attn.w_msa.proj.bias:weight_decay=0.05
2026/09/18 15:11:27 - mmengine - INFO - paramwise_options -- backbone.stages.2.blocks.4.attn.w_msa.proj.bias:lr_mult=0.1
2026/09/18 15:11:27 - mmengine - INFO - paramwise_options -- backbone.stages.2.blocks.4.attn.w_msa.proj.bias:decay_mult=1.0
2026/09/18 15:11:27 - mmengine - INFO - paramwise_options -- backbone.stages.2.blocks.4.norm2.weight:lr=1e-05
2026/09/18 15:11:27 - mmengine - INFO - paramwise_options -- backbone.stages.2.blocks.4.norm2.weight:weight_decay=0.05
2026/09/18 15:11:27 - mmengine - INFO - paramwise_options -- backbone.stages.2.blocks.4.norm2.weight:lr_mult=0.1
2026/09/18 15:11:27 - mmengine - INFO - paramwise_options -- backbone.stages.2.blocks.4.norm2.weight:decay_mult=1.0
2026/09/18 15:11:27 - mmengine - INFO - paramwise_options -- backbone.stages.2.blocks.4.norm2.bias:lr=1e-05
2026/09/18 15:11:27 - mmengine - INFO - paramwise_options -- backbone.stages.2.blocks.4.norm2.bias:weight_decay=0.05
2026/09/18 15:11:27 - mmengine - INFO - paramwise_options -- backbone.stages.2.blocks.4.norm2.bias:lr_mult=0.1
2026/09/18 15:11:27 - mmengine - INFO - paramwise_options -- backbone.stages.2.blocks.4.norm2.bias:decay_mult=1.0
2026/09/18 15:11:27 - mmengine - INFO - paramwise_options -- backbone.stages.2.blocks.4.ffn.layers.0.0.weight:lr=1e-05
2026/09/18 15:11:27 - mmengine - INFO - paramwise_options -- backbone.stages.2.blocks.4.ffn.layers.0.0.weight:weight_decay=0.05
2026/09/18 15:11:27 - mmengine - INFO - paramwise_options -- backbone.stages.2.blocks.4.ffn.layers.0.0.weight:lr_mult=0.1
2026/09/18 15:11:27 - mmengine - INFO - paramwise_options -- backbone.stages.2.blocks.4.ffn.layers.0.0.weight:decay_mult=1.0
2026/09/18 15:11:27 - mmengine - INFO - paramwise_options -- backbone.stages.2.blocks.4.ffn.layers.0.0.bias:lr=1e-05
2026/09/18 15:11:27 - mmengine - INFO - paramwise_options -- backbone.stages.2.blocks.4.ffn.layers.0.0.bias:weight_decay=0.05
2026/09/18 15:11:27 - mmengine - INFO - paramwise_options -- backbone.stages.2.blocks.4.ffn.layers.0.0.bias:lr_mult=0.1
2026/09/18 15:11:27 - mmengine - INFO - paramwise_options -- backbone.stages.2.blocks.4.ffn.layers.0.0.bias:decay_mult=1.0
2026/09/18 15:11:27 - mmengine - INFO - paramwise_options -- backbone.stages.2.blocks.4.ffn.layers.1.weight:lr=1e-05
2026/09/18 15:11:27 - mmengine - INFO - paramwise_options -- backbone.stages.2.blocks.4.ffn.layers.1.weight:weight_decay=0.05
2026/09/18 15:11:27 - mmengine - INFO - paramwise_options -- backbone.stages.2.blocks.4.ffn.layers.1.weight:lr_mult=0.1
2026/09/18 15:11:27 - mmengine - INFO - paramwise_options -- backbone.stages.2.blocks.4.ffn.layers.1.weight:decay_mult=1.0
2026/09/18 15:11:27 - mmengine - INFO - paramwise_options -- backbone.stages.2.blocks.4.ffn.layers.1.bias:lr=1e-05
2026/09/18 15:11:27 - mmengine - INFO - paramwise_options -- backbone.stages.2.blocks.4.ffn.layers.1.bias:weight_decay=0.05
2026/09/18 15:11:27 - mmengine - INFO - paramwise_options -- backbone.stages.2.blocks.4.ffn.layers.1.bias:lr_mult=0.1
2026/09/18 15:11:27 - mmengine - INFO - paramwise_options -- backbone.stages.2.blocks.4.ffn.layers.1.bias:decay_mult=1.0
2026/09/18 15:11:27 - mmengine - INFO - paramwise_options -- backbone.stages.2.blocks.5.norm1.weight:lr=1e-05
2026/09/18 15:11:27 - mmengine - INFO - paramwise_options -- backbone.stages.2.blocks.5.norm1.weight:weight_decay=0.05
2026/09/18 15:11:27 - mmengine - INFO - paramwise_options -- backbone.stages.2.blocks.5.norm1.weight:lr_mult=0.1
2026/09/18 15:11:27 - mmengine - INFO - paramwise_options -- backbone.stages.2.blocks.5.norm1.weight:decay_mult=1.0
2026/09/18 15:11:27 - mmengine - INFO - paramwise_options -- backbone.stages.2.blocks.5.norm1.bias:lr=1e-05
2026/09/18 15:11:27 - mmengine - INFO - paramwise_options -- backbone.stages.2.blocks.5.norm1.bias:weight_decay=0.05
2026/09/18 15:11:27 - mmengine - INFO - paramwise_options -- backbone.stages.2.blocks.5.norm1.bias:lr_mult=0.1
2026/09/18 15:11:27 - mmengine - INFO - paramwise_options -- backbone.stages.2.blocks.5.norm1.bias:decay_mult=1.0
2026/09/18 15:11:27 - mmengine - INFO - paramwise_options -- backbone.stages.2.blocks.5.attn.w_msa.relative_position_bias_table:lr=1e-05
2026/09/18 15:11:27 - mmengine - INFO - paramwise_options -- backbone.stages.2.blocks.5.attn.w_msa.relative_position_bias_table:weight_decay=0.0
2026/09/18 15:11:27 - mmengine - INFO - paramwise_options -- backbone.stages.2.blocks.5.attn.w_msa.relative_position_bias_table:lr_mult=0.1
2026/09/18 15:11:27 - mmengine - INFO - paramwise_options -- backbone.stages.2.blocks.5.attn.w_msa.relative_position_bias_table:decay_mult=0.0
2026/09/18 15:11:27 - mmengine - INFO - paramwise_options -- backbone.stages.2.blocks.5.attn.w_msa.qkv.weight:lr=1e-05
2026/09/18 15:11:27 - mmengine - INFO - paramwise_options -- backbone.stages.2.blocks.5.attn.w_msa.qkv.weight:weight_decay=0.05
2026/09/18 15:11:27 - mmengine - INFO - paramwise_options -- backbone.stages.2.blocks.5.attn.w_msa.qkv.weight:lr_mult=0.1
2026/09/18 15:11:27 - mmengine - INFO - paramwise_options -- backbone.stages.2.blocks.5.attn.w_msa.qkv.weight:decay_mult=1.0
2026/09/18 15:11:27 - mmengine - INFO - paramwise_options -- backbone.stages.2.blocks.5.attn.w_msa.qkv.bias:lr=1e-05
2026/09/18 15:11:27 - mmengine - INFO - paramwise_options -- backbone.stages.2.blocks.5.attn.w_msa.qkv.bias:weight_decay=0.05
2026/09/18 15:11:27 - mmengine - INFO - paramwise_options -- backbone.stages.2.blocks.5.attn.w_msa.qkv.bias:lr_mult=0.1
2026/09/18 15:11:27 - mmengine - INFO - paramwise_options -- backbone.stages.2.blocks.5.attn.w_msa.qkv.bias:decay_mult=1.0
2026/09/18 15:11:27 - mmengine - INFO - paramwise_options -- backbone.stages.2.blocks.5.attn.w_msa.proj.weight:lr=1e-05
2026/09/18 15:11:27 - mmengine - INFO - paramwise_options -- backbone.stages.2.blocks.5.attn.w_msa.proj.weight:weight_decay=0.05
2026/09/18 15:11:27 - mmengine - INFO - paramwise_options -- backbone.stages.2.blocks.5.attn.w_msa.proj.weight:lr_mult=0.1
2026/09/18 15:11:27 - mmengine - INFO - paramwise_options -- backbone.stages.2.blocks.5.attn.w_msa.proj.weight:decay_mult=1.0
2026/09/18 15:11:27 - mmengine - INFO - paramwise_options -- backbone.stages.2.blocks.5.attn.w_msa.proj.bias:lr=1e-05
2026/09/18 15:11:27 - mmengine - INFO - paramwise_options -- backbone.stages.2.blocks.5.attn.w_msa.proj.bias:weight_decay=0.05
2026/09/18 15:11:27 - mmengine - INFO - paramwise_options -- backbone.stages.2.blocks.5.attn.w_msa.proj.bias:lr_mult=0.1
2026/09/18 15:11:27 - mmengine - INFO - paramwise_options -- backbone.stages.2.blocks.5.attn.w_msa.proj.bias:decay_mult=1.0
2026/09/18 15:11:27 - mmengine - INFO - paramwise_options -- backbone.stages.2.blocks.5.norm2.weight:lr=1e-05
2026/09/18 15:11:27 - mmengine - INFO - paramwise_options -- backbone.stages.2.blocks.5.norm2.weight:weight_decay=0.05
2026/09/18 15:11:27 - mmengine - INFO - paramwise_options -- backbone.stages.2.blocks.5.norm2.weight:lr_mult=0.1
2026/09/18 15:11:27 - mmengine - INFO - paramwise_options -- backbone.stages.2.blocks.5.norm2.weight:decay_mult=1.0
2026/09/18 15:11:27 - mmengine - INFO - paramwise_options -- backbone.stages.2.blocks.5.norm2.bias:lr=1e-05
2026/09/18 15:11:27 - mmengine - INFO - paramwise_options -- backbone.stages.2.blocks.5.norm2.bias:weight_decay=0.05
2026/09/18 15:11:27 - mmengine - INFO - paramwise_options -- backbone.stages.2.blocks.5.norm2.bias:lr_mult=0.1
2026/09/18 15:11:27 - mmengine - INFO - paramwise_options -- backbone.stages.2.blocks.5.norm2.bias:decay_mult=1.0
2026/09/18 15:11:27 - mmengine - INFO - paramwise_options -- backbone.stages.2.blocks.5.ffn.layers.0.0.weight:lr=1e-05
2026/09/18 15:11:27 - mmengine - INFO - paramwise_options -- backbone.stages.2.blocks.5.ffn.layers.0.0.weight:weight_decay=0.05
2026/09/18 15:11:27 - mmengine - INFO - paramwise_options -- backbone.stages.2.blocks.5.ffn.layers.0.0.weight:lr_mult=0.1
2026/09/18 15:11:27 - mmengine - INFO - paramwise_options -- backbone.stages.2.blocks.5.ffn.layers.0.0.weight:decay_mult=1.0
2026/09/18 15:11:27 - mmengine - INFO - paramwise_options -- backbone.stages.2.blocks.5.ffn.layers.0.0.bias:lr=1e-05
2026/09/18 15:11:27 - mmengine - INFO - paramwise_options -- backbone.stages.2.blocks.5.ffn.layers.0.0.bias:weight_decay=0.05
2026/09/18 15:11:27 - mmengine - INFO - paramwise_options -- backbone.stages.2.blocks.5.ffn.layers.0.0.bias:lr_mult=0.1
2026/09/18 15:11:27 - mmengine - INFO - paramwise_options -- backbone.stages.2.blocks.5.ffn.layers.0.0.bias:decay_mult=1.0
2026/09/18 15:11:27 - mmengine - INFO - paramwise_options -- backbone.stages.2.blocks.5.ffn.layers.1.weight:lr=1e-05
2026/09/18 15:11:27 - mmengine - INFO - paramwise_options -- backbone.stages.2.blocks.5.ffn.layers.1.weight:weight_decay=0.05
2026/09/18 15:11:27 - mmengine - INFO - paramwise_options -- backbone.stages.2.blocks.5.ffn.layers.1.weight:lr_mult=0.1
2026/09/18 15:11:27 - mmengine - INFO - paramwise_options -- backbone.stages.2.blocks.5.ffn.layers.1.weight:decay_mult=1.0
2026/09/18 15:11:27 - mmengine - INFO - paramwise_options -- backbone.stages.2.blocks.5.ffn.layers.1.bias:lr=1e-05
2026/09/18 15:11:27 - mmengine - INFO - paramwise_options -- backbone.stages.2.blocks.5.ffn.layers.1.bias:weight_decay=0.05
2026/09/18 15:11:27 - mmengine - INFO - paramwise_options -- backbone.stages.2.blocks.5.ffn.layers.1.bias:lr_mult=0.1
2026/09/18 15:11:27 - mmengine - INFO - paramwise_options -- backbone.stages.2.blocks.5.ffn.layers.1.bias:decay_mult=1.0
2026/09/18 15:11:27 - mmengine - INFO - paramwise_options -- backbone.stages.2.downsample.norm.weight:lr=1e-05
2026/09/18 15:11:27 - mmengine - INFO - paramwise_options -- backbone.stages.2.downsample.norm.weight:weight_decay=0.05
2026/09/18 15:11:27 - mmengine - INFO - paramwise_options -- backbone.stages.2.downsample.norm.weight:lr_mult=0.1
2026/09/18 15:11:27 - mmengine - INFO - paramwise_options -- backbone.stages.2.downsample.norm.weight:decay_mult=1.0
2026/09/18 15:11:27 - mmengine - INFO - paramwise_options -- backbone.stages.2.downsample.norm.bias:lr=1e-05
2026/09/18 15:11:27 - mmengine - INFO - paramwise_options -- backbone.stages.2.downsample.norm.bias:weight_decay=0.05
2026/09/18 15:11:27 - mmengine - INFO - paramwise_options -- backbone.stages.2.downsample.norm.bias:lr_mult=0.1
2026/09/18 15:11:27 - mmengine - INFO - paramwise_options -- backbone.stages.2.downsample.norm.bias:decay_mult=1.0
2026/09/18 15:11:27 - mmengine - INFO - paramwise_options -- backbone.stages.2.downsample.reduction.weight:lr=1e-05
2026/09/18 15:11:27 - mmengine - INFO - paramwise_options -- backbone.stages.2.downsample.reduction.weight:weight_decay=0.05
2026/09/18 15:11:27 - mmengine - INFO - paramwise_options -- backbone.stages.2.downsample.reduction.weight:lr_mult=0.1
2026/09/18 15:11:27 - mmengine - INFO - paramwise_options -- backbone.stages.2.downsample.reduction.weight:decay_mult=1.0
2026/09/18 15:11:27 - mmengine - INFO - paramwise_options -- backbone.stages.3.blocks.0.norm1.weight:lr=1e-05
2026/09/18 15:11:27 - mmengine - INFO - paramwise_options -- backbone.stages.3.blocks.0.norm1.weight:weight_decay=0.05
2026/09/18 15:11:27 - mmengine - INFO - paramwise_options -- backbone.stages.3.blocks.0.norm1.weight:lr_mult=0.1
2026/09/18 15:11:27 - mmengine - INFO - paramwise_options -- backbone.stages.3.blocks.0.norm1.weight:decay_mult=1.0
2026/09/18 15:11:27 - mmengine - INFO - paramwise_options -- backbone.stages.3.blocks.0.norm1.bias:lr=1e-05
2026/09/18 15:11:27 - mmengine - INFO - paramwise_options -- backbone.stages.3.blocks.0.norm1.bias:weight_decay=0.05
2026/09/18 15:11:27 - mmengine - INFO - paramwise_options -- backbone.stages.3.blocks.0.norm1.bias:lr_mult=0.1
2026/09/18 15:11:27 - mmengine - INFO - paramwise_options -- backbone.stages.3.blocks.0.norm1.bias:decay_mult=1.0
2026/09/18 15:11:27 - mmengine - INFO - paramwise_options -- backbone.stages.3.blocks.0.attn.w_msa.relative_position_bias_table:lr=1e-05
2026/09/18 15:11:27 - mmengine - INFO - paramwise_options -- backbone.stages.3.blocks.0.attn.w_msa.relative_position_bias_table:weight_decay=0.0
2026/09/18 15:11:27 - mmengine - INFO - paramwise_options -- backbone.stages.3.blocks.0.attn.w_msa.relative_position_bias_table:lr_mult=0.1
2026/09/18 15:11:27 - mmengine - INFO - paramwise_options -- backbone.stages.3.blocks.0.attn.w_msa.relative_position_bias_table:decay_mult=0.0
2026/09/18 15:11:27 - mmengine - INFO - paramwise_options -- backbone.stages.3.blocks.0.attn.w_msa.qkv.weight:lr=1e-05
2026/09/18 15:11:27 - mmengine - INFO - paramwise_options -- backbone.stages.3.blocks.0.attn.w_msa.qkv.weight:weight_decay=0.05
2026/09/18 15:11:27 - mmengine - INFO - paramwise_options -- backbone.stages.3.blocks.0.attn.w_msa.qkv.weight:lr_mult=0.1
2026/09/18 15:11:27 - mmengine - INFO - paramwise_options -- backbone.stages.3.blocks.0.attn.w_msa.qkv.weight:decay_mult=1.0
2026/09/18 15:11:27 - mmengine - INFO - paramwise_options -- backbone.stages.3.blocks.0.attn.w_msa.qkv.bias:lr=1e-05
2026/09/18 15:11:27 - mmengine - INFO - paramwise_options -- backbone.stages.3.blocks.0.attn.w_msa.qkv.bias:weight_decay=0.05
2026/09/18 15:11:27 - mmengine - INFO - paramwise_options -- backbone.stages.3.blocks.0.attn.w_msa.qkv.bias:lr_mult=0.1
2026/09/18 15:11:27 - mmengine - INFO - paramwise_options -- backbone.stages.3.blocks.0.attn.w_msa.qkv.bias:decay_mult=1.0
2026/09/18 15:11:27 - mmengine - INFO - paramwise_options -- backbone.stages.3.blocks.0.attn.w_msa.proj.weight:lr=1e-05
2026/09/18 15:11:27 - mmengine - INFO - paramwise_options -- backbone.stages.3.blocks.0.attn.w_msa.proj.weight:weight_decay=0.05
2026/09/18 15:11:27 - mmengine - INFO - paramwise_options -- backbone.stages.3.blocks.0.attn.w_msa.proj.weight:lr_mult=0.1
2026/09/18 15:11:27 - mmengine - INFO - paramwise_options -- backbone.stages.3.blocks.0.attn.w_msa.proj.weight:decay_mult=1.0
2026/09/18 15:11:27 - mmengine - INFO - paramwise_options -- backbone.stages.3.blocks.0.attn.w_msa.proj.bias:lr=1e-05
2026/09/18 15:11:27 - mmengine - INFO - paramwise_options -- backbone.stages.3.blocks.0.attn.w_msa.proj.bias:weight_decay=0.05
2026/09/18 15:11:27 - mmengine - INFO - paramwise_options -- backbone.stages.3.blocks.0.attn.w_msa.proj.bias:lr_mult=0.1
2026/09/18 15:11:27 - mmengine - INFO - paramwise_options -- backbone.stages.3.blocks.0.attn.w_msa.proj.bias:decay_mult=1.0
2026/09/18 15:11:27 - mmengine - INFO - paramwise_options -- backbone.stages.3.blocks.0.norm2.weight:lr=1e-05
2026/09/18 15:11:27 - mmengine - INFO - paramwise_options -- backbone.stages.3.blocks.0.norm2.weight:weight_decay=0.05
2026/09/18 15:11:27 - mmengine - INFO - paramwise_options -- backbone.stages.3.blocks.0.norm2.weight:lr_mult=0.1
2026/09/18 15:11:27 - mmengine - INFO - paramwise_options -- backbone.stages.3.blocks.0.norm2.weight:decay_mult=1.0
2026/09/18 15:11:27 - mmengine - INFO - paramwise_options -- backbone.stages.3.blocks.0.norm2.bias:lr=1e-05
2026/09/18 15:11:27 - mmengine - INFO - paramwise_options -- backbone.stages.3.blocks.0.norm2.bias:weight_decay=0.05
2026/09/18 15:11:27 - mmengine - INFO - paramwise_options -- backbone.stages.3.blocks.0.norm2.bias:lr_mult=0.1
2026/09/18 15:11:27 - mmengine - INFO - paramwise_options -- backbone.stages.3.blocks.0.norm2.bias:decay_mult=1.0
2026/09/18 15:11:27 - mmengine - INFO - paramwise_options -- backbone.stages.3.blocks.0.ffn.layers.0.0.weight:lr=1e-05
2026/09/18 15:11:27 - mmengine - INFO - paramwise_options -- backbone.stages.3.blocks.0.ffn.layers.0.0.weight:weight_decay=0.05
2026/09/18 15:11:27 - mmengine - INFO - paramwise_options -- backbone.stages.3.blocks.0.ffn.layers.0.0.weight:lr_mult=0.1
2026/09/18 15:11:27 - mmengine - INFO - paramwise_options -- backbone.stages.3.blocks.0.ffn.layers.0.0.weight:decay_mult=1.0
2026/09/18 15:11:27 - mmengine - INFO - paramwise_options -- backbone.stages.3.blocks.0.ffn.layers.0.0.bias:lr=1e-05
2026/09/18 15:11:27 - mmengine - INFO - paramwise_options -- backbone.stages.3.blocks.0.ffn.layers.0.0.bias:weight_decay=0.05
2026/09/18 15:11:27 - mmengine - INFO - paramwise_options -- backbone.stages.3.blocks.0.ffn.layers.0.0.bias:lr_mult=0.1
2026/09/18 15:11:27 - mmengine - INFO - paramwise_options -- backbone.stages.3.blocks.0.ffn.layers.0.0.bias:decay_mult=1.0
2026/09/18 15:11:27 - mmengine - INFO - paramwise_options -- backbone.stages.3.blocks.0.ffn.layers.1.weight:lr=1e-05
2026/09/18 15:11:27 - mmengine - INFO - paramwise_options -- backbone.stages.3.blocks.0.ffn.layers.1.weight:weight_decay=0.05
2026/09/18 15:11:27 - mmengine - INFO - paramwise_options -- backbone.stages.3.blocks.0.ffn.layers.1.weight:lr_mult=0.1
2026/09/18 15:11:27 - mmengine - INFO - paramwise_options -- backbone.stages.3.blocks.0.ffn.layers.1.weight:decay_mult=1.0
2026/09/18 15:11:27 - mmengine - INFO - paramwise_options -- backbone.stages.3.blocks.0.ffn.layers.1.bias:lr=1e-05
2026/09/18 15:11:27 - mmengine - INFO - paramwise_options -- backbone.stages.3.blocks.0.ffn.layers.1.bias:weight_decay=0.05
2026/09/18 15:11:27 - mmengine - INFO - paramwise_options -- backbone.stages.3.blocks.0.ffn.layers.1.bias:lr_mult=0.1
2026/09/18 15:11:27 - mmengine - INFO - paramwise_options -- backbone.stages.3.blocks.0.ffn.layers.1.bias:decay_mult=1.0
2026/09/18 15:11:27 - mmengine - INFO - paramwise_options -- backbone.stages.3.blocks.1.norm1.weight:lr=1e-05
2026/09/18 15:11:27 - mmengine - INFO - paramwise_options -- backbone.stages.3.blocks.1.norm1.weight:weight_decay=0.05
2026/09/18 15:11:27 - mmengine - INFO - paramwise_options -- backbone.stages.3.blocks.1.norm1.weight:lr_mult=0.1
2026/09/18 15:11:27 - mmengine - INFO - paramwise_options -- backbone.stages.3.blocks.1.norm1.weight:decay_mult=1.0
2026/09/18 15:11:27 - mmengine - INFO - paramwise_options -- backbone.stages.3.blocks.1.norm1.bias:lr=1e-05
2026/09/18 15:11:27 - mmengine - INFO - paramwise_options -- backbone.stages.3.blocks.1.norm1.bias:weight_decay=0.05
2026/09/18 15:11:27 - mmengine - INFO - paramwise_options -- backbone.stages.3.blocks.1.norm1.bias:lr_mult=0.1
2026/09/18 15:11:27 - mmengine - INFO - paramwise_options -- backbone.stages.3.blocks.1.norm1.bias:decay_mult=1.0
2026/09/18 15:11:27 - mmengine - INFO - paramwise_options -- backbone.stages.3.blocks.1.attn.w_msa.relative_position_bias_table:lr=1e-05
2026/09/18 15:11:27 - mmengine - INFO - paramwise_options -- backbone.stages.3.blocks.1.attn.w_msa.relative_position_bias_table:weight_decay=0.0
2026/09/18 15:11:27 - mmengine - INFO - paramwise_options -- backbone.stages.3.blocks.1.attn.w_msa.relative_position_bias_table:lr_mult=0.1
2026/09/18 15:11:27 - mmengine - INFO - paramwise_options -- backbone.stages.3.blocks.1.attn.w_msa.relative_position_bias_table:decay_mult=0.0
2026/09/18 15:11:27 - mmengine - INFO - paramwise_options -- backbone.stages.3.blocks.1.attn.w_msa.qkv.weight:lr=1e-05
2026/09/18 15:11:27 - mmengine - INFO - paramwise_options -- backbone.stages.3.blocks.1.attn.w_msa.qkv.weight:weight_decay=0.05
2026/09/18 15:11:27 - mmengine - INFO - paramwise_options -- backbone.stages.3.blocks.1.attn.w_msa.qkv.weight:lr_mult=0.1
2026/09/18 15:11:27 - mmengine - INFO - paramwise_options -- backbone.stages.3.blocks.1.attn.w_msa.qkv.weight:decay_mult=1.0
2026/09/18 15:11:27 - mmengine - INFO - paramwise_options -- backbone.stages.3.blocks.1.attn.w_msa.qkv.bias:lr=1e-05
2026/09/18 15:11:27 - mmengine - INFO - paramwise_options -- backbone.stages.3.blocks.1.attn.w_msa.qkv.bias:weight_decay=0.05
2026/09/18 15:11:27 - mmengine - INFO - paramwise_options -- backbone.stages.3.blocks.1.attn.w_msa.qkv.bias:lr_mult=0.1
2026/09/18 15:11:27 - mmengine - INFO - paramwise_options -- backbone.stages.3.blocks.1.attn.w_msa.qkv.bias:decay_mult=1.0
2026/09/18 15:11:27 - mmengine - INFO - paramwise_options -- backbone.stages.3.blocks.1.attn.w_msa.proj.weight:lr=1e-05
2026/09/18 15:11:27 - mmengine - INFO - paramwise_options -- backbone.stages.3.blocks.1.attn.w_msa.proj.weight:weight_decay=0.05
2026/09/18 15:11:27 - mmengine - INFO - paramwise_options -- backbone.stages.3.blocks.1.attn.w_msa.proj.weight:lr_mult=0.1
2026/09/18 15:11:27 - mmengine - INFO - paramwise_options -- backbone.stages.3.blocks.1.attn.w_msa.proj.weight:decay_mult=1.0
2026/09/18 15:11:27 - mmengine - INFO - paramwise_options -- backbone.stages.3.blocks.1.attn.w_msa.proj.bias:lr=1e-05
2026/09/18 15:11:27 - mmengine - INFO - paramwise_options -- backbone.stages.3.blocks.1.attn.w_msa.proj.bias:weight_decay=0.05
2026/09/18 15:11:27 - mmengine - INFO - paramwise_options -- backbone.stages.3.blocks.1.attn.w_msa.proj.bias:lr_mult=0.1
2026/09/18 15:11:27 - mmengine - INFO - paramwise_options -- backbone.stages.3.blocks.1.attn.w_msa.proj.bias:decay_mult=1.0
2026/09/18 15:11:27 - mmengine - INFO - paramwise_options -- backbone.stages.3.blocks.1.norm2.weight:lr=1e-05
2026/09/18 15:11:27 - mmengine - INFO - paramwise_options -- backbone.stages.3.blocks.1.norm2.weight:weight_decay=0.05
2026/09/18 15:11:27 - mmengine - INFO - paramwise_options -- backbone.stages.3.blocks.1.norm2.weight:lr_mult=0.1
2026/09/18 15:11:27 - mmengine - INFO - paramwise_options -- backbone.stages.3.blocks.1.norm2.weight:decay_mult=1.0
2026/09/18 15:11:27 - mmengine - INFO - paramwise_options -- backbone.stages.3.blocks.1.norm2.bias:lr=1e-05
2026/09/18 15:11:27 - mmengine - INFO - paramwise_options -- backbone.stages.3.blocks.1.norm2.bias:weight_decay=0.05
2026/09/18 15:11:27 - mmengine - INFO - paramwise_options -- backbone.stages.3.blocks.1.norm2.bias:lr_mult=0.1
2026/09/18 15:11:27 - mmengine - INFO - paramwise_options -- backbone.stages.3.blocks.1.norm2.bias:decay_mult=1.0
2026/09/18 15:11:27 - mmengine - INFO - paramwise_options -- backbone.stages.3.blocks.1.ffn.layers.0.0.weight:lr=1e-05
2026/09/18 15:11:27 - mmengine - INFO - paramwise_options -- backbone.stages.3.blocks.1.ffn.layers.0.0.weight:weight_decay=0.05
2026/09/18 15:11:27 - mmengine - INFO - paramwise_options -- backbone.stages.3.blocks.1.ffn.layers.0.0.weight:lr_mult=0.1
2026/09/18 15:11:27 - mmengine - INFO - paramwise_options -- backbone.stages.3.blocks.1.ffn.layers.0.0.weight:decay_mult=1.0
2026/09/18 15:11:27 - mmengine - INFO - paramwise_options -- backbone.stages.3.blocks.1.ffn.layers.0.0.bias:lr=1e-05
2026/09/18 15:11:27 - mmengine - INFO - paramwise_options -- backbone.stages.3.blocks.1.ffn.layers.0.0.bias:weight_decay=0.05
2026/09/18 15:11:27 - mmengine - INFO - paramwise_options -- backbone.stages.3.blocks.1.ffn.layers.0.0.bias:lr_mult=0.1
2026/09/18 15:11:27 - mmengine - INFO - paramwise_options -- backbone.stages.3.blocks.1.ffn.layers.0.0.bias:decay_mult=1.0
2026/09/18 15:11:27 - mmengine - INFO - paramwise_options -- backbone.stages.3.blocks.1.ffn.layers.1.weight:lr=1e-05
2026/09/18 15:11:27 - mmengine - INFO - paramwise_options -- backbone.stages.3.blocks.1.ffn.layers.1.weight:weight_decay=0.05
2026/09/18 15:11:27 - mmengine - INFO - paramwise_options -- backbone.stages.3.blocks.1.ffn.layers.1.weight:lr_mult=0.1
2026/09/18 15:11:27 - mmengine - INFO - paramwise_options -- backbone.stages.3.blocks.1.ffn.layers.1.weight:decay_mult=1.0
2026/09/18 15:11:27 - mmengine - INFO - paramwise_options -- backbone.stages.3.blocks.1.ffn.layers.1.bias:lr=1e-05
2026/09/18 15:11:27 - mmengine - INFO - paramwise_options -- backbone.stages.3.blocks.1.ffn.layers.1.bias:weight_decay=0.05
2026/09/18 15:11:27 - mmengine - INFO - paramwise_options -- backbone.stages.3.blocks.1.ffn.layers.1.bias:lr_mult=0.1
2026/09/18 15:11:27 - mmengine - INFO - paramwise_options -- backbone.stages.3.blocks.1.ffn.layers.1.bias:decay_mult=1.0
2026/09/18 15:11:27 - mmengine - INFO - paramwise_options -- backbone.norm0.weight:lr=1e-05
2026/09/18 15:11:27 - mmengine - INFO - paramwise_options -- backbone.norm0.weight:weight_decay=0.05
2026/09/18 15:11:27 - mmengine - INFO - paramwise_options -- backbone.norm0.weight:lr_mult=0.1
2026/09/18 15:11:27 - mmengine - INFO - paramwise_options -- backbone.norm0.weight:decay_mult=1.0
2026/09/18 15:11:27 - mmengine - INFO - paramwise_options -- backbone.norm0.bias:lr=1e-05
2026/09/18 15:11:27 - mmengine - INFO - paramwise_options -- backbone.norm0.bias:weight_decay=0.05
2026/09/18 15:11:27 - mmengine - INFO - paramwise_options -- backbone.norm0.bias:lr_mult=0.1
2026/09/18 15:11:27 - mmengine - INFO - paramwise_options -- backbone.norm0.bias:decay_mult=1.0
2026/09/18 15:11:27 - mmengine - INFO - paramwise_options -- backbone.norm1.weight:lr=1e-05
2026/09/18 15:11:27 - mmengine - INFO - paramwise_options -- backbone.norm1.weight:weight_decay=0.05
2026/09/18 15:11:27 - mmengine - INFO - paramwise_options -- backbone.norm1.weight:lr_mult=0.1
2026/09/18 15:11:27 - mmengine - INFO - paramwise_options -- backbone.norm1.weight:decay_mult=1.0
2026/09/18 15:11:27 - mmengine - INFO - paramwise_options -- backbone.norm1.bias:lr=1e-05
2026/09/18 15:11:27 - mmengine - INFO - paramwise_options -- backbone.norm1.bias:weight_decay=0.05
2026/09/18 15:11:27 - mmengine - INFO - paramwise_options -- backbone.norm1.bias:lr_mult=0.1
2026/09/18 15:11:27 - mmengine - INFO - paramwise_options -- backbone.norm1.bias:decay_mult=1.0
2026/09/18 15:11:27 - mmengine - INFO - paramwise_options -- backbone.norm2.weight:lr=1e-05
2026/09/18 15:11:27 - mmengine - INFO - paramwise_options -- backbone.norm2.weight:weight_decay=0.05
2026/09/18 15:11:27 - mmengine - INFO - paramwise_options -- backbone.norm2.weight:lr_mult=0.1
2026/09/18 15:11:27 - mmengine - INFO - paramwise_options -- backbone.norm2.weight:decay_mult=1.0
2026/09/18 15:11:27 - mmengine - INFO - paramwise_options -- backbone.norm2.bias:lr=1e-05
2026/09/18 15:11:27 - mmengine - INFO - paramwise_options -- backbone.norm2.bias:weight_decay=0.05
2026/09/18 15:11:27 - mmengine - INFO - paramwise_options -- backbone.norm2.bias:lr_mult=0.1
2026/09/18 15:11:27 - mmengine - INFO - paramwise_options -- backbone.norm2.bias:decay_mult=1.0
2026/09/18 15:11:27 - mmengine - INFO - paramwise_options -- backbone.norm3.weight:lr=1e-05
2026/09/18 15:11:27 - mmengine - INFO - paramwise_options -- backbone.norm3.weight:weight_decay=0.05
2026/09/18 15:11:27 - mmengine - INFO - paramwise_options -- backbone.norm3.weight:lr_mult=0.1
2026/09/18 15:11:27 - mmengine - INFO - paramwise_options -- backbone.norm3.weight:decay_mult=1.0
2026/09/18 15:11:27 - mmengine - INFO - paramwise_options -- backbone.norm3.bias:lr=1e-05
2026/09/18 15:11:27 - mmengine - INFO - paramwise_options -- backbone.norm3.bias:weight_decay=0.05
2026/09/18 15:11:27 - mmengine - INFO - paramwise_options -- backbone.norm3.bias:lr_mult=0.1
2026/09/18 15:11:27 - mmengine - INFO - paramwise_options -- backbone.norm3.bias:decay_mult=1.0
2026/09/18 15:11:27 - mmengine - INFO - paramwise_options -- decode_head.pixel_decoder.input_convs.0.gn.weight:weight_decay=0.0
2026/09/18 15:11:27 - mmengine - INFO - paramwise_options -- decode_head.pixel_decoder.input_convs.0.gn.bias:weight_decay=0.0
2026/09/18 15:11:27 - mmengine - INFO - paramwise_options -- decode_head.pixel_decoder.input_convs.1.gn.weight:weight_decay=0.0
2026/09/18 15:11:27 - mmengine - INFO - paramwise_options -- decode_head.pixel_decoder.input_convs.1.gn.bias:weight_decay=0.0
2026/09/18 15:11:27 - mmengine - INFO - paramwise_options -- decode_head.pixel_decoder.input_convs.2.gn.weight:weight_decay=0.0
2026/09/18 15:11:27 - mmengine - INFO - paramwise_options -- decode_head.pixel_decoder.input_convs.2.gn.bias:weight_decay=0.0
2026/09/18 15:11:27 - mmengine - INFO - paramwise_options -- decode_head.pixel_decoder.encoder.layers.0.norms.0.weight:weight_decay=0.0
2026/09/18 15:11:27 - mmengine - INFO - paramwise_options -- decode_head.pixel_decoder.encoder.layers.0.norms.0.bias:weight_decay=0.0
2026/09/18 15:11:27 - mmengine - INFO - paramwise_options -- decode_head.pixel_decoder.encoder.layers.0.norms.1.weight:weight_decay=0.0
2026/09/18 15:11:27 - mmengine - INFO - paramwise_options -- decode_head.pixel_decoder.encoder.layers.0.norms.1.bias:weight_decay=0.0
2026/09/18 15:11:27 - mmengine - INFO - paramwise_options -- decode_head.pixel_decoder.encoder.layers.1.norms.0.weight:weight_decay=0.0
2026/09/18 15:11:27 - mmengine - INFO - paramwise_options -- decode_head.pixel_decoder.encoder.layers.1.norms.0.bias:weight_decay=0.0
2026/09/18 15:11:27 - mmengine - INFO - paramwise_options -- decode_head.pixel_decoder.encoder.layers.1.norms.1.weight:weight_decay=0.0
2026/09/18 15:11:27 - mmengine - INFO - paramwise_options -- decode_head.pixel_decoder.encoder.layers.1.norms.1.bias:weight_decay=0.0
2026/09/18 15:11:27 - mmengine - INFO - paramwise_options -- decode_head.pixel_decoder.encoder.layers.2.norms.0.weight:weight_decay=0.0
2026/09/18 15:11:27 - mmengine - INFO - paramwise_options -- decode_head.pixel_decoder.encoder.layers.2.norms.0.bias:weight_decay=0.0
2026/09/18 15:11:27 - mmengine - INFO - paramwise_options -- decode_head.pixel_decoder.encoder.layers.2.norms.1.weight:weight_decay=0.0
2026/09/18 15:11:27 - mmengine - INFO - paramwise_options -- decode_head.pixel_decoder.encoder.layers.2.norms.1.bias:weight_decay=0.0
2026/09/18 15:11:27 - mmengine - INFO - paramwise_options -- decode_head.pixel_decoder.encoder.layers.3.norms.0.weight:weight_decay=0.0
2026/09/18 15:11:27 - mmengine - INFO - paramwise_options -- decode_head.pixel_decoder.encoder.layers.3.norms.0.bias:weight_decay=0.0
2026/09/18 15:11:27 - mmengine - INFO - paramwise_options -- decode_head.pixel_decoder.encoder.layers.3.norms.1.weight:weight_decay=0.0
2026/09/18 15:11:27 - mmengine - INFO - paramwise_options -- decode_head.pixel_decoder.encoder.layers.3.norms.1.bias:weight_decay=0.0
2026/09/18 15:11:27 - mmengine - INFO - paramwise_options -- decode_head.pixel_decoder.encoder.layers.4.norms.0.weight:weight_decay=0.0
2026/09/18 15:11:27 - mmengine - INFO - paramwise_options -- decode_head.pixel_decoder.encoder.layers.4.norms.0.bias:weight_decay=0.0
2026/09/18 15:11:27 - mmengine - INFO - paramwise_options -- decode_head.pixel_decoder.encoder.layers.4.norms.1.weight:weight_decay=0.0
2026/09/18 15:11:27 - mmengine - INFO - paramwise_options -- decode_head.pixel_decoder.encoder.layers.4.norms.1.bias:weight_decay=0.0
2026/09/18 15:11:27 - mmengine - INFO - paramwise_options -- decode_head.pixel_decoder.encoder.layers.5.norms.0.weight:weight_decay=0.0
2026/09/18 15:11:27 - mmengine - INFO - paramwise_options -- decode_head.pixel_decoder.encoder.layers.5.norms.0.bias:weight_decay=0.0
2026/09/18 15:11:27 - mmengine - INFO - paramwise_options -- decode_head.pixel_decoder.encoder.layers.5.norms.1.weight:weight_decay=0.0
2026/09/18 15:11:27 - mmengine - INFO - paramwise_options -- decode_head.pixel_decoder.encoder.layers.5.norms.1.bias:weight_decay=0.0
2026/09/18 15:11:27 - mmengine - INFO - paramwise_options -- decode_head.pixel_decoder.lateral_convs.0.gn.weight:weight_decay=0.0
2026/09/18 15:11:27 - mmengine - INFO - paramwise_options -- decode_head.pixel_decoder.lateral_convs.0.gn.bias:weight_decay=0.0
2026/09/18 15:11:27 - mmengine - INFO - paramwise_options -- decode_head.pixel_decoder.output_convs.0.gn.weight:weight_decay=0.0
2026/09/18 15:11:27 - mmengine - INFO - paramwise_options -- decode_head.pixel_decoder.output_convs.0.gn.bias:weight_decay=0.0
2026/09/18 15:11:27 - mmengine - INFO - paramwise_options -- decode_head.transformer_decoder.layers.0.norms.0.weight:weight_decay=0.0
2026/09/18 15:11:27 - mmengine - INFO - paramwise_options -- decode_head.transformer_decoder.layers.0.norms.0.bias:weight_decay=0.0
2026/09/18 15:11:27 - mmengine - INFO - paramwise_options -- decode_head.transformer_decoder.layers.0.norms.1.weight:weight_decay=0.0
2026/09/18 15:11:27 - mmengine - INFO - paramwise_options -- decode_head.transformer_decoder.layers.0.norms.1.bias:weight_decay=0.0
2026/09/18 15:11:27 - mmengine - INFO - paramwise_options -- decode_head.transformer_decoder.layers.0.norms.2.weight:weight_decay=0.0
2026/09/18 15:11:27 - mmengine - INFO - paramwise_options -- decode_head.transformer_decoder.layers.0.norms.2.bias:weight_decay=0.0
2026/09/18 15:11:27 - mmengine - INFO - paramwise_options -- decode_head.transformer_decoder.layers.1.norms.0.weight:weight_decay=0.0
2026/09/18 15:11:27 - mmengine - INFO - paramwise_options -- decode_head.transformer_decoder.layers.1.norms.0.bias:weight_decay=0.0
2026/09/18 15:11:27 - mmengine - INFO - paramwise_options -- decode_head.transformer_decoder.layers.1.norms.1.weight:weight_decay=0.0
2026/09/18 15:11:27 - mmengine - INFO - paramwise_options -- decode_head.transformer_decoder.layers.1.norms.1.bias:weight_decay=0.0
2026/09/18 15:11:27 - mmengine - INFO - paramwise_options -- decode_head.transformer_decoder.layers.1.norms.2.weight:weight_decay=0.0
2026/09/18 15:11:27 - mmengine - INFO - paramwise_options -- decode_head.transformer_decoder.layers.1.norms.2.bias:weight_decay=0.0
2026/09/18 15:11:27 - mmengine - INFO - paramwise_options -- decode_head.transformer_decoder.layers.2.norms.0.weight:weight_decay=0.0
2026/09/18 15:11:27 - mmengine - INFO - paramwise_options -- decode_head.transformer_decoder.layers.2.norms.0.bias:weight_decay=0.0
2026/09/18 15:11:27 - mmengine - INFO - paramwise_options -- decode_head.transformer_decoder.layers.2.norms.1.weight:weight_decay=0.0
2026/09/18 15:11:27 - mmengine - INFO - paramwise_options -- decode_head.transformer_decoder.layers.2.norms.1.bias:weight_decay=0.0
2026/09/18 15:11:27 - mmengine - INFO - paramwise_options -- decode_head.transformer_decoder.layers.2.norms.2.weight:weight_decay=0.0
2026/09/18 15:11:27 - mmengine - INFO - paramwise_options -- decode_head.transformer_decoder.layers.2.norms.2.bias:weight_decay=0.0
2026/09/18 15:11:27 - mmengine - INFO - paramwise_options -- decode_head.transformer_decoder.layers.3.norms.0.weight:weight_decay=0.0
2026/09/18 15:11:27 - mmengine - INFO - paramwise_options -- decode_head.transformer_decoder.layers.3.norms.0.bias:weight_decay=0.0
2026/09/18 15:11:27 - mmengine - INFO - paramwise_options -- decode_head.transformer_decoder.layers.3.norms.1.weight:weight_decay=0.0
2026/09/18 15:11:27 - mmengine - INFO - paramwise_options -- decode_head.transformer_decoder.layers.3.norms.1.bias:weight_decay=0.0
2026/09/18 15:11:27 - mmengine - INFO - paramwise_options -- decode_head.transformer_decoder.layers.3.norms.2.weight:weight_decay=0.0
2026/09/18 15:11:27 - mmengine - INFO - paramwise_options -- decode_head.transformer_decoder.layers.3.norms.2.bias:weight_decay=0.0
2026/09/18 15:11:27 - mmengine - INFO - paramwise_options -- decode_head.transformer_decoder.layers.4.norms.0.weight:weight_decay=0.0
2026/09/18 15:11:27 - mmengine - INFO - paramwise_options -- decode_head.transformer_decoder.layers.4.norms.0.bias:weight_decay=0.0
2026/09/18 15:11:27 - mmengine - INFO - paramwise_options -- decode_head.transformer_decoder.layers.4.norms.1.weight:weight_decay=0.0
2026/09/18 15:11:27 - mmengine - INFO - paramwise_options -- decode_head.transformer_decoder.layers.4.norms.1.bias:weight_decay=0.0
2026/09/18 15:11:27 - mmengine - INFO - paramwise_options -- decode_head.transformer_decoder.layers.4.norms.2.weight:weight_decay=0.0
2026/09/18 15:11:27 - mmengine - INFO - paramwise_options -- decode_head.transformer_decoder.layers.4.norms.2.bias:weight_decay=0.0
2026/09/18 15:11:27 - mmengine - INFO - paramwise_options -- decode_head.transformer_decoder.layers.5.norms.0.weight:weight_decay=0.0
2026/09/18 15:11:27 - mmengine - INFO - paramwise_options -- decode_head.transformer_decoder.layers.5.norms.0.bias:weight_decay=0.0
2026/09/18 15:11:27 - mmengine - INFO - paramwise_options -- decode_head.transformer_decoder.layers.5.norms.1.weight:weight_decay=0.0
2026/09/18 15:11:27 - mmengine - INFO - paramwise_options -- decode_head.transformer_decoder.layers.5.norms.1.bias:weight_decay=0.0
2026/09/18 15:11:27 - mmengine - INFO - paramwise_options -- decode_head.transformer_decoder.layers.5.norms.2.weight:weight_decay=0.0
2026/09/18 15:11:27 - mmengine - INFO - paramwise_options -- decode_head.transformer_decoder.layers.5.norms.2.bias:weight_decay=0.0
2026/09/18 15:11:27 - mmengine - INFO - paramwise_options -- decode_head.transformer_decoder.layers.6.norms.0.weight:weight_decay=0.0
2026/09/18 15:11:27 - mmengine - INFO - paramwise_options -- decode_head.transformer_decoder.layers.6.norms.0.bias:weight_decay=0.0
2026/09/18 15:11:27 - mmengine - INFO - paramwise_options -- decode_head.transformer_decoder.layers.6.norms.1.weight:weight_decay=0.0
2026/09/18 15:11:27 - mmengine - INFO - paramwise_options -- decode_head.transformer_decoder.layers.6.norms.1.bias:weight_decay=0.0
2026/09/18 15:11:27 - mmengine - INFO - paramwise_options -- decode_head.transformer_decoder.layers.6.norms.2.weight:weight_decay=0.0
2026/09/18 15:11:27 - mmengine - INFO - paramwise_options -- decode_head.transformer_decoder.layers.6.norms.2.bias:weight_decay=0.0
2026/09/18 15:11:27 - mmengine - INFO - paramwise_options -- decode_head.transformer_decoder.layers.7.norms.0.weight:weight_decay=0.0
2026/09/18 15:11:28 - mmengine - INFO - paramwise_options -- decode_head.transformer_decoder.layers.7.norms.0.bias:weight_decay=0.0
2026/09/18 15:11:28 - mmengine - INFO - paramwise_options -- decode_head.transformer_decoder.layers.7.norms.1.weight:weight_decay=0.0
2026/09/18 15:11:28 - mmengine - INFO - paramwise_options -- decode_head.transformer_decoder.layers.7.norms.1.bias:weight_decay=0.0
2026/09/18 15:11:28 - mmengine - INFO - paramwise_options -- decode_head.transformer_decoder.layers.7.norms.2.weight:weight_decay=0.0
2026/09/18 15:11:28 - mmengine - INFO - paramwise_options -- decode_head.transformer_decoder.layers.7.norms.2.bias:weight_decay=0.0
2026/09/18 15:11:28 - mmengine - INFO - paramwise_options -- decode_head.transformer_decoder.layers.8.norms.0.weight:weight_decay=0.0
2026/09/18 15:11:28 - mmengine - INFO - paramwise_options -- decode_head.transformer_decoder.layers.8.norms.0.bias:weight_decay=0.0
2026/09/18 15:11:28 - mmengine - INFO - paramwise_options -- decode_head.transformer_decoder.layers.8.norms.1.weight:weight_decay=0.0
2026/09/18 15:11:28 - mmengine - INFO - paramwise_options -- decode_head.transformer_decoder.layers.8.norms.1.bias:weight_decay=0.0
2026/09/18 15:11:28 - mmengine - INFO - paramwise_options -- decode_head.transformer_decoder.layers.8.norms.2.weight:weight_decay=0.0
2026/09/18 15:11:28 - mmengine - INFO - paramwise_options -- decode_head.transformer_decoder.layers.8.norms.2.bias:weight_decay=0.0
2026/09/18 15:11:28 - mmengine - INFO - paramwise_options -- decode_head.transformer_decoder.post_norm.weight:weight_decay=0.0
2026/09/18 15:11:28 - mmengine - INFO - paramwise_options -- decode_head.transformer_decoder.post_norm.bias:weight_decay=0.0
2026/09/18 15:11:28 - mmengine - INFO - paramwise_options -- decode_head.query_embed.weight:lr=0.0001
2026/09/18 15:11:28 - mmengine - INFO - paramwise_options -- decode_head.query_embed.weight:weight_decay=0.0
2026/09/18 15:11:28 - mmengine - INFO - paramwise_options -- decode_head.query_embed.weight:lr_mult=1.0
2026/09/18 15:11:28 - mmengine - INFO - paramwise_options -- decode_head.query_embed.weight:decay_mult=0.0
2026/09/18 15:11:28 - mmengine - INFO - paramwise_options -- decode_head.query_feat.weight:lr=0.0001
2026/09/18 15:11:28 - mmengine - INFO - paramwise_options -- decode_head.query_feat.weight:weight_decay=0.0
2026/09/18 15:11:28 - mmengine - INFO - paramwise_options -- decode_head.query_feat.weight:lr_mult=1.0
2026/09/18 15:11:28 - mmengine - INFO - paramwise_options -- decode_head.query_feat.weight:decay_mult=0.0
2026/09/18 15:11:28 - mmengine - INFO - paramwise_options -- decode_head.level_embed.weight:lr=0.0001
2026/09/18 15:11:28 - mmengine - INFO - paramwise_options -- decode_head.level_embed.weight:weight_decay=0.0
2026/09/18 15:11:28 - mmengine - INFO - paramwise_options -- decode_head.level_embed.weight:lr_mult=1.0
2026/09/18 15:11:28 - mmengine - INFO - paramwise_options -- decode_head.level_embed.weight:decay_mult=0.0
2026/09/18 15:11:28 - mmengine - WARNING - The prefix is not set in metric class IoUMetric.
Name of parameter - Initialization information

backbone.patch_embed.projection.weight - torch.Size([96, 3, 4, 4]): 
Initialized by user-defined `init_weights` in SwinTransformer  

backbone.patch_embed.projection.bias - torch.Size([96]): 
Initialized by user-defined `init_weights` in SwinTransformer  

backbone.patch_embed.norm.weight - torch.Size([96]): 
Initialized by user-defined `init_weights` in SwinTransformer  

backbone.patch_embed.norm.bias - torch.Size([96]): 
Initialized by user-defined `init_weights` in SwinTransformer  

backbone.stages.0.blocks.0.norm1.weight - torch.Size([96]): 
Initialized by user-defined `init_weights` in SwinTransformer  

backbone.stages.0.blocks.0.norm1.bias - torch.Size([96]): 
Initialized by user-defined `init_weights` in SwinTransformer  

backbone.stages.0.blocks.0.attn.w_msa.relative_position_bias_table - torch.Size([169, 3]): 
Initialized by user-defined `init_weights` in SwinTransformer  

backbone.stages.0.blocks.0.attn.w_msa.qkv.weight - torch.Size([288, 96]): 
Initialized by user-defined `init_weights` in SwinTransformer  

backbone.stages.0.blocks.0.attn.w_msa.qkv.bias - torch.Size([288]): 
Initialized by user-defined `init_weights` in SwinTransformer  

backbone.stages.0.blocks.0.attn.w_msa.proj.weight - torch.Size([96, 96]): 
Initialized by user-defined `init_weights` in SwinTransformer  

backbone.stages.0.blocks.0.attn.w_msa.proj.bias - torch.Size([96]): 
Initialized by user-defined `init_weights` in SwinTransformer  

backbone.stages.0.blocks.0.norm2.weight - torch.Size([96]): 
Initialized by user-defined `init_weights` in SwinTransformer  

backbone.stages.0.blocks.0.norm2.bias - torch.Size([96]): 
Initialized by user-defined `init_weights` in SwinTransformer  

backbone.stages.0.blocks.0.ffn.layers.0.0.weight - torch.Size([384, 96]): 
Initialized by user-defined `init_weights` in SwinTransformer  

backbone.stages.0.blocks.0.ffn.layers.0.0.bias - torch.Size([384]): 
Initialized by user-defined `init_weights` in SwinTransformer  

backbone.stages.0.blocks.0.ffn.layers.1.weight - torch.Size([96, 384]): 
Initialized by user-defined `init_weights` in SwinTransformer  

backbone.stages.0.blocks.0.ffn.layers.1.bias - torch.Size([96]): 
Initialized by user-defined `init_weights` in SwinTransformer  

backbone.stages.0.blocks.1.norm1.weight - torch.Size([96]): 
Initialized by user-defined `init_weights` in SwinTransformer  

backbone.stages.0.blocks.1.norm1.bias - torch.Size([96]): 
Initialized by user-defined `init_weights` in SwinTransformer  

backbone.stages.0.blocks.1.attn.w_msa.relative_position_bias_table - torch.Size([169, 3]): 
Initialized by user-defined `init_weights` in SwinTransformer  

backbone.stages.0.blocks.1.attn.w_msa.qkv.weight - torch.Size([288, 96]): 
Initialized by user-defined `init_weights` in SwinTransformer  

backbone.stages.0.blocks.1.attn.w_msa.qkv.bias - torch.Size([288]): 
Initialized by user-defined `init_weights` in SwinTransformer  

backbone.stages.0.blocks.1.attn.w_msa.proj.weight - torch.Size([96, 96]): 
Initialized by user-defined `init_weights` in SwinTransformer  

backbone.stages.0.blocks.1.attn.w_msa.proj.bias - torch.Size([96]): 
Initialized by user-defined `init_weights` in SwinTransformer  

backbone.stages.0.blocks.1.norm2.weight - torch.Size([96]): 
Initialized by user-defined `init_weights` in SwinTransformer  

backbone.stages.0.blocks.1.norm2.bias - torch.Size([96]): 
Initialized by user-defined `init_weights` in SwinTransformer  

backbone.stages.0.blocks.1.ffn.layers.0.0.weight - torch.Size([384, 96]): 
Initialized by user-defined `init_weights` in SwinTransformer  

backbone.stages.0.blocks.1.ffn.layers.0.0.bias - torch.Size([384]): 
Initialized by user-defined `init_weights` in SwinTransformer  

backbone.stages.0.blocks.1.ffn.layers.1.weight - torch.Size([96, 384]): 
Initialized by user-defined `init_weights` in SwinTransformer  

backbone.stages.0.blocks.1.ffn.layers.1.bias - torch.Size([96]): 
Initialized by user-defined `init_weights` in SwinTransformer  

backbone.stages.0.downsample.norm.weight - torch.Size([384]): 
Initialized by user-defined `init_weights` in SwinTransformer  

backbone.stages.0.downsample.norm.bias - torch.Size([384]): 
Initialized by user-defined `init_weights` in SwinTransformer  

backbone.stages.0.downsample.reduction.weight - torch.Size([192, 384]): 
Initialized by user-defined `init_weights` in SwinTransformer  

backbone.stages.1.blocks.0.norm1.weight - torch.Size([192]): 
Initialized by user-defined `init_weights` in SwinTransformer  

backbone.stages.1.blocks.0.norm1.bias - torch.Size([192]): 
Initialized by user-defined `init_weights` in SwinTransformer  

backbone.stages.1.blocks.0.attn.w_msa.relative_position_bias_table - torch.Size([169, 6]): 
Initialized by user-defined `init_weights` in SwinTransformer  

backbone.stages.1.blocks.0.attn.w_msa.qkv.weight - torch.Size([576, 192]): 
Initialized by user-defined `init_weights` in SwinTransformer  

backbone.stages.1.blocks.0.attn.w_msa.qkv.bias - torch.Size([576]): 
Initialized by user-defined `init_weights` in SwinTransformer  

backbone.stages.1.blocks.0.attn.w_msa.proj.weight - torch.Size([192, 192]): 
Initialized by user-defined `init_weights` in SwinTransformer  

backbone.stages.1.blocks.0.attn.w_msa.proj.bias - torch.Size([192]): 
Initialized by user-defined `init_weights` in SwinTransformer  

backbone.stages.1.blocks.0.norm2.weight - torch.Size([192]): 
Initialized by user-defined `init_weights` in SwinTransformer  

backbone.stages.1.blocks.0.norm2.bias - torch.Size([192]): 
Initialized by user-defined `init_weights` in SwinTransformer  

backbone.stages.1.blocks.0.ffn.layers.0.0.weight - torch.Size([768, 192]): 
Initialized by user-defined `init_weights` in SwinTransformer  

backbone.stages.1.blocks.0.ffn.layers.0.0.bias - torch.Size([768]): 
Initialized by user-defined `init_weights` in SwinTransformer  

backbone.stages.1.blocks.0.ffn.layers.1.weight - torch.Size([192, 768]): 
Initialized by user-defined `init_weights` in SwinTransformer  

backbone.stages.1.blocks.0.ffn.layers.1.bias - torch.Size([192]): 
Initialized by user-defined `init_weights` in SwinTransformer  

backbone.stages.1.blocks.1.norm1.weight - torch.Size([192]): 
Initialized by user-defined `init_weights` in SwinTransformer  

backbone.stages.1.blocks.1.norm1.bias - torch.Size([192]): 
Initialized by user-defined `init_weights` in SwinTransformer  

backbone.stages.1.blocks.1.attn.w_msa.relative_position_bias_table - torch.Size([169, 6]): 
Initialized by user-defined `init_weights` in SwinTransformer  

backbone.stages.1.blocks.1.attn.w_msa.qkv.weight - torch.Size([576, 192]): 
Initialized by user-defined `init_weights` in SwinTransformer  

backbone.stages.1.blocks.1.attn.w_msa.qkv.bias - torch.Size([576]): 
Initialized by user-defined `init_weights` in SwinTransformer  

backbone.stages.1.blocks.1.attn.w_msa.proj.weight - torch.Size([192, 192]): 
Initialized by user-defined `init_weights` in SwinTransformer  

backbone.stages.1.blocks.1.attn.w_msa.proj.bias - torch.Size([192]): 
Initialized by user-defined `init_weights` in SwinTransformer  

backbone.stages.1.blocks.1.norm2.weight - torch.Size([192]): 
Initialized by user-defined `init_weights` in SwinTransformer  

backbone.stages.1.blocks.1.norm2.bias - torch.Size([192]): 
Initialized by user-defined `init_weights` in SwinTransformer  

backbone.stages.1.blocks.1.ffn.layers.0.0.weight - torch.Size([768, 192]): 
Initialized by user-defined `init_weights` in SwinTransformer  

backbone.stages.1.blocks.1.ffn.layers.0.0.bias - torch.Size([768]): 
Initialized by user-defined `init_weights` in SwinTransformer  

backbone.stages.1.blocks.1.ffn.layers.1.weight - torch.Size([192, 768]): 
Initialized by user-defined `init_weights` in SwinTransformer  

backbone.stages.1.blocks.1.ffn.layers.1.bias - torch.Size([192]): 
Initialized by user-defined `init_weights` in SwinTransformer  

backbone.stages.1.downsample.norm.weight - torch.Size([768]): 
Initialized by user-defined `init_weights` in SwinTransformer  

backbone.stages.1.downsample.norm.bias - torch.Size([768]): 
Initialized by user-defined `init_weights` in SwinTransformer  

backbone.stages.1.downsample.reduction.weight - torch.Size([384, 768]): 
Initialized by user-defined `init_weights` in SwinTransformer  

backbone.stages.2.blocks.0.norm1.weight - torch.Size([384]): 
Initialized by user-defined `init_weights` in SwinTransformer  

backbone.stages.2.blocks.0.norm1.bias - torch.Size([384]): 
Initialized by user-defined `init_weights` in SwinTransformer  

backbone.stages.2.blocks.0.attn.w_msa.relative_position_bias_table - torch.Size([169, 12]): 
Initialized by user-defined `init_weights` in SwinTransformer  

backbone.stages.2.blocks.0.attn.w_msa.qkv.weight - torch.Size([1152, 384]): 
Initialized by user-defined `init_weights` in SwinTransformer  

backbone.stages.2.blocks.0.attn.w_msa.qkv.bias - torch.Size([1152]): 
Initialized by user-defined `init_weights` in SwinTransformer  

backbone.stages.2.blocks.0.attn.w_msa.proj.weight - torch.Size([384, 384]): 
Initialized by user-defined `init_weights` in SwinTransformer  

backbone.stages.2.blocks.0.attn.w_msa.proj.bias - torch.Size([384]): 
Initialized by user-defined `init_weights` in SwinTransformer  

backbone.stages.2.blocks.0.norm2.weight - torch.Size([384]): 
Initialized by user-defined `init_weights` in SwinTransformer  

backbone.stages.2.blocks.0.norm2.bias - torch.Size([384]): 
Initialized by user-defined `init_weights` in SwinTransformer  

backbone.stages.2.blocks.0.ffn.layers.0.0.weight - torch.Size([1536, 384]): 
Initialized by user-defined `init_weights` in SwinTransformer  

backbone.stages.2.blocks.0.ffn.layers.0.0.bias - torch.Size([1536]): 
Initialized by user-defined `init_weights` in SwinTransformer  

backbone.stages.2.blocks.0.ffn.layers.1.weight - torch.Size([384, 1536]): 
Initialized by user-defined `init_weights` in SwinTransformer  

backbone.stages.2.blocks.0.ffn.layers.1.bias - torch.Size([384]): 
Initialized by user-defined `init_weights` in SwinTransformer  

backbone.stages.2.blocks.1.norm1.weight - torch.Size([384]): 
Initialized by user-defined `init_weights` in SwinTransformer  

backbone.stages.2.blocks.1.norm1.bias - torch.Size([384]): 
Initialized by user-defined `init_weights` in SwinTransformer  

backbone.stages.2.blocks.1.attn.w_msa.relative_position_bias_table - torch.Size([169, 12]): 
Initialized by user-defined `init_weights` in SwinTransformer  

backbone.stages.2.blocks.1.attn.w_msa.qkv.weight - torch.Size([1152, 384]): 
Initialized by user-defined `init_weights` in SwinTransformer  

backbone.stages.2.blocks.1.attn.w_msa.qkv.bias - torch.Size([1152]): 
Initialized by user-defined `init_weights` in SwinTransformer  

backbone.stages.2.blocks.1.attn.w_msa.proj.weight - torch.Size([384, 384]): 
Initialized by user-defined `init_weights` in SwinTransformer  

backbone.stages.2.blocks.1.attn.w_msa.proj.bias - torch.Size([384]): 
Initialized by user-defined `init_weights` in SwinTransformer  

backbone.stages.2.blocks.1.norm2.weight - torch.Size([384]): 
Initialized by user-defined `init_weights` in SwinTransformer  

backbone.stages.2.blocks.1.norm2.bias - torch.Size([384]): 
Initialized by user-defined `init_weights` in SwinTransformer  

backbone.stages.2.blocks.1.ffn.layers.0.0.weight - torch.Size([1536, 384]): 
Initialized by user-defined `init_weights` in SwinTransformer  

backbone.stages.2.blocks.1.ffn.layers.0.0.bias - torch.Size([1536]): 
Initialized by user-defined `init_weights` in SwinTransformer  

backbone.stages.2.blocks.1.ffn.layers.1.weight - torch.Size([384, 1536]): 
Initialized by user-defined `init_weights` in SwinTransformer  

backbone.stages.2.blocks.1.ffn.layers.1.bias - torch.Size([384]): 
Initialized by user-defined `init_weights` in SwinTransformer  

backbone.stages.2.blocks.2.norm1.weight - torch.Size([384]): 
Initialized by user-defined `init_weights` in SwinTransformer  

backbone.stages.2.blocks.2.norm1.bias - torch.Size([384]): 
Initialized by user-defined `init_weights` in SwinTransformer  

backbone.stages.2.blocks.2.attn.w_msa.relative_position_bias_table - torch.Size([169, 12]): 
Initialized by user-defined `init_weights` in SwinTransformer  

backbone.stages.2.blocks.2.attn.w_msa.qkv.weight - torch.Size([1152, 384]): 
Initialized by user-defined `init_weights` in SwinTransformer  

backbone.stages.2.blocks.2.attn.w_msa.qkv.bias - torch.Size([1152]): 
Initialized by user-defined `init_weights` in SwinTransformer  

backbone.stages.2.blocks.2.attn.w_msa.proj.weight - torch.Size([384, 384]): 
Initialized by user-defined `init_weights` in SwinTransformer  

backbone.stages.2.blocks.2.attn.w_msa.proj.bias - torch.Size([384]): 
Initialized by user-defined `init_weights` in SwinTransformer  

backbone.stages.2.blocks.2.norm2.weight - torch.Size([384]): 
Initialized by user-defined `init_weights` in SwinTransformer  

backbone.stages.2.blocks.2.norm2.bias - torch.Size([384]): 
Initialized by user-defined `init_weights` in SwinTransformer  

backbone.stages.2.blocks.2.ffn.layers.0.0.weight - torch.Size([1536, 384]): 
Initialized by user-defined `init_weights` in SwinTransformer  

backbone.stages.2.blocks.2.ffn.layers.0.0.bias - torch.Size([1536]): 
Initialized by user-defined `init_weights` in SwinTransformer  

backbone.stages.2.blocks.2.ffn.layers.1.weight - torch.Size([384, 1536]): 
Initialized by user-defined `init_weights` in SwinTransformer  

backbone.stages.2.blocks.2.ffn.layers.1.bias - torch.Size([384]): 
Initialized by user-defined `init_weights` in SwinTransformer  

backbone.stages.2.blocks.3.norm1.weight - torch.Size([384]): 
Initialized by user-defined `init_weights` in SwinTransformer  

backbone.stages.2.blocks.3.norm1.bias - torch.Size([384]): 
Initialized by user-defined `init_weights` in SwinTransformer  

backbone.stages.2.blocks.3.attn.w_msa.relative_position_bias_table - torch.Size([169, 12]): 
Initialized by user-defined `init_weights` in SwinTransformer  

backbone.stages.2.blocks.3.attn.w_msa.qkv.weight - torch.Size([1152, 384]): 
Initialized by user-defined `init_weights` in SwinTransformer  

backbone.stages.2.blocks.3.attn.w_msa.qkv.bias - torch.Size([1152]): 
Initialized by user-defined `init_weights` in SwinTransformer  

backbone.stages.2.blocks.3.attn.w_msa.proj.weight - torch.Size([384, 384]): 
Initialized by user-defined `init_weights` in SwinTransformer  

backbone.stages.2.blocks.3.attn.w_msa.proj.bias - torch.Size([384]): 
Initialized by user-defined `init_weights` in SwinTransformer  

backbone.stages.2.blocks.3.norm2.weight - torch.Size([384]): 
Initialized by user-defined `init_weights` in SwinTransformer  

backbone.stages.2.blocks.3.norm2.bias - torch.Size([384]): 
Initialized by user-defined `init_weights` in SwinTransformer  

backbone.stages.2.blocks.3.ffn.layers.0.0.weight - torch.Size([1536, 384]): 
Initialized by user-defined `init_weights` in SwinTransformer  

backbone.stages.2.blocks.3.ffn.layers.0.0.bias - torch.Size([1536]): 
Initialized by user-defined `init_weights` in SwinTransformer  

backbone.stages.2.blocks.3.ffn.layers.1.weight - torch.Size([384, 1536]): 
Initialized by user-defined `init_weights` in SwinTransformer  

backbone.stages.2.blocks.3.ffn.layers.1.bias - torch.Size([384]): 
Initialized by user-defined `init_weights` in SwinTransformer  

backbone.stages.2.blocks.4.norm1.weight - torch.Size([384]): 
Initialized by user-defined `init_weights` in SwinTransformer  

backbone.stages.2.blocks.4.norm1.bias - torch.Size([384]): 
Initialized by user-defined `init_weights` in SwinTransformer  

backbone.stages.2.blocks.4.attn.w_msa.relative_position_bias_table - torch.Size([169, 12]): 
Initialized by user-defined `init_weights` in SwinTransformer  

backbone.stages.2.blocks.4.attn.w_msa.qkv.weight - torch.Size([1152, 384]): 
Initialized by user-defined `init_weights` in SwinTransformer  

backbone.stages.2.blocks.4.attn.w_msa.qkv.bias - torch.Size([1152]): 
Initialized by user-defined `init_weights` in SwinTransformer  

backbone.stages.2.blocks.4.attn.w_msa.proj.weight - torch.Size([384, 384]): 
Initialized by user-defined `init_weights` in SwinTransformer  

backbone.stages.2.blocks.4.attn.w_msa.proj.bias - torch.Size([384]): 
Initialized by user-defined `init_weights` in SwinTransformer  

backbone.stages.2.blocks.4.norm2.weight - torch.Size([384]): 
Initialized by user-defined `init_weights` in SwinTransformer  

backbone.stages.2.blocks.4.norm2.bias - torch.Size([384]): 
Initialized by user-defined `init_weights` in SwinTransformer  

backbone.stages.2.blocks.4.ffn.layers.0.0.weight - torch.Size([1536, 384]): 
Initialized by user-defined `init_weights` in SwinTransformer  

backbone.stages.2.blocks.4.ffn.layers.0.0.bias - torch.Size([1536]): 
Initialized by user-defined `init_weights` in SwinTransformer  

backbone.stages.2.blocks.4.ffn.layers.1.weight - torch.Size([384, 1536]): 
Initialized by user-defined `init_weights` in SwinTransformer  

backbone.stages.2.blocks.4.ffn.layers.1.bias - torch.Size([384]): 
Initialized by user-defined `init_weights` in SwinTransformer  

backbone.stages.2.blocks.5.norm1.weight - torch.Size([384]): 
Initialized by user-defined `init_weights` in SwinTransformer  

backbone.stages.2.blocks.5.norm1.bias - torch.Size([384]): 
Initialized by user-defined `init_weights` in SwinTransformer  

backbone.stages.2.blocks.5.attn.w_msa.relative_position_bias_table - torch.Size([169, 12]): 
Initialized by user-defined `init_weights` in SwinTransformer  

backbone.stages.2.blocks.5.attn.w_msa.qkv.weight - torch.Size([1152, 384]): 
Initialized by user-defined `init_weights` in SwinTransformer  

backbone.stages.2.blocks.5.attn.w_msa.qkv.bias - torch.Size([1152]): 
Initialized by user-defined `init_weights` in SwinTransformer  

backbone.stages.2.blocks.5.attn.w_msa.proj.weight - torch.Size([384, 384]): 
Initialized by user-defined `init_weights` in SwinTransformer  

backbone.stages.2.blocks.5.attn.w_msa.proj.bias - torch.Size([384]): 
Initialized by user-defined `init_weights` in SwinTransformer  

backbone.stages.2.blocks.5.norm2.weight - torch.Size([384]): 
Initialized by user-defined `init_weights` in SwinTransformer  

backbone.stages.2.blocks.5.norm2.bias - torch.Size([384]): 
Initialized by user-defined `init_weights` in SwinTransformer  

backbone.stages.2.blocks.5.ffn.layers.0.0.weight - torch.Size([1536, 384]): 
Initialized by user-defined `init_weights` in SwinTransformer  

backbone.stages.2.blocks.5.ffn.layers.0.0.bias - torch.Size([1536]): 
Initialized by user-defined `init_weights` in SwinTransformer  

backbone.stages.2.blocks.5.ffn.layers.1.weight - torch.Size([384, 1536]): 
Initialized by user-defined `init_weights` in SwinTransformer  

backbone.stages.2.blocks.5.ffn.layers.1.bias - torch.Size([384]): 
Initialized by user-defined `init_weights` in SwinTransformer  

backbone.stages.2.downsample.norm.weight - torch.Size([1536]): 
Initialized by user-defined `init_weights` in SwinTransformer  

backbone.stages.2.downsample.norm.bias - torch.Size([1536]): 
Initialized by user-defined `init_weights` in SwinTransformer  

backbone.stages.2.downsample.reduction.weight - torch.Size([768, 1536]): 
Initialized by user-defined `init_weights` in SwinTransformer  

backbone.stages.3.blocks.0.norm1.weight - torch.Size([768]): 
Initialized by user-defined `init_weights` in SwinTransformer  

backbone.stages.3.blocks.0.norm1.bias - torch.Size([768]): 
Initialized by user-defined `init_weights` in SwinTransformer  

backbone.stages.3.blocks.0.attn.w_msa.relative_position_bias_table - torch.Size([169, 24]): 
Initialized by user-defined `init_weights` in SwinTransformer  

backbone.stages.3.blocks.0.attn.w_msa.qkv.weight - torch.Size([2304, 768]): 
Initialized by user-defined `init_weights` in SwinTransformer  

backbone.stages.3.blocks.0.attn.w_msa.qkv.bias - torch.Size([2304]): 
Initialized by user-defined `init_weights` in SwinTransformer  

backbone.stages.3.blocks.0.attn.w_msa.proj.weight - torch.Size([768, 768]): 
Initialized by user-defined `init_weights` in SwinTransformer  

backbone.stages.3.blocks.0.attn.w_msa.proj.bias - torch.Size([768]): 
Initialized by user-defined `init_weights` in SwinTransformer  

backbone.stages.3.blocks.0.norm2.weight - torch.Size([768]): 
Initialized by user-defined `init_weights` in SwinTransformer  

backbone.stages.3.blocks.0.norm2.bias - torch.Size([768]): 
Initialized by user-defined `init_weights` in SwinTransformer  

backbone.stages.3.blocks.0.ffn.layers.0.0.weight - torch.Size([3072, 768]): 
Initialized by user-defined `init_weights` in SwinTransformer  

backbone.stages.3.blocks.0.ffn.layers.0.0.bias - torch.Size([3072]): 
Initialized by user-defined `init_weights` in SwinTransformer  

backbone.stages.3.blocks.0.ffn.layers.1.weight - torch.Size([768, 3072]): 
Initialized by user-defined `init_weights` in SwinTransformer  

backbone.stages.3.blocks.0.ffn.layers.1.bias - torch.Size([768]): 
Initialized by user-defined `init_weights` in SwinTransformer  

backbone.stages.3.blocks.1.norm1.weight - torch.Size([768]): 
Initialized by user-defined `init_weights` in SwinTransformer  

backbone.stages.3.blocks.1.norm1.bias - torch.Size([768]): 
Initialized by user-defined `init_weights` in SwinTransformer  

backbone.stages.3.blocks.1.attn.w_msa.relative_position_bias_table - torch.Size([169, 24]): 
Initialized by user-defined `init_weights` in SwinTransformer  

backbone.stages.3.blocks.1.attn.w_msa.qkv.weight - torch.Size([2304, 768]): 
Initialized by user-defined `init_weights` in SwinTransformer  

backbone.stages.3.blocks.1.attn.w_msa.qkv.bias - torch.Size([2304]): 
Initialized by user-defined `init_weights` in SwinTransformer  

backbone.stages.3.blocks.1.attn.w_msa.proj.weight - torch.Size([768, 768]): 
Initialized by user-defined `init_weights` in SwinTransformer  

backbone.stages.3.blocks.1.attn.w_msa.proj.bias - torch.Size([768]): 
Initialized by user-defined `init_weights` in SwinTransformer  

backbone.stages.3.blocks.1.norm2.weight - torch.Size([768]): 
Initialized by user-defined `init_weights` in SwinTransformer  

backbone.stages.3.blocks.1.norm2.bias - torch.Size([768]): 
Initialized by user-defined `init_weights` in SwinTransformer  

backbone.stages.3.blocks.1.ffn.layers.0.0.weight - torch.Size([3072, 768]): 
Initialized by user-defined `init_weights` in SwinTransformer  

backbone.stages.3.blocks.1.ffn.layers.0.0.bias - torch.Size([3072]): 
Initialized by user-defined `init_weights` in SwinTransformer  

backbone.stages.3.blocks.1.ffn.layers.1.weight - torch.Size([768, 3072]): 
Initialized by user-defined `init_weights` in SwinTransformer  

backbone.stages.3.blocks.1.ffn.layers.1.bias - torch.Size([768]): 
Initialized by user-defined `init_weights` in SwinTransformer  

backbone.norm0.weight - torch.Size([96]): 
The value is the same before and after calling `init_weights` of EncoderDecoder  

backbone.norm0.bias - torch.Size([96]): 
The value is the same before and after calling `init_weights` of EncoderDecoder  

backbone.norm1.weight - torch.Size([192]): 
The value is the same before and after calling `init_weights` of EncoderDecoder  

backbone.norm1.bias - torch.Size([192]): 
The value is the same before and after calling `init_weights` of EncoderDecoder  

backbone.norm2.weight - torch.Size([384]): 
The value is the same before and after calling `init_weights` of EncoderDecoder  

backbone.norm2.bias - torch.Size([384]): 
The value is the same before and after calling `init_weights` of EncoderDecoder  

backbone.norm3.weight - torch.Size([768]): 
The value is the same before and after calling `init_weights` of EncoderDecoder  

backbone.norm3.bias - torch.Size([768]): 
The value is the same before and after calling `init_weights` of EncoderDecoder  

decode_head.pixel_decoder.input_convs.0.conv.weight - torch.Size([256, 768, 1, 1]): 
Initialized by user-defined `init_weights` in Mask2FormerHead  

decode_head.pixel_decoder.input_convs.0.conv.bias - torch.Size([256]): 
The value is the same before and after calling `init_weights` of EncoderDecoder  

decode_head.pixel_decoder.input_convs.0.gn.weight - torch.Size([256]): 
The value is the same before and after calling `init_weights` of EncoderDecoder  

decode_head.pixel_decoder.input_convs.0.gn.bias - torch.Size([256]): 
The value is the same before and after calling `init_weights` of EncoderDecoder  

decode_head.pixel_decoder.input_convs.1.conv.weight - torch.Size([256, 384, 1, 1]): 
Initialized by user-defined `init_weights` in Mask2FormerHead  

decode_head.pixel_decoder.input_convs.1.conv.bias - torch.Size([256]): 
The value is the same before and after calling `init_weights` of EncoderDecoder  

decode_head.pixel_decoder.input_convs.1.gn.weight - torch.Size([256]): 
The value is the same before and after calling `init_weights` of EncoderDecoder  

decode_head.pixel_decoder.input_convs.1.gn.bias - torch.Size([256]): 
The value is the same before and after calling `init_weights` of EncoderDecoder  

decode_head.pixel_decoder.input_convs.2.conv.weight - torch.Size([256, 192, 1, 1]): 
Initialized by user-defined `init_weights` in Mask2FormerHead  

decode_head.pixel_decoder.input_convs.2.conv.bias - torch.Size([256]): 
The value is the same before and after calling `init_weights` of EncoderDecoder  

decode_head.pixel_decoder.input_convs.2.gn.weight - torch.Size([256]): 
The value is the same before and after calling `init_weights` of EncoderDecoder  

decode_head.pixel_decoder.input_convs.2.gn.bias - torch.Size([256]): 
The value is the same before and after calling `init_weights` of EncoderDecoder  

decode_head.pixel_decoder.encoder.layers.0.self_attn.sampling_offsets.weight - torch.Size([192, 256]): 
The value is the same before and after calling `init_weights` of EncoderDecoder  

decode_head.pixel_decoder.encoder.layers.0.self_attn.sampling_offsets.bias - torch.Size([192]): 
Initialized by user-defined `init_weights` in Mask2FormerHead  

decode_head.pixel_decoder.encoder.layers.0.self_attn.attention_weights.weight - torch.Size([96, 256]): 
The value is the same before and after calling `init_weights` of EncoderDecoder  

decode_head.pixel_decoder.encoder.layers.0.self_attn.attention_weights.bias - torch.Size([96]): 
The value is the same before and after calling `init_weights` of EncoderDecoder  

decode_head.pixel_decoder.encoder.layers.0.self_attn.value_proj.weight - torch.Size([256, 256]): 
Initialized by user-defined `init_weights` in Mask2FormerHead  

decode_head.pixel_decoder.encoder.layers.0.self_attn.value_proj.bias - torch.Size([256]): 
The value is the same before and after calling `init_weights` of EncoderDecoder  

decode_head.pixel_decoder.encoder.layers.0.self_attn.output_proj.weight - torch.Size([256, 256]): 
Initialized by user-defined `init_weights` in Mask2FormerHead  

decode_head.pixel_decoder.encoder.layers.0.self_attn.output_proj.bias - torch.Size([256]): 
The value is the same before and after calling `init_weights` of EncoderDecoder  

decode_head.pixel_decoder.encoder.layers.0.ffn.layers.0.0.weight - torch.Size([1024, 256]): 
Initialized by user-defined `init_weights` in Mask2FormerHead  

decode_head.pixel_decoder.encoder.layers.0.ffn.layers.0.0.bias - torch.Size([1024]): 
The value is the same before and after calling `init_weights` of EncoderDecoder  

decode_head.pixel_decoder.encoder.layers.0.ffn.layers.1.weight - torch.Size([256, 1024]): 
Initialized by user-defined `init_weights` in Mask2FormerHead  

decode_head.pixel_decoder.encoder.layers.0.ffn.layers.1.bias - torch.Size([256]): 
The value is the same before and after calling `init_weights` of EncoderDecoder  

decode_head.pixel_decoder.encoder.layers.0.norms.0.weight - torch.Size([256]): 
The value is the same before and after calling `init_weights` of EncoderDecoder  

decode_head.pixel_decoder.encoder.layers.0.norms.0.bias - torch.Size([256]): 
The value is the same before and after calling `init_weights` of EncoderDecoder  

decode_head.pixel_decoder.encoder.layers.0.norms.1.weight - torch.Size([256]): 
The value is the same before and after calling `init_weights` of EncoderDecoder  

decode_head.pixel_decoder.encoder.layers.0.norms.1.bias - torch.Size([256]): 
The value is the same before and after calling `init_weights` of EncoderDecoder  

decode_head.pixel_decoder.encoder.layers.1.self_attn.sampling_offsets.weight - torch.Size([192, 256]): 
The value is the same before and after calling `init_weights` of EncoderDecoder  

decode_head.pixel_decoder.encoder.layers.1.self_attn.sampling_offsets.bias - torch.Size([192]): 
Initialized by user-defined `init_weights` in Mask2FormerHead  

decode_head.pixel_decoder.encoder.layers.1.self_attn.attention_weights.weight - torch.Size([96, 256]): 
The value is the same before and after calling `init_weights` of EncoderDecoder  

decode_head.pixel_decoder.encoder.layers.1.self_attn.attention_weights.bias - torch.Size([96]): 
The value is the same before and after calling `init_weights` of EncoderDecoder  

decode_head.pixel_decoder.encoder.layers.1.self_attn.value_proj.weight - torch.Size([256, 256]): 
Initialized by user-defined `init_weights` in Mask2FormerHead  

decode_head.pixel_decoder.encoder.layers.1.self_attn.value_proj.bias - torch.Size([256]): 
The value is the same before and after calling `init_weights` of EncoderDecoder  

decode_head.pixel_decoder.encoder.layers.1.self_attn.output_proj.weight - torch.Size([256, 256]): 
Initialized by user-defined `init_weights` in Mask2FormerHead  

decode_head.pixel_decoder.encoder.layers.1.self_attn.output_proj.bias - torch.Size([256]): 
The value is the same before and after calling `init_weights` of EncoderDecoder  

decode_head.pixel_decoder.encoder.layers.1.ffn.layers.0.0.weight - torch.Size([1024, 256]): 
Initialized by user-defined `init_weights` in Mask2FormerHead  

decode_head.pixel_decoder.encoder.layers.1.ffn.layers.0.0.bias - torch.Size([1024]): 
The value is the same before and after calling `init_weights` of EncoderDecoder  

decode_head.pixel_decoder.encoder.layers.1.ffn.layers.1.weight - torch.Size([256, 1024]): 
Initialized by user-defined `init_weights` in Mask2FormerHead  

decode_head.pixel_decoder.encoder.layers.1.ffn.layers.1.bias - torch.Size([256]): 
The value is the same before and after calling `init_weights` of EncoderDecoder  

decode_head.pixel_decoder.encoder.layers.1.norms.0.weight - torch.Size([256]): 
The value is the same before and after calling `init_weights` of EncoderDecoder  

decode_head.pixel_decoder.encoder.layers.1.norms.0.bias - torch.Size([256]): 
The value is the same before and after calling `init_weights` of EncoderDecoder  

decode_head.pixel_decoder.encoder.layers.1.norms.1.weight - torch.Size([256]): 
The value is the same before and after calling `init_weights` of EncoderDecoder  

decode_head.pixel_decoder.encoder.layers.1.norms.1.bias - torch.Size([256]): 
The value is the same before and after calling `init_weights` of EncoderDecoder  

decode_head.pixel_decoder.encoder.layers.2.self_attn.sampling_offsets.weight - torch.Size([192, 256]): 
The value is the same before and after calling `init_weights` of EncoderDecoder  

decode_head.pixel_decoder.encoder.layers.2.self_attn.sampling_offsets.bias - torch.Size([192]): 
Initialized by user-defined `init_weights` in Mask2FormerHead  

decode_head.pixel_decoder.encoder.layers.2.self_attn.attention_weights.weight - torch.Size([96, 256]): 
The value is the same before and after calling `init_weights` of EncoderDecoder  

decode_head.pixel_decoder.encoder.layers.2.self_attn.attention_weights.bias - torch.Size([96]): 
The value is the same before and after calling `init_weights` of EncoderDecoder  

decode_head.pixel_decoder.encoder.layers.2.self_attn.value_proj.weight - torch.Size([256, 256]): 
Initialized by user-defined `init_weights` in Mask2FormerHead  

decode_head.pixel_decoder.encoder.layers.2.self_attn.value_proj.bias - torch.Size([256]): 
The value is the same before and after calling `init_weights` of EncoderDecoder  

decode_head.pixel_decoder.encoder.layers.2.self_attn.output_proj.weight - torch.Size([256, 256]): 
Initialized by user-defined `init_weights` in Mask2FormerHead  

decode_head.pixel_decoder.encoder.layers.2.self_attn.output_proj.bias - torch.Size([256]): 
The value is the same before and after calling `init_weights` of EncoderDecoder  

decode_head.pixel_decoder.encoder.layers.2.ffn.layers.0.0.weight - torch.Size([1024, 256]): 
Initialized by user-defined `init_weights` in Mask2FormerHead  

decode_head.pixel_decoder.encoder.layers.2.ffn.layers.0.0.bias - torch.Size([1024]): 
The value is the same before and after calling `init_weights` of EncoderDecoder  

decode_head.pixel_decoder.encoder.layers.2.ffn.layers.1.weight - torch.Size([256, 1024]): 
Initialized by user-defined `init_weights` in Mask2FormerHead  

decode_head.pixel_decoder.encoder.layers.2.ffn.layers.1.bias - torch.Size([256]): 
The value is the same before and after calling `init_weights` of EncoderDecoder  

decode_head.pixel_decoder.encoder.layers.2.norms.0.weight - torch.Size([256]): 
The value is the same before and after calling `init_weights` of EncoderDecoder  

decode_head.pixel_decoder.encoder.layers.2.norms.0.bias - torch.Size([256]): 
The value is the same before and after calling `init_weights` of EncoderDecoder  

decode_head.pixel_decoder.encoder.layers.2.norms.1.weight - torch.Size([256]): 
The value is the same before and after calling `init_weights` of EncoderDecoder  

decode_head.pixel_decoder.encoder.layers.2.norms.1.bias - torch.Size([256]): 
The value is the same before and after calling `init_weights` of EncoderDecoder  

decode_head.pixel_decoder.encoder.layers.3.self_attn.sampling_offsets.weight - torch.Size([192, 256]): 
The value is the same before and after calling `init_weights` of EncoderDecoder  

decode_head.pixel_decoder.encoder.layers.3.self_attn.sampling_offsets.bias - torch.Size([192]): 
Initialized by user-defined `init_weights` in Mask2FormerHead  

decode_head.pixel_decoder.encoder.layers.3.self_attn.attention_weights.weight - torch.Size([96, 256]): 
The value is the same before and after calling `init_weights` of EncoderDecoder  

decode_head.pixel_decoder.encoder.layers.3.self_attn.attention_weights.bias - torch.Size([96]): 
The value is the same before and after calling `init_weights` of EncoderDecoder  

decode_head.pixel_decoder.encoder.layers.3.self_attn.value_proj.weight - torch.Size([256, 256]): 
Initialized by user-defined `init_weights` in Mask2FormerHead  

decode_head.pixel_decoder.encoder.layers.3.self_attn.value_proj.bias - torch.Size([256]): 
The value is the same before and after calling `init_weights` of EncoderDecoder  

decode_head.pixel_decoder.encoder.layers.3.self_attn.output_proj.weight - torch.Size([256, 256]): 
Initialized by user-defined `init_weights` in Mask2FormerHead  

decode_head.pixel_decoder.encoder.layers.3.self_attn.output_proj.bias - torch.Size([256]): 
The value is the same before and after calling `init_weights` of EncoderDecoder  

decode_head.pixel_decoder.encoder.layers.3.ffn.layers.0.0.weight - torch.Size([1024, 256]): 
Initialized by user-defined `init_weights` in Mask2FormerHead  

decode_head.pixel_decoder.encoder.layers.3.ffn.layers.0.0.bias - torch.Size([1024]): 
The value is the same before and after calling `init_weights` of EncoderDecoder  

decode_head.pixel_decoder.encoder.layers.3.ffn.layers.1.weight - torch.Size([256, 1024]): 
Initialized by user-defined `init_weights` in Mask2FormerHead  

decode_head.pixel_decoder.encoder.layers.3.ffn.layers.1.bias - torch.Size([256]): 
The value is the same before and after calling `init_weights` of EncoderDecoder  

decode_head.pixel_decoder.encoder.layers.3.norms.0.weight - torch.Size([256]): 
The value is the same before and after calling `init_weights` of EncoderDecoder  

decode_head.pixel_decoder.encoder.layers.3.norms.0.bias - torch.Size([256]): 
The value is the same before and after calling `init_weights` of EncoderDecoder  

decode_head.pixel_decoder.encoder.layers.3.norms.1.weight - torch.Size([256]): 
The value is the same before and after calling `init_weights` of EncoderDecoder  

decode_head.pixel_decoder.encoder.layers.3.norms.1.bias - torch.Size([256]): 
The value is the same before and after calling `init_weights` of EncoderDecoder  

decode_head.pixel_decoder.encoder.layers.4.self_attn.sampling_offsets.weight - torch.Size([192, 256]): 
The value is the same before and after calling `init_weights` of EncoderDecoder  

decode_head.pixel_decoder.encoder.layers.4.self_attn.sampling_offsets.bias - torch.Size([192]): 
Initialized by user-defined `init_weights` in Mask2FormerHead  

decode_head.pixel_decoder.encoder.layers.4.self_attn.attention_weights.weight - torch.Size([96, 256]): 
The value is the same before and after calling `init_weights` of EncoderDecoder  

decode_head.pixel_decoder.encoder.layers.4.self_attn.attention_weights.bias - torch.Size([96]): 
The value is the same before and after calling `init_weights` of EncoderDecoder  

decode_head.pixel_decoder.encoder.layers.4.self_attn.value_proj.weight - torch.Size([256, 256]): 
Initialized by user-defined `init_weights` in Mask2FormerHead  

decode_head.pixel_decoder.encoder.layers.4.self_attn.value_proj.bias - torch.Size([256]): 
The value is the same before and after calling `init_weights` of EncoderDecoder  

decode_head.pixel_decoder.encoder.layers.4.self_attn.output_proj.weight - torch.Size([256, 256]): 
Initialized by user-defined `init_weights` in Mask2FormerHead  

decode_head.pixel_decoder.encoder.layers.4.self_attn.output_proj.bias - torch.Size([256]): 
The value is the same before and after calling `init_weights` of EncoderDecoder  

decode_head.pixel_decoder.encoder.layers.4.ffn.layers.0.0.weight - torch.Size([1024, 256]): 
Initialized by user-defined `init_weights` in Mask2FormerHead  

decode_head.pixel_decoder.encoder.layers.4.ffn.layers.0.0.bias - torch.Size([1024]): 
The value is the same before and after calling `init_weights` of EncoderDecoder  

decode_head.pixel_decoder.encoder.layers.4.ffn.layers.1.weight - torch.Size([256, 1024]): 
Initialized by user-defined `init_weights` in Mask2FormerHead  

decode_head.pixel_decoder.encoder.layers.4.ffn.layers.1.bias - torch.Size([256]): 
The value is the same before and after calling `init_weights` of EncoderDecoder  

decode_head.pixel_decoder.encoder.layers.4.norms.0.weight - torch.Size([256]): 
The value is the same before and after calling `init_weights` of EncoderDecoder  

decode_head.pixel_decoder.encoder.layers.4.norms.0.bias - torch.Size([256]): 
The value is the same before and after calling `init_weights` of EncoderDecoder  

decode_head.pixel_decoder.encoder.layers.4.norms.1.weight - torch.Size([256]): 
The value is the same before and after calling `init_weights` of EncoderDecoder  

decode_head.pixel_decoder.encoder.layers.4.norms.1.bias - torch.Size([256]): 
The value is the same before and after calling `init_weights` of EncoderDecoder  

decode_head.pixel_decoder.encoder.layers.5.self_attn.sampling_offsets.weight - torch.Size([192, 256]): 
The value is the same before and after calling `init_weights` of EncoderDecoder  

decode_head.pixel_decoder.encoder.layers.5.self_attn.sampling_offsets.bias - torch.Size([192]): 
Initialized by user-defined `init_weights` in Mask2FormerHead  

decode_head.pixel_decoder.encoder.layers.5.self_attn.attention_weights.weight - torch.Size([96, 256]): 
The value is the same before and after calling `init_weights` of EncoderDecoder  

decode_head.pixel_decoder.encoder.layers.5.self_attn.attention_weights.bias - torch.Size([96]): 
The value is the same before and after calling `init_weights` of EncoderDecoder  

decode_head.pixel_decoder.encoder.layers.5.self_attn.value_proj.weight - torch.Size([256, 256]): 
Initialized by user-defined `init_weights` in Mask2FormerHead  

decode_head.pixel_decoder.encoder.layers.5.self_attn.value_proj.bias - torch.Size([256]): 
The value is the same before and after calling `init_weights` of EncoderDecoder  

decode_head.pixel_decoder.encoder.layers.5.self_attn.output_proj.weight - torch.Size([256, 256]): 
Initialized by user-defined `init_weights` in Mask2FormerHead  

decode_head.pixel_decoder.encoder.layers.5.self_attn.output_proj.bias - torch.Size([256]): 
The value is the same before and after calling `init_weights` of EncoderDecoder  

decode_head.pixel_decoder.encoder.layers.5.ffn.layers.0.0.weight - torch.Size([1024, 256]): 
Initialized by user-defined `init_weights` in Mask2FormerHead  

decode_head.pixel_decoder.encoder.layers.5.ffn.layers.0.0.bias - torch.Size([1024]): 
The value is the same before and after calling `init_weights` of EncoderDecoder  

decode_head.pixel_decoder.encoder.layers.5.ffn.layers.1.weight - torch.Size([256, 1024]): 
Initialized by user-defined `init_weights` in Mask2FormerHead  

decode_head.pixel_decoder.encoder.layers.5.ffn.layers.1.bias - torch.Size([256]): 
The value is the same before and after calling `init_weights` of EncoderDecoder  

decode_head.pixel_decoder.encoder.layers.5.norms.0.weight - torch.Size([256]): 
The value is the same before and after calling `init_weights` of EncoderDecoder  

decode_head.pixel_decoder.encoder.layers.5.norms.0.bias - torch.Size([256]): 
The value is the same before and after calling `init_weights` of EncoderDecoder  

decode_head.pixel_decoder.encoder.layers.5.norms.1.weight - torch.Size([256]): 
The value is the same before and after calling `init_weights` of EncoderDecoder  

decode_head.pixel_decoder.encoder.layers.5.norms.1.bias - torch.Size([256]): 
The value is the same before and after calling `init_weights` of EncoderDecoder  

decode_head.pixel_decoder.level_encoding.weight - torch.Size([3, 256]): 
Initialized by user-defined `init_weights` in Mask2FormerHead  

decode_head.pixel_decoder.lateral_convs.0.conv.weight - torch.Size([256, 96, 1, 1]): 
Initialized by user-defined `init_weights` in Mask2FormerHead  

decode_head.pixel_decoder.lateral_convs.0.gn.weight - torch.Size([256]): 
The value is the same before and after calling `init_weights` of EncoderDecoder  

decode_head.pixel_decoder.lateral_convs.0.gn.bias - torch.Size([256]): 
The value is the same before and after calling `init_weights` of EncoderDecoder  

decode_head.pixel_decoder.output_convs.0.conv.weight - torch.Size([256, 256, 3, 3]): 
Initialized by user-defined `init_weights` in Mask2FormerHead  

decode_head.pixel_decoder.output_convs.0.gn.weight - torch.Size([256]): 
The value is the same before and after calling `init_weights` of EncoderDecoder  

decode_head.pixel_decoder.output_convs.0.gn.bias - torch.Size([256]): 
The value is the same before and after calling `init_weights` of EncoderDecoder  

decode_head.pixel_decoder.mask_feature.weight - torch.Size([256, 256, 1, 1]): 
Initialized by user-defined `init_weights` in Mask2FormerHead  

decode_head.pixel_decoder.mask_feature.bias - torch.Size([256]): 
Initialized by user-defined `init_weights` in Mask2FormerHead  

decode_head.transformer_decoder.layers.0.self_attn.attn.in_proj_weight - torch.Size([768, 256]): 
Initialized by user-defined `init_weights` in Mask2FormerHead  

decode_head.transformer_decoder.layers.0.self_attn.attn.in_proj_bias - torch.Size([768]): 
The value is the same before and after calling `init_weights` of EncoderDecoder  

decode_head.transformer_decoder.layers.0.self_attn.attn.out_proj.weight - torch.Size([256, 256]): 
Initialized by user-defined `init_weights` in Mask2FormerHead  

decode_head.transformer_decoder.layers.0.self_attn.attn.out_proj.bias - torch.Size([256]): 
The value is the same before and after calling `init_weights` of EncoderDecoder  

decode_head.transformer_decoder.layers.0.cross_attn.attn.in_proj_weight - torch.Size([768, 256]): 
Initialized by user-defined `init_weights` in Mask2FormerHead  

decode_head.transformer_decoder.layers.0.cross_attn.attn.in_proj_bias - torch.Size([768]): 
The value is the same before and after calling `init_weights` of EncoderDecoder  

decode_head.transformer_decoder.layers.0.cross_attn.attn.out_proj.weight - torch.Size([256, 256]): 
Initialized by user-defined `init_weights` in Mask2FormerHead  

decode_head.transformer_decoder.layers.0.cross_attn.attn.out_proj.bias - torch.Size([256]): 
The value is the same before and after calling `init_weights` of EncoderDecoder  

decode_head.transformer_decoder.layers.0.ffn.layers.0.0.weight - torch.Size([2048, 256]): 
Initialized by user-defined `init_weights` in Mask2FormerHead  

decode_head.transformer_decoder.layers.0.ffn.layers.0.0.bias - torch.Size([2048]): 
The value is the same before and after calling `init_weights` of EncoderDecoder  

decode_head.transformer_decoder.layers.0.ffn.layers.1.weight - torch.Size([256, 2048]): 
Initialized by user-defined `init_weights` in Mask2FormerHead  

decode_head.transformer_decoder.layers.0.ffn.layers.1.bias - torch.Size([256]): 
The value is the same before and after calling `init_weights` of EncoderDecoder  

decode_head.transformer_decoder.layers.0.norms.0.weight - torch.Size([256]): 
The value is the same before and after calling `init_weights` of EncoderDecoder  

decode_head.transformer_decoder.layers.0.norms.0.bias - torch.Size([256]): 
The value is the same before and after calling `init_weights` of EncoderDecoder  

decode_head.transformer_decoder.layers.0.norms.1.weight - torch.Size([256]): 
The value is the same before and after calling `init_weights` of EncoderDecoder  

decode_head.transformer_decoder.layers.0.norms.1.bias - torch.Size([256]): 
The value is the same before and after calling `init_weights` of EncoderDecoder  

decode_head.transformer_decoder.layers.0.norms.2.weight - torch.Size([256]): 
The value is the same before and after calling `init_weights` of EncoderDecoder  

decode_head.transformer_decoder.layers.0.norms.2.bias - torch.Size([256]): 
The value is the same before and after calling `init_weights` of EncoderDecoder  

decode_head.transformer_decoder.layers.1.self_attn.attn.in_proj_weight - torch.Size([768, 256]): 
Initialized by user-defined `init_weights` in Mask2FormerHead  

decode_head.transformer_decoder.layers.1.self_attn.attn.in_proj_bias - torch.Size([768]): 
The value is the same before and after calling `init_weights` of EncoderDecoder  

decode_head.transformer_decoder.layers.1.self_attn.attn.out_proj.weight - torch.Size([256, 256]): 
Initialized by user-defined `init_weights` in Mask2FormerHead  

decode_head.transformer_decoder.layers.1.self_attn.attn.out_proj.bias - torch.Size([256]): 
The value is the same before and after calling `init_weights` of EncoderDecoder  

decode_head.transformer_decoder.layers.1.cross_attn.attn.in_proj_weight - torch.Size([768, 256]): 
Initialized by user-defined `init_weights` in Mask2FormerHead  

decode_head.transformer_decoder.layers.1.cross_attn.attn.in_proj_bias - torch.Size([768]): 
The value is the same before and after calling `init_weights` of EncoderDecoder  

decode_head.transformer_decoder.layers.1.cross_attn.attn.out_proj.weight - torch.Size([256, 256]): 
Initialized by user-defined `init_weights` in Mask2FormerHead  

decode_head.transformer_decoder.layers.1.cross_attn.attn.out_proj.bias - torch.Size([256]): 
The value is the same before and after calling `init_weights` of EncoderDecoder  

decode_head.transformer_decoder.layers.1.ffn.layers.0.0.weight - torch.Size([2048, 256]): 
Initialized by user-defined `init_weights` in Mask2FormerHead  

decode_head.transformer_decoder.layers.1.ffn.layers.0.0.bias - torch.Size([2048]): 
The value is the same before and after calling `init_weights` of EncoderDecoder  

decode_head.transformer_decoder.layers.1.ffn.layers.1.weight - torch.Size([256, 2048]): 
Initialized by user-defined `init_weights` in Mask2FormerHead  

decode_head.transformer_decoder.layers.1.ffn.layers.1.bias - torch.Size([256]): 
The value is the same before and after calling `init_weights` of EncoderDecoder  

decode_head.transformer_decoder.layers.1.norms.0.weight - torch.Size([256]): 
The value is the same before and after calling `init_weights` of EncoderDecoder  

decode_head.transformer_decoder.layers.1.norms.0.bias - torch.Size([256]): 
The value is the same before and after calling `init_weights` of EncoderDecoder  

decode_head.transformer_decoder.layers.1.norms.1.weight - torch.Size([256]): 
The value is the same before and after calling `init_weights` of EncoderDecoder  

decode_head.transformer_decoder.layers.1.norms.1.bias - torch.Size([256]): 
The value is the same before and after calling `init_weights` of EncoderDecoder  

decode_head.transformer_decoder.layers.1.norms.2.weight - torch.Size([256]): 
The value is the same before and after calling `init_weights` of EncoderDecoder  

decode_head.transformer_decoder.layers.1.norms.2.bias - torch.Size([256]): 
The value is the same before and after calling `init_weights` of EncoderDecoder  

decode_head.transformer_decoder.layers.2.self_attn.attn.in_proj_weight - torch.Size([768, 256]): 
Initialized by user-defined `init_weights` in Mask2FormerHead  

decode_head.transformer_decoder.layers.2.self_attn.attn.in_proj_bias - torch.Size([768]): 
The value is the same before and after calling `init_weights` of EncoderDecoder  

decode_head.transformer_decoder.layers.2.self_attn.attn.out_proj.weight - torch.Size([256, 256]): 
Initialized by user-defined `init_weights` in Mask2FormerHead  

decode_head.transformer_decoder.layers.2.self_attn.attn.out_proj.bias - torch.Size([256]): 
The value is the same before and after calling `init_weights` of EncoderDecoder  

decode_head.transformer_decoder.layers.2.cross_attn.attn.in_proj_weight - torch.Size([768, 256]): 
Initialized by user-defined `init_weights` in Mask2FormerHead  

decode_head.transformer_decoder.layers.2.cross_attn.attn.in_proj_bias - torch.Size([768]): 
The value is the same before and after calling `init_weights` of EncoderDecoder  

decode_head.transformer_decoder.layers.2.cross_attn.attn.out_proj.weight - torch.Size([256, 256]): 
Initialized by user-defined `init_weights` in Mask2FormerHead  

decode_head.transformer_decoder.layers.2.cross_attn.attn.out_proj.bias - torch.Size([256]): 
The value is the same before and after calling `init_weights` of EncoderDecoder  

decode_head.transformer_decoder.layers.2.ffn.layers.0.0.weight - torch.Size([2048, 256]): 
Initialized by user-defined `init_weights` in Mask2FormerHead  

decode_head.transformer_decoder.layers.2.ffn.layers.0.0.bias - torch.Size([2048]): 
The value is the same before and after calling `init_weights` of EncoderDecoder  

decode_head.transformer_decoder.layers.2.ffn.layers.1.weight - torch.Size([256, 2048]): 
Initialized by user-defined `init_weights` in Mask2FormerHead  

decode_head.transformer_decoder.layers.2.ffn.layers.1.bias - torch.Size([256]): 
The value is the same before and after calling `init_weights` of EncoderDecoder  

decode_head.transformer_decoder.layers.2.norms.0.weight - torch.Size([256]): 
The value is the same before and after calling `init_weights` of EncoderDecoder  

decode_head.transformer_decoder.layers.2.norms.0.bias - torch.Size([256]): 
The value is the same before and after calling `init_weights` of EncoderDecoder  

decode_head.transformer_decoder.layers.2.norms.1.weight - torch.Size([256]): 
The value is the same before and after calling `init_weights` of EncoderDecoder  

decode_head.transformer_decoder.layers.2.norms.1.bias - torch.Size([256]): 
The value is the same before and after calling `init_weights` of EncoderDecoder  

decode_head.transformer_decoder.layers.2.norms.2.weight - torch.Size([256]): 
The value is the same before and after calling `init_weights` of EncoderDecoder  

decode_head.transformer_decoder.layers.2.norms.2.bias - torch.Size([256]): 
The value is the same before and after calling `init_weights` of EncoderDecoder  

decode_head.transformer_decoder.layers.3.self_attn.attn.in_proj_weight - torch.Size([768, 256]): 
Initialized by user-defined `init_weights` in Mask2FormerHead  

decode_head.transformer_decoder.layers.3.self_attn.attn.in_proj_bias - torch.Size([768]): 
The value is the same before and after calling `init_weights` of EncoderDecoder  

decode_head.transformer_decoder.layers.3.self_attn.attn.out_proj.weight - torch.Size([256, 256]): 
Initialized by user-defined `init_weights` in Mask2FormerHead  

decode_head.transformer_decoder.layers.3.self_attn.attn.out_proj.bias - torch.Size([256]): 
The value is the same before and after calling `init_weights` of EncoderDecoder  

decode_head.transformer_decoder.layers.3.cross_attn.attn.in_proj_weight - torch.Size([768, 256]): 
Initialized by user-defined `init_weights` in Mask2FormerHead  

decode_head.transformer_decoder.layers.3.cross_attn.attn.in_proj_bias - torch.Size([768]): 
The value is the same before and after calling `init_weights` of EncoderDecoder  

decode_head.transformer_decoder.layers.3.cross_attn.attn.out_proj.weight - torch.Size([256, 256]): 
Initialized by user-defined `init_weights` in Mask2FormerHead  

decode_head.transformer_decoder.layers.3.cross_attn.attn.out_proj.bias - torch.Size([256]): 
The value is the same before and after calling `init_weights` of EncoderDecoder  

decode_head.transformer_decoder.layers.3.ffn.layers.0.0.weight - torch.Size([2048, 256]): 
Initialized by user-defined `init_weights` in Mask2FormerHead  

decode_head.transformer_decoder.layers.3.ffn.layers.0.0.bias - torch.Size([2048]): 
The value is the same before and after calling `init_weights` of EncoderDecoder  

decode_head.transformer_decoder.layers.3.ffn.layers.1.weight - torch.Size([256, 2048]): 
Initialized by user-defined `init_weights` in Mask2FormerHead  

decode_head.transformer_decoder.layers.3.ffn.layers.1.bias - torch.Size([256]): 
The value is the same before and after calling `init_weights` of EncoderDecoder  

decode_head.transformer_decoder.layers.3.norms.0.weight - torch.Size([256]): 
The value is the same before and after calling `init_weights` of EncoderDecoder  

decode_head.transformer_decoder.layers.3.norms.0.bias - torch.Size([256]): 
The value is the same before and after calling `init_weights` of EncoderDecoder  

decode_head.transformer_decoder.layers.3.norms.1.weight - torch.Size([256]): 
The value is the same before and after calling `init_weights` of EncoderDecoder  

decode_head.transformer_decoder.layers.3.norms.1.bias - torch.Size([256]): 
The value is the same before and after calling `init_weights` of EncoderDecoder  

decode_head.transformer_decoder.layers.3.norms.2.weight - torch.Size([256]): 
The value is the same before and after calling `init_weights` of EncoderDecoder  

decode_head.transformer_decoder.layers.3.norms.2.bias - torch.Size([256]): 
The value is the same before and after calling `init_weights` of EncoderDecoder  

decode_head.transformer_decoder.layers.4.self_attn.attn.in_proj_weight - torch.Size([768, 256]): 
Initialized by user-defined `init_weights` in Mask2FormerHead  

decode_head.transformer_decoder.layers.4.self_attn.attn.in_proj_bias - torch.Size([768]): 
The value is the same before and after calling `init_weights` of EncoderDecoder  

decode_head.transformer_decoder.layers.4.self_attn.attn.out_proj.weight - torch.Size([256, 256]): 
Initialized by user-defined `init_weights` in Mask2FormerHead  

decode_head.transformer_decoder.layers.4.self_attn.attn.out_proj.bias - torch.Size([256]): 
The value is the same before and after calling `init_weights` of EncoderDecoder  

decode_head.transformer_decoder.layers.4.cross_attn.attn.in_proj_weight - torch.Size([768, 256]): 
Initialized by user-defined `init_weights` in Mask2FormerHead  

decode_head.transformer_decoder.layers.4.cross_attn.attn.in_proj_bias - torch.Size([768]): 
The value is the same before and after calling `init_weights` of EncoderDecoder  

decode_head.transformer_decoder.layers.4.cross_attn.attn.out_proj.weight - torch.Size([256, 256]): 
Initialized by user-defined `init_weights` in Mask2FormerHead  

decode_head.transformer_decoder.layers.4.cross_attn.attn.out_proj.bias - torch.Size([256]): 
The value is the same before and after calling `init_weights` of EncoderDecoder  

decode_head.transformer_decoder.layers.4.ffn.layers.0.0.weight - torch.Size([2048, 256]): 
Initialized by user-defined `init_weights` in Mask2FormerHead  

decode_head.transformer_decoder.layers.4.ffn.layers.0.0.bias - torch.Size([2048]): 
The value is the same before and after calling `init_weights` of EncoderDecoder  

decode_head.transformer_decoder.layers.4.ffn.layers.1.weight - torch.Size([256, 2048]): 
Initialized by user-defined `init_weights` in Mask2FormerHead  

decode_head.transformer_decoder.layers.4.ffn.layers.1.bias - torch.Size([256]): 
The value is the same before and after calling `init_weights` of EncoderDecoder  

decode_head.transformer_decoder.layers.4.norms.0.weight - torch.Size([256]): 
The value is the same before and after calling `init_weights` of EncoderDecoder  

decode_head.transformer_decoder.layers.4.norms.0.bias - torch.Size([256]): 
The value is the same before and after calling `init_weights` of EncoderDecoder  

decode_head.transformer_decoder.layers.4.norms.1.weight - torch.Size([256]): 
The value is the same before and after calling `init_weights` of EncoderDecoder  

decode_head.transformer_decoder.layers.4.norms.1.bias - torch.Size([256]): 
The value is the same before and after calling `init_weights` of EncoderDecoder  

decode_head.transformer_decoder.layers.4.norms.2.weight - torch.Size([256]): 
The value is the same before and after calling `init_weights` of EncoderDecoder  

decode_head.transformer_decoder.layers.4.norms.2.bias - torch.Size([256]): 
The value is the same before and after calling `init_weights` of EncoderDecoder  

decode_head.transformer_decoder.layers.5.self_attn.attn.in_proj_weight - torch.Size([768, 256]): 
Initialized by user-defined `init_weights` in Mask2FormerHead  

decode_head.transformer_decoder.layers.5.self_attn.attn.in_proj_bias - torch.Size([768]): 
The value is the same before and after calling `init_weights` of EncoderDecoder  

decode_head.transformer_decoder.layers.5.self_attn.attn.out_proj.weight - torch.Size([256, 256]): 
Initialized by user-defined `init_weights` in Mask2FormerHead  

decode_head.transformer_decoder.layers.5.self_attn.attn.out_proj.bias - torch.Size([256]): 
The value is the same before and after calling `init_weights` of EncoderDecoder  

decode_head.transformer_decoder.layers.5.cross_attn.attn.in_proj_weight - torch.Size([768, 256]): 
Initialized by user-defined `init_weights` in Mask2FormerHead  

decode_head.transformer_decoder.layers.5.cross_attn.attn.in_proj_bias - torch.Size([768]): 
The value is the same before and after calling `init_weights` of EncoderDecoder  

decode_head.transformer_decoder.layers.5.cross_attn.attn.out_proj.weight - torch.Size([256, 256]): 
Initialized by user-defined `init_weights` in Mask2FormerHead  

decode_head.transformer_decoder.layers.5.cross_attn.attn.out_proj.bias - torch.Size([256]): 
The value is the same before and after calling `init_weights` of EncoderDecoder  

decode_head.transformer_decoder.layers.5.ffn.layers.0.0.weight - torch.Size([2048, 256]): 
Initialized by user-defined `init_weights` in Mask2FormerHead  

decode_head.transformer_decoder.layers.5.ffn.layers.0.0.bias - torch.Size([2048]): 
The value is the same before and after calling `init_weights` of EncoderDecoder  

decode_head.transformer_decoder.layers.5.ffn.layers.1.weight - torch.Size([256, 2048]): 
Initialized by user-defined `init_weights` in Mask2FormerHead  

decode_head.transformer_decoder.layers.5.ffn.layers.1.bias - torch.Size([256]): 
The value is the same before and after calling `init_weights` of EncoderDecoder  

decode_head.transformer_decoder.layers.5.norms.0.weight - torch.Size([256]): 
The value is the same before and after calling `init_weights` of EncoderDecoder  

decode_head.transformer_decoder.layers.5.norms.0.bias - torch.Size([256]): 
The value is the same before and after calling `init_weights` of EncoderDecoder  

decode_head.transformer_decoder.layers.5.norms.1.weight - torch.Size([256]): 
The value is the same before and after calling `init_weights` of EncoderDecoder  

decode_head.transformer_decoder.layers.5.norms.1.bias - torch.Size([256]): 
The value is the same before and after calling `init_weights` of EncoderDecoder  

decode_head.transformer_decoder.layers.5.norms.2.weight - torch.Size([256]): 
The value is the same before and after calling `init_weights` of EncoderDecoder  

decode_head.transformer_decoder.layers.5.norms.2.bias - torch.Size([256]): 
The value is the same before and after calling `init_weights` of EncoderDecoder  

decode_head.transformer_decoder.layers.6.self_attn.attn.in_proj_weight - torch.Size([768, 256]): 
Initialized by user-defined `init_weights` in Mask2FormerHead  

decode_head.transformer_decoder.layers.6.self_attn.attn.in_proj_bias - torch.Size([768]): 
The value is the same before and after calling `init_weights` of EncoderDecoder  

decode_head.transformer_decoder.layers.6.self_attn.attn.out_proj.weight - torch.Size([256, 256]): 
Initialized by user-defined `init_weights` in Mask2FormerHead  

decode_head.transformer_decoder.layers.6.self_attn.attn.out_proj.bias - torch.Size([256]): 
The value is the same before and after calling `init_weights` of EncoderDecoder  

decode_head.transformer_decoder.layers.6.cross_attn.attn.in_proj_weight - torch.Size([768, 256]): 
Initialized by user-defined `init_weights` in Mask2FormerHead  

decode_head.transformer_decoder.layers.6.cross_attn.attn.in_proj_bias - torch.Size([768]): 
The value is the same before and after calling `init_weights` of EncoderDecoder  

decode_head.transformer_decoder.layers.6.cross_attn.attn.out_proj.weight - torch.Size([256, 256]): 
Initialized by user-defined `init_weights` in Mask2FormerHead  

decode_head.transformer_decoder.layers.6.cross_attn.attn.out_proj.bias - torch.Size([256]): 
The value is the same before and after calling `init_weights` of EncoderDecoder  

decode_head.transformer_decoder.layers.6.ffn.layers.0.0.weight - torch.Size([2048, 256]): 
Initialized by user-defined `init_weights` in Mask2FormerHead  

decode_head.transformer_decoder.layers.6.ffn.layers.0.0.bias - torch.Size([2048]): 
The value is the same before and after calling `init_weights` of EncoderDecoder  

decode_head.transformer_decoder.layers.6.ffn.layers.1.weight - torch.Size([256, 2048]): 
Initialized by user-defined `init_weights` in Mask2FormerHead  

decode_head.transformer_decoder.layers.6.ffn.layers.1.bias - torch.Size([256]): 
The value is the same before and after calling `init_weights` of EncoderDecoder  

decode_head.transformer_decoder.layers.6.norms.0.weight - torch.Size([256]): 
The value is the same before and after calling `init_weights` of EncoderDecoder  

decode_head.transformer_decoder.layers.6.norms.0.bias - torch.Size([256]): 
The value is the same before and after calling `init_weights` of EncoderDecoder  

decode_head.transformer_decoder.layers.6.norms.1.weight - torch.Size([256]): 
The value is the same before and after calling `init_weights` of EncoderDecoder  

decode_head.transformer_decoder.layers.6.norms.1.bias - torch.Size([256]): 
The value is the same before and after calling `init_weights` of EncoderDecoder  

decode_head.transformer_decoder.layers.6.norms.2.weight - torch.Size([256]): 
The value is the same before and after calling `init_weights` of EncoderDecoder  

decode_head.transformer_decoder.layers.6.norms.2.bias - torch.Size([256]): 
The value is the same before and after calling `init_weights` of EncoderDecoder  

decode_head.transformer_decoder.layers.7.self_attn.attn.in_proj_weight - torch.Size([768, 256]): 
Initialized by user-defined `init_weights` in Mask2FormerHead  

decode_head.transformer_decoder.layers.7.self_attn.attn.in_proj_bias - torch.Size([768]): 
The value is the same before and after calling `init_weights` of EncoderDecoder  

decode_head.transformer_decoder.layers.7.self_attn.attn.out_proj.weight - torch.Size([256, 256]): 
Initialized by user-defined `init_weights` in Mask2FormerHead  

decode_head.transformer_decoder.layers.7.self_attn.attn.out_proj.bias - torch.Size([256]): 
The value is the same before and after calling `init_weights` of EncoderDecoder  

decode_head.transformer_decoder.layers.7.cross_attn.attn.in_proj_weight - torch.Size([768, 256]): 
Initialized by user-defined `init_weights` in Mask2FormerHead  

decode_head.transformer_decoder.layers.7.cross_attn.attn.in_proj_bias - torch.Size([768]): 
The value is the same before and after calling `init_weights` of EncoderDecoder  

decode_head.transformer_decoder.layers.7.cross_attn.attn.out_proj.weight - torch.Size([256, 256]): 
Initialized by user-defined `init_weights` in Mask2FormerHead  

decode_head.transformer_decoder.layers.7.cross_attn.attn.out_proj.bias - torch.Size([256]): 
The value is the same before and after calling `init_weights` of EncoderDecoder  

decode_head.transformer_decoder.layers.7.ffn.layers.0.0.weight - torch.Size([2048, 256]): 
Initialized by user-defined `init_weights` in Mask2FormerHead  

decode_head.transformer_decoder.layers.7.ffn.layers.0.0.bias - torch.Size([2048]): 
The value is the same before and after calling `init_weights` of EncoderDecoder  

decode_head.transformer_decoder.layers.7.ffn.layers.1.weight - torch.Size([256, 2048]): 
Initialized by user-defined `init_weights` in Mask2FormerHead  

decode_head.transformer_decoder.layers.7.ffn.layers.1.bias - torch.Size([256]): 
The value is the same before and after calling `init_weights` of EncoderDecoder  

decode_head.transformer_decoder.layers.7.norms.0.weight - torch.Size([256]): 
The value is the same before and after calling `init_weights` of EncoderDecoder  

decode_head.transformer_decoder.layers.7.norms.0.bias - torch.Size([256]): 
The value is the same before and after calling `init_weights` of EncoderDecoder  

decode_head.transformer_decoder.layers.7.norms.1.weight - torch.Size([256]): 
The value is the same before and after calling `init_weights` of EncoderDecoder  

decode_head.transformer_decoder.layers.7.norms.1.bias - torch.Size([256]): 
The value is the same before and after calling `init_weights` of EncoderDecoder  

decode_head.transformer_decoder.layers.7.norms.2.weight - torch.Size([256]): 
The value is the same before and after calling `init_weights` of EncoderDecoder  

decode_head.transformer_decoder.layers.7.norms.2.bias - torch.Size([256]): 
The value is the same before and after calling `init_weights` of EncoderDecoder  

decode_head.transformer_decoder.layers.8.self_attn.attn.in_proj_weight - torch.Size([768, 256]): 
Initialized by user-defined `init_weights` in Mask2FormerHead  

decode_head.transformer_decoder.layers.8.self_attn.attn.in_proj_bias - torch.Size([768]): 
The value is the same before and after calling `init_weights` of EncoderDecoder  

decode_head.transformer_decoder.layers.8.self_attn.attn.out_proj.weight - torch.Size([256, 256]): 
Initialized by user-defined `init_weights` in Mask2FormerHead  

decode_head.transformer_decoder.layers.8.self_attn.attn.out_proj.bias - torch.Size([256]): 
The value is the same before and after calling `init_weights` of EncoderDecoder  

decode_head.transformer_decoder.layers.8.cross_attn.attn.in_proj_weight - torch.Size([768, 256]): 
Initialized by user-defined `init_weights` in Mask2FormerHead  

decode_head.transformer_decoder.layers.8.cross_attn.attn.in_proj_bias - torch.Size([768]): 
The value is the same before and after calling `init_weights` of EncoderDecoder  

decode_head.transformer_decoder.layers.8.cross_attn.attn.out_proj.weight - torch.Size([256, 256]): 
Initialized by user-defined `init_weights` in Mask2FormerHead  

decode_head.transformer_decoder.layers.8.cross_attn.attn.out_proj.bias - torch.Size([256]): 
The value is the same before and after calling `init_weights` of EncoderDecoder  

decode_head.transformer_decoder.layers.8.ffn.layers.0.0.weight - torch.Size([2048, 256]): 
Initialized by user-defined `init_weights` in Mask2FormerHead  

decode_head.transformer_decoder.layers.8.ffn.layers.0.0.bias - torch.Size([2048]): 
The value is the same before and after calling `init_weights` of EncoderDecoder  

decode_head.transformer_decoder.layers.8.ffn.layers.1.weight - torch.Size([256, 2048]): 
Initialized by user-defined `init_weights` in Mask2FormerHead  

decode_head.transformer_decoder.layers.8.ffn.layers.1.bias - torch.Size([256]): 
The value is the same before and after calling `init_weights` of EncoderDecoder  

decode_head.transformer_decoder.layers.8.norms.0.weight - torch.Size([256]): 
The value is the same before and after calling `init_weights` of EncoderDecoder  

decode_head.transformer_decoder.layers.8.norms.0.bias - torch.Size([256]): 
The value is the same before and after calling `init_weights` of EncoderDecoder  

decode_head.transformer_decoder.layers.8.norms.1.weight - torch.Size([256]): 
The value is the same before and after calling `init_weights` of EncoderDecoder  

decode_head.transformer_decoder.layers.8.norms.1.bias - torch.Size([256]): 
The value is the same before and after calling `init_weights` of EncoderDecoder  

decode_head.transformer_decoder.layers.8.norms.2.weight - torch.Size([256]): 
The value is the same before and after calling `init_weights` of EncoderDecoder  

decode_head.transformer_decoder.layers.8.norms.2.bias - torch.Size([256]): 
The value is the same before and after calling `init_weights` of EncoderDecoder  

decode_head.transformer_decoder.post_norm.weight - torch.Size([256]): 
The value is the same before and after calling `init_weights` of EncoderDecoder  

decode_head.transformer_decoder.post_norm.bias - torch.Size([256]): 
The value is the same before and after calling `init_weights` of EncoderDecoder  

decode_head.query_embed.weight - torch.Size([100, 256]): 
The value is the same before and after calling `init_weights` of EncoderDecoder  

decode_head.query_feat.weight - torch.Size([100, 256]): 
The value is the same before and after calling `init_weights` of EncoderDecoder  

decode_head.level_embed.weight - torch.Size([3, 256]): 
The value is the same before and after calling `init_weights` of EncoderDecoder  

decode_head.cls_embed.weight - torch.Size([3, 256]): 
The value is the same before and after calling `init_weights` of EncoderDecoder  

decode_head.cls_embed.bias - torch.Size([3]): 
The value is the same before and after calling `init_weights` of EncoderDecoder  

decode_head.mask_embed.0.weight - torch.Size([256, 256]): 
The value is the same before and after calling `init_weights` of EncoderDecoder  

decode_head.mask_embed.0.bias - torch.Size([256]): 
The value is the same before and after calling `init_weights` of EncoderDecoder  

decode_head.mask_embed.2.weight - torch.Size([256, 256]): 
The value is the same before and after calling `init_weights` of EncoderDecoder  

decode_head.mask_embed.2.bias - torch.Size([256]): 
The value is the same before and after calling `init_weights` of EncoderDecoder  

decode_head.mask_embed.4.weight - torch.Size([256, 256]): 
The value is the same before and after calling `init_weights` of EncoderDecoder  

decode_head.mask_embed.4.bias - torch.Size([256]): 
The value is the same before and after calling `init_weights` of EncoderDecoder  
2026/09/18 15:11:29 - mmengine - WARNING - "FileClient" will be deprecated in future. Please use io functions in https://mmengine.readthedocs.io/en/latest/api/fileio.html#file-io
2026/09/18 15:11:29 - mmengine - WARNING - "HardDiskBackend" is the alias of "LocalBackend" and the former will be deprecated in future.
2026/09/18 15:11:29 - mmengine - INFO - Checkpoints will be saved to /workspace/work_dirs/mask2former.
2026/09/18 15:12:04 - mmengine - INFO - Iter(train) [  50/3000]  base_lr: 1.6388e-05 lr: 1.6388e-06  eta: 0:33:57  time: 0.6569  data_time: 0.0139  memory: 5843  grad_norm: 272.8839  loss: 56.2575  decode.loss_cls: 1.0080  decode.loss_mask: 3.3073  decode.loss_dice: 1.8905  decode.d0.loss_cls: 2.3989  decode.d0.loss_mask: 2.4452  decode.d0.loss_dice: 1.8531  decode.d1.loss_cls: 0.8796  decode.d1.loss_mask: 2.2572  decode.d1.loss_dice: 1.7546  decode.d2.loss_cls: 0.9166  decode.d2.loss_mask: 2.2395  decode.d2.loss_dice: 1.7449  decode.d3.loss_cls: 0.9442  decode.d3.loss_mask: 2.2880  decode.d3.loss_dice: 1.8323  decode.d4.loss_cls: 0.9791  decode.d4.loss_mask: 2.4026  decode.d4.loss_dice: 1.7962  decode.d5.loss_cls: 0.9836  decode.d5.loss_mask: 2.6139  decode.d5.loss_dice: 1.8174  decode.d6.loss_cls: 0.9984  decode.d6.loss_mask: 2.7668  decode.d6.loss_dice: 1.8631  decode.d7.loss_cls: 1.0023  decode.d7.loss_mask: 3.2029  decode.d7.loss_dice: 1.8634  decode.d8.loss_cls: 1.0139  decode.d8.loss_mask: 3.2921  decode.d8.loss_dice: 1.9018
2026/09/18 15:12:37 - mmengine - INFO - Iter(train) [ 100/3000]  base_lr: 3.3110e-05 lr: 3.3110e-06  eta: 0:32:56  time: 0.6869  data_time: 0.0149  memory: 5836  grad_norm: 218.7553  loss: 57.8124  decode.loss_cls: 1.0311  decode.loss_mask: 2.6064  decode.loss_dice: 2.0841  decode.d0.loss_cls: 2.3503  decode.d0.loss_mask: 2.9127  decode.d0.loss_dice: 2.1800  decode.d1.loss_cls: 0.7440  decode.d1.loss_mask: 2.6327  decode.d1.loss_dice: 2.1113  decode.d2.loss_cls: 0.7175  decode.d2.loss_mask: 2.6566  decode.d2.loss_dice: 2.1077  decode.d3.loss_cls: 0.7092  decode.d3.loss_mask: 2.6711  decode.d3.loss_dice: 2.1329  decode.d4.loss_cls: 0.7560  decode.d4.loss_mask: 2.6918  decode.d4.loss_dice: 2.1493  decode.d5.loss_cls: 0.8464  decode.d5.loss_mask: 2.6491  decode.d5.loss_dice: 2.1070  decode.d6.loss_cls: 0.8473  decode.d6.loss_mask: 2.5805  decode.d6.loss_dice: 2.1360  decode.d7.loss_cls: 0.9135  decode.d7.loss_mask: 2.6958  decode.d7.loss_dice: 2.1363  decode.d8.loss_cls: 0.9656  decode.d8.loss_mask: 2.6129  decode.d8.loss_dice: 2.0769
2026/09/18 15:13:10 - mmengine - INFO - Iter(train) [ 150/3000]  base_lr: 4.9833e-05 lr: 4.9833e-06  eta: 0:32:02  time: 0.6590  data_time: 0.0134  memory: 5836  grad_norm: 661.5392  loss: 41.8485  decode.loss_cls: 0.7217  decode.loss_mask: 1.9084  decode.loss_dice: 1.5446  decode.d0.loss_cls: 2.3228  decode.d0.loss_mask: 1.8667  decode.d0.loss_dice: 1.7782  decode.d1.loss_cls: 0.5535  decode.d1.loss_mask: 1.8523  decode.d1.loss_dice: 1.5787  decode.d2.loss_cls: 0.4335  decode.d2.loss_mask: 1.9129  decode.d2.loss_dice: 1.5962  decode.d3.loss_cls: 0.4638  decode.d3.loss_mask: 1.9404  decode.d3.loss_dice: 1.5516  decode.d4.loss_cls: 0.4218  decode.d4.loss_mask: 1.9208  decode.d4.loss_dice: 1.5388  decode.d5.loss_cls: 0.4644  decode.d5.loss_mask: 1.9827  decode.d5.loss_dice: 1.5322  decode.d6.loss_cls: 0.5181  decode.d6.loss_mask: 1.9528  decode.d6.loss_dice: 1.5310  decode.d7.loss_cls: 0.5466  decode.d7.loss_mask: 1.8371  decode.d7.loss_dice: 1.5550  decode.d8.loss_cls: 0.6300  decode.d8.loss_mask: 1.8262  decode.d8.loss_dice: 1.5659
2026/09/18 15:13:44 - mmengine - INFO - Iter(train) [ 200/3000]  base_lr: 6.6555e-05 lr: 6.6555e-06  eta: 0:31:20  time: 0.6564  data_time: 0.0134  memory: 5836  grad_norm: 649.1001  loss: 43.9140  decode.loss_cls: 0.6251  decode.loss_mask: 1.9252  decode.loss_dice: 1.5847  decode.d0.loss_cls: 2.2990  decode.d0.loss_mask: 1.9738  decode.d0.loss_dice: 1.7684  decode.d1.loss_cls: 0.5000  decode.d1.loss_mask: 2.0155  decode.d1.loss_dice: 1.6904  decode.d2.loss_cls: 0.3972  decode.d2.loss_mask: 2.0943  decode.d2.loss_dice: 1.6891  decode.d3.loss_cls: 0.3874  decode.d3.loss_mask: 2.0627  decode.d3.loss_dice: 1.6607  decode.d4.loss_cls: 0.3222  decode.d4.loss_mask: 2.1704  decode.d4.loss_dice: 1.6818  decode.d5.loss_cls: 0.4436  decode.d5.loss_mask: 2.1212  decode.d5.loss_dice: 1.6347  decode.d6.loss_cls: 0.4401  decode.d6.loss_mask: 2.1230  decode.d6.loss_dice: 1.5933  decode.d7.loss_cls: 0.4546  decode.d7.loss_mask: 2.1208  decode.d7.loss_dice: 1.7105  decode.d8.loss_cls: 0.4834  decode.d8.loss_mask: 2.1905  decode.d8.loss_dice: 1.7506
2026/09/18 15:14:17 - mmengine - INFO - Iter(train) [ 250/3000]  base_lr: 8.3278e-05 lr: 8.3278e-06  eta: 0:30:40  time: 0.6646  data_time: 0.0142  memory: 5836  grad_norm: 815.9100  loss: 52.5718  decode.loss_cls: 0.7100  decode.loss_mask: 2.7295  decode.loss_dice: 1.8200  decode.d0.loss_cls: 2.2812  decode.d0.loss_mask: 2.5418  decode.d0.loss_dice: 1.7710  decode.d1.loss_cls: 0.5198  decode.d1.loss_mask: 2.6806  decode.d1.loss_dice: 1.8195  decode.d2.loss_cls: 0.4390  decode.d2.loss_mask: 2.7749  decode.d2.loss_dice: 1.8135  decode.d3.loss_cls: 0.5512  decode.d3.loss_mask: 2.7125  decode.d3.loss_dice: 1.8300  decode.d4.loss_cls: 0.4087  decode.d4.loss_mask: 2.7905  decode.d4.loss_dice: 1.7877  decode.d5.loss_cls: 0.6349  decode.d5.loss_mask: 2.6560  decode.d5.loss_dice: 1.8058  decode.d6.loss_cls: 0.6199  decode.d6.loss_mask: 2.6754  decode.d6.loss_dice: 1.8082  decode.d7.loss_cls: 0.6352  decode.d7.loss_mask: 2.7281  decode.d7.loss_dice: 1.8752  decode.d8.loss_cls: 0.6996  decode.d8.loss_mask: 2.6466  decode.d8.loss_dice: 1.8053
2026/09/18 15:14:50 - mmengine - INFO - Iter(train) [ 300/3000]  base_lr: 1.0000e-04 lr: 1.0000e-05  eta: 0:30:03  time: 0.6611  data_time: 0.0135  memory: 5836  grad_norm: 738.6191  loss: 42.6320  decode.loss_cls: 0.4704  decode.loss_mask: 2.1637  decode.loss_dice: 1.5560  decode.d0.loss_cls: 2.2440  decode.d0.loss_mask: 2.0877  decode.d0.loss_dice: 1.6786  decode.d1.loss_cls: 0.3597  decode.d1.loss_mask: 2.1099  decode.d1.loss_dice: 1.6455  decode.d2.loss_cls: 0.3035  decode.d2.loss_mask: 2.0740  decode.d2.loss_dice: 1.6574  decode.d3.loss_cls: 0.3419  decode.d3.loss_mask: 2.0982  decode.d3.loss_dice: 1.5814  decode.d4.loss_cls: 0.3697  decode.d4.loss_mask: 2.1123  decode.d4.loss_dice: 1.5601  decode.d5.loss_cls: 0.3532  decode.d5.loss_mask: 2.0672  decode.d5.loss_dice: 1.6331  decode.d6.loss_cls: 0.3597  decode.d6.loss_mask: 2.1053  decode.d6.loss_dice: 1.6120  decode.d7.loss_cls: 0.3462  decode.d7.loss_mask: 2.1532  decode.d7.loss_dice: 1.6010  decode.d8.loss_cls: 0.4180  decode.d8.loss_mask: 2.0772  decode.d8.loss_dice: 1.4917
2026/09/18 15:15:23 - mmengine - INFO - Iter(train) [ 350/3000]  base_lr: 9.8365e-05 lr: 9.8365e-06  eta: 0:29:28  time: 0.6659  data_time: 0.0138  memory: 5836  grad_norm: 820.9781  loss: 45.3423  decode.loss_cls: 0.4535  decode.loss_mask: 2.3039  decode.loss_dice: 1.6253  decode.d0.loss_cls: 2.1902  decode.d0.loss_mask: 2.1613  decode.d0.loss_dice: 1.6784  decode.d1.loss_cls: 0.3979  decode.d1.loss_mask: 2.4084  decode.d1.loss_dice: 1.6948  decode.d2.loss_cls: 0.3431  decode.d2.loss_mask: 2.3847  decode.d2.loss_dice: 1.6413  decode.d3.loss_cls: 0.3208  decode.d3.loss_mask: 2.3718  decode.d3.loss_dice: 1.6254  decode.d4.loss_cls: 0.3460  decode.d4.loss_mask: 2.4129  decode.d4.loss_dice: 1.6493  decode.d5.loss_cls: 0.3746  decode.d5.loss_mask: 2.3364  decode.d5.loss_dice: 1.6712  decode.d6.loss_cls: 0.3708  decode.d6.loss_mask: 2.3724  decode.d6.loss_dice: 1.6529  decode.d7.loss_cls: 0.4141  decode.d7.loss_mask: 2.2949  decode.d7.loss_dice: 1.5733  decode.d8.loss_cls: 0.4208  decode.d8.loss_mask: 2.2724  decode.d8.loss_dice: 1.5795
2026/09/18 15:15:56 - mmengine - INFO - Iter(train) [ 400/3000]  base_lr: 9.6693e-05 lr: 9.6693e-06  eta: 0:28:55  time: 0.6583  data_time: 0.0138  memory: 5836  grad_norm: 715.3624  loss: 37.0690  decode.loss_cls: 0.3534  decode.loss_mask: 1.9454  decode.loss_dice: 1.2649  decode.d0.loss_cls: 2.1320  decode.d0.loss_mask: 1.8175  decode.d0.loss_dice: 1.3557  decode.d1.loss_cls: 0.2462  decode.d1.loss_mask: 1.9503  decode.d1.loss_dice: 1.3232  decode.d2.loss_cls: 0.2141  decode.d2.loss_mask: 1.9821  decode.d2.loss_dice: 1.3297  decode.d3.loss_cls: 0.2360  decode.d3.loss_mask: 1.9886  decode.d3.loss_dice: 1.3070  decode.d4.loss_cls: 0.2479  decode.d4.loss_mask: 1.9821  decode.d4.loss_dice: 1.3096  decode.d5.loss_cls: 0.2960  decode.d5.loss_mask: 1.9190  decode.d5.loss_dice: 1.2280  decode.d6.loss_cls: 0.2837  decode.d6.loss_mask: 2.0005  decode.d6.loss_dice: 1.2592  decode.d7.loss_cls: 0.3195  decode.d7.loss_mask: 1.9488  decode.d7.loss_dice: 1.3451  decode.d8.loss_cls: 0.3507  decode.d8.loss_mask: 1.9127  decode.d8.loss_dice: 1.2201
2026/09/18 15:16:29 - mmengine - INFO - Iter(train) [ 450/3000]  base_lr: 9.5017e-05 lr: 9.5017e-06  eta: 0:28:20  time: 0.6590  data_time: 0.0131  memory: 5836  grad_norm: 718.5216  loss: 42.5064  decode.loss_cls: 0.4515  decode.loss_mask: 2.1736  decode.loss_dice: 1.5407  decode.d0.loss_cls: 2.0952  decode.d0.loss_mask: 2.0465  decode.d0.loss_dice: 1.5496  decode.d1.loss_cls: 0.2906  decode.d1.loss_mask: 2.1780  decode.d1.loss_dice: 1.5305  decode.d2.loss_cls: 0.2216  decode.d2.loss_mask: 2.2129  decode.d2.loss_dice: 1.5290  decode.d3.loss_cls: 0.2478  decode.d3.loss_mask: 2.2887  decode.d3.loss_dice: 1.5868  decode.d4.loss_cls: 0.2493  decode.d4.loss_mask: 2.2274  decode.d4.loss_dice: 1.5372  decode.d5.loss_cls: 0.3792  decode.d5.loss_mask: 2.2109  decode.d5.loss_dice: 1.6001  decode.d6.loss_cls: 0.3931  decode.d6.loss_mask: 2.1736  decode.d6.loss_dice: 1.4920  decode.d7.loss_cls: 0.3832  decode.d7.loss_mask: 2.2308  decode.d7.loss_dice: 1.5206  decode.d8.loss_cls: 0.4410  decode.d8.loss_mask: 2.1906  decode.d8.loss_dice: 1.5344
2026/09/18 15:17:02 - mmengine - INFO - Iter(train) [ 500/3000]  base_lr: 9.3339e-05 lr: 9.3339e-06  eta: 0:27:45  time: 0.6647  data_time: 0.0137  memory: 5836  grad_norm: 973.5576  loss: 44.6567  decode.loss_cls: 0.6528  decode.loss_mask: 2.2245  decode.loss_dice: 1.4164  decode.d0.loss_cls: 2.0552  decode.d0.loss_mask: 2.2645  decode.d0.loss_dice: 1.5794  decode.d1.loss_cls: 0.4425  decode.d1.loss_mask: 2.3039  decode.d1.loss_dice: 1.5629  decode.d2.loss_cls: 0.4723  decode.d2.loss_mask: 2.2963  decode.d2.loss_dice: 1.5179  decode.d3.loss_cls: 0.4522  decode.d3.loss_mask: 2.2879  decode.d3.loss_dice: 1.4889  decode.d4.loss_cls: 0.4318  decode.d4.loss_mask: 2.4055  decode.d4.loss_dice: 1.4897  decode.d5.loss_cls: 0.5144  decode.d5.loss_mask: 2.3151  decode.d5.loss_dice: 1.5166  decode.d6.loss_cls: 0.4842  decode.d6.loss_mask: 2.3671  decode.d6.loss_dice: 1.5308  decode.d7.loss_cls: 0.4624  decode.d7.loss_mask: 2.3632  decode.d7.loss_dice: 1.4958  decode.d8.loss_cls: 0.5872  decode.d8.loss_mask: 2.2492  decode.d8.loss_dice: 1.4261
2026/09/18 15:17:02 - mmengine - INFO - Saving checkpoint at 500 iterations
