2026/09/23 12:03:33 - mmengine - INFO - 
------------------------------------------------------------
System environment:
    sys.platform: linux
    Python: 3.10.13 (main, Sep 11 2023, 13:44:35) [GCC 11.2.0]
    CUDA available: True
    MUSA available: False
    numpy_random_seed: 42
    GPU 0: NVIDIA L4
    CUDA_HOME: /usr/local/cuda
    NVCC: Cuda compilation tools, release 12.1, V12.1.105
    GCC: gcc (Ubuntu 9.4.0-1ubuntu1~20.04.2) 9.4.0
    PyTorch: 2.1.2
    PyTorch compiling details: PyTorch built with:
  - GCC 9.3
  - C++ Version: 201703
  - Intel(R) oneAPI Math Kernel Library Version 2023.1-Product Build 20230303 for Intel(R) 64 architecture applications
  - Intel(R) MKL-DNN v3.1.1 (Git Hash 64f6bcbcbab628e96f33a62c3e975f8535a7bde4)
  - OpenMP 201511 (a.k.a. OpenMP 4.5)
  - LAPACK is enabled (usually provided by MKL)
  - NNPACK is enabled
  - CPU capability usage: AVX512
  - CUDA Runtime 12.1
  - NVCC architecture flags: -gencode;arch=compute_50,code=sm_50;-gencode;arch=compute_60,code=sm_60;-gencode;arch=compute_61,code=sm_61;-gencode;arch=compute_70,code=sm_70;-gencode;arch=compute_75,code=sm_75;-gencode;arch=compute_80,code=sm_80;-gencode;arch=compute_86,code=sm_86;-gencode;arch=compute_90,code=sm_90
  - CuDNN 8.9.2
  - Magma 2.6.1
  - Build settings: BLAS_INFO=mkl, BUILD_TYPE=Release, CUDA_VERSION=12.1, CUDNN_VERSION=8.9.2, CXX_COMPILER=/opt/rh/devtoolset-9/root/usr/bin/c++, CXX_FLAGS= -D_GLIBCXX_USE_CXX11_ABI=0 -fabi-version=11 -fvisibility-inlines-hidden -DUSE_PTHREADPOOL -DNDEBUG -DUSE_KINETO -DLIBKINETO_NOROCTRACER -DUSE_FBGEMM -DUSE_QNNPACK -DUSE_PYTORCH_QNNPACK -DUSE_XNNPACK -DSYMBOLICATE_MOBILE_DEBUG_HANDLE -O2 -fPIC -Wall -Wextra -Werror=return-type -Werror=non-virtual-dtor -Werror=bool-operation -Wnarrowing -Wno-missing-field-initializers -Wno-type-limits -Wno-array-bounds -Wno-unknown-pragmas -Wno-unused-parameter -Wno-unused-function -Wno-unused-result -Wno-strict-overflow -Wno-strict-aliasing -Wno-stringop-overflow -Wno-psabi -Wno-error=pedantic -Wno-error=old-style-cast -Wno-invalid-partial-specialization -Wno-unused-private-field -Wno-aligned-allocation-unavailable -Wno-missing-braces -fdiagnostics-color=always -faligned-new -Wno-unused-but-set-variable -Wno-maybe-uninitialized -fno-math-errno -fno-trapping-math -Werror=format -Werror=cast-function-type -Wno-stringop-overflow, LAPACK_INFO=mkl, PERF_WITH_AVX=1, PERF_WITH_AVX2=1, PERF_WITH_AVX512=1, TORCH_DISABLE_GPU_ASSERTS=ON, TORCH_VERSION=2.1.2, USE_CUDA=ON, USE_CUDNN=ON, USE_EXCEPTION_PTR=1, USE_GFLAGS=OFF, USE_GLOG=OFF, USE_MKL=ON, USE_MKLDNN=ON, USE_MPI=OFF, USE_NCCL=ON, USE_NNPACK=ON, USE_OPENMP=ON, USE_ROCM=OFF, 

    TorchVision: 0.16.2
    OpenCV: 4.9.0
    MMEngine: 0.10.7

Runtime environment:
    cudnn_benchmark: False
    dist_cfg: {'backend': 'nccl'}
    mp_cfg: {'mp_start_method': 'fork', 'opencv_num_threads': 0}
    deterministic: True
    seed: 42
    Distributed launcher: none
    Distributed training: False
    GPU number: 1
------------------------------------------------------------

2026/09/23 12:03:34 - mmengine - INFO - Config:
auto_scale_lr = dict(base_batch_size=8, enable=False)
checkpoint = 'https://download.openmmlab.com/mmsegmentation/v0.5/pretrain/segformer/mit_b2_20220624-66e8bf70.pth'
crop_size = (
    1024,
    1024,
)
custom_hooks = [
    dict(
        min_delta=0.1,
        monitor='binary/Foreground_IoU',
        patience=5,
        rule='greater',
        strict=True,
        type='EarlyStoppingHook'),
]
custom_imports = dict(
    allow_failed_imports=False, imports=[
        'wwtpseg',
        'mmdet.models',
    ])
data_preprocessor = dict(
    bgr_to_rgb=False,
    pad_val=0,
    seg_pad_val=255,
    size=(
        1024,
        1024,
    ),
    test_cfg=dict(size_divisor=32),
    type='SegDataPreProcessor')
data_root = '/workspace/wwtp_semantic_dataset'
dataset_type = 'WWTPDataset'
default_hooks = dict(
    checkpoint=dict(
        by_epoch=False,
        interval=2000,
        max_keep_ckpts=3,
        rule='greater',
        save_best='binary/Foreground_IoU',
        type='CheckpointHook'),
    logger=dict(interval=50, log_metric_by_epoch=False, type='LoggerHook'),
    param_scheduler=dict(type='ParamSchedulerHook'),
    sampler_seed=dict(type='DistSamplerSeedHook'),
    timer=dict(type='IterTimerHook'),
    visualization=dict(type='SegVisualizationHook'))
default_scope = 'mmseg'
env_cfg = dict(
    cudnn_benchmark=False,
    dist_cfg=dict(backend='nccl'),
    mp_cfg=dict(mp_start_method='fork', opencv_num_threads=0))
launcher = 'none'
load_from = '/workspace/work_dirs/rpgv_v2_paper_reuse/paper_reuse/seed_42/no_rgr/stage2_geometry/best_binary_Foreground_IoU_iter_20000.pth'
log_level = 'INFO'
log_processor = dict(by_epoch=False)
metrics = [
    dict(
        iou_metrics=[
            'mIoU',
            'mDice',
            'mFscore',
        ],
        nan_to_num=0,
        type='IoUMetric'),
    dict(boundary_tolerance=3, pixel_size_m=0.5, type='BinaryBoundaryMetric'),
]
model = dict(
    coarse_loss_weight=0.3,
    component_cfg=dict(
        boundary_fusion=True,
        boundary_refinement=True,
        depth_rectification=False,
        detail_refinement=True,
        frequency_validation=True,
        learned_reliability=False,
        region_fusion=True,
        reliability_weighting=True),
    contour_truncation=10.0,
    correction_scale=0.1,
    correction_smoothness_weight=0.02,
    data_preprocessor=dict(
        bgr_to_rgb=False,
        pad_val=0,
        seg_pad_val=255,
        size=(
            1024,
            1024,
        ),
        test_cfg=dict(size_divisor=32),
        type='SegDataPreProcessor'),
    decoder_channels=64,
    detail_channels=24,
    geometry_channels=[
        32,
        64,
        128,
        256,
    ],
    geometry_dropout_prob=0.15,
    global_thumbnail_size=512,
    loss_weights=dict(
        boundary=0.2,
        equivariance=0.05,
        final=1.0,
        geometry=0.2,
        preserve=0.05,
        reliability=0.05,
        rgb=0.3,
        sdf=0.1),
    max_correction_scale=0.25,
    max_logit_correction=2.0,
    max_offset=2.0,
    region_loss_weight=0.1,
    rgb_channels=[
        64,
        128,
        320,
        512,
    ],
    rgb_encoder=dict(
        attn_drop_rate=0.0,
        drop_path_rate=0.1,
        drop_rate=0.0,
        embed_dims=64,
        in_channels=3,
        init_cfg=dict(
            checkpoint=
            'https://download.openmmlab.com/mmsegmentation/v0.5/pretrain/segformer/mit_b2_20220624-66e8bf70.pth',
            type='Pretrained'),
        mlp_ratio=4,
        num_heads=[
            1,
            2,
            5,
            8,
        ],
        num_layers=[
            3,
            4,
            6,
            3,
        ],
        num_stages=4,
        out_indices=(
            0,
            1,
            2,
            3,
        ),
        patch_sizes=[
            7,
            3,
            3,
            3,
        ],
        qkv_bias=True,
        sr_ratios=[
            8,
            4,
            2,
            1,
        ],
        type='MixVisionTransformer'),
    sdf_truncation=5.0,
    test_cfg=dict(crop_size=(
        1024,
        1024,
    ), mode='slide', stride=(
        768,
        768,
    )),
    train_cfg=dict(),
    training_stage='joint',
    type='RPGVNetV2',
    use_contour=True,
    use_global_context=True,
    validation_channels=32)
norm_cfg = dict(requires_grad=True, type='SyncBN')
optim_wrapper = dict(
    accumulative_counts=8,
    clip_grad=dict(max_norm=10.0, norm_type=2),
    loss_scale='dynamic',
    optimizer=dict(
        betas=(
            0.9,
            0.999,
        ), lr=0.0006, type='AdamW', weight_decay=0.01),
    paramwise_cfg=dict(
        custom_keys=dict(
            decoder=dict(lr_mult=0.25),
            detail_refiner=dict(lr_mult=0.25),
            global_film=dict(lr_mult=0.25),
            norm=dict(decay_mult=0.0),
            refiner=dict(lr_mult=0.25),
            rgb_aux_head=dict(lr_mult=0.25),
            rgb_boundary_head=dict(lr_mult=0.25),
            rgb_encoder=dict(lr_mult=0.1)),
        norm_decay_mult=0.0),
    type='AmpOptimWrapper')
param_scheduler = [
    dict(
        begin=0, by_epoch=False, end=1500, start_factor=1e-06,
        type='LinearLR'),
    dict(
        begin=1500,
        by_epoch=False,
        end=40000,
        eta_min=0.0,
        power=0.9,
        type='PolyLR'),
]
pseudo_root = '/workspace/wwtp_semantic_dataset/pseudo_geometry'
randomness = dict(deterministic=True, seed=42)
resume = False
test_cfg = dict(type='TestLoop')
test_dataloader = dict(
    batch_size=1,
    dataset=dict(
        data_prefix=dict(
            img_path='images/test', seg_map_path='annotations/test'),
        data_root='/workspace/wwtp_semantic_dataset',
        pipeline=[
            dict(type='LoadImageFromFile'),
            dict(type='LoadAnnotations'),
            dict(size=(
                512,
                512,
            ), type='GenerateGlobalThumbnail'),
            dict(
                pseudo_root='/workspace/wwtp_semantic_dataset/pseudo_geometry',
                required=True,
                type='LoadPseudoGeometry'),
            dict(type='PackRPGVInputs'),
        ],
        type='WWTPDataset'),
    num_workers=2,
    persistent_workers=True,
    sampler=dict(shuffle=False, type='DefaultSampler'))
test_evaluator = [
    dict(
        iou_metrics=[
            'mIoU',
            'mDice',
            'mFscore',
        ],
        nan_to_num=0,
        type='IoUMetric'),
    dict(boundary_tolerance=3, pixel_size_m=0.5, type='BinaryBoundaryMetric'),
]
test_pipeline = [
    dict(type='LoadImageFromFile'),
    dict(type='LoadAnnotations'),
    dict(size=(
        512,
        512,
    ), type='GenerateGlobalThumbnail'),
    dict(
        pseudo_root='/workspace/wwtp_semantic_dataset/pseudo_geometry',
        required=True,
        type='LoadPseudoGeometry'),
    dict(type='PackRPGVInputs'),
]
train_cfg = dict(max_iters=40000, type='IterBasedTrainLoop', val_interval=2000)
train_dataloader = dict(
    batch_size=1,
    dataset=dict(
        data_prefix=dict(
            img_path='images/train', seg_map_path='annotations/train'),
        data_root='/workspace/wwtp_semantic_dataset',
        pipeline=[
            dict(type='LoadImageFromFile'),
            dict(type='LoadAnnotations'),
            dict(type='PhotoMetricDistortion'),
            dict(size=(
                512,
                512,
            ), type='GenerateGlobalThumbnail'),
            dict(
                pseudo_root='/workspace/wwtp_semantic_dataset/pseudo_geometry',
                required=True,
                type='LoadPseudoGeometry'),
            dict(
                keep_ratio=True,
                ratio_range=(
                    0.5,
                    1.5,
                ),
                scale=(
                    2048,
                    2048,
                ),
                type='RandomResize'),
            dict(
                degree=180,
                pad_val=0,
                prob=0.5,
                seg_pad_val=255,
                type='RandomRotate'),
            dict(
                crop_size=(
                    1024,
                    1024,
                ),
                edge_margin_ratio=0.15,
                foreground_label=1,
                foreground_prob=0.8,
                min_foreground_pixels=64,
                type='RandomForegroundCrop'),
            dict(
                direction=[
                    'horizontal',
                    'vertical',
                    'diagonal',
                ],
                prob=0.75,
                type='RandomFlip'),
            dict(prob=0.3, type='RandomPseudoGeometryCorruption'),
            dict(type='PackRPGVInputs'),
        ],
        type='WWTPDataset'),
    num_workers=4,
    persistent_workers=True,
    sampler=dict(shuffle=True, type='InfiniteSampler'))
train_pipeline = [
    dict(type='LoadImageFromFile'),
    dict(type='LoadAnnotations'),
    dict(type='PhotoMetricDistortion'),
    dict(size=(
        512,
        512,
    ), type='GenerateGlobalThumbnail'),
    dict(
        pseudo_root='/workspace/wwtp_semantic_dataset/pseudo_geometry',
        required=True,
        type='LoadPseudoGeometry'),
    dict(
        keep_ratio=True,
        ratio_range=(
            0.5,
            1.5,
        ),
        scale=(
            2048,
            2048,
        ),
        type='RandomResize'),
    dict(
        degree=180, pad_val=0, prob=0.5, seg_pad_val=255, type='RandomRotate'),
    dict(
        crop_size=(
            1024,
            1024,
        ),
        edge_margin_ratio=0.15,
        foreground_label=1,
        foreground_prob=0.8,
        min_foreground_pixels=64,
        type='RandomForegroundCrop'),
    dict(
        direction=[
            'horizontal',
            'vertical',
            'diagonal',
        ],
        prob=0.75,
        type='RandomFlip'),
    dict(prob=0.3, type='RandomPseudoGeometryCorruption'),
    dict(type='PackRPGVInputs'),
]
val_cfg = dict(type='ValLoop')
val_dataloader = dict(
    batch_size=1,
    dataset=dict(
        data_prefix=dict(
            img_path='images/val', seg_map_path='annotations/val'),
        data_root='/workspace/wwtp_semantic_dataset',
        pipeline=[
            dict(type='LoadImageFromFile'),
            dict(type='LoadAnnotations'),
            dict(size=(
                512,
                512,
            ), type='GenerateGlobalThumbnail'),
            dict(
                pseudo_root='/workspace/wwtp_semantic_dataset/pseudo_geometry',
                required=True,
                type='LoadPseudoGeometry'),
            dict(type='PackRPGVInputs'),
        ],
        type='WWTPDataset'),
    num_workers=2,
    persistent_workers=True,
    sampler=dict(shuffle=False, type='DefaultSampler'))
val_evaluator = [
    dict(
        iou_metrics=[
            'mIoU',
            'mDice',
            'mFscore',
        ],
        nan_to_num=0,
        type='IoUMetric'),
    dict(boundary_tolerance=3, pixel_size_m=0.5, type='BinaryBoundaryMetric'),
]
vis_backends = [
    dict(type='LocalVisBackend'),
]
visualizer = dict(
    name='visualizer',
    type='SegLocalVisualizer',
    vis_backends=[
        dict(type='LocalVisBackend'),
    ])
work_dir = '/workspace/work_dirs/rpgv_v2_paper_reuse/paper_reuse/seed_42/no_rgr/stage3_joint'

2026/09/23 12:03:36 - mmengine - INFO - Distributed training is not used, all SyncBatchNorm (SyncBN) layers in the model will be automatically reverted to BatchNormXd layers if they are used.
2026/09/23 12:03:36 - mmengine - INFO - Hooks will be executed in the following order:
before_run:
(VERY_HIGH   ) RuntimeInfoHook                    
(BELOW_NORMAL) LoggerHook                         
(LOWEST      ) EarlyStoppingHook                  
 -------------------- 
before_train:
(VERY_HIGH   ) RuntimeInfoHook                    
(NORMAL      ) IterTimerHook                      
(VERY_LOW    ) CheckpointHook                     
 -------------------- 
before_train_epoch:
(VERY_HIGH   ) RuntimeInfoHook                    
(NORMAL      ) IterTimerHook                      
(NORMAL      ) DistSamplerSeedHook                
 -------------------- 
before_train_iter:
(VERY_HIGH   ) RuntimeInfoHook                    
(NORMAL      ) IterTimerHook                      
 -------------------- 
after_train_iter:
(VERY_HIGH   ) RuntimeInfoHook                    
(NORMAL      ) IterTimerHook                      
(NORMAL      ) SegVisualizationHook               
(BELOW_NORMAL) LoggerHook                         
(LOW         ) ParamSchedulerHook                 
(VERY_LOW    ) CheckpointHook                     
 -------------------- 
after_train_epoch:
(NORMAL      ) IterTimerHook                      
(LOW         ) ParamSchedulerHook                 
(VERY_LOW    ) CheckpointHook                     
 -------------------- 
before_val:
(VERY_HIGH   ) RuntimeInfoHook                    
 -------------------- 
before_val_epoch:
(NORMAL      ) IterTimerHook                      
 -------------------- 
before_val_iter:
(NORMAL      ) IterTimerHook                      
 -------------------- 
after_val_iter:
(NORMAL      ) IterTimerHook                      
(NORMAL      ) SegVisualizationHook               
(BELOW_NORMAL) LoggerHook                         
 -------------------- 
after_val_epoch:
(VERY_HIGH   ) RuntimeInfoHook                    
(NORMAL      ) IterTimerHook                      
(BELOW_NORMAL) LoggerHook                         
(LOW         ) ParamSchedulerHook                 
(VERY_LOW    ) CheckpointHook                     
(LOWEST      ) EarlyStoppingHook                  
 -------------------- 
after_val:
(VERY_HIGH   ) RuntimeInfoHook                    
 -------------------- 
after_train:
(VERY_HIGH   ) RuntimeInfoHook                    
(VERY_LOW    ) CheckpointHook                     
 -------------------- 
before_test:
(VERY_HIGH   ) RuntimeInfoHook                    
 -------------------- 
before_test_epoch:
(NORMAL      ) IterTimerHook                      
 -------------------- 
before_test_iter:
(NORMAL      ) IterTimerHook                      
 -------------------- 
after_test_iter:
(NORMAL      ) IterTimerHook                      
(NORMAL      ) SegVisualizationHook               
(BELOW_NORMAL) LoggerHook                         
 -------------------- 
after_test_epoch:
(VERY_HIGH   ) RuntimeInfoHook                    
(NORMAL      ) IterTimerHook                      
(BELOW_NORMAL) LoggerHook                         
 -------------------- 
after_test:
(VERY_HIGH   ) RuntimeInfoHook                    
 -------------------- 
after_run:
(BELOW_NORMAL) LoggerHook                         
 -------------------- 
2026/09/23 12:03:37 - mmengine - INFO - paramwise_options -- rgb_encoder.layers.0.0.projection.weight:lr=5.9999999999999995e-05
2026/09/23 12:03:37 - mmengine - INFO - paramwise_options -- rgb_encoder.layers.0.0.projection.weight:weight_decay=0.01
2026/09/23 12:03:37 - mmengine - INFO - paramwise_options -- rgb_encoder.layers.0.0.projection.weight:lr_mult=0.1
2026/09/23 12:03:37 - mmengine - INFO - paramwise_options -- rgb_encoder.layers.0.0.projection.bias:lr=5.9999999999999995e-05
2026/09/23 12:03:37 - mmengine - INFO - paramwise_options -- rgb_encoder.layers.0.0.projection.bias:weight_decay=0.01
2026/09/23 12:03:37 - mmengine - INFO - paramwise_options -- rgb_encoder.layers.0.0.projection.bias:lr_mult=0.1
2026/09/23 12:03:37 - mmengine - INFO - paramwise_options -- rgb_encoder.layers.0.0.norm.weight:lr=5.9999999999999995e-05
2026/09/23 12:03:37 - mmengine - INFO - paramwise_options -- rgb_encoder.layers.0.0.norm.weight:weight_decay=0.01
2026/09/23 12:03:37 - mmengine - INFO - paramwise_options -- rgb_encoder.layers.0.0.norm.weight:lr_mult=0.1
2026/09/23 12:03:37 - mmengine - INFO - paramwise_options -- rgb_encoder.layers.0.0.norm.bias:lr=5.9999999999999995e-05
2026/09/23 12:03:37 - mmengine - INFO - paramwise_options -- rgb_encoder.layers.0.0.norm.bias:weight_decay=0.01
2026/09/23 12:03:37 - mmengine - INFO - paramwise_options -- rgb_encoder.layers.0.0.norm.bias:lr_mult=0.1
2026/09/23 12:03:37 - mmengine - INFO - paramwise_options -- rgb_encoder.layers.0.1.0.norm1.weight:lr=5.9999999999999995e-05
2026/09/23 12:03:37 - mmengine - INFO - paramwise_options -- rgb_encoder.layers.0.1.0.norm1.weight:weight_decay=0.01
2026/09/23 12:03:37 - mmengine - INFO - paramwise_options -- rgb_encoder.layers.0.1.0.norm1.weight:lr_mult=0.1
2026/09/23 12:03:37 - mmengine - INFO - paramwise_options -- rgb_encoder.layers.0.1.0.norm1.bias:lr=5.9999999999999995e-05
2026/09/23 12:03:37 - mmengine - INFO - paramwise_options -- rgb_encoder.layers.0.1.0.norm1.bias:weight_decay=0.01
2026/09/23 12:03:37 - mmengine - INFO - paramwise_options -- rgb_encoder.layers.0.1.0.norm1.bias:lr_mult=0.1
2026/09/23 12:03:37 - mmengine - INFO - paramwise_options -- rgb_encoder.layers.0.1.0.attn.attn.in_proj_weight:lr=5.9999999999999995e-05
2026/09/23 12:03:37 - mmengine - INFO - paramwise_options -- rgb_encoder.layers.0.1.0.attn.attn.in_proj_weight:weight_decay=0.01
2026/09/23 12:03:37 - mmengine - INFO - paramwise_options -- rgb_encoder.layers.0.1.0.attn.attn.in_proj_weight:lr_mult=0.1
2026/09/23 12:03:37 - mmengine - INFO - paramwise_options -- rgb_encoder.layers.0.1.0.attn.attn.in_proj_bias:lr=5.9999999999999995e-05
2026/09/23 12:03:37 - mmengine - INFO - paramwise_options -- rgb_encoder.layers.0.1.0.attn.attn.in_proj_bias:weight_decay=0.01
2026/09/23 12:03:37 - mmengine - INFO - paramwise_options -- rgb_encoder.layers.0.1.0.attn.attn.in_proj_bias:lr_mult=0.1
2026/09/23 12:03:37 - mmengine - INFO - paramwise_options -- rgb_encoder.layers.0.1.0.attn.attn.out_proj.weight:lr=5.9999999999999995e-05
2026/09/23 12:03:37 - mmengine - INFO - paramwise_options -- rgb_encoder.layers.0.1.0.attn.attn.out_proj.weight:weight_decay=0.01
2026/09/23 12:03:37 - mmengine - INFO - paramwise_options -- rgb_encoder.layers.0.1.0.attn.attn.out_proj.weight:lr_mult=0.1
2026/09/23 12:03:37 - mmengine - INFO - paramwise_options -- rgb_encoder.layers.0.1.0.attn.attn.out_proj.bias:lr=5.9999999999999995e-05
2026/09/23 12:03:37 - mmengine - INFO - paramwise_options -- rgb_encoder.layers.0.1.0.attn.attn.out_proj.bias:weight_decay=0.01
2026/09/23 12:03:37 - mmengine - INFO - paramwise_options -- rgb_encoder.layers.0.1.0.attn.attn.out_proj.bias:lr_mult=0.1
2026/09/23 12:03:37 - mmengine - INFO - paramwise_options -- rgb_encoder.layers.0.1.0.attn.sr.weight:lr=5.9999999999999995e-05
2026/09/23 12:03:37 - mmengine - INFO - paramwise_options -- rgb_encoder.layers.0.1.0.attn.sr.weight:weight_decay=0.01
2026/09/23 12:03:37 - mmengine - INFO - paramwise_options -- rgb_encoder.layers.0.1.0.attn.sr.weight:lr_mult=0.1
2026/09/23 12:03:37 - mmengine - INFO - paramwise_options -- rgb_encoder.layers.0.1.0.attn.sr.bias:lr=5.9999999999999995e-05
2026/09/23 12:03:37 - mmengine - INFO - paramwise_options -- rgb_encoder.layers.0.1.0.attn.sr.bias:weight_decay=0.01
2026/09/23 12:03:37 - mmengine - INFO - paramwise_options -- rgb_encoder.layers.0.1.0.attn.sr.bias:lr_mult=0.1
2026/09/23 12:03:37 - mmengine - INFO - paramwise_options -- rgb_encoder.layers.0.1.0.attn.norm.weight:lr=5.9999999999999995e-05
2026/09/23 12:03:37 - mmengine - INFO - paramwise_options -- rgb_encoder.layers.0.1.0.attn.norm.weight:weight_decay=0.01
2026/09/23 12:03:37 - mmengine - INFO - paramwise_options -- rgb_encoder.layers.0.1.0.attn.norm.weight:lr_mult=0.1
2026/09/23 12:03:37 - mmengine - INFO - paramwise_options -- rgb_encoder.layers.0.1.0.attn.norm.bias:lr=5.9999999999999995e-05
2026/09/23 12:03:37 - mmengine - INFO - paramwise_options -- rgb_encoder.layers.0.1.0.attn.norm.bias:weight_decay=0.01
2026/09/23 12:03:37 - mmengine - INFO - paramwise_options -- rgb_encoder.layers.0.1.0.attn.norm.bias:lr_mult=0.1
2026/09/23 12:03:37 - mmengine - INFO - paramwise_options -- rgb_encoder.layers.0.1.0.norm2.weight:lr=5.9999999999999995e-05
2026/09/23 12:03:37 - mmengine - INFO - paramwise_options -- rgb_encoder.layers.0.1.0.norm2.weight:weight_decay=0.01
2026/09/23 12:03:37 - mmengine - INFO - paramwise_options -- rgb_encoder.layers.0.1.0.norm2.weight:lr_mult=0.1
2026/09/23 12:03:37 - mmengine - INFO - paramwise_options -- rgb_encoder.layers.0.1.0.norm2.bias:lr=5.9999999999999995e-05
2026/09/23 12:03:37 - mmengine - INFO - paramwise_options -- rgb_encoder.layers.0.1.0.norm2.bias:weight_decay=0.01
2026/09/23 12:03:37 - mmengine - INFO - paramwise_options -- rgb_encoder.layers.0.1.0.norm2.bias:lr_mult=0.1
2026/09/23 12:03:37 - mmengine - INFO - paramwise_options -- rgb_encoder.layers.0.1.0.ffn.layers.0.weight:lr=5.9999999999999995e-05
2026/09/23 12:03:37 - mmengine - INFO - paramwise_options -- rgb_encoder.layers.0.1.0.ffn.layers.0.weight:weight_decay=0.01
2026/09/23 12:03:37 - mmengine - INFO - paramwise_options -- rgb_encoder.layers.0.1.0.ffn.layers.0.weight:lr_mult=0.1
2026/09/23 12:03:37 - mmengine - INFO - paramwise_options -- rgb_encoder.layers.0.1.0.ffn.layers.0.bias:lr=5.9999999999999995e-05
2026/09/23 12:03:37 - mmengine - INFO - paramwise_options -- rgb_encoder.layers.0.1.0.ffn.layers.0.bias:weight_decay=0.01
2026/09/23 12:03:37 - mmengine - INFO - paramwise_options -- rgb_encoder.layers.0.1.0.ffn.layers.0.bias:lr_mult=0.1
2026/09/23 12:03:37 - mmengine - INFO - paramwise_options -- rgb_encoder.layers.0.1.0.ffn.layers.1.weight:lr=5.9999999999999995e-05
2026/09/23 12:03:37 - mmengine - INFO - paramwise_options -- rgb_encoder.layers.0.1.0.ffn.layers.1.weight:weight_decay=0.01
2026/09/23 12:03:37 - mmengine - INFO - paramwise_options -- rgb_encoder.layers.0.1.0.ffn.layers.1.weight:lr_mult=0.1
2026/09/23 12:03:37 - mmengine - INFO - paramwise_options -- rgb_encoder.layers.0.1.0.ffn.layers.1.bias:lr=5.9999999999999995e-05
2026/09/23 12:03:37 - mmengine - INFO - paramwise_options -- rgb_encoder.layers.0.1.0.ffn.layers.1.bias:weight_decay=0.01
2026/09/23 12:03:37 - mmengine - INFO - paramwise_options -- rgb_encoder.layers.0.1.0.ffn.layers.1.bias:lr_mult=0.1
2026/09/23 12:03:37 - mmengine - INFO - paramwise_options -- rgb_encoder.layers.0.1.0.ffn.layers.4.weight:lr=5.9999999999999995e-05
2026/09/23 12:03:37 - mmengine - INFO - paramwise_options -- rgb_encoder.layers.0.1.0.ffn.layers.4.weight:weight_decay=0.01
2026/09/23 12:03:37 - mmengine - INFO - paramwise_options -- rgb_encoder.layers.0.1.0.ffn.layers.4.weight:lr_mult=0.1
2026/09/23 12:03:37 - mmengine - INFO - paramwise_options -- rgb_encoder.layers.0.1.0.ffn.layers.4.bias:lr=5.9999999999999995e-05
2026/09/23 12:03:37 - mmengine - INFO - paramwise_options -- rgb_encoder.layers.0.1.0.ffn.layers.4.bias:weight_decay=0.01
2026/09/23 12:03:37 - mmengine - INFO - paramwise_options -- rgb_encoder.layers.0.1.0.ffn.layers.4.bias:lr_mult=0.1
2026/09/23 12:03:37 - mmengine - INFO - paramwise_options -- rgb_encoder.layers.0.1.1.norm1.weight:lr=5.9999999999999995e-05
2026/09/23 12:03:37 - mmengine - INFO - paramwise_options -- rgb_encoder.layers.0.1.1.norm1.weight:weight_decay=0.01
2026/09/23 12:03:37 - mmengine - INFO - paramwise_options -- rgb_encoder.layers.0.1.1.norm1.weight:lr_mult=0.1
2026/09/23 12:03:37 - mmengine - INFO - paramwise_options -- rgb_encoder.layers.0.1.1.norm1.bias:lr=5.9999999999999995e-05
2026/09/23 12:03:37 - mmengine - INFO - paramwise_options -- rgb_encoder.layers.0.1.1.norm1.bias:weight_decay=0.01
2026/09/23 12:03:37 - mmengine - INFO - paramwise_options -- rgb_encoder.layers.0.1.1.norm1.bias:lr_mult=0.1
2026/09/23 12:03:37 - mmengine - INFO - paramwise_options -- rgb_encoder.layers.0.1.1.attn.attn.in_proj_weight:lr=5.9999999999999995e-05
2026/09/23 12:03:37 - mmengine - INFO - paramwise_options -- rgb_encoder.layers.0.1.1.attn.attn.in_proj_weight:weight_decay=0.01
2026/09/23 12:03:37 - mmengine - INFO - paramwise_options -- rgb_encoder.layers.0.1.1.attn.attn.in_proj_weight:lr_mult=0.1
2026/09/23 12:03:37 - mmengine - INFO - paramwise_options -- rgb_encoder.layers.0.1.1.attn.attn.in_proj_bias:lr=5.9999999999999995e-05
2026/09/23 12:03:37 - mmengine - INFO - paramwise_options -- rgb_encoder.layers.0.1.1.attn.attn.in_proj_bias:weight_decay=0.01
2026/09/23 12:03:37 - mmengine - INFO - paramwise_options -- rgb_encoder.layers.0.1.1.attn.attn.in_proj_bias:lr_mult=0.1
2026/09/23 12:03:37 - mmengine - INFO - paramwise_options -- rgb_encoder.layers.0.1.1.attn.attn.out_proj.weight:lr=5.9999999999999995e-05
2026/09/23 12:03:37 - mmengine - INFO - paramwise_options -- rgb_encoder.layers.0.1.1.attn.attn.out_proj.weight:weight_decay=0.01
2026/09/23 12:03:37 - mmengine - INFO - paramwise_options -- rgb_encoder.layers.0.1.1.attn.attn.out_proj.weight:lr_mult=0.1
2026/09/23 12:03:37 - mmengine - INFO - paramwise_options -- rgb_encoder.layers.0.1.1.attn.attn.out_proj.bias:lr=5.9999999999999995e-05
2026/09/23 12:03:37 - mmengine - INFO - paramwise_options -- rgb_encoder.layers.0.1.1.attn.attn.out_proj.bias:weight_decay=0.01
2026/09/23 12:03:37 - mmengine - INFO - paramwise_options -- rgb_encoder.layers.0.1.1.attn.attn.out_proj.bias:lr_mult=0.1
2026/09/23 12:03:37 - mmengine - INFO - paramwise_options -- rgb_encoder.layers.0.1.1.attn.sr.weight:lr=5.9999999999999995e-05
2026/09/23 12:03:37 - mmengine - INFO - paramwise_options -- rgb_encoder.layers.0.1.1.attn.sr.weight:weight_decay=0.01
2026/09/23 12:03:37 - mmengine - INFO - paramwise_options -- rgb_encoder.layers.0.1.1.attn.sr.weight:lr_mult=0.1
2026/09/23 12:03:37 - mmengine - INFO - paramwise_options -- rgb_encoder.layers.0.1.1.attn.sr.bias:lr=5.9999999999999995e-05
2026/09/23 12:03:37 - mmengine - INFO - paramwise_options -- rgb_encoder.layers.0.1.1.attn.sr.bias:weight_decay=0.01
2026/09/23 12:03:37 - mmengine - INFO - paramwise_options -- rgb_encoder.layers.0.1.1.attn.sr.bias:lr_mult=0.1
2026/09/23 12:03:37 - mmengine - INFO - paramwise_options -- rgb_encoder.layers.0.1.1.attn.norm.weight:lr=5.9999999999999995e-05
2026/09/23 12:03:37 - mmengine - INFO - paramwise_options -- rgb_encoder.layers.0.1.1.attn.norm.weight:weight_decay=0.01
2026/09/23 12:03:37 - mmengine - INFO - paramwise_options -- rgb_encoder.layers.0.1.1.attn.norm.weight:lr_mult=0.1
2026/09/23 12:03:37 - mmengine - INFO - paramwise_options -- rgb_encoder.layers.0.1.1.attn.norm.bias:lr=5.9999999999999995e-05
2026/09/23 12:03:37 - mmengine - INFO - paramwise_options -- rgb_encoder.layers.0.1.1.attn.norm.bias:weight_decay=0.01
2026/09/23 12:03:37 - mmengine - INFO - paramwise_options -- rgb_encoder.layers.0.1.1.attn.norm.bias:lr_mult=0.1
2026/09/23 12:03:37 - mmengine - INFO - paramwise_options -- rgb_encoder.layers.0.1.1.norm2.weight:lr=5.9999999999999995e-05
2026/09/23 12:03:37 - mmengine - INFO - paramwise_options -- rgb_encoder.layers.0.1.1.norm2.weight:weight_decay=0.01
2026/09/23 12:03:37 - mmengine - INFO - paramwise_options -- rgb_encoder.layers.0.1.1.norm2.weight:lr_mult=0.1
2026/09/23 12:03:37 - mmengine - INFO - paramwise_options -- rgb_encoder.layers.0.1.1.norm2.bias:lr=5.9999999999999995e-05
2026/09/23 12:03:37 - mmengine - INFO - paramwise_options -- rgb_encoder.layers.0.1.1.norm2.bias:weight_decay=0.01
2026/09/23 12:03:37 - mmengine - INFO - paramwise_options -- rgb_encoder.layers.0.1.1.norm2.bias:lr_mult=0.1
2026/09/23 12:03:37 - mmengine - INFO - paramwise_options -- rgb_encoder.layers.0.1.1.ffn.layers.0.weight:lr=5.9999999999999995e-05
2026/09/23 12:03:37 - mmengine - INFO - paramwise_options -- rgb_encoder.layers.0.1.1.ffn.layers.0.weight:weight_decay=0.01
2026/09/23 12:03:37 - mmengine - INFO - paramwise_options -- rgb_encoder.layers.0.1.1.ffn.layers.0.weight:lr_mult=0.1
2026/09/23 12:03:37 - mmengine - INFO - paramwise_options -- rgb_encoder.layers.0.1.1.ffn.layers.0.bias:lr=5.9999999999999995e-05
2026/09/23 12:03:37 - mmengine - INFO - paramwise_options -- rgb_encoder.layers.0.1.1.ffn.layers.0.bias:weight_decay=0.01
2026/09/23 12:03:37 - mmengine - INFO - paramwise_options -- rgb_encoder.layers.0.1.1.ffn.layers.0.bias:lr_mult=0.1
2026/09/23 12:03:37 - mmengine - INFO - paramwise_options -- rgb_encoder.layers.0.1.1.ffn.layers.1.weight:lr=5.9999999999999995e-05
2026/09/23 12:03:37 - mmengine - INFO - paramwise_options -- rgb_encoder.layers.0.1.1.ffn.layers.1.weight:weight_decay=0.01
2026/09/23 12:03:37 - mmengine - INFO - paramwise_options -- rgb_encoder.layers.0.1.1.ffn.layers.1.weight:lr_mult=0.1
2026/09/23 12:03:37 - mmengine - INFO - paramwise_options -- rgb_encoder.layers.0.1.1.ffn.layers.1.bias:lr=5.9999999999999995e-05
2026/09/23 12:03:37 - mmengine - INFO - paramwise_options -- rgb_encoder.layers.0.1.1.ffn.layers.1.bias:weight_decay=0.01
2026/09/23 12:03:37 - mmengine - INFO - paramwise_options -- rgb_encoder.layers.0.1.1.ffn.layers.1.bias:lr_mult=0.1
2026/09/23 12:03:37 - mmengine - INFO - paramwise_options -- rgb_encoder.layers.0.1.1.ffn.layers.4.weight:lr=5.9999999999999995e-05
2026/09/23 12:03:37 - mmengine - INFO - paramwise_options -- rgb_encoder.layers.0.1.1.ffn.layers.4.weight:weight_decay=0.01
2026/09/23 12:03:37 - mmengine - INFO - paramwise_options -- rgb_encoder.layers.0.1.1.ffn.layers.4.weight:lr_mult=0.1
2026/09/23 12:03:37 - mmengine - INFO - paramwise_options -- rgb_encoder.layers.0.1.1.ffn.layers.4.bias:lr=5.9999999999999995e-05
2026/09/23 12:03:37 - mmengine - INFO - paramwise_options -- rgb_encoder.layers.0.1.1.ffn.layers.4.bias:weight_decay=0.01
2026/09/23 12:03:37 - mmengine - INFO - paramwise_options -- rgb_encoder.layers.0.1.1.ffn.layers.4.bias:lr_mult=0.1
2026/09/23 12:03:37 - mmengine - INFO - paramwise_options -- rgb_encoder.layers.0.1.2.norm1.weight:lr=5.9999999999999995e-05
2026/09/23 12:03:37 - mmengine - INFO - paramwise_options -- rgb_encoder.layers.0.1.2.norm1.weight:weight_decay=0.01
2026/09/23 12:03:37 - mmengine - INFO - paramwise_options -- rgb_encoder.layers.0.1.2.norm1.weight:lr_mult=0.1
2026/09/23 12:03:37 - mmengine - INFO - paramwise_options -- rgb_encoder.layers.0.1.2.norm1.bias:lr=5.9999999999999995e-05
2026/09/23 12:03:37 - mmengine - INFO - paramwise_options -- rgb_encoder.layers.0.1.2.norm1.bias:weight_decay=0.01
2026/09/23 12:03:37 - mmengine - INFO - paramwise_options -- rgb_encoder.layers.0.1.2.norm1.bias:lr_mult=0.1
2026/09/23 12:03:37 - mmengine - INFO - paramwise_options -- rgb_encoder.layers.0.1.2.attn.attn.in_proj_weight:lr=5.9999999999999995e-05
2026/09/23 12:03:37 - mmengine - INFO - paramwise_options -- rgb_encoder.layers.0.1.2.attn.attn.in_proj_weight:weight_decay=0.01
2026/09/23 12:03:37 - mmengine - INFO - paramwise_options -- rgb_encoder.layers.0.1.2.attn.attn.in_proj_weight:lr_mult=0.1
2026/09/23 12:03:37 - mmengine - INFO - paramwise_options -- rgb_encoder.layers.0.1.2.attn.attn.in_proj_bias:lr=5.9999999999999995e-05
2026/09/23 12:03:37 - mmengine - INFO - paramwise_options -- rgb_encoder.layers.0.1.2.attn.attn.in_proj_bias:weight_decay=0.01
2026/09/23 12:03:37 - mmengine - INFO - paramwise_options -- rgb_encoder.layers.0.1.2.attn.attn.in_proj_bias:lr_mult=0.1
2026/09/23 12:03:37 - mmengine - INFO - paramwise_options -- rgb_encoder.layers.0.1.2.attn.attn.out_proj.weight:lr=5.9999999999999995e-05
2026/09/23 12:03:37 - mmengine - INFO - paramwise_options -- rgb_encoder.layers.0.1.2.attn.attn.out_proj.weight:weight_decay=0.01
2026/09/23 12:03:37 - mmengine - INFO - paramwise_options -- rgb_encoder.layers.0.1.2.attn.attn.out_proj.weight:lr_mult=0.1
2026/09/23 12:03:37 - mmengine - INFO - paramwise_options -- rgb_encoder.layers.0.1.2.attn.attn.out_proj.bias:lr=5.9999999999999995e-05
2026/09/23 12:03:37 - mmengine - INFO - paramwise_options -- rgb_encoder.layers.0.1.2.attn.attn.out_proj.bias:weight_decay=0.01
2026/09/23 12:03:37 - mmengine - INFO - paramwise_options -- rgb_encoder.layers.0.1.2.attn.attn.out_proj.bias:lr_mult=0.1
2026/09/23 12:03:37 - mmengine - INFO - paramwise_options -- rgb_encoder.layers.0.1.2.attn.sr.weight:lr=5.9999999999999995e-05
2026/09/23 12:03:37 - mmengine - INFO - paramwise_options -- rgb_encoder.layers.0.1.2.attn.sr.weight:weight_decay=0.01
2026/09/23 12:03:37 - mmengine - INFO - paramwise_options -- rgb_encoder.layers.0.1.2.attn.sr.weight:lr_mult=0.1
2026/09/23 12:03:37 - mmengine - INFO - paramwise_options -- rgb_encoder.layers.0.1.2.attn.sr.bias:lr=5.9999999999999995e-05
2026/09/23 12:03:37 - mmengine - INFO - paramwise_options -- rgb_encoder.layers.0.1.2.attn.sr.bias:weight_decay=0.01
2026/09/23 12:03:37 - mmengine - INFO - paramwise_options -- rgb_encoder.layers.0.1.2.attn.sr.bias:lr_mult=0.1
2026/09/23 12:03:37 - mmengine - INFO - paramwise_options -- rgb_encoder.layers.0.1.2.attn.norm.weight:lr=5.9999999999999995e-05
2026/09/23 12:03:37 - mmengine - INFO - paramwise_options -- rgb_encoder.layers.0.1.2.attn.norm.weight:weight_decay=0.01
2026/09/23 12:03:37 - mmengine - INFO - paramwise_options -- rgb_encoder.layers.0.1.2.attn.norm.weight:lr_mult=0.1
2026/09/23 12:03:37 - mmengine - INFO - paramwise_options -- rgb_encoder.layers.0.1.2.attn.norm.bias:lr=5.9999999999999995e-05
2026/09/23 12:03:37 - mmengine - INFO - paramwise_options -- rgb_encoder.layers.0.1.2.attn.norm.bias:weight_decay=0.01
2026/09/23 12:03:37 - mmengine - INFO - paramwise_options -- rgb_encoder.layers.0.1.2.attn.norm.bias:lr_mult=0.1
2026/09/23 12:03:37 - mmengine - INFO - paramwise_options -- rgb_encoder.layers.0.1.2.norm2.weight:lr=5.9999999999999995e-05
2026/09/23 12:03:37 - mmengine - INFO - paramwise_options -- rgb_encoder.layers.0.1.2.norm2.weight:weight_decay=0.01
2026/09/23 12:03:37 - mmengine - INFO - paramwise_options -- rgb_encoder.layers.0.1.2.norm2.weight:lr_mult=0.1
2026/09/23 12:03:37 - mmengine - INFO - paramwise_options -- rgb_encoder.layers.0.1.2.norm2.bias:lr=5.9999999999999995e-05
2026/09/23 12:03:37 - mmengine - INFO - paramwise_options -- rgb_encoder.layers.0.1.2.norm2.bias:weight_decay=0.01
2026/09/23 12:03:37 - mmengine - INFO - paramwise_options -- rgb_encoder.layers.0.1.2.norm2.bias:lr_mult=0.1
2026/09/23 12:03:37 - mmengine - INFO - paramwise_options -- rgb_encoder.layers.0.1.2.ffn.layers.0.weight:lr=5.9999999999999995e-05
2026/09/23 12:03:37 - mmengine - INFO - paramwise_options -- rgb_encoder.layers.0.1.2.ffn.layers.0.weight:weight_decay=0.01
2026/09/23 12:03:37 - mmengine - INFO - paramwise_options -- rgb_encoder.layers.0.1.2.ffn.layers.0.weight:lr_mult=0.1
2026/09/23 12:03:37 - mmengine - INFO - paramwise_options -- rgb_encoder.layers.0.1.2.ffn.layers.0.bias:lr=5.9999999999999995e-05
2026/09/23 12:03:37 - mmengine - INFO - paramwise_options -- rgb_encoder.layers.0.1.2.ffn.layers.0.bias:weight_decay=0.01
2026/09/23 12:03:37 - mmengine - INFO - paramwise_options -- rgb_encoder.layers.0.1.2.ffn.layers.0.bias:lr_mult=0.1
2026/09/23 12:03:37 - mmengine - INFO - paramwise_options -- rgb_encoder.layers.0.1.2.ffn.layers.1.weight:lr=5.9999999999999995e-05
2026/09/23 12:03:37 - mmengine - INFO - paramwise_options -- rgb_encoder.layers.0.1.2.ffn.layers.1.weight:weight_decay=0.01
2026/09/23 12:03:37 - mmengine - INFO - paramwise_options -- rgb_encoder.layers.0.1.2.ffn.layers.1.weight:lr_mult=0.1
2026/09/23 12:03:37 - mmengine - INFO - paramwise_options -- rgb_encoder.layers.0.1.2.ffn.layers.1.bias:lr=5.9999999999999995e-05
2026/09/23 12:03:37 - mmengine - INFO - paramwise_options -- rgb_encoder.layers.0.1.2.ffn.layers.1.bias:weight_decay=0.01
2026/09/23 12:03:37 - mmengine - INFO - paramwise_options -- rgb_encoder.layers.0.1.2.ffn.layers.1.bias:lr_mult=0.1
2026/09/23 12:03:37 - mmengine - INFO - paramwise_options -- rgb_encoder.layers.0.1.2.ffn.layers.4.weight:lr=5.9999999999999995e-05
2026/09/23 12:03:37 - mmengine - INFO - paramwise_options -- rgb_encoder.layers.0.1.2.ffn.layers.4.weight:weight_decay=0.01
2026/09/23 12:03:37 - mmengine - INFO - paramwise_options -- rgb_encoder.layers.0.1.2.ffn.layers.4.weight:lr_mult=0.1
2026/09/23 12:03:37 - mmengine - INFO - paramwise_options -- rgb_encoder.layers.0.1.2.ffn.layers.4.bias:lr=5.9999999999999995e-05
2026/09/23 12:03:37 - mmengine - INFO - paramwise_options -- rgb_encoder.layers.0.1.2.ffn.layers.4.bias:weight_decay=0.01
2026/09/23 12:03:37 - mmengine - INFO - paramwise_options -- rgb_encoder.layers.0.1.2.ffn.layers.4.bias:lr_mult=0.1
2026/09/23 12:03:37 - mmengine - INFO - paramwise_options -- rgb_encoder.layers.0.2.weight:lr=5.9999999999999995e-05
2026/09/23 12:03:37 - mmengine - INFO - paramwise_options -- rgb_encoder.layers.0.2.weight:weight_decay=0.01
2026/09/23 12:03:37 - mmengine - INFO - paramwise_options -- rgb_encoder.layers.0.2.weight:lr_mult=0.1
2026/09/23 12:03:37 - mmengine - INFO - paramwise_options -- rgb_encoder.layers.0.2.bias:lr=5.9999999999999995e-05
2026/09/23 12:03:37 - mmengine - INFO - paramwise_options -- rgb_encoder.layers.0.2.bias:weight_decay=0.01
2026/09/23 12:03:37 - mmengine - INFO - paramwise_options -- rgb_encoder.layers.0.2.bias:lr_mult=0.1
2026/09/23 12:03:37 - mmengine - INFO - paramwise_options -- rgb_encoder.layers.1.0.projection.weight:lr=5.9999999999999995e-05
2026/09/23 12:03:37 - mmengine - INFO - paramwise_options -- rgb_encoder.layers.1.0.projection.weight:weight_decay=0.01
2026/09/23 12:03:37 - mmengine - INFO - paramwise_options -- rgb_encoder.layers.1.0.projection.weight:lr_mult=0.1
2026/09/23 12:03:37 - mmengine - INFO - paramwise_options -- rgb_encoder.layers.1.0.projection.bias:lr=5.9999999999999995e-05
2026/09/23 12:03:37 - mmengine - INFO - paramwise_options -- rgb_encoder.layers.1.0.projection.bias:weight_decay=0.01
2026/09/23 12:03:37 - mmengine - INFO - paramwise_options -- rgb_encoder.layers.1.0.projection.bias:lr_mult=0.1
2026/09/23 12:03:37 - mmengine - INFO - paramwise_options -- rgb_encoder.layers.1.0.norm.weight:lr=5.9999999999999995e-05
2026/09/23 12:03:37 - mmengine - INFO - paramwise_options -- rgb_encoder.layers.1.0.norm.weight:weight_decay=0.01
2026/09/23 12:03:37 - mmengine - INFO - paramwise_options -- rgb_encoder.layers.1.0.norm.weight:lr_mult=0.1
2026/09/23 12:03:37 - mmengine - INFO - paramwise_options -- rgb_encoder.layers.1.0.norm.bias:lr=5.9999999999999995e-05
2026/09/23 12:03:37 - mmengine - INFO - paramwise_options -- rgb_encoder.layers.1.0.norm.bias:weight_decay=0.01
2026/09/23 12:03:37 - mmengine - INFO - paramwise_options -- rgb_encoder.layers.1.0.norm.bias:lr_mult=0.1
2026/09/23 12:03:37 - mmengine - INFO - paramwise_options -- rgb_encoder.layers.1.1.0.norm1.weight:lr=5.9999999999999995e-05
2026/09/23 12:03:37 - mmengine - INFO - paramwise_options -- rgb_encoder.layers.1.1.0.norm1.weight:weight_decay=0.01
2026/09/23 12:03:37 - mmengine - INFO - paramwise_options -- rgb_encoder.layers.1.1.0.norm1.weight:lr_mult=0.1
2026/09/23 12:03:37 - mmengine - INFO - paramwise_options -- rgb_encoder.layers.1.1.0.norm1.bias:lr=5.9999999999999995e-05
2026/09/23 12:03:37 - mmengine - INFO - paramwise_options -- rgb_encoder.layers.1.1.0.norm1.bias:weight_decay=0.01
2026/09/23 12:03:37 - mmengine - INFO - paramwise_options -- rgb_encoder.layers.1.1.0.norm1.bias:lr_mult=0.1
2026/09/23 12:03:37 - mmengine - INFO - paramwise_options -- rgb_encoder.layers.1.1.0.attn.attn.in_proj_weight:lr=5.9999999999999995e-05
2026/09/23 12:03:37 - mmengine - INFO - paramwise_options -- rgb_encoder.layers.1.1.0.attn.attn.in_proj_weight:weight_decay=0.01
2026/09/23 12:03:37 - mmengine - INFO - paramwise_options -- rgb_encoder.layers.1.1.0.attn.attn.in_proj_weight:lr_mult=0.1
2026/09/23 12:03:37 - mmengine - INFO - paramwise_options -- rgb_encoder.layers.1.1.0.attn.attn.in_proj_bias:lr=5.9999999999999995e-05
2026/09/23 12:03:37 - mmengine - INFO - paramwise_options -- rgb_encoder.layers.1.1.0.attn.attn.in_proj_bias:weight_decay=0.01
2026/09/23 12:03:37 - mmengine - INFO - paramwise_options -- rgb_encoder.layers.1.1.0.attn.attn.in_proj_bias:lr_mult=0.1
2026/09/23 12:03:37 - mmengine - INFO - paramwise_options -- rgb_encoder.layers.1.1.0.attn.attn.out_proj.weight:lr=5.9999999999999995e-05
2026/09/23 12:03:37 - mmengine - INFO - paramwise_options -- rgb_encoder.layers.1.1.0.attn.attn.out_proj.weight:weight_decay=0.01
2026/09/23 12:03:37 - mmengine - INFO - paramwise_options -- rgb_encoder.layers.1.1.0.attn.attn.out_proj.weight:lr_mult=0.1
2026/09/23 12:03:37 - mmengine - INFO - paramwise_options -- rgb_encoder.layers.1.1.0.attn.attn.out_proj.bias:lr=5.9999999999999995e-05
2026/09/23 12:03:37 - mmengine - INFO - paramwise_options -- rgb_encoder.layers.1.1.0.attn.attn.out_proj.bias:weight_decay=0.01
2026/09/23 12:03:37 - mmengine - INFO - paramwise_options -- rgb_encoder.layers.1.1.0.attn.attn.out_proj.bias:lr_mult=0.1
2026/09/23 12:03:37 - mmengine - INFO - paramwise_options -- rgb_encoder.layers.1.1.0.attn.sr.weight:lr=5.9999999999999995e-05
2026/09/23 12:03:37 - mmengine - INFO - paramwise_options -- rgb_encoder.layers.1.1.0.attn.sr.weight:weight_decay=0.01
2026/09/23 12:03:37 - mmengine - INFO - paramwise_options -- rgb_encoder.layers.1.1.0.attn.sr.weight:lr_mult=0.1
2026/09/23 12:03:37 - mmengine - INFO - paramwise_options -- rgb_encoder.layers.1.1.0.attn.sr.bias:lr=5.9999999999999995e-05
2026/09/23 12:03:37 - mmengine - INFO - paramwise_options -- rgb_encoder.layers.1.1.0.attn.sr.bias:weight_decay=0.01
2026/09/23 12:03:37 - mmengine - INFO - paramwise_options -- rgb_encoder.layers.1.1.0.attn.sr.bias:lr_mult=0.1
2026/09/23 12:03:37 - mmengine - INFO - paramwise_options -- rgb_encoder.layers.1.1.0.attn.norm.weight:lr=5.9999999999999995e-05
2026/09/23 12:03:37 - mmengine - INFO - paramwise_options -- rgb_encoder.layers.1.1.0.attn.norm.weight:weight_decay=0.01
2026/09/23 12:03:37 - mmengine - INFO - paramwise_options -- rgb_encoder.layers.1.1.0.attn.norm.weight:lr_mult=0.1
2026/09/23 12:03:37 - mmengine - INFO - paramwise_options -- rgb_encoder.layers.1.1.0.attn.norm.bias:lr=5.9999999999999995e-05
2026/09/23 12:03:37 - mmengine - INFO - paramwise_options -- rgb_encoder.layers.1.1.0.attn.norm.bias:weight_decay=0.01
2026/09/23 12:03:37 - mmengine - INFO - paramwise_options -- rgb_encoder.layers.1.1.0.attn.norm.bias:lr_mult=0.1
2026/09/23 12:03:37 - mmengine - INFO - paramwise_options -- rgb_encoder.layers.1.1.0.norm2.weight:lr=5.9999999999999995e-05
2026/09/23 12:03:37 - mmengine - INFO - paramwise_options -- rgb_encoder.layers.1.1.0.norm2.weight:weight_decay=0.01
2026/09/23 12:03:37 - mmengine - INFO - paramwise_options -- rgb_encoder.layers.1.1.0.norm2.weight:lr_mult=0.1
2026/09/23 12:03:37 - mmengine - INFO - paramwise_options -- rgb_encoder.layers.1.1.0.norm2.bias:lr=5.9999999999999995e-05
2026/09/23 12:03:37 - mmengine - INFO - paramwise_options -- rgb_encoder.layers.1.1.0.norm2.bias:weight_decay=0.01
2026/09/23 12:03:37 - mmengine - INFO - paramwise_options -- rgb_encoder.layers.1.1.0.norm2.bias:lr_mult=0.1
2026/09/23 12:03:37 - mmengine - INFO - paramwise_options -- rgb_encoder.layers.1.1.0.ffn.layers.0.weight:lr=5.9999999999999995e-05
2026/09/23 12:03:37 - mmengine - INFO - paramwise_options -- rgb_encoder.layers.1.1.0.ffn.layers.0.weight:weight_decay=0.01
2026/09/23 12:03:37 - mmengine - INFO - paramwise_options -- rgb_encoder.layers.1.1.0.ffn.layers.0.weight:lr_mult=0.1
2026/09/23 12:03:37 - mmengine - INFO - paramwise_options -- rgb_encoder.layers.1.1.0.ffn.layers.0.bias:lr=5.9999999999999995e-05
2026/09/23 12:03:37 - mmengine - INFO - paramwise_options -- rgb_encoder.layers.1.1.0.ffn.layers.0.bias:weight_decay=0.01
2026/09/23 12:03:37 - mmengine - INFO - paramwise_options -- rgb_encoder.layers.1.1.0.ffn.layers.0.bias:lr_mult=0.1
2026/09/23 12:03:37 - mmengine - INFO - paramwise_options -- rgb_encoder.layers.1.1.0.ffn.layers.1.weight:lr=5.9999999999999995e-05
2026/09/23 12:03:37 - mmengine - INFO - paramwise_options -- rgb_encoder.layers.1.1.0.ffn.layers.1.weight:weight_decay=0.01
2026/09/23 12:03:37 - mmengine - INFO - paramwise_options -- rgb_encoder.layers.1.1.0.ffn.layers.1.weight:lr_mult=0.1
2026/09/23 12:03:37 - mmengine - INFO - paramwise_options -- rgb_encoder.layers.1.1.0.ffn.layers.1.bias:lr=5.9999999999999995e-05
2026/09/23 12:03:37 - mmengine - INFO - paramwise_options -- rgb_encoder.layers.1.1.0.ffn.layers.1.bias:weight_decay=0.01
2026/09/23 12:03:37 - mmengine - INFO - paramwise_options -- rgb_encoder.layers.1.1.0.ffn.layers.1.bias:lr_mult=0.1
2026/09/23 12:03:37 - mmengine - INFO - paramwise_options -- rgb_encoder.layers.1.1.0.ffn.layers.4.weight:lr=5.9999999999999995e-05
2026/09/23 12:03:37 - mmengine - INFO - paramwise_options -- rgb_encoder.layers.1.1.0.ffn.layers.4.weight:weight_decay=0.01
2026/09/23 12:03:37 - mmengine - INFO - paramwise_options -- rgb_encoder.layers.1.1.0.ffn.layers.4.weight:lr_mult=0.1
2026/09/23 12:03:37 - mmengine - INFO - paramwise_options -- rgb_encoder.layers.1.1.0.ffn.layers.4.bias:lr=5.9999999999999995e-05
2026/09/23 12:03:37 - mmengine - INFO - paramwise_options -- rgb_encoder.layers.1.1.0.ffn.layers.4.bias:weight_decay=0.01
2026/09/23 12:03:37 - mmengine - INFO - paramwise_options -- rgb_encoder.layers.1.1.0.ffn.layers.4.bias:lr_mult=0.1
2026/09/23 12:03:37 - mmengine - INFO - paramwise_options -- rgb_encoder.layers.1.1.1.norm1.weight:lr=5.9999999999999995e-05
2026/09/23 12:03:37 - mmengine - INFO - paramwise_options -- rgb_encoder.layers.1.1.1.norm1.weight:weight_decay=0.01
2026/09/23 12:03:37 - mmengine - INFO - paramwise_options -- rgb_encoder.layers.1.1.1.norm1.weight:lr_mult=0.1
2026/09/23 12:03:37 - mmengine - INFO - paramwise_options -- rgb_encoder.layers.1.1.1.norm1.bias:lr=5.9999999999999995e-05
2026/09/23 12:03:37 - mmengine - INFO - paramwise_options -- rgb_encoder.layers.1.1.1.norm1.bias:weight_decay=0.01
2026/09/23 12:03:37 - mmengine - INFO - paramwise_options -- rgb_encoder.layers.1.1.1.norm1.bias:lr_mult=0.1
2026/09/23 12:03:37 - mmengine - INFO - paramwise_options -- rgb_encoder.layers.1.1.1.attn.attn.in_proj_weight:lr=5.9999999999999995e-05
2026/09/23 12:03:37 - mmengine - INFO - paramwise_options -- rgb_encoder.layers.1.1.1.attn.attn.in_proj_weight:weight_decay=0.01
2026/09/23 12:03:37 - mmengine - INFO - paramwise_options -- rgb_encoder.layers.1.1.1.attn.attn.in_proj_weight:lr_mult=0.1
2026/09/23 12:03:37 - mmengine - INFO - paramwise_options -- rgb_encoder.layers.1.1.1.attn.attn.in_proj_bias:lr=5.9999999999999995e-05
2026/09/23 12:03:37 - mmengine - INFO - paramwise_options -- rgb_encoder.layers.1.1.1.attn.attn.in_proj_bias:weight_decay=0.01
2026/09/23 12:03:37 - mmengine - INFO - paramwise_options -- rgb_encoder.layers.1.1.1.attn.attn.in_proj_bias:lr_mult=0.1
2026/09/23 12:03:37 - mmengine - INFO - paramwise_options -- rgb_encoder.layers.1.1.1.attn.attn.out_proj.weight:lr=5.9999999999999995e-05
2026/09/23 12:03:37 - mmengine - INFO - paramwise_options -- rgb_encoder.layers.1.1.1.attn.attn.out_proj.weight:weight_decay=0.01
2026/09/23 12:03:37 - mmengine - INFO - paramwise_options -- rgb_encoder.layers.1.1.1.attn.attn.out_proj.weight:lr_mult=0.1
2026/09/23 12:03:37 - mmengine - INFO - paramwise_options -- rgb_encoder.layers.1.1.1.attn.attn.out_proj.bias:lr=5.9999999999999995e-05
2026/09/23 12:03:37 - mmengine - INFO - paramwise_options -- rgb_encoder.layers.1.1.1.attn.attn.out_proj.bias:weight_decay=0.01
2026/09/23 12:03:37 - mmengine - INFO - paramwise_options -- rgb_encoder.layers.1.1.1.attn.attn.out_proj.bias:lr_mult=0.1
2026/09/23 12:03:37 - mmengine - INFO - paramwise_options -- rgb_encoder.layers.1.1.1.attn.sr.weight:lr=5.9999999999999995e-05
2026/09/23 12:03:37 - mmengine - INFO - paramwise_options -- rgb_encoder.layers.1.1.1.attn.sr.weight:weight_decay=0.01
2026/09/23 12:03:37 - mmengine - INFO - paramwise_options -- rgb_encoder.layers.1.1.1.attn.sr.weight:lr_mult=0.1
2026/09/23 12:03:37 - mmengine - INFO - paramwise_options -- rgb_encoder.layers.1.1.1.attn.sr.bias:lr=5.9999999999999995e-05
2026/09/23 12:03:37 - mmengine - INFO - paramwise_options -- rgb_encoder.layers.1.1.1.attn.sr.bias:weight_decay=0.01
2026/09/23 12:03:37 - mmengine - INFO - paramwise_options -- rgb_encoder.layers.1.1.1.attn.sr.bias:lr_mult=0.1
2026/09/23 12:03:37 - mmengine - INFO - paramwise_options -- rgb_encoder.layers.1.1.1.attn.norm.weight:lr=5.9999999999999995e-05
2026/09/23 12:03:37 - mmengine - INFO - paramwise_options -- rgb_encoder.layers.1.1.1.attn.norm.weight:weight_decay=0.01
2026/09/23 12:03:37 - mmengine - INFO - paramwise_options -- rgb_encoder.layers.1.1.1.attn.norm.weight:lr_mult=0.1
2026/09/23 12:03:37 - mmengine - INFO - paramwise_options -- rgb_encoder.layers.1.1.1.attn.norm.bias:lr=5.9999999999999995e-05
2026/09/23 12:03:37 - mmengine - INFO - paramwise_options -- rgb_encoder.layers.1.1.1.attn.norm.bias:weight_decay=0.01
2026/09/23 12:03:37 - mmengine - INFO - paramwise_options -- rgb_encoder.layers.1.1.1.attn.norm.bias:lr_mult=0.1
2026/09/23 12:03:37 - mmengine - INFO - paramwise_options -- rgb_encoder.layers.1.1.1.norm2.weight:lr=5.9999999999999995e-05
2026/09/23 12:03:37 - mmengine - INFO - paramwise_options -- rgb_encoder.layers.1.1.1.norm2.weight:weight_decay=0.01
2026/09/23 12:03:37 - mmengine - INFO - paramwise_options -- rgb_encoder.layers.1.1.1.norm2.weight:lr_mult=0.1
2026/09/23 12:03:37 - mmengine - INFO - paramwise_options -- rgb_encoder.layers.1.1.1.norm2.bias:lr=5.9999999999999995e-05
2026/09/23 12:03:37 - mmengine - INFO - paramwise_options -- rgb_encoder.layers.1.1.1.norm2.bias:weight_decay=0.01
2026/09/23 12:03:37 - mmengine - INFO - paramwise_options -- rgb_encoder.layers.1.1.1.norm2.bias:lr_mult=0.1
2026/09/23 12:03:37 - mmengine - INFO - paramwise_options -- rgb_encoder.layers.1.1.1.ffn.layers.0.weight:lr=5.9999999999999995e-05
2026/09/23 12:03:37 - mmengine - INFO - paramwise_options -- rgb_encoder.layers.1.1.1.ffn.layers.0.weight:weight_decay=0.01
2026/09/23 12:03:37 - mmengine - INFO - paramwise_options -- rgb_encoder.layers.1.1.1.ffn.layers.0.weight:lr_mult=0.1
2026/09/23 12:03:37 - mmengine - INFO - paramwise_options -- rgb_encoder.layers.1.1.1.ffn.layers.0.bias:lr=5.9999999999999995e-05
2026/09/23 12:03:37 - mmengine - INFO - paramwise_options -- rgb_encoder.layers.1.1.1.ffn.layers.0.bias:weight_decay=0.01
2026/09/23 12:03:37 - mmengine - INFO - paramwise_options -- rgb_encoder.layers.1.1.1.ffn.layers.0.bias:lr_mult=0.1
2026/09/23 12:03:37 - mmengine - INFO - paramwise_options -- rgb_encoder.layers.1.1.1.ffn.layers.1.weight:lr=5.9999999999999995e-05
2026/09/23 12:03:37 - mmengine - INFO - paramwise_options -- rgb_encoder.layers.1.1.1.ffn.layers.1.weight:weight_decay=0.01
2026/09/23 12:03:37 - mmengine - INFO - paramwise_options -- rgb_encoder.layers.1.1.1.ffn.layers.1.weight:lr_mult=0.1
2026/09/23 12:03:37 - mmengine - INFO - paramwise_options -- rgb_encoder.layers.1.1.1.ffn.layers.1.bias:lr=5.9999999999999995e-05
2026/09/23 12:03:37 - mmengine - INFO - paramwise_options -- rgb_encoder.layers.1.1.1.ffn.layers.1.bias:weight_decay=0.01
2026/09/23 12:03:37 - mmengine - INFO - paramwise_options -- rgb_encoder.layers.1.1.1.ffn.layers.1.bias:lr_mult=0.1
2026/09/23 12:03:37 - mmengine - INFO - paramwise_options -- rgb_encoder.layers.1.1.1.ffn.layers.4.weight:lr=5.9999999999999995e-05
2026/09/23 12:03:37 - mmengine - INFO - paramwise_options -- rgb_encoder.layers.1.1.1.ffn.layers.4.weight:weight_decay=0.01
2026/09/23 12:03:37 - mmengine - INFO - paramwise_options -- rgb_encoder.layers.1.1.1.ffn.layers.4.weight:lr_mult=0.1
2026/09/23 12:03:37 - mmengine - INFO - paramwise_options -- rgb_encoder.layers.1.1.1.ffn.layers.4.bias:lr=5.9999999999999995e-05
2026/09/23 12:03:37 - mmengine - INFO - paramwise_options -- rgb_encoder.layers.1.1.1.ffn.layers.4.bias:weight_decay=0.01
2026/09/23 12:03:37 - mmengine - INFO - paramwise_options -- rgb_encoder.layers.1.1.1.ffn.layers.4.bias:lr_mult=0.1
2026/09/23 12:03:37 - mmengine - INFO - paramwise_options -- rgb_encoder.layers.1.1.2.norm1.weight:lr=5.9999999999999995e-05
2026/09/23 12:03:37 - mmengine - INFO - paramwise_options -- rgb_encoder.layers.1.1.2.norm1.weight:weight_decay=0.01
2026/09/23 12:03:37 - mmengine - INFO - paramwise_options -- rgb_encoder.layers.1.1.2.norm1.weight:lr_mult=0.1
2026/09/23 12:03:37 - mmengine - INFO - paramwise_options -- rgb_encoder.layers.1.1.2.norm1.bias:lr=5.9999999999999995e-05
2026/09/23 12:03:37 - mmengine - INFO - paramwise_options -- rgb_encoder.layers.1.1.2.norm1.bias:weight_decay=0.01
2026/09/23 12:03:37 - mmengine - INFO - paramwise_options -- rgb_encoder.layers.1.1.2.norm1.bias:lr_mult=0.1
2026/09/23 12:03:37 - mmengine - INFO - paramwise_options -- rgb_encoder.layers.1.1.2.attn.attn.in_proj_weight:lr=5.9999999999999995e-05
2026/09/23 12:03:37 - mmengine - INFO - paramwise_options -- rgb_encoder.layers.1.1.2.attn.attn.in_proj_weight:weight_decay=0.01
2026/09/23 12:03:37 - mmengine - INFO - paramwise_options -- rgb_encoder.layers.1.1.2.attn.attn.in_proj_weight:lr_mult=0.1
2026/09/23 12:03:37 - mmengine - INFO - paramwise_options -- rgb_encoder.layers.1.1.2.attn.attn.in_proj_bias:lr=5.9999999999999995e-05
2026/09/23 12:03:37 - mmengine - INFO - paramwise_options -- rgb_encoder.layers.1.1.2.attn.attn.in_proj_bias:weight_decay=0.01
2026/09/23 12:03:37 - mmengine - INFO - paramwise_options -- rgb_encoder.layers.1.1.2.attn.attn.in_proj_bias:lr_mult=0.1
2026/09/23 12:03:37 - mmengine - INFO - paramwise_options -- rgb_encoder.layers.1.1.2.attn.attn.out_proj.weight:lr=5.9999999999999995e-05
2026/09/23 12:03:37 - mmengine - INFO - paramwise_options -- rgb_encoder.layers.1.1.2.attn.attn.out_proj.weight:weight_decay=0.01
2026/09/23 12:03:37 - mmengine - INFO - paramwise_options -- rgb_encoder.layers.1.1.2.attn.attn.out_proj.weight:lr_mult=0.1
2026/09/23 12:03:37 - mmengine - INFO - paramwise_options -- rgb_encoder.layers.1.1.2.attn.attn.out_proj.bias:lr=5.9999999999999995e-05
2026/09/23 12:03:37 - mmengine - INFO - paramwise_options -- rgb_encoder.layers.1.1.2.attn.attn.out_proj.bias:weight_decay=0.01
2026/09/23 12:03:37 - mmengine - INFO - paramwise_options -- rgb_encoder.layers.1.1.2.attn.attn.out_proj.bias:lr_mult=0.1
2026/09/23 12:03:37 - mmengine - INFO - paramwise_options -- rgb_encoder.layers.1.1.2.attn.sr.weight:lr=5.9999999999999995e-05
2026/09/23 12:03:37 - mmengine - INFO - paramwise_options -- rgb_encoder.layers.1.1.2.attn.sr.weight:weight_decay=0.01
2026/09/23 12:03:37 - mmengine - INFO - paramwise_options -- rgb_encoder.layers.1.1.2.attn.sr.weight:lr_mult=0.1
2026/09/23 12:03:37 - mmengine - INFO - paramwise_options -- rgb_encoder.layers.1.1.2.attn.sr.bias:lr=5.9999999999999995e-05
2026/09/23 12:03:37 - mmengine - INFO - paramwise_options -- rgb_encoder.layers.1.1.2.attn.sr.bias:weight_decay=0.01
2026/09/23 12:03:37 - mmengine - INFO - paramwise_options -- rgb_encoder.layers.1.1.2.attn.sr.bias:lr_mult=0.1
2026/09/23 12:03:37 - mmengine - INFO - paramwise_options -- rgb_encoder.layers.1.1.2.attn.norm.weight:lr=5.9999999999999995e-05
2026/09/23 12:03:37 - mmengine - INFO - paramwise_options -- rgb_encoder.layers.1.1.2.attn.norm.weight:weight_decay=0.01
2026/09/23 12:03:37 - mmengine - INFO - paramwise_options -- rgb_encoder.layers.1.1.2.attn.norm.weight:lr_mult=0.1
2026/09/23 12:03:37 - mmengine - INFO - paramwise_options -- rgb_encoder.layers.1.1.2.attn.norm.bias:lr=5.9999999999999995e-05
2026/09/23 12:03:37 - mmengine - INFO - paramwise_options -- rgb_encoder.layers.1.1.2.attn.norm.bias:weight_decay=0.01
2026/09/23 12:03:37 - mmengine - INFO - paramwise_options -- rgb_encoder.layers.1.1.2.attn.norm.bias:lr_mult=0.1
2026/09/23 12:03:37 - mmengine - INFO - paramwise_options -- rgb_encoder.layers.1.1.2.norm2.weight:lr=5.9999999999999995e-05
2026/09/23 12:03:37 - mmengine - INFO - paramwise_options -- rgb_encoder.layers.1.1.2.norm2.weight:weight_decay=0.01
2026/09/23 12:03:37 - mmengine - INFO - paramwise_options -- rgb_encoder.layers.1.1.2.norm2.weight:lr_mult=0.1
2026/09/23 12:03:37 - mmengine - INFO - paramwise_options -- rgb_encoder.layers.1.1.2.norm2.bias:lr=5.9999999999999995e-05
2026/09/23 12:03:37 - mmengine - INFO - paramwise_options -- rgb_encoder.layers.1.1.2.norm2.bias:weight_decay=0.01
2026/09/23 12:03:37 - mmengine - INFO - paramwise_options -- rgb_encoder.layers.1.1.2.norm2.bias:lr_mult=0.1
2026/09/23 12:03:37 - mmengine - INFO - paramwise_options -- rgb_encoder.layers.1.1.2.ffn.layers.0.weight:lr=5.9999999999999995e-05
2026/09/23 12:03:37 - mmengine - INFO - paramwise_options -- rgb_encoder.layers.1.1.2.ffn.layers.0.weight:weight_decay=0.01
2026/09/23 12:03:37 - mmengine - INFO - paramwise_options -- rgb_encoder.layers.1.1.2.ffn.layers.0.weight:lr_mult=0.1
2026/09/23 12:03:37 - mmengine - INFO - paramwise_options -- rgb_encoder.layers.1.1.2.ffn.layers.0.bias:lr=5.9999999999999995e-05
2026/09/23 12:03:37 - mmengine - INFO - paramwise_options -- rgb_encoder.layers.1.1.2.ffn.layers.0.bias:weight_decay=0.01
2026/09/23 12:03:37 - mmengine - INFO - paramwise_options -- rgb_encoder.layers.1.1.2.ffn.layers.0.bias:lr_mult=0.1
2026/09/23 12:03:37 - mmengine - INFO - paramwise_options -- rgb_encoder.layers.1.1.2.ffn.layers.1.weight:lr=5.9999999999999995e-05
2026/09/23 12:03:37 - mmengine - INFO - paramwise_options -- rgb_encoder.layers.1.1.2.ffn.layers.1.weight:weight_decay=0.01
2026/09/23 12:03:37 - mmengine - INFO - paramwise_options -- rgb_encoder.layers.1.1.2.ffn.layers.1.weight:lr_mult=0.1
2026/09/23 12:03:37 - mmengine - INFO - paramwise_options -- rgb_encoder.layers.1.1.2.ffn.layers.1.bias:lr=5.9999999999999995e-05
2026/09/23 12:03:37 - mmengine - INFO - paramwise_options -- rgb_encoder.layers.1.1.2.ffn.layers.1.bias:weight_decay=0.01
2026/09/23 12:03:37 - mmengine - INFO - paramwise_options -- rgb_encoder.layers.1.1.2.ffn.layers.1.bias:lr_mult=0.1
2026/09/23 12:03:37 - mmengine - INFO - paramwise_options -- rgb_encoder.layers.1.1.2.ffn.layers.4.weight:lr=5.9999999999999995e-05
2026/09/23 12:03:37 - mmengine - INFO - paramwise_options -- rgb_encoder.layers.1.1.2.ffn.layers.4.weight:weight_decay=0.01
2026/09/23 12:03:37 - mmengine - INFO - paramwise_options -- rgb_encoder.layers.1.1.2.ffn.layers.4.weight:lr_mult=0.1
2026/09/23 12:03:37 - mmengine - INFO - paramwise_options -- rgb_encoder.layers.1.1.2.ffn.layers.4.bias:lr=5.9999999999999995e-05
2026/09/23 12:03:37 - mmengine - INFO - paramwise_options -- rgb_encoder.layers.1.1.2.ffn.layers.4.bias:weight_decay=0.01
2026/09/23 12:03:37 - mmengine - INFO - paramwise_options -- rgb_encoder.layers.1.1.2.ffn.layers.4.bias:lr_mult=0.1
2026/09/23 12:03:37 - mmengine - INFO - paramwise_options -- rgb_encoder.layers.1.1.3.norm1.weight:lr=5.9999999999999995e-05
2026/09/23 12:03:37 - mmengine - INFO - paramwise_options -- rgb_encoder.layers.1.1.3.norm1.weight:weight_decay=0.01
2026/09/23 12:03:37 - mmengine - INFO - paramwise_options -- rgb_encoder.layers.1.1.3.norm1.weight:lr_mult=0.1
2026/09/23 12:03:37 - mmengine - INFO - paramwise_options -- rgb_encoder.layers.1.1.3.norm1.bias:lr=5.9999999999999995e-05
2026/09/23 12:03:37 - mmengine - INFO - paramwise_options -- rgb_encoder.layers.1.1.3.norm1.bias:weight_decay=0.01
2026/09/23 12:03:37 - mmengine - INFO - paramwise_options -- rgb_encoder.layers.1.1.3.norm1.bias:lr_mult=0.1
2026/09/23 12:03:37 - mmengine - INFO - paramwise_options -- rgb_encoder.layers.1.1.3.attn.attn.in_proj_weight:lr=5.9999999999999995e-05
2026/09/23 12:03:37 - mmengine - INFO - paramwise_options -- rgb_encoder.layers.1.1.3.attn.attn.in_proj_weight:weight_decay=0.01
2026/09/23 12:03:37 - mmengine - INFO - paramwise_options -- rgb_encoder.layers.1.1.3.attn.attn.in_proj_weight:lr_mult=0.1
2026/09/23 12:03:37 - mmengine - INFO - paramwise_options -- rgb_encoder.layers.1.1.3.attn.attn.in_proj_bias:lr=5.9999999999999995e-05
2026/09/23 12:03:37 - mmengine - INFO - paramwise_options -- rgb_encoder.layers.1.1.3.attn.attn.in_proj_bias:weight_decay=0.01
2026/09/23 12:03:37 - mmengine - INFO - paramwise_options -- rgb_encoder.layers.1.1.3.attn.attn.in_proj_bias:lr_mult=0.1
2026/09/23 12:03:37 - mmengine - INFO - paramwise_options -- rgb_encoder.layers.1.1.3.attn.attn.out_proj.weight:lr=5.9999999999999995e-05
2026/09/23 12:03:37 - mmengine - INFO - paramwise_options -- rgb_encoder.layers.1.1.3.attn.attn.out_proj.weight:weight_decay=0.01
2026/09/23 12:03:37 - mmengine - INFO - paramwise_options -- rgb_encoder.layers.1.1.3.attn.attn.out_proj.weight:lr_mult=0.1
2026/09/23 12:03:37 - mmengine - INFO - paramwise_options -- rgb_encoder.layers.1.1.3.attn.attn.out_proj.bias:lr=5.9999999999999995e-05
2026/09/23 12:03:37 - mmengine - INFO - paramwise_options -- rgb_encoder.layers.1.1.3.attn.attn.out_proj.bias:weight_decay=0.01
2026/09/23 12:03:37 - mmengine - INFO - paramwise_options -- rgb_encoder.layers.1.1.3.attn.attn.out_proj.bias:lr_mult=0.1
2026/09/23 12:03:37 - mmengine - INFO - paramwise_options -- rgb_encoder.layers.1.1.3.attn.sr.weight:lr=5.9999999999999995e-05
2026/09/23 12:03:37 - mmengine - INFO - paramwise_options -- rgb_encoder.layers.1.1.3.attn.sr.weight:weight_decay=0.01
2026/09/23 12:03:37 - mmengine - INFO - paramwise_options -- rgb_encoder.layers.1.1.3.attn.sr.weight:lr_mult=0.1
2026/09/23 12:03:37 - mmengine - INFO - paramwise_options -- rgb_encoder.layers.1.1.3.attn.sr.bias:lr=5.9999999999999995e-05
2026/09/23 12:03:37 - mmengine - INFO - paramwise_options -- rgb_encoder.layers.1.1.3.attn.sr.bias:weight_decay=0.01
2026/09/23 12:03:37 - mmengine - INFO - paramwise_options -- rgb_encoder.layers.1.1.3.attn.sr.bias:lr_mult=0.1
2026/09/23 12:03:37 - mmengine - INFO - paramwise_options -- rgb_encoder.layers.1.1.3.attn.norm.weight:lr=5.9999999999999995e-05
2026/09/23 12:03:37 - mmengine - INFO - paramwise_options -- rgb_encoder.layers.1.1.3.attn.norm.weight:weight_decay=0.01
2026/09/23 12:03:37 - mmengine - INFO - paramwise_options -- rgb_encoder.layers.1.1.3.attn.norm.weight:lr_mult=0.1
2026/09/23 12:03:37 - mmengine - INFO - paramwise_options -- rgb_encoder.layers.1.1.3.attn.norm.bias:lr=5.9999999999999995e-05
2026/09/23 12:03:37 - mmengine - INFO - paramwise_options -- rgb_encoder.layers.1.1.3.attn.norm.bias:weight_decay=0.01
2026/09/23 12:03:37 - mmengine - INFO - paramwise_options -- rgb_encoder.layers.1.1.3.attn.norm.bias:lr_mult=0.1
2026/09/23 12:03:37 - mmengine - INFO - paramwise_options -- rgb_encoder.layers.1.1.3.norm2.weight:lr=5.9999999999999995e-05
2026/09/23 12:03:37 - mmengine - INFO - paramwise_options -- rgb_encoder.layers.1.1.3.norm2.weight:weight_decay=0.01
2026/09/23 12:03:37 - mmengine - INFO - paramwise_options -- rgb_encoder.layers.1.1.3.norm2.weight:lr_mult=0.1
2026/09/23 12:03:37 - mmengine - INFO - paramwise_options -- rgb_encoder.layers.1.1.3.norm2.bias:lr=5.9999999999999995e-05
2026/09/23 12:03:37 - mmengine - INFO - paramwise_options -- rgb_encoder.layers.1.1.3.norm2.bias:weight_decay=0.01
2026/09/23 12:03:37 - mmengine - INFO - paramwise_options -- rgb_encoder.layers.1.1.3.norm2.bias:lr_mult=0.1
2026/09/23 12:03:37 - mmengine - INFO - paramwise_options -- rgb_encoder.layers.1.1.3.ffn.layers.0.weight:lr=5.9999999999999995e-05
2026/09/23 12:03:37 - mmengine - INFO - paramwise_options -- rgb_encoder.layers.1.1.3.ffn.layers.0.weight:weight_decay=0.01
2026/09/23 12:03:37 - mmengine - INFO - paramwise_options -- rgb_encoder.layers.1.1.3.ffn.layers.0.weight:lr_mult=0.1
2026/09/23 12:03:37 - mmengine - INFO - paramwise_options -- rgb_encoder.layers.1.1.3.ffn.layers.0.bias:lr=5.9999999999999995e-05
2026/09/23 12:03:37 - mmengine - INFO - paramwise_options -- rgb_encoder.layers.1.1.3.ffn.layers.0.bias:weight_decay=0.01
2026/09/23 12:03:37 - mmengine - INFO - paramwise_options -- rgb_encoder.layers.1.1.3.ffn.layers.0.bias:lr_mult=0.1
2026/09/23 12:03:37 - mmengine - INFO - paramwise_options -- rgb_encoder.layers.1.1.3.ffn.layers.1.weight:lr=5.9999999999999995e-05
2026/09/23 12:03:37 - mmengine - INFO - paramwise_options -- rgb_encoder.layers.1.1.3.ffn.layers.1.weight:weight_decay=0.01
2026/09/23 12:03:37 - mmengine - INFO - paramwise_options -- rgb_encoder.layers.1.1.3.ffn.layers.1.weight:lr_mult=0.1
2026/09/23 12:03:37 - mmengine - INFO - paramwise_options -- rgb_encoder.layers.1.1.3.ffn.layers.1.bias:lr=5.9999999999999995e-05
2026/09/23 12:03:37 - mmengine - INFO - paramwise_options -- rgb_encoder.layers.1.1.3.ffn.layers.1.bias:weight_decay=0.01
2026/09/23 12:03:37 - mmengine - INFO - paramwise_options -- rgb_encoder.layers.1.1.3.ffn.layers.1.bias:lr_mult=0.1
2026/09/23 12:03:37 - mmengine - INFO - paramwise_options -- rgb_encoder.layers.1.1.3.ffn.layers.4.weight:lr=5.9999999999999995e-05
2026/09/23 12:03:37 - mmengine - INFO - paramwise_options -- rgb_encoder.layers.1.1.3.ffn.layers.4.weight:weight_decay=0.01
2026/09/23 12:03:37 - mmengine - INFO - paramwise_options -- rgb_encoder.layers.1.1.3.ffn.layers.4.weight:lr_mult=0.1
2026/09/23 12:03:37 - mmengine - INFO - paramwise_options -- rgb_encoder.layers.1.1.3.ffn.layers.4.bias:lr=5.9999999999999995e-05
2026/09/23 12:03:37 - mmengine - INFO - paramwise_options -- rgb_encoder.layers.1.1.3.ffn.layers.4.bias:weight_decay=0.01
2026/09/23 12:03:37 - mmengine - INFO - paramwise_options -- rgb_encoder.layers.1.1.3.ffn.layers.4.bias:lr_mult=0.1
2026/09/23 12:03:37 - mmengine - INFO - paramwise_options -- rgb_encoder.layers.1.2.weight:lr=5.9999999999999995e-05
2026/09/23 12:03:37 - mmengine - INFO - paramwise_options -- rgb_encoder.layers.1.2.weight:weight_decay=0.01
2026/09/23 12:03:37 - mmengine - INFO - paramwise_options -- rgb_encoder.layers.1.2.weight:lr_mult=0.1
2026/09/23 12:03:37 - mmengine - INFO - paramwise_options -- rgb_encoder.layers.1.2.bias:lr=5.9999999999999995e-05
2026/09/23 12:03:37 - mmengine - INFO - paramwise_options -- rgb_encoder.layers.1.2.bias:weight_decay=0.01
2026/09/23 12:03:37 - mmengine - INFO - paramwise_options -- rgb_encoder.layers.1.2.bias:lr_mult=0.1
2026/09/23 12:03:37 - mmengine - INFO - paramwise_options -- rgb_encoder.layers.2.0.projection.weight:lr=5.9999999999999995e-05
2026/09/23 12:03:37 - mmengine - INFO - paramwise_options -- rgb_encoder.layers.2.0.projection.weight:weight_decay=0.01
2026/09/23 12:03:37 - mmengine - INFO - paramwise_options -- rgb_encoder.layers.2.0.projection.weight:lr_mult=0.1
2026/09/23 12:03:37 - mmengine - INFO - paramwise_options -- rgb_encoder.layers.2.0.projection.bias:lr=5.9999999999999995e-05
2026/09/23 12:03:37 - mmengine - INFO - paramwise_options -- rgb_encoder.layers.2.0.projection.bias:weight_decay=0.01
2026/09/23 12:03:37 - mmengine - INFO - paramwise_options -- rgb_encoder.layers.2.0.projection.bias:lr_mult=0.1
2026/09/23 12:03:37 - mmengine - INFO - paramwise_options -- rgb_encoder.layers.2.0.norm.weight:lr=5.9999999999999995e-05
2026/09/23 12:03:37 - mmengine - INFO - paramwise_options -- rgb_encoder.layers.2.0.norm.weight:weight_decay=0.01
2026/09/23 12:03:37 - mmengine - INFO - paramwise_options -- rgb_encoder.layers.2.0.norm.weight:lr_mult=0.1
2026/09/23 12:03:37 - mmengine - INFO - paramwise_options -- rgb_encoder.layers.2.0.norm.bias:lr=5.9999999999999995e-05
2026/09/23 12:03:37 - mmengine - INFO - paramwise_options -- rgb_encoder.layers.2.0.norm.bias:weight_decay=0.01
2026/09/23 12:03:37 - mmengine - INFO - paramwise_options -- rgb_encoder.layers.2.0.norm.bias:lr_mult=0.1
2026/09/23 12:03:37 - mmengine - INFO - paramwise_options -- rgb_encoder.layers.2.1.0.norm1.weight:lr=5.9999999999999995e-05
2026/09/23 12:03:37 - mmengine - INFO - paramwise_options -- rgb_encoder.layers.2.1.0.norm1.weight:weight_decay=0.01
2026/09/23 12:03:37 - mmengine - INFO - paramwise_options -- rgb_encoder.layers.2.1.0.norm1.weight:lr_mult=0.1
2026/09/23 12:03:37 - mmengine - INFO - paramwise_options -- rgb_encoder.layers.2.1.0.norm1.bias:lr=5.9999999999999995e-05
2026/09/23 12:03:37 - mmengine - INFO - paramwise_options -- rgb_encoder.layers.2.1.0.norm1.bias:weight_decay=0.01
2026/09/23 12:03:37 - mmengine - INFO - paramwise_options -- rgb_encoder.layers.2.1.0.norm1.bias:lr_mult=0.1
2026/09/23 12:03:37 - mmengine - INFO - paramwise_options -- rgb_encoder.layers.2.1.0.attn.attn.in_proj_weight:lr=5.9999999999999995e-05
2026/09/23 12:03:37 - mmengine - INFO - paramwise_options -- rgb_encoder.layers.2.1.0.attn.attn.in_proj_weight:weight_decay=0.01
2026/09/23 12:03:37 - mmengine - INFO - paramwise_options -- rgb_encoder.layers.2.1.0.attn.attn.in_proj_weight:lr_mult=0.1
2026/09/23 12:03:37 - mmengine - INFO - paramwise_options -- rgb_encoder.layers.2.1.0.attn.attn.in_proj_bias:lr=5.9999999999999995e-05
2026/09/23 12:03:37 - mmengine - INFO - paramwise_options -- rgb_encoder.layers.2.1.0.attn.attn.in_proj_bias:weight_decay=0.01
2026/09/23 12:03:37 - mmengine - INFO - paramwise_options -- rgb_encoder.layers.2.1.0.attn.attn.in_proj_bias:lr_mult=0.1
2026/09/23 12:03:37 - mmengine - INFO - paramwise_options -- rgb_encoder.layers.2.1.0.attn.attn.out_proj.weight:lr=5.9999999999999995e-05
2026/09/23 12:03:37 - mmengine - INFO - paramwise_options -- rgb_encoder.layers.2.1.0.attn.attn.out_proj.weight:weight_decay=0.01
2026/09/23 12:03:37 - mmengine - INFO - paramwise_options -- rgb_encoder.layers.2.1.0.attn.attn.out_proj.weight:lr_mult=0.1
2026/09/23 12:03:37 - mmengine - INFO - paramwise_options -- rgb_encoder.layers.2.1.0.attn.attn.out_proj.bias:lr=5.9999999999999995e-05
2026/09/23 12:03:37 - mmengine - INFO - paramwise_options -- rgb_encoder.layers.2.1.0.attn.attn.out_proj.bias:weight_decay=0.01
2026/09/23 12:03:37 - mmengine - INFO - paramwise_options -- rgb_encoder.layers.2.1.0.attn.attn.out_proj.bias:lr_mult=0.1
2026/09/23 12:03:37 - mmengine - INFO - paramwise_options -- rgb_encoder.layers.2.1.0.attn.sr.weight:lr=5.9999999999999995e-05
2026/09/23 12:03:37 - mmengine - INFO - paramwise_options -- rgb_encoder.layers.2.1.0.attn.sr.weight:weight_decay=0.01
2026/09/23 12:03:37 - mmengine - INFO - paramwise_options -- rgb_encoder.layers.2.1.0.attn.sr.weight:lr_mult=0.1
2026/09/23 12:03:37 - mmengine - INFO - paramwise_options -- rgb_encoder.layers.2.1.0.attn.sr.bias:lr=5.9999999999999995e-05
2026/09/23 12:03:37 - mmengine - INFO - paramwise_options -- rgb_encoder.layers.2.1.0.attn.sr.bias:weight_decay=0.01
2026/09/23 12:03:37 - mmengine - INFO - paramwise_options -- rgb_encoder.layers.2.1.0.attn.sr.bias:lr_mult=0.1
2026/09/23 12:03:37 - mmengine - INFO - paramwise_options -- rgb_encoder.layers.2.1.0.attn.norm.weight:lr=5.9999999999999995e-05
2026/09/23 12:03:37 - mmengine - INFO - paramwise_options -- rgb_encoder.layers.2.1.0.attn.norm.weight:weight_decay=0.01
2026/09/23 12:03:37 - mmengine - INFO - paramwise_options -- rgb_encoder.layers.2.1.0.attn.norm.weight:lr_mult=0.1
2026/09/23 12:03:37 - mmengine - INFO - paramwise_options -- rgb_encoder.layers.2.1.0.attn.norm.bias:lr=5.9999999999999995e-05
2026/09/23 12:03:37 - mmengine - INFO - paramwise_options -- rgb_encoder.layers.2.1.0.attn.norm.bias:weight_decay=0.01
2026/09/23 12:03:37 - mmengine - INFO - paramwise_options -- rgb_encoder.layers.2.1.0.attn.norm.bias:lr_mult=0.1
2026/09/23 12:03:37 - mmengine - INFO - paramwise_options -- rgb_encoder.layers.2.1.0.norm2.weight:lr=5.9999999999999995e-05
2026/09/23 12:03:37 - mmengine - INFO - paramwise_options -- rgb_encoder.layers.2.1.0.norm2.weight:weight_decay=0.01
2026/09/23 12:03:37 - mmengine - INFO - paramwise_options -- rgb_encoder.layers.2.1.0.norm2.weight:lr_mult=0.1
2026/09/23 12:03:37 - mmengine - INFO - paramwise_options -- rgb_encoder.layers.2.1.0.norm2.bias:lr=5.9999999999999995e-05
2026/09/23 12:03:37 - mmengine - INFO - paramwise_options -- rgb_encoder.layers.2.1.0.norm2.bias:weight_decay=0.01
2026/09/23 12:03:37 - mmengine - INFO - paramwise_options -- rgb_encoder.layers.2.1.0.norm2.bias:lr_mult=0.1
2026/09/23 12:03:37 - mmengine - INFO - paramwise_options -- rgb_encoder.layers.2.1.0.ffn.layers.0.weight:lr=5.9999999999999995e-05
2026/09/23 12:03:37 - mmengine - INFO - paramwise_options -- rgb_encoder.layers.2.1.0.ffn.layers.0.weight:weight_decay=0.01
2026/09/23 12:03:37 - mmengine - INFO - paramwise_options -- rgb_encoder.layers.2.1.0.ffn.layers.0.weight:lr_mult=0.1
2026/09/23 12:03:37 - mmengine - INFO - paramwise_options -- rgb_encoder.layers.2.1.0.ffn.layers.0.bias:lr=5.9999999999999995e-05
2026/09/23 12:03:37 - mmengine - INFO - paramwise_options -- rgb_encoder.layers.2.1.0.ffn.layers.0.bias:weight_decay=0.01
2026/09/23 12:03:37 - mmengine - INFO - paramwise_options -- rgb_encoder.layers.2.1.0.ffn.layers.0.bias:lr_mult=0.1
2026/09/23 12:03:37 - mmengine - INFO - paramwise_options -- rgb_encoder.layers.2.1.0.ffn.layers.1.weight:lr=5.9999999999999995e-05
2026/09/23 12:03:37 - mmengine - INFO - paramwise_options -- rgb_encoder.layers.2.1.0.ffn.layers.1.weight:weight_decay=0.01
2026/09/23 12:03:37 - mmengine - INFO - paramwise_options -- rgb_encoder.layers.2.1.0.ffn.layers.1.weight:lr_mult=0.1
2026/09/23 12:03:37 - mmengine - INFO - paramwise_options -- rgb_encoder.layers.2.1.0.ffn.layers.1.bias:lr=5.9999999999999995e-05
2026/09/23 12:03:37 - mmengine - INFO - paramwise_options -- rgb_encoder.layers.2.1.0.ffn.layers.1.bias:weight_decay=0.01
2026/09/23 12:03:37 - mmengine - INFO - paramwise_options -- rgb_encoder.layers.2.1.0.ffn.layers.1.bias:lr_mult=0.1
2026/09/23 12:03:37 - mmengine - INFO - paramwise_options -- rgb_encoder.layers.2.1.0.ffn.layers.4.weight:lr=5.9999999999999995e-05
2026/09/23 12:03:37 - mmengine - INFO - paramwise_options -- rgb_encoder.layers.2.1.0.ffn.layers.4.weight:weight_decay=0.01
2026/09/23 12:03:37 - mmengine - INFO - paramwise_options -- rgb_encoder.layers.2.1.0.ffn.layers.4.weight:lr_mult=0.1
2026/09/23 12:03:37 - mmengine - INFO - paramwise_options -- rgb_encoder.layers.2.1.0.ffn.layers.4.bias:lr=5.9999999999999995e-05
2026/09/23 12:03:37 - mmengine - INFO - paramwise_options -- rgb_encoder.layers.2.1.0.ffn.layers.4.bias:weight_decay=0.01
2026/09/23 12:03:37 - mmengine - INFO - paramwise_options -- rgb_encoder.layers.2.1.0.ffn.layers.4.bias:lr_mult=0.1
2026/09/23 12:03:37 - mmengine - INFO - paramwise_options -- rgb_encoder.layers.2.1.1.norm1.weight:lr=5.9999999999999995e-05
2026/09/23 12:03:37 - mmengine - INFO - paramwise_options -- rgb_encoder.layers.2.1.1.norm1.weight:weight_decay=0.01
2026/09/23 12:03:37 - mmengine - INFO - paramwise_options -- rgb_encoder.layers.2.1.1.norm1.weight:lr_mult=0.1
2026/09/23 12:03:37 - mmengine - INFO - paramwise_options -- rgb_encoder.layers.2.1.1.norm1.bias:lr=5.9999999999999995e-05
2026/09/23 12:03:37 - mmengine - INFO - paramwise_options -- rgb_encoder.layers.2.1.1.norm1.bias:weight_decay=0.01
2026/09/23 12:03:37 - mmengine - INFO - paramwise_options -- rgb_encoder.layers.2.1.1.norm1.bias:lr_mult=0.1
2026/09/23 12:03:37 - mmengine - INFO - paramwise_options -- rgb_encoder.layers.2.1.1.attn.attn.in_proj_weight:lr=5.9999999999999995e-05
2026/09/23 12:03:37 - mmengine - INFO - paramwise_options -- rgb_encoder.layers.2.1.1.attn.attn.in_proj_weight:weight_decay=0.01
2026/09/23 12:03:37 - mmengine - INFO - paramwise_options -- rgb_encoder.layers.2.1.1.attn.attn.in_proj_weight:lr_mult=0.1
2026/09/23 12:03:37 - mmengine - INFO - paramwise_options -- rgb_encoder.layers.2.1.1.attn.attn.in_proj_bias:lr=5.9999999999999995e-05
2026/09/23 12:03:37 - mmengine - INFO - paramwise_options -- rgb_encoder.layers.2.1.1.attn.attn.in_proj_bias:weight_decay=0.01
2026/09/23 12:03:37 - mmengine - INFO - paramwise_options -- rgb_encoder.layers.2.1.1.attn.attn.in_proj_bias:lr_mult=0.1
2026/09/23 12:03:37 - mmengine - INFO - paramwise_options -- rgb_encoder.layers.2.1.1.attn.attn.out_proj.weight:lr=5.9999999999999995e-05
2026/09/23 12:03:37 - mmengine - INFO - paramwise_options -- rgb_encoder.layers.2.1.1.attn.attn.out_proj.weight:weight_decay=0.01
2026/09/23 12:03:37 - mmengine - INFO - paramwise_options -- rgb_encoder.layers.2.1.1.attn.attn.out_proj.weight:lr_mult=0.1
2026/09/23 12:03:37 - mmengine - INFO - paramwise_options -- rgb_encoder.layers.2.1.1.attn.attn.out_proj.bias:lr=5.9999999999999995e-05
2026/09/23 12:03:37 - mmengine - INFO - paramwise_options -- rgb_encoder.layers.2.1.1.attn.attn.out_proj.bias:weight_decay=0.01
2026/09/23 12:03:37 - mmengine - INFO - paramwise_options -- rgb_encoder.layers.2.1.1.attn.attn.out_proj.bias:lr_mult=0.1
2026/09/23 12:03:37 - mmengine - INFO - paramwise_options -- rgb_encoder.layers.2.1.1.attn.sr.weight:lr=5.9999999999999995e-05
2026/09/23 12:03:37 - mmengine - INFO - paramwise_options -- rgb_encoder.layers.2.1.1.attn.sr.weight:weight_decay=0.01
2026/09/23 12:03:37 - mmengine - INFO - paramwise_options -- rgb_encoder.layers.2.1.1.attn.sr.weight:lr_mult=0.1
2026/09/23 12:03:37 - mmengine - INFO - paramwise_options -- rgb_encoder.layers.2.1.1.attn.sr.bias:lr=5.9999999999999995e-05
2026/09/23 12:03:37 - mmengine - INFO - paramwise_options -- rgb_encoder.layers.2.1.1.attn.sr.bias:weight_decay=0.01
2026/09/23 12:03:37 - mmengine - INFO - paramwise_options -- rgb_encoder.layers.2.1.1.attn.sr.bias:lr_mult=0.1
2026/09/23 12:03:37 - mmengine - INFO - paramwise_options -- rgb_encoder.layers.2.1.1.attn.norm.weight:lr=5.9999999999999995e-05
2026/09/23 12:03:37 - mmengine - INFO - paramwise_options -- rgb_encoder.layers.2.1.1.attn.norm.weight:weight_decay=0.01
2026/09/23 12:03:37 - mmengine - INFO - paramwise_options -- rgb_encoder.layers.2.1.1.attn.norm.weight:lr_mult=0.1
2026/09/23 12:03:37 - mmengine - INFO - paramwise_options -- rgb_encoder.layers.2.1.1.attn.norm.bias:lr=5.9999999999999995e-05
2026/09/23 12:03:37 - mmengine - INFO - paramwise_options -- rgb_encoder.layers.2.1.1.attn.norm.bias:weight_decay=0.01
2026/09/23 12:03:37 - mmengine - INFO - paramwise_options -- rgb_encoder.layers.2.1.1.attn.norm.bias:lr_mult=0.1
2026/09/23 12:03:37 - mmengine - INFO - paramwise_options -- rgb_encoder.layers.2.1.1.norm2.weight:lr=5.9999999999999995e-05
2026/09/23 12:03:37 - mmengine - INFO - paramwise_options -- rgb_encoder.layers.2.1.1.norm2.weight:weight_decay=0.01
2026/09/23 12:03:37 - mmengine - INFO - paramwise_options -- rgb_encoder.layers.2.1.1.norm2.weight:lr_mult=0.1
2026/09/23 12:03:37 - mmengine - INFO - paramwise_options -- rgb_encoder.layers.2.1.1.norm2.bias:lr=5.9999999999999995e-05
2026/09/23 12:03:37 - mmengine - INFO - paramwise_options -- rgb_encoder.layers.2.1.1.norm2.bias:weight_decay=0.01
2026/09/23 12:03:37 - mmengine - INFO - paramwise_options -- rgb_encoder.layers.2.1.1.norm2.bias:lr_mult=0.1
2026/09/23 12:03:37 - mmengine - INFO - paramwise_options -- rgb_encoder.layers.2.1.1.ffn.layers.0.weight:lr=5.9999999999999995e-05
2026/09/23 12:03:37 - mmengine - INFO - paramwise_options -- rgb_encoder.layers.2.1.1.ffn.layers.0.weight:weight_decay=0.01
2026/09/23 12:03:37 - mmengine - INFO - paramwise_options -- rgb_encoder.layers.2.1.1.ffn.layers.0.weight:lr_mult=0.1
2026/09/23 12:03:37 - mmengine - INFO - paramwise_options -- rgb_encoder.layers.2.1.1.ffn.layers.0.bias:lr=5.9999999999999995e-05
2026/09/23 12:03:37 - mmengine - INFO - paramwise_options -- rgb_encoder.layers.2.1.1.ffn.layers.0.bias:weight_decay=0.01
2026/09/23 12:03:37 - mmengine - INFO - paramwise_options -- rgb_encoder.layers.2.1.1.ffn.layers.0.bias:lr_mult=0.1
2026/09/23 12:03:37 - mmengine - INFO - paramwise_options -- rgb_encoder.layers.2.1.1.ffn.layers.1.weight:lr=5.9999999999999995e-05
2026/09/23 12:03:37 - mmengine - INFO - paramwise_options -- rgb_encoder.layers.2.1.1.ffn.layers.1.weight:weight_decay=0.01
2026/09/23 12:03:37 - mmengine - INFO - paramwise_options -- rgb_encoder.layers.2.1.1.ffn.layers.1.weight:lr_mult=0.1
2026/09/23 12:03:37 - mmengine - INFO - paramwise_options -- rgb_encoder.layers.2.1.1.ffn.layers.1.bias:lr=5.9999999999999995e-05
2026/09/23 12:03:37 - mmengine - INFO - paramwise_options -- rgb_encoder.layers.2.1.1.ffn.layers.1.bias:weight_decay=0.01
2026/09/23 12:03:37 - mmengine - INFO - paramwise_options -- rgb_encoder.layers.2.1.1.ffn.layers.1.bias:lr_mult=0.1
2026/09/23 12:03:37 - mmengine - INFO - paramwise_options -- rgb_encoder.layers.2.1.1.ffn.layers.4.weight:lr=5.9999999999999995e-05
2026/09/23 12:03:37 - mmengine - INFO - paramwise_options -- rgb_encoder.layers.2.1.1.ffn.layers.4.weight:weight_decay=0.01
2026/09/23 12:03:37 - mmengine - INFO - paramwise_options -- rgb_encoder.layers.2.1.1.ffn.layers.4.weight:lr_mult=0.1
2026/09/23 12:03:37 - mmengine - INFO - paramwise_options -- rgb_encoder.layers.2.1.1.ffn.layers.4.bias:lr=5.9999999999999995e-05
2026/09/23 12:03:37 - mmengine - INFO - paramwise_options -- rgb_encoder.layers.2.1.1.ffn.layers.4.bias:weight_decay=0.01
2026/09/23 12:03:37 - mmengine - INFO - paramwise_options -- rgb_encoder.layers.2.1.1.ffn.layers.4.bias:lr_mult=0.1
2026/09/23 12:03:37 - mmengine - INFO - paramwise_options -- rgb_encoder.layers.2.1.2.norm1.weight:lr=5.9999999999999995e-05
2026/09/23 12:03:37 - mmengine - INFO - paramwise_options -- rgb_encoder.layers.2.1.2.norm1.weight:weight_decay=0.01
2026/09/23 12:03:37 - mmengine - INFO - paramwise_options -- rgb_encoder.layers.2.1.2.norm1.weight:lr_mult=0.1
2026/09/23 12:03:37 - mmengine - INFO - paramwise_options -- rgb_encoder.layers.2.1.2.norm1.bias:lr=5.9999999999999995e-05
2026/09/23 12:03:37 - mmengine - INFO - paramwise_options -- rgb_encoder.layers.2.1.2.norm1.bias:weight_decay=0.01
2026/09/23 12:03:37 - mmengine - INFO - paramwise_options -- rgb_encoder.layers.2.1.2.norm1.bias:lr_mult=0.1
2026/09/23 12:03:37 - mmengine - INFO - paramwise_options -- rgb_encoder.layers.2.1.2.attn.attn.in_proj_weight:lr=5.9999999999999995e-05
2026/09/23 12:03:37 - mmengine - INFO - paramwise_options -- rgb_encoder.layers.2.1.2.attn.attn.in_proj_weight:weight_decay=0.01
2026/09/23 12:03:37 - mmengine - INFO - paramwise_options -- rgb_encoder.layers.2.1.2.attn.attn.in_proj_weight:lr_mult=0.1
2026/09/23 12:03:37 - mmengine - INFO - paramwise_options -- rgb_encoder.layers.2.1.2.attn.attn.in_proj_bias:lr=5.9999999999999995e-05
2026/09/23 12:03:37 - mmengine - INFO - paramwise_options -- rgb_encoder.layers.2.1.2.attn.attn.in_proj_bias:weight_decay=0.01
2026/09/23 12:03:37 - mmengine - INFO - paramwise_options -- rgb_encoder.layers.2.1.2.attn.attn.in_proj_bias:lr_mult=0.1
2026/09/23 12:03:37 - mmengine - INFO - paramwise_options -- rgb_encoder.layers.2.1.2.attn.attn.out_proj.weight:lr=5.9999999999999995e-05
2026/09/23 12:03:37 - mmengine - INFO - paramwise_options -- rgb_encoder.layers.2.1.2.attn.attn.out_proj.weight:weight_decay=0.01
2026/09/23 12:03:37 - mmengine - INFO - paramwise_options -- rgb_encoder.layers.2.1.2.attn.attn.out_proj.weight:lr_mult=0.1
2026/09/23 12:03:37 - mmengine - INFO - paramwise_options -- rgb_encoder.layers.2.1.2.attn.attn.out_proj.bias:lr=5.9999999999999995e-05
2026/09/23 12:03:37 - mmengine - INFO - paramwise_options -- rgb_encoder.layers.2.1.2.attn.attn.out_proj.bias:weight_decay=0.01
2026/09/23 12:03:37 - mmengine - INFO - paramwise_options -- rgb_encoder.layers.2.1.2.attn.attn.out_proj.bias:lr_mult=0.1
2026/09/23 12:03:37 - mmengine - INFO - paramwise_options -- rgb_encoder.layers.2.1.2.attn.sr.weight:lr=5.9999999999999995e-05
2026/09/23 12:03:37 - mmengine - INFO - paramwise_options -- rgb_encoder.layers.2.1.2.attn.sr.weight:weight_decay=0.01
2026/09/23 12:03:37 - mmengine - INFO - paramwise_options -- rgb_encoder.layers.2.1.2.attn.sr.weight:lr_mult=0.1
2026/09/23 12:03:37 - mmengine - INFO - paramwise_options -- rgb_encoder.layers.2.1.2.attn.sr.bias:lr=5.9999999999999995e-05
2026/09/23 12:03:37 - mmengine - INFO - paramwise_options -- rgb_encoder.layers.2.1.2.attn.sr.bias:weight_decay=0.01
2026/09/23 12:03:37 - mmengine - INFO - paramwise_options -- rgb_encoder.layers.2.1.2.attn.sr.bias:lr_mult=0.1
2026/09/23 12:03:37 - mmengine - INFO - paramwise_options -- rgb_encoder.layers.2.1.2.attn.norm.weight:lr=5.9999999999999995e-05
2026/09/23 12:03:37 - mmengine - INFO - paramwise_options -- rgb_encoder.layers.2.1.2.attn.norm.weight:weight_decay=0.01
2026/09/23 12:03:37 - mmengine - INFO - paramwise_options -- rgb_encoder.layers.2.1.2.attn.norm.weight:lr_mult=0.1
2026/09/23 12:03:37 - mmengine - INFO - paramwise_options -- rgb_encoder.layers.2.1.2.attn.norm.bias:lr=5.9999999999999995e-05
2026/09/23 12:03:37 - mmengine - INFO - paramwise_options -- rgb_encoder.layers.2.1.2.attn.norm.bias:weight_decay=0.01
2026/09/23 12:03:37 - mmengine - INFO - paramwise_options -- rgb_encoder.layers.2.1.2.attn.norm.bias:lr_mult=0.1
2026/09/23 12:03:37 - mmengine - INFO - paramwise_options -- rgb_encoder.layers.2.1.2.norm2.weight:lr=5.9999999999999995e-05
2026/09/23 12:03:37 - mmengine - INFO - paramwise_options -- rgb_encoder.layers.2.1.2.norm2.weight:weight_decay=0.01
2026/09/23 12:03:37 - mmengine - INFO - paramwise_options -- rgb_encoder.layers.2.1.2.norm2.weight:lr_mult=0.1
2026/09/23 12:03:37 - mmengine - INFO - paramwise_options -- rgb_encoder.layers.2.1.2.norm2.bias:lr=5.9999999999999995e-05
2026/09/23 12:03:37 - mmengine - INFO - paramwise_options -- rgb_encoder.layers.2.1.2.norm2.bias:weight_decay=0.01
2026/09/23 12:03:37 - mmengine - INFO - paramwise_options -- rgb_encoder.layers.2.1.2.norm2.bias:lr_mult=0.1
2026/09/23 12:03:37 - mmengine - INFO - paramwise_options -- rgb_encoder.layers.2.1.2.ffn.layers.0.weight:lr=5.9999999999999995e-05
2026/09/23 12:03:37 - mmengine - INFO - paramwise_options -- rgb_encoder.layers.2.1.2.ffn.layers.0.weight:weight_decay=0.01
2026/09/23 12:03:37 - mmengine - INFO - paramwise_options -- rgb_encoder.layers.2.1.2.ffn.layers.0.weight:lr_mult=0.1
2026/09/23 12:03:37 - mmengine - INFO - paramwise_options -- rgb_encoder.layers.2.1.2.ffn.layers.0.bias:lr=5.9999999999999995e-05
2026/09/23 12:03:37 - mmengine - INFO - paramwise_options -- rgb_encoder.layers.2.1.2.ffn.layers.0.bias:weight_decay=0.01
2026/09/23 12:03:37 - mmengine - INFO - paramwise_options -- rgb_encoder.layers.2.1.2.ffn.layers.0.bias:lr_mult=0.1
2026/09/23 12:03:37 - mmengine - INFO - paramwise_options -- rgb_encoder.layers.2.1.2.ffn.layers.1.weight:lr=5.9999999999999995e-05
2026/09/23 12:03:37 - mmengine - INFO - paramwise_options -- rgb_encoder.layers.2.1.2.ffn.layers.1.weight:weight_decay=0.01
2026/09/23 12:03:37 - mmengine - INFO - paramwise_options -- rgb_encoder.layers.2.1.2.ffn.layers.1.weight:lr_mult=0.1
2026/09/23 12:03:37 - mmengine - INFO - paramwise_options -- rgb_encoder.layers.2.1.2.ffn.layers.1.bias:lr=5.9999999999999995e-05
2026/09/23 12:03:37 - mmengine - INFO - paramwise_options -- rgb_encoder.layers.2.1.2.ffn.layers.1.bias:weight_decay=0.01
2026/09/23 12:03:37 - mmengine - INFO - paramwise_options -- rgb_encoder.layers.2.1.2.ffn.layers.1.bias:lr_mult=0.1
2026/09/23 12:03:37 - mmengine - INFO - paramwise_options -- rgb_encoder.layers.2.1.2.ffn.layers.4.weight:lr=5.9999999999999995e-05
2026/09/23 12:03:37 - mmengine - INFO - paramwise_options -- rgb_encoder.layers.2.1.2.ffn.layers.4.weight:weight_decay=0.01
2026/09/23 12:03:37 - mmengine - INFO - paramwise_options -- rgb_encoder.layers.2.1.2.ffn.layers.4.weight:lr_mult=0.1
2026/09/23 12:03:37 - mmengine - INFO - paramwise_options -- rgb_encoder.layers.2.1.2.ffn.layers.4.bias:lr=5.9999999999999995e-05
2026/09/23 12:03:37 - mmengine - INFO - paramwise_options -- rgb_encoder.layers.2.1.2.ffn.layers.4.bias:weight_decay=0.01
2026/09/23 12:03:37 - mmengine - INFO - paramwise_options -- rgb_encoder.layers.2.1.2.ffn.layers.4.bias:lr_mult=0.1
2026/09/23 12:03:37 - mmengine - INFO - paramwise_options -- rgb_encoder.layers.2.1.3.norm1.weight:lr=5.9999999999999995e-05
2026/09/23 12:03:37 - mmengine - INFO - paramwise_options -- rgb_encoder.layers.2.1.3.norm1.weight:weight_decay=0.01
2026/09/23 12:03:37 - mmengine - INFO - paramwise_options -- rgb_encoder.layers.2.1.3.norm1.weight:lr_mult=0.1
2026/09/23 12:03:37 - mmengine - INFO - paramwise_options -- rgb_encoder.layers.2.1.3.norm1.bias:lr=5.9999999999999995e-05
2026/09/23 12:03:37 - mmengine - INFO - paramwise_options -- rgb_encoder.layers.2.1.3.norm1.bias:weight_decay=0.01
2026/09/23 12:03:37 - mmengine - INFO - paramwise_options -- rgb_encoder.layers.2.1.3.norm1.bias:lr_mult=0.1
2026/09/23 12:03:37 - mmengine - INFO - paramwise_options -- rgb_encoder.layers.2.1.3.attn.attn.in_proj_weight:lr=5.9999999999999995e-05
2026/09/23 12:03:37 - mmengine - INFO - paramwise_options -- rgb_encoder.layers.2.1.3.attn.attn.in_proj_weight:weight_decay=0.01
2026/09/23 12:03:37 - mmengine - INFO - paramwise_options -- rgb_encoder.layers.2.1.3.attn.attn.in_proj_weight:lr_mult=0.1
2026/09/23 12:03:37 - mmengine - INFO - paramwise_options -- rgb_encoder.layers.2.1.3.attn.attn.in_proj_bias:lr=5.9999999999999995e-05
2026/09/23 12:03:37 - mmengine - INFO - paramwise_options -- rgb_encoder.layers.2.1.3.attn.attn.in_proj_bias:weight_decay=0.01
2026/09/23 12:03:37 - mmengine - INFO - paramwise_options -- rgb_encoder.layers.2.1.3.attn.attn.in_proj_bias:lr_mult=0.1
2026/09/23 12:03:37 - mmengine - INFO - paramwise_options -- rgb_encoder.layers.2.1.3.attn.attn.out_proj.weight:lr=5.9999999999999995e-05
2026/09/23 12:03:37 - mmengine - INFO - paramwise_options -- rgb_encoder.layers.2.1.3.attn.attn.out_proj.weight:weight_decay=0.01
2026/09/23 12:03:37 - mmengine - INFO - paramwise_options -- rgb_encoder.layers.2.1.3.attn.attn.out_proj.weight:lr_mult=0.1
2026/09/23 12:03:37 - mmengine - INFO - paramwise_options -- rgb_encoder.layers.2.1.3.attn.attn.out_proj.bias:lr=5.9999999999999995e-05
2026/09/23 12:03:37 - mmengine - INFO - paramwise_options -- rgb_encoder.layers.2.1.3.attn.attn.out_proj.bias:weight_decay=0.01
2026/09/23 12:03:37 - mmengine - INFO - paramwise_options -- rgb_encoder.layers.2.1.3.attn.attn.out_proj.bias:lr_mult=0.1
2026/09/23 12:03:37 - mmengine - INFO - paramwise_options -- rgb_encoder.layers.2.1.3.attn.sr.weight:lr=5.9999999999999995e-05
2026/09/23 12:03:37 - mmengine - INFO - paramwise_options -- rgb_encoder.layers.2.1.3.attn.sr.weight:weight_decay=0.01
2026/09/23 12:03:37 - mmengine - INFO - paramwise_options -- rgb_encoder.layers.2.1.3.attn.sr.weight:lr_mult=0.1
2026/09/23 12:03:37 - mmengine - INFO - paramwise_options -- rgb_encoder.layers.2.1.3.attn.sr.bias:lr=5.9999999999999995e-05
2026/09/23 12:03:37 - mmengine - INFO - paramwise_options -- rgb_encoder.layers.2.1.3.attn.sr.bias:weight_decay=0.01
2026/09/23 12:03:37 - mmengine - INFO - paramwise_options -- rgb_encoder.layers.2.1.3.attn.sr.bias:lr_mult=0.1
2026/09/23 12:03:37 - mmengine - INFO - paramwise_options -- rgb_encoder.layers.2.1.3.attn.norm.weight:lr=5.9999999999999995e-05
2026/09/23 12:03:37 - mmengine - INFO - paramwise_options -- rgb_encoder.layers.2.1.3.attn.norm.weight:weight_decay=0.01
2026/09/23 12:03:37 - mmengine - INFO - paramwise_options -- rgb_encoder.layers.2.1.3.attn.norm.weight:lr_mult=0.1
2026/09/23 12:03:37 - mmengine - INFO - paramwise_options -- rgb_encoder.layers.2.1.3.attn.norm.bias:lr=5.9999999999999995e-05
2026/09/23 12:03:37 - mmengine - INFO - paramwise_options -- rgb_encoder.layers.2.1.3.attn.norm.bias:weight_decay=0.01
2026/09/23 12:03:37 - mmengine - INFO - paramwise_options -- rgb_encoder.layers.2.1.3.attn.norm.bias:lr_mult=0.1
2026/09/23 12:03:37 - mmengine - INFO - paramwise_options -- rgb_encoder.layers.2.1.3.norm2.weight:lr=5.9999999999999995e-05
2026/09/23 12:03:37 - mmengine - INFO - paramwise_options -- rgb_encoder.layers.2.1.3.norm2.weight:weight_decay=0.01
2026/09/23 12:03:37 - mmengine - INFO - paramwise_options -- rgb_encoder.layers.2.1.3.norm2.weight:lr_mult=0.1
2026/09/23 12:03:37 - mmengine - INFO - paramwise_options -- rgb_encoder.layers.2.1.3.norm2.bias:lr=5.9999999999999995e-05
2026/09/23 12:03:37 - mmengine - INFO - paramwise_options -- rgb_encoder.layers.2.1.3.norm2.bias:weight_decay=0.01
2026/09/23 12:03:37 - mmengine - INFO - paramwise_options -- rgb_encoder.layers.2.1.3.norm2.bias:lr_mult=0.1
2026/09/23 12:03:37 - mmengine - INFO - paramwise_options -- rgb_encoder.layers.2.1.3.ffn.layers.0.weight:lr=5.9999999999999995e-05
2026/09/23 12:03:37 - mmengine - INFO - paramwise_options -- rgb_encoder.layers.2.1.3.ffn.layers.0.weight:weight_decay=0.01
2026/09/23 12:03:37 - mmengine - INFO - paramwise_options -- rgb_encoder.layers.2.1.3.ffn.layers.0.weight:lr_mult=0.1
2026/09/23 12:03:37 - mmengine - INFO - paramwise_options -- rgb_encoder.layers.2.1.3.ffn.layers.0.bias:lr=5.9999999999999995e-05
2026/09/23 12:03:37 - mmengine - INFO - paramwise_options -- rgb_encoder.layers.2.1.3.ffn.layers.0.bias:weight_decay=0.01
2026/09/23 12:03:37 - mmengine - INFO - paramwise_options -- rgb_encoder.layers.2.1.3.ffn.layers.0.bias:lr_mult=0.1
2026/09/23 12:03:37 - mmengine - INFO - paramwise_options -- rgb_encoder.layers.2.1.3.ffn.layers.1.weight:lr=5.9999999999999995e-05
2026/09/23 12:03:37 - mmengine - INFO - paramwise_options -- rgb_encoder.layers.2.1.3.ffn.layers.1.weight:weight_decay=0.01
2026/09/23 12:03:37 - mmengine - INFO - paramwise_options -- rgb_encoder.layers.2.1.3.ffn.layers.1.weight:lr_mult=0.1
2026/09/23 12:03:37 - mmengine - INFO - paramwise_options -- rgb_encoder.layers.2.1.3.ffn.layers.1.bias:lr=5.9999999999999995e-05
2026/09/23 12:03:37 - mmengine - INFO - paramwise_options -- rgb_encoder.layers.2.1.3.ffn.layers.1.bias:weight_decay=0.01
2026/09/23 12:03:37 - mmengine - INFO - paramwise_options -- rgb_encoder.layers.2.1.3.ffn.layers.1.bias:lr_mult=0.1
2026/09/23 12:03:37 - mmengine - INFO - paramwise_options -- rgb_encoder.layers.2.1.3.ffn.layers.4.weight:lr=5.9999999999999995e-05
2026/09/23 12:03:37 - mmengine - INFO - paramwise_options -- rgb_encoder.layers.2.1.3.ffn.layers.4.weight:weight_decay=0.01
2026/09/23 12:03:37 - mmengine - INFO - paramwise_options -- rgb_encoder.layers.2.1.3.ffn.layers.4.weight:lr_mult=0.1
2026/09/23 12:03:37 - mmengine - INFO - paramwise_options -- rgb_encoder.layers.2.1.3.ffn.layers.4.bias:lr=5.9999999999999995e-05
2026/09/23 12:03:37 - mmengine - INFO - paramwise_options -- rgb_encoder.layers.2.1.3.ffn.layers.4.bias:weight_decay=0.01
2026/09/23 12:03:37 - mmengine - INFO - paramwise_options -- rgb_encoder.layers.2.1.3.ffn.layers.4.bias:lr_mult=0.1
2026/09/23 12:03:37 - mmengine - INFO - paramwise_options -- rgb_encoder.layers.2.1.4.norm1.weight:lr=5.9999999999999995e-05
2026/09/23 12:03:37 - mmengine - INFO - paramwise_options -- rgb_encoder.layers.2.1.4.norm1.weight:weight_decay=0.01
2026/09/23 12:03:37 - mmengine - INFO - paramwise_options -- rgb_encoder.layers.2.1.4.norm1.weight:lr_mult=0.1
2026/09/23 12:03:37 - mmengine - INFO - paramwise_options -- rgb_encoder.layers.2.1.4.norm1.bias:lr=5.9999999999999995e-05
2026/09/23 12:03:37 - mmengine - INFO - paramwise_options -- rgb_encoder.layers.2.1.4.norm1.bias:weight_decay=0.01
2026/09/23 12:03:37 - mmengine - INFO - paramwise_options -- rgb_encoder.layers.2.1.4.norm1.bias:lr_mult=0.1
2026/09/23 12:03:37 - mmengine - INFO - paramwise_options -- rgb_encoder.layers.2.1.4.attn.attn.in_proj_weight:lr=5.9999999999999995e-05
2026/09/23 12:03:37 - mmengine - INFO - paramwise_options -- rgb_encoder.layers.2.1.4.attn.attn.in_proj_weight:weight_decay=0.01
2026/09/23 12:03:37 - mmengine - INFO - paramwise_options -- rgb_encoder.layers.2.1.4.attn.attn.in_proj_weight:lr_mult=0.1
2026/09/23 12:03:37 - mmengine - INFO - paramwise_options -- rgb_encoder.layers.2.1.4.attn.attn.in_proj_bias:lr=5.9999999999999995e-05
2026/09/23 12:03:37 - mmengine - INFO - paramwise_options -- rgb_encoder.layers.2.1.4.attn.attn.in_proj_bias:weight_decay=0.01
2026/09/23 12:03:37 - mmengine - INFO - paramwise_options -- rgb_encoder.layers.2.1.4.attn.attn.in_proj_bias:lr_mult=0.1
2026/09/23 12:03:37 - mmengine - INFO - paramwise_options -- rgb_encoder.layers.2.1.4.attn.attn.out_proj.weight:lr=5.9999999999999995e-05
2026/09/23 12:03:37 - mmengine - INFO - paramwise_options -- rgb_encoder.layers.2.1.4.attn.attn.out_proj.weight:weight_decay=0.01
2026/09/23 12:03:37 - mmengine - INFO - paramwise_options -- rgb_encoder.layers.2.1.4.attn.attn.out_proj.weight:lr_mult=0.1
2026/09/23 12:03:37 - mmengine - INFO - paramwise_options -- rgb_encoder.layers.2.1.4.attn.attn.out_proj.bias:lr=5.9999999999999995e-05
2026/09/23 12:03:37 - mmengine - INFO - paramwise_options -- rgb_encoder.layers.2.1.4.attn.attn.out_proj.bias:weight_decay=0.01
2026/09/23 12:03:37 - mmengine - INFO - paramwise_options -- rgb_encoder.layers.2.1.4.attn.attn.out_proj.bias:lr_mult=0.1
2026/09/23 12:03:37 - mmengine - INFO - paramwise_options -- rgb_encoder.layers.2.1.4.attn.sr.weight:lr=5.9999999999999995e-05
2026/09/23 12:03:37 - mmengine - INFO - paramwise_options -- rgb_encoder.layers.2.1.4.attn.sr.weight:weight_decay=0.01
2026/09/23 12:03:37 - mmengine - INFO - paramwise_options -- rgb_encoder.layers.2.1.4.attn.sr.weight:lr_mult=0.1
2026/09/23 12:03:37 - mmengine - INFO - paramwise_options -- rgb_encoder.layers.2.1.4.attn.sr.bias:lr=5.9999999999999995e-05
2026/09/23 12:03:37 - mmengine - INFO - paramwise_options -- rgb_encoder.layers.2.1.4.attn.sr.bias:weight_decay=0.01
2026/09/23 12:03:37 - mmengine - INFO - paramwise_options -- rgb_encoder.layers.2.1.4.attn.sr.bias:lr_mult=0.1
2026/09/23 12:03:37 - mmengine - INFO - paramwise_options -- rgb_encoder.layers.2.1.4.attn.norm.weight:lr=5.9999999999999995e-05
2026/09/23 12:03:37 - mmengine - INFO - paramwise_options -- rgb_encoder.layers.2.1.4.attn.norm.weight:weight_decay=0.01
2026/09/23 12:03:37 - mmengine - INFO - paramwise_options -- rgb_encoder.layers.2.1.4.attn.norm.weight:lr_mult=0.1
2026/09/23 12:03:37 - mmengine - INFO - paramwise_options -- rgb_encoder.layers.2.1.4.attn.norm.bias:lr=5.9999999999999995e-05
2026/09/23 12:03:37 - mmengine - INFO - paramwise_options -- rgb_encoder.layers.2.1.4.attn.norm.bias:weight_decay=0.01
2026/09/23 12:03:37 - mmengine - INFO - paramwise_options -- rgb_encoder.layers.2.1.4.attn.norm.bias:lr_mult=0.1
2026/09/23 12:03:37 - mmengine - INFO - paramwise_options -- rgb_encoder.layers.2.1.4.norm2.weight:lr=5.9999999999999995e-05
2026/09/23 12:03:37 - mmengine - INFO - paramwise_options -- rgb_encoder.layers.2.1.4.norm2.weight:weight_decay=0.01
2026/09/23 12:03:37 - mmengine - INFO - paramwise_options -- rgb_encoder.layers.2.1.4.norm2.weight:lr_mult=0.1
2026/09/23 12:03:37 - mmengine - INFO - paramwise_options -- rgb_encoder.layers.2.1.4.norm2.bias:lr=5.9999999999999995e-05
2026/09/23 12:03:37 - mmengine - INFO - paramwise_options -- rgb_encoder.layers.2.1.4.norm2.bias:weight_decay=0.01
2026/09/23 12:03:37 - mmengine - INFO - paramwise_options -- rgb_encoder.layers.2.1.4.norm2.bias:lr_mult=0.1
2026/09/23 12:03:37 - mmengine - INFO - paramwise_options -- rgb_encoder.layers.2.1.4.ffn.layers.0.weight:lr=5.9999999999999995e-05
2026/09/23 12:03:37 - mmengine - INFO - paramwise_options -- rgb_encoder.layers.2.1.4.ffn.layers.0.weight:weight_decay=0.01
2026/09/23 12:03:37 - mmengine - INFO - paramwise_options -- rgb_encoder.layers.2.1.4.ffn.layers.0.weight:lr_mult=0.1
2026/09/23 12:03:37 - mmengine - INFO - paramwise_options -- rgb_encoder.layers.2.1.4.ffn.layers.0.bias:lr=5.9999999999999995e-05
2026/09/23 12:03:37 - mmengine - INFO - paramwise_options -- rgb_encoder.layers.2.1.4.ffn.layers.0.bias:weight_decay=0.01
2026/09/23 12:03:37 - mmengine - INFO - paramwise_options -- rgb_encoder.layers.2.1.4.ffn.layers.0.bias:lr_mult=0.1
2026/09/23 12:03:37 - mmengine - INFO - paramwise_options -- rgb_encoder.layers.2.1.4.ffn.layers.1.weight:lr=5.9999999999999995e-05
2026/09/23 12:03:37 - mmengine - INFO - paramwise_options -- rgb_encoder.layers.2.1.4.ffn.layers.1.weight:weight_decay=0.01
2026/09/23 12:03:37 - mmengine - INFO - paramwise_options -- rgb_encoder.layers.2.1.4.ffn.layers.1.weight:lr_mult=0.1
2026/09/23 12:03:37 - mmengine - INFO - paramwise_options -- rgb_encoder.layers.2.1.4.ffn.layers.1.bias:lr=5.9999999999999995e-05
2026/09/23 12:03:37 - mmengine - INFO - paramwise_options -- rgb_encoder.layers.2.1.4.ffn.layers.1.bias:weight_decay=0.01
2026/09/23 12:03:37 - mmengine - INFO - paramwise_options -- rgb_encoder.layers.2.1.4.ffn.layers.1.bias:lr_mult=0.1
2026/09/23 12:03:37 - mmengine - INFO - paramwise_options -- rgb_encoder.layers.2.1.4.ffn.layers.4.weight:lr=5.9999999999999995e-05
2026/09/23 12:03:37 - mmengine - INFO - paramwise_options -- rgb_encoder.layers.2.1.4.ffn.layers.4.weight:weight_decay=0.01
2026/09/23 12:03:37 - mmengine - INFO - paramwise_options -- rgb_encoder.layers.2.1.4.ffn.layers.4.weight:lr_mult=0.1
2026/09/23 12:03:37 - mmengine - INFO - paramwise_options -- rgb_encoder.layers.2.1.4.ffn.layers.4.bias:lr=5.9999999999999995e-05
2026/09/23 12:03:37 - mmengine - INFO - paramwise_options -- rgb_encoder.layers.2.1.4.ffn.layers.4.bias:weight_decay=0.01
2026/09/23 12:03:37 - mmengine - INFO - paramwise_options -- rgb_encoder.layers.2.1.4.ffn.layers.4.bias:lr_mult=0.1
2026/09/23 12:03:37 - mmengine - INFO - paramwise_options -- rgb_encoder.layers.2.1.5.norm1.weight:lr=5.9999999999999995e-05
2026/09/23 12:03:37 - mmengine - INFO - paramwise_options -- rgb_encoder.layers.2.1.5.norm1.weight:weight_decay=0.01
2026/09/23 12:03:37 - mmengine - INFO - paramwise_options -- rgb_encoder.layers.2.1.5.norm1.weight:lr_mult=0.1
2026/09/23 12:03:37 - mmengine - INFO - paramwise_options -- rgb_encoder.layers.2.1.5.norm1.bias:lr=5.9999999999999995e-05
2026/09/23 12:03:37 - mmengine - INFO - paramwise_options -- rgb_encoder.layers.2.1.5.norm1.bias:weight_decay=0.01
2026/09/23 12:03:37 - mmengine - INFO - paramwise_options -- rgb_encoder.layers.2.1.5.norm1.bias:lr_mult=0.1
2026/09/23 12:03:37 - mmengine - INFO - paramwise_options -- rgb_encoder.layers.2.1.5.attn.attn.in_proj_weight:lr=5.9999999999999995e-05
2026/09/23 12:03:37 - mmengine - INFO - paramwise_options -- rgb_encoder.layers.2.1.5.attn.attn.in_proj_weight:weight_decay=0.01
2026/09/23 12:03:37 - mmengine - INFO - paramwise_options -- rgb_encoder.layers.2.1.5.attn.attn.in_proj_weight:lr_mult=0.1
2026/09/23 12:03:37 - mmengine - INFO - paramwise_options -- rgb_encoder.layers.2.1.5.attn.attn.in_proj_bias:lr=5.9999999999999995e-05
2026/09/23 12:03:37 - mmengine - INFO - paramwise_options -- rgb_encoder.layers.2.1.5.attn.attn.in_proj_bias:weight_decay=0.01
2026/09/23 12:03:37 - mmengine - INFO - paramwise_options -- rgb_encoder.layers.2.1.5.attn.attn.in_proj_bias:lr_mult=0.1
2026/09/23 12:03:37 - mmengine - INFO - paramwise_options -- rgb_encoder.layers.2.1.5.attn.attn.out_proj.weight:lr=5.9999999999999995e-05
2026/09/23 12:03:37 - mmengine - INFO - paramwise_options -- rgb_encoder.layers.2.1.5.attn.attn.out_proj.weight:weight_decay=0.01
2026/09/23 12:03:37 - mmengine - INFO - paramwise_options -- rgb_encoder.layers.2.1.5.attn.attn.out_proj.weight:lr_mult=0.1
2026/09/23 12:03:37 - mmengine - INFO - paramwise_options -- rgb_encoder.layers.2.1.5.attn.attn.out_proj.bias:lr=5.9999999999999995e-05
2026/09/23 12:03:37 - mmengine - INFO - paramwise_options -- rgb_encoder.layers.2.1.5.attn.attn.out_proj.bias:weight_decay=0.01
2026/09/23 12:03:37 - mmengine - INFO - paramwise_options -- rgb_encoder.layers.2.1.5.attn.attn.out_proj.bias:lr_mult=0.1
2026/09/23 12:03:37 - mmengine - INFO - paramwise_options -- rgb_encoder.layers.2.1.5.attn.sr.weight:lr=5.9999999999999995e-05
2026/09/23 12:03:37 - mmengine - INFO - paramwise_options -- rgb_encoder.layers.2.1.5.attn.sr.weight:weight_decay=0.01
2026/09/23 12:03:37 - mmengine - INFO - paramwise_options -- rgb_encoder.layers.2.1.5.attn.sr.weight:lr_mult=0.1
2026/09/23 12:03:37 - mmengine - INFO - paramwise_options -- rgb_encoder.layers.2.1.5.attn.sr.bias:lr=5.9999999999999995e-05
2026/09/23 12:03:37 - mmengine - INFO - paramwise_options -- rgb_encoder.layers.2.1.5.attn.sr.bias:weight_decay=0.01
2026/09/23 12:03:37 - mmengine - INFO - paramwise_options -- rgb_encoder.layers.2.1.5.attn.sr.bias:lr_mult=0.1
2026/09/23 12:03:37 - mmengine - INFO - paramwise_options -- rgb_encoder.layers.2.1.5.attn.norm.weight:lr=5.9999999999999995e-05
2026/09/23 12:03:37 - mmengine - INFO - paramwise_options -- rgb_encoder.layers.2.1.5.attn.norm.weight:weight_decay=0.01
2026/09/23 12:03:37 - mmengine - INFO - paramwise_options -- rgb_encoder.layers.2.1.5.attn.norm.weight:lr_mult=0.1
2026/09/23 12:03:37 - mmengine - INFO - paramwise_options -- rgb_encoder.layers.2.1.5.attn.norm.bias:lr=5.9999999999999995e-05
2026/09/23 12:03:37 - mmengine - INFO - paramwise_options -- rgb_encoder.layers.2.1.5.attn.norm.bias:weight_decay=0.01
2026/09/23 12:03:37 - mmengine - INFO - paramwise_options -- rgb_encoder.layers.2.1.5.attn.norm.bias:lr_mult=0.1
2026/09/23 12:03:37 - mmengine - INFO - paramwise_options -- rgb_encoder.layers.2.1.5.norm2.weight:lr=5.9999999999999995e-05
2026/09/23 12:03:37 - mmengine - INFO - paramwise_options -- rgb_encoder.layers.2.1.5.norm2.weight:weight_decay=0.01
2026/09/23 12:03:37 - mmengine - INFO - paramwise_options -- rgb_encoder.layers.2.1.5.norm2.weight:lr_mult=0.1
2026/09/23 12:03:37 - mmengine - INFO - paramwise_options -- rgb_encoder.layers.2.1.5.norm2.bias:lr=5.9999999999999995e-05
2026/09/23 12:03:37 - mmengine - INFO - paramwise_options -- rgb_encoder.layers.2.1.5.norm2.bias:weight_decay=0.01
2026/09/23 12:03:37 - mmengine - INFO - paramwise_options -- rgb_encoder.layers.2.1.5.norm2.bias:lr_mult=0.1
2026/09/23 12:03:37 - mmengine - INFO - paramwise_options -- rgb_encoder.layers.2.1.5.ffn.layers.0.weight:lr=5.9999999999999995e-05
2026/09/23 12:03:37 - mmengine - INFO - paramwise_options -- rgb_encoder.layers.2.1.5.ffn.layers.0.weight:weight_decay=0.01
2026/09/23 12:03:37 - mmengine - INFO - paramwise_options -- rgb_encoder.layers.2.1.5.ffn.layers.0.weight:lr_mult=0.1
2026/09/23 12:03:37 - mmengine - INFO - paramwise_options -- rgb_encoder.layers.2.1.5.ffn.layers.0.bias:lr=5.9999999999999995e-05
2026/09/23 12:03:37 - mmengine - INFO - paramwise_options -- rgb_encoder.layers.2.1.5.ffn.layers.0.bias:weight_decay=0.01
2026/09/23 12:03:37 - mmengine - INFO - paramwise_options -- rgb_encoder.layers.2.1.5.ffn.layers.0.bias:lr_mult=0.1
2026/09/23 12:03:37 - mmengine - INFO - paramwise_options -- rgb_encoder.layers.2.1.5.ffn.layers.1.weight:lr=5.9999999999999995e-05
2026/09/23 12:03:37 - mmengine - INFO - paramwise_options -- rgb_encoder.layers.2.1.5.ffn.layers.1.weight:weight_decay=0.01
2026/09/23 12:03:37 - mmengine - INFO - paramwise_options -- rgb_encoder.layers.2.1.5.ffn.layers.1.weight:lr_mult=0.1
2026/09/23 12:03:37 - mmengine - INFO - paramwise_options -- rgb_encoder.layers.2.1.5.ffn.layers.1.bias:lr=5.9999999999999995e-05
2026/09/23 12:03:37 - mmengine - INFO - paramwise_options -- rgb_encoder.layers.2.1.5.ffn.layers.1.bias:weight_decay=0.01
2026/09/23 12:03:37 - mmengine - INFO - paramwise_options -- rgb_encoder.layers.2.1.5.ffn.layers.1.bias:lr_mult=0.1
2026/09/23 12:03:37 - mmengine - INFO - paramwise_options -- rgb_encoder.layers.2.1.5.ffn.layers.4.weight:lr=5.9999999999999995e-05
2026/09/23 12:03:37 - mmengine - INFO - paramwise_options -- rgb_encoder.layers.2.1.5.ffn.layers.4.weight:weight_decay=0.01
2026/09/23 12:03:37 - mmengine - INFO - paramwise_options -- rgb_encoder.layers.2.1.5.ffn.layers.4.weight:lr_mult=0.1
2026/09/23 12:03:37 - mmengine - INFO - paramwise_options -- rgb_encoder.layers.2.1.5.ffn.layers.4.bias:lr=5.9999999999999995e-05
2026/09/23 12:03:37 - mmengine - INFO - paramwise_options -- rgb_encoder.layers.2.1.5.ffn.layers.4.bias:weight_decay=0.01
2026/09/23 12:03:37 - mmengine - INFO - paramwise_options -- rgb_encoder.layers.2.1.5.ffn.layers.4.bias:lr_mult=0.1
2026/09/23 12:03:37 - mmengine - INFO - paramwise_options -- rgb_encoder.layers.2.2.weight:lr=5.9999999999999995e-05
2026/09/23 12:03:37 - mmengine - INFO - paramwise_options -- rgb_encoder.layers.2.2.weight:weight_decay=0.01
2026/09/23 12:03:37 - mmengine - INFO - paramwise_options -- rgb_encoder.layers.2.2.weight:lr_mult=0.1
2026/09/23 12:03:37 - mmengine - INFO - paramwise_options -- rgb_encoder.layers.2.2.bias:lr=5.9999999999999995e-05
2026/09/23 12:03:37 - mmengine - INFO - paramwise_options -- rgb_encoder.layers.2.2.bias:weight_decay=0.01
2026/09/23 12:03:37 - mmengine - INFO - paramwise_options -- rgb_encoder.layers.2.2.bias:lr_mult=0.1
2026/09/23 12:03:37 - mmengine - INFO - paramwise_options -- rgb_encoder.layers.3.0.projection.weight:lr=5.9999999999999995e-05
2026/09/23 12:03:37 - mmengine - INFO - paramwise_options -- rgb_encoder.layers.3.0.projection.weight:weight_decay=0.01
2026/09/23 12:03:37 - mmengine - INFO - paramwise_options -- rgb_encoder.layers.3.0.projection.weight:lr_mult=0.1
2026/09/23 12:03:37 - mmengine - INFO - paramwise_options -- rgb_encoder.layers.3.0.projection.bias:lr=5.9999999999999995e-05
2026/09/23 12:03:37 - mmengine - INFO - paramwise_options -- rgb_encoder.layers.3.0.projection.bias:weight_decay=0.01
2026/09/23 12:03:37 - mmengine - INFO - paramwise_options -- rgb_encoder.layers.3.0.projection.bias:lr_mult=0.1
2026/09/23 12:03:37 - mmengine - INFO - paramwise_options -- rgb_encoder.layers.3.0.norm.weight:lr=5.9999999999999995e-05
2026/09/23 12:03:37 - mmengine - INFO - paramwise_options -- rgb_encoder.layers.3.0.norm.weight:weight_decay=0.01
2026/09/23 12:03:37 - mmengine - INFO - paramwise_options -- rgb_encoder.layers.3.0.norm.weight:lr_mult=0.1
2026/09/23 12:03:37 - mmengine - INFO - paramwise_options -- rgb_encoder.layers.3.0.norm.bias:lr=5.9999999999999995e-05
2026/09/23 12:03:37 - mmengine - INFO - paramwise_options -- rgb_encoder.layers.3.0.norm.bias:weight_decay=0.01
2026/09/23 12:03:37 - mmengine - INFO - paramwise_options -- rgb_encoder.layers.3.0.norm.bias:lr_mult=0.1
2026/09/23 12:03:37 - mmengine - INFO - paramwise_options -- rgb_encoder.layers.3.1.0.norm1.weight:lr=5.9999999999999995e-05
2026/09/23 12:03:37 - mmengine - INFO - paramwise_options -- rgb_encoder.layers.3.1.0.norm1.weight:weight_decay=0.01
2026/09/23 12:03:37 - mmengine - INFO - paramwise_options -- rgb_encoder.layers.3.1.0.norm1.weight:lr_mult=0.1
2026/09/23 12:03:37 - mmengine - INFO - paramwise_options -- rgb_encoder.layers.3.1.0.norm1.bias:lr=5.9999999999999995e-05
2026/09/23 12:03:37 - mmengine - INFO - paramwise_options -- rgb_encoder.layers.3.1.0.norm1.bias:weight_decay=0.01
2026/09/23 12:03:37 - mmengine - INFO - paramwise_options -- rgb_encoder.layers.3.1.0.norm1.bias:lr_mult=0.1
2026/09/23 12:03:37 - mmengine - INFO - paramwise_options -- rgb_encoder.layers.3.1.0.attn.attn.in_proj_weight:lr=5.9999999999999995e-05
2026/09/23 12:03:37 - mmengine - INFO - paramwise_options -- rgb_encoder.layers.3.1.0.attn.attn.in_proj_weight:weight_decay=0.01
2026/09/23 12:03:37 - mmengine - INFO - paramwise_options -- rgb_encoder.layers.3.1.0.attn.attn.in_proj_weight:lr_mult=0.1
2026/09/23 12:03:37 - mmengine - INFO - paramwise_options -- rgb_encoder.layers.3.1.0.attn.attn.in_proj_bias:lr=5.9999999999999995e-05
2026/09/23 12:03:37 - mmengine - INFO - paramwise_options -- rgb_encoder.layers.3.1.0.attn.attn.in_proj_bias:weight_decay=0.01
2026/09/23 12:03:37 - mmengine - INFO - paramwise_options -- rgb_encoder.layers.3.1.0.attn.attn.in_proj_bias:lr_mult=0.1
2026/09/23 12:03:37 - mmengine - INFO - paramwise_options -- rgb_encoder.layers.3.1.0.attn.attn.out_proj.weight:lr=5.9999999999999995e-05
2026/09/23 12:03:37 - mmengine - INFO - paramwise_options -- rgb_encoder.layers.3.1.0.attn.attn.out_proj.weight:weight_decay=0.01
2026/09/23 12:03:37 - mmengine - INFO - paramwise_options -- rgb_encoder.layers.3.1.0.attn.attn.out_proj.weight:lr_mult=0.1
2026/09/23 12:03:37 - mmengine - INFO - paramwise_options -- rgb_encoder.layers.3.1.0.attn.attn.out_proj.bias:lr=5.9999999999999995e-05
2026/09/23 12:03:37 - mmengine - INFO - paramwise_options -- rgb_encoder.layers.3.1.0.attn.attn.out_proj.bias:weight_decay=0.01
2026/09/23 12:03:37 - mmengine - INFO - paramwise_options -- rgb_encoder.layers.3.1.0.attn.attn.out_proj.bias:lr_mult=0.1
2026/09/23 12:03:37 - mmengine - INFO - paramwise_options -- rgb_encoder.layers.3.1.0.norm2.weight:lr=5.9999999999999995e-05
2026/09/23 12:03:37 - mmengine - INFO - paramwise_options -- rgb_encoder.layers.3.1.0.norm2.weight:weight_decay=0.01
2026/09/23 12:03:37 - mmengine - INFO - paramwise_options -- rgb_encoder.layers.3.1.0.norm2.weight:lr_mult=0.1
2026/09/23 12:03:37 - mmengine - INFO - paramwise_options -- rgb_encoder.layers.3.1.0.norm2.bias:lr=5.9999999999999995e-05
2026/09/23 12:03:37 - mmengine - INFO - paramwise_options -- rgb_encoder.layers.3.1.0.norm2.bias:weight_decay=0.01
2026/09/23 12:03:37 - mmengine - INFO - paramwise_options -- rgb_encoder.layers.3.1.0.norm2.bias:lr_mult=0.1
2026/09/23 12:03:37 - mmengine - INFO - paramwise_options -- rgb_encoder.layers.3.1.0.ffn.layers.0.weight:lr=5.9999999999999995e-05
2026/09/23 12:03:37 - mmengine - INFO - paramwise_options -- rgb_encoder.layers.3.1.0.ffn.layers.0.weight:weight_decay=0.01
2026/09/23 12:03:37 - mmengine - INFO - paramwise_options -- rgb_encoder.layers.3.1.0.ffn.layers.0.weight:lr_mult=0.1
2026/09/23 12:03:37 - mmengine - INFO - paramwise_options -- rgb_encoder.layers.3.1.0.ffn.layers.0.bias:lr=5.9999999999999995e-05
2026/09/23 12:03:37 - mmengine - INFO - paramwise_options -- rgb_encoder.layers.3.1.0.ffn.layers.0.bias:weight_decay=0.01
2026/09/23 12:03:37 - mmengine - INFO - paramwise_options -- rgb_encoder.layers.3.1.0.ffn.layers.0.bias:lr_mult=0.1
2026/09/23 12:03:37 - mmengine - INFO - paramwise_options -- rgb_encoder.layers.3.1.0.ffn.layers.1.weight:lr=5.9999999999999995e-05
2026/09/23 12:03:37 - mmengine - INFO - paramwise_options -- rgb_encoder.layers.3.1.0.ffn.layers.1.weight:weight_decay=0.01
2026/09/23 12:03:37 - mmengine - INFO - paramwise_options -- rgb_encoder.layers.3.1.0.ffn.layers.1.weight:lr_mult=0.1
2026/09/23 12:03:37 - mmengine - INFO - paramwise_options -- rgb_encoder.layers.3.1.0.ffn.layers.1.bias:lr=5.9999999999999995e-05
2026/09/23 12:03:37 - mmengine - INFO - paramwise_options -- rgb_encoder.layers.3.1.0.ffn.layers.1.bias:weight_decay=0.01
2026/09/23 12:03:37 - mmengine - INFO - paramwise_options -- rgb_encoder.layers.3.1.0.ffn.layers.1.bias:lr_mult=0.1
2026/09/23 12:03:37 - mmengine - INFO - paramwise_options -- rgb_encoder.layers.3.1.0.ffn.layers.4.weight:lr=5.9999999999999995e-05
2026/09/23 12:03:37 - mmengine - INFO - paramwise_options -- rgb_encoder.layers.3.1.0.ffn.layers.4.weight:weight_decay=0.01
2026/09/23 12:03:37 - mmengine - INFO - paramwise_options -- rgb_encoder.layers.3.1.0.ffn.layers.4.weight:lr_mult=0.1
2026/09/23 12:03:37 - mmengine - INFO - paramwise_options -- rgb_encoder.layers.3.1.0.ffn.layers.4.bias:lr=5.9999999999999995e-05
2026/09/23 12:03:37 - mmengine - INFO - paramwise_options -- rgb_encoder.layers.3.1.0.ffn.layers.4.bias:weight_decay=0.01
2026/09/23 12:03:37 - mmengine - INFO - paramwise_options -- rgb_encoder.layers.3.1.0.ffn.layers.4.bias:lr_mult=0.1
2026/09/23 12:03:37 - mmengine - INFO - paramwise_options -- rgb_encoder.layers.3.1.1.norm1.weight:lr=5.9999999999999995e-05
2026/09/23 12:03:37 - mmengine - INFO - paramwise_options -- rgb_encoder.layers.3.1.1.norm1.weight:weight_decay=0.01
2026/09/23 12:03:37 - mmengine - INFO - paramwise_options -- rgb_encoder.layers.3.1.1.norm1.weight:lr_mult=0.1
2026/09/23 12:03:37 - mmengine - INFO - paramwise_options -- rgb_encoder.layers.3.1.1.norm1.bias:lr=5.9999999999999995e-05
2026/09/23 12:03:37 - mmengine - INFO - paramwise_options -- rgb_encoder.layers.3.1.1.norm1.bias:weight_decay=0.01
2026/09/23 12:03:37 - mmengine - INFO - paramwise_options -- rgb_encoder.layers.3.1.1.norm1.bias:lr_mult=0.1
2026/09/23 12:03:37 - mmengine - INFO - paramwise_options -- rgb_encoder.layers.3.1.1.attn.attn.in_proj_weight:lr=5.9999999999999995e-05
2026/09/23 12:03:37 - mmengine - INFO - paramwise_options -- rgb_encoder.layers.3.1.1.attn.attn.in_proj_weight:weight_decay=0.01
2026/09/23 12:03:37 - mmengine - INFO - paramwise_options -- rgb_encoder.layers.3.1.1.attn.attn.in_proj_weight:lr_mult=0.1
2026/09/23 12:03:37 - mmengine - INFO - paramwise_options -- rgb_encoder.layers.3.1.1.attn.attn.in_proj_bias:lr=5.9999999999999995e-05
2026/09/23 12:03:37 - mmengine - INFO - paramwise_options -- rgb_encoder.layers.3.1.1.attn.attn.in_proj_bias:weight_decay=0.01
2026/09/23 12:03:37 - mmengine - INFO - paramwise_options -- rgb_encoder.layers.3.1.1.attn.attn.in_proj_bias:lr_mult=0.1
2026/09/23 12:03:37 - mmengine - INFO - paramwise_options -- rgb_encoder.layers.3.1.1.attn.attn.out_proj.weight:lr=5.9999999999999995e-05
2026/09/23 12:03:37 - mmengine - INFO - paramwise_options -- rgb_encoder.layers.3.1.1.attn.attn.out_proj.weight:weight_decay=0.01
2026/09/23 12:03:37 - mmengine - INFO - paramwise_options -- rgb_encoder.layers.3.1.1.attn.attn.out_proj.weight:lr_mult=0.1
2026/09/23 12:03:37 - mmengine - INFO - paramwise_options -- rgb_encoder.layers.3.1.1.attn.attn.out_proj.bias:lr=5.9999999999999995e-05
2026/09/23 12:03:37 - mmengine - INFO - paramwise_options -- rgb_encoder.layers.3.1.1.attn.attn.out_proj.bias:weight_decay=0.01
2026/09/23 12:03:37 - mmengine - INFO - paramwise_options -- rgb_encoder.layers.3.1.1.attn.attn.out_proj.bias:lr_mult=0.1
2026/09/23 12:03:37 - mmengine - INFO - paramwise_options -- rgb_encoder.layers.3.1.1.norm2.weight:lr=5.9999999999999995e-05
2026/09/23 12:03:37 - mmengine - INFO - paramwise_options -- rgb_encoder.layers.3.1.1.norm2.weight:weight_decay=0.01
2026/09/23 12:03:37 - mmengine - INFO - paramwise_options -- rgb_encoder.layers.3.1.1.norm2.weight:lr_mult=0.1
2026/09/23 12:03:37 - mmengine - INFO - paramwise_options -- rgb_encoder.layers.3.1.1.norm2.bias:lr=5.9999999999999995e-05
2026/09/23 12:03:37 - mmengine - INFO - paramwise_options -- rgb_encoder.layers.3.1.1.norm2.bias:weight_decay=0.01
2026/09/23 12:03:37 - mmengine - INFO - paramwise_options -- rgb_encoder.layers.3.1.1.norm2.bias:lr_mult=0.1
2026/09/23 12:03:37 - mmengine - INFO - paramwise_options -- rgb_encoder.layers.3.1.1.ffn.layers.0.weight:lr=5.9999999999999995e-05
2026/09/23 12:03:37 - mmengine - INFO - paramwise_options -- rgb_encoder.layers.3.1.1.ffn.layers.0.weight:weight_decay=0.01
2026/09/23 12:03:37 - mmengine - INFO - paramwise_options -- rgb_encoder.layers.3.1.1.ffn.layers.0.weight:lr_mult=0.1
2026/09/23 12:03:37 - mmengine - INFO - paramwise_options -- rgb_encoder.layers.3.1.1.ffn.layers.0.bias:lr=5.9999999999999995e-05
2026/09/23 12:03:37 - mmengine - INFO - paramwise_options -- rgb_encoder.layers.3.1.1.ffn.layers.0.bias:weight_decay=0.01
2026/09/23 12:03:37 - mmengine - INFO - paramwise_options -- rgb_encoder.layers.3.1.1.ffn.layers.0.bias:lr_mult=0.1
2026/09/23 12:03:37 - mmengine - INFO - paramwise_options -- rgb_encoder.layers.3.1.1.ffn.layers.1.weight:lr=5.9999999999999995e-05
2026/09/23 12:03:37 - mmengine - INFO - paramwise_options -- rgb_encoder.layers.3.1.1.ffn.layers.1.weight:weight_decay=0.01
2026/09/23 12:03:37 - mmengine - INFO - paramwise_options -- rgb_encoder.layers.3.1.1.ffn.layers.1.weight:lr_mult=0.1
2026/09/23 12:03:37 - mmengine - INFO - paramwise_options -- rgb_encoder.layers.3.1.1.ffn.layers.1.bias:lr=5.9999999999999995e-05
2026/09/23 12:03:37 - mmengine - INFO - paramwise_options -- rgb_encoder.layers.3.1.1.ffn.layers.1.bias:weight_decay=0.01
2026/09/23 12:03:37 - mmengine - INFO - paramwise_options -- rgb_encoder.layers.3.1.1.ffn.layers.1.bias:lr_mult=0.1
2026/09/23 12:03:37 - mmengine - INFO - paramwise_options -- rgb_encoder.layers.3.1.1.ffn.layers.4.weight:lr=5.9999999999999995e-05
2026/09/23 12:03:37 - mmengine - INFO - paramwise_options -- rgb_encoder.layers.3.1.1.ffn.layers.4.weight:weight_decay=0.01
2026/09/23 12:03:37 - mmengine - INFO - paramwise_options -- rgb_encoder.layers.3.1.1.ffn.layers.4.weight:lr_mult=0.1
2026/09/23 12:03:37 - mmengine - INFO - paramwise_options -- rgb_encoder.layers.3.1.1.ffn.layers.4.bias:lr=5.9999999999999995e-05
2026/09/23 12:03:37 - mmengine - INFO - paramwise_options -- rgb_encoder.layers.3.1.1.ffn.layers.4.bias:weight_decay=0.01
2026/09/23 12:03:37 - mmengine - INFO - paramwise_options -- rgb_encoder.layers.3.1.1.ffn.layers.4.bias:lr_mult=0.1
2026/09/23 12:03:37 - mmengine - INFO - paramwise_options -- rgb_encoder.layers.3.1.2.norm1.weight:lr=5.9999999999999995e-05
2026/09/23 12:03:37 - mmengine - INFO - paramwise_options -- rgb_encoder.layers.3.1.2.norm1.weight:weight_decay=0.01
2026/09/23 12:03:37 - mmengine - INFO - paramwise_options -- rgb_encoder.layers.3.1.2.norm1.weight:lr_mult=0.1
2026/09/23 12:03:37 - mmengine - INFO - paramwise_options -- rgb_encoder.layers.3.1.2.norm1.bias:lr=5.9999999999999995e-05
2026/09/23 12:03:37 - mmengine - INFO - paramwise_options -- rgb_encoder.layers.3.1.2.norm1.bias:weight_decay=0.01
2026/09/23 12:03:37 - mmengine - INFO - paramwise_options -- rgb_encoder.layers.3.1.2.norm1.bias:lr_mult=0.1
2026/09/23 12:03:37 - mmengine - INFO - paramwise_options -- rgb_encoder.layers.3.1.2.attn.attn.in_proj_weight:lr=5.9999999999999995e-05
2026/09/23 12:03:37 - mmengine - INFO - paramwise_options -- rgb_encoder.layers.3.1.2.attn.attn.in_proj_weight:weight_decay=0.01
2026/09/23 12:03:37 - mmengine - INFO - paramwise_options -- rgb_encoder.layers.3.1.2.attn.attn.in_proj_weight:lr_mult=0.1
2026/09/23 12:03:37 - mmengine - INFO - paramwise_options -- rgb_encoder.layers.3.1.2.attn.attn.in_proj_bias:lr=5.9999999999999995e-05
2026/09/23 12:03:37 - mmengine - INFO - paramwise_options -- rgb_encoder.layers.3.1.2.attn.attn.in_proj_bias:weight_decay=0.01
2026/09/23 12:03:37 - mmengine - INFO - paramwise_options -- rgb_encoder.layers.3.1.2.attn.attn.in_proj_bias:lr_mult=0.1
2026/09/23 12:03:37 - mmengine - INFO - paramwise_options -- rgb_encoder.layers.3.1.2.attn.attn.out_proj.weight:lr=5.9999999999999995e-05
2026/09/23 12:03:37 - mmengine - INFO - paramwise_options -- rgb_encoder.layers.3.1.2.attn.attn.out_proj.weight:weight_decay=0.01
2026/09/23 12:03:37 - mmengine - INFO - paramwise_options -- rgb_encoder.layers.3.1.2.attn.attn.out_proj.weight:lr_mult=0.1
2026/09/23 12:03:37 - mmengine - INFO - paramwise_options -- rgb_encoder.layers.3.1.2.attn.attn.out_proj.bias:lr=5.9999999999999995e-05
2026/09/23 12:03:37 - mmengine - INFO - paramwise_options -- rgb_encoder.layers.3.1.2.attn.attn.out_proj.bias:weight_decay=0.01
2026/09/23 12:03:37 - mmengine - INFO - paramwise_options -- rgb_encoder.layers.3.1.2.attn.attn.out_proj.bias:lr_mult=0.1
2026/09/23 12:03:37 - mmengine - INFO - paramwise_options -- rgb_encoder.layers.3.1.2.norm2.weight:lr=5.9999999999999995e-05
2026/09/23 12:03:37 - mmengine - INFO - paramwise_options -- rgb_encoder.layers.3.1.2.norm2.weight:weight_decay=0.01
2026/09/23 12:03:37 - mmengine - INFO - paramwise_options -- rgb_encoder.layers.3.1.2.norm2.weight:lr_mult=0.1
2026/09/23 12:03:37 - mmengine - INFO - paramwise_options -- rgb_encoder.layers.3.1.2.norm2.bias:lr=5.9999999999999995e-05
2026/09/23 12:03:37 - mmengine - INFO - paramwise_options -- rgb_encoder.layers.3.1.2.norm2.bias:weight_decay=0.01
2026/09/23 12:03:37 - mmengine - INFO - paramwise_options -- rgb_encoder.layers.3.1.2.norm2.bias:lr_mult=0.1
2026/09/23 12:03:37 - mmengine - INFO - paramwise_options -- rgb_encoder.layers.3.1.2.ffn.layers.0.weight:lr=5.9999999999999995e-05
2026/09/23 12:03:37 - mmengine - INFO - paramwise_options -- rgb_encoder.layers.3.1.2.ffn.layers.0.weight:weight_decay=0.01
2026/09/23 12:03:37 - mmengine - INFO - paramwise_options -- rgb_encoder.layers.3.1.2.ffn.layers.0.weight:lr_mult=0.1
2026/09/23 12:03:37 - mmengine - INFO - paramwise_options -- rgb_encoder.layers.3.1.2.ffn.layers.0.bias:lr=5.9999999999999995e-05
2026/09/23 12:03:37 - mmengine - INFO - paramwise_options -- rgb_encoder.layers.3.1.2.ffn.layers.0.bias:weight_decay=0.01
2026/09/23 12:03:37 - mmengine - INFO - paramwise_options -- rgb_encoder.layers.3.1.2.ffn.layers.0.bias:lr_mult=0.1
2026/09/23 12:03:37 - mmengine - INFO - paramwise_options -- rgb_encoder.layers.3.1.2.ffn.layers.1.weight:lr=5.9999999999999995e-05
2026/09/23 12:03:37 - mmengine - INFO - paramwise_options -- rgb_encoder.layers.3.1.2.ffn.layers.1.weight:weight_decay=0.01
2026/09/23 12:03:37 - mmengine - INFO - paramwise_options -- rgb_encoder.layers.3.1.2.ffn.layers.1.weight:lr_mult=0.1
2026/09/23 12:03:37 - mmengine - INFO - paramwise_options -- rgb_encoder.layers.3.1.2.ffn.layers.1.bias:lr=5.9999999999999995e-05
2026/09/23 12:03:37 - mmengine - INFO - paramwise_options -- rgb_encoder.layers.3.1.2.ffn.layers.1.bias:weight_decay=0.01
2026/09/23 12:03:37 - mmengine - INFO - paramwise_options -- rgb_encoder.layers.3.1.2.ffn.layers.1.bias:lr_mult=0.1
2026/09/23 12:03:37 - mmengine - INFO - paramwise_options -- rgb_encoder.layers.3.1.2.ffn.layers.4.weight:lr=5.9999999999999995e-05
2026/09/23 12:03:37 - mmengine - INFO - paramwise_options -- rgb_encoder.layers.3.1.2.ffn.layers.4.weight:weight_decay=0.01
2026/09/23 12:03:37 - mmengine - INFO - paramwise_options -- rgb_encoder.layers.3.1.2.ffn.layers.4.weight:lr_mult=0.1
2026/09/23 12:03:37 - mmengine - INFO - paramwise_options -- rgb_encoder.layers.3.1.2.ffn.layers.4.bias:lr=5.9999999999999995e-05
2026/09/23 12:03:37 - mmengine - INFO - paramwise_options -- rgb_encoder.layers.3.1.2.ffn.layers.4.bias:weight_decay=0.01
2026/09/23 12:03:37 - mmengine - INFO - paramwise_options -- rgb_encoder.layers.3.1.2.ffn.layers.4.bias:lr_mult=0.1
2026/09/23 12:03:37 - mmengine - INFO - paramwise_options -- rgb_encoder.layers.3.2.weight:lr=5.9999999999999995e-05
2026/09/23 12:03:37 - mmengine - INFO - paramwise_options -- rgb_encoder.layers.3.2.weight:weight_decay=0.01
2026/09/23 12:03:37 - mmengine - INFO - paramwise_options -- rgb_encoder.layers.3.2.weight:lr_mult=0.1
2026/09/23 12:03:37 - mmengine - INFO - paramwise_options -- rgb_encoder.layers.3.2.bias:lr=5.9999999999999995e-05
2026/09/23 12:03:37 - mmengine - INFO - paramwise_options -- rgb_encoder.layers.3.2.bias:weight_decay=0.01
2026/09/23 12:03:37 - mmengine - INFO - paramwise_options -- rgb_encoder.layers.3.2.bias:lr_mult=0.1
2026/09/23 12:03:37 - mmengine - INFO - paramwise_options -- global_film.modulators.0.weight:lr=0.00015
2026/09/23 12:03:37 - mmengine - INFO - paramwise_options -- global_film.modulators.0.weight:weight_decay=0.01
2026/09/23 12:03:37 - mmengine - INFO - paramwise_options -- global_film.modulators.0.weight:lr_mult=0.25
2026/09/23 12:03:37 - mmengine - INFO - paramwise_options -- global_film.modulators.0.bias:lr=0.00015
2026/09/23 12:03:37 - mmengine - INFO - paramwise_options -- global_film.modulators.0.bias:weight_decay=0.01
2026/09/23 12:03:37 - mmengine - INFO - paramwise_options -- global_film.modulators.0.bias:lr_mult=0.25
2026/09/23 12:03:37 - mmengine - INFO - paramwise_options -- global_film.modulators.1.weight:lr=0.00015
2026/09/23 12:03:37 - mmengine - INFO - paramwise_options -- global_film.modulators.1.weight:weight_decay=0.01
2026/09/23 12:03:37 - mmengine - INFO - paramwise_options -- global_film.modulators.1.weight:lr_mult=0.25
2026/09/23 12:03:37 - mmengine - INFO - paramwise_options -- global_film.modulators.1.bias:lr=0.00015
2026/09/23 12:03:37 - mmengine - INFO - paramwise_options -- global_film.modulators.1.bias:weight_decay=0.01
2026/09/23 12:03:37 - mmengine - INFO - paramwise_options -- global_film.modulators.1.bias:lr_mult=0.25
2026/09/23 12:03:37 - mmengine - INFO - paramwise_options -- global_film.modulators.2.weight:lr=0.00015
2026/09/23 12:03:37 - mmengine - INFO - paramwise_options -- global_film.modulators.2.weight:weight_decay=0.01
2026/09/23 12:03:37 - mmengine - INFO - paramwise_options -- global_film.modulators.2.weight:lr_mult=0.25
2026/09/23 12:03:37 - mmengine - INFO - paramwise_options -- global_film.modulators.2.bias:lr=0.00015
2026/09/23 12:03:37 - mmengine - INFO - paramwise_options -- global_film.modulators.2.bias:weight_decay=0.01
2026/09/23 12:03:37 - mmengine - INFO - paramwise_options -- global_film.modulators.2.bias:lr_mult=0.25
2026/09/23 12:03:37 - mmengine - INFO - paramwise_options -- global_film.modulators.3.weight:lr=0.00015
2026/09/23 12:03:37 - mmengine - INFO - paramwise_options -- global_film.modulators.3.weight:weight_decay=0.01
2026/09/23 12:03:37 - mmengine - INFO - paramwise_options -- global_film.modulators.3.weight:lr_mult=0.25
2026/09/23 12:03:37 - mmengine - INFO - paramwise_options -- global_film.modulators.3.bias:lr=0.00015
2026/09/23 12:03:37 - mmengine - INFO - paramwise_options -- global_film.modulators.3.bias:weight_decay=0.01
2026/09/23 12:03:37 - mmengine - INFO - paramwise_options -- global_film.modulators.3.bias:lr_mult=0.25
2026/09/23 12:03:37 - mmengine - INFO - paramwise_options -- rgb_aux_head.weight:lr=0.00015
2026/09/23 12:03:37 - mmengine - INFO - paramwise_options -- rgb_aux_head.weight:weight_decay=0.01
2026/09/23 12:03:37 - mmengine - INFO - paramwise_options -- rgb_aux_head.weight:lr_mult=0.25
2026/09/23 12:03:37 - mmengine - INFO - paramwise_options -- rgb_aux_head.bias:lr=0.00015
2026/09/23 12:03:37 - mmengine - INFO - paramwise_options -- rgb_aux_head.bias:weight_decay=0.01
2026/09/23 12:03:37 - mmengine - INFO - paramwise_options -- rgb_aux_head.bias:lr_mult=0.25
2026/09/23 12:03:37 - mmengine - INFO - paramwise_options -- rgb_boundary_head.0.weight:lr=0.00015
2026/09/23 12:03:37 - mmengine - INFO - paramwise_options -- rgb_boundary_head.0.weight:weight_decay=0.01
2026/09/23 12:03:37 - mmengine - INFO - paramwise_options -- rgb_boundary_head.0.weight:lr_mult=0.25
2026/09/23 12:03:37 - mmengine - INFO - paramwise_options -- rgb_boundary_head.0.bias:lr=0.00015
2026/09/23 12:03:37 - mmengine - INFO - paramwise_options -- rgb_boundary_head.0.bias:weight_decay=0.01
2026/09/23 12:03:37 - mmengine - INFO - paramwise_options -- rgb_boundary_head.0.bias:lr_mult=0.25
2026/09/23 12:03:37 - mmengine - INFO - paramwise_options -- rgb_boundary_head.2.weight:lr=0.00015
2026/09/23 12:03:37 - mmengine - INFO - paramwise_options -- rgb_boundary_head.2.weight:weight_decay=0.01
2026/09/23 12:03:37 - mmengine - INFO - paramwise_options -- rgb_boundary_head.2.weight:lr_mult=0.25
2026/09/23 12:03:37 - mmengine - INFO - paramwise_options -- rgb_boundary_head.2.bias:lr=0.00015
2026/09/23 12:03:37 - mmengine - INFO - paramwise_options -- rgb_boundary_head.2.bias:weight_decay=0.01
2026/09/23 12:03:37 - mmengine - INFO - paramwise_options -- rgb_boundary_head.2.bias:lr_mult=0.25
2026/09/23 12:03:37 - mmengine - WARNING - rectifier.correction_logit is skipped since its requires_grad=False
2026/09/23 12:03:37 - mmengine - WARNING - rectifier.depth_encoder.0.0.weight is skipped since its requires_grad=False
2026/09/23 12:03:37 - mmengine - WARNING - rectifier.depth_encoder.0.1.weight is skipped since its requires_grad=False
2026/09/23 12:03:37 - mmengine - WARNING - rectifier.depth_encoder.0.1.bias is skipped since its requires_grad=False
2026/09/23 12:03:37 - mmengine - WARNING - rectifier.depth_encoder.1.0.weight is skipped since its requires_grad=False
2026/09/23 12:03:37 - mmengine - WARNING - rectifier.depth_encoder.1.1.weight is skipped since its requires_grad=False
2026/09/23 12:03:37 - mmengine - WARNING - rectifier.depth_encoder.1.1.bias is skipped since its requires_grad=False
2026/09/23 12:03:37 - mmengine - WARNING - rectifier.rgb_projection.0.weight is skipped since its requires_grad=False
2026/09/23 12:03:37 - mmengine - WARNING - rectifier.rgb_projection.1.weight is skipped since its requires_grad=False
2026/09/23 12:03:37 - mmengine - WARNING - rectifier.rgb_projection.1.bias is skipped since its requires_grad=False
2026/09/23 12:03:37 - mmengine - WARNING - rectifier.offset_mask.0.0.weight is skipped since its requires_grad=False
2026/09/23 12:03:37 - mmengine - WARNING - rectifier.offset_mask.0.1.weight is skipped since its requires_grad=False
2026/09/23 12:03:37 - mmengine - WARNING - rectifier.offset_mask.0.1.bias is skipped since its requires_grad=False
2026/09/23 12:03:37 - mmengine - WARNING - rectifier.offset_mask.1.weight is skipped since its requires_grad=False
2026/09/23 12:03:37 - mmengine - WARNING - rectifier.offset_mask.1.bias is skipped since its requires_grad=False
2026/09/23 12:03:37 - mmengine - WARNING - rectifier.deform.weight is skipped since its requires_grad=False
2026/09/23 12:03:37 - mmengine - WARNING - rectifier.deform.bias is skipped since its requires_grad=False
2026/09/23 12:03:37 - mmengine - WARNING - rectifier.learned_reliability.0.0.weight is skipped since its requires_grad=False
2026/09/23 12:03:37 - mmengine - WARNING - rectifier.learned_reliability.0.1.weight is skipped since its requires_grad=False
2026/09/23 12:03:37 - mmengine - WARNING - rectifier.learned_reliability.0.1.bias is skipped since its requires_grad=False
2026/09/23 12:03:37 - mmengine - WARNING - rectifier.learned_reliability.1.weight is skipped since its requires_grad=False
2026/09/23 12:03:37 - mmengine - WARNING - rectifier.learned_reliability.1.bias is skipped since its requires_grad=False
2026/09/23 12:03:37 - mmengine - WARNING - rectifier.residual.0.0.weight is skipped since its requires_grad=False
2026/09/23 12:03:37 - mmengine - WARNING - rectifier.residual.0.1.weight is skipped since its requires_grad=False
2026/09/23 12:03:37 - mmengine - WARNING - rectifier.residual.0.1.bias is skipped since its requires_grad=False
2026/09/23 12:03:37 - mmengine - WARNING - rectifier.residual.1.weight is skipped since its requires_grad=False
2026/09/23 12:03:37 - mmengine - WARNING - rectifier.residual.1.bias is skipped since its requires_grad=False
2026/09/23 12:03:37 - mmengine - INFO - paramwise_options -- geometry_encoder.stem.0.1.weight:weight_decay=0.0
2026/09/23 12:03:37 - mmengine - INFO - paramwise_options -- geometry_encoder.stem.0.1.bias:weight_decay=0.0
2026/09/23 12:03:37 - mmengine - INFO - paramwise_options -- geometry_encoder.stem.1.block.0.1.weight:weight_decay=0.0
2026/09/23 12:03:37 - mmengine - INFO - paramwise_options -- geometry_encoder.stem.1.block.0.1.bias:weight_decay=0.0
2026/09/23 12:03:37 - mmengine - INFO - paramwise_options -- geometry_encoder.stem.1.block.1.1.weight:weight_decay=0.0
2026/09/23 12:03:37 - mmengine - INFO - paramwise_options -- geometry_encoder.stem.1.block.1.1.bias:weight_decay=0.0
2026/09/23 12:03:37 - mmengine - INFO - paramwise_options -- geometry_encoder.downsamples.0.block.0.1.weight:weight_decay=0.0
2026/09/23 12:03:37 - mmengine - INFO - paramwise_options -- geometry_encoder.downsamples.0.block.0.1.bias:weight_decay=0.0
2026/09/23 12:03:37 - mmengine - INFO - paramwise_options -- geometry_encoder.downsamples.0.block.1.1.weight:weight_decay=0.0
2026/09/23 12:03:37 - mmengine - INFO - paramwise_options -- geometry_encoder.downsamples.0.block.1.1.bias:weight_decay=0.0
2026/09/23 12:03:37 - mmengine - INFO - paramwise_options -- geometry_encoder.downsamples.0.shortcut.1.weight:weight_decay=0.0
2026/09/23 12:03:37 - mmengine - INFO - paramwise_options -- geometry_encoder.downsamples.0.shortcut.1.bias:weight_decay=0.0
2026/09/23 12:03:37 - mmengine - INFO - paramwise_options -- geometry_encoder.downsamples.1.block.0.1.weight:weight_decay=0.0
2026/09/23 12:03:37 - mmengine - INFO - paramwise_options -- geometry_encoder.downsamples.1.block.0.1.bias:weight_decay=0.0
2026/09/23 12:03:37 - mmengine - INFO - paramwise_options -- geometry_encoder.downsamples.1.block.1.1.weight:weight_decay=0.0
2026/09/23 12:03:37 - mmengine - INFO - paramwise_options -- geometry_encoder.downsamples.1.block.1.1.bias:weight_decay=0.0
2026/09/23 12:03:37 - mmengine - INFO - paramwise_options -- geometry_encoder.downsamples.1.shortcut.1.weight:weight_decay=0.0
2026/09/23 12:03:37 - mmengine - INFO - paramwise_options -- geometry_encoder.downsamples.1.shortcut.1.bias:weight_decay=0.0
2026/09/23 12:03:37 - mmengine - INFO - paramwise_options -- geometry_encoder.downsamples.2.block.0.1.weight:weight_decay=0.0
2026/09/23 12:03:37 - mmengine - INFO - paramwise_options -- geometry_encoder.downsamples.2.block.0.1.bias:weight_decay=0.0
2026/09/23 12:03:37 - mmengine - INFO - paramwise_options -- geometry_encoder.downsamples.2.block.1.1.weight:weight_decay=0.0
2026/09/23 12:03:37 - mmengine - INFO - paramwise_options -- geometry_encoder.downsamples.2.block.1.1.bias:weight_decay=0.0
2026/09/23 12:03:37 - mmengine - INFO - paramwise_options -- geometry_encoder.downsamples.2.shortcut.1.weight:weight_decay=0.0
2026/09/23 12:03:37 - mmengine - INFO - paramwise_options -- geometry_encoder.downsamples.2.shortcut.1.bias:weight_decay=0.0
2026/09/23 12:03:37 - mmengine - INFO - paramwise_options -- geometry_pyramid.laterals.0.1.weight:weight_decay=0.0
2026/09/23 12:03:37 - mmengine - INFO - paramwise_options -- geometry_pyramid.laterals.0.1.bias:weight_decay=0.0
2026/09/23 12:03:37 - mmengine - INFO - paramwise_options -- geometry_pyramid.laterals.1.1.weight:weight_decay=0.0
2026/09/23 12:03:37 - mmengine - INFO - paramwise_options -- geometry_pyramid.laterals.1.1.bias:weight_decay=0.0
2026/09/23 12:03:37 - mmengine - INFO - paramwise_options -- geometry_pyramid.laterals.2.1.weight:weight_decay=0.0
2026/09/23 12:03:37 - mmengine - INFO - paramwise_options -- geometry_pyramid.laterals.2.1.bias:weight_decay=0.0
2026/09/23 12:03:37 - mmengine - INFO - paramwise_options -- geometry_pyramid.laterals.3.1.weight:weight_decay=0.0
2026/09/23 12:03:37 - mmengine - INFO - paramwise_options -- geometry_pyramid.laterals.3.1.bias:weight_decay=0.0
2026/09/23 12:03:37 - mmengine - INFO - paramwise_options -- geometry_pyramid.top_down.0.1.weight:weight_decay=0.0
2026/09/23 12:03:37 - mmengine - INFO - paramwise_options -- geometry_pyramid.top_down.0.1.bias:weight_decay=0.0
2026/09/23 12:03:37 - mmengine - INFO - paramwise_options -- geometry_pyramid.top_down.1.1.weight:weight_decay=0.0
2026/09/23 12:03:37 - mmengine - INFO - paramwise_options -- geometry_pyramid.top_down.1.1.bias:weight_decay=0.0
2026/09/23 12:03:37 - mmengine - INFO - paramwise_options -- geometry_pyramid.top_down.2.1.weight:weight_decay=0.0
2026/09/23 12:03:37 - mmengine - INFO - paramwise_options -- geometry_pyramid.top_down.2.1.bias:weight_decay=0.0
2026/09/23 12:03:37 - mmengine - INFO - paramwise_options -- geometry_pyramid.refine.0.block.0.1.weight:weight_decay=0.0
2026/09/23 12:03:37 - mmengine - INFO - paramwise_options -- geometry_pyramid.refine.0.block.0.1.bias:weight_decay=0.0
2026/09/23 12:03:37 - mmengine - INFO - paramwise_options -- geometry_pyramid.refine.0.block.1.1.weight:weight_decay=0.0
2026/09/23 12:03:37 - mmengine - INFO - paramwise_options -- geometry_pyramid.refine.0.block.1.1.bias:weight_decay=0.0
2026/09/23 12:03:37 - mmengine - INFO - paramwise_options -- geometry_pyramid.refine.1.block.0.1.weight:weight_decay=0.0
2026/09/23 12:03:37 - mmengine - INFO - paramwise_options -- geometry_pyramid.refine.1.block.0.1.bias:weight_decay=0.0
2026/09/23 12:03:37 - mmengine - INFO - paramwise_options -- geometry_pyramid.refine.1.block.1.1.weight:weight_decay=0.0
2026/09/23 12:03:37 - mmengine - INFO - paramwise_options -- geometry_pyramid.refine.1.block.1.1.bias:weight_decay=0.0
2026/09/23 12:03:37 - mmengine - INFO - paramwise_options -- geometry_pyramid.refine.2.block.0.1.weight:weight_decay=0.0
2026/09/23 12:03:37 - mmengine - INFO - paramwise_options -- geometry_pyramid.refine.2.block.0.1.bias:weight_decay=0.0
2026/09/23 12:03:37 - mmengine - INFO - paramwise_options -- geometry_pyramid.refine.2.block.1.1.weight:weight_decay=0.0
2026/09/23 12:03:37 - mmengine - INFO - paramwise_options -- geometry_pyramid.refine.2.block.1.1.bias:weight_decay=0.0
2026/09/23 12:03:37 - mmengine - INFO - paramwise_options -- frequency_validator.rgb_projection.1.weight:weight_decay=0.0
2026/09/23 12:03:37 - mmengine - INFO - paramwise_options -- frequency_validator.rgb_projection.1.bias:weight_decay=0.0
2026/09/23 12:03:37 - mmengine - INFO - paramwise_options -- frequency_validator.geometry_projection.1.weight:weight_decay=0.0
2026/09/23 12:03:37 - mmengine - INFO - paramwise_options -- frequency_validator.geometry_projection.1.bias:weight_decay=0.0
2026/09/23 12:03:37 - mmengine - INFO - paramwise_options -- frequency_validator.region_rgb_projection.1.weight:weight_decay=0.0
2026/09/23 12:03:37 - mmengine - INFO - paramwise_options -- frequency_validator.region_rgb_projection.1.bias:weight_decay=0.0
2026/09/23 12:03:37 - mmengine - INFO - paramwise_options -- frequency_validator.region_geometry_projection.1.weight:weight_decay=0.0
2026/09/23 12:03:37 - mmengine - INFO - paramwise_options -- frequency_validator.region_geometry_projection.1.bias:weight_decay=0.0
2026/09/23 12:03:37 - mmengine - INFO - paramwise_options -- frequency_validator.high_validator.0.1.weight:weight_decay=0.0
2026/09/23 12:03:37 - mmengine - INFO - paramwise_options -- frequency_validator.high_validator.0.1.bias:weight_decay=0.0
2026/09/23 12:03:37 - mmengine - INFO - paramwise_options -- frequency_validator.region_validator.0.1.weight:weight_decay=0.0
2026/09/23 12:03:37 - mmengine - INFO - paramwise_options -- frequency_validator.region_validator.0.1.bias:weight_decay=0.0
2026/09/23 12:03:37 - mmengine - INFO - paramwise_options -- high_fusion.delta_projection.1.weight:weight_decay=0.0
2026/09/23 12:03:37 - mmengine - INFO - paramwise_options -- high_fusion.delta_projection.1.bias:weight_decay=0.0
2026/09/23 12:03:37 - mmengine - INFO - paramwise_options -- low_fusion.delta_projection.1.weight:weight_decay=0.0
2026/09/23 12:03:37 - mmengine - INFO - paramwise_options -- low_fusion.delta_projection.1.bias:weight_decay=0.0
2026/09/23 12:03:37 - mmengine - INFO - paramwise_options -- decoder.projections.0.0.weight:lr=0.00015
2026/09/23 12:03:37 - mmengine - INFO - paramwise_options -- decoder.projections.0.0.weight:weight_decay=0.01
2026/09/23 12:03:37 - mmengine - INFO - paramwise_options -- decoder.projections.0.0.weight:lr_mult=0.25
2026/09/23 12:03:37 - mmengine - INFO - paramwise_options -- decoder.projections.0.1.weight:lr=0.00015
2026/09/23 12:03:37 - mmengine - INFO - paramwise_options -- decoder.projections.0.1.weight:weight_decay=0.01
2026/09/23 12:03:37 - mmengine - INFO - paramwise_options -- decoder.projections.0.1.weight:lr_mult=0.25
2026/09/23 12:03:37 - mmengine - INFO - paramwise_options -- decoder.projections.0.1.bias:lr=0.00015
2026/09/23 12:03:37 - mmengine - INFO - paramwise_options -- decoder.projections.0.1.bias:weight_decay=0.01
2026/09/23 12:03:37 - mmengine - INFO - paramwise_options -- decoder.projections.0.1.bias:lr_mult=0.25
2026/09/23 12:03:37 - mmengine - INFO - paramwise_options -- decoder.projections.1.0.weight:lr=0.00015
2026/09/23 12:03:37 - mmengine - INFO - paramwise_options -- decoder.projections.1.0.weight:weight_decay=0.01
2026/09/23 12:03:37 - mmengine - INFO - paramwise_options -- decoder.projections.1.0.weight:lr_mult=0.25
2026/09/23 12:03:37 - mmengine - INFO - paramwise_options -- decoder.projections.1.1.weight:lr=0.00015
2026/09/23 12:03:37 - mmengine - INFO - paramwise_options -- decoder.projections.1.1.weight:weight_decay=0.01
2026/09/23 12:03:37 - mmengine - INFO - paramwise_options -- decoder.projections.1.1.weight:lr_mult=0.25
2026/09/23 12:03:37 - mmengine - INFO - paramwise_options -- decoder.projections.1.1.bias:lr=0.00015
2026/09/23 12:03:37 - mmengine - INFO - paramwise_options -- decoder.projections.1.1.bias:weight_decay=0.01
2026/09/23 12:03:37 - mmengine - INFO - paramwise_options -- decoder.projections.1.1.bias:lr_mult=0.25
2026/09/23 12:03:37 - mmengine - INFO - paramwise_options -- decoder.projections.2.0.weight:lr=0.00015
2026/09/23 12:03:37 - mmengine - INFO - paramwise_options -- decoder.projections.2.0.weight:weight_decay=0.01
2026/09/23 12:03:37 - mmengine - INFO - paramwise_options -- decoder.projections.2.0.weight:lr_mult=0.25
2026/09/23 12:03:37 - mmengine - INFO - paramwise_options -- decoder.projections.2.1.weight:lr=0.00015
2026/09/23 12:03:37 - mmengine - INFO - paramwise_options -- decoder.projections.2.1.weight:weight_decay=0.01
2026/09/23 12:03:37 - mmengine - INFO - paramwise_options -- decoder.projections.2.1.weight:lr_mult=0.25
2026/09/23 12:03:37 - mmengine - INFO - paramwise_options -- decoder.projections.2.1.bias:lr=0.00015
2026/09/23 12:03:37 - mmengine - INFO - paramwise_options -- decoder.projections.2.1.bias:weight_decay=0.01
2026/09/23 12:03:37 - mmengine - INFO - paramwise_options -- decoder.projections.2.1.bias:lr_mult=0.25
2026/09/23 12:03:37 - mmengine - INFO - paramwise_options -- decoder.projections.3.0.weight:lr=0.00015
2026/09/23 12:03:37 - mmengine - INFO - paramwise_options -- decoder.projections.3.0.weight:weight_decay=0.01
2026/09/23 12:03:37 - mmengine - INFO - paramwise_options -- decoder.projections.3.0.weight:lr_mult=0.25
2026/09/23 12:03:37 - mmengine - INFO - paramwise_options -- decoder.projections.3.1.weight:lr=0.00015
2026/09/23 12:03:37 - mmengine - INFO - paramwise_options -- decoder.projections.3.1.weight:weight_decay=0.01
2026/09/23 12:03:37 - mmengine - INFO - paramwise_options -- decoder.projections.3.1.weight:lr_mult=0.25
2026/09/23 12:03:37 - mmengine - INFO - paramwise_options -- decoder.projections.3.1.bias:lr=0.00015
2026/09/23 12:03:37 - mmengine - INFO - paramwise_options -- decoder.projections.3.1.bias:weight_decay=0.01
2026/09/23 12:03:37 - mmengine - INFO - paramwise_options -- decoder.projections.3.1.bias:lr_mult=0.25
2026/09/23 12:03:37 - mmengine - INFO - paramwise_options -- decoder.refine.0.block.0.0.weight:lr=0.00015
2026/09/23 12:03:37 - mmengine - INFO - paramwise_options -- decoder.refine.0.block.0.0.weight:weight_decay=0.01
2026/09/23 12:03:37 - mmengine - INFO - paramwise_options -- decoder.refine.0.block.0.0.weight:lr_mult=0.25
2026/09/23 12:03:37 - mmengine - INFO - paramwise_options -- decoder.refine.0.block.0.1.weight:lr=0.00015
2026/09/23 12:03:37 - mmengine - INFO - paramwise_options -- decoder.refine.0.block.0.1.weight:weight_decay=0.01
2026/09/23 12:03:37 - mmengine - INFO - paramwise_options -- decoder.refine.0.block.0.1.weight:lr_mult=0.25
2026/09/23 12:03:37 - mmengine - INFO - paramwise_options -- decoder.refine.0.block.0.1.bias:lr=0.00015
2026/09/23 12:03:37 - mmengine - INFO - paramwise_options -- decoder.refine.0.block.0.1.bias:weight_decay=0.01
2026/09/23 12:03:37 - mmengine - INFO - paramwise_options -- decoder.refine.0.block.0.1.bias:lr_mult=0.25
2026/09/23 12:03:37 - mmengine - INFO - paramwise_options -- decoder.refine.0.block.1.0.weight:lr=0.00015
2026/09/23 12:03:37 - mmengine - INFO - paramwise_options -- decoder.refine.0.block.1.0.weight:weight_decay=0.01
2026/09/23 12:03:37 - mmengine - INFO - paramwise_options -- decoder.refine.0.block.1.0.weight:lr_mult=0.25
2026/09/23 12:03:37 - mmengine - INFO - paramwise_options -- decoder.refine.0.block.1.1.weight:lr=0.00015
2026/09/23 12:03:37 - mmengine - INFO - paramwise_options -- decoder.refine.0.block.1.1.weight:weight_decay=0.01
2026/09/23 12:03:37 - mmengine - INFO - paramwise_options -- decoder.refine.0.block.1.1.weight:lr_mult=0.25
2026/09/23 12:03:37 - mmengine - INFO - paramwise_options -- decoder.refine.0.block.1.1.bias:lr=0.00015
2026/09/23 12:03:37 - mmengine - INFO - paramwise_options -- decoder.refine.0.block.1.1.bias:weight_decay=0.01
2026/09/23 12:03:37 - mmengine - INFO - paramwise_options -- decoder.refine.0.block.1.1.bias:lr_mult=0.25
2026/09/23 12:03:37 - mmengine - INFO - paramwise_options -- decoder.refine.1.block.0.0.weight:lr=0.00015
2026/09/23 12:03:37 - mmengine - INFO - paramwise_options -- decoder.refine.1.block.0.0.weight:weight_decay=0.01
2026/09/23 12:03:37 - mmengine - INFO - paramwise_options -- decoder.refine.1.block.0.0.weight:lr_mult=0.25
2026/09/23 12:03:37 - mmengine - INFO - paramwise_options -- decoder.refine.1.block.0.1.weight:lr=0.00015
2026/09/23 12:03:37 - mmengine - INFO - paramwise_options -- decoder.refine.1.block.0.1.weight:weight_decay=0.01
2026/09/23 12:03:37 - mmengine - INFO - paramwise_options -- decoder.refine.1.block.0.1.weight:lr_mult=0.25
2026/09/23 12:03:37 - mmengine - INFO - paramwise_options -- decoder.refine.1.block.0.1.bias:lr=0.00015
2026/09/23 12:03:37 - mmengine - INFO - paramwise_options -- decoder.refine.1.block.0.1.bias:weight_decay=0.01
2026/09/23 12:03:37 - mmengine - INFO - paramwise_options -- decoder.refine.1.block.0.1.bias:lr_mult=0.25
2026/09/23 12:03:37 - mmengine - INFO - paramwise_options -- decoder.refine.1.block.1.0.weight:lr=0.00015
2026/09/23 12:03:37 - mmengine - INFO - paramwise_options -- decoder.refine.1.block.1.0.weight:weight_decay=0.01
2026/09/23 12:03:37 - mmengine - INFO - paramwise_options -- decoder.refine.1.block.1.0.weight:lr_mult=0.25
2026/09/23 12:03:37 - mmengine - INFO - paramwise_options -- decoder.refine.1.block.1.1.weight:lr=0.00015
2026/09/23 12:03:37 - mmengine - INFO - paramwise_options -- decoder.refine.1.block.1.1.weight:weight_decay=0.01
2026/09/23 12:03:37 - mmengine - INFO - paramwise_options -- decoder.refine.1.block.1.1.weight:lr_mult=0.25
2026/09/23 12:03:37 - mmengine - INFO - paramwise_options -- decoder.refine.1.block.1.1.bias:lr=0.00015
2026/09/23 12:03:37 - mmengine - INFO - paramwise_options -- decoder.refine.1.block.1.1.bias:weight_decay=0.01
2026/09/23 12:03:37 - mmengine - INFO - paramwise_options -- decoder.refine.1.block.1.1.bias:lr_mult=0.25
2026/09/23 12:03:37 - mmengine - INFO - paramwise_options -- refiner.coarse_head.weight:lr=0.00015
2026/09/23 12:03:37 - mmengine - INFO - paramwise_options -- refiner.coarse_head.weight:weight_decay=0.01
2026/09/23 12:03:37 - mmengine - INFO - paramwise_options -- refiner.coarse_head.weight:lr_mult=0.25
2026/09/23 12:03:37 - mmengine - INFO - paramwise_options -- refiner.coarse_head.bias:lr=0.00015
2026/09/23 12:03:37 - mmengine - INFO - paramwise_options -- refiner.coarse_head.bias:weight_decay=0.01
2026/09/23 12:03:37 - mmengine - INFO - paramwise_options -- refiner.coarse_head.bias:lr_mult=0.25
2026/09/23 12:03:37 - mmengine - INFO - paramwise_options -- refiner.rgb_stem.0.0.weight:lr=0.00015
2026/09/23 12:03:37 - mmengine - INFO - paramwise_options -- refiner.rgb_stem.0.0.weight:weight_decay=0.01
2026/09/23 12:03:37 - mmengine - INFO - paramwise_options -- refiner.rgb_stem.0.0.weight:lr_mult=0.25
2026/09/23 12:03:37 - mmengine - INFO - paramwise_options -- refiner.rgb_stem.0.1.weight:lr=0.00015
2026/09/23 12:03:37 - mmengine - INFO - paramwise_options -- refiner.rgb_stem.0.1.weight:weight_decay=0.01
2026/09/23 12:03:37 - mmengine - INFO - paramwise_options -- refiner.rgb_stem.0.1.weight:lr_mult=0.25
2026/09/23 12:03:37 - mmengine - INFO - paramwise_options -- refiner.rgb_stem.0.1.bias:lr=0.00015
2026/09/23 12:03:37 - mmengine - INFO - paramwise_options -- refiner.rgb_stem.0.1.bias:weight_decay=0.01
2026/09/23 12:03:37 - mmengine - INFO - paramwise_options -- refiner.rgb_stem.0.1.bias:lr_mult=0.25
2026/09/23 12:03:37 - mmengine - INFO - paramwise_options -- refiner.rgb_stem.1.block.0.0.weight:lr=0.00015
2026/09/23 12:03:37 - mmengine - INFO - paramwise_options -- refiner.rgb_stem.1.block.0.0.weight:weight_decay=0.01
2026/09/23 12:03:37 - mmengine - INFO - paramwise_options -- refiner.rgb_stem.1.block.0.0.weight:lr_mult=0.25
2026/09/23 12:03:37 - mmengine - INFO - paramwise_options -- refiner.rgb_stem.1.block.0.1.weight:lr=0.00015
2026/09/23 12:03:37 - mmengine - INFO - paramwise_options -- refiner.rgb_stem.1.block.0.1.weight:weight_decay=0.01
2026/09/23 12:03:37 - mmengine - INFO - paramwise_options -- refiner.rgb_stem.1.block.0.1.weight:lr_mult=0.25
2026/09/23 12:03:37 - mmengine - INFO - paramwise_options -- refiner.rgb_stem.1.block.0.1.bias:lr=0.00015
2026/09/23 12:03:37 - mmengine - INFO - paramwise_options -- refiner.rgb_stem.1.block.0.1.bias:weight_decay=0.01
2026/09/23 12:03:37 - mmengine - INFO - paramwise_options -- refiner.rgb_stem.1.block.0.1.bias:lr_mult=0.25
2026/09/23 12:03:37 - mmengine - INFO - paramwise_options -- refiner.rgb_stem.1.block.1.0.weight:lr=0.00015
2026/09/23 12:03:37 - mmengine - INFO - paramwise_options -- refiner.rgb_stem.1.block.1.0.weight:weight_decay=0.01
2026/09/23 12:03:37 - mmengine - INFO - paramwise_options -- refiner.rgb_stem.1.block.1.0.weight:lr_mult=0.25
2026/09/23 12:03:37 - mmengine - INFO - paramwise_options -- refiner.rgb_stem.1.block.1.1.weight:lr=0.00015
2026/09/23 12:03:37 - mmengine - INFO - paramwise_options -- refiner.rgb_stem.1.block.1.1.weight:weight_decay=0.01
2026/09/23 12:03:37 - mmengine - INFO - paramwise_options -- refiner.rgb_stem.1.block.1.1.weight:lr_mult=0.25
2026/09/23 12:03:37 - mmengine - INFO - paramwise_options -- refiner.rgb_stem.1.block.1.1.bias:lr=0.00015
2026/09/23 12:03:37 - mmengine - INFO - paramwise_options -- refiner.rgb_stem.1.block.1.1.bias:weight_decay=0.01
2026/09/23 12:03:37 - mmengine - INFO - paramwise_options -- refiner.rgb_stem.1.block.1.1.bias:lr_mult=0.25
2026/09/23 12:03:37 - mmengine - INFO - paramwise_options -- refiner.semantic_projection.0.weight:lr=0.00015
2026/09/23 12:03:37 - mmengine - INFO - paramwise_options -- refiner.semantic_projection.0.weight:weight_decay=0.01
2026/09/23 12:03:37 - mmengine - INFO - paramwise_options -- refiner.semantic_projection.0.weight:lr_mult=0.25
2026/09/23 12:03:37 - mmengine - INFO - paramwise_options -- refiner.semantic_projection.1.weight:lr=0.00015
2026/09/23 12:03:37 - mmengine - INFO - paramwise_options -- refiner.semantic_projection.1.weight:weight_decay=0.01
2026/09/23 12:03:37 - mmengine - INFO - paramwise_options -- refiner.semantic_projection.1.weight:lr_mult=0.25
2026/09/23 12:03:37 - mmengine - INFO - paramwise_options -- refiner.semantic_projection.1.bias:lr=0.00015
2026/09/23 12:03:37 - mmengine - INFO - paramwise_options -- refiner.semantic_projection.1.bias:weight_decay=0.01
2026/09/23 12:03:37 - mmengine - INFO - paramwise_options -- refiner.semantic_projection.1.bias:lr_mult=0.25
2026/09/23 12:03:37 - mmengine - INFO - paramwise_options -- refiner.contour.0.0.weight:lr=0.00015
2026/09/23 12:03:37 - mmengine - INFO - paramwise_options -- refiner.contour.0.0.weight:weight_decay=0.01
2026/09/23 12:03:37 - mmengine - INFO - paramwise_options -- refiner.contour.0.0.weight:lr_mult=0.25
2026/09/23 12:03:37 - mmengine - INFO - paramwise_options -- refiner.contour.0.1.weight:lr=0.00015
2026/09/23 12:03:37 - mmengine - INFO - paramwise_options -- refiner.contour.0.1.weight:weight_decay=0.01
2026/09/23 12:03:37 - mmengine - INFO - paramwise_options -- refiner.contour.0.1.weight:lr_mult=0.25
2026/09/23 12:03:37 - mmengine - INFO - paramwise_options -- refiner.contour.0.1.bias:lr=0.00015
2026/09/23 12:03:37 - mmengine - INFO - paramwise_options -- refiner.contour.0.1.bias:weight_decay=0.01
2026/09/23 12:03:37 - mmengine - INFO - paramwise_options -- refiner.contour.0.1.bias:lr_mult=0.25
2026/09/23 12:03:37 - mmengine - INFO - paramwise_options -- refiner.contour.1.block.0.0.weight:lr=0.00015
2026/09/23 12:03:37 - mmengine - INFO - paramwise_options -- refiner.contour.1.block.0.0.weight:weight_decay=0.01
2026/09/23 12:03:37 - mmengine - INFO - paramwise_options -- refiner.contour.1.block.0.0.weight:lr_mult=0.25
2026/09/23 12:03:37 - mmengine - INFO - paramwise_options -- refiner.contour.1.block.0.1.weight:lr=0.00015
2026/09/23 12:03:37 - mmengine - INFO - paramwise_options -- refiner.contour.1.block.0.1.weight:weight_decay=0.01
2026/09/23 12:03:37 - mmengine - INFO - paramwise_options -- refiner.contour.1.block.0.1.weight:lr_mult=0.25
2026/09/23 12:03:37 - mmengine - INFO - paramwise_options -- refiner.contour.1.block.0.1.bias:lr=0.00015
2026/09/23 12:03:37 - mmengine - INFO - paramwise_options -- refiner.contour.1.block.0.1.bias:weight_decay=0.01
2026/09/23 12:03:37 - mmengine - INFO - paramwise_options -- refiner.contour.1.block.0.1.bias:lr_mult=0.25
2026/09/23 12:03:37 - mmengine - INFO - paramwise_options -- refiner.contour.1.block.1.0.weight:lr=0.00015
2026/09/23 12:03:37 - mmengine - INFO - paramwise_options -- refiner.contour.1.block.1.0.weight:weight_decay=0.01
2026/09/23 12:03:37 - mmengine - INFO - paramwise_options -- refiner.contour.1.block.1.0.weight:lr_mult=0.25
2026/09/23 12:03:37 - mmengine - INFO - paramwise_options -- refiner.contour.1.block.1.1.weight:lr=0.00015
2026/09/23 12:03:37 - mmengine - INFO - paramwise_options -- refiner.contour.1.block.1.1.weight:weight_decay=0.01
2026/09/23 12:03:37 - mmengine - INFO - paramwise_options -- refiner.contour.1.block.1.1.weight:lr_mult=0.25
2026/09/23 12:03:37 - mmengine - INFO - paramwise_options -- refiner.contour.1.block.1.1.bias:lr=0.00015
2026/09/23 12:03:37 - mmengine - INFO - paramwise_options -- refiner.contour.1.block.1.1.bias:weight_decay=0.01
2026/09/23 12:03:37 - mmengine - INFO - paramwise_options -- refiner.contour.1.block.1.1.bias:lr_mult=0.25
2026/09/23 12:03:37 - mmengine - INFO - paramwise_options -- refiner.contour.2.weight:lr=0.00015
2026/09/23 12:03:37 - mmengine - INFO - paramwise_options -- refiner.contour.2.weight:weight_decay=0.01
2026/09/23 12:03:37 - mmengine - INFO - paramwise_options -- refiner.contour.2.weight:lr_mult=0.25
2026/09/23 12:03:37 - mmengine - INFO - paramwise_options -- refiner.contour.2.bias:lr=0.00015
2026/09/23 12:03:37 - mmengine - INFO - paramwise_options -- refiner.contour.2.bias:weight_decay=0.01
2026/09/23 12:03:37 - mmengine - INFO - paramwise_options -- refiner.contour.2.bias:lr_mult=0.25
2026/09/23 12:03:38 - mmengine - WARNING - The prefix is not set in metric class IoUMetric.
2026/09/23 12:03:39 - mmengine - INFO - load model from: https://download.openmmlab.com/mmsegmentation/v0.5/pretrain/segformer/mit_b2_20220624-66e8bf70.pth
2026/09/23 12:03:39 - mmengine - INFO - Loads checkpoint by http backend from path: https://download.openmmlab.com/mmsegmentation/v0.5/pretrain/segformer/mit_b2_20220624-66e8bf70.pth
Name of parameter - Initialization information

rgb_encoder.layers.0.0.projection.weight - torch.Size([64, 3, 7, 7]): 
PretrainedInit: load from https://download.openmmlab.com/mmsegmentation/v0.5/pretrain/segformer/mit_b2_20220624-66e8bf70.pth 

rgb_encoder.layers.0.0.projection.bias - torch.Size([64]): 
PretrainedInit: load from https://download.openmmlab.com/mmsegmentation/v0.5/pretrain/segformer/mit_b2_20220624-66e8bf70.pth 

rgb_encoder.layers.0.0.norm.weight - torch.Size([64]): 
PretrainedInit: load from https://download.openmmlab.com/mmsegmentation/v0.5/pretrain/segformer/mit_b2_20220624-66e8bf70.pth 

rgb_encoder.layers.0.0.norm.bias - torch.Size([64]): 
PretrainedInit: load from https://download.openmmlab.com/mmsegmentation/v0.5/pretrain/segformer/mit_b2_20220624-66e8bf70.pth 

rgb_encoder.layers.0.1.0.norm1.weight - torch.Size([64]): 
PretrainedInit: load from https://download.openmmlab.com/mmsegmentation/v0.5/pretrain/segformer/mit_b2_20220624-66e8bf70.pth 

rgb_encoder.layers.0.1.0.norm1.bias - torch.Size([64]): 
PretrainedInit: load from https://download.openmmlab.com/mmsegmentation/v0.5/pretrain/segformer/mit_b2_20220624-66e8bf70.pth 

rgb_encoder.layers.0.1.0.attn.attn.in_proj_weight - torch.Size([192, 64]): 
PretrainedInit: load from https://download.openmmlab.com/mmsegmentation/v0.5/pretrain/segformer/mit_b2_20220624-66e8bf70.pth 

rgb_encoder.layers.0.1.0.attn.attn.in_proj_bias - torch.Size([192]): 
PretrainedInit: load from https://download.openmmlab.com/mmsegmentation/v0.5/pretrain/segformer/mit_b2_20220624-66e8bf70.pth 

rgb_encoder.layers.0.1.0.attn.attn.out_proj.weight - torch.Size([64, 64]): 
PretrainedInit: load from https://download.openmmlab.com/mmsegmentation/v0.5/pretrain/segformer/mit_b2_20220624-66e8bf70.pth 

rgb_encoder.layers.0.1.0.attn.attn.out_proj.bias - torch.Size([64]): 
PretrainedInit: load from https://download.openmmlab.com/mmsegmentation/v0.5/pretrain/segformer/mit_b2_20220624-66e8bf70.pth 

rgb_encoder.layers.0.1.0.attn.sr.weight - torch.Size([64, 64, 8, 8]): 
PretrainedInit: load from https://download.openmmlab.com/mmsegmentation/v0.5/pretrain/segformer/mit_b2_20220624-66e8bf70.pth 

rgb_encoder.layers.0.1.0.attn.sr.bias - torch.Size([64]): 
PretrainedInit: load from https://download.openmmlab.com/mmsegmentation/v0.5/pretrain/segformer/mit_b2_20220624-66e8bf70.pth 

rgb_encoder.layers.0.1.0.attn.norm.weight - torch.Size([64]): 
PretrainedInit: load from https://download.openmmlab.com/mmsegmentation/v0.5/pretrain/segformer/mit_b2_20220624-66e8bf70.pth 

rgb_encoder.layers.0.1.0.attn.norm.bias - torch.Size([64]): 
PretrainedInit: load from https://download.openmmlab.com/mmsegmentation/v0.5/pretrain/segformer/mit_b2_20220624-66e8bf70.pth 

rgb_encoder.layers.0.1.0.norm2.weight - torch.Size([64]): 
PretrainedInit: load from https://download.openmmlab.com/mmsegmentation/v0.5/pretrain/segformer/mit_b2_20220624-66e8bf70.pth 

rgb_encoder.layers.0.1.0.norm2.bias - torch.Size([64]): 
PretrainedInit: load from https://download.openmmlab.com/mmsegmentation/v0.5/pretrain/segformer/mit_b2_20220624-66e8bf70.pth 

rgb_encoder.layers.0.1.0.ffn.layers.0.weight - torch.Size([256, 64, 1, 1]): 
PretrainedInit: load from https://download.openmmlab.com/mmsegmentation/v0.5/pretrain/segformer/mit_b2_20220624-66e8bf70.pth 

rgb_encoder.layers.0.1.0.ffn.layers.0.bias - torch.Size([256]): 
PretrainedInit: load from https://download.openmmlab.com/mmsegmentation/v0.5/pretrain/segformer/mit_b2_20220624-66e8bf70.pth 

rgb_encoder.layers.0.1.0.ffn.layers.1.weight - torch.Size([256, 1, 3, 3]): 
PretrainedInit: load from https://download.openmmlab.com/mmsegmentation/v0.5/pretrain/segformer/mit_b2_20220624-66e8bf70.pth 

rgb_encoder.layers.0.1.0.ffn.layers.1.bias - torch.Size([256]): 
PretrainedInit: load from https://download.openmmlab.com/mmsegmentation/v0.5/pretrain/segformer/mit_b2_20220624-66e8bf70.pth 

rgb_encoder.layers.0.1.0.ffn.layers.4.weight - torch.Size([64, 256, 1, 1]): 
PretrainedInit: load from https://download.openmmlab.com/mmsegmentation/v0.5/pretrain/segformer/mit_b2_20220624-66e8bf70.pth 

rgb_encoder.layers.0.1.0.ffn.layers.4.bias - torch.Size([64]): 
PretrainedInit: load from https://download.openmmlab.com/mmsegmentation/v0.5/pretrain/segformer/mit_b2_20220624-66e8bf70.pth 

rgb_encoder.layers.0.1.1.norm1.weight - torch.Size([64]): 
PretrainedInit: load from https://download.openmmlab.com/mmsegmentation/v0.5/pretrain/segformer/mit_b2_20220624-66e8bf70.pth 

rgb_encoder.layers.0.1.1.norm1.bias - torch.Size([64]): 
PretrainedInit: load from https://download.openmmlab.com/mmsegmentation/v0.5/pretrain/segformer/mit_b2_20220624-66e8bf70.pth 

rgb_encoder.layers.0.1.1.attn.attn.in_proj_weight - torch.Size([192, 64]): 
PretrainedInit: load from https://download.openmmlab.com/mmsegmentation/v0.5/pretrain/segformer/mit_b2_20220624-66e8bf70.pth 

rgb_encoder.layers.0.1.1.attn.attn.in_proj_bias - torch.Size([192]): 
PretrainedInit: load from https://download.openmmlab.com/mmsegmentation/v0.5/pretrain/segformer/mit_b2_20220624-66e8bf70.pth 

rgb_encoder.layers.0.1.1.attn.attn.out_proj.weight - torch.Size([64, 64]): 
PretrainedInit: load from https://download.openmmlab.com/mmsegmentation/v0.5/pretrain/segformer/mit_b2_20220624-66e8bf70.pth 

rgb_encoder.layers.0.1.1.attn.attn.out_proj.bias - torch.Size([64]): 
PretrainedInit: load from https://download.openmmlab.com/mmsegmentation/v0.5/pretrain/segformer/mit_b2_20220624-66e8bf70.pth 

rgb_encoder.layers.0.1.1.attn.sr.weight - torch.Size([64, 64, 8, 8]): 
PretrainedInit: load from https://download.openmmlab.com/mmsegmentation/v0.5/pretrain/segformer/mit_b2_20220624-66e8bf70.pth 

rgb_encoder.layers.0.1.1.attn.sr.bias - torch.Size([64]): 
PretrainedInit: load from https://download.openmmlab.com/mmsegmentation/v0.5/pretrain/segformer/mit_b2_20220624-66e8bf70.pth 

rgb_encoder.layers.0.1.1.attn.norm.weight - torch.Size([64]): 
PretrainedInit: load from https://download.openmmlab.com/mmsegmentation/v0.5/pretrain/segformer/mit_b2_20220624-66e8bf70.pth 

rgb_encoder.layers.0.1.1.attn.norm.bias - torch.Size([64]): 
PretrainedInit: load from https://download.openmmlab.com/mmsegmentation/v0.5/pretrain/segformer/mit_b2_20220624-66e8bf70.pth 

rgb_encoder.layers.0.1.1.norm2.weight - torch.Size([64]): 
PretrainedInit: load from https://download.openmmlab.com/mmsegmentation/v0.5/pretrain/segformer/mit_b2_20220624-66e8bf70.pth 

rgb_encoder.layers.0.1.1.norm2.bias - torch.Size([64]): 
PretrainedInit: load from https://download.openmmlab.com/mmsegmentation/v0.5/pretrain/segformer/mit_b2_20220624-66e8bf70.pth 

rgb_encoder.layers.0.1.1.ffn.layers.0.weight - torch.Size([256, 64, 1, 1]): 
PretrainedInit: load from https://download.openmmlab.com/mmsegmentation/v0.5/pretrain/segformer/mit_b2_20220624-66e8bf70.pth 

rgb_encoder.layers.0.1.1.ffn.layers.0.bias - torch.Size([256]): 
PretrainedInit: load from https://download.openmmlab.com/mmsegmentation/v0.5/pretrain/segformer/mit_b2_20220624-66e8bf70.pth 

rgb_encoder.layers.0.1.1.ffn.layers.1.weight - torch.Size([256, 1, 3, 3]): 
PretrainedInit: load from https://download.openmmlab.com/mmsegmentation/v0.5/pretrain/segformer/mit_b2_20220624-66e8bf70.pth 

rgb_encoder.layers.0.1.1.ffn.layers.1.bias - torch.Size([256]): 
PretrainedInit: load from https://download.openmmlab.com/mmsegmentation/v0.5/pretrain/segformer/mit_b2_20220624-66e8bf70.pth 

rgb_encoder.layers.0.1.1.ffn.layers.4.weight - torch.Size([64, 256, 1, 1]): 
PretrainedInit: load from https://download.openmmlab.com/mmsegmentation/v0.5/pretrain/segformer/mit_b2_20220624-66e8bf70.pth 

rgb_encoder.layers.0.1.1.ffn.layers.4.bias - torch.Size([64]): 
PretrainedInit: load from https://download.openmmlab.com/mmsegmentation/v0.5/pretrain/segformer/mit_b2_20220624-66e8bf70.pth 

rgb_encoder.layers.0.1.2.norm1.weight - torch.Size([64]): 
PretrainedInit: load from https://download.openmmlab.com/mmsegmentation/v0.5/pretrain/segformer/mit_b2_20220624-66e8bf70.pth 

rgb_encoder.layers.0.1.2.norm1.bias - torch.Size([64]): 
PretrainedInit: load from https://download.openmmlab.com/mmsegmentation/v0.5/pretrain/segformer/mit_b2_20220624-66e8bf70.pth 

rgb_encoder.layers.0.1.2.attn.attn.in_proj_weight - torch.Size([192, 64]): 
PretrainedInit: load from https://download.openmmlab.com/mmsegmentation/v0.5/pretrain/segformer/mit_b2_20220624-66e8bf70.pth 

rgb_encoder.layers.0.1.2.attn.attn.in_proj_bias - torch.Size([192]): 
PretrainedInit: load from https://download.openmmlab.com/mmsegmentation/v0.5/pretrain/segformer/mit_b2_20220624-66e8bf70.pth 

rgb_encoder.layers.0.1.2.attn.attn.out_proj.weight - torch.Size([64, 64]): 
PretrainedInit: load from https://download.openmmlab.com/mmsegmentation/v0.5/pretrain/segformer/mit_b2_20220624-66e8bf70.pth 

rgb_encoder.layers.0.1.2.attn.attn.out_proj.bias - torch.Size([64]): 
PretrainedInit: load from https://download.openmmlab.com/mmsegmentation/v0.5/pretrain/segformer/mit_b2_20220624-66e8bf70.pth 

rgb_encoder.layers.0.1.2.attn.sr.weight - torch.Size([64, 64, 8, 8]): 
PretrainedInit: load from https://download.openmmlab.com/mmsegmentation/v0.5/pretrain/segformer/mit_b2_20220624-66e8bf70.pth 

rgb_encoder.layers.0.1.2.attn.sr.bias - torch.Size([64]): 
PretrainedInit: load from https://download.openmmlab.com/mmsegmentation/v0.5/pretrain/segformer/mit_b2_20220624-66e8bf70.pth 

rgb_encoder.layers.0.1.2.attn.norm.weight - torch.Size([64]): 
PretrainedInit: load from https://download.openmmlab.com/mmsegmentation/v0.5/pretrain/segformer/mit_b2_20220624-66e8bf70.pth 

rgb_encoder.layers.0.1.2.attn.norm.bias - torch.Size([64]): 
PretrainedInit: load from https://download.openmmlab.com/mmsegmentation/v0.5/pretrain/segformer/mit_b2_20220624-66e8bf70.pth 

rgb_encoder.layers.0.1.2.norm2.weight - torch.Size([64]): 
PretrainedInit: load from https://download.openmmlab.com/mmsegmentation/v0.5/pretrain/segformer/mit_b2_20220624-66e8bf70.pth 

rgb_encoder.layers.0.1.2.norm2.bias - torch.Size([64]): 
PretrainedInit: load from https://download.openmmlab.com/mmsegmentation/v0.5/pretrain/segformer/mit_b2_20220624-66e8bf70.pth 

rgb_encoder.layers.0.1.2.ffn.layers.0.weight - torch.Size([256, 64, 1, 1]): 
PretrainedInit: load from https://download.openmmlab.com/mmsegmentation/v0.5/pretrain/segformer/mit_b2_20220624-66e8bf70.pth 

rgb_encoder.layers.0.1.2.ffn.layers.0.bias - torch.Size([256]): 
PretrainedInit: load from https://download.openmmlab.com/mmsegmentation/v0.5/pretrain/segformer/mit_b2_20220624-66e8bf70.pth 

rgb_encoder.layers.0.1.2.ffn.layers.1.weight - torch.Size([256, 1, 3, 3]): 
PretrainedInit: load from https://download.openmmlab.com/mmsegmentation/v0.5/pretrain/segformer/mit_b2_20220624-66e8bf70.pth 

rgb_encoder.layers.0.1.2.ffn.layers.1.bias - torch.Size([256]): 
PretrainedInit: load from https://download.openmmlab.com/mmsegmentation/v0.5/pretrain/segformer/mit_b2_20220624-66e8bf70.pth 

rgb_encoder.layers.0.1.2.ffn.layers.4.weight - torch.Size([64, 256, 1, 1]): 
PretrainedInit: load from https://download.openmmlab.com/mmsegmentation/v0.5/pretrain/segformer/mit_b2_20220624-66e8bf70.pth 

rgb_encoder.layers.0.1.2.ffn.layers.4.bias - torch.Size([64]): 
PretrainedInit: load from https://download.openmmlab.com/mmsegmentation/v0.5/pretrain/segformer/mit_b2_20220624-66e8bf70.pth 

rgb_encoder.layers.0.2.weight - torch.Size([64]): 
PretrainedInit: load from https://download.openmmlab.com/mmsegmentation/v0.5/pretrain/segformer/mit_b2_20220624-66e8bf70.pth 

rgb_encoder.layers.0.2.bias - torch.Size([64]): 
PretrainedInit: load from https://download.openmmlab.com/mmsegmentation/v0.5/pretrain/segformer/mit_b2_20220624-66e8bf70.pth 

rgb_encoder.layers.1.0.projection.weight - torch.Size([128, 64, 3, 3]): 
PretrainedInit: load from https://download.openmmlab.com/mmsegmentation/v0.5/pretrain/segformer/mit_b2_20220624-66e8bf70.pth 

rgb_encoder.layers.1.0.projection.bias - torch.Size([128]): 
PretrainedInit: load from https://download.openmmlab.com/mmsegmentation/v0.5/pretrain/segformer/mit_b2_20220624-66e8bf70.pth 

rgb_encoder.layers.1.0.norm.weight - torch.Size([128]): 
PretrainedInit: load from https://download.openmmlab.com/mmsegmentation/v0.5/pretrain/segformer/mit_b2_20220624-66e8bf70.pth 

rgb_encoder.layers.1.0.norm.bias - torch.Size([128]): 
PretrainedInit: load from https://download.openmmlab.com/mmsegmentation/v0.5/pretrain/segformer/mit_b2_20220624-66e8bf70.pth 

rgb_encoder.layers.1.1.0.norm1.weight - torch.Size([128]): 
PretrainedInit: load from https://download.openmmlab.com/mmsegmentation/v0.5/pretrain/segformer/mit_b2_20220624-66e8bf70.pth 

rgb_encoder.layers.1.1.0.norm1.bias - torch.Size([128]): 
PretrainedInit: load from https://download.openmmlab.com/mmsegmentation/v0.5/pretrain/segformer/mit_b2_20220624-66e8bf70.pth 

rgb_encoder.layers.1.1.0.attn.attn.in_proj_weight - torch.Size([384, 128]): 
PretrainedInit: load from https://download.openmmlab.com/mmsegmentation/v0.5/pretrain/segformer/mit_b2_20220624-66e8bf70.pth 

rgb_encoder.layers.1.1.0.attn.attn.in_proj_bias - torch.Size([384]): 
PretrainedInit: load from https://download.openmmlab.com/mmsegmentation/v0.5/pretrain/segformer/mit_b2_20220624-66e8bf70.pth 

rgb_encoder.layers.1.1.0.attn.attn.out_proj.weight - torch.Size([128, 128]): 
PretrainedInit: load from https://download.openmmlab.com/mmsegmentation/v0.5/pretrain/segformer/mit_b2_20220624-66e8bf70.pth 

rgb_encoder.layers.1.1.0.attn.attn.out_proj.bias - torch.Size([128]): 
PretrainedInit: load from https://download.openmmlab.com/mmsegmentation/v0.5/pretrain/segformer/mit_b2_20220624-66e8bf70.pth 

rgb_encoder.layers.1.1.0.attn.sr.weight - torch.Size([128, 128, 4, 4]): 
PretrainedInit: load from https://download.openmmlab.com/mmsegmentation/v0.5/pretrain/segformer/mit_b2_20220624-66e8bf70.pth 

rgb_encoder.layers.1.1.0.attn.sr.bias - torch.Size([128]): 
PretrainedInit: load from https://download.openmmlab.com/mmsegmentation/v0.5/pretrain/segformer/mit_b2_20220624-66e8bf70.pth 

rgb_encoder.layers.1.1.0.attn.norm.weight - torch.Size([128]): 
PretrainedInit: load from https://download.openmmlab.com/mmsegmentation/v0.5/pretrain/segformer/mit_b2_20220624-66e8bf70.pth 

rgb_encoder.layers.1.1.0.attn.norm.bias - torch.Size([128]): 
PretrainedInit: load from https://download.openmmlab.com/mmsegmentation/v0.5/pretrain/segformer/mit_b2_20220624-66e8bf70.pth 

rgb_encoder.layers.1.1.0.norm2.weight - torch.Size([128]): 
PretrainedInit: load from https://download.openmmlab.com/mmsegmentation/v0.5/pretrain/segformer/mit_b2_20220624-66e8bf70.pth 

rgb_encoder.layers.1.1.0.norm2.bias - torch.Size([128]): 
PretrainedInit: load from https://download.openmmlab.com/mmsegmentation/v0.5/pretrain/segformer/mit_b2_20220624-66e8bf70.pth 

rgb_encoder.layers.1.1.0.ffn.layers.0.weight - torch.Size([512, 128, 1, 1]): 
PretrainedInit: load from https://download.openmmlab.com/mmsegmentation/v0.5/pretrain/segformer/mit_b2_20220624-66e8bf70.pth 

rgb_encoder.layers.1.1.0.ffn.layers.0.bias - torch.Size([512]): 
PretrainedInit: load from https://download.openmmlab.com/mmsegmentation/v0.5/pretrain/segformer/mit_b2_20220624-66e8bf70.pth 

rgb_encoder.layers.1.1.0.ffn.layers.1.weight - torch.Size([512, 1, 3, 3]): 
PretrainedInit: load from https://download.openmmlab.com/mmsegmentation/v0.5/pretrain/segformer/mit_b2_20220624-66e8bf70.pth 

rgb_encoder.layers.1.1.0.ffn.layers.1.bias - torch.Size([512]): 
PretrainedInit: load from https://download.openmmlab.com/mmsegmentation/v0.5/pretrain/segformer/mit_b2_20220624-66e8bf70.pth 

rgb_encoder.layers.1.1.0.ffn.layers.4.weight - torch.Size([128, 512, 1, 1]): 
PretrainedInit: load from https://download.openmmlab.com/mmsegmentation/v0.5/pretrain/segformer/mit_b2_20220624-66e8bf70.pth 

rgb_encoder.layers.1.1.0.ffn.layers.4.bias - torch.Size([128]): 
PretrainedInit: load from https://download.openmmlab.com/mmsegmentation/v0.5/pretrain/segformer/mit_b2_20220624-66e8bf70.pth 

rgb_encoder.layers.1.1.1.norm1.weight - torch.Size([128]): 
PretrainedInit: load from https://download.openmmlab.com/mmsegmentation/v0.5/pretrain/segformer/mit_b2_20220624-66e8bf70.pth 

rgb_encoder.layers.1.1.1.norm1.bias - torch.Size([128]): 
PretrainedInit: load from https://download.openmmlab.com/mmsegmentation/v0.5/pretrain/segformer/mit_b2_20220624-66e8bf70.pth 

rgb_encoder.layers.1.1.1.attn.attn.in_proj_weight - torch.Size([384, 128]): 
PretrainedInit: load from https://download.openmmlab.com/mmsegmentation/v0.5/pretrain/segformer/mit_b2_20220624-66e8bf70.pth 

rgb_encoder.layers.1.1.1.attn.attn.in_proj_bias - torch.Size([384]): 
PretrainedInit: load from https://download.openmmlab.com/mmsegmentation/v0.5/pretrain/segformer/mit_b2_20220624-66e8bf70.pth 

rgb_encoder.layers.1.1.1.attn.attn.out_proj.weight - torch.Size([128, 128]): 
PretrainedInit: load from https://download.openmmlab.com/mmsegmentation/v0.5/pretrain/segformer/mit_b2_20220624-66e8bf70.pth 

rgb_encoder.layers.1.1.1.attn.attn.out_proj.bias - torch.Size([128]): 
PretrainedInit: load from https://download.openmmlab.com/mmsegmentation/v0.5/pretrain/segformer/mit_b2_20220624-66e8bf70.pth 

rgb_encoder.layers.1.1.1.attn.sr.weight - torch.Size([128, 128, 4, 4]): 
PretrainedInit: load from https://download.openmmlab.com/mmsegmentation/v0.5/pretrain/segformer/mit_b2_20220624-66e8bf70.pth 

rgb_encoder.layers.1.1.1.attn.sr.bias - torch.Size([128]): 
PretrainedInit: load from https://download.openmmlab.com/mmsegmentation/v0.5/pretrain/segformer/mit_b2_20220624-66e8bf70.pth 

rgb_encoder.layers.1.1.1.attn.norm.weight - torch.Size([128]): 
PretrainedInit: load from https://download.openmmlab.com/mmsegmentation/v0.5/pretrain/segformer/mit_b2_20220624-66e8bf70.pth 

rgb_encoder.layers.1.1.1.attn.norm.bias - torch.Size([128]): 
PretrainedInit: load from https://download.openmmlab.com/mmsegmentation/v0.5/pretrain/segformer/mit_b2_20220624-66e8bf70.pth 

rgb_encoder.layers.1.1.1.norm2.weight - torch.Size([128]): 
PretrainedInit: load from https://download.openmmlab.com/mmsegmentation/v0.5/pretrain/segformer/mit_b2_20220624-66e8bf70.pth 

rgb_encoder.layers.1.1.1.norm2.bias - torch.Size([128]): 
PretrainedInit: load from https://download.openmmlab.com/mmsegmentation/v0.5/pretrain/segformer/mit_b2_20220624-66e8bf70.pth 

rgb_encoder.layers.1.1.1.ffn.layers.0.weight - torch.Size([512, 128, 1, 1]): 
PretrainedInit: load from https://download.openmmlab.com/mmsegmentation/v0.5/pretrain/segformer/mit_b2_20220624-66e8bf70.pth 

rgb_encoder.layers.1.1.1.ffn.layers.0.bias - torch.Size([512]): 
PretrainedInit: load from https://download.openmmlab.com/mmsegmentation/v0.5/pretrain/segformer/mit_b2_20220624-66e8bf70.pth 

rgb_encoder.layers.1.1.1.ffn.layers.1.weight - torch.Size([512, 1, 3, 3]): 
PretrainedInit: load from https://download.openmmlab.com/mmsegmentation/v0.5/pretrain/segformer/mit_b2_20220624-66e8bf70.pth 

rgb_encoder.layers.1.1.1.ffn.layers.1.bias - torch.Size([512]): 
PretrainedInit: load from https://download.openmmlab.com/mmsegmentation/v0.5/pretrain/segformer/mit_b2_20220624-66e8bf70.pth 

rgb_encoder.layers.1.1.1.ffn.layers.4.weight - torch.Size([128, 512, 1, 1]): 
PretrainedInit: load from https://download.openmmlab.com/mmsegmentation/v0.5/pretrain/segformer/mit_b2_20220624-66e8bf70.pth 

rgb_encoder.layers.1.1.1.ffn.layers.4.bias - torch.Size([128]): 
PretrainedInit: load from https://download.openmmlab.com/mmsegmentation/v0.5/pretrain/segformer/mit_b2_20220624-66e8bf70.pth 

rgb_encoder.layers.1.1.2.norm1.weight - torch.Size([128]): 
PretrainedInit: load from https://download.openmmlab.com/mmsegmentation/v0.5/pretrain/segformer/mit_b2_20220624-66e8bf70.pth 

rgb_encoder.layers.1.1.2.norm1.bias - torch.Size([128]): 
PretrainedInit: load from https://download.openmmlab.com/mmsegmentation/v0.5/pretrain/segformer/mit_b2_20220624-66e8bf70.pth 

rgb_encoder.layers.1.1.2.attn.attn.in_proj_weight - torch.Size([384, 128]): 
PretrainedInit: load from https://download.openmmlab.com/mmsegmentation/v0.5/pretrain/segformer/mit_b2_20220624-66e8bf70.pth 

rgb_encoder.layers.1.1.2.attn.attn.in_proj_bias - torch.Size([384]): 
PretrainedInit: load from https://download.openmmlab.com/mmsegmentation/v0.5/pretrain/segformer/mit_b2_20220624-66e8bf70.pth 

rgb_encoder.layers.1.1.2.attn.attn.out_proj.weight - torch.Size([128, 128]): 
PretrainedInit: load from https://download.openmmlab.com/mmsegmentation/v0.5/pretrain/segformer/mit_b2_20220624-66e8bf70.pth 

rgb_encoder.layers.1.1.2.attn.attn.out_proj.bias - torch.Size([128]): 
PretrainedInit: load from https://download.openmmlab.com/mmsegmentation/v0.5/pretrain/segformer/mit_b2_20220624-66e8bf70.pth 

rgb_encoder.layers.1.1.2.attn.sr.weight - torch.Size([128, 128, 4, 4]): 
PretrainedInit: load from https://download.openmmlab.com/mmsegmentation/v0.5/pretrain/segformer/mit_b2_20220624-66e8bf70.pth 

rgb_encoder.layers.1.1.2.attn.sr.bias - torch.Size([128]): 
PretrainedInit: load from https://download.openmmlab.com/mmsegmentation/v0.5/pretrain/segformer/mit_b2_20220624-66e8bf70.pth 

rgb_encoder.layers.1.1.2.attn.norm.weight - torch.Size([128]): 
PretrainedInit: load from https://download.openmmlab.com/mmsegmentation/v0.5/pretrain/segformer/mit_b2_20220624-66e8bf70.pth 

rgb_encoder.layers.1.1.2.attn.norm.bias - torch.Size([128]): 
PretrainedInit: load from https://download.openmmlab.com/mmsegmentation/v0.5/pretrain/segformer/mit_b2_20220624-66e8bf70.pth 

rgb_encoder.layers.1.1.2.norm2.weight - torch.Size([128]): 
PretrainedInit: load from https://download.openmmlab.com/mmsegmentation/v0.5/pretrain/segformer/mit_b2_20220624-66e8bf70.pth 

rgb_encoder.layers.1.1.2.norm2.bias - torch.Size([128]): 
PretrainedInit: load from https://download.openmmlab.com/mmsegmentation/v0.5/pretrain/segformer/mit_b2_20220624-66e8bf70.pth 

rgb_encoder.layers.1.1.2.ffn.layers.0.weight - torch.Size([512, 128, 1, 1]): 
PretrainedInit: load from https://download.openmmlab.com/mmsegmentation/v0.5/pretrain/segformer/mit_b2_20220624-66e8bf70.pth 

rgb_encoder.layers.1.1.2.ffn.layers.0.bias - torch.Size([512]): 
PretrainedInit: load from https://download.openmmlab.com/mmsegmentation/v0.5/pretrain/segformer/mit_b2_20220624-66e8bf70.pth 

rgb_encoder.layers.1.1.2.ffn.layers.1.weight - torch.Size([512, 1, 3, 3]): 
PretrainedInit: load from https://download.openmmlab.com/mmsegmentation/v0.5/pretrain/segformer/mit_b2_20220624-66e8bf70.pth 

rgb_encoder.layers.1.1.2.ffn.layers.1.bias - torch.Size([512]): 
PretrainedInit: load from https://download.openmmlab.com/mmsegmentation/v0.5/pretrain/segformer/mit_b2_20220624-66e8bf70.pth 

rgb_encoder.layers.1.1.2.ffn.layers.4.weight - torch.Size([128, 512, 1, 1]): 
PretrainedInit: load from https://download.openmmlab.com/mmsegmentation/v0.5/pretrain/segformer/mit_b2_20220624-66e8bf70.pth 

rgb_encoder.layers.1.1.2.ffn.layers.4.bias - torch.Size([128]): 
PretrainedInit: load from https://download.openmmlab.com/mmsegmentation/v0.5/pretrain/segformer/mit_b2_20220624-66e8bf70.pth 

rgb_encoder.layers.1.1.3.norm1.weight - torch.Size([128]): 
PretrainedInit: load from https://download.openmmlab.com/mmsegmentation/v0.5/pretrain/segformer/mit_b2_20220624-66e8bf70.pth 

rgb_encoder.layers.1.1.3.norm1.bias - torch.Size([128]): 
PretrainedInit: load from https://download.openmmlab.com/mmsegmentation/v0.5/pretrain/segformer/mit_b2_20220624-66e8bf70.pth 

rgb_encoder.layers.1.1.3.attn.attn.in_proj_weight - torch.Size([384, 128]): 
PretrainedInit: load from https://download.openmmlab.com/mmsegmentation/v0.5/pretrain/segformer/mit_b2_20220624-66e8bf70.pth 

rgb_encoder.layers.1.1.3.attn.attn.in_proj_bias - torch.Size([384]): 
PretrainedInit: load from https://download.openmmlab.com/mmsegmentation/v0.5/pretrain/segformer/mit_b2_20220624-66e8bf70.pth 

rgb_encoder.layers.1.1.3.attn.attn.out_proj.weight - torch.Size([128, 128]): 
PretrainedInit: load from https://download.openmmlab.com/mmsegmentation/v0.5/pretrain/segformer/mit_b2_20220624-66e8bf70.pth 

rgb_encoder.layers.1.1.3.attn.attn.out_proj.bias - torch.Size([128]): 
PretrainedInit: load from https://download.openmmlab.com/mmsegmentation/v0.5/pretrain/segformer/mit_b2_20220624-66e8bf70.pth 

rgb_encoder.layers.1.1.3.attn.sr.weight - torch.Size([128, 128, 4, 4]): 
PretrainedInit: load from https://download.openmmlab.com/mmsegmentation/v0.5/pretrain/segformer/mit_b2_20220624-66e8bf70.pth 

rgb_encoder.layers.1.1.3.attn.sr.bias - torch.Size([128]): 
PretrainedInit: load from https://download.openmmlab.com/mmsegmentation/v0.5/pretrain/segformer/mit_b2_20220624-66e8bf70.pth 

rgb_encoder.layers.1.1.3.attn.norm.weight - torch.Size([128]): 
PretrainedInit: load from https://download.openmmlab.com/mmsegmentation/v0.5/pretrain/segformer/mit_b2_20220624-66e8bf70.pth 

rgb_encoder.layers.1.1.3.attn.norm.bias - torch.Size([128]): 
PretrainedInit: load from https://download.openmmlab.com/mmsegmentation/v0.5/pretrain/segformer/mit_b2_20220624-66e8bf70.pth 

rgb_encoder.layers.1.1.3.norm2.weight - torch.Size([128]): 
PretrainedInit: load from https://download.openmmlab.com/mmsegmentation/v0.5/pretrain/segformer/mit_b2_20220624-66e8bf70.pth 

rgb_encoder.layers.1.1.3.norm2.bias - torch.Size([128]): 
PretrainedInit: load from https://download.openmmlab.com/mmsegmentation/v0.5/pretrain/segformer/mit_b2_20220624-66e8bf70.pth 

rgb_encoder.layers.1.1.3.ffn.layers.0.weight - torch.Size([512, 128, 1, 1]): 
PretrainedInit: load from https://download.openmmlab.com/mmsegmentation/v0.5/pretrain/segformer/mit_b2_20220624-66e8bf70.pth 

rgb_encoder.layers.1.1.3.ffn.layers.0.bias - torch.Size([512]): 
PretrainedInit: load from https://download.openmmlab.com/mmsegmentation/v0.5/pretrain/segformer/mit_b2_20220624-66e8bf70.pth 

rgb_encoder.layers.1.1.3.ffn.layers.1.weight - torch.Size([512, 1, 3, 3]): 
PretrainedInit: load from https://download.openmmlab.com/mmsegmentation/v0.5/pretrain/segformer/mit_b2_20220624-66e8bf70.pth 

rgb_encoder.layers.1.1.3.ffn.layers.1.bias - torch.Size([512]): 
PretrainedInit: load from https://download.openmmlab.com/mmsegmentation/v0.5/pretrain/segformer/mit_b2_20220624-66e8bf70.pth 

rgb_encoder.layers.1.1.3.ffn.layers.4.weight - torch.Size([128, 512, 1, 1]): 
PretrainedInit: load from https://download.openmmlab.com/mmsegmentation/v0.5/pretrain/segformer/mit_b2_20220624-66e8bf70.pth 

rgb_encoder.layers.1.1.3.ffn.layers.4.bias - torch.Size([128]): 
PretrainedInit: load from https://download.openmmlab.com/mmsegmentation/v0.5/pretrain/segformer/mit_b2_20220624-66e8bf70.pth 

rgb_encoder.layers.1.2.weight - torch.Size([128]): 
PretrainedInit: load from https://download.openmmlab.com/mmsegmentation/v0.5/pretrain/segformer/mit_b2_20220624-66e8bf70.pth 

rgb_encoder.layers.1.2.bias - torch.Size([128]): 
PretrainedInit: load from https://download.openmmlab.com/mmsegmentation/v0.5/pretrain/segformer/mit_b2_20220624-66e8bf70.pth 

rgb_encoder.layers.2.0.projection.weight - torch.Size([320, 128, 3, 3]): 
PretrainedInit: load from https://download.openmmlab.com/mmsegmentation/v0.5/pretrain/segformer/mit_b2_20220624-66e8bf70.pth 

rgb_encoder.layers.2.0.projection.bias - torch.Size([320]): 
PretrainedInit: load from https://download.openmmlab.com/mmsegmentation/v0.5/pretrain/segformer/mit_b2_20220624-66e8bf70.pth 

rgb_encoder.layers.2.0.norm.weight - torch.Size([320]): 
PretrainedInit: load from https://download.openmmlab.com/mmsegmentation/v0.5/pretrain/segformer/mit_b2_20220624-66e8bf70.pth 

rgb_encoder.layers.2.0.norm.bias - torch.Size([320]): 
PretrainedInit: load from https://download.openmmlab.com/mmsegmentation/v0.5/pretrain/segformer/mit_b2_20220624-66e8bf70.pth 

rgb_encoder.layers.2.1.0.norm1.weight - torch.Size([320]): 
PretrainedInit: load from https://download.openmmlab.com/mmsegmentation/v0.5/pretrain/segformer/mit_b2_20220624-66e8bf70.pth 

rgb_encoder.layers.2.1.0.norm1.bias - torch.Size([320]): 
PretrainedInit: load from https://download.openmmlab.com/mmsegmentation/v0.5/pretrain/segformer/mit_b2_20220624-66e8bf70.pth 

rgb_encoder.layers.2.1.0.attn.attn.in_proj_weight - torch.Size([960, 320]): 
PretrainedInit: load from https://download.openmmlab.com/mmsegmentation/v0.5/pretrain/segformer/mit_b2_20220624-66e8bf70.pth 

rgb_encoder.layers.2.1.0.attn.attn.in_proj_bias - torch.Size([960]): 
PretrainedInit: load from https://download.openmmlab.com/mmsegmentation/v0.5/pretrain/segformer/mit_b2_20220624-66e8bf70.pth 

rgb_encoder.layers.2.1.0.attn.attn.out_proj.weight - torch.Size([320, 320]): 
PretrainedInit: load from https://download.openmmlab.com/mmsegmentation/v0.5/pretrain/segformer/mit_b2_20220624-66e8bf70.pth 

rgb_encoder.layers.2.1.0.attn.attn.out_proj.bias - torch.Size([320]): 
PretrainedInit: load from https://download.openmmlab.com/mmsegmentation/v0.5/pretrain/segformer/mit_b2_20220624-66e8bf70.pth 

rgb_encoder.layers.2.1.0.attn.sr.weight - torch.Size([320, 320, 2, 2]): 
PretrainedInit: load from https://download.openmmlab.com/mmsegmentation/v0.5/pretrain/segformer/mit_b2_20220624-66e8bf70.pth 

rgb_encoder.layers.2.1.0.attn.sr.bias - torch.Size([320]): 
PretrainedInit: load from https://download.openmmlab.com/mmsegmentation/v0.5/pretrain/segformer/mit_b2_20220624-66e8bf70.pth 

rgb_encoder.layers.2.1.0.attn.norm.weight - torch.Size([320]): 
PretrainedInit: load from https://download.openmmlab.com/mmsegmentation/v0.5/pretrain/segformer/mit_b2_20220624-66e8bf70.pth 

rgb_encoder.layers.2.1.0.attn.norm.bias - torch.Size([320]): 
PretrainedInit: load from https://download.openmmlab.com/mmsegmentation/v0.5/pretrain/segformer/mit_b2_20220624-66e8bf70.pth 

rgb_encoder.layers.2.1.0.norm2.weight - torch.Size([320]): 
PretrainedInit: load from https://download.openmmlab.com/mmsegmentation/v0.5/pretrain/segformer/mit_b2_20220624-66e8bf70.pth 

rgb_encoder.layers.2.1.0.norm2.bias - torch.Size([320]): 
PretrainedInit: load from https://download.openmmlab.com/mmsegmentation/v0.5/pretrain/segformer/mit_b2_20220624-66e8bf70.pth 

rgb_encoder.layers.2.1.0.ffn.layers.0.weight - torch.Size([1280, 320, 1, 1]): 
PretrainedInit: load from https://download.openmmlab.com/mmsegmentation/v0.5/pretrain/segformer/mit_b2_20220624-66e8bf70.pth 

rgb_encoder.layers.2.1.0.ffn.layers.0.bias - torch.Size([1280]): 
PretrainedInit: load from https://download.openmmlab.com/mmsegmentation/v0.5/pretrain/segformer/mit_b2_20220624-66e8bf70.pth 

rgb_encoder.layers.2.1.0.ffn.layers.1.weight - torch.Size([1280, 1, 3, 3]): 
PretrainedInit: load from https://download.openmmlab.com/mmsegmentation/v0.5/pretrain/segformer/mit_b2_20220624-66e8bf70.pth 

rgb_encoder.layers.2.1.0.ffn.layers.1.bias - torch.Size([1280]): 
PretrainedInit: load from https://download.openmmlab.com/mmsegmentation/v0.5/pretrain/segformer/mit_b2_20220624-66e8bf70.pth 

rgb_encoder.layers.2.1.0.ffn.layers.4.weight - torch.Size([320, 1280, 1, 1]): 
PretrainedInit: load from https://download.openmmlab.com/mmsegmentation/v0.5/pretrain/segformer/mit_b2_20220624-66e8bf70.pth 

rgb_encoder.layers.2.1.0.ffn.layers.4.bias - torch.Size([320]): 
PretrainedInit: load from https://download.openmmlab.com/mmsegmentation/v0.5/pretrain/segformer/mit_b2_20220624-66e8bf70.pth 

rgb_encoder.layers.2.1.1.norm1.weight - torch.Size([320]): 
PretrainedInit: load from https://download.openmmlab.com/mmsegmentation/v0.5/pretrain/segformer/mit_b2_20220624-66e8bf70.pth 

rgb_encoder.layers.2.1.1.norm1.bias - torch.Size([320]): 
PretrainedInit: load from https://download.openmmlab.com/mmsegmentation/v0.5/pretrain/segformer/mit_b2_20220624-66e8bf70.pth 

rgb_encoder.layers.2.1.1.attn.attn.in_proj_weight - torch.Size([960, 320]): 
PretrainedInit: load from https://download.openmmlab.com/mmsegmentation/v0.5/pretrain/segformer/mit_b2_20220624-66e8bf70.pth 

rgb_encoder.layers.2.1.1.attn.attn.in_proj_bias - torch.Size([960]): 
PretrainedInit: load from https://download.openmmlab.com/mmsegmentation/v0.5/pretrain/segformer/mit_b2_20220624-66e8bf70.pth 

rgb_encoder.layers.2.1.1.attn.attn.out_proj.weight - torch.Size([320, 320]): 
PretrainedInit: load from https://download.openmmlab.com/mmsegmentation/v0.5/pretrain/segformer/mit_b2_20220624-66e8bf70.pth 

rgb_encoder.layers.2.1.1.attn.attn.out_proj.bias - torch.Size([320]): 
PretrainedInit: load from https://download.openmmlab.com/mmsegmentation/v0.5/pretrain/segformer/mit_b2_20220624-66e8bf70.pth 

rgb_encoder.layers.2.1.1.attn.sr.weight - torch.Size([320, 320, 2, 2]): 
PretrainedInit: load from https://download.openmmlab.com/mmsegmentation/v0.5/pretrain/segformer/mit_b2_20220624-66e8bf70.pth 

rgb_encoder.layers.2.1.1.attn.sr.bias - torch.Size([320]): 
PretrainedInit: load from https://download.openmmlab.com/mmsegmentation/v0.5/pretrain/segformer/mit_b2_20220624-66e8bf70.pth 

rgb_encoder.layers.2.1.1.attn.norm.weight - torch.Size([320]): 
PretrainedInit: load from https://download.openmmlab.com/mmsegmentation/v0.5/pretrain/segformer/mit_b2_20220624-66e8bf70.pth 

rgb_encoder.layers.2.1.1.attn.norm.bias - torch.Size([320]): 
PretrainedInit: load from https://download.openmmlab.com/mmsegmentation/v0.5/pretrain/segformer/mit_b2_20220624-66e8bf70.pth 

rgb_encoder.layers.2.1.1.norm2.weight - torch.Size([320]): 
PretrainedInit: load from https://download.openmmlab.com/mmsegmentation/v0.5/pretrain/segformer/mit_b2_20220624-66e8bf70.pth 

rgb_encoder.layers.2.1.1.norm2.bias - torch.Size([320]): 
PretrainedInit: load from https://download.openmmlab.com/mmsegmentation/v0.5/pretrain/segformer/mit_b2_20220624-66e8bf70.pth 

rgb_encoder.layers.2.1.1.ffn.layers.0.weight - torch.Size([1280, 320, 1, 1]): 
PretrainedInit: load from https://download.openmmlab.com/mmsegmentation/v0.5/pretrain/segformer/mit_b2_20220624-66e8bf70.pth 

rgb_encoder.layers.2.1.1.ffn.layers.0.bias - torch.Size([1280]): 
PretrainedInit: load from https://download.openmmlab.com/mmsegmentation/v0.5/pretrain/segformer/mit_b2_20220624-66e8bf70.pth 

rgb_encoder.layers.2.1.1.ffn.layers.1.weight - torch.Size([1280, 1, 3, 3]): 
PretrainedInit: load from https://download.openmmlab.com/mmsegmentation/v0.5/pretrain/segformer/mit_b2_20220624-66e8bf70.pth 

rgb_encoder.layers.2.1.1.ffn.layers.1.bias - torch.Size([1280]): 
PretrainedInit: load from https://download.openmmlab.com/mmsegmentation/v0.5/pretrain/segformer/mit_b2_20220624-66e8bf70.pth 

rgb_encoder.layers.2.1.1.ffn.layers.4.weight - torch.Size([320, 1280, 1, 1]): 
PretrainedInit: load from https://download.openmmlab.com/mmsegmentation/v0.5/pretrain/segformer/mit_b2_20220624-66e8bf70.pth 

rgb_encoder.layers.2.1.1.ffn.layers.4.bias - torch.Size([320]): 
PretrainedInit: load from https://download.openmmlab.com/mmsegmentation/v0.5/pretrain/segformer/mit_b2_20220624-66e8bf70.pth 

rgb_encoder.layers.2.1.2.norm1.weight - torch.Size([320]): 
PretrainedInit: load from https://download.openmmlab.com/mmsegmentation/v0.5/pretrain/segformer/mit_b2_20220624-66e8bf70.pth 

rgb_encoder.layers.2.1.2.norm1.bias - torch.Size([320]): 
PretrainedInit: load from https://download.openmmlab.com/mmsegmentation/v0.5/pretrain/segformer/mit_b2_20220624-66e8bf70.pth 

rgb_encoder.layers.2.1.2.attn.attn.in_proj_weight - torch.Size([960, 320]): 
PretrainedInit: load from https://download.openmmlab.com/mmsegmentation/v0.5/pretrain/segformer/mit_b2_20220624-66e8bf70.pth 

rgb_encoder.layers.2.1.2.attn.attn.in_proj_bias - torch.Size([960]): 
PretrainedInit: load from https://download.openmmlab.com/mmsegmentation/v0.5/pretrain/segformer/mit_b2_20220624-66e8bf70.pth 

rgb_encoder.layers.2.1.2.attn.attn.out_proj.weight - torch.Size([320, 320]): 
PretrainedInit: load from https://download.openmmlab.com/mmsegmentation/v0.5/pretrain/segformer/mit_b2_20220624-66e8bf70.pth 

rgb_encoder.layers.2.1.2.attn.attn.out_proj.bias - torch.Size([320]): 
PretrainedInit: load from https://download.openmmlab.com/mmsegmentation/v0.5/pretrain/segformer/mit_b2_20220624-66e8bf70.pth 

rgb_encoder.layers.2.1.2.attn.sr.weight - torch.Size([320, 320, 2, 2]): 
PretrainedInit: load from https://download.openmmlab.com/mmsegmentation/v0.5/pretrain/segformer/mit_b2_20220624-66e8bf70.pth 

rgb_encoder.layers.2.1.2.attn.sr.bias - torch.Size([320]): 
PretrainedInit: load from https://download.openmmlab.com/mmsegmentation/v0.5/pretrain/segformer/mit_b2_20220624-66e8bf70.pth 

rgb_encoder.layers.2.1.2.attn.norm.weight - torch.Size([320]): 
PretrainedInit: load from https://download.openmmlab.com/mmsegmentation/v0.5/pretrain/segformer/mit_b2_20220624-66e8bf70.pth 

rgb_encoder.layers.2.1.2.attn.norm.bias - torch.Size([320]): 
PretrainedInit: load from https://download.openmmlab.com/mmsegmentation/v0.5/pretrain/segformer/mit_b2_20220624-66e8bf70.pth 

rgb_encoder.layers.2.1.2.norm2.weight - torch.Size([320]): 
PretrainedInit: load from https://download.openmmlab.com/mmsegmentation/v0.5/pretrain/segformer/mit_b2_20220624-66e8bf70.pth 

rgb_encoder.layers.2.1.2.norm2.bias - torch.Size([320]): 
PretrainedInit: load from https://download.openmmlab.com/mmsegmentation/v0.5/pretrain/segformer/mit_b2_20220624-66e8bf70.pth 

rgb_encoder.layers.2.1.2.ffn.layers.0.weight - torch.Size([1280, 320, 1, 1]): 
PretrainedInit: load from https://download.openmmlab.com/mmsegmentation/v0.5/pretrain/segformer/mit_b2_20220624-66e8bf70.pth 

rgb_encoder.layers.2.1.2.ffn.layers.0.bias - torch.Size([1280]): 
PretrainedInit: load from https://download.openmmlab.com/mmsegmentation/v0.5/pretrain/segformer/mit_b2_20220624-66e8bf70.pth 

rgb_encoder.layers.2.1.2.ffn.layers.1.weight - torch.Size([1280, 1, 3, 3]): 
PretrainedInit: load from https://download.openmmlab.com/mmsegmentation/v0.5/pretrain/segformer/mit_b2_20220624-66e8bf70.pth 

rgb_encoder.layers.2.1.2.ffn.layers.1.bias - torch.Size([1280]): 
PretrainedInit: load from https://download.openmmlab.com/mmsegmentation/v0.5/pretrain/segformer/mit_b2_20220624-66e8bf70.pth 

rgb_encoder.layers.2.1.2.ffn.layers.4.weight - torch.Size([320, 1280, 1, 1]): 
PretrainedInit: load from https://download.openmmlab.com/mmsegmentation/v0.5/pretrain/segformer/mit_b2_20220624-66e8bf70.pth 

rgb_encoder.layers.2.1.2.ffn.layers.4.bias - torch.Size([320]): 
PretrainedInit: load from https://download.openmmlab.com/mmsegmentation/v0.5/pretrain/segformer/mit_b2_20220624-66e8bf70.pth 

rgb_encoder.layers.2.1.3.norm1.weight - torch.Size([320]): 
PretrainedInit: load from https://download.openmmlab.com/mmsegmentation/v0.5/pretrain/segformer/mit_b2_20220624-66e8bf70.pth 

rgb_encoder.layers.2.1.3.norm1.bias - torch.Size([320]): 
PretrainedInit: load from https://download.openmmlab.com/mmsegmentation/v0.5/pretrain/segformer/mit_b2_20220624-66e8bf70.pth 

rgb_encoder.layers.2.1.3.attn.attn.in_proj_weight - torch.Size([960, 320]): 
PretrainedInit: load from https://download.openmmlab.com/mmsegmentation/v0.5/pretrain/segformer/mit_b2_20220624-66e8bf70.pth 

rgb_encoder.layers.2.1.3.attn.attn.in_proj_bias - torch.Size([960]): 
PretrainedInit: load from https://download.openmmlab.com/mmsegmentation/v0.5/pretrain/segformer/mit_b2_20220624-66e8bf70.pth 

rgb_encoder.layers.2.1.3.attn.attn.out_proj.weight - torch.Size([320, 320]): 
PretrainedInit: load from https://download.openmmlab.com/mmsegmentation/v0.5/pretrain/segformer/mit_b2_20220624-66e8bf70.pth 

rgb_encoder.layers.2.1.3.attn.attn.out_proj.bias - torch.Size([320]): 
PretrainedInit: load from https://download.openmmlab.com/mmsegmentation/v0.5/pretrain/segformer/mit_b2_20220624-66e8bf70.pth 

rgb_encoder.layers.2.1.3.attn.sr.weight - torch.Size([320, 320, 2, 2]): 
PretrainedInit: load from https://download.openmmlab.com/mmsegmentation/v0.5/pretrain/segformer/mit_b2_20220624-66e8bf70.pth 

rgb_encoder.layers.2.1.3.attn.sr.bias - torch.Size([320]): 
PretrainedInit: load from https://download.openmmlab.com/mmsegmentation/v0.5/pretrain/segformer/mit_b2_20220624-66e8bf70.pth 

rgb_encoder.layers.2.1.3.attn.norm.weight - torch.Size([320]): 
PretrainedInit: load from https://download.openmmlab.com/mmsegmentation/v0.5/pretrain/segformer/mit_b2_20220624-66e8bf70.pth 

rgb_encoder.layers.2.1.3.attn.norm.bias - torch.Size([320]): 
PretrainedInit: load from https://download.openmmlab.com/mmsegmentation/v0.5/pretrain/segformer/mit_b2_20220624-66e8bf70.pth 

rgb_encoder.layers.2.1.3.norm2.weight - torch.Size([320]): 
PretrainedInit: load from https://download.openmmlab.com/mmsegmentation/v0.5/pretrain/segformer/mit_b2_20220624-66e8bf70.pth 

rgb_encoder.layers.2.1.3.norm2.bias - torch.Size([320]): 
PretrainedInit: load from https://download.openmmlab.com/mmsegmentation/v0.5/pretrain/segformer/mit_b2_20220624-66e8bf70.pth 

rgb_encoder.layers.2.1.3.ffn.layers.0.weight - torch.Size([1280, 320, 1, 1]): 
PretrainedInit: load from https://download.openmmlab.com/mmsegmentation/v0.5/pretrain/segformer/mit_b2_20220624-66e8bf70.pth 

rgb_encoder.layers.2.1.3.ffn.layers.0.bias - torch.Size([1280]): 
PretrainedInit: load from https://download.openmmlab.com/mmsegmentation/v0.5/pretrain/segformer/mit_b2_20220624-66e8bf70.pth 

rgb_encoder.layers.2.1.3.ffn.layers.1.weight - torch.Size([1280, 1, 3, 3]): 
PretrainedInit: load from https://download.openmmlab.com/mmsegmentation/v0.5/pretrain/segformer/mit_b2_20220624-66e8bf70.pth 

rgb_encoder.layers.2.1.3.ffn.layers.1.bias - torch.Size([1280]): 
PretrainedInit: load from https://download.openmmlab.com/mmsegmentation/v0.5/pretrain/segformer/mit_b2_20220624-66e8bf70.pth 

rgb_encoder.layers.2.1.3.ffn.layers.4.weight - torch.Size([320, 1280, 1, 1]): 
PretrainedInit: load from https://download.openmmlab.com/mmsegmentation/v0.5/pretrain/segformer/mit_b2_20220624-66e8bf70.pth 

rgb_encoder.layers.2.1.3.ffn.layers.4.bias - torch.Size([320]): 
PretrainedInit: load from https://download.openmmlab.com/mmsegmentation/v0.5/pretrain/segformer/mit_b2_20220624-66e8bf70.pth 

rgb_encoder.layers.2.1.4.norm1.weight - torch.Size([320]): 
PretrainedInit: load from https://download.openmmlab.com/mmsegmentation/v0.5/pretrain/segformer/mit_b2_20220624-66e8bf70.pth 

rgb_encoder.layers.2.1.4.norm1.bias - torch.Size([320]): 
PretrainedInit: load from https://download.openmmlab.com/mmsegmentation/v0.5/pretrain/segformer/mit_b2_20220624-66e8bf70.pth 

rgb_encoder.layers.2.1.4.attn.attn.in_proj_weight - torch.Size([960, 320]): 
PretrainedInit: load from https://download.openmmlab.com/mmsegmentation/v0.5/pretrain/segformer/mit_b2_20220624-66e8bf70.pth 

rgb_encoder.layers.2.1.4.attn.attn.in_proj_bias - torch.Size([960]): 
PretrainedInit: load from https://download.openmmlab.com/mmsegmentation/v0.5/pretrain/segformer/mit_b2_20220624-66e8bf70.pth 

rgb_encoder.layers.2.1.4.attn.attn.out_proj.weight - torch.Size([320, 320]): 
PretrainedInit: load from https://download.openmmlab.com/mmsegmentation/v0.5/pretrain/segformer/mit_b2_20220624-66e8bf70.pth 

rgb_encoder.layers.2.1.4.attn.attn.out_proj.bias - torch.Size([320]): 
PretrainedInit: load from https://download.openmmlab.com/mmsegmentation/v0.5/pretrain/segformer/mit_b2_20220624-66e8bf70.pth 

rgb_encoder.layers.2.1.4.attn.sr.weight - torch.Size([320, 320, 2, 2]): 
PretrainedInit: load from https://download.openmmlab.com/mmsegmentation/v0.5/pretrain/segformer/mit_b2_20220624-66e8bf70.pth 

rgb_encoder.layers.2.1.4.attn.sr.bias - torch.Size([320]): 
PretrainedInit: load from https://download.openmmlab.com/mmsegmentation/v0.5/pretrain/segformer/mit_b2_20220624-66e8bf70.pth 

rgb_encoder.layers.2.1.4.attn.norm.weight - torch.Size([320]): 
PretrainedInit: load from https://download.openmmlab.com/mmsegmentation/v0.5/pretrain/segformer/mit_b2_20220624-66e8bf70.pth 

rgb_encoder.layers.2.1.4.attn.norm.bias - torch.Size([320]): 
PretrainedInit: load from https://download.openmmlab.com/mmsegmentation/v0.5/pretrain/segformer/mit_b2_20220624-66e8bf70.pth 

rgb_encoder.layers.2.1.4.norm2.weight - torch.Size([320]): 
PretrainedInit: load from https://download.openmmlab.com/mmsegmentation/v0.5/pretrain/segformer/mit_b2_20220624-66e8bf70.pth 

rgb_encoder.layers.2.1.4.norm2.bias - torch.Size([320]): 
PretrainedInit: load from https://download.openmmlab.com/mmsegmentation/v0.5/pretrain/segformer/mit_b2_20220624-66e8bf70.pth 

rgb_encoder.layers.2.1.4.ffn.layers.0.weight - torch.Size([1280, 320, 1, 1]): 
PretrainedInit: load from https://download.openmmlab.com/mmsegmentation/v0.5/pretrain/segformer/mit_b2_20220624-66e8bf70.pth 

rgb_encoder.layers.2.1.4.ffn.layers.0.bias - torch.Size([1280]): 
PretrainedInit: load from https://download.openmmlab.com/mmsegmentation/v0.5/pretrain/segformer/mit_b2_20220624-66e8bf70.pth 

rgb_encoder.layers.2.1.4.ffn.layers.1.weight - torch.Size([1280, 1, 3, 3]): 
PretrainedInit: load from https://download.openmmlab.com/mmsegmentation/v0.5/pretrain/segformer/mit_b2_20220624-66e8bf70.pth 

rgb_encoder.layers.2.1.4.ffn.layers.1.bias - torch.Size([1280]): 
PretrainedInit: load from https://download.openmmlab.com/mmsegmentation/v0.5/pretrain/segformer/mit_b2_20220624-66e8bf70.pth 

rgb_encoder.layers.2.1.4.ffn.layers.4.weight - torch.Size([320, 1280, 1, 1]): 
PretrainedInit: load from https://download.openmmlab.com/mmsegmentation/v0.5/pretrain/segformer/mit_b2_20220624-66e8bf70.pth 

rgb_encoder.layers.2.1.4.ffn.layers.4.bias - torch.Size([320]): 
PretrainedInit: load from https://download.openmmlab.com/mmsegmentation/v0.5/pretrain/segformer/mit_b2_20220624-66e8bf70.pth 

rgb_encoder.layers.2.1.5.norm1.weight - torch.Size([320]): 
PretrainedInit: load from https://download.openmmlab.com/mmsegmentation/v0.5/pretrain/segformer/mit_b2_20220624-66e8bf70.pth 

rgb_encoder.layers.2.1.5.norm1.bias - torch.Size([320]): 
PretrainedInit: load from https://download.openmmlab.com/mmsegmentation/v0.5/pretrain/segformer/mit_b2_20220624-66e8bf70.pth 

rgb_encoder.layers.2.1.5.attn.attn.in_proj_weight - torch.Size([960, 320]): 
PretrainedInit: load from https://download.openmmlab.com/mmsegmentation/v0.5/pretrain/segformer/mit_b2_20220624-66e8bf70.pth 

rgb_encoder.layers.2.1.5.attn.attn.in_proj_bias - torch.Size([960]): 
PretrainedInit: load from https://download.openmmlab.com/mmsegmentation/v0.5/pretrain/segformer/mit_b2_20220624-66e8bf70.pth 

rgb_encoder.layers.2.1.5.attn.attn.out_proj.weight - torch.Size([320, 320]): 
PretrainedInit: load from https://download.openmmlab.com/mmsegmentation/v0.5/pretrain/segformer/mit_b2_20220624-66e8bf70.pth 

rgb_encoder.layers.2.1.5.attn.attn.out_proj.bias - torch.Size([320]): 
PretrainedInit: load from https://download.openmmlab.com/mmsegmentation/v0.5/pretrain/segformer/mit_b2_20220624-66e8bf70.pth 

rgb_encoder.layers.2.1.5.attn.sr.weight - torch.Size([320, 320, 2, 2]): 
PretrainedInit: load from https://download.openmmlab.com/mmsegmentation/v0.5/pretrain/segformer/mit_b2_20220624-66e8bf70.pth 

rgb_encoder.layers.2.1.5.attn.sr.bias - torch.Size([320]): 
PretrainedInit: load from https://download.openmmlab.com/mmsegmentation/v0.5/pretrain/segformer/mit_b2_20220624-66e8bf70.pth 

rgb_encoder.layers.2.1.5.attn.norm.weight - torch.Size([320]): 
PretrainedInit: load from https://download.openmmlab.com/mmsegmentation/v0.5/pretrain/segformer/mit_b2_20220624-66e8bf70.pth 

rgb_encoder.layers.2.1.5.attn.norm.bias - torch.Size([320]): 
PretrainedInit: load from https://download.openmmlab.com/mmsegmentation/v0.5/pretrain/segformer/mit_b2_20220624-66e8bf70.pth 

rgb_encoder.layers.2.1.5.norm2.weight - torch.Size([320]): 
PretrainedInit: load from https://download.openmmlab.com/mmsegmentation/v0.5/pretrain/segformer/mit_b2_20220624-66e8bf70.pth 

rgb_encoder.layers.2.1.5.norm2.bias - torch.Size([320]): 
PretrainedInit: load from https://download.openmmlab.com/mmsegmentation/v0.5/pretrain/segformer/mit_b2_20220624-66e8bf70.pth 

rgb_encoder.layers.2.1.5.ffn.layers.0.weight - torch.Size([1280, 320, 1, 1]): 
PretrainedInit: load from https://download.openmmlab.com/mmsegmentation/v0.5/pretrain/segformer/mit_b2_20220624-66e8bf70.pth 

rgb_encoder.layers.2.1.5.ffn.layers.0.bias - torch.Size([1280]): 
PretrainedInit: load from https://download.openmmlab.com/mmsegmentation/v0.5/pretrain/segformer/mit_b2_20220624-66e8bf70.pth 

rgb_encoder.layers.2.1.5.ffn.layers.1.weight - torch.Size([1280, 1, 3, 3]): 
PretrainedInit: load from https://download.openmmlab.com/mmsegmentation/v0.5/pretrain/segformer/mit_b2_20220624-66e8bf70.pth 

rgb_encoder.layers.2.1.5.ffn.layers.1.bias - torch.Size([1280]): 
PretrainedInit: load from https://download.openmmlab.com/mmsegmentation/v0.5/pretrain/segformer/mit_b2_20220624-66e8bf70.pth 

rgb_encoder.layers.2.1.5.ffn.layers.4.weight - torch.Size([320, 1280, 1, 1]): 
PretrainedInit: load from https://download.openmmlab.com/mmsegmentation/v0.5/pretrain/segformer/mit_b2_20220624-66e8bf70.pth 

rgb_encoder.layers.2.1.5.ffn.layers.4.bias - torch.Size([320]): 
PretrainedInit: load from https://download.openmmlab.com/mmsegmentation/v0.5/pretrain/segformer/mit_b2_20220624-66e8bf70.pth 

rgb_encoder.layers.2.2.weight - torch.Size([320]): 
PretrainedInit: load from https://download.openmmlab.com/mmsegmentation/v0.5/pretrain/segformer/mit_b2_20220624-66e8bf70.pth 

rgb_encoder.layers.2.2.bias - torch.Size([320]): 
PretrainedInit: load from https://download.openmmlab.com/mmsegmentation/v0.5/pretrain/segformer/mit_b2_20220624-66e8bf70.pth 

rgb_encoder.layers.3.0.projection.weight - torch.Size([512, 320, 3, 3]): 
PretrainedInit: load from https://download.openmmlab.com/mmsegmentation/v0.5/pretrain/segformer/mit_b2_20220624-66e8bf70.pth 

rgb_encoder.layers.3.0.projection.bias - torch.Size([512]): 
PretrainedInit: load from https://download.openmmlab.com/mmsegmentation/v0.5/pretrain/segformer/mit_b2_20220624-66e8bf70.pth 

rgb_encoder.layers.3.0.norm.weight - torch.Size([512]): 
PretrainedInit: load from https://download.openmmlab.com/mmsegmentation/v0.5/pretrain/segformer/mit_b2_20220624-66e8bf70.pth 

rgb_encoder.layers.3.0.norm.bias - torch.Size([512]): 
PretrainedInit: load from https://download.openmmlab.com/mmsegmentation/v0.5/pretrain/segformer/mit_b2_20220624-66e8bf70.pth 

rgb_encoder.layers.3.1.0.norm1.weight - torch.Size([512]): 
PretrainedInit: load from https://download.openmmlab.com/mmsegmentation/v0.5/pretrain/segformer/mit_b2_20220624-66e8bf70.pth 

rgb_encoder.layers.3.1.0.norm1.bias - torch.Size([512]): 
PretrainedInit: load from https://download.openmmlab.com/mmsegmentation/v0.5/pretrain/segformer/mit_b2_20220624-66e8bf70.pth 

rgb_encoder.layers.3.1.0.attn.attn.in_proj_weight - torch.Size([1536, 512]): 
PretrainedInit: load from https://download.openmmlab.com/mmsegmentation/v0.5/pretrain/segformer/mit_b2_20220624-66e8bf70.pth 

rgb_encoder.layers.3.1.0.attn.attn.in_proj_bias - torch.Size([1536]): 
PretrainedInit: load from https://download.openmmlab.com/mmsegmentation/v0.5/pretrain/segformer/mit_b2_20220624-66e8bf70.pth 

rgb_encoder.layers.3.1.0.attn.attn.out_proj.weight - torch.Size([512, 512]): 
PretrainedInit: load from https://download.openmmlab.com/mmsegmentation/v0.5/pretrain/segformer/mit_b2_20220624-66e8bf70.pth 

rgb_encoder.layers.3.1.0.attn.attn.out_proj.bias - torch.Size([512]): 
PretrainedInit: load from https://download.openmmlab.com/mmsegmentation/v0.5/pretrain/segformer/mit_b2_20220624-66e8bf70.pth 

rgb_encoder.layers.3.1.0.norm2.weight - torch.Size([512]): 
PretrainedInit: load from https://download.openmmlab.com/mmsegmentation/v0.5/pretrain/segformer/mit_b2_20220624-66e8bf70.pth 

rgb_encoder.layers.3.1.0.norm2.bias - torch.Size([512]): 
PretrainedInit: load from https://download.openmmlab.com/mmsegmentation/v0.5/pretrain/segformer/mit_b2_20220624-66e8bf70.pth 

rgb_encoder.layers.3.1.0.ffn.layers.0.weight - torch.Size([2048, 512, 1, 1]): 
PretrainedInit: load from https://download.openmmlab.com/mmsegmentation/v0.5/pretrain/segformer/mit_b2_20220624-66e8bf70.pth 

rgb_encoder.layers.3.1.0.ffn.layers.0.bias - torch.Size([2048]): 
PretrainedInit: load from https://download.openmmlab.com/mmsegmentation/v0.5/pretrain/segformer/mit_b2_20220624-66e8bf70.pth 

rgb_encoder.layers.3.1.0.ffn.layers.1.weight - torch.Size([2048, 1, 3, 3]): 
PretrainedInit: load from https://download.openmmlab.com/mmsegmentation/v0.5/pretrain/segformer/mit_b2_20220624-66e8bf70.pth 

rgb_encoder.layers.3.1.0.ffn.layers.1.bias - torch.Size([2048]): 
PretrainedInit: load from https://download.openmmlab.com/mmsegmentation/v0.5/pretrain/segformer/mit_b2_20220624-66e8bf70.pth 

rgb_encoder.layers.3.1.0.ffn.layers.4.weight - torch.Size([512, 2048, 1, 1]): 
PretrainedInit: load from https://download.openmmlab.com/mmsegmentation/v0.5/pretrain/segformer/mit_b2_20220624-66e8bf70.pth 

rgb_encoder.layers.3.1.0.ffn.layers.4.bias - torch.Size([512]): 
PretrainedInit: load from https://download.openmmlab.com/mmsegmentation/v0.5/pretrain/segformer/mit_b2_20220624-66e8bf70.pth 

rgb_encoder.layers.3.1.1.norm1.weight - torch.Size([512]): 
PretrainedInit: load from https://download.openmmlab.com/mmsegmentation/v0.5/pretrain/segformer/mit_b2_20220624-66e8bf70.pth 

rgb_encoder.layers.3.1.1.norm1.bias - torch.Size([512]): 
PretrainedInit: load from https://download.openmmlab.com/mmsegmentation/v0.5/pretrain/segformer/mit_b2_20220624-66e8bf70.pth 

rgb_encoder.layers.3.1.1.attn.attn.in_proj_weight - torch.Size([1536, 512]): 
PretrainedInit: load from https://download.openmmlab.com/mmsegmentation/v0.5/pretrain/segformer/mit_b2_20220624-66e8bf70.pth 

rgb_encoder.layers.3.1.1.attn.attn.in_proj_bias - torch.Size([1536]): 
PretrainedInit: load from https://download.openmmlab.com/mmsegmentation/v0.5/pretrain/segformer/mit_b2_20220624-66e8bf70.pth 

rgb_encoder.layers.3.1.1.attn.attn.out_proj.weight - torch.Size([512, 512]): 
PretrainedInit: load from https://download.openmmlab.com/mmsegmentation/v0.5/pretrain/segformer/mit_b2_20220624-66e8bf70.pth 

rgb_encoder.layers.3.1.1.attn.attn.out_proj.bias - torch.Size([512]): 
PretrainedInit: load from https://download.openmmlab.com/mmsegmentation/v0.5/pretrain/segformer/mit_b2_20220624-66e8bf70.pth 

rgb_encoder.layers.3.1.1.norm2.weight - torch.Size([512]): 
PretrainedInit: load from https://download.openmmlab.com/mmsegmentation/v0.5/pretrain/segformer/mit_b2_20220624-66e8bf70.pth 

rgb_encoder.layers.3.1.1.norm2.bias - torch.Size([512]): 
PretrainedInit: load from https://download.openmmlab.com/mmsegmentation/v0.5/pretrain/segformer/mit_b2_20220624-66e8bf70.pth 

rgb_encoder.layers.3.1.1.ffn.layers.0.weight - torch.Size([2048, 512, 1, 1]): 
PretrainedInit: load from https://download.openmmlab.com/mmsegmentation/v0.5/pretrain/segformer/mit_b2_20220624-66e8bf70.pth 

rgb_encoder.layers.3.1.1.ffn.layers.0.bias - torch.Size([2048]): 
PretrainedInit: load from https://download.openmmlab.com/mmsegmentation/v0.5/pretrain/segformer/mit_b2_20220624-66e8bf70.pth 

rgb_encoder.layers.3.1.1.ffn.layers.1.weight - torch.Size([2048, 1, 3, 3]): 
PretrainedInit: load from https://download.openmmlab.com/mmsegmentation/v0.5/pretrain/segformer/mit_b2_20220624-66e8bf70.pth 

rgb_encoder.layers.3.1.1.ffn.layers.1.bias - torch.Size([2048]): 
PretrainedInit: load from https://download.openmmlab.com/mmsegmentation/v0.5/pretrain/segformer/mit_b2_20220624-66e8bf70.pth 

rgb_encoder.layers.3.1.1.ffn.layers.4.weight - torch.Size([512, 2048, 1, 1]): 
PretrainedInit: load from https://download.openmmlab.com/mmsegmentation/v0.5/pretrain/segformer/mit_b2_20220624-66e8bf70.pth 

rgb_encoder.layers.3.1.1.ffn.layers.4.bias - torch.Size([512]): 
PretrainedInit: load from https://download.openmmlab.com/mmsegmentation/v0.5/pretrain/segformer/mit_b2_20220624-66e8bf70.pth 

rgb_encoder.layers.3.1.2.norm1.weight - torch.Size([512]): 
PretrainedInit: load from https://download.openmmlab.com/mmsegmentation/v0.5/pretrain/segformer/mit_b2_20220624-66e8bf70.pth 

rgb_encoder.layers.3.1.2.norm1.bias - torch.Size([512]): 
PretrainedInit: load from https://download.openmmlab.com/mmsegmentation/v0.5/pretrain/segformer/mit_b2_20220624-66e8bf70.pth 

rgb_encoder.layers.3.1.2.attn.attn.in_proj_weight - torch.Size([1536, 512]): 
PretrainedInit: load from https://download.openmmlab.com/mmsegmentation/v0.5/pretrain/segformer/mit_b2_20220624-66e8bf70.pth 

rgb_encoder.layers.3.1.2.attn.attn.in_proj_bias - torch.Size([1536]): 
PretrainedInit: load from https://download.openmmlab.com/mmsegmentation/v0.5/pretrain/segformer/mit_b2_20220624-66e8bf70.pth 

rgb_encoder.layers.3.1.2.attn.attn.out_proj.weight - torch.Size([512, 512]): 
PretrainedInit: load from https://download.openmmlab.com/mmsegmentation/v0.5/pretrain/segformer/mit_b2_20220624-66e8bf70.pth 

rgb_encoder.layers.3.1.2.attn.attn.out_proj.bias - torch.Size([512]): 
PretrainedInit: load from https://download.openmmlab.com/mmsegmentation/v0.5/pretrain/segformer/mit_b2_20220624-66e8bf70.pth 

rgb_encoder.layers.3.1.2.norm2.weight - torch.Size([512]): 
PretrainedInit: load from https://download.openmmlab.com/mmsegmentation/v0.5/pretrain/segformer/mit_b2_20220624-66e8bf70.pth 

rgb_encoder.layers.3.1.2.norm2.bias - torch.Size([512]): 
PretrainedInit: load from https://download.openmmlab.com/mmsegmentation/v0.5/pretrain/segformer/mit_b2_20220624-66e8bf70.pth 

rgb_encoder.layers.3.1.2.ffn.layers.0.weight - torch.Size([2048, 512, 1, 1]): 
PretrainedInit: load from https://download.openmmlab.com/mmsegmentation/v0.5/pretrain/segformer/mit_b2_20220624-66e8bf70.pth 

rgb_encoder.layers.3.1.2.ffn.layers.0.bias - torch.Size([2048]): 
PretrainedInit: load from https://download.openmmlab.com/mmsegmentation/v0.5/pretrain/segformer/mit_b2_20220624-66e8bf70.pth 

rgb_encoder.layers.3.1.2.ffn.layers.1.weight - torch.Size([2048, 1, 3, 3]): 
PretrainedInit: load from https://download.openmmlab.com/mmsegmentation/v0.5/pretrain/segformer/mit_b2_20220624-66e8bf70.pth 

rgb_encoder.layers.3.1.2.ffn.layers.1.bias - torch.Size([2048]): 
PretrainedInit: load from https://download.openmmlab.com/mmsegmentation/v0.5/pretrain/segformer/mit_b2_20220624-66e8bf70.pth 

rgb_encoder.layers.3.1.2.ffn.layers.4.weight - torch.Size([512, 2048, 1, 1]): 
PretrainedInit: load from https://download.openmmlab.com/mmsegmentation/v0.5/pretrain/segformer/mit_b2_20220624-66e8bf70.pth 

rgb_encoder.layers.3.1.2.ffn.layers.4.bias - torch.Size([512]): 
PretrainedInit: load from https://download.openmmlab.com/mmsegmentation/v0.5/pretrain/segformer/mit_b2_20220624-66e8bf70.pth 

rgb_encoder.layers.3.2.weight - torch.Size([512]): 
PretrainedInit: load from https://download.openmmlab.com/mmsegmentation/v0.5/pretrain/segformer/mit_b2_20220624-66e8bf70.pth 

rgb_encoder.layers.3.2.bias - torch.Size([512]): 
PretrainedInit: load from https://download.openmmlab.com/mmsegmentation/v0.5/pretrain/segformer/mit_b2_20220624-66e8bf70.pth 

global_film.modulators.0.weight - torch.Size([128, 512]): 
The value is the same before and after calling `init_weights` of RPGVNetV2  

global_film.modulators.0.bias - torch.Size([128]): 
The value is the same before and after calling `init_weights` of RPGVNetV2  

global_film.modulators.1.weight - torch.Size([256, 512]): 
The value is the same before and after calling `init_weights` of RPGVNetV2  

global_film.modulators.1.bias - torch.Size([256]): 
The value is the same before and after calling `init_weights` of RPGVNetV2  

global_film.modulators.2.weight - torch.Size([640, 512]): 
The value is the same before and after calling `init_weights` of RPGVNetV2  

global_film.modulators.2.bias - torch.Size([640]): 
The value is the same before and after calling `init_weights` of RPGVNetV2  

global_film.modulators.3.weight - torch.Size([1024, 512]): 
The value is the same before and after calling `init_weights` of RPGVNetV2  

global_film.modulators.3.bias - torch.Size([1024]): 
The value is the same before and after calling `init_weights` of RPGVNetV2  

rgb_aux_head.weight - torch.Size([1, 64, 1, 1]): 
The value is the same before and after calling `init_weights` of RPGVNetV2  

rgb_aux_head.bias - torch.Size([1]): 
The value is the same before and after calling `init_weights` of RPGVNetV2  

rgb_boundary_head.0.weight - torch.Size([32, 64, 3, 3]): 
The value is the same before and after calling `init_weights` of RPGVNetV2  

rgb_boundary_head.0.bias - torch.Size([32]): 
The value is the same before and after calling `init_weights` of RPGVNetV2  

rgb_boundary_head.2.weight - torch.Size([1, 32, 1, 1]): 
The value is the same before and after calling `init_weights` of RPGVNetV2  

rgb_boundary_head.2.bias - torch.Size([1]): 
The value is the same before and after calling `init_weights` of RPGVNetV2  

rectifier.correction_logit - torch.Size([]): 
The value is the same before and after calling `init_weights` of RPGVNetV2  

rectifier.depth_encoder.0.0.weight - torch.Size([32, 4, 3, 3]): 
The value is the same before and after calling `init_weights` of RPGVNetV2  

rectifier.depth_encoder.0.1.weight - torch.Size([32]): 
The value is the same before and after calling `init_weights` of RPGVNetV2  

rectifier.depth_encoder.0.1.bias - torch.Size([32]): 
The value is the same before and after calling `init_weights` of RPGVNetV2  

rectifier.depth_encoder.1.0.weight - torch.Size([32, 32, 3, 3]): 
The value is the same before and after calling `init_weights` of RPGVNetV2  

rectifier.depth_encoder.1.1.weight - torch.Size([32]): 
The value is the same before and after calling `init_weights` of RPGVNetV2  

rectifier.depth_encoder.1.1.bias - torch.Size([32]): 
The value is the same before and after calling `init_weights` of RPGVNetV2  

rectifier.rgb_projection.0.weight - torch.Size([32, 64, 1, 1]): 
The value is the same before and after calling `init_weights` of RPGVNetV2  

rectifier.rgb_projection.1.weight - torch.Size([32]): 
The value is the same before and after calling `init_weights` of RPGVNetV2  

rectifier.rgb_projection.1.bias - torch.Size([32]): 
The value is the same before and after calling `init_weights` of RPGVNetV2  

rectifier.offset_mask.0.0.weight - torch.Size([32, 65, 3, 3]): 
The value is the same before and after calling `init_weights` of RPGVNetV2  

rectifier.offset_mask.0.1.weight - torch.Size([32]): 
The value is the same before and after calling `init_weights` of RPGVNetV2  

rectifier.offset_mask.0.1.bias - torch.Size([32]): 
The value is the same before and after calling `init_weights` of RPGVNetV2  

rectifier.offset_mask.1.weight - torch.Size([27, 32, 3, 3]): 
The value is the same before and after calling `init_weights` of RPGVNetV2  

rectifier.offset_mask.1.bias - torch.Size([27]): 
The value is the same before and after calling `init_weights` of RPGVNetV2  

rectifier.deform.weight - torch.Size([32, 32, 9]): 
The value is the same before and after calling `init_weights` of RPGVNetV2  

rectifier.deform.bias - torch.Size([32]): 
The value is the same before and after calling `init_weights` of RPGVNetV2  

rectifier.learned_reliability.0.0.weight - torch.Size([32, 65, 3, 3]): 
The value is the same before and after calling `init_weights` of RPGVNetV2  

rectifier.learned_reliability.0.1.weight - torch.Size([32]): 
The value is the same before and after calling `init_weights` of RPGVNetV2  

rectifier.learned_reliability.0.1.bias - torch.Size([32]): 
The value is the same before and after calling `init_weights` of RPGVNetV2  

rectifier.learned_reliability.1.weight - torch.Size([1, 32, 1, 1]): 
The value is the same before and after calling `init_weights` of RPGVNetV2  

rectifier.learned_reliability.1.bias - torch.Size([1]): 
The value is the same before and after calling `init_weights` of RPGVNetV2  

rectifier.residual.0.0.weight - torch.Size([32, 33, 3, 3]): 
The value is the same before and after calling `init_weights` of RPGVNetV2  

rectifier.residual.0.1.weight - torch.Size([32]): 
The value is the same before and after calling `init_weights` of RPGVNetV2  

rectifier.residual.0.1.bias - torch.Size([32]): 
The value is the same before and after calling `init_weights` of RPGVNetV2  

rectifier.residual.1.weight - torch.Size([1, 32, 1, 1]): 
The value is the same before and after calling `init_weights` of RPGVNetV2  

rectifier.residual.1.bias - torch.Size([1]): 
The value is the same before and after calling `init_weights` of RPGVNetV2  

geometry_encoder.stem.0.0.weight - torch.Size([32, 8, 3, 3]): 
The value is the same before and after calling `init_weights` of RPGVNetV2  

geometry_encoder.stem.0.1.weight - torch.Size([32]): 
The value is the same before and after calling `init_weights` of RPGVNetV2  

geometry_encoder.stem.0.1.bias - torch.Size([32]): 
The value is the same before and after calling `init_weights` of RPGVNetV2  

geometry_encoder.stem.1.block.0.0.weight - torch.Size([32, 1, 3, 3]): 
The value is the same before and after calling `init_weights` of RPGVNetV2  

geometry_encoder.stem.1.block.0.1.weight - torch.Size([32]): 
The value is the same before and after calling `init_weights` of RPGVNetV2  

geometry_encoder.stem.1.block.0.1.bias - torch.Size([32]): 
The value is the same before and after calling `init_weights` of RPGVNetV2  

geometry_encoder.stem.1.block.1.0.weight - torch.Size([32, 32, 1, 1]): 
The value is the same before and after calling `init_weights` of RPGVNetV2  

geometry_encoder.stem.1.block.1.1.weight - torch.Size([32]): 
The value is the same before and after calling `init_weights` of RPGVNetV2  

geometry_encoder.stem.1.block.1.1.bias - torch.Size([32]): 
The value is the same before and after calling `init_weights` of RPGVNetV2  

geometry_encoder.downsamples.0.block.0.0.weight - torch.Size([32, 1, 3, 3]): 
The value is the same before and after calling `init_weights` of RPGVNetV2  

geometry_encoder.downsamples.0.block.0.1.weight - torch.Size([32]): 
The value is the same before and after calling `init_weights` of RPGVNetV2  

geometry_encoder.downsamples.0.block.0.1.bias - torch.Size([32]): 
The value is the same before and after calling `init_weights` of RPGVNetV2  

geometry_encoder.downsamples.0.block.1.0.weight - torch.Size([64, 32, 1, 1]): 
The value is the same before and after calling `init_weights` of RPGVNetV2  

geometry_encoder.downsamples.0.block.1.1.weight - torch.Size([64]): 
The value is the same before and after calling `init_weights` of RPGVNetV2  

geometry_encoder.downsamples.0.block.1.1.bias - torch.Size([64]): 
The value is the same before and after calling `init_weights` of RPGVNetV2  

geometry_encoder.downsamples.0.shortcut.0.weight - torch.Size([64, 32, 1, 1]): 
The value is the same before and after calling `init_weights` of RPGVNetV2  

geometry_encoder.downsamples.0.shortcut.1.weight - torch.Size([64]): 
The value is the same before and after calling `init_weights` of RPGVNetV2  

geometry_encoder.downsamples.0.shortcut.1.bias - torch.Size([64]): 
The value is the same before and after calling `init_weights` of RPGVNetV2  

geometry_encoder.downsamples.1.block.0.0.weight - torch.Size([64, 1, 3, 3]): 
The value is the same before and after calling `init_weights` of RPGVNetV2  

geometry_encoder.downsamples.1.block.0.1.weight - torch.Size([64]): 
The value is the same before and after calling `init_weights` of RPGVNetV2  

geometry_encoder.downsamples.1.block.0.1.bias - torch.Size([64]): 
The value is the same before and after calling `init_weights` of RPGVNetV2  

geometry_encoder.downsamples.1.block.1.0.weight - torch.Size([128, 64, 1, 1]): 
The value is the same before and after calling `init_weights` of RPGVNetV2  

geometry_encoder.downsamples.1.block.1.1.weight - torch.Size([128]): 
The value is the same before and after calling `init_weights` of RPGVNetV2  

geometry_encoder.downsamples.1.block.1.1.bias - torch.Size([128]): 
The value is the same before and after calling `init_weights` of RPGVNetV2  

geometry_encoder.downsamples.1.shortcut.0.weight - torch.Size([128, 64, 1, 1]): 
The value is the same before and after calling `init_weights` of RPGVNetV2  

geometry_encoder.downsamples.1.shortcut.1.weight - torch.Size([128]): 
The value is the same before and after calling `init_weights` of RPGVNetV2  

geometry_encoder.downsamples.1.shortcut.1.bias - torch.Size([128]): 
The value is the same before and after calling `init_weights` of RPGVNetV2  

geometry_encoder.downsamples.2.block.0.0.weight - torch.Size([128, 1, 3, 3]): 
The value is the same before and after calling `init_weights` of RPGVNetV2  

geometry_encoder.downsamples.2.block.0.1.weight - torch.Size([128]): 
The value is the same before and after calling `init_weights` of RPGVNetV2  

geometry_encoder.downsamples.2.block.0.1.bias - torch.Size([128]): 
The value is the same before and after calling `init_weights` of RPGVNetV2  

geometry_encoder.downsamples.2.block.1.0.weight - torch.Size([256, 128, 1, 1]): 
The value is the same before and after calling `init_weights` of RPGVNetV2  

geometry_encoder.downsamples.2.block.1.1.weight - torch.Size([256]): 
The value is the same before and after calling `init_weights` of RPGVNetV2  

geometry_encoder.downsamples.2.block.1.1.bias - torch.Size([256]): 
The value is the same before and after calling `init_weights` of RPGVNetV2  

geometry_encoder.downsamples.2.shortcut.0.weight - torch.Size([256, 128, 1, 1]): 
The value is the same before and after calling `init_weights` of RPGVNetV2  

geometry_encoder.downsamples.2.shortcut.1.weight - torch.Size([256]): 
The value is the same before and after calling `init_weights` of RPGVNetV2  

geometry_encoder.downsamples.2.shortcut.1.bias - torch.Size([256]): 
The value is the same before and after calling `init_weights` of RPGVNetV2  

geometry_pyramid.laterals.0.0.weight - torch.Size([32, 32, 1, 1]): 
The value is the same before and after calling `init_weights` of RPGVNetV2  

geometry_pyramid.laterals.0.1.weight - torch.Size([32]): 
The value is the same before and after calling `init_weights` of RPGVNetV2  

geometry_pyramid.laterals.0.1.bias - torch.Size([32]): 
The value is the same before and after calling `init_weights` of RPGVNetV2  

geometry_pyramid.laterals.1.0.weight - torch.Size([64, 64, 1, 1]): 
The value is the same before and after calling `init_weights` of RPGVNetV2  

geometry_pyramid.laterals.1.1.weight - torch.Size([64]): 
The value is the same before and after calling `init_weights` of RPGVNetV2  

geometry_pyramid.laterals.1.1.bias - torch.Size([64]): 
The value is the same before and after calling `init_weights` of RPGVNetV2  

geometry_pyramid.laterals.2.0.weight - torch.Size([128, 128, 1, 1]): 
The value is the same before and after calling `init_weights` of RPGVNetV2  

geometry_pyramid.laterals.2.1.weight - torch.Size([128]): 
The value is the same before and after calling `init_weights` of RPGVNetV2  

geometry_pyramid.laterals.2.1.bias - torch.Size([128]): 
The value is the same before and after calling `init_weights` of RPGVNetV2  

geometry_pyramid.laterals.3.0.weight - torch.Size([256, 256, 1, 1]): 
The value is the same before and after calling `init_weights` of RPGVNetV2  

geometry_pyramid.laterals.3.1.weight - torch.Size([256]): 
The value is the same before and after calling `init_weights` of RPGVNetV2  

geometry_pyramid.laterals.3.1.bias - torch.Size([256]): 
The value is the same before and after calling `init_weights` of RPGVNetV2  

geometry_pyramid.top_down.0.0.weight - torch.Size([32, 64, 1, 1]): 
The value is the same before and after calling `init_weights` of RPGVNetV2  

geometry_pyramid.top_down.0.1.weight - torch.Size([32]): 
The value is the same before and after calling `init_weights` of RPGVNetV2  

geometry_pyramid.top_down.0.1.bias - torch.Size([32]): 
The value is the same before and after calling `init_weights` of RPGVNetV2  

geometry_pyramid.top_down.1.0.weight - torch.Size([64, 128, 1, 1]): 
The value is the same before and after calling `init_weights` of RPGVNetV2  

geometry_pyramid.top_down.1.1.weight - torch.Size([64]): 
The value is the same before and after calling `init_weights` of RPGVNetV2  

geometry_pyramid.top_down.1.1.bias - torch.Size([64]): 
The value is the same before and after calling `init_weights` of RPGVNetV2  

geometry_pyramid.top_down.2.0.weight - torch.Size([128, 256, 1, 1]): 
The value is the same before and after calling `init_weights` of RPGVNetV2  

geometry_pyramid.top_down.2.1.weight - torch.Size([128]): 
The value is the same before and after calling `init_weights` of RPGVNetV2  

geometry_pyramid.top_down.2.1.bias - torch.Size([128]): 
The value is the same before and after calling `init_weights` of RPGVNetV2  

geometry_pyramid.refine.0.block.0.0.weight - torch.Size([32, 1, 3, 3]): 
The value is the same before and after calling `init_weights` of RPGVNetV2  

geometry_pyramid.refine.0.block.0.1.weight - torch.Size([32]): 
The value is the same before and after calling `init_weights` of RPGVNetV2  

geometry_pyramid.refine.0.block.0.1.bias - torch.Size([32]): 
The value is the same before and after calling `init_weights` of RPGVNetV2  

geometry_pyramid.refine.0.block.1.0.weight - torch.Size([32, 32, 1, 1]): 
The value is the same before and after calling `init_weights` of RPGVNetV2  

geometry_pyramid.refine.0.block.1.1.weight - torch.Size([32]): 
The value is the same before and after calling `init_weights` of RPGVNetV2  

geometry_pyramid.refine.0.block.1.1.bias - torch.Size([32]): 
The value is the same before and after calling `init_weights` of RPGVNetV2  

geometry_pyramid.refine.1.block.0.0.weight - torch.Size([64, 1, 3, 3]): 
The value is the same before and after calling `init_weights` of RPGVNetV2  

geometry_pyramid.refine.1.block.0.1.weight - torch.Size([64]): 
The value is the same before and after calling `init_weights` of RPGVNetV2  

geometry_pyramid.refine.1.block.0.1.bias - torch.Size([64]): 
The value is the same before and after calling `init_weights` of RPGVNetV2  

geometry_pyramid.refine.1.block.1.0.weight - torch.Size([64, 64, 1, 1]): 
The value is the same before and after calling `init_weights` of RPGVNetV2  

geometry_pyramid.refine.1.block.1.1.weight - torch.Size([64]): 
The value is the same before and after calling `init_weights` of RPGVNetV2  

geometry_pyramid.refine.1.block.1.1.bias - torch.Size([64]): 
The value is the same before and after calling `init_weights` of RPGVNetV2  

geometry_pyramid.refine.2.block.0.0.weight - torch.Size([128, 1, 3, 3]): 
The value is the same before and after calling `init_weights` of RPGVNetV2  

geometry_pyramid.refine.2.block.0.1.weight - torch.Size([128]): 
The value is the same before and after calling `init_weights` of RPGVNetV2  

geometry_pyramid.refine.2.block.0.1.bias - torch.Size([128]): 
The value is the same before and after calling `init_weights` of RPGVNetV2  

geometry_pyramid.refine.2.block.1.0.weight - torch.Size([128, 128, 1, 1]): 
The value is the same before and after calling `init_weights` of RPGVNetV2  

geometry_pyramid.refine.2.block.1.1.weight - torch.Size([128]): 
The value is the same before and after calling `init_weights` of RPGVNetV2  

geometry_pyramid.refine.2.block.1.1.bias - torch.Size([128]): 
The value is the same before and after calling `init_weights` of RPGVNetV2  

geometry_aux_head.weight - torch.Size([1, 32, 1, 1]): 
The value is the same before and after calling `init_weights` of RPGVNetV2  

geometry_aux_head.bias - torch.Size([1]): 
The value is the same before and after calling `init_weights` of RPGVNetV2  

frequency_validator.rgb_projection.0.weight - torch.Size([32, 64, 1, 1]): 
The value is the same before and after calling `init_weights` of RPGVNetV2  

frequency_validator.rgb_projection.1.weight - torch.Size([32]): 
The value is the same before and after calling `init_weights` of RPGVNetV2  

frequency_validator.rgb_projection.1.bias - torch.Size([32]): 
The value is the same before and after calling `init_weights` of RPGVNetV2  

frequency_validator.geometry_projection.0.weight - torch.Size([32, 32, 1, 1]): 
The value is the same before and after calling `init_weights` of RPGVNetV2  

frequency_validator.geometry_projection.1.weight - torch.Size([32]): 
The value is the same before and after calling `init_weights` of RPGVNetV2  

frequency_validator.geometry_projection.1.bias - torch.Size([32]): 
The value is the same before and after calling `init_weights` of RPGVNetV2  

frequency_validator.region_rgb_projection.0.weight - torch.Size([32, 320, 1, 1]): 
The value is the same before and after calling `init_weights` of RPGVNetV2  

frequency_validator.region_rgb_projection.1.weight - torch.Size([32]): 
The value is the same before and after calling `init_weights` of RPGVNetV2  

frequency_validator.region_rgb_projection.1.bias - torch.Size([32]): 
The value is the same before and after calling `init_weights` of RPGVNetV2  

frequency_validator.region_geometry_projection.0.weight - torch.Size([32, 128, 1, 1]): 
The value is the same before and after calling `init_weights` of RPGVNetV2  

frequency_validator.region_geometry_projection.1.weight - torch.Size([32]): 
The value is the same before and after calling `init_weights` of RPGVNetV2  

frequency_validator.region_geometry_projection.1.bias - torch.Size([32]): 
The value is the same before and after calling `init_weights` of RPGVNetV2  

frequency_validator.high_validator.0.0.weight - torch.Size([96, 290, 3, 3]): 
The value is the same before and after calling `init_weights` of RPGVNetV2  

frequency_validator.high_validator.0.1.weight - torch.Size([96]): 
The value is the same before and after calling `init_weights` of RPGVNetV2  

frequency_validator.high_validator.0.1.bias - torch.Size([96]): 
The value is the same before and after calling `init_weights` of RPGVNetV2  

frequency_validator.high_validator.1.weight - torch.Size([96, 96, 1, 1]): 
The value is the same before and after calling `init_weights` of RPGVNetV2  

frequency_validator.high_validator.1.bias - torch.Size([96]): 
The value is the same before and after calling `init_weights` of RPGVNetV2  

frequency_validator.high_projection.weight - torch.Size([96, 96, 1, 1]): 
The value is the same before and after calling `init_weights` of RPGVNetV2  

frequency_validator.high_projection.bias - torch.Size([96]): 
The value is the same before and after calling `init_weights` of RPGVNetV2  

frequency_validator.region_validator.0.0.weight - torch.Size([32, 98, 3, 3]): 
The value is the same before and after calling `init_weights` of RPGVNetV2  

frequency_validator.region_validator.0.1.weight - torch.Size([32]): 
The value is the same before and after calling `init_weights` of RPGVNetV2  

frequency_validator.region_validator.0.1.bias - torch.Size([32]): 
The value is the same before and after calling `init_weights` of RPGVNetV2  

frequency_validator.region_validator.1.weight - torch.Size([32, 32, 1, 1]): 
The value is the same before and after calling `init_weights` of RPGVNetV2  

frequency_validator.region_validator.1.bias - torch.Size([32]): 
The value is the same before and after calling `init_weights` of RPGVNetV2  

frequency_validator.low_projection.weight - torch.Size([32, 32, 1, 1]): 
The value is the same before and after calling `init_weights` of RPGVNetV2  

frequency_validator.low_projection.bias - torch.Size([32]): 
The value is the same before and after calling `init_weights` of RPGVNetV2  

high_fusion.delta_projection.0.weight - torch.Size([64, 32, 1, 1]): 
The value is the same before and after calling `init_weights` of RPGVNetV2  

high_fusion.delta_projection.1.weight - torch.Size([64]): 
The value is the same before and after calling `init_weights` of RPGVNetV2  

high_fusion.delta_projection.1.bias - torch.Size([64]): 
The value is the same before and after calling `init_weights` of RPGVNetV2  

low_fusion.delta_projection.0.weight - torch.Size([320, 32, 1, 1]): 
The value is the same before and after calling `init_weights` of RPGVNetV2  

low_fusion.delta_projection.1.weight - torch.Size([320]): 
The value is the same before and after calling `init_weights` of RPGVNetV2  

low_fusion.delta_projection.1.bias - torch.Size([320]): 
The value is the same before and after calling `init_weights` of RPGVNetV2  

decoder.projections.0.0.weight - torch.Size([64, 64, 1, 1]): 
The value is the same before and after calling `init_weights` of RPGVNetV2  

decoder.projections.0.1.weight - torch.Size([64]): 
The value is the same before and after calling `init_weights` of RPGVNetV2  

decoder.projections.0.1.bias - torch.Size([64]): 
The value is the same before and after calling `init_weights` of RPGVNetV2  

decoder.projections.1.0.weight - torch.Size([64, 128, 1, 1]): 
The value is the same before and after calling `init_weights` of RPGVNetV2  

decoder.projections.1.1.weight - torch.Size([64]): 
The value is the same before and after calling `init_weights` of RPGVNetV2  

decoder.projections.1.1.bias - torch.Size([64]): 
The value is the same before and after calling `init_weights` of RPGVNetV2  

decoder.projections.2.0.weight - torch.Size([64, 320, 1, 1]): 
The value is the same before and after calling `init_weights` of RPGVNetV2  

decoder.projections.2.1.weight - torch.Size([64]): 
The value is the same before and after calling `init_weights` of RPGVNetV2  

decoder.projections.2.1.bias - torch.Size([64]): 
The value is the same before and after calling `init_weights` of RPGVNetV2  

decoder.projections.3.0.weight - torch.Size([64, 512, 1, 1]): 
The value is the same before and after calling `init_weights` of RPGVNetV2  

decoder.projections.3.1.weight - torch.Size([64]): 
The value is the same before and after calling `init_weights` of RPGVNetV2  

decoder.projections.3.1.bias - torch.Size([64]): 
The value is the same before and after calling `init_weights` of RPGVNetV2  

decoder.refine.0.block.0.0.weight - torch.Size([64, 1, 3, 3]): 
The value is the same before and after calling `init_weights` of RPGVNetV2  

decoder.refine.0.block.0.1.weight - torch.Size([64]): 
The value is the same before and after calling `init_weights` of RPGVNetV2  

decoder.refine.0.block.0.1.bias - torch.Size([64]): 
The value is the same before and after calling `init_weights` of RPGVNetV2  

decoder.refine.0.block.1.0.weight - torch.Size([64, 64, 1, 1]): 
The value is the same before and after calling `init_weights` of RPGVNetV2  

decoder.refine.0.block.1.1.weight - torch.Size([64]): 
The value is the same before and after calling `init_weights` of RPGVNetV2  

decoder.refine.0.block.1.1.bias - torch.Size([64]): 
The value is the same before and after calling `init_weights` of RPGVNetV2  

decoder.refine.1.block.0.0.weight - torch.Size([64, 1, 3, 3]): 
The value is the same before and after calling `init_weights` of RPGVNetV2  

decoder.refine.1.block.0.1.weight - torch.Size([64]): 
The value is the same before and after calling `init_weights` of RPGVNetV2  

decoder.refine.1.block.0.1.bias - torch.Size([64]): 
The value is the same before and after calling `init_weights` of RPGVNetV2  

decoder.refine.1.block.1.0.weight - torch.Size([64, 64, 1, 1]): 
The value is the same before and after calling `init_weights` of RPGVNetV2  

decoder.refine.1.block.1.1.weight - torch.Size([64]): 
The value is the same before and after calling `init_weights` of RPGVNetV2  

decoder.refine.1.block.1.1.bias - torch.Size([64]): 
The value is the same before and after calling `init_weights` of RPGVNetV2  

refiner.coarse_head.weight - torch.Size([1, 64, 1, 1]): 
The value is the same before and after calling `init_weights` of RPGVNetV2  

refiner.coarse_head.bias - torch.Size([1]): 
The value is the same before and after calling `init_weights` of RPGVNetV2  

refiner.rgb_stem.0.0.weight - torch.Size([24, 3, 3, 3]): 
The value is the same before and after calling `init_weights` of RPGVNetV2  

refiner.rgb_stem.0.1.weight - torch.Size([24]): 
The value is the same before and after calling `init_weights` of RPGVNetV2  

refiner.rgb_stem.0.1.bias - torch.Size([24]): 
The value is the same before and after calling `init_weights` of RPGVNetV2  

refiner.rgb_stem.1.block.0.0.weight - torch.Size([24, 1, 3, 3]): 
The value is the same before and after calling `init_weights` of RPGVNetV2  

refiner.rgb_stem.1.block.0.1.weight - torch.Size([24]): 
The value is the same before and after calling `init_weights` of RPGVNetV2  

refiner.rgb_stem.1.block.0.1.bias - torch.Size([24]): 
The value is the same before and after calling `init_weights` of RPGVNetV2  

refiner.rgb_stem.1.block.1.0.weight - torch.Size([24, 24, 1, 1]): 
The value is the same before and after calling `init_weights` of RPGVNetV2  

refiner.rgb_stem.1.block.1.1.weight - torch.Size([24]): 
The value is the same before and after calling `init_weights` of RPGVNetV2  

refiner.rgb_stem.1.block.1.1.bias - torch.Size([24]): 
The value is the same before and after calling `init_weights` of RPGVNetV2  

refiner.semantic_projection.0.weight - torch.Size([24, 64, 1, 1]): 
The value is the same before and after calling `init_weights` of RPGVNetV2  

refiner.semantic_projection.1.weight - torch.Size([24]): 
The value is the same before and after calling `init_weights` of RPGVNetV2  

refiner.semantic_projection.1.bias - torch.Size([24]): 
The value is the same before and after calling `init_weights` of RPGVNetV2  

refiner.contour.0.0.weight - torch.Size([24, 49, 1, 1]): 
The value is the same before and after calling `init_weights` of RPGVNetV2  

refiner.contour.0.1.weight - torch.Size([24]): 
The value is the same before and after calling `init_weights` of RPGVNetV2  

refiner.contour.0.1.bias - torch.Size([24]): 
The value is the same before and after calling `init_weights` of RPGVNetV2  

refiner.contour.1.block.0.0.weight - torch.Size([24, 1, 3, 3]): 
The value is the same before and after calling `init_weights` of RPGVNetV2  

refiner.contour.1.block.0.1.weight - torch.Size([24]): 
The value is the same before and after calling `init_weights` of RPGVNetV2  

refiner.contour.1.block.0.1.bias - torch.Size([24]): 
The value is the same before and after calling `init_weights` of RPGVNetV2  

refiner.contour.1.block.1.0.weight - torch.Size([24, 24, 1, 1]): 
The value is the same before and after calling `init_weights` of RPGVNetV2  

refiner.contour.1.block.1.1.weight - torch.Size([24]): 
The value is the same before and after calling `init_weights` of RPGVNetV2  

refiner.contour.1.block.1.1.bias - torch.Size([24]): 
The value is the same before and after calling `init_weights` of RPGVNetV2  

refiner.contour.2.weight - torch.Size([1, 24, 1, 1]): 
The value is the same before and after calling `init_weights` of RPGVNetV2  

refiner.contour.2.bias - torch.Size([1]): 
The value is the same before and after calling `init_weights` of RPGVNetV2  
2026/09/23 12:03:39 - mmengine - INFO - Load checkpoint from /workspace/work_dirs/rpgv_v2_paper_reuse/paper_reuse/seed_42/no_rgr/stage2_geometry/best_binary_Foreground_IoU_iter_20000.pth
2026/09/23 12:03:39 - mmengine - WARNING - "FileClient" will be deprecated in future. Please use io functions in https://mmengine.readthedocs.io/en/latest/api/fileio.html#file-io
2026/09/23 12:03:39 - mmengine - WARNING - "HardDiskBackend" is the alias of "LocalBackend" and the former will be deprecated in future.
2026/09/23 12:03:39 - mmengine - INFO - Checkpoints will be saved to /workspace/work_dirs/rpgv_v2_paper_reuse/paper_reuse/seed_42/no_rgr/stage3_joint.
2026/09/23 12:04:10 - mmengine - INFO - Iter(train) [   50/40000]  base_lr: 1.9614e-05 lr: 1.9614e-06  eta: 6:48:18  time: 0.5663  data_time: 0.0173  memory: 6634  loss: 0.4496  loss_final: 0.0686  loss_rgb: 0.1249  loss_geometry: 0.1127  correction_scale: 0.1000  loss_coarse: 0.0207  loss_region_consistency: 0.0001  loss_final_boundary: 0.0783  loss_boundary: 0.0408  loss_sdf: 0.0036  grad_norm: 1.4630
2026/09/23 12:04:39 - mmengine - INFO - Iter(train) [  100/40000]  base_lr: 3.9627e-05 lr: 3.9627e-06  eta: 6:34:46  time: 0.5840  data_time: 0.0178  memory: 6634  loss: 0.5757  loss_final: 0.1327  loss_rgb: 0.1535  loss_geometry: 0.1077  correction_scale: 0.1000  loss_coarse: 0.0394  loss_region_consistency: 0.0001  loss_final_boundary: 0.0887  loss_boundary: 0.0469  loss_sdf: 0.0066  grad_norm: 1.6259
2026/09/23 12:05:07 - mmengine - INFO - Iter(train) [  150/40000]  base_lr: 5.9640e-05 lr: 5.9640e-06  eta: 6:29:45  time: 0.5776  data_time: 0.0163  memory: 6634  loss: 0.6599  loss_final: 0.1804  loss_rgb: 0.1392  loss_geometry: 0.1446  correction_scale: 0.1000  loss_coarse: 0.0527  loss_region_consistency: 0.0001  loss_final_boundary: 0.0887  loss_boundary: 0.0462  loss_sdf: 0.0079  grad_norm: 2.5597
2026/09/23 12:05:36 - mmengine - INFO - Iter(train) [  200/40000]  base_lr: 7.9654e-05 lr: 7.9654e-06  eta: 6:28:03  time: 0.5834  data_time: 0.0163  memory: 6634  loss: 0.4308  loss_final: 0.0776  loss_rgb: 0.1171  loss_geometry: 0.1024  correction_scale: 0.1000  loss_coarse: 0.0237  loss_region_consistency: 0.0001  loss_final_boundary: 0.0688  loss_boundary: 0.0370  loss_sdf: 0.0041  grad_norm: 4.3907
2026/09/23 12:06:05 - mmengine - INFO - Iter(train) [  250/40000]  base_lr: 9.9667e-05 lr: 9.9667e-06  eta: 6:25:40  time: 0.5579  data_time: 0.0176  memory: 6634  loss: 0.4236  loss_final: 0.0720  loss_rgb: 0.1116  loss_geometry: 0.1231  correction_scale: 0.1000  loss_coarse: 0.0239  loss_region_consistency: 0.0001  loss_final_boundary: 0.0589  loss_boundary: 0.0310  loss_sdf: 0.0030  grad_norm: 2.1537
2026/09/23 12:06:34 - mmengine - INFO - Iter(train) [  300/40000]  base_lr: 1.1968e-04 lr: 1.1968e-05  eta: 6:23:56  time: 0.5731  data_time: 0.0172  memory: 6634  loss: 0.4517  loss_final: 0.0680  loss_rgb: 0.1259  loss_geometry: 0.0994  correction_scale: 0.1000  loss_coarse: 0.0205  loss_region_consistency: 0.0001  loss_final_boundary: 0.0886  loss_boundary: 0.0459  loss_sdf: 0.0034  grad_norm: 2.1311
2026/09/23 12:07:02 - mmengine - INFO - Iter(train) [  350/40000]  base_lr: 1.3969e-04 lr: 1.3969e-05  eta: 6:23:01  time: 0.5839  data_time: 0.0178  memory: 6634  loss: 0.4357  loss_final: 0.0592  loss_rgb: 0.1173  loss_geometry: 0.1018  correction_scale: 0.1000  loss_coarse: 0.0182  loss_region_consistency: 0.0001  loss_final_boundary: 0.0883  loss_boundary: 0.0469  loss_sdf: 0.0039  grad_norm: 1.6689
2026/09/23 12:07:31 - mmengine - INFO - Iter(train) [  400/40000]  base_lr: 1.5971e-04 lr: 1.5971e-05  eta: 6:22:29  time: 0.5722  data_time: 0.0176  memory: 6634  loss: 0.3894  loss_final: 0.0631  loss_rgb: 0.0990  loss_geometry: 0.1138  correction_scale: 0.1000  loss_coarse: 0.0194  loss_region_consistency: 0.0001  loss_final_boundary: 0.0590  loss_boundary: 0.0315  loss_sdf: 0.0036  grad_norm: 1.7103
2026/09/23 12:08:00 - mmengine - INFO - Iter(train) [  450/40000]  base_lr: 1.7972e-04 lr: 1.7972e-05  eta: 6:21:37  time: 0.5735  data_time: 0.0167  memory: 6634  loss: 0.4931  loss_final: 0.1211  loss_rgb: 0.1156  loss_geometry: 0.1096  correction_scale: 0.1000  loss_coarse: 0.0364  loss_region_consistency: 0.0001  loss_final_boundary: 0.0690  loss_boundary: 0.0365  loss_sdf: 0.0049  grad_norm: 1.7555
2026/09/23 12:08:28 - mmengine - INFO - Iter(train) [  500/40000]  base_lr: 1.9973e-04 lr: 1.9973e-05  eta: 6:20:28  time: 0.5595  data_time: 0.0156  memory: 6634  loss: 0.4569  loss_final: 0.0856  loss_rgb: 0.1130  loss_geometry: 0.1220  correction_scale: 0.1000  loss_coarse: 0.0259  loss_region_consistency: 0.0001  loss_final_boundary: 0.0692  loss_boundary: 0.0369  loss_sdf: 0.0043  grad_norm: 1.6778
2026/09/23 12:08:57 - mmengine - INFO - Iter(train) [  550/40000]  base_lr: 2.1975e-04 lr: 2.1975e-05  eta: 6:19:41  time: 0.5684  data_time: 0.0154  memory: 6634  loss: 0.6308  loss_final: 0.1653  loss_rgb: 0.1483  loss_geometry: 0.1270  correction_scale: 0.1000  loss_coarse: 0.0486  loss_region_consistency: 0.0001  loss_final_boundary: 0.0886  loss_boundary: 0.0463  loss_sdf: 0.0065  grad_norm: 1.9059
2026/09/23 12:09:26 - mmengine - INFO - Iter(train) [  600/40000]  base_lr: 2.3976e-04 lr: 2.3976e-05  eta: 6:18:50  time: 0.5745  data_time: 0.0163  memory: 6634  loss: 0.4745  loss_final: 0.0932  loss_rgb: 0.1204  loss_geometry: 0.1055  correction_scale: 0.1000  loss_coarse: 0.0293  loss_region_consistency: 0.0001  loss_final_boundary: 0.0790  loss_boundary: 0.0415  loss_sdf: 0.0054  grad_norm: 2.2094
2026/09/23 12:09:54 - mmengine - INFO - Iter(train) [  650/40000]  base_lr: 2.5977e-04 lr: 2.5977e-05  eta: 6:17:54  time: 0.5700  data_time: 0.0157  memory: 6634  loss: 0.4871  loss_final: 0.0913  loss_rgb: 0.1338  loss_geometry: 0.1059  correction_scale: 0.1000  loss_coarse: 0.0280  loss_region_consistency: 0.0001  loss_final_boundary: 0.0789  loss_boundary: 0.0429  loss_sdf: 0.0062  grad_norm: 1.6654
2026/09/23 12:10:23 - mmengine - INFO - Iter(train) [  700/40000]  base_lr: 2.7979e-04 lr: 2.7979e-05  eta: 6:17:17  time: 0.5719  data_time: 0.0163  memory: 6634  loss: 0.4811  loss_final: 0.0777  loss_rgb: 0.1307  loss_geometry: 0.1101  correction_scale: 0.1000  loss_coarse: 0.0236  loss_region_consistency: 0.0001  loss_final_boundary: 0.0883  loss_boundary: 0.0462  loss_sdf: 0.0043  grad_norm: 1.5945
2026/09/23 12:10:51 - mmengine - INFO - Iter(train) [  750/40000]  base_lr: 2.9980e-04 lr: 2.9980e-05  eta: 6:16:36  time: 0.5766  data_time: 0.0153  memory: 6634  loss: 0.6052  loss_final: 0.1291  loss_rgb: 0.1530  loss_geometry: 0.1276  correction_scale: 0.1000  loss_coarse: 0.0398  loss_region_consistency: 0.0001  loss_final_boundary: 0.0983  loss_boundary: 0.0523  loss_sdf: 0.0049  grad_norm: 1.8692
2026/09/23 12:11:20 - mmengine - INFO - Iter(train) [  800/40000]  base_lr: 3.1981e-04 lr: 3.1981e-05  eta: 6:16:00  time: 0.5722  data_time: 0.0158  memory: 6634  loss: 0.4625  loss_final: 0.0729  loss_rgb: 0.1212  loss_geometry: 0.1220  correction_scale: 0.1000  loss_coarse: 0.0228  loss_region_consistency: 0.0001  loss_final_boundary: 0.0784  loss_boundary: 0.0415  loss_sdf: 0.0037  grad_norm: 1.7620
2026/09/23 12:11:48 - mmengine - INFO - Iter(train) [  850/40000]  base_lr: 3.3983e-04 lr: 3.3983e-05  eta: 6:15:14  time: 0.5580  data_time: 0.0173  memory: 6634  loss: 0.4584  loss_final: 0.0953  loss_rgb: 0.1082  loss_geometry: 0.1168  correction_scale: 0.1000  loss_coarse: 0.0282  loss_region_consistency: 0.0001  loss_final_boundary: 0.0685  loss_boundary: 0.0361  loss_sdf: 0.0051  grad_norm: 1.6355
2026/09/23 12:12:17 - mmengine - INFO - Iter(train) [  900/40000]  base_lr: 3.5984e-04 lr: 3.5984e-05  eta: 6:14:41  time: 0.5775  data_time: 0.0169  memory: 6634  loss: 0.5699  loss_final: 0.1124  loss_rgb: 0.1582  loss_geometry: 0.1079  correction_scale: 0.1000  loss_coarse: 0.0338  loss_region_consistency: 0.0001  loss_final_boundary: 0.0986  loss_boundary: 0.0524  loss_sdf: 0.0064  grad_norm: 2.1106
2026/09/23 12:12:46 - mmengine - INFO - Iter(train) [  950/40000]  base_lr: 3.7985e-04 lr: 3.7985e-05  eta: 6:14:09  time: 0.5723  data_time: 0.0154  memory: 6634  loss: 0.5578  loss_final: 0.1099  loss_rgb: 0.1522  loss_geometry: 0.1070  correction_scale: 0.1000  loss_coarse: 0.0335  loss_region_consistency: 0.0001  loss_final_boundary: 0.0980  loss_boundary: 0.0517  loss_sdf: 0.0054  grad_norm: 1.9811
2026/09/23 12:13:14 - mmengine - INFO - Exp name: stage3_joint_20260923_120333
2026/09/23 12:13:14 - mmengine - INFO - Iter(train) [ 1000/40000]  base_lr: 3.9987e-04 lr: 3.9987e-05  eta: 6:13:43  time: 0.5738  data_time: 0.0156  memory: 6634  loss: 0.4079  loss_final: 0.0671  loss_rgb: 0.1072  loss_geometry: 0.1049  correction_scale: 0.1000  loss_coarse: 0.0202  loss_region_consistency: 0.0001  loss_final_boundary: 0.0688  loss_boundary: 0.0362  loss_sdf: 0.0034  grad_norm: 2.1791
2026/09/23 12:13:43 - mmengine - INFO - Iter(train) [ 1050/40000]  base_lr: 4.1988e-04 lr: 4.1988e-05  eta: 6:13:02  time: 0.5627  data_time: 0.0154  memory: 6634  loss: 0.4405  loss_final: 0.0590  loss_rgb: 0.1316  loss_geometry: 0.1060  correction_scale: 0.1000  loss_coarse: 0.0191  loss_region_consistency: 0.0001  loss_final_boundary: 0.0787  loss_boundary: 0.0417  loss_sdf: 0.0043  grad_norm: 2.0475
2026/09/23 12:14:11 - mmengine - INFO - Iter(train) [ 1100/40000]  base_lr: 4.3989e-04 lr: 4.3989e-05  eta: 6:12:23  time: 0.5752  data_time: 0.0168  memory: 6634  loss: 0.5333  loss_final: 0.1119  loss_rgb: 0.1346  loss_geometry: 0.1131  correction_scale: 0.1000  loss_coarse: 0.0316  loss_region_consistency: 0.0001  loss_final_boundary: 0.0881  loss_boundary: 0.0473  loss_sdf: 0.0066  grad_norm: 2.0800
2026/09/23 12:14:40 - mmengine - INFO - Iter(train) [ 1150/40000]  base_lr: 4.5991e-04 lr: 4.5991e-05  eta: 6:11:41  time: 0.5667  data_time: 0.0165  memory: 6634  loss: 0.4828  loss_final: 0.0998  loss_rgb: 0.1263  loss_geometry: 0.1011  correction_scale: 0.1000  loss_coarse: 0.0306  loss_region_consistency: 0.0001  loss_final_boundary: 0.0792  loss_boundary: 0.0411  loss_sdf: 0.0045  grad_norm: 2.2179
2026/09/23 12:15:08 - mmengine - INFO - Iter(train) [ 1200/40000]  base_lr: 4.7992e-04 lr: 4.7992e-05  eta: 6:11:16  time: 0.5725  data_time: 0.0166  memory: 6634  loss: 0.3992  loss_final: 0.0641  loss_rgb: 0.1017  loss_geometry: 0.1052  correction_scale: 0.1000  loss_coarse: 0.0196  loss_region_consistency: 0.0001  loss_final_boundary: 0.0688  loss_boundary: 0.0359  loss_sdf: 0.0038  grad_norm: 2.2356
2026/09/23 12:15:37 - mmengine - INFO - Iter(train) [ 1250/40000]  base_lr: 4.9993e-04 lr: 4.9993e-05  eta: 6:10:33  time: 0.5625  data_time: 0.0157  memory: 6634  loss: 0.4753  loss_final: 0.0886  loss_rgb: 0.1347  loss_geometry: 0.0991  correction_scale: 0.1000  loss_coarse: 0.0271  loss_region_consistency: 0.0001  loss_final_boundary: 0.0788  loss_boundary: 0.0415  loss_sdf: 0.0055  grad_norm: 3.2998
2026/09/23 12:16:05 - mmengine - INFO - Iter(train) [ 1300/40000]  base_lr: 5.1995e-04 lr: 5.1995e-05  eta: 6:10:03  time: 0.5732  data_time: 0.0161  memory: 6634  loss: 0.5288  loss_final: 0.0738  loss_rgb: 0.1545  loss_geometry: 0.1229  correction_scale: 0.1000  loss_coarse: 0.0228  loss_region_consistency: 0.0001  loss_final_boundary: 0.0983  loss_boundary: 0.0519  loss_sdf: 0.0044  grad_norm: 3.1432
2026/09/23 12:16:34 - mmengine - INFO - Iter(train) [ 1350/40000]  base_lr: 5.3996e-04 lr: 5.3996e-05  eta: 6:09:26  time: 0.5682  data_time: 0.0154  memory: 6634  loss: 0.4743  loss_final: 0.0824  loss_rgb: 0.1231  loss_geometry: 0.1040  correction_scale: 0.1000  loss_coarse: 0.0250  loss_region_consistency: 0.0001  loss_final_boundary: 0.0882  loss_boundary: 0.0469  loss_sdf: 0.0046  grad_norm: 2.3057
2026/09/23 12:17:02 - mmengine - INFO - Iter(train) [ 1400/40000]  base_lr: 5.5997e-04 lr: 5.5997e-05  eta: 6:08:58  time: 0.5829  data_time: 0.0165  memory: 6634  loss: 0.5442  loss_final: 0.0941  loss_rgb: 0.1548  loss_geometry: 0.1233  correction_scale: 0.1000  loss_coarse: 0.0310  loss_region_consistency: 0.0001  loss_final_boundary: 0.0888  loss_boundary: 0.0473  loss_sdf: 0.0048  grad_norm: 4.0250
2026/09/23 12:17:31 - mmengine - INFO - Iter(train) [ 1450/40000]  base_lr: 5.7999e-04 lr: 5.7999e-05  eta: 6:08:19  time: 0.5602  data_time: 0.0157  memory: 6634  loss: 0.5799  loss_final: 0.1541  loss_rgb: 0.1274  loss_geometry: 0.1090  correction_scale: 0.1000  loss_coarse: 0.0461  loss_region_consistency: 0.0001  loss_final_boundary: 0.0889  loss_boundary: 0.0469  loss_sdf: 0.0074  grad_norm: 2.2514
2026/09/23 12:17:59 - mmengine - INFO - Iter(train) [ 1500/40000]  base_lr: 6.0000e-04 lr: 6.0000e-05  eta: 6:07:45  time: 0.5609  data_time: 0.0157  memory: 6634  loss: 0.6193  loss_final: 0.1510  loss_rgb: 0.1654  loss_geometry: 0.1138  correction_scale: 0.1000  loss_coarse: 0.0463  loss_region_consistency: 0.0001  loss_final_boundary: 0.0887  loss_boundary: 0.0474  loss_sdf: 0.0066  grad_norm: 2.9358
2026/09/23 12:18:27 - mmengine - INFO - Iter(train) [ 1550/40000]  base_lr: 5.9931e-04 lr: 5.9931e-05  eta: 6:07:07  time: 0.5603  data_time: 0.0153  memory: 6634  loss: 0.4248  loss_final: 0.0585  loss_rgb: 0.1207  loss_geometry: 0.1040  correction_scale: 0.1000  loss_coarse: 0.0175  loss_region_consistency: 0.0001  loss_final_boundary: 0.0785  loss_boundary: 0.0418  loss_sdf: 0.0036  grad_norm: 2.8090
2026/09/23 12:18:56 - mmengine - INFO - Iter(train) [ 1600/40000]  base_lr: 5.9861e-04 lr: 5.9861e-05  eta: 6:06:39  time: 0.5941  data_time: 0.0185  memory: 6634  loss: 0.5808  loss_final: 0.1206  loss_rgb: 0.1401  loss_geometry: 0.1269  correction_scale: 0.1000  loss_coarse: 0.0353  loss_region_consistency: 0.0001  loss_final_boundary: 0.0988  loss_boundary: 0.0519  loss_sdf: 0.0071  grad_norm: 2.0993
2026/09/23 12:19:24 - mmengine - INFO - Iter(train) [ 1650/40000]  base_lr: 5.9791e-04 lr: 5.9791e-05  eta: 6:06:02  time: 0.5584  data_time: 0.0162  memory: 6634  loss: 0.4235  loss_final: 0.0756  loss_rgb: 0.0873  loss_geometry: 0.1276  correction_scale: 0.1000  loss_coarse: 0.0227  loss_region_consistency: 0.0001  loss_final_boundary: 0.0687  loss_boundary: 0.0360  loss_sdf: 0.0056  grad_norm: 1.8316
2026/09/23 12:19:53 - mmengine - INFO - Iter(train) [ 1700/40000]  base_lr: 5.9721e-04 lr: 5.9721e-05  eta: 6:05:25  time: 0.5603  data_time: 0.0159  memory: 6634  loss: 0.4937  loss_final: 0.1365  loss_rgb: 0.0979  loss_geometry: 0.1070  correction_scale: 0.1000  loss_coarse: 0.0364  loss_region_consistency: 0.0001  loss_final_boundary: 0.0690  loss_boundary: 0.0364  loss_sdf: 0.0104  grad_norm: 1.5603
2026/09/23 12:20:21 - mmengine - INFO - Iter(train) [ 1750/40000]  base_lr: 5.9651e-04 lr: 5.9651e-05  eta: 6:04:50  time: 0.5644  data_time: 0.0163  memory: 6634  loss: 0.5732  loss_final: 0.1178  loss_rgb: 0.1429  loss_geometry: 0.1344  correction_scale: 0.1000  loss_coarse: 0.0349  loss_region_consistency: 0.0001  loss_final_boundary: 0.0889  loss_boundary: 0.0465  loss_sdf: 0.0077  grad_norm: 2.3546
2026/09/23 12:20:49 - mmengine - INFO - Iter(train) [ 1800/40000]  base_lr: 5.9580e-04 lr: 5.9580e-05  eta: 6:04:18  time: 0.5741  data_time: 0.0166  memory: 6634  loss: 0.4663  loss_final: 0.0736  loss_rgb: 0.1175  loss_geometry: 0.1272  correction_scale: 0.1000  loss_coarse: 0.0228  loss_region_consistency: 0.0001  loss_final_boundary: 0.0790  loss_boundary: 0.0420  loss_sdf: 0.0041  grad_norm: 2.2858
2026/09/23 12:21:18 - mmengine - INFO - Iter(train) [ 1850/40000]  base_lr: 5.9510e-04 lr: 5.9510e-05  eta: 6:03:45  time: 0.5702  data_time: 0.0158  memory: 6634  loss: 0.5630  loss_final: 0.1409  loss_rgb: 0.1172  loss_geometry: 0.1223  correction_scale: 0.1000  loss_coarse: 0.0403  loss_region_consistency: 0.0001  loss_final_boundary: 0.0885  loss_boundary: 0.0463  loss_sdf: 0.0074  grad_norm: 2.0116
2026/09/23 12:21:46 - mmengine - INFO - Iter(train) [ 1900/40000]  base_lr: 5.9440e-04 lr: 5.9440e-05  eta: 6:03:13  time: 0.5689  data_time: 0.0175  memory: 6634  loss: 0.5474  loss_final: 0.1129  loss_rgb: 0.1298  loss_geometry: 0.1374  correction_scale: 0.1000  loss_coarse: 0.0341  loss_region_consistency: 0.0001  loss_final_boundary: 0.0786  loss_boundary: 0.0460  loss_sdf: 0.0084  grad_norm: 2.3817
2026/09/23 12:22:15 - mmengine - INFO - Iter(train) [ 1950/40000]  base_lr: 5.9370e-04 lr: 5.9370e-05  eta: 6:02:37  time: 0.5658  data_time: 0.0171  memory: 6634  loss: 0.4201  loss_final: 0.0689  loss_rgb: 0.1019  loss_geometry: 0.1110  correction_scale: 0.1000  loss_coarse: 0.0227  loss_region_consistency: 0.0001  loss_final_boundary: 0.0688  loss_boundary: 0.0416  loss_sdf: 0.0051  grad_norm: 2.0169
2026/09/23 12:22:43 - mmengine - INFO - Exp name: stage3_joint_20260923_120333
2026/09/23 12:22:43 - mmengine - INFO - Iter(train) [ 2000/40000]  base_lr: 5.9300e-04 lr: 5.9300e-05  eta: 6:02:07  time: 0.5686  data_time: 0.0162  memory: 6634  loss: 0.4340  loss_final: 0.0831  loss_rgb: 0.1074  loss_geometry: 0.1031  correction_scale: 0.1000  loss_coarse: 0.0247  loss_region_consistency: 0.0001  loss_final_boundary: 0.0691  loss_boundary: 0.0419  loss_sdf: 0.0046  grad_norm: 2.1464
2026/09/23 12:22:43 - mmengine - INFO - Saving checkpoint at 2000 iterations
2026/09/23 12:23:50 - mmengine - INFO - Iter(val) [ 50/304]    eta: 0:05:32  time: 1.2826  data_time: 0.0187  memory: 1189  
2026/09/23 12:25:53 - mmengine - INFO - Iter(val) [100/304]    eta: 0:06:24  time: 2.3979  data_time: 0.0238  memory: 1189  
2026/09/23 12:27:51 - mmengine - INFO - Iter(val) [150/304]    eta: 0:05:14  time: 2.2996  data_time: 0.0229  memory: 1189  
2026/09/23 12:29:45 - mmengine - INFO - Iter(val) [200/304]    eta: 0:03:38  time: 2.2721  data_time: 0.0235  memory: 1189  
2026/09/23 12:31:43 - mmengine - INFO - Iter(val) [250/304]    eta: 0:01:56  time: 2.3758  data_time: 0.0246  memory: 1189  
2026/09/23 12:33:39 - mmengine - INFO - Iter(val) [300/304]    eta: 0:00:08  time: 2.3229  data_time: 0.0243  memory: 1189  
2026/09/23 12:33:48 - mmengine - INFO - per class results:
2026/09/23 12:33:48 - mmengine - INFO - 
+------------------+-------+-------+-------+--------+-----------+--------+
|      Class       |  IoU  |  Acc  |  Dice | Fscore | Precision | Recall |
+------------------+-------+-------+-------+--------+-----------+--------+
|    background    | 96.81 |  97.8 | 98.38 | 98.38  |   98.97   |  97.8  |
| wastewater_plant | 70.76 | 88.45 | 82.88 | 82.88  |   77.96   | 88.45  |
+------------------+-------+-------+-------+--------+-----------+--------+
2026/09/23 12:33:48 - mmengine - INFO - Iter(val) [304/304]    aAcc: 97.0400  mIoU: 83.7900  mAcc: 93.1200  mDice: 90.6300  mFscore: 90.6300  mPrecision: 88.4700  mRecall: 93.1200  binary/Foreground_IoU: 70.7606  binary/Dice: 82.8770  binary/F1: 82.8770  binary/Precision: 77.9636  binary/Recall: 88.4514  binary/Boundary_F1: 12.4139  binary/BFScore: 12.4139  binary/Boundary_Precision: 9.6047  binary/Boundary_Recall: 17.5460  binary/Hausdorff_px: 462.1016  binary/HD95_px: 350.9298  binary/Hausdorff_m: 231.0508  binary/HD95_m: 175.4649  data_time: 0.0259  time: 2.1825
2026/09/23 12:33:50 - mmengine - INFO - The best checkpoint with 70.7606 binary/Foreground_IoU at 2000 iter is saved to best_binary_Foreground_IoU_iter_2000.pth.
2026/09/23 12:34:21 - mmengine - INFO - Iter(train) [ 2050/40000]  base_lr: 5.9229e-04 lr: 5.9229e-05  eta: 6:02:47  time: 0.5509  data_time: 0.0152  memory: 6634  loss: 0.5348  loss_final: 0.1148  loss_rgb: 0.1431  loss_geometry: 0.1153  correction_scale: 0.1000  loss_coarse: 0.0351  loss_region_consistency: 0.0001  loss_final_boundary: 0.0790  loss_boundary: 0.0414  loss_sdf: 0.0060  grad_norm: 2.5737
2026/09/23 12:34:49 - mmengine - INFO - Iter(train) [ 2100/40000]  base_lr: 5.9159e-04 lr: 5.9159e-05  eta: 6:02:09  time: 0.5645  data_time: 0.0163  memory: 6634  loss: 0.5162  loss_final: 0.1085  loss_rgb: 0.1326  loss_geometry: 0.1009  correction_scale: 0.1000  loss_coarse: 0.0331  loss_region_consistency: 0.0001  loss_final_boundary: 0.0888  loss_boundary: 0.0467  loss_sdf: 0.0055  grad_norm: 2.5486
2026/09/23 12:35:17 - mmengine - INFO - Iter(train) [ 2150/40000]  base_lr: 5.9089e-04 lr: 5.9089e-05  eta: 6:01:25  time: 0.5510  data_time: 0.0172  memory: 6634  loss: 0.4943  loss_final: 0.1086  loss_rgb: 0.1227  loss_geometry: 0.1195  correction_scale: 0.1000  loss_coarse: 0.0339  loss_region_consistency: 0.0001  loss_final_boundary: 0.0691  loss_boundary: 0.0359  loss_sdf: 0.0045  grad_norm: 2.7624
2026/09/23 12:35:45 - mmengine - INFO - Iter(train) [ 2200/40000]  base_lr: 5.9019e-04 lr: 5.9019e-05  eta: 6:00:51  time: 0.5636  data_time: 0.0172  memory: 6634  loss: 0.4360  loss_final: 0.1013  loss_rgb: 0.1037  loss_geometry: 0.1202  correction_scale: 0.1000  loss_coarse: 0.0313  loss_region_consistency: 0.0001  loss_final_boundary: 0.0489  loss_boundary: 0.0263  loss_sdf: 0.0042  grad_norm: 2.4590
2026/09/23 12:36:13 - mmengine - INFO - Iter(train) [ 2250/40000]  base_lr: 5.8948e-04 lr: 5.8948e-05  eta: 6:00:18  time: 0.5598  data_time: 0.0160  memory: 6634  loss: 0.5673  loss_final: 0.1447  loss_rgb: 0.1401  loss_geometry: 0.0966  correction_scale: 0.1000  loss_coarse: 0.0438  loss_region_consistency: 0.0001  loss_final_boundary: 0.0888  loss_boundary: 0.0476  loss_sdf: 0.0056  grad_norm: 2.0207
2026/09/23 12:36:41 - mmengine - INFO - Iter(train) [ 2300/40000]  base_lr: 5.8878e-04 lr: 5.8878e-05  eta: 5:59:41  time: 0.5552  data_time: 0.0158  memory: 6634  loss: 0.4769  loss_final: 0.0870  loss_rgb: 0.1297  loss_geometry: 0.1091  correction_scale: 0.1000  loss_coarse: 0.0273  loss_region_consistency: 0.0001  loss_final_boundary: 0.0785  loss_boundary: 0.0411  loss_sdf: 0.0041  grad_norm: 2.0453
2026/09/23 12:37:09 - mmengine - INFO - Iter(train) [ 2350/40000]  base_lr: 5.8808e-04 lr: 5.8808e-05  eta: 5:59:02  time: 0.5598  data_time: 0.0170  memory: 6634  loss: 0.5389  loss_final: 0.1218  loss_rgb: 0.1295  loss_geometry: 0.1076  correction_scale: 0.1000  loss_coarse: 0.0370  loss_region_consistency: 0.0001  loss_final_boundary: 0.0888  loss_boundary: 0.0473  loss_sdf: 0.0069  grad_norm: 2.1233
2026/09/23 12:37:38 - mmengine - INFO - Iter(train) [ 2400/40000]  base_lr: 5.8738e-04 lr: 5.8738e-05  eta: 5:58:34  time: 0.5775  data_time: 0.0158  memory: 6634  loss: 0.6161  loss_final: 0.1530  loss_rgb: 0.1568  loss_geometry: 0.1167  correction_scale: 0.1000  loss_coarse: 0.0453  loss_region_consistency: 0.0001  loss_final_boundary: 0.0886  loss_boundary: 0.0471  loss_sdf: 0.0085  grad_norm: 1.7674
2026/09/23 12:37:58 - mmengine - INFO - Exp name: stage3_joint_20260923_120333
2026/09/23 12:38:06 - mmengine - INFO - Iter(train) [ 2450/40000]  base_lr: 5.8667e-04 lr: 5.8667e-05  eta: 5:57:57  time: 0.5574  data_time: 0.0172  memory: 6634  loss: 0.5254  loss_final: 0.1146  loss_rgb: 0.1376  loss_geometry: 0.1234  correction_scale: 0.1000  loss_coarse: 0.0360  loss_region_consistency: 0.0001  loss_final_boundary: 0.0686  loss_boundary: 0.0416  loss_sdf: 0.0036  grad_norm: 1.7492
2026/09/23 12:38:34 - mmengine - INFO - Iter(train) [ 2500/40000]  base_lr: 5.8597e-04 lr: 5.8597e-05  eta: 5:57:18  time: 0.5676  data_time: 0.0166  memory: 6634  loss: 0.6169  loss_final: 0.1562  loss_rgb: 0.1475  loss_geometry: 0.1085  correction_scale: 0.1000  loss_coarse: 0.0464  loss_region_consistency: 0.0001  loss_final_boundary: 0.0986  loss_boundary: 0.0513  loss_sdf: 0.0082  grad_norm: 1.7753
2026/09/23 12:39:02 - mmengine - INFO - Iter(train) [ 2550/40000]  base_lr: 5.8527e-04 lr: 5.8527e-05  eta: 5:56:44  time: 0.5644  data_time: 0.0168  memory: 6634  loss: 0.5061  loss_final: 0.0867  loss_rgb: 0.1507  loss_geometry: 0.1034  correction_scale: 0.1000  loss_coarse: 0.0262  loss_region_consistency: 0.0001  loss_final_boundary: 0.0883  loss_boundary: 0.0461  loss_sdf: 0.0045  grad_norm: 1.7527
2026/09/23 12:39:30 - mmengine - INFO - Iter(train) [ 2600/40000]  base_lr: 5.8456e-04 lr: 5.8456e-05  eta: 5:56:09  time: 0.5628  data_time: 0.0151  memory: 6634  loss: 0.4494  loss_final: 0.1019  loss_rgb: 0.0865  loss_geometry: 0.1183  correction_scale: 0.1000  loss_coarse: 0.0291  loss_region_consistency: 0.0001  loss_final_boundary: 0.0693  loss_boundary: 0.0371  loss_sdf: 0.0071  grad_norm: 1.9370
2026/09/23 12:39:58 - mmengine - INFO - Iter(train) [ 2650/40000]  base_lr: 5.8386e-04 lr: 5.8386e-05  eta: 5:55:29  time: 0.5480  data_time: 0.0151  memory: 6634  loss: 0.4206  loss_final: 0.0700  loss_rgb: 0.1000  loss_geometry: 0.1350  correction_scale: 0.1000  loss_coarse: 0.0214  loss_region_consistency: 0.0001  loss_final_boundary: 0.0589  loss_boundary: 0.0314  loss_sdf: 0.0037  grad_norm: 1.7574
2026/09/23 12:40:26 - mmengine - INFO - Iter(train) [ 2700/40000]  base_lr: 5.8316e-04 lr: 5.8316e-05  eta: 5:54:54  time: 0.5569  data_time: 0.0161  memory: 6634  loss: 0.6535  loss_final: 0.1972  loss_rgb: 0.1557  loss_geometry: 0.1106  correction_scale: 0.1000  loss_coarse: 0.0593  loss_region_consistency: 0.0001  loss_final_boundary: 0.0792  loss_boundary: 0.0418  loss_sdf: 0.0096  grad_norm: 2.3778
2026/09/23 12:40:54 - mmengine - INFO - Iter(train) [ 2750/40000]  base_lr: 5.8245e-04 lr: 5.8245e-05  eta: 5:54:21  time: 0.5640  data_time: 0.0147  memory: 6634  loss: 0.5931  loss_final: 0.1122  loss_rgb: 0.1807  loss_geometry: 0.1086  correction_scale: 0.1000  loss_coarse: 0.0345  loss_region_consistency: 0.0001  loss_final_boundary: 0.0984  loss_boundary: 0.0525  loss_sdf: 0.0060  grad_norm: 2.3585
2026/09/23 12:41:23 - mmengine - INFO - Iter(train) [ 2800/40000]  base_lr: 5.8175e-04 lr: 5.8175e-05  eta: 5:53:49  time: 0.5726  data_time: 0.0181  memory: 6634  loss: 0.6247  loss_final: 0.1713  loss_rgb: 0.1612  loss_geometry: 0.1076  correction_scale: 0.1000  loss_coarse: 0.0512  loss_region_consistency: 0.0001  loss_final_boundary: 0.0788  loss_boundary: 0.0473  loss_sdf: 0.0073  grad_norm: 2.8713
2026/09/23 12:41:51 - mmengine - INFO - Iter(train) [ 2850/40000]  base_lr: 5.8104e-04 lr: 5.8104e-05  eta: 5:53:13  time: 0.5455  data_time: 0.0161  memory: 6634  loss: 0.2847  loss_final: 0.0310  loss_rgb: 0.0606  loss_geometry: 0.1232  correction_scale: 0.1000  loss_coarse: 0.0092  loss_region_consistency: 0.0000  loss_final_boundary: 0.0394  loss_boundary: 0.0198  loss_sdf: 0.0015  grad_norm: 1.6083
2026/09/23 12:42:19 - mmengine - INFO - Iter(train) [ 2900/40000]  base_lr: 5.8034e-04 lr: 5.8034e-05  eta: 5:52:37  time: 0.5581  data_time: 0.0178  memory: 6634  loss: 0.5218  loss_final: 0.1111  loss_rgb: 0.1355  loss_geometry: 0.1161  correction_scale: 0.1000  loss_coarse: 0.0328  loss_region_consistency: 0.0001  loss_final_boundary: 0.0787  loss_boundary: 0.0415  loss_sdf: 0.0060  grad_norm: 1.8665
2026/09/23 12:42:47 - mmengine - INFO - Iter(train) [ 2950/40000]  base_lr: 5.7964e-04 lr: 5.7964e-05  eta: 5:52:03  time: 0.5603  data_time: 0.0166  memory: 6634  loss: 0.4775  loss_final: 0.0772  loss_rgb: 0.1182  loss_geometry: 0.1280  correction_scale: 0.1000  loss_coarse: 0.0238  loss_region_consistency: 0.0001  loss_final_boundary: 0.0784  loss_boundary: 0.0470  loss_sdf: 0.0049  grad_norm: 2.1506
2026/09/23 12:43:15 - mmengine - INFO - Exp name: stage3_joint_20260923_120333
2026/09/23 12:43:15 - mmengine - INFO - Iter(train) [ 3000/40000]  base_lr: 5.7893e-04 lr: 5.7893e-05  eta: 5:51:30  time: 0.5671  data_time: 0.0160  memory: 6634  loss: 0.5153  loss_final: 0.1017  loss_rgb: 0.1420  loss_geometry: 0.1100  correction_scale: 0.1000  loss_coarse: 0.0312  loss_region_consistency: 0.0001  loss_final_boundary: 0.0787  loss_boundary: 0.0468  loss_sdf: 0.0049  grad_norm: 2.7498
2026/09/23 12:43:43 - mmengine - INFO - Iter(train) [ 3050/40000]  base_lr: 5.7823e-04 lr: 5.7823e-05  eta: 5:51:02  time: 0.6028  data_time: 0.0175  memory: 6634  loss: 0.5160  loss_final: 0.1174  loss_rgb: 0.1282  loss_geometry: 0.0942  correction_scale: 0.1000  loss_coarse: 0.0342  loss_region_consistency: 0.0001  loss_final_boundary: 0.0882  loss_boundary: 0.0471  loss_sdf: 0.0067  grad_norm: 2.5880
2026/09/23 12:44:12 - mmengine - INFO - Iter(train) [ 3100/40000]  base_lr: 5.7752e-04 lr: 5.7752e-05  eta: 5:50:34  time: 0.5609  data_time: 0.0168  memory: 6634  loss: 0.5087  loss_final: 0.0918  loss_rgb: 0.1380  loss_geometry: 0.1100  correction_scale: 0.1000  loss_coarse: 0.0284  loss_region_consistency: 0.0001  loss_final_boundary: 0.0885  loss_boundary: 0.0464  loss_sdf: 0.0055  grad_norm: 2.0762
2026/09/23 12:44:40 - mmengine - INFO - Iter(train) [ 3150/40000]  base_lr: 5.7682e-04 lr: 5.7682e-05  eta: 5:49:59  time: 0.5534  data_time: 0.0152  memory: 6634  loss: 0.4310  loss_final: 0.0903  loss_rgb: 0.1108  loss_geometry: 0.0904  correction_scale: 0.1000  loss_coarse: 0.0283  loss_region_consistency: 0.0001  loss_final_boundary: 0.0689  loss_boundary: 0.0368  loss_sdf: 0.0054  grad_norm: 2.2705
2026/09/23 12:45:08 - mmengine - INFO - Iter(train) [ 3200/40000]  base_lr: 5.7612e-04 lr: 5.7612e-05  eta: 5:49:27  time: 0.5689  data_time: 0.0152  memory: 6634  loss: 0.6788  loss_final: 0.1913  loss_rgb: 0.1749  loss_geometry: 0.1096  correction_scale: 0.1000  loss_coarse: 0.0577  loss_region_consistency: 0.0001  loss_final_boundary: 0.0889  loss_boundary: 0.0522  loss_sdf: 0.0041  grad_norm: 1.7507
2026/09/23 12:45:36 - mmengine - INFO - Iter(train) [ 3250/40000]  base_lr: 5.7541e-04 lr: 5.7541e-05  eta: 5:48:52  time: 0.5572  data_time: 0.0154  memory: 6634  loss: 0.5229  loss_final: 0.0993  loss_rgb: 0.1418  loss_geometry: 0.1118  correction_scale: 0.1000  loss_coarse: 0.0299  loss_region_consistency: 0.0001  loss_final_boundary: 0.0883  loss_boundary: 0.0465  loss_sdf: 0.0051  grad_norm: 1.9866
2026/09/23 12:46:04 - mmengine - INFO - Iter(train) [ 3300/40000]  base_lr: 5.7471e-04 lr: 5.7471e-05  eta: 5:48:20  time: 0.5657  data_time: 0.0163  memory: 6634  loss: 0.5514  loss_final: 0.1183  loss_rgb: 0.1426  loss_geometry: 0.1135  correction_scale: 0.1000  loss_coarse: 0.0356  loss_region_consistency: 0.0001  loss_final_boundary: 0.0880  loss_boundary: 0.0462  loss_sdf: 0.0071  grad_norm: 2.1086
2026/09/23 12:46:32 - mmengine - INFO - Iter(train) [ 3350/40000]  base_lr: 5.7400e-04 lr: 5.7400e-05  eta: 5:47:50  time: 0.5608  data_time: 0.0162  memory: 6634  loss: 0.6141  loss_final: 0.1553  loss_rgb: 0.1521  loss_geometry: 0.1172  correction_scale: 0.1000  loss_coarse: 0.0464  loss_region_consistency: 0.0001  loss_final_boundary: 0.0888  loss_boundary: 0.0477  loss_sdf: 0.0066  grad_norm: 2.8730
2026/09/23 12:47:01 - mmengine - INFO - Iter(train) [ 3400/40000]  base_lr: 5.7330e-04 lr: 5.7330e-05  eta: 5:47:18  time: 0.5643  data_time: 0.0178  memory: 6634  loss: 0.4553  loss_final: 0.0938  loss_rgb: 0.1130  loss_geometry: 0.1106  correction_scale: 0.1000  loss_coarse: 0.0278  loss_region_consistency: 0.0001  loss_final_boundary: 0.0686  loss_boundary: 0.0364  loss_sdf: 0.0050  grad_norm: 2.2297
2026/09/23 12:47:29 - mmengine - INFO - Iter(train) [ 3450/40000]  base_lr: 5.7259e-04 lr: 5.7259e-05  eta: 5:46:49  time: 0.5580  data_time: 0.0158  memory: 6634  loss: 0.5028  loss_final: 0.1006  loss_rgb: 0.1342  loss_geometry: 0.1124  correction_scale: 0.1000  loss_coarse: 0.0304  loss_region_consistency: 0.0001  loss_final_boundary: 0.0785  loss_boundary: 0.0420  loss_sdf: 0.0044  grad_norm: 2.0922
2026/09/23 12:47:57 - mmengine - INFO - Iter(train) [ 3500/40000]  base_lr: 5.7189e-04 lr: 5.7189e-05  eta: 5:46:19  time: 0.5672  data_time: 0.0159  memory: 6634  loss: 0.4924  loss_final: 0.0832  loss_rgb: 0.1437  loss_geometry: 0.0981  correction_scale: 0.1000  loss_coarse: 0.0269  loss_region_consistency: 0.0001  loss_final_boundary: 0.0884  loss_boundary: 0.0469  loss_sdf: 0.0051  grad_norm: 2.8928
2026/09/23 12:48:25 - mmengine - INFO - Iter(train) [ 3550/40000]  base_lr: 5.7118e-04 lr: 5.7118e-05  eta: 5:45:47  time: 0.5549  data_time: 0.0161  memory: 6634  loss: 0.4526  loss_final: 0.0962  loss_rgb: 0.1078  loss_geometry: 0.1085  correction_scale: 0.1000  loss_coarse: 0.0303  loss_region_consistency: 0.0001  loss_final_boundary: 0.0687  loss_boundary: 0.0363  loss_sdf: 0.0047  grad_norm: 2.9760
2026/09/23 12:48:53 - mmengine - INFO - Iter(train) [ 3600/40000]  base_lr: 5.7048e-04 lr: 5.7048e-05  eta: 5:45:15  time: 0.5702  data_time: 0.0159  memory: 6634  loss: 0.3480  loss_final: 0.0562  loss_rgb: 0.0807  loss_geometry: 0.1015  correction_scale: 0.1000  loss_coarse: 0.0165  loss_region_consistency: 0.0001  loss_final_boundary: 0.0588  loss_boundary: 0.0306  loss_sdf: 0.0036  grad_norm: 1.8754
2026/09/23 12:49:22 - mmengine - INFO - Iter(train) [ 3650/40000]  base_lr: 5.6977e-04 lr: 5.6977e-05  eta: 5:44:46  time: 0.5663  data_time: 0.0157  memory: 6634  loss: 0.5276  loss_final: 0.0925  loss_rgb: 0.1507  loss_geometry: 0.0999  correction_scale: 0.1000  loss_coarse: 0.0287  loss_region_consistency: 0.0001  loss_final_boundary: 0.0988  loss_boundary: 0.0511  loss_sdf: 0.0057  grad_norm: 1.6469
2026/09/23 12:49:50 - mmengine - INFO - Iter(train) [ 3700/40000]  base_lr: 5.6907e-04 lr: 5.6907e-05  eta: 5:44:15  time: 0.5553  data_time: 0.0155  memory: 6634  loss: 0.4125  loss_final: 0.0574  loss_rgb: 0.1185  loss_geometry: 0.0971  correction_scale: 0.1000  loss_coarse: 0.0179  loss_region_consistency: 0.0001  loss_final_boundary: 0.0778  loss_boundary: 0.0408  loss_sdf: 0.0029  grad_norm: 1.7406
2026/09/23 12:50:18 - mmengine - INFO - Iter(train) [ 3750/40000]  base_lr: 5.6836e-04 lr: 5.6836e-05  eta: 5:43:44  time: 0.5647  data_time: 0.0155  memory: 6634  loss: 0.6871  loss_final: 0.2058  loss_rgb: 0.1532  loss_geometry: 0.1215  correction_scale: 0.1000  loss_coarse: 0.0593  loss_region_consistency: 0.0001  loss_final_boundary: 0.0891  loss_boundary: 0.0468  loss_sdf: 0.0113  grad_norm: 2.3314
2026/09/23 12:50:47 - mmengine - INFO - Iter(train) [ 3800/40000]  base_lr: 5.6765e-04 lr: 5.6765e-05  eta: 5:43:14  time: 0.5690  data_time: 0.0168  memory: 6634  loss: 0.4883  loss_final: 0.0773  loss_rgb: 0.1377  loss_geometry: 0.1104  correction_scale: 0.1000  loss_coarse: 0.0242  loss_region_consistency: 0.0001  loss_final_boundary: 0.0879  loss_boundary: 0.0463  loss_sdf: 0.0043  grad_norm: 2.0553
2026/09/23 12:51:15 - mmengine - INFO - Iter(train) [ 3850/40000]  base_lr: 5.6695e-04 lr: 5.6695e-05  eta: 5:42:43  time: 0.5561  data_time: 0.0152  memory: 6634  loss: 0.4573  loss_final: 0.0758  loss_rgb: 0.1367  loss_geometry: 0.0988  correction_scale: 0.1000  loss_coarse: 0.0228  loss_region_consistency: 0.0001  loss_final_boundary: 0.0779  loss_boundary: 0.0418  loss_sdf: 0.0035  grad_norm: 1.8568
2026/09/23 12:51:43 - mmengine - INFO - Iter(train) [ 3900/40000]  base_lr: 5.6624e-04 lr: 5.6624e-05  eta: 5:42:12  time: 0.5585  data_time: 0.0163  memory: 6634  loss: 0.6119  loss_final: 0.1647  loss_rgb: 0.1510  loss_geometry: 0.1012  correction_scale: 0.1000  loss_coarse: 0.0489  loss_region_consistency: 0.0001  loss_final_boundary: 0.0890  loss_boundary: 0.0478  loss_sdf: 0.0092  grad_norm: 1.9242
2026/09/23 12:52:11 - mmengine - INFO - Iter(train) [ 3950/40000]  base_lr: 5.6554e-04 lr: 5.6554e-05  eta: 5:41:40  time: 0.5559  data_time: 0.0168  memory: 6634  loss: 0.4739  loss_final: 0.0865  loss_rgb: 0.1081  loss_geometry: 0.1262  correction_scale: 0.1000  loss_coarse: 0.0264  loss_region_consistency: 0.0001  loss_final_boundary: 0.0792  loss_boundary: 0.0416  loss_sdf: 0.0057  grad_norm: 1.8583
2026/09/23 12:52:39 - mmengine - INFO - Exp name: stage3_joint_20260923_120333
2026/09/23 12:52:39 - mmengine - INFO - Iter(train) [ 4000/40000]  base_lr: 5.6483e-04 lr: 5.6483e-05  eta: 5:41:10  time: 0.5741  data_time: 0.0163  memory: 6634  loss: 0.5117  loss_final: 0.0781  loss_rgb: 0.1504  loss_geometry: 0.1190  correction_scale: 0.1000  loss_coarse: 0.0238  loss_region_consistency: 0.0001  loss_final_boundary: 0.0884  loss_boundary: 0.0473  loss_sdf: 0.0046  grad_norm: 1.9332
2026/09/23 12:52:39 - mmengine - INFO - Saving checkpoint at 4000 iterations
2026/09/23 12:53:45 - mmengine - INFO - Iter(val) [ 50/304]    eta: 0:05:26  time: 1.2737  data_time: 0.0213  memory: 1189  
2026/09/23 12:55:17 - mmengine - INFO - Iter(val) [100/304]    eta: 0:05:17  time: 1.7841  data_time: 0.0210  memory: 1189  
2026/09/23 12:56:45 - mmengine - INFO - Iter(val) [150/304]    eta: 0:04:10  time: 1.7668  data_time: 0.0225  memory: 1189  
2026/09/23 12:58:13 - mmengine - INFO - Iter(val) [200/304]    eta: 0:02:52  time: 1.7575  data_time: 0.0218  memory: 1189  
2026/09/23 12:59:40 - mmengine - INFO - Iter(val) [250/304]    eta: 0:01:30  time: 1.7415  data_time: 0.0211  memory: 1189  
2026/09/23 13:01:06 - mmengine - INFO - Iter(val) [300/304]    eta: 0:00:06  time: 1.7329  data_time: 0.0217  memory: 1189  
2026/09/23 13:01:13 - mmengine - INFO - per class results:
2026/09/23 13:01:13 - mmengine - INFO - 
+------------------+-------+-------+-------+--------+-----------+--------+
|      Class       |  IoU  |  Acc  |  Dice | Fscore | Precision | Recall |
+------------------+-------+-------+-------+--------+-----------+--------+
|    background    | 97.07 | 98.15 | 98.51 | 98.51  |   98.87   | 98.15  |
| wastewater_plant | 72.15 | 87.31 | 83.82 | 83.82  |   80.61   | 87.31  |
+------------------+-------+-------+-------+--------+-----------+--------+
2026/09/23 13:01:13 - mmengine - INFO - Iter(val) [304/304]    aAcc: 97.2700  mIoU: 84.6100  mAcc: 92.7300  mDice: 91.1700  mFscore: 91.1700  mPrecision: 89.7400  mRecall: 92.7300  binary/Foreground_IoU: 72.1511  binary/Dice: 83.8230  binary/F1: 83.8230  binary/Precision: 80.6069  binary/Recall: 87.3063  binary/Boundary_F1: 14.1933  binary/BFScore: 14.1933  binary/Boundary_Precision: 11.5231  binary/Boundary_Recall: 18.4743  binary/Hausdorff_px: 406.9120  binary/HD95_px: 303.3963  binary/Hausdorff_m: 203.4560  binary/HD95_m: 151.6982  data_time: 0.0233  time: 1.6872
2026/09/23 13:01:13 - mmengine - INFO - The previous best checkpoint /workspace/work_dirs/rpgv_v2_paper_reuse/paper_reuse/seed_42/no_rgr/stage3_joint/best_binary_Foreground_IoU_iter_2000.pth is removed
2026/09/23 13:01:14 - mmengine - INFO - The best checkpoint with 72.1511 binary/Foreground_IoU at 4000 iter is saved to best_binary_Foreground_IoU_iter_4000.pth.
2026/09/23 13:01:45 - mmengine - INFO - Iter(train) [ 4050/40000]  base_lr: 5.6413e-04 lr: 5.6413e-05  eta: 5:41:10  time: 0.5473  data_time: 0.0157  memory: 6634  loss: 0.3645  loss_final: 0.0766  loss_rgb: 0.0753  loss_geometry: 0.1108  correction_scale: 0.1000  loss_coarse: 0.0229  loss_region_consistency: 0.0001  loss_final_boundary: 0.0493  loss_boundary: 0.0258  loss_sdf: 0.0038  grad_norm: 1.9011
2026/09/23 13:02:13 - mmengine - INFO - Iter(train) [ 4100/40000]  base_lr: 5.6342e-04 lr: 5.6342e-05  eta: 5:40:39  time: 0.5517  data_time: 0.0154  memory: 6634  loss: 0.4639  loss_final: 0.0926  loss_rgb: 0.1065  loss_geometry: 0.1278  correction_scale: 0.1000  loss_coarse: 0.0274  loss_region_consistency: 0.0001  loss_final_boundary: 0.0688  loss_boundary: 0.0361  loss_sdf: 0.0046  grad_norm: 2.6628
2026/09/23 13:02:41 - mmengine - INFO - Iter(train) [ 4150/40000]  base_lr: 5.6271e-04 lr: 5.6271e-05  eta: 5:40:05  time: 0.5561  data_time: 0.0161  memory: 6634  loss: 0.6174  loss_final: 0.1890  loss_rgb: 0.1291  loss_geometry: 0.1161  correction_scale: 0.1000  loss_coarse: 0.0525  loss_region_consistency: 0.0001  loss_final_boundary: 0.0788  loss_boundary: 0.0420  loss_sdf: 0.0096  grad_norm: 2.4928
2026/09/23 13:03:09 - mmengine - INFO - Iter(train) [ 4200/40000]  base_lr: 5.6201e-04 lr: 5.6201e-05  eta: 5:39:33  time: 0.5630  data_time: 0.0168  memory: 6634  loss: 0.4598  loss_final: 0.0997  loss_rgb: 0.1148  loss_geometry: 0.1065  correction_scale: 0.1000  loss_coarse: 0.0293  loss_region_consistency: 0.0001  loss_final_boundary: 0.0689  loss_boundary: 0.0359  loss_sdf: 0.0047  grad_norm: 2.2425
2026/09/23 13:03:37 - mmengine - INFO - Iter(train) [ 4250/40000]  base_lr: 5.6130e-04 lr: 5.6130e-05  eta: 5:39:00  time: 0.5567  data_time: 0.0159  memory: 6634  loss: 0.5012  loss_final: 0.1237  loss_rgb: 0.1203  loss_geometry: 0.1079  correction_scale: 0.1000  loss_coarse: 0.0373  loss_region_consistency: 0.0001  loss_final_boundary: 0.0687  loss_boundary: 0.0369  loss_sdf: 0.0063  grad_norm: 2.1571
2026/09/23 13:04:04 - mmengine - INFO - Iter(train) [ 4300/40000]  base_lr: 5.6059e-04 lr: 5.6059e-05  eta: 5:38:26  time: 0.5583  data_time: 0.0156  memory: 6634  loss: 0.4714  loss_final: 0.0856  loss_rgb: 0.1159  loss_geometry: 0.1188  correction_scale: 0.1000  loss_coarse: 0.0269  loss_region_consistency: 0.0001  loss_final_boundary: 0.0788  loss_boundary: 0.0416  loss_sdf: 0.0036  grad_norm: 1.7654
2026/09/23 13:04:33 - mmengine - INFO - Iter(train) [ 4350/40000]  base_lr: 5.5989e-04 lr: 5.5989e-05  eta: 5:37:55  time: 0.5579  data_time: 0.0149  memory: 6634  loss: 0.4649  loss_final: 0.0806  loss_rgb: 0.1270  loss_geometry: 0.1022  correction_scale: 0.1000  loss_coarse: 0.0246  loss_region_consistency: 0.0001  loss_final_boundary: 0.0784  loss_boundary: 0.0466  loss_sdf: 0.0054  grad_norm: 1.7508
2026/09/23 13:05:01 - mmengine - INFO - Iter(train) [ 4400/40000]  base_lr: 5.5918e-04 lr: 5.5918e-05  eta: 5:37:25  time: 0.5751  data_time: 0.0165  memory: 6634  loss: 0.5317  loss_final: 0.1131  loss_rgb: 0.1365  loss_geometry: 0.1042  correction_scale: 0.1000  loss_coarse: 0.0345  loss_region_consistency: 0.0001  loss_final_boundary: 0.0887  loss_boundary: 0.0471  loss_sdf: 0.0076  grad_norm: 2.2462
2026/09/23 13:05:29 - mmengine - INFO - Iter(train) [ 4450/40000]  base_lr: 5.5847e-04 lr: 5.5847e-05  eta: 5:36:55  time: 0.5510  data_time: 0.0157  memory: 6634  loss: 0.5121  loss_final: 0.1273  loss_rgb: 0.1206  loss_geometry: 0.1016  correction_scale: 0.1000  loss_coarse: 0.0373  loss_region_consistency: 0.0001  loss_final_boundary: 0.0789  loss_boundary: 0.0408  loss_sdf: 0.0056  grad_norm: 2.0047
2026/09/23 13:05:57 - mmengine - INFO - Iter(train) [ 4500/40000]  base_lr: 5.5777e-04 lr: 5.5777e-05  eta: 5:36:24  time: 0.5580  data_time: 0.0160  memory: 6634  loss: 0.4629  loss_final: 0.0957  loss_rgb: 0.1045  loss_geometry: 0.1186  correction_scale: 0.1000  loss_coarse: 0.0288  loss_region_consistency: 0.0001  loss_final_boundary: 0.0687  loss_boundary: 0.0413  loss_sdf: 0.0051  grad_norm: 2.2440
2026/09/23 13:06:26 - mmengine - INFO - Iter(train) [ 4550/40000]  base_lr: 5.5706e-04 lr: 5.5706e-05  eta: 5:35:57  time: 0.5768  data_time: 0.0179  memory: 6634  loss: 0.5112  loss_final: 0.0908  loss_rgb: 0.1371  loss_geometry: 0.1153  correction_scale: 0.1000  loss_coarse: 0.0277  loss_region_consistency: 0.0001  loss_final_boundary: 0.0884  loss_boundary: 0.0462  loss_sdf: 0.0057  grad_norm: 2.2283
2026/09/23 13:06:55 - mmengine - INFO - Iter(train) [ 4600/40000]  base_lr: 5.5635e-04 lr: 5.5635e-05  eta: 5:35:33  time: 0.5876  data_time: 0.0166  memory: 6634  loss: 0.6038  loss_final: 0.1683  loss_rgb: 0.1407  loss_geometry: 0.1005  correction_scale: 0.1000  loss_coarse: 0.0510  loss_region_consistency: 0.0001  loss_final_boundary: 0.0889  loss_boundary: 0.0464  loss_sdf: 0.0079  grad_norm: 2.0644
2026/09/23 13:07:23 - mmengine - INFO - Iter(train) [ 4650/40000]  base_lr: 5.5564e-04 lr: 5.5564e-05  eta: 5:35:01  time: 0.5608  data_time: 0.0148  memory: 6634  loss: 0.6255  loss_final: 0.1763  loss_rgb: 0.1470  loss_geometry: 0.1100  correction_scale: 0.1000  loss_coarse: 0.0533  loss_region_consistency: 0.0001  loss_final_boundary: 0.0883  loss_boundary: 0.0465  loss_sdf: 0.0040  grad_norm: 2.3434
2026/09/23 13:07:51 - mmengine - INFO - Iter(train) [ 4700/40000]  base_lr: 5.5494e-04 lr: 5.5494e-05  eta: 5:34:30  time: 0.5537  data_time: 0.0154  memory: 6634  loss: 0.4978  loss_final: 0.1008  loss_rgb: 0.1291  loss_geometry: 0.1112  correction_scale: 0.1000  loss_coarse: 0.0319  loss_region_consistency: 0.0001  loss_final_boundary: 0.0788  loss_boundary: 0.0413  loss_sdf: 0.0046  grad_norm: 2.0290
2026/09/23 13:08:19 - mmengine - INFO - Iter(train) [ 4750/40000]  base_lr: 5.5423e-04 lr: 5.5423e-05  eta: 5:34:00  time: 0.5717  data_time: 0.0159  memory: 6634  loss: 0.5283  loss_final: 0.0996  loss_rgb: 0.1448  loss_geometry: 0.0974  correction_scale: 0.1000  loss_coarse: 0.0299  loss_region_consistency: 0.0001  loss_final_boundary: 0.0982  loss_boundary: 0.0523  loss_sdf: 0.0060  grad_norm: 1.8590
2026/09/23 13:08:48 - mmengine - INFO - Iter(train) [ 4800/40000]  base_lr: 5.5352e-04 lr: 5.5352e-05  eta: 5:33:32  time: 0.5754  data_time: 0.0167  memory: 6634  loss: 0.5962  loss_final: 0.1545  loss_rgb: 0.1371  loss_geometry: 0.1149  correction_scale: 0.1000  loss_coarse: 0.0458  loss_region_consistency: 0.0001  loss_final_boundary: 0.0885  loss_boundary: 0.0472  loss_sdf: 0.0080  grad_norm: 1.6215
2026/09/23 13:09:16 - mmengine - INFO - Iter(train) [ 4850/40000]  base_lr: 5.5281e-04 lr: 5.5281e-05  eta: 5:33:02  time: 0.5666  data_time: 0.0165  memory: 6634  loss: 0.5187  loss_final: 0.1122  loss_rgb: 0.1329  loss_geometry: 0.0985  correction_scale: 0.1000  loss_coarse: 0.0340  loss_region_consistency: 0.0001  loss_final_boundary: 0.0885  loss_boundary: 0.0470  loss_sdf: 0.0055  grad_norm: 1.9242
2026/09/23 13:09:44 - mmengine - INFO - Iter(train) [ 4900/40000]  base_lr: 5.5211e-04 lr: 5.5211e-05  eta: 5:32:32  time: 0.5591  data_time: 0.0153  memory: 6634  loss: 0.5243  loss_final: 0.1012  loss_rgb: 0.1389  loss_geometry: 0.1140  correction_scale: 0.1000  loss_coarse: 0.0302  loss_region_consistency: 0.0001  loss_final_boundary: 0.0883  loss_boundary: 0.0466  loss_sdf: 0.0050  grad_norm: 1.8093
2026/09/23 13:10:12 - mmengine - INFO - Iter(train) [ 4950/40000]  base_lr: 5.5140e-04 lr: 5.5140e-05  eta: 5:32:03  time: 0.5706  data_time: 0.0160  memory: 6634  loss: 0.5347  loss_final: 0.0917  loss_rgb: 0.1590  loss_geometry: 0.1018  correction_scale: 0.1000  loss_coarse: 0.0278  loss_region_consistency: 0.0001  loss_final_boundary: 0.0979  loss_boundary: 0.0513  loss_sdf: 0.0050  grad_norm: 1.8322
2026/09/23 13:10:40 - mmengine - INFO - Exp name: stage3_joint_20260923_120333
2026/09/23 13:10:40 - mmengine - INFO - Iter(train) [ 5000/40000]  base_lr: 5.5069e-04 lr: 5.5069e-05  eta: 5:31:33  time: 0.5769  data_time: 0.0163  memory: 6634  loss: 0.6743  loss_final: 0.1967  loss_rgb: 0.1611  loss_geometry: 0.0965  correction_scale: 0.1000  loss_coarse: 0.0587  loss_region_consistency: 0.0001  loss_final_boundary: 0.0989  loss_boundary: 0.0526  loss_sdf: 0.0098  grad_norm: 1.7708
2026/09/23 13:11:09 - mmengine - INFO - Iter(train) [ 5050/40000]  base_lr: 5.4998e-04 lr: 5.4998e-05  eta: 5:31:03  time: 0.5533  data_time: 0.0152  memory: 6634  loss: 0.4506  loss_final: 0.0773  loss_rgb: 0.1072  loss_geometry: 0.1314  correction_scale: 0.1000  loss_coarse: 0.0240  loss_region_consistency: 0.0001  loss_final_boundary: 0.0690  loss_boundary: 0.0369  loss_sdf: 0.0047  grad_norm: 2.4152
2026/09/23 13:11:37 - mmengine - INFO - Iter(train) [ 5100/40000]  base_lr: 5.4927e-04 lr: 5.4927e-05  eta: 5:30:34  time: 0.5583  data_time: 0.0169  memory: 6634  loss: 0.5598  loss_final: 0.1368  loss_rgb: 0.1508  loss_geometry: 0.0989  correction_scale: 0.1000  loss_coarse: 0.0421  loss_region_consistency: 0.0001  loss_final_boundary: 0.0789  loss_boundary: 0.0469  loss_sdf: 0.0054  grad_norm: 2.0846
2026/09/23 13:12:05 - mmengine - INFO - Iter(train) [ 5150/40000]  base_lr: 5.4857e-04 lr: 5.4857e-05  eta: 5:30:04  time: 0.5647  data_time: 0.0157  memory: 6634  loss: 0.5775  loss_final: 0.1343  loss_rgb: 0.1427  loss_geometry: 0.1183  correction_scale: 0.1000  loss_coarse: 0.0400  loss_region_consistency: 0.0001  loss_final_boundary: 0.0886  loss_boundary: 0.0469  loss_sdf: 0.0067  grad_norm: 1.7519
2026/09/23 13:12:34 - mmengine - INFO - Iter(train) [ 5200/40000]  base_lr: 5.4786e-04 lr: 5.4786e-05  eta: 5:29:35  time: 0.5700  data_time: 0.0171  memory: 6634  loss: 0.5450  loss_final: 0.1517  loss_rgb: 0.1226  loss_geometry: 0.1136  correction_scale: 0.1000  loss_coarse: 0.0449  loss_region_consistency: 0.0001  loss_final_boundary: 0.0682  loss_boundary: 0.0364  loss_sdf: 0.0075  grad_norm: 2.1180
2026/09/23 13:13:02 - mmengine - INFO - Iter(train) [ 5250/40000]  base_lr: 5.4715e-04 lr: 5.4715e-05  eta: 5:29:05  time: 0.5606  data_time: 0.0155  memory: 6634  loss: 0.5497  loss_final: 0.1238  loss_rgb: 0.1458  loss_geometry: 0.0997  correction_scale: 0.1000  loss_coarse: 0.0380  loss_region_consistency: 0.0001  loss_final_boundary: 0.0885  loss_boundary: 0.0467  loss_sdf: 0.0071  grad_norm: 1.7849
2026/09/23 13:13:30 - mmengine - INFO - Iter(train) [ 5300/40000]  base_lr: 5.4644e-04 lr: 5.4644e-05  eta: 5:28:36  time: 0.5618  data_time: 0.0156  memory: 6634  loss: 0.4276  loss_final: 0.0571  loss_rgb: 0.1285  loss_geometry: 0.1002  correction_scale: 0.1000  loss_coarse: 0.0177  loss_region_consistency: 0.0001  loss_final_boundary: 0.0786  loss_boundary: 0.0417  loss_sdf: 0.0036  grad_norm: 2.7426
2026/09/23 13:13:58 - mmengine - INFO - Iter(train) [ 5350/40000]  base_lr: 5.4573e-04 lr: 5.4573e-05  eta: 5:28:06  time: 0.5629  data_time: 0.0152  memory: 6634  loss: 0.4840  loss_final: 0.1006  loss_rgb: 0.1258  loss_geometry: 0.1028  correction_scale: 0.1000  loss_coarse: 0.0292  loss_region_consistency: 0.0001  loss_final_boundary: 0.0788  loss_boundary: 0.0410  loss_sdf: 0.0057  grad_norm: 3.1501
2026/09/23 13:14:26 - mmengine - INFO - Iter(train) [ 5400/40000]  base_lr: 5.4502e-04 lr: 5.4502e-05  eta: 5:27:36  time: 0.5670  data_time: 0.0160  memory: 6634  loss: 0.4481  loss_final: 0.0871  loss_rgb: 0.1103  loss_geometry: 0.1130  correction_scale: 0.1000  loss_coarse: 0.0264  loss_region_consistency: 0.0001  loss_final_boundary: 0.0690  loss_boundary: 0.0369  loss_sdf: 0.0051  grad_norm: 1.9562
2026/09/23 13:14:55 - mmengine - INFO - Iter(train) [ 5450/40000]  base_lr: 5.4431e-04 lr: 5.4431e-05  eta: 5:27:06  time: 0.5595  data_time: 0.0153  memory: 6634  loss: 0.5311  loss_final: 0.1086  loss_rgb: 0.1488  loss_geometry: 0.0992  correction_scale: 0.1000  loss_coarse: 0.0325  loss_region_consistency: 0.0001  loss_final_boundary: 0.0887  loss_boundary: 0.0473  loss_sdf: 0.0059  grad_norm: 1.9635
2026/09/23 13:15:23 - mmengine - INFO - Iter(train) [ 5500/40000]  base_lr: 5.4361e-04 lr: 5.4361e-05  eta: 5:26:37  time: 0.5655  data_time: 0.0162  memory: 6634  loss: 0.4769  loss_final: 0.0797  loss_rgb: 0.1281  loss_geometry: 0.1053  correction_scale: 0.1000  loss_coarse: 0.0245  loss_region_consistency: 0.0001  loss_final_boundary: 0.0881  loss_boundary: 0.0467  loss_sdf: 0.0043  grad_norm: 1.7658
2026/09/23 13:15:51 - mmengine - INFO - Iter(train) [ 5550/40000]  base_lr: 5.4290e-04 lr: 5.4290e-05  eta: 5:26:08  time: 0.5605  data_time: 0.0157  memory: 6634  loss: 0.6055  loss_final: 0.1608  loss_rgb: 0.1573  loss_geometry: 0.1049  correction_scale: 0.1000  loss_coarse: 0.0487  loss_region_consistency: 0.0001  loss_final_boundary: 0.0788  loss_boundary: 0.0474  loss_sdf: 0.0076  grad_norm: 1.9495
2026/09/23 13:16:19 - mmengine - INFO - Iter(train) [ 5600/40000]  base_lr: 5.4219e-04 lr: 5.4219e-05  eta: 5:25:38  time: 0.5691  data_time: 0.0155  memory: 6634  loss: 0.4669  loss_final: 0.0863  loss_rgb: 0.1243  loss_geometry: 0.1062  correction_scale: 0.1000  loss_coarse: 0.0263  loss_region_consistency: 0.0001  loss_final_boundary: 0.0783  loss_boundary: 0.0420  loss_sdf: 0.0036  grad_norm: 2.7203
2026/09/23 13:16:48 - mmengine - INFO - Iter(train) [ 5650/40000]  base_lr: 5.4148e-04 lr: 5.4148e-05  eta: 5:25:09  time: 0.5642  data_time: 0.0165  memory: 6634  loss: 0.5571  loss_final: 0.1185  loss_rgb: 0.1508  loss_geometry: 0.1094  correction_scale: 0.1000  loss_coarse: 0.0358  loss_region_consistency: 0.0001  loss_final_boundary: 0.0888  loss_boundary: 0.0478  loss_sdf: 0.0059  grad_norm: 1.9480
2026/09/23 13:17:16 - mmengine - INFO - Iter(train) [ 5700/40000]  base_lr: 5.4077e-04 lr: 5.4077e-05  eta: 5:24:40  time: 0.5575  data_time: 0.0157  memory: 6634  loss: 0.4210  loss_final: 0.0656  loss_rgb: 0.1099  loss_geometry: 0.1120  correction_scale: 0.1000  loss_coarse: 0.0201  loss_region_consistency: 0.0001  loss_final_boundary: 0.0689  loss_boundary: 0.0410  loss_sdf: 0.0035  grad_norm: 2.1611
2026/09/23 13:17:44 - mmengine - INFO - Iter(train) [ 5750/40000]  base_lr: 5.4006e-04 lr: 5.4006e-05  eta: 5:24:11  time: 0.5562  data_time: 0.0160  memory: 6634  loss: 0.4618  loss_final: 0.0847  loss_rgb: 0.1209  loss_geometry: 0.1049  correction_scale: 0.1000  loss_coarse: 0.0258  loss_region_consistency: 0.0001  loss_final_boundary: 0.0786  loss_boundary: 0.0417  loss_sdf: 0.0050  grad_norm: 2.3204
2026/09/23 13:18:12 - mmengine - INFO - Iter(train) [ 5800/40000]  base_lr: 5.3935e-04 lr: 5.3935e-05  eta: 5:23:41  time: 0.5742  data_time: 0.0170  memory: 6634  loss: 0.4822  loss_final: 0.0812  loss_rgb: 0.1283  loss_geometry: 0.1106  correction_scale: 0.1000  loss_coarse: 0.0247  loss_region_consistency: 0.0001  loss_final_boundary: 0.0880  loss_boundary: 0.0460  loss_sdf: 0.0035  grad_norm: 1.5716
2026/09/23 13:18:41 - mmengine - INFO - Iter(train) [ 5850/40000]  base_lr: 5.3864e-04 lr: 5.3864e-05  eta: 5:23:14  time: 0.5681  data_time: 0.0170  memory: 6634  loss: 0.5662  loss_final: 0.1608  loss_rgb: 0.1286  loss_geometry: 0.1153  correction_scale: 0.1000  loss_coarse: 0.0472  loss_region_consistency: 0.0001  loss_final_boundary: 0.0691  loss_boundary: 0.0367  loss_sdf: 0.0085  grad_norm: 2.2841
2026/09/23 13:19:09 - mmengine - INFO - Iter(train) [ 5900/40000]  base_lr: 5.3793e-04 lr: 5.3793e-05  eta: 5:22:44  time: 0.5596  data_time: 0.0159  memory: 6634  loss: 0.5073  loss_final: 0.1251  loss_rgb: 0.1118  loss_geometry: 0.1063  correction_scale: 0.1000  loss_coarse: 0.0366  loss_region_consistency: 0.0001  loss_final_boundary: 0.0788  loss_boundary: 0.0415  loss_sdf: 0.0072  grad_norm: 2.4835
2026/09/23 13:19:37 - mmengine - INFO - Iter(train) [ 5950/40000]  base_lr: 5.3722e-04 lr: 5.3722e-05  eta: 5:22:14  time: 0.5519  data_time: 0.0177  memory: 6634  loss: 0.4576  loss_final: 0.1023  loss_rgb: 0.1154  loss_geometry: 0.1117  correction_scale: 0.1000  loss_coarse: 0.0310  loss_region_consistency: 0.0001  loss_final_boundary: 0.0588  loss_boundary: 0.0360  loss_sdf: 0.0024  grad_norm: 1.7286
2026/09/23 13:20:05 - mmengine - INFO - Exp name: stage3_joint_20260923_120333
2026/09/23 13:20:05 - mmengine - INFO - Iter(train) [ 6000/40000]  base_lr: 5.3651e-04 lr: 5.3651e-05  eta: 5:21:44  time: 0.5726  data_time: 0.0165  memory: 6634  loss: 0.5381  loss_final: 0.1169  loss_rgb: 0.1429  loss_geometry: 0.1025  correction_scale: 0.1000  loss_coarse: 0.0349  loss_region_consistency: 0.0001  loss_final_boundary: 0.0889  loss_boundary: 0.0468  loss_sdf: 0.0051  grad_norm: 2.0514
2026/09/23 13:20:05 - mmengine - INFO - Saving checkpoint at 6000 iterations
2026/09/23 13:21:12 - mmengine - INFO - Iter(val) [ 50/304]    eta: 0:05:27  time: 1.2751  data_time: 0.0188  memory: 1189  
2026/09/23 13:22:41 - mmengine - INFO - Iter(val) [100/304]    eta: 0:05:13  time: 1.7789  data_time: 0.0232  memory: 1189  
2026/09/23 13:24:07 - mmengine - INFO - Iter(val) [150/304]    eta: 0:04:06  time: 1.6693  data_time: 0.0228  memory: 1189  
2026/09/23 13:25:30 - mmengine - INFO - Iter(val) [200/304]    eta: 0:02:47  time: 1.6579  data_time: 0.0214  memory: 1189  
2026/09/23 13:26:52 - mmengine - INFO - Iter(val) [250/304]    eta: 0:01:27  time: 1.6707  data_time: 0.0221  memory: 1189  
2026/09/23 13:28:14 - mmengine - INFO - Iter(val) [300/304]    eta: 0:00:06  time: 1.6203  data_time: 0.0207  memory: 1189  
2026/09/23 13:28:20 - mmengine - INFO - per class results:
2026/09/23 13:28:20 - mmengine - INFO - 
+------------------+-------+-------+-------+--------+-----------+--------+
|      Class       |  IoU  |  Acc  |  Dice | Fscore | Precision | Recall |
+------------------+-------+-------+-------+--------+-----------+--------+
|    background    | 97.38 | 98.57 | 98.67 | 98.67  |   98.77   | 98.57  |
| wastewater_plant |  74.1 |  86.1 | 85.12 | 85.12  |   84.17   |  86.1  |
+------------------+-------+-------+-------+--------+-----------+--------+
2026/09/23 13:28:20 - mmengine - INFO - Iter(val) [304/304]    aAcc: 97.5600  mIoU: 85.7400  mAcc: 92.3400  mDice: 91.9000  mFscore: 91.9000  mPrecision: 91.4700  mRecall: 92.3400  binary/Foreground_IoU: 74.1015  binary/Dice: 85.1245  binary/F1: 85.1245  binary/Precision: 84.1745  binary/Recall: 86.0962  binary/Boundary_F1: 13.9766  binary/BFScore: 13.9766  binary/Boundary_Precision: 11.4257  binary/Boundary_Recall: 17.9940  binary/Hausdorff_px: 432.4756  binary/HD95_px: 339.5790  binary/Hausdorff_m: 216.2378  binary/HD95_m: 169.7895  data_time: 0.0231  time: 1.6229
2026/09/23 13:28:20 - mmengine - INFO - The previous best checkpoint /workspace/work_dirs/rpgv_v2_paper_reuse/paper_reuse/seed_42/no_rgr/stage3_joint/best_binary_Foreground_IoU_iter_4000.pth is removed
2026/09/23 13:28:21 - mmengine - INFO - The best checkpoint with 74.1015 binary/Foreground_IoU at 6000 iter is saved to best_binary_Foreground_IoU_iter_6000.pth.
2026/09/23 13:28:53 - mmengine - INFO - Iter(train) [ 6050/40000]  base_lr: 5.3580e-04 lr: 5.3580e-05  eta: 5:21:37  time: 0.5569  data_time: 0.0158  memory: 6634  loss: 0.4863  loss_final: 0.1027  loss_rgb: 0.1147  loss_geometry: 0.1276  correction_scale: 0.1000  loss_coarse: 0.0311  loss_region_consistency: 0.0001  loss_final_boundary: 0.0690  loss_boundary: 0.0366  loss_sdf: 0.0046  grad_norm: 2.3156
2026/09/23 13:29:21 - mmengine - INFO - Iter(train) [ 6100/40000]  base_lr: 5.3509e-04 lr: 5.3509e-05  eta: 5:21:07  time: 0.5580  data_time: 0.0159  memory: 6634  loss: 0.4976  loss_final: 0.1041  loss_rgb: 0.1283  loss_geometry: 0.0948  correction_scale: 0.1000  loss_coarse: 0.0310  loss_region_consistency: 0.0001  loss_final_boundary: 0.0885  loss_boundary: 0.0461  loss_sdf: 0.0047  grad_norm: 2.2905
2026/09/23 13:29:49 - mmengine - INFO - Iter(train) [ 6150/40000]  base_lr: 5.3438e-04 lr: 5.3438e-05  eta: 5:20:37  time: 0.5626  data_time: 0.0162  memory: 6634  loss: 0.6261  loss_final: 0.1588  loss_rgb: 0.1481  loss_geometry: 0.1298  correction_scale: 0.1000  loss_coarse: 0.0478  loss_region_consistency: 0.0001  loss_final_boundary: 0.0884  loss_boundary: 0.0471  loss_sdf: 0.0060  grad_norm: 2.4367
2026/09/23 13:30:17 - mmengine - INFO - Iter(train) [ 6200/40000]  base_lr: 5.3367e-04 lr: 5.3367e-05  eta: 5:20:08  time: 0.5741  data_time: 0.0173  memory: 6634  loss: 0.4265  loss_final: 0.0674  loss_rgb: 0.1092  loss_geometry: 0.1033  correction_scale: 0.1000  loss_coarse: 0.0223  loss_region_consistency: 0.0001  loss_final_boundary: 0.0787  loss_boundary: 0.0410  loss_sdf: 0.0045  grad_norm: 2.1065
2026/09/23 13:30:45 - mmengine - INFO - Iter(train) [ 6250/40000]  base_lr: 5.3296e-04 lr: 5.3296e-05  eta: 5:19:39  time: 0.5633  data_time: 0.0158  memory: 6634  loss: 0.5318  loss_final: 0.1058  loss_rgb: 0.1425  loss_geometry: 0.1101  correction_scale: 0.1000  loss_coarse: 0.0322  loss_region_consistency: 0.0001  loss_final_boundary: 0.0891  loss_boundary: 0.0474  loss_sdf: 0.0045  grad_norm: 1.8448
2026/09/23 13:31:14 - mmengine - INFO - Iter(train) [ 6300/40000]  base_lr: 5.3225e-04 lr: 5.3225e-05  eta: 5:19:09  time: 0.5607  data_time: 0.0160  memory: 6634  loss: 0.4798  loss_final: 0.0953  loss_rgb: 0.1250  loss_geometry: 0.1046  correction_scale: 0.1000  loss_coarse: 0.0291  loss_region_consistency: 0.0001  loss_final_boundary: 0.0784  loss_boundary: 0.0417  loss_sdf: 0.0056  grad_norm: 2.1979
2026/09/23 13:31:42 - mmengine - INFO - Iter(train) [ 6350/40000]  base_lr: 5.3154e-04 lr: 5.3154e-05  eta: 5:18:39  time: 0.5627  data_time: 0.0159  memory: 6634  loss: 0.5088  loss_final: 0.1070  loss_rgb: 0.1367  loss_geometry: 0.1068  correction_scale: 0.1000  loss_coarse: 0.0323  loss_region_consistency: 0.0001  loss_final_boundary: 0.0787  loss_boundary: 0.0422  loss_sdf: 0.0050  grad_norm: 1.9461
2026/09/23 13:32:10 - mmengine - INFO - Iter(train) [ 6400/40000]  base_lr: 5.3083e-04 lr: 5.3083e-05  eta: 5:18:10  time: 0.5625  data_time: 0.0152  memory: 6634  loss: 0.5383  loss_final: 0.1502  loss_rgb: 0.1262  loss_geometry: 0.1154  correction_scale: 0.1000  loss_coarse: 0.0444  loss_region_consistency: 0.0001  loss_final_boundary: 0.0591  loss_boundary: 0.0368  loss_sdf: 0.0060  grad_norm: 1.9993
2026/09/23 13:32:38 - mmengine - INFO - Iter(train) [ 6450/40000]  base_lr: 5.3011e-04 lr: 5.3011e-05  eta: 5:17:41  time: 0.5611  data_time: 0.0155  memory: 6634  loss: 0.5684  loss_final: 0.1332  loss_rgb: 0.1396  loss_geometry: 0.1124  correction_scale: 0.1000  loss_coarse: 0.0391  loss_region_consistency: 0.0001  loss_final_boundary: 0.0886  loss_boundary: 0.0472  loss_sdf: 0.0081  grad_norm: 1.9088
2026/09/23 13:33:06 - mmengine - INFO - Iter(train) [ 6500/40000]  base_lr: 5.2940e-04 lr: 5.2940e-05  eta: 5:17:12  time: 0.5660  data_time: 0.0153  memory: 6634  loss: 0.4888  loss_final: 0.0793  loss_rgb: 0.1387  loss_geometry: 0.1053  correction_scale: 0.1000  loss_coarse: 0.0258  loss_region_consistency: 0.0001  loss_final_boundary: 0.0884  loss_boundary: 0.0467  loss_sdf: 0.0045  grad_norm: 3.3421
2026/09/23 13:33:34 - mmengine - INFO - Iter(train) [ 6550/40000]  base_lr: 5.2869e-04 lr: 5.2869e-05  eta: 5:16:41  time: 0.5668  data_time: 0.0160  memory: 6634  loss: 0.5826  loss_final: 0.1093  loss_rgb: 0.1704  loss_geometry: 0.1145  correction_scale: 0.1000  loss_coarse: 0.0331  loss_region_consistency: 0.0001  loss_final_boundary: 0.0978  loss_boundary: 0.0521  loss_sdf: 0.0052  grad_norm: 2.2898
2026/09/23 13:34:02 - mmengine - INFO - Iter(train) [ 6600/40000]  base_lr: 5.2798e-04 lr: 5.2798e-05  eta: 5:16:11  time: 0.5772  data_time: 0.0162  memory: 6634  loss: 0.5350  loss_final: 0.0960  loss_rgb: 0.1334  loss_geometry: 0.1342  correction_scale: 0.1000  loss_coarse: 0.0296  loss_region_consistency: 0.0001  loss_final_boundary: 0.0892  loss_boundary: 0.0469  loss_sdf: 0.0056  grad_norm: 2.1992
2026/09/23 13:34:31 - mmengine - INFO - Iter(train) [ 6650/40000]  base_lr: 5.2727e-04 lr: 5.2727e-05  eta: 5:15:41  time: 0.5610  data_time: 0.0159  memory: 6634  loss: 0.4937  loss_final: 0.0979  loss_rgb: 0.1388  loss_geometry: 0.1032  correction_scale: 0.1000  loss_coarse: 0.0294  loss_region_consistency: 0.0001  loss_final_boundary: 0.0784  loss_boundary: 0.0412  loss_sdf: 0.0047  grad_norm: 1.9377
2026/09/23 13:34:59 - mmengine - INFO - Iter(train) [ 6700/40000]  base_lr: 5.2656e-04 lr: 5.2656e-05  eta: 5:15:11  time: 0.5488  data_time: 0.0168  memory: 6634  loss: 0.3219  loss_final: 0.0330  loss_rgb: 0.0860  loss_geometry: 0.1167  correction_scale: 0.1000  loss_coarse: 0.0099  loss_region_consistency: 0.0000  loss_final_boundary: 0.0487  loss_boundary: 0.0262  loss_sdf: 0.0013  grad_norm: 1.7786
2026/09/23 13:35:27 - mmengine - INFO - Iter(train) [ 6750/40000]  base_lr: 5.2585e-04 lr: 5.2585e-05  eta: 5:14:41  time: 0.5454  data_time: 0.0167  memory: 6634  loss: 0.3288  loss_final: 0.0583  loss_rgb: 0.0709  loss_geometry: 0.1171  correction_scale: 0.1000  loss_coarse: 0.0180  loss_region_consistency: 0.0001  loss_final_boundary: 0.0394  loss_boundary: 0.0215  loss_sdf: 0.0034  grad_norm: 1.6165
2026/09/23 13:35:55 - mmengine - INFO - Iter(train) [ 6800/40000]  base_lr: 5.2514e-04 lr: 5.2514e-05  eta: 5:14:13  time: 0.5744  data_time: 0.0165  memory: 6634  loss: 0.4949  loss_final: 0.1172  loss_rgb: 0.1272  loss_geometry: 0.0896  correction_scale: 0.1000  loss_coarse: 0.0348  loss_region_consistency: 0.0001  loss_final_boundary: 0.0787  loss_boundary: 0.0415  loss_sdf: 0.0058  grad_norm: 1.5856
2026/09/23 13:36:23 - mmengine - INFO - Iter(train) [ 6850/40000]  base_lr: 5.2442e-04 lr: 5.2442e-05  eta: 5:13:44  time: 0.5567  data_time: 0.0158  memory: 6634  loss: 0.4390  loss_final: 0.0655  loss_rgb: 0.1305  loss_geometry: 0.1140  correction_scale: 0.1000  loss_coarse: 0.0203  loss_region_consistency: 0.0001  loss_final_boundary: 0.0689  loss_boundary: 0.0364  loss_sdf: 0.0033  grad_norm: 2.1258
2026/09/23 13:36:52 - mmengine - INFO - Iter(train) [ 6900/40000]  base_lr: 5.2371e-04 lr: 5.2371e-05  eta: 5:13:14  time: 0.5589  data_time: 0.0157  memory: 6634  loss: 0.4616  loss_final: 0.0953  loss_rgb: 0.0975  loss_geometry: 0.1288  correction_scale: 0.1000  loss_coarse: 0.0286  loss_region_consistency: 0.0001  loss_final_boundary: 0.0693  loss_boundary: 0.0364  loss_sdf: 0.0056  grad_norm: 2.3925
2026/09/23 13:37:20 - mmengine - INFO - Iter(train) [ 6950/40000]  base_lr: 5.2300e-04 lr: 5.2300e-05  eta: 5:12:47  time: 0.5568  data_time: 0.0159  memory: 6634  loss: 0.4863  loss_final: 0.0945  loss_rgb: 0.1248  loss_geometry: 0.1120  correction_scale: 0.1000  loss_coarse: 0.0286  loss_region_consistency: 0.0001  loss_final_boundary: 0.0788  loss_boundary: 0.0422  loss_sdf: 0.0052  grad_norm: 2.0233
2026/09/23 13:37:48 - mmengine - INFO - Exp name: stage3_joint_20260923_120333
2026/09/23 13:37:48 - mmengine - INFO - Iter(train) [ 7000/40000]  base_lr: 5.2229e-04 lr: 5.2229e-05  eta: 5:12:17  time: 0.5638  data_time: 0.0164  memory: 6634  loss: 0.3901  loss_final: 0.0595  loss_rgb: 0.0935  loss_geometry: 0.1246  correction_scale: 0.1000  loss_coarse: 0.0183  loss_region_consistency: 0.0001  loss_final_boundary: 0.0590  loss_boundary: 0.0309  loss_sdf: 0.0042  grad_norm: 1.6902
2026/09/23 13:38:16 - mmengine - INFO - Iter(train) [ 7050/40000]  base_lr: 5.2157e-04 lr: 5.2157e-05  eta: 5:11:47  time: 0.5601  data_time: 0.0155  memory: 6634  loss: 0.5364  loss_final: 0.1237  loss_rgb: 0.1315  loss_geometry: 0.1017  correction_scale: 0.1000  loss_coarse: 0.0374  loss_region_consistency: 0.0001  loss_final_boundary: 0.0887  loss_boundary: 0.0465  loss_sdf: 0.0069  grad_norm: 2.0412
2026/09/23 13:38:45 - mmengine - INFO - Iter(train) [ 7100/40000]  base_lr: 5.2086e-04 lr: 5.2086e-05  eta: 5:11:18  time: 0.5659  data_time: 0.0179  memory: 6634  loss: 0.4636  loss_final: 0.0857  loss_rgb: 0.1183  loss_geometry: 0.1107  correction_scale: 0.1000  loss_coarse: 0.0265  loss_region_consistency: 0.0001  loss_final_boundary: 0.0781  loss_boundary: 0.0407  loss_sdf: 0.0035  grad_norm: 2.1855
2026/09/23 13:39:13 - mmengine - INFO - Iter(train) [ 7150/40000]  base_lr: 5.2015e-04 lr: 5.2015e-05  eta: 5:10:48  time: 0.5561  data_time: 0.0150  memory: 6634  loss: 0.4321  loss_final: 0.0785  loss_rgb: 0.1128  loss_geometry: 0.0914  correction_scale: 0.1000  loss_coarse: 0.0249  loss_region_consistency: 0.0001  loss_final_boundary: 0.0784  loss_boundary: 0.0407  loss_sdf: 0.0052  grad_norm: 1.9444
2026/09/23 13:39:41 - mmengine - INFO - Iter(train) [ 7200/40000]  base_lr: 5.1944e-04 lr: 5.1944e-05  eta: 5:10:21  time: 0.5768  data_time: 0.0160  memory: 6634  loss: 0.5082  loss_final: 0.1089  loss_rgb: 0.1235  loss_geometry: 0.1023  correction_scale: 0.1000  loss_coarse: 0.0330  loss_region_consistency: 0.0001  loss_final_boundary: 0.0881  loss_boundary: 0.0463  loss_sdf: 0.0059  grad_norm: 1.6532
2026/09/23 13:40:09 - mmengine - INFO - Iter(train) [ 7250/40000]  base_lr: 5.1872e-04 lr: 5.1872e-05  eta: 5:09:51  time: 0.5609  data_time: 0.0170  memory: 6634  loss: 0.4672  loss_final: 0.0819  loss_rgb: 0.1253  loss_geometry: 0.1088  correction_scale: 0.1000  loss_coarse: 0.0246  loss_region_consistency: 0.0001  loss_final_boundary: 0.0789  loss_boundary: 0.0420  loss_sdf: 0.0056  grad_norm: 1.5101
2026/09/23 13:40:37 - mmengine - INFO - Iter(train) [ 7300/40000]  base_lr: 5.1801e-04 lr: 5.1801e-05  eta: 5:09:21  time: 0.5530  data_time: 0.0152  memory: 6634  loss: 0.3925  loss_final: 0.0711  loss_rgb: 0.0971  loss_geometry: 0.0944  correction_scale: 0.1000  loss_coarse: 0.0211  loss_region_consistency: 0.0001  loss_final_boundary: 0.0686  loss_boundary: 0.0364  loss_sdf: 0.0037  grad_norm: 1.7769
2026/09/23 13:41:06 - mmengine - INFO - Iter(train) [ 7350/40000]  base_lr: 5.1730e-04 lr: 5.1730e-05  eta: 5:08:52  time: 0.5588  data_time: 0.0170  memory: 6634  loss: 0.4590  loss_final: 0.1048  loss_rgb: 0.1050  loss_geometry: 0.1051  correction_scale: 0.1000  loss_coarse: 0.0317  loss_region_consistency: 0.0001  loss_final_boundary: 0.0688  loss_boundary: 0.0367  loss_sdf: 0.0069  grad_norm: 1.8118
2026/09/23 13:41:34 - mmengine - INFO - Iter(train) [ 7400/40000]  base_lr: 5.1659e-04 lr: 5.1659e-05  eta: 5:08:23  time: 0.5643  data_time: 0.0171  memory: 6634  loss: 0.4300  loss_final: 0.0902  loss_rgb: 0.0989  loss_geometry: 0.1183  correction_scale: 0.1000  loss_coarse: 0.0269  loss_region_consistency: 0.0001  loss_final_boundary: 0.0595  loss_boundary: 0.0316  loss_sdf: 0.0047  grad_norm: 2.2703
2026/09/23 13:42:02 - mmengine - INFO - Iter(train) [ 7450/40000]  base_lr: 5.1587e-04 lr: 5.1587e-05  eta: 5:07:54  time: 0.5550  data_time: 0.0159  memory: 6634  loss: 0.5392  loss_final: 0.1321  loss_rgb: 0.1261  loss_geometry: 0.1132  correction_scale: 0.1000  loss_coarse: 0.0393  loss_region_consistency: 0.0001  loss_final_boundary: 0.0790  loss_boundary: 0.0418  loss_sdf: 0.0075  grad_norm: 2.3834
2026/09/23 13:42:30 - mmengine - INFO - Iter(train) [ 7500/40000]  base_lr: 5.1516e-04 lr: 5.1516e-05  eta: 5:07:24  time: 0.5517  data_time: 0.0163  memory: 6634  loss: 0.3936  loss_final: 0.0621  loss_rgb: 0.1075  loss_geometry: 0.1126  correction_scale: 0.1000  loss_coarse: 0.0190  loss_region_consistency: 0.0001  loss_final_boundary: 0.0588  loss_boundary: 0.0315  loss_sdf: 0.0021  grad_norm: 2.5445
2026/09/23 13:42:58 - mmengine - INFO - Iter(train) [ 7550/40000]  base_lr: 5.1445e-04 lr: 5.1445e-05  eta: 5:06:55  time: 0.5605  data_time: 0.0158  memory: 6634  loss: 0.4478  loss_final: 0.0677  loss_rgb: 0.1365  loss_geometry: 0.0848  correction_scale: 0.1000  loss_coarse: 0.0211  loss_region_consistency: 0.0001  loss_final_boundary: 0.0877  loss_boundary: 0.0463  loss_sdf: 0.0036  grad_norm: 1.9983
2026/09/23 13:43:26 - mmengine - INFO - Iter(train) [ 7600/40000]  base_lr: 5.1373e-04 lr: 5.1373e-05  eta: 5:06:26  time: 0.5660  data_time: 0.0167  memory: 6634  loss: 0.5201  loss_final: 0.1412  loss_rgb: 0.1230  loss_geometry: 0.1009  correction_scale: 0.1000  loss_coarse: 0.0421  loss_region_consistency: 0.0001  loss_final_boundary: 0.0689  loss_boundary: 0.0364  loss_sdf: 0.0076  grad_norm: 2.2906
2026/09/23 13:43:54 - mmengine - INFO - Iter(train) [ 7650/40000]  base_lr: 5.1302e-04 lr: 5.1302e-05  eta: 5:05:56  time: 0.5448  data_time: 0.0166  memory: 6634  loss: 0.3428  loss_final: 0.0409  loss_rgb: 0.0908  loss_geometry: 0.1148  correction_scale: 0.1000  loss_coarse: 0.0130  loss_region_consistency: 0.0001  loss_final_boundary: 0.0492  loss_boundary: 0.0311  loss_sdf: 0.0029  grad_norm: 2.2663
2026/09/23 13:44:22 - mmengine - INFO - Iter(train) [ 7700/40000]  base_lr: 5.1231e-04 lr: 5.1231e-05  eta: 5:05:25  time: 0.5528  data_time: 0.0163  memory: 6634  loss: 0.4626  loss_final: 0.0806  loss_rgb: 0.1264  loss_geometry: 0.1071  correction_scale: 0.1000  loss_coarse: 0.0246  loss_region_consistency: 0.0001  loss_final_boundary: 0.0785  loss_boundary: 0.0416  loss_sdf: 0.0038  grad_norm: 2.3908
2026/09/23 13:44:50 - mmengine - INFO - Iter(train) [ 7750/40000]  base_lr: 5.1159e-04 lr: 5.1159e-05  eta: 5:04:55  time: 0.5622  data_time: 0.0171  memory: 6634  loss: 0.5348  loss_final: 0.1182  loss_rgb: 0.1449  loss_geometry: 0.0924  correction_scale: 0.1000  loss_coarse: 0.0355  loss_region_consistency: 0.0001  loss_final_boundary: 0.0888  loss_boundary: 0.0478  loss_sdf: 0.0070  grad_norm: 2.3403
2026/09/23 13:45:18 - mmengine - INFO - Iter(train) [ 7800/40000]  base_lr: 5.1088e-04 lr: 5.1088e-05  eta: 5:04:26  time: 0.5708  data_time: 0.0151  memory: 6634  loss: 0.6229  loss_final: 0.1725  loss_rgb: 0.1435  loss_geometry: 0.0972  correction_scale: 0.1000  loss_coarse: 0.0512  loss_region_consistency: 0.0001  loss_final_boundary: 0.0988  loss_boundary: 0.0513  loss_sdf: 0.0084  grad_norm: 2.4287
2026/09/23 13:45:46 - mmengine - INFO - Iter(train) [ 7850/40000]  base_lr: 5.1016e-04 lr: 5.1016e-05  eta: 5:03:56  time: 0.5560  data_time: 0.0148  memory: 6634  loss: 0.6344  loss_final: 0.1740  loss_rgb: 0.1515  loss_geometry: 0.1237  correction_scale: 0.1000  loss_coarse: 0.0529  loss_region_consistency: 0.0001  loss_final_boundary: 0.0781  loss_boundary: 0.0466  loss_sdf: 0.0075  grad_norm: 1.9708
2026/09/23 13:46:15 - mmengine - INFO - Iter(train) [ 7900/40000]  base_lr: 5.0945e-04 lr: 5.0945e-05  eta: 5:03:27  time: 0.5660  data_time: 0.0158  memory: 6634  loss: 0.4958  loss_final: 0.0826  loss_rgb: 0.1287  loss_geometry: 0.1192  correction_scale: 0.1000  loss_coarse: 0.0257  loss_region_consistency: 0.0001  loss_final_boundary: 0.0887  loss_boundary: 0.0461  loss_sdf: 0.0048  grad_norm: 1.5791
2026/09/23 13:46:43 - mmengine - INFO - Iter(train) [ 7950/40000]  base_lr: 5.0874e-04 lr: 5.0874e-05  eta: 5:02:58  time: 0.5686  data_time: 0.0157  memory: 6634  loss: 0.5709  loss_final: 0.1153  loss_rgb: 0.1508  loss_geometry: 0.1128  correction_scale: 0.1000  loss_coarse: 0.0353  loss_region_consistency: 0.0001  loss_final_boundary: 0.0980  loss_boundary: 0.0520  loss_sdf: 0.0066  grad_norm: 1.5406
2026/09/23 13:47:11 - mmengine - INFO - Exp name: stage3_joint_20260923_120333
2026/09/23 13:47:11 - mmengine - INFO - Iter(train) [ 8000/40000]  base_lr: 5.0802e-04 lr: 5.0802e-05  eta: 5:02:28  time: 0.5686  data_time: 0.0177  memory: 6634  loss: 0.5612  loss_final: 0.1361  loss_rgb: 0.1378  loss_geometry: 0.1185  correction_scale: 0.1000  loss_coarse: 0.0411  loss_region_consistency: 0.0001  loss_final_boundary: 0.0787  loss_boundary: 0.0418  loss_sdf: 0.0071  grad_norm: 2.5935
2026/09/23 13:47:11 - mmengine - INFO - Saving checkpoint at 8000 iterations
2026/09/23 13:48:17 - mmengine - INFO - Iter(val) [ 50/304]    eta: 0:05:27  time: 1.2790  data_time: 0.0214  memory: 1189  
2026/09/23 13:49:46 - mmengine - INFO - Iter(val) [100/304]    eta: 0:05:13  time: 1.7410  data_time: 0.0217  memory: 1189  
2026/09/23 13:51:11 - mmengine - INFO - Iter(val) [150/304]    eta: 0:04:04  time: 1.6528  data_time: 0.0224  memory: 1189  
2026/09/23 13:52:33 - mmengine - INFO - Iter(val) [200/304]    eta: 0:02:46  time: 1.6370  data_time: 0.0217  memory: 1189  
2026/09/23 13:53:55 - mmengine - INFO - Iter(val) [250/304]    eta: 0:01:26  time: 1.6572  data_time: 0.0204  memory: 1189  
2026/09/23 13:55:17 - mmengine - INFO - Iter(val) [300/304]    eta: 0:00:06  time: 1.6589  data_time: 0.0217  memory: 1189  
2026/09/23 13:55:23 - mmengine - INFO - per class results:
2026/09/23 13:55:23 - mmengine - INFO - 
+------------------+-------+-------+-------+--------+-----------+--------+
|      Class       |  IoU  |  Acc  |  Dice | Fscore | Precision | Recall |
+------------------+-------+-------+-------+--------+-----------+--------+
|    background    | 97.49 |  98.4 | 98.73 | 98.73  |   99.05   |  98.4  |
| wastewater_plant | 75.61 | 89.32 | 86.11 | 86.11  |   83.12   | 89.32  |
+------------------+-------+-------+-------+--------+-----------+--------+
2026/09/23 13:55:23 - mmengine - INFO - Iter(val) [304/304]    aAcc: 97.6700  mIoU: 86.5500  mAcc: 93.8600  mDice: 92.4200  mFscore: 92.4200  mPrecision: 91.0900  mRecall: 93.8600  binary/Foreground_IoU: 75.6122  binary/Dice: 86.1127  binary/F1: 86.1127  binary/Precision: 83.1247  binary/Recall: 89.3235  binary/Boundary_F1: 15.0041  binary/BFScore: 15.0041  binary/Boundary_Precision: 12.5682  binary/Boundary_Recall: 18.6114  binary/Hausdorff_px: 380.4777  binary/HD95_px: 268.1545  binary/Hausdorff_m: 190.2388  binary/HD95_m: 134.0773  data_time: 0.0236  time: 1.6150
2026/09/23 13:55:23 - mmengine - INFO - The previous best checkpoint /workspace/work_dirs/rpgv_v2_paper_reuse/paper_reuse/seed_42/no_rgr/stage3_joint/best_binary_Foreground_IoU_iter_6000.pth is removed
2026/09/23 13:55:25 - mmengine - INFO - The best checkpoint with 75.6122 binary/Foreground_IoU at 8000 iter is saved to best_binary_Foreground_IoU_iter_8000.pth.
2026/09/23 13:55:56 - mmengine - INFO - Iter(train) [ 8050/40000]  base_lr: 5.0731e-04 lr: 5.0731e-05  eta: 5:02:17  time: 0.5652  data_time: 0.0158  memory: 6634  loss: 0.5797  loss_final: 0.1110  loss_rgb: 0.1631  loss_geometry: 0.1296  correction_scale: 0.1000  loss_coarse: 0.0343  loss_region_consistency: 0.0001  loss_final_boundary: 0.0886  loss_boundary: 0.0467  loss_sdf: 0.0063  grad_norm: 3.0074
2026/09/23 13:56:24 - mmengine - INFO - Iter(train) [ 8100/40000]  base_lr: 5.0659e-04 lr: 5.0659e-05  eta: 5:01:48  time: 0.5647  data_time: 0.0172  memory: 6634  loss: 0.4223  loss_final: 0.0615  loss_rgb: 0.1192  loss_geometry: 0.1143  correction_scale: 0.1000  loss_coarse: 0.0184  loss_region_consistency: 0.0001  loss_final_boundary: 0.0689  loss_boundary: 0.0366  loss_sdf: 0.0032  grad_norm: 4.1865
2026/09/23 13:56:52 - mmengine - INFO - Iter(train) [ 8150/40000]  base_lr: 5.0588e-04 lr: 5.0588e-05  eta: 5:01:18  time: 0.5598  data_time: 0.0181  memory: 6634  loss: 0.5465  loss_final: 0.1334  loss_rgb: 0.1302  loss_geometry: 0.1101  correction_scale: 0.1000  loss_coarse: 0.0402  loss_region_consistency: 0.0001  loss_final_boundary: 0.0788  loss_boundary: 0.0469  loss_sdf: 0.0068  grad_norm: 4.6334
2026/09/23 13:57:20 - mmengine - INFO - Iter(train) [ 8200/40000]  base_lr: 5.0516e-04 lr: 5.0516e-05  eta: 5:00:49  time: 0.5675  data_time: 0.0153  memory: 6634  loss: 0.4723  loss_final: 0.0716  loss_rgb: 0.1402  loss_geometry: 0.1140  correction_scale: 0.1000  loss_coarse: 0.0221  loss_region_consistency: 0.0001  loss_final_boundary: 0.0786  loss_boundary: 0.0420  loss_sdf: 0.0036  grad_norm: 2.4562
2026/09/23 13:57:48 - mmengine - INFO - Iter(train) [ 8250/40000]  base_lr: 5.0445e-04 lr: 5.0445e-05  eta: 5:00:19  time: 0.5539  data_time: 0.0173  memory: 6634  loss: 0.4076  loss_final: 0.0421  loss_rgb: 0.1228  loss_geometry: 0.1171  correction_scale: 0.1000  loss_coarse: 0.0134  loss_region_consistency: 0.0001  loss_final_boundary: 0.0683  loss_boundary: 0.0415  loss_sdf: 0.0023  grad_norm: 1.8263
2026/09/23 13:58:16 - mmengine - INFO - Iter(train) [ 8300/40000]  base_lr: 5.0373e-04 lr: 5.0373e-05  eta: 4:59:49  time: 0.5535  data_time: 0.0156  memory: 6634  loss: 0.4310  loss_final: 0.0799  loss_rgb: 0.1042  loss_geometry: 0.1135  correction_scale: 0.1000  loss_coarse: 0.0247  loss_region_consistency: 0.0001  loss_final_boundary: 0.0690  loss_boundary: 0.0364  loss_sdf: 0.0033  grad_norm: 2.5810
2026/09/23 13:58:45 - mmengine - INFO - Iter(train) [ 8350/40000]  base_lr: 5.0302e-04 lr: 5.0302e-05  eta: 4:59:20  time: 0.5578  data_time: 0.0158  memory: 6634  loss: 0.5487  loss_final: 0.1040  loss_rgb: 0.1506  loss_geometry: 0.1182  correction_scale: 0.1000  loss_coarse: 0.0318  loss_region_consistency: 0.0001  loss_final_boundary: 0.0885  loss_boundary: 0.0508  loss_sdf: 0.0049  grad_norm: 2.8031
2026/09/23 13:59:13 - mmengine - INFO - Iter(train) [ 8400/40000]  base_lr: 5.0230e-04 lr: 5.0230e-05  eta: 4:58:50  time: 0.5734  data_time: 0.0149  memory: 6634  loss: 0.5198  loss_final: 0.0905  loss_rgb: 0.1490  loss_geometry: 0.1128  correction_scale: 0.1000  loss_coarse: 0.0269  loss_region_consistency: 0.0001  loss_final_boundary: 0.0887  loss_boundary: 0.0475  loss_sdf: 0.0043  grad_norm: 3.4687
2026/09/23 13:59:41 - mmengine - INFO - Iter(train) [ 8450/40000]  base_lr: 5.0159e-04 lr: 5.0159e-05  eta: 4:58:20  time: 0.5621  data_time: 0.0156  memory: 6634  loss: 0.5303  loss_final: 0.1204  loss_rgb: 0.1343  loss_geometry: 0.1011  correction_scale: 0.1000  loss_coarse: 0.0359  loss_region_consistency: 0.0001  loss_final_boundary: 0.0883  loss_boundary: 0.0457  loss_sdf: 0.0046  grad_norm: 2.1637
2026/09/23 14:00:09 - mmengine - INFO - Iter(train) [ 8500/40000]  base_lr: 5.0087e-04 lr: 5.0087e-05  eta: 4:57:51  time: 0.5621  data_time: 0.0171  memory: 6634  loss: 0.4852  loss_final: 0.0704  loss_rgb: 0.1484  loss_geometry: 0.1057  correction_scale: 0.1000  loss_coarse: 0.0219  loss_region_consistency: 0.0001  loss_final_boundary: 0.0882  loss_boundary: 0.0466  loss_sdf: 0.0038  grad_norm: 2.0997
2026/09/23 14:00:37 - mmengine - INFO - Iter(train) [ 8550/40000]  base_lr: 5.0016e-04 lr: 5.0016e-05  eta: 4:57:22  time: 0.5589  data_time: 0.0153  memory: 6634  loss: 0.5019  loss_final: 0.0975  loss_rgb: 0.1279  loss_geometry: 0.1184  correction_scale: 0.1000  loss_coarse: 0.0298  loss_region_consistency: 0.0001  loss_final_boundary: 0.0790  loss_boundary: 0.0420  loss_sdf: 0.0072  grad_norm: 1.8917
2026/09/23 14:01:05 - mmengine - INFO - Iter(train) [ 8600/40000]  base_lr: 4.9944e-04 lr: 4.9944e-05  eta: 4:56:53  time: 0.5633  data_time: 0.0149  memory: 6634  loss: 0.4584  loss_final: 0.0764  loss_rgb: 0.1206  loss_geometry: 0.1141  correction_scale: 0.1000  loss_coarse: 0.0232  loss_region_consistency: 0.0001  loss_final_boundary: 0.0786  loss_boundary: 0.0416  loss_sdf: 0.0038  grad_norm: 1.4762
2026/09/23 14:01:33 - mmengine - INFO - Iter(train) [ 8650/40000]  base_lr: 4.9872e-04 lr: 4.9872e-05  eta: 4:56:23  time: 0.5551  data_time: 0.0151  memory: 6634  loss: 0.4451  loss_final: 0.0989  loss_rgb: 0.1071  loss_geometry: 0.0986  correction_scale: 0.1000  loss_coarse: 0.0293  loss_region_consistency: 0.0001  loss_final_boundary: 0.0689  loss_boundary: 0.0365  loss_sdf: 0.0057  grad_norm: 1.5377
2026/09/23 14:02:01 - mmengine - INFO - Iter(train) [ 8700/40000]  base_lr: 4.9801e-04 lr: 4.9801e-05  eta: 4:55:52  time: 0.5518  data_time: 0.0151  memory: 6634  loss: 0.5792  loss_final: 0.1554  loss_rgb: 0.1344  loss_geometry: 0.1246  correction_scale: 0.1000  loss_coarse: 0.0463  loss_region_consistency: 0.0001  loss_final_boundary: 0.0692  loss_boundary: 0.0421  loss_sdf: 0.0071  grad_norm: 2.0058
2026/09/23 14:02:29 - mmengine - INFO - Iter(train) [ 8750/40000]  base_lr: 4.9729e-04 lr: 4.9729e-05  eta: 4:55:23  time: 0.5501  data_time: 0.0158  memory: 6634  loss: 0.4389  loss_final: 0.0779  loss_rgb: 0.1163  loss_geometry: 0.0964  correction_scale: 0.1000  loss_coarse: 0.0243  loss_region_consistency: 0.0001  loss_final_boundary: 0.0786  loss_boundary: 0.0417  loss_sdf: 0.0036  grad_norm: 2.0177
2026/09/23 14:02:57 - mmengine - INFO - Iter(train) [ 8800/40000]  base_lr: 4.9658e-04 lr: 4.9658e-05  eta: 4:54:53  time: 0.5685  data_time: 0.0156  memory: 6634  loss: 0.4946  loss_final: 0.1128  loss_rgb: 0.1164  loss_geometry: 0.1068  correction_scale: 0.1000  loss_coarse: 0.0355  loss_region_consistency: 0.0001  loss_final_boundary: 0.0786  loss_boundary: 0.0407  loss_sdf: 0.0037  grad_norm: 1.8809
2026/09/23 14:03:25 - mmengine - INFO - Iter(train) [ 8850/40000]  base_lr: 4.9586e-04 lr: 4.9586e-05  eta: 4:54:24  time: 0.5472  data_time: 0.0174  memory: 6634  loss: 0.2953  loss_final: 0.0292  loss_rgb: 0.0773  loss_geometry: 0.1052  correction_scale: 0.1000  loss_coarse: 0.0089  loss_region_consistency: 0.0000  loss_final_boundary: 0.0484  loss_boundary: 0.0252  loss_sdf: 0.0011  grad_norm: 2.1109
2026/09/23 14:03:53 - mmengine - INFO - Iter(train) [ 8900/40000]  base_lr: 4.9514e-04 lr: 4.9514e-05  eta: 4:53:55  time: 0.5588  data_time: 0.0149  memory: 6634  loss: 0.4963  loss_final: 0.0960  loss_rgb: 0.1326  loss_geometry: 0.0987  correction_scale: 0.1000  loss_coarse: 0.0290  loss_region_consistency: 0.0001  loss_final_boundary: 0.0884  loss_boundary: 0.0463  loss_sdf: 0.0050  grad_norm: 2.2066
2026/09/23 14:04:21 - mmengine - INFO - Iter(train) [ 8950/40000]  base_lr: 4.9443e-04 lr: 4.9443e-05  eta: 4:53:26  time: 0.5635  data_time: 0.0166  memory: 6634  loss: 0.4770  loss_final: 0.0625  loss_rgb: 0.1389  loss_geometry: 0.1165  correction_scale: 0.1000  loss_coarse: 0.0200  loss_region_consistency: 0.0001  loss_final_boundary: 0.0883  loss_boundary: 0.0469  loss_sdf: 0.0038  grad_norm: 1.7954
2026/09/23 14:04:50 - mmengine - INFO - Exp name: stage3_joint_20260923_120333
2026/09/23 14:04:50 - mmengine - INFO - Iter(train) [ 9000/40000]  base_lr: 4.9371e-04 lr: 4.9371e-05  eta: 4:52:58  time: 0.5629  data_time: 0.0150  memory: 6634  loss: 0.4256  loss_final: 0.0832  loss_rgb: 0.1122  loss_geometry: 0.0955  correction_scale: 0.1000  loss_coarse: 0.0245  loss_region_consistency: 0.0001  loss_final_boundary: 0.0690  loss_boundary: 0.0364  loss_sdf: 0.0048  grad_norm: 2.3722
2026/09/23 14:05:18 - mmengine - INFO - Iter(train) [ 9050/40000]  base_lr: 4.9299e-04 lr: 4.9299e-05  eta: 4:52:28  time: 0.5526  data_time: 0.0151  memory: 6634  loss: 0.5542  loss_final: 0.1229  loss_rgb: 0.1488  loss_geometry: 0.1050  correction_scale: 0.1000  loss_coarse: 0.0377  loss_region_consistency: 0.0001  loss_final_boundary: 0.0876  loss_boundary: 0.0459  loss_sdf: 0.0061  grad_norm: 2.3273
2026/09/23 14:05:46 - mmengine - INFO - Iter(train) [ 9100/40000]  base_lr: 4.9228e-04 lr: 4.9228e-05  eta: 4:51:59  time: 0.5680  data_time: 0.0177  memory: 6634  loss: 0.6155  loss_final: 0.1629  loss_rgb: 0.1574  loss_geometry: 0.1016  correction_scale: 0.1000  loss_coarse: 0.0495  loss_region_consistency: 0.0001  loss_final_boundary: 0.0885  loss_boundary: 0.0472  loss_sdf: 0.0082  grad_norm: 2.3045
2026/09/23 14:06:14 - mmengine - INFO - Iter(train) [ 9150/40000]  base_lr: 4.9156e-04 lr: 4.9156e-05  eta: 4:51:29  time: 0.5588  data_time: 0.0159  memory: 6634  loss: 0.4454  loss_final: 0.0682  loss_rgb: 0.1230  loss_geometry: 0.0945  correction_scale: 0.1000  loss_coarse: 0.0217  loss_region_consistency: 0.0001  loss_final_boundary: 0.0878  loss_boundary: 0.0465  loss_sdf: 0.0037  grad_norm: 2.5963
2026/09/23 14:06:42 - mmengine - INFO - Iter(train) [ 9200/40000]  base_lr: 4.9084e-04 lr: 4.9084e-05  eta: 4:51:01  time: 0.5788  data_time: 0.0168  memory: 6634  loss: 0.5495  loss_final: 0.1207  loss_rgb: 0.1368  loss_geometry: 0.1132  correction_scale: 0.1000  loss_coarse: 0.0369  loss_region_consistency: 0.0001  loss_final_boundary: 0.0886  loss_boundary: 0.0467  loss_sdf: 0.0067  grad_norm: 2.3064
2026/09/23 14:07:10 - mmengine - INFO - Iter(train) [ 9250/40000]  base_lr: 4.9013e-04 lr: 4.9013e-05  eta: 4:50:33  time: 0.5725  data_time: 0.0159  memory: 6634  loss: 0.5615  loss_final: 0.1249  loss_rgb: 0.1440  loss_geometry: 0.1081  correction_scale: 0.1000  loss_coarse: 0.0373  loss_region_consistency: 0.0001  loss_final_boundary: 0.0891  loss_boundary: 0.0499  loss_sdf: 0.0081  grad_norm: 2.8029
2026/09/23 14:07:39 - mmengine - INFO - Iter(train) [ 9300/40000]  base_lr: 4.8941e-04 lr: 4.8941e-05  eta: 4:50:06  time: 0.5602  data_time: 0.0180  memory: 6634  loss: 0.4407  loss_final: 0.0900  loss_rgb: 0.0963  loss_geometry: 0.1166  correction_scale: 0.1000  loss_coarse: 0.0268  loss_region_consistency: 0.0001  loss_final_boundary: 0.0691  loss_boundary: 0.0369  loss_sdf: 0.0050  grad_norm: 3.0368
2026/09/23 14:08:07 - mmengine - INFO - Iter(train) [ 9350/40000]  base_lr: 4.8869e-04 lr: 4.8869e-05  eta: 4:49:37  time: 0.5614  data_time: 0.0177  memory: 6634  loss: 0.4583  loss_final: 0.0714  loss_rgb: 0.1350  loss_geometry: 0.1061  correction_scale: 0.1000  loss_coarse: 0.0231  loss_region_consistency: 0.0001  loss_final_boundary: 0.0781  loss_boundary: 0.0409  loss_sdf: 0.0035  grad_norm: 2.5384
2026/09/23 14:08:35 - mmengine - INFO - Iter(train) [ 9400/40000]  base_lr: 4.8797e-04 lr: 4.8797e-05  eta: 4:49:07  time: 0.5677  data_time: 0.0182  memory: 6634  loss: 0.4420  loss_final: 0.0948  loss_rgb: 0.1124  loss_geometry: 0.0962  correction_scale: 0.1000  loss_coarse: 0.0284  loss_region_consistency: 0.0001  loss_final_boundary: 0.0686  loss_boundary: 0.0363  loss_sdf: 0.0052  grad_norm: 2.4950
2026/09/23 14:09:03 - mmengine - INFO - Iter(train) [ 9450/40000]  base_lr: 4.8726e-04 lr: 4.8726e-05  eta: 4:48:37  time: 0.5468  data_time: 0.0155  memory: 6634  loss: 0.3888  loss_final: 0.0564  loss_rgb: 0.0947  loss_geometry: 0.1274  correction_scale: 0.1000  loss_coarse: 0.0169  loss_region_consistency: 0.0001  loss_final_boundary: 0.0589  loss_boundary: 0.0316  loss_sdf: 0.0029  grad_norm: 2.4822
2026/09/23 14:09:31 - mmengine - INFO - Iter(train) [ 9500/40000]  base_lr: 4.8654e-04 lr: 4.8654e-05  eta: 4:48:08  time: 0.5595  data_time: 0.0169  memory: 6634  loss: 0.5904  loss_final: 0.1451  loss_rgb: 0.1349  loss_geometry: 0.1225  correction_scale: 0.1000  loss_coarse: 0.0416  loss_region_consistency: 0.0001  loss_final_boundary: 0.0889  loss_boundary: 0.0469  loss_sdf: 0.0104  grad_norm: 2.1020
2026/09/23 14:09:59 - mmengine - INFO - Iter(train) [ 9550/40000]  base_lr: 4.8582e-04 lr: 4.8582e-05  eta: 4:47:39  time: 0.5579  data_time: 0.0147  memory: 6634  loss: 0.4432  loss_final: 0.0649  loss_rgb: 0.1304  loss_geometry: 0.1061  correction_scale: 0.1000  loss_coarse: 0.0199  loss_region_consistency: 0.0001  loss_final_boundary: 0.0782  loss_boundary: 0.0408  loss_sdf: 0.0027  grad_norm: 2.4700
2026/09/23 14:10:27 - mmengine - INFO - Iter(train) [ 9600/40000]  base_lr: 4.8510e-04 lr: 4.8510e-05  eta: 4:47:09  time: 0.5725  data_time: 0.0160  memory: 6634  loss: 0.5660  loss_final: 0.1436  loss_rgb: 0.1328  loss_geometry: 0.1035  correction_scale: 0.1000  loss_coarse: 0.0427  loss_region_consistency: 0.0001  loss_final_boundary: 0.0881  loss_boundary: 0.0471  loss_sdf: 0.0081  grad_norm: 3.0638
2026/09/23 14:10:55 - mmengine - INFO - Iter(train) [ 9650/40000]  base_lr: 4.8438e-04 lr: 4.8438e-05  eta: 4:46:40  time: 0.5587  data_time: 0.0158  memory: 6634  loss: 0.4492  loss_final: 0.0809  loss_rgb: 0.1099  loss_geometry: 0.0967  correction_scale: 0.1000  loss_coarse: 0.0243  loss_region_consistency: 0.0001  loss_final_boundary: 0.0881  loss_boundary: 0.0459  loss_sdf: 0.0032  grad_norm: 1.9737
2026/09/23 14:11:23 - mmengine - INFO - Iter(train) [ 9700/40000]  base_lr: 4.8367e-04 lr: 4.8367e-05  eta: 4:46:10  time: 0.5518  data_time: 0.0169  memory: 6634  loss: 0.4911  loss_final: 0.0951  loss_rgb: 0.1253  loss_geometry: 0.1165  correction_scale: 0.1000  loss_coarse: 0.0290  loss_region_consistency: 0.0001  loss_final_boundary: 0.0787  loss_boundary: 0.0415  loss_sdf: 0.0048  grad_norm: 1.4817
2026/09/23 14:11:51 - mmengine - INFO - Iter(train) [ 9750/40000]  base_lr: 4.8295e-04 lr: 4.8295e-05  eta: 4:45:41  time: 0.5627  data_time: 0.0152  memory: 6634  loss: 0.4879  loss_final: 0.0856  loss_rgb: 0.1261  loss_geometry: 0.1092  correction_scale: 0.1000  loss_coarse: 0.0258  loss_region_consistency: 0.0001  loss_final_boundary: 0.0885  loss_boundary: 0.0469  loss_sdf: 0.0056  grad_norm: 2.1555
2026/09/23 14:12:20 - mmengine - INFO - Iter(train) [ 9800/40000]  base_lr: 4.8223e-04 lr: 4.8223e-05  eta: 4:45:13  time: 0.5791  data_time: 0.0160  memory: 6634  loss: 0.4730  loss_final: 0.0758  loss_rgb: 0.1178  loss_geometry: 0.1030  correction_scale: 0.1000  loss_coarse: 0.0238  loss_region_consistency: 0.0001  loss_final_boundary: 0.0977  loss_boundary: 0.0504  loss_sdf: 0.0043  grad_norm: 2.2362
2026/09/23 14:12:48 - mmengine - INFO - Iter(train) [ 9850/40000]  base_lr: 4.8151e-04 lr: 4.8151e-05  eta: 4:44:44  time: 0.5617  data_time: 0.0169  memory: 6634  loss: 0.4979  loss_final: 0.1049  loss_rgb: 0.1216  loss_geometry: 0.1151  correction_scale: 0.1000  loss_coarse: 0.0326  loss_region_consistency: 0.0001  loss_final_boundary: 0.0788  loss_boundary: 0.0407  loss_sdf: 0.0041  grad_norm: 2.0641
2026/09/23 14:13:16 - mmengine - INFO - Iter(train) [ 9900/40000]  base_lr: 4.8079e-04 lr: 4.8079e-05  eta: 4:44:15  time: 0.5575  data_time: 0.0157  memory: 6634  loss: 0.4625  loss_final: 0.0826  loss_rgb: 0.1283  loss_geometry: 0.1030  correction_scale: 0.1000  loss_coarse: 0.0251  loss_region_consistency: 0.0001  loss_final_boundary: 0.0781  loss_boundary: 0.0412  loss_sdf: 0.0040  grad_norm: 1.7162
2026/09/23 14:13:44 - mmengine - INFO - Iter(train) [ 9950/40000]  base_lr: 4.8007e-04 lr: 4.8007e-05  eta: 4:43:46  time: 0.5663  data_time: 0.0176  memory: 6634  loss: 0.5495  loss_final: 0.1165  loss_rgb: 0.1356  loss_geometry: 0.1205  correction_scale: 0.1000  loss_coarse: 0.0343  loss_region_consistency: 0.0001  loss_final_boundary: 0.0883  loss_boundary: 0.0467  loss_sdf: 0.0075  grad_norm: 1.5863
2026/09/23 14:14:12 - mmengine - INFO - Exp name: stage3_joint_20260923_120333
2026/09/23 14:14:12 - mmengine - INFO - Iter(train) [10000/40000]  base_lr: 4.7935e-04 lr: 4.7935e-05  eta: 4:43:18  time: 0.5751  data_time: 0.0163  memory: 6634  loss: 0.5533  loss_final: 0.1186  loss_rgb: 0.1380  loss_geometry: 0.1181  correction_scale: 0.1000  loss_coarse: 0.0360  loss_region_consistency: 0.0001  loss_final_boundary: 0.0885  loss_boundary: 0.0469  loss_sdf: 0.0069  grad_norm: 1.8131
2026/09/23 14:14:12 - mmengine - INFO - Saving checkpoint at 10000 iterations
2026/09/23 14:15:18 - mmengine - INFO - Iter(val) [ 50/304]    eta: 0:05:24  time: 1.2695  data_time: 0.0188  memory: 1189  
2026/09/23 14:16:45 - mmengine - INFO - Iter(val) [100/304]    eta: 0:05:07  time: 1.6888  data_time: 0.0196  memory: 1189  
2026/09/23 14:18:08 - mmengine - INFO - Iter(val) [150/304]    eta: 0:04:00  time: 1.6507  data_time: 0.0213  memory: 1189  
2026/09/23 14:19:30 - mmengine - INFO - Iter(val) [200/304]    eta: 0:02:44  time: 1.6390  data_time: 0.0219  memory: 1189  
2026/09/23 14:20:52 - mmengine - INFO - Iter(val) [250/304]    eta: 0:01:25  time: 1.6321  data_time: 0.0203  memory: 1189  
2026/09/23 14:22:12 - mmengine - INFO - Iter(val) [300/304]    eta: 0:00:06  time: 1.6087  data_time: 0.0208  memory: 1189  
2026/09/23 14:22:19 - mmengine - INFO - per class results:
2026/09/23 14:22:19 - mmengine - INFO - 
+------------------+-------+-------+-------+--------+-----------+--------+
|      Class       |  IoU  |  Acc  |  Dice | Fscore | Precision | Recall |
+------------------+-------+-------+-------+--------+-----------+--------+
|    background    | 97.41 | 98.28 | 98.69 | 98.69  |   99.11   | 98.28  |
| wastewater_plant | 75.22 | 89.96 | 85.86 | 85.86  |   82.12   | 89.96  |
+------------------+-------+-------+-------+--------+-----------+--------+
2026/09/23 14:22:19 - mmengine - INFO - Iter(val) [304/304]    aAcc: 97.6000  mIoU: 86.3200  mAcc: 94.1200  mDice: 92.2800  mFscore: 92.2800  mPrecision: 90.6200  mRecall: 94.1200  binary/Foreground_IoU: 75.2247  binary/Dice: 85.8609  binary/F1: 85.8609  binary/Precision: 82.1229  binary/Recall: 89.9554  binary/Boundary_F1: 15.3856  binary/BFScore: 15.3856  binary/Boundary_Precision: 12.5600  binary/Boundary_Recall: 19.8517  binary/Hausdorff_px: 441.2079  binary/HD95_px: 329.9500  binary/Hausdorff_m: 220.6039  binary/HD95_m: 164.9750  data_time: 0.0221  time: 1.5946
2026/09/23 14:22:47 - mmengine - INFO - Iter(train) [10050/40000]  base_lr: 4.7863e-04 lr: 4.7863e-05  eta: 4:42:49  time: 0.5583  data_time: 0.0155  memory: 6634  loss: 0.4563  loss_final: 0.1206  loss_rgb: 0.0968  loss_geometry: 0.1004  correction_scale: 0.1000  loss_coarse: 0.0299  loss_region_consistency: 0.0001  loss_final_boundary: 0.0687  loss_boundary: 0.0357  loss_sdf: 0.0041  grad_norm: 3.3963
2026/09/23 14:23:15 - mmengine - INFO - Iter(train) [10100/40000]  base_lr: 4.7792e-04 lr: 4.7792e-05  eta: 4:42:20  time: 0.5484  data_time: 0.0165  memory: 6634  loss: 0.3675  loss_final: 0.0856  loss_rgb: 0.0803  loss_geometry: 0.0938  correction_scale: 0.1000  loss_coarse: 0.0169  loss_region_consistency: 0.0001  loss_final_boundary: 0.0585  loss_boundary: 0.0301  loss_sdf: 0.0022  grad_norm: 4.0505
2026/09/23 14:23:43 - mmengine - INFO - Iter(train) [10150/40000]  base_lr: 4.7720e-04 lr: 4.7720e-05  eta: 4:41:51  time: 0.5629  data_time: 0.0161  memory: 6634  loss: 0.5510  loss_final: 0.1108  loss_rgb: 0.1437  loss_geometry: 0.1210  correction_scale: 0.1000  loss_coarse: 0.0335  loss_region_consistency: 0.0001  loss_final_boundary: 0.0889  loss_boundary: 0.0474  loss_sdf: 0.0057  grad_norm: 2.9208
2026/09/23 14:24:11 - mmengine - INFO - Iter(train) [10200/40000]  base_lr: 4.7648e-04 lr: 4.7648e-05  eta: 4:41:22  time: 0.5693  data_time: 0.0163  memory: 6634  loss: 0.4221  loss_final: 0.0550  loss_rgb: 0.1287  loss_geometry: 0.0995  correction_scale: 0.1000  loss_coarse: 0.0170  loss_region_consistency: 0.0001  loss_final_boundary: 0.0781  loss_boundary: 0.0408  loss_sdf: 0.0030  grad_norm: 3.5939
2026/09/23 14:24:39 - mmengine - INFO - Iter(train) [10250/40000]  base_lr: 4.7576e-04 lr: 4.7576e-05  eta: 4:40:53  time: 0.5617  data_time: 0.0157  memory: 6634  loss: 0.4685  loss_final: 0.0692  loss_rgb: 0.1370  loss_geometry: 0.1019  correction_scale: 0.1000  loss_coarse: 0.0218  loss_region_consistency: 0.0001  loss_final_boundary: 0.0883  loss_boundary: 0.0462  loss_sdf: 0.0041  grad_norm: 3.9518
2026/09/23 14:25:07 - mmengine - INFO - Iter(train) [10300/40000]  base_lr: 4.7504e-04 lr: 4.7504e-05  eta: 4:40:24  time: 0.5556  data_time: 0.0151  memory: 6634  loss: 0.4388  loss_final: 0.0787  loss_rgb: 0.1100  loss_geometry: 0.1036  correction_scale: 0.1000  loss_coarse: 0.0237  loss_region_consistency: 0.0001  loss_final_boundary: 0.0783  loss_boundary: 0.0408  loss_sdf: 0.0035  grad_norm: 2.5999
2026/09/23 14:25:36 - mmengine - INFO - Iter(train) [10350/40000]  base_lr: 4.7432e-04 lr: 4.7432e-05  eta: 4:39:55  time: 0.5567  data_time: 0.0151  memory: 6634  loss: 0.4245  loss_final: 0.0613  loss_rgb: 0.1288  loss_geometry: 0.1071  correction_scale: 0.1000  loss_coarse: 0.0188  loss_region_consistency: 0.0001  loss_final_boundary: 0.0689  loss_boundary: 0.0371  loss_sdf: 0.0025  grad_norm: 2.3862
2026/09/23 14:26:04 - mmengine - INFO - Iter(train) [10400/40000]  base_lr: 4.7360e-04 lr: 4.7360e-05  eta: 4:39:27  time: 0.5761  data_time: 0.0157  memory: 6634  loss: 0.5428  loss_final: 0.0996  loss_rgb: 0.1582  loss_geometry: 0.0999  correction_scale: 0.1000  loss_coarse: 0.0305  loss_region_consistency: 0.0001  loss_final_boundary: 0.0980  loss_boundary: 0.0514  loss_sdf: 0.0052  grad_norm: 2.3427
2026/09/23 14:26:32 - mmengine - INFO - Iter(train) [10450/40000]  base_lr: 4.7288e-04 lr: 4.7288e-05  eta: 4:38:58  time: 0.5608  data_time: 0.0166  memory: 6634  loss: 0.5199  loss_final: 0.0936  loss_rgb: 0.1473  loss_geometry: 0.1110  correction_scale: 0.1000  loss_coarse: 0.0286  loss_region_consistency: 0.0001  loss_final_boundary: 0.0881  loss_boundary: 0.0464  loss_sdf: 0.0048  grad_norm: 2.5767
2026/09/23 14:27:00 - mmengine - INFO - Iter(train) [10500/40000]  base_lr: 4.7216e-04 lr: 4.7216e-05  eta: 4:38:28  time: 0.5621  data_time: 0.0162  memory: 6634  loss: 0.5374  loss_final: 0.1209  loss_rgb: 0.1428  loss_geometry: 0.0959  correction_scale: 0.1000  loss_coarse: 0.0363  loss_region_consistency: 0.0001  loss_final_boundary: 0.0883  loss_boundary: 0.0474  loss_sdf: 0.0056  grad_norm: 1.8509
2026/09/23 14:27:28 - mmengine - INFO - Iter(train) [10550/40000]  base_lr: 4.7144e-04 lr: 4.7144e-05  eta: 4:37:59  time: 0.5579  data_time: 0.0167  memory: 6634  loss: 0.4613  loss_final: 0.0772  loss_rgb: 0.1354  loss_geometry: 0.1019  correction_scale: 0.1000  loss_coarse: 0.0234  loss_region_consistency: 0.0001  loss_final_boundary: 0.0783  loss_boundary: 0.0414  loss_sdf: 0.0037  grad_norm: 1.9935
2026/09/23 14:27:56 - mmengine - INFO - Iter(train) [10600/40000]  base_lr: 4.7072e-04 lr: 4.7072e-05  eta: 4:37:30  time: 0.5695  data_time: 0.0149  memory: 6634  loss: 0.4949  loss_final: 0.1053  loss_rgb: 0.1180  loss_geometry: 0.1132  correction_scale: 0.1000  loss_coarse: 0.0325  loss_region_consistency: 0.0001  loss_final_boundary: 0.0789  loss_boundary: 0.0414  loss_sdf: 0.0055  grad_norm: 2.2863
2026/09/23 14:28:24 - mmengine - INFO - Iter(train) [10650/40000]  base_lr: 4.7000e-04 lr: 4.7000e-05  eta: 4:37:01  time: 0.5561  data_time: 0.0163  memory: 6634  loss: 0.4623  loss_final: 0.0927  loss_rgb: 0.1163  loss_geometry: 0.1146  correction_scale: 0.1000  loss_coarse: 0.0286  loss_region_consistency: 0.0001  loss_final_boundary: 0.0690  loss_boundary: 0.0368  loss_sdf: 0.0041  grad_norm: 1.4443
2026/09/23 14:28:52 - mmengine - INFO - Iter(train) [10700/40000]  base_lr: 4.6928e-04 lr: 4.6928e-05  eta: 4:36:31  time: 0.5646  data_time: 0.0166  memory: 6634  loss: 0.4873  loss_final: 0.0838  loss_rgb: 0.1382  loss_geometry: 0.1018  correction_scale: 0.1000  loss_coarse: 0.0254  loss_region_consistency: 0.0001  loss_final_boundary: 0.0880  loss_boundary: 0.0464  loss_sdf: 0.0035  grad_norm: 1.6139
2026/09/23 14:29:20 - mmengine - INFO - Iter(train) [10750/40000]  base_lr: 4.6855e-04 lr: 4.6855e-05  eta: 4:36:03  time: 0.5628  data_time: 0.0167  memory: 6634  loss: 0.4613  loss_final: 0.0728  loss_rgb: 0.1343  loss_geometry: 0.0923  correction_scale: 0.1000  loss_coarse: 0.0221  loss_region_consistency: 0.0001  loss_final_boundary: 0.0884  loss_boundary: 0.0471  loss_sdf: 0.0041  grad_norm: 1.9546
2026/09/23 14:29:48 - mmengine - INFO - Iter(train) [10800/40000]  base_lr: 4.6783e-04 lr: 4.6783e-05  eta: 4:35:34  time: 0.5705  data_time: 0.0173  memory: 6634  loss: 0.5501  loss_final: 0.1514  loss_rgb: 0.1258  loss_geometry: 0.1169  correction_scale: 0.1000  loss_coarse: 0.0451  loss_region_consistency: 0.0001  loss_final_boundary: 0.0693  loss_boundary: 0.0366  loss_sdf: 0.0050  grad_norm: 1.8868
2026/09/23 14:30:16 - mmengine - INFO - Iter(train) [10850/40000]  base_lr: 4.6711e-04 lr: 4.6711e-05  eta: 4:35:06  time: 0.5652  data_time: 0.0153  memory: 6634  loss: 0.4712  loss_final: 0.0783  loss_rgb: 0.1259  loss_geometry: 0.0890  correction_scale: 0.1000  loss_coarse: 0.0251  loss_region_consistency: 0.0001  loss_final_boundary: 0.0982  loss_boundary: 0.0515  loss_sdf: 0.0031  grad_norm: 2.0132
2026/09/23 14:30:44 - mmengine - INFO - Iter(train) [10900/40000]  base_lr: 4.6639e-04 lr: 4.6639e-05  eta: 4:34:37  time: 0.5554  data_time: 0.0169  memory: 6634  loss: 0.6411  loss_final: 0.1769  loss_rgb: 0.1436  loss_geometry: 0.1267  correction_scale: 0.1000  loss_coarse: 0.0508  loss_region_consistency: 0.0001  loss_final_boundary: 0.0885  loss_boundary: 0.0461  loss_sdf: 0.0083  grad_norm: 2.0478
2026/09/23 14:31:12 - mmengine - INFO - Iter(train) [10950/40000]  base_lr: 4.6567e-04 lr: 4.6567e-05  eta: 4:34:07  time: 0.5624  data_time: 0.0161  memory: 6634  loss: 0.4991  loss_final: 0.0974  loss_rgb: 0.1258  loss_geometry: 0.1027  correction_scale: 0.1000  loss_coarse: 0.0296  loss_region_consistency: 0.0001  loss_final_boundary: 0.0881  loss_boundary: 0.0508  loss_sdf: 0.0045  grad_norm: 1.5604
2026/09/23 14:31:40 - mmengine - INFO - Exp name: stage3_joint_20260923_120333
2026/09/23 14:31:40 - mmengine - INFO - Iter(train) [11000/40000]  base_lr: 4.6495e-04 lr: 4.6495e-05  eta: 4:33:38  time: 0.5633  data_time: 0.0164  memory: 6634  loss: 0.4596  loss_final: 0.0829  loss_rgb: 0.1244  loss_geometry: 0.1178  correction_scale: 0.1000  loss_coarse: 0.0257  loss_region_consistency: 0.0001  loss_final_boundary: 0.0688  loss_boundary: 0.0364  loss_sdf: 0.0035  grad_norm: 1.8135
2026/09/23 14:32:09 - mmengine - INFO - Iter(train) [11050/40000]  base_lr: 4.6423e-04 lr: 4.6423e-05  eta: 4:33:10  time: 0.5782  data_time: 0.0167  memory: 6634  loss: 0.5890  loss_final: 0.1322  loss_rgb: 0.1516  loss_geometry: 0.1098  correction_scale: 0.1000  loss_coarse: 0.0372  loss_region_consistency: 0.0001  loss_final_boundary: 0.0981  loss_boundary: 0.0514  loss_sdf: 0.0087  grad_norm: 1.7783
2026/09/23 14:32:37 - mmengine - INFO - Iter(train) [11100/40000]  base_lr: 4.6351e-04 lr: 4.6351e-05  eta: 4:32:40  time: 0.5519  data_time: 0.0154  memory: 6634  loss: 0.4298  loss_final: 0.0653  loss_rgb: 0.1153  loss_geometry: 0.1201  correction_scale: 0.1000  loss_coarse: 0.0207  loss_region_consistency: 0.0001  loss_final_boundary: 0.0687  loss_boundary: 0.0363  loss_sdf: 0.0032  grad_norm: 1.9417
2026/09/23 14:33:05 - mmengine - INFO - Iter(train) [11150/40000]  base_lr: 4.6278e-04 lr: 4.6278e-05  eta: 4:32:11  time: 0.5591  data_time: 0.0155  memory: 6634  loss: 0.6660  loss_final: 0.2105  loss_rgb: 0.1533  loss_geometry: 0.1119  correction_scale: 0.1000  loss_coarse: 0.0628  loss_region_consistency: 0.0001  loss_final_boundary: 0.0794  loss_boundary: 0.0415  loss_sdf: 0.0064  grad_norm: 1.6620
2026/09/23 14:33:33 - mmengine - INFO - Iter(train) [11200/40000]  base_lr: 4.6206e-04 lr: 4.6206e-05  eta: 4:31:42  time: 0.5702  data_time: 0.0176  memory: 6634  loss: 0.5767  loss_final: 0.1221  loss_rgb: 0.1467  loss_geometry: 0.1279  correction_scale: 0.1000  loss_coarse: 0.0380  loss_region_consistency: 0.0001  loss_final_boundary: 0.0889  loss_boundary: 0.0468  loss_sdf: 0.0062  grad_norm: 1.9501
2026/09/23 14:34:01 - mmengine - INFO - Iter(train) [11250/40000]  base_lr: 4.6134e-04 lr: 4.6134e-05  eta: 4:31:13  time: 0.5526  data_time: 0.0156  memory: 6634  loss: 0.4267  loss_final: 0.0736  loss_rgb: 0.1088  loss_geometry: 0.1085  correction_scale: 0.1000  loss_coarse: 0.0224  loss_region_consistency: 0.0001  loss_final_boundary: 0.0682  loss_boundary: 0.0417  loss_sdf: 0.0034  grad_norm: 2.1459
2026/09/23 14:34:29 - mmengine - INFO - Iter(train) [11300/40000]  base_lr: 4.6062e-04 lr: 4.6062e-05  eta: 4:30:45  time: 0.5704  data_time: 0.0161  memory: 6634  loss: 0.5375  loss_final: 0.0919  loss_rgb: 0.1522  loss_geometry: 0.1109  correction_scale: 0.1000  loss_coarse: 0.0276  loss_region_consistency: 0.0001  loss_final_boundary: 0.0981  loss_boundary: 0.0519  loss_sdf: 0.0048  grad_norm: 1.7929
2026/09/23 14:34:57 - mmengine - INFO - Iter(train) [11350/40000]  base_lr: 4.5990e-04 lr: 4.5990e-05  eta: 4:30:16  time: 0.5584  data_time: 0.0167  memory: 6634  loss: 0.4766  loss_final: 0.0902  loss_rgb: 0.1273  loss_geometry: 0.1080  correction_scale: 0.1000  loss_coarse: 0.0269  loss_region_consistency: 0.0001  loss_final_boundary: 0.0786  loss_boundary: 0.0415  loss_sdf: 0.0041  grad_norm: 2.1457
2026/09/23 14:35:25 - mmengine - INFO - Iter(train) [11400/40000]  base_lr: 4.5917e-04 lr: 4.5917e-05  eta: 4:29:47  time: 0.5709  data_time: 0.0149  memory: 6634  loss: 0.5392  loss_final: 0.1181  loss_rgb: 0.1333  loss_geometry: 0.1104  correction_scale: 0.1000  loss_coarse: 0.0351  loss_region_consistency: 0.0001  loss_final_boundary: 0.0884  loss_boundary: 0.0465  loss_sdf: 0.0072  grad_norm: 1.8037
2026/09/23 14:35:53 - mmengine - INFO - Iter(train) [11450/40000]  base_lr: 4.5845e-04 lr: 4.5845e-05  eta: 4:29:18  time: 0.5640  data_time: 0.0159  memory: 6634  loss: 0.5384  loss_final: 0.1093  loss_rgb: 0.1379  loss_geometry: 0.1010  correction_scale: 0.1000  loss_coarse: 0.0329  loss_region_consistency: 0.0001  loss_final_boundary: 0.0984  loss_boundary: 0.0522  loss_sdf: 0.0067  grad_norm: 2.0041
2026/09/23 14:36:21 - mmengine - INFO - Iter(train) [11500/40000]  base_lr: 4.5773e-04 lr: 4.5773e-05  eta: 4:28:50  time: 0.5593  data_time: 0.0156  memory: 6634  loss: 0.4639  loss_final: 0.0904  loss_rgb: 0.1179  loss_geometry: 0.0871  correction_scale: 0.1000  loss_coarse: 0.0276  loss_region_consistency: 0.0001  loss_final_boundary: 0.0888  loss_boundary: 0.0468  loss_sdf: 0.0052  grad_norm: 2.1581
2026/09/23 14:36:50 - mmengine - INFO - Iter(train) [11550/40000]  base_lr: 4.5700e-04 lr: 4.5700e-05  eta: 4:28:21  time: 0.5672  data_time: 0.0162  memory: 6634  loss: 0.5840  loss_final: 0.1387  loss_rgb: 0.1546  loss_geometry: 0.1074  correction_scale: 0.1000  loss_coarse: 0.0403  loss_region_consistency: 0.0001  loss_final_boundary: 0.0884  loss_boundary: 0.0470  loss_sdf: 0.0075  grad_norm: 1.5775
2026/09/23 14:37:18 - mmengine - INFO - Iter(train) [11600/40000]  base_lr: 4.5628e-04 lr: 4.5628e-05  eta: 4:27:52  time: 0.5583  data_time: 0.0173  memory: 6634  loss: 0.2785  loss_final: 0.0315  loss_rgb: 0.0560  loss_geometry: 0.1203  correction_scale: 0.1000  loss_coarse: 0.0095  loss_region_consistency: 0.0000  loss_final_boundary: 0.0390  loss_boundary: 0.0205  loss_sdf: 0.0016  grad_norm: 1.7449
2026/09/23 14:37:46 - mmengine - INFO - Iter(train) [11650/40000]  base_lr: 4.5556e-04 lr: 4.5556e-05  eta: 4:27:25  time: 0.5746  data_time: 0.0165  memory: 6634  loss: 0.5704  loss_final: 0.1191  loss_rgb: 0.1550  loss_geometry: 0.1037  correction_scale: 0.1000  loss_coarse: 0.0359  loss_region_consistency: 0.0001  loss_final_boundary: 0.0982  loss_boundary: 0.0514  loss_sdf: 0.0068  grad_norm: 2.1277
2026/09/23 14:38:15 - mmengine - INFO - Iter(train) [11700/40000]  base_lr: 4.5484e-04 lr: 4.5484e-05  eta: 4:26:57  time: 0.5580  data_time: 0.0174  memory: 6634  loss: 0.4687  loss_final: 0.0710  loss_rgb: 0.1205  loss_geometry: 0.1333  correction_scale: 0.1000  loss_coarse: 0.0218  loss_region_consistency: 0.0001  loss_final_boundary: 0.0782  loss_boundary: 0.0411  loss_sdf: 0.0027  grad_norm: 1.5370
2026/09/23 14:38:43 - mmengine - INFO - Iter(train) [11750/40000]  base_lr: 4.5411e-04 lr: 4.5411e-05  eta: 4:26:28  time: 0.5589  data_time: 0.0167  memory: 6634  loss: 0.3771  loss_final: 0.0721  loss_rgb: 0.0880  loss_geometry: 0.0898  correction_scale: 0.1000  loss_coarse: 0.0207  loss_region_consistency: 0.0001  loss_final_boundary: 0.0682  loss_boundary: 0.0337  loss_sdf: 0.0046  grad_norm: 1.3423
2026/09/23 14:39:11 - mmengine - INFO - Iter(train) [11800/40000]  base_lr: 4.5339e-04 lr: 4.5339e-05  eta: 4:26:00  time: 0.5770  data_time: 0.0156  memory: 6634  loss: 0.5601  loss_final: 0.1268  loss_rgb: 0.1350  loss_geometry: 0.1168  correction_scale: 0.1000  loss_coarse: 0.0380  loss_region_consistency: 0.0001  loss_final_boundary: 0.0887  loss_boundary: 0.0467  loss_sdf: 0.0080  grad_norm: 1.9634
2026/09/23 14:39:39 - mmengine - INFO - Iter(train) [11850/40000]  base_lr: 4.5267e-04 lr: 4.5267e-05  eta: 4:25:31  time: 0.5587  data_time: 0.0154  memory: 6634  loss: 0.4345  loss_final: 0.0579  loss_rgb: 0.1275  loss_geometry: 0.0886  correction_scale: 0.1000  loss_coarse: 0.0178  loss_region_consistency: 0.0001  loss_final_boundary: 0.0881  loss_boundary: 0.0510  loss_sdf: 0.0034  grad_norm: 1.7461
2026/09/23 14:40:07 - mmengine - INFO - Iter(train) [11900/40000]  base_lr: 4.5194e-04 lr: 4.5194e-05  eta: 4:25:02  time: 0.5691  data_time: 0.0164  memory: 6634  loss: 0.4957  loss_final: 0.0771  loss_rgb: 0.1451  loss_geometry: 0.0932  correction_scale: 0.1000  loss_coarse: 0.0247  loss_region_consistency: 0.0001  loss_final_boundary: 0.0982  loss_boundary: 0.0523  loss_sdf: 0.0049  grad_norm: 1.4087
2026/09/23 14:40:36 - mmengine - INFO - Iter(train) [11950/40000]  base_lr: 4.5122e-04 lr: 4.5122e-05  eta: 4:24:34  time: 0.5685  data_time: 0.0173  memory: 6634  loss: 0.5233  loss_final: 0.1148  loss_rgb: 0.1361  loss_geometry: 0.0977  correction_scale: 0.1000  loss_coarse: 0.0343  loss_region_consistency: 0.0001  loss_final_boundary: 0.0884  loss_boundary: 0.0466  loss_sdf: 0.0053  grad_norm: 2.0590
2026/09/23 14:41:04 - mmengine - INFO - Exp name: stage3_joint_20260923_120333
2026/09/23 14:41:04 - mmengine - INFO - Iter(train) [12000/40000]  base_lr: 4.5049e-04 lr: 4.5049e-05  eta: 4:24:06  time: 0.5735  data_time: 0.0170  memory: 6634  loss: 0.4998  loss_final: 0.1063  loss_rgb: 0.1340  loss_geometry: 0.0871  correction_scale: 0.1000  loss_coarse: 0.0321  loss_region_consistency: 0.0001  loss_final_boundary: 0.0884  loss_boundary: 0.0467  loss_sdf: 0.0051  grad_norm: 1.8826
2026/09/23 14:41:04 - mmengine - INFO - Saving checkpoint at 12000 iterations
2026/09/23 14:42:09 - mmengine - INFO - Iter(val) [ 50/304]    eta: 0:05:24  time: 1.2675  data_time: 0.0187  memory: 1189  
2026/09/23 14:43:37 - mmengine - INFO - Iter(val) [100/304]    eta: 0:05:09  time: 1.7100  data_time: 0.0202  memory: 1189  
2026/09/23 14:45:01 - mmengine - INFO - Iter(val) [150/304]    eta: 0:04:01  time: 1.6386  data_time: 0.0210  memory: 1189  
2026/09/23 14:46:23 - mmengine - INFO - Iter(val) [200/304]    eta: 0:02:45  time: 1.6442  data_time: 0.0221  memory: 1189  
2026/09/23 14:47:45 - mmengine - INFO - Iter(val) [250/304]    eta: 0:01:26  time: 1.6523  data_time: 0.0207  memory: 1189  
2026/09/23 14:49:06 - mmengine - INFO - Iter(val) [300/304]    eta: 0:00:06  time: 1.6086  data_time: 0.0216  memory: 1189  
2026/09/23 14:49:13 - mmengine - INFO - per class results:
2026/09/23 14:49:13 - mmengine - INFO - 
+------------------+-------+-------+-------+--------+-----------+--------+
|      Class       |  IoU  |  Acc  |  Dice | Fscore | Precision | Recall |
+------------------+-------+-------+-------+--------+-----------+--------+
|    background    | 96.89 | 97.49 | 98.42 | 98.42  |   99.38   | 97.49  |
| wastewater_plant | 72.39 | 93.05 | 83.99 | 83.99  |   76.53   | 93.05  |
+------------------+-------+-------+-------+--------+-----------+--------+
2026/09/23 14:49:13 - mmengine - INFO - Iter(val) [304/304]    aAcc: 97.1300  mIoU: 84.6400  mAcc: 95.2700  mDice: 91.2000  mFscore: 91.2000  mPrecision: 87.9500  mRecall: 95.2700  binary/Foreground_IoU: 72.3929  binary/Dice: 83.9860  binary/F1: 83.9860  binary/Precision: 76.5294  binary/Recall: 93.0524  binary/Boundary_F1: 13.8789  binary/BFScore: 13.8789  binary/Boundary_Precision: 10.8755  binary/Boundary_Recall: 19.1740  binary/Hausdorff_px: 481.9632  binary/HD95_px: 353.5006  binary/Hausdorff_m: 240.9816  binary/HD95_m: 176.7503  data_time: 0.0224  time: 1.6037
2026/09/23 14:49:41 - mmengine - INFO - Iter(train) [12050/40000]  base_lr: 4.4977e-04 lr: 4.4977e-05  eta: 4:23:37  time: 0.5623  data_time: 0.0155  memory: 6634  loss: 0.4468  loss_final: 0.0709  loss_rgb: 0.1170  loss_geometry: 0.1126  correction_scale: 0.1000  loss_coarse: 0.0233  loss_region_consistency: 0.0001  loss_final_boundary: 0.0779  loss_boundary: 0.0399  loss_sdf: 0.0051  grad_norm: 2.1805
2026/09/23 14:50:09 - mmengine - INFO - Iter(train) [12100/40000]  base_lr: 4.4905e-04 lr: 4.4905e-05  eta: 4:23:09  time: 0.5633  data_time: 0.0177  memory: 6634  loss: 0.5011  loss_final: 0.0953  loss_rgb: 0.1318  loss_geometry: 0.1067  correction_scale: 0.1000  loss_coarse: 0.0283  loss_region_consistency: 0.0001  loss_final_boundary: 0.0883  loss_boundary: 0.0465  loss_sdf: 0.0041  grad_norm: 2.1269
2026/09/23 14:50:37 - mmengine - INFO - Iter(train) [12150/40000]  base_lr: 4.4832e-04 lr: 4.4832e-05  eta: 4:22:40  time: 0.5630  data_time: 0.0164  memory: 6634  loss: 0.4626  loss_final: 0.0679  loss_rgb: 0.1301  loss_geometry: 0.1042  correction_scale: 0.1000  loss_coarse: 0.0217  loss_region_consistency: 0.0001  loss_final_boundary: 0.0882  loss_boundary: 0.0463  loss_sdf: 0.0043  grad_norm: 3.2127
2026/09/23 14:51:06 - mmengine - INFO - Iter(train) [12200/40000]  base_lr: 4.4760e-04 lr: 4.4760e-05  eta: 4:22:11  time: 0.5682  data_time: 0.0156  memory: 6634  loss: 0.5265  loss_final: 0.1351  loss_rgb: 0.1211  loss_geometry: 0.1028  correction_scale: 0.1000  loss_coarse: 0.0412  loss_region_consistency: 0.0001  loss_final_boundary: 0.0789  loss_boundary: 0.0415  loss_sdf: 0.0058  grad_norm: 3.3738
2026/09/23 14:51:33 - mmengine - INFO - Iter(train) [12250/40000]  base_lr: 4.4687e-04 lr: 4.4687e-05  eta: 4:21:42  time: 0.5516  data_time: 0.0157  memory: 6634  loss: 0.3863  loss_final: 0.0510  loss_rgb: 0.1071  loss_geometry: 0.1060  correction_scale: 0.1000  loss_coarse: 0.0156  loss_region_consistency: 0.0001  loss_final_boundary: 0.0685  loss_boundary: 0.0359  loss_sdf: 0.0021  grad_norm: 3.0137
2026/09/23 14:52:01 - mmengine - INFO - Iter(train) [12300/40000]  base_lr: 4.4615e-04 lr: 4.4615e-05  eta: 4:21:13  time: 0.5541  data_time: 0.0155  memory: 6634  loss: 0.4971  loss_final: 0.0919  loss_rgb: 0.1387  loss_geometry: 0.0998  correction_scale: 0.1000  loss_coarse: 0.0278  loss_region_consistency: 0.0001  loss_final_boundary: 0.0882  loss_boundary: 0.0463  loss_sdf: 0.0042  grad_norm: 2.0698
2026/09/23 14:52:30 - mmengine - INFO - Iter(train) [12350/40000]  base_lr: 4.4542e-04 lr: 4.4542e-05  eta: 4:20:44  time: 0.5629  data_time: 0.0156  memory: 6634  loss: 0.5256  loss_final: 0.0936  loss_rgb: 0.1390  loss_geometry: 0.1073  correction_scale: 0.1000  loss_coarse: 0.0282  loss_region_consistency: 0.0001  loss_final_boundary: 0.0985  loss_boundary: 0.0523  loss_sdf: 0.0066  grad_norm: 1.9237
2026/09/23 14:52:58 - mmengine - INFO - Iter(train) [12400/40000]  base_lr: 4.4470e-04 lr: 4.4470e-05  eta: 4:20:16  time: 0.5646  data_time: 0.0148  memory: 6634  loss: 0.4337  loss_final: 0.0582  loss_rgb: 0.1285  loss_geometry: 0.1047  correction_scale: 0.1000  loss_coarse: 0.0181  loss_region_consistency: 0.0001  loss_final_boundary: 0.0786  loss_boundary: 0.0423  loss_sdf: 0.0034  grad_norm: 1.6272
2026/09/23 14:53:26 - mmengine - INFO - Iter(train) [12450/40000]  base_lr: 4.4397e-04 lr: 4.4397e-05  eta: 4:19:47  time: 0.5510  data_time: 0.0160  memory: 6634  loss: 0.4033  loss_final: 0.0878  loss_rgb: 0.0900  loss_geometry: 0.1028  correction_scale: 0.1000  loss_coarse: 0.0267  loss_region_consistency: 0.0001  loss_final_boundary: 0.0593  loss_boundary: 0.0319  loss_sdf: 0.0048  grad_norm: 1.7768
2026/09/23 14:53:54 - mmengine - INFO - Iter(train) [12500/40000]  base_lr: 4.4325e-04 lr: 4.4325e-05  eta: 4:19:19  time: 0.5734  data_time: 0.0166  memory: 6634  loss: 0.5807  loss_final: 0.1250  loss_rgb: 0.1324  loss_geometry: 0.1431  correction_scale: 0.1000  loss_coarse: 0.0366  loss_region_consistency: 0.0001  loss_final_boundary: 0.0888  loss_boundary: 0.0469  loss_sdf: 0.0079  grad_norm: 1.7941
2026/09/23 14:54:22 - mmengine - INFO - Iter(train) [12550/40000]  base_lr: 4.4252e-04 lr: 4.4252e-05  eta: 4:18:49  time: 0.5485  data_time: 0.0159  memory: 6634  loss: 0.4422  loss_final: 0.0945  loss_rgb: 0.1085  loss_geometry: 0.1151  correction_scale: 0.1000  loss_coarse: 0.0293  loss_region_consistency: 0.0001  loss_final_boundary: 0.0590  loss_boundary: 0.0313  loss_sdf: 0.0044  grad_norm: 1.8958
2026/09/23 14:54:50 - mmengine - INFO - Iter(train) [12600/40000]  base_lr: 4.4180e-04 lr: 4.4180e-05  eta: 4:18:21  time: 0.5818  data_time: 0.0168  memory: 6634  loss: 0.5511  loss_final: 0.1068  loss_rgb: 0.1519  loss_geometry: 0.1030  correction_scale: 0.1000  loss_coarse: 0.0322  loss_region_consistency: 0.0001  loss_final_boundary: 0.0980  loss_boundary: 0.0518  loss_sdf: 0.0073  grad_norm: 2.0976
2026/09/23 14:55:18 - mmengine - INFO - Iter(train) [12650/40000]  base_lr: 4.4107e-04 lr: 4.4107e-05  eta: 4:17:53  time: 0.5592  data_time: 0.0156  memory: 6634  loss: 0.6471  loss_final: 0.1733  loss_rgb: 0.1594  loss_geometry: 0.1042  correction_scale: 0.1000  loss_coarse: 0.0522  loss_region_consistency: 0.0001  loss_final_boundary: 0.0981  loss_boundary: 0.0512  loss_sdf: 0.0086  grad_norm: 2.3518
2026/09/23 14:55:47 - mmengine - INFO - Iter(train) [12700/40000]  base_lr: 4.4035e-04 lr: 4.4035e-05  eta: 4:17:24  time: 0.5630  data_time: 0.0162  memory: 6634  loss: 0.6872  loss_final: 0.2077  loss_rgb: 0.1605  loss_geometry: 0.0971  correction_scale: 0.1000  loss_coarse: 0.0614  loss_region_consistency: 0.0001  loss_final_boundary: 0.0989  loss_boundary: 0.0521  loss_sdf: 0.0093  grad_norm: 2.3394
2026/09/23 14:56:14 - mmengine - INFO - Iter(train) [12750/40000]  base_lr: 4.3962e-04 lr: 4.3962e-05  eta: 4:16:55  time: 0.5542  data_time: 0.0154  memory: 6634  loss: 0.4022  loss_final: 0.0550  loss_rgb: 0.1021  loss_geometry: 0.1039  correction_scale: 0.1000  loss_coarse: 0.0178  loss_region_consistency: 0.0001  loss_final_boundary: 0.0785  loss_boundary: 0.0413  loss_sdf: 0.0035  grad_norm: 1.8247
2026/09/23 14:56:43 - mmengine - INFO - Iter(train) [12800/40000]  base_lr: 4.3889e-04 lr: 4.3889e-05  eta: 4:16:26  time: 0.5649  data_time: 0.0164  memory: 6634  loss: 0.4445  loss_final: 0.0646  loss_rgb: 0.1234  loss_geometry: 0.1136  correction_scale: 0.1000  loss_coarse: 0.0200  loss_region_consistency: 0.0001  loss_final_boundary: 0.0779  loss_boundary: 0.0418  loss_sdf: 0.0032  grad_norm: 1.4454
2026/09/23 14:57:11 - mmengine - INFO - Iter(train) [12850/40000]  base_lr: 4.3817e-04 lr: 4.3817e-05  eta: 4:15:58  time: 0.5563  data_time: 0.0164  memory: 6634  loss: 0.4600  loss_final: 0.0800  loss_rgb: 0.1225  loss_geometry: 0.1084  correction_scale: 0.1000  loss_coarse: 0.0231  loss_region_consistency: 0.0001  loss_final_boundary: 0.0785  loss_boundary: 0.0419  loss_sdf: 0.0056  grad_norm: 1.5727
2026/09/23 14:57:39 - mmengine - INFO - Iter(train) [12900/40000]  base_lr: 4.3744e-04 lr: 4.3744e-05  eta: 4:15:29  time: 0.5612  data_time: 0.0162  memory: 6634  loss: 0.4793  loss_final: 0.0701  loss_rgb: 0.1401  loss_geometry: 0.1073  correction_scale: 0.1000  loss_coarse: 0.0223  loss_region_consistency: 0.0001  loss_final_boundary: 0.0883  loss_boundary: 0.0471  loss_sdf: 0.0040  grad_norm: 1.5051
2026/09/23 14:58:07 - mmengine - INFO - Iter(train) [12950/40000]  base_lr: 4.3671e-04 lr: 4.3671e-05  eta: 4:15:00  time: 0.5601  data_time: 0.0185  memory: 6634  loss: 0.4676  loss_final: 0.1059  loss_rgb: 0.1065  loss_geometry: 0.1140  correction_scale: 0.1000  loss_coarse: 0.0323  loss_region_consistency: 0.0001  loss_final_boundary: 0.0689  loss_boundary: 0.0361  loss_sdf: 0.0039  grad_norm: 1.7462
2026/09/23 14:58:35 - mmengine - INFO - Exp name: stage3_joint_20260923_120333
2026/09/23 14:58:35 - mmengine - INFO - Iter(train) [13000/40000]  base_lr: 4.3599e-04 lr: 4.3599e-05  eta: 4:14:32  time: 0.5673  data_time: 0.0169  memory: 6634  loss: 0.4232  loss_final: 0.0783  loss_rgb: 0.1063  loss_geometry: 0.1069  correction_scale: 0.1000  loss_coarse: 0.0231  loss_region_consistency: 0.0001  loss_final_boundary: 0.0685  loss_boundary: 0.0366  loss_sdf: 0.0035  grad_norm: 2.0422
2026/09/23 14:59:03 - mmengine - INFO - Iter(train) [13050/40000]  base_lr: 4.3526e-04 lr: 4.3526e-05  eta: 4:14:03  time: 0.5662  data_time: 0.0167  memory: 6634  loss: 0.5165  loss_final: 0.1052  loss_rgb: 0.1338  loss_geometry: 0.0992  correction_scale: 0.1000  loss_coarse: 0.0310  loss_region_consistency: 0.0001  loss_final_boundary: 0.0886  loss_boundary: 0.0513  loss_sdf: 0.0072  grad_norm: 1.9747
2026/09/23 14:59:31 - mmengine - INFO - Iter(train) [13100/40000]  base_lr: 4.3453e-04 lr: 4.3453e-05  eta: 4:13:35  time: 0.5481  data_time: 0.0173  memory: 6634  loss: 0.3710  loss_final: 0.0753  loss_rgb: 0.0804  loss_geometry: 0.1096  correction_scale: 0.1000  loss_coarse: 0.0220  loss_region_consistency: 0.0001  loss_final_boundary: 0.0491  loss_boundary: 0.0307  loss_sdf: 0.0039  grad_norm: 1.6594
2026/09/23 15:00:00 - mmengine - INFO - Iter(train) [13150/40000]  base_lr: 4.3381e-04 lr: 4.3381e-05  eta: 4:13:07  time: 0.5590  data_time: 0.0177  memory: 6634  loss: 0.4359  loss_final: 0.0738  loss_rgb: 0.1067  loss_geometry: 0.1070  correction_scale: 0.1000  loss_coarse: 0.0231  loss_region_consistency: 0.0001  loss_final_boundary: 0.0785  loss_boundary: 0.0411  loss_sdf: 0.0055  grad_norm: 1.6669
2026/09/23 15:00:28 - mmengine - INFO - Iter(train) [13200/40000]  base_lr: 4.3308e-04 lr: 4.3308e-05  eta: 4:12:38  time: 0.5770  data_time: 0.0176  memory: 6634  loss: 0.6211  loss_final: 0.1609  loss_rgb: 0.1529  loss_geometry: 0.1162  correction_scale: 0.1000  loss_coarse: 0.0477  loss_region_consistency: 0.0001  loss_final_boundary: 0.0888  loss_boundary: 0.0468  loss_sdf: 0.0076  grad_norm: 1.7676
2026/09/23 15:00:56 - mmengine - INFO - Iter(train) [13250/40000]  base_lr: 4.3235e-04 lr: 4.3235e-05  eta: 4:12:10  time: 0.5505  data_time: 0.0154  memory: 6634  loss: 0.4085  loss_final: 0.0576  loss_rgb: 0.1076  loss_geometry: 0.1162  correction_scale: 0.1000  loss_coarse: 0.0181  loss_region_consistency: 0.0001  loss_final_boundary: 0.0691  loss_boundary: 0.0362  loss_sdf: 0.0036  grad_norm: 2.1520
2026/09/23 15:01:24 - mmengine - INFO - Iter(train) [13300/40000]  base_lr: 4.3163e-04 lr: 4.3163e-05  eta: 4:11:41  time: 0.5594  data_time: 0.0151  memory: 6634  loss: 0.5728  loss_final: 0.1405  loss_rgb: 0.1472  loss_geometry: 0.1012  correction_scale: 0.1000  loss_coarse: 0.0430  loss_region_consistency: 0.0001  loss_final_boundary: 0.0887  loss_boundary: 0.0464  loss_sdf: 0.0057  grad_norm: 2.0066
2026/09/23 15:01:52 - mmengine - INFO - Iter(train) [13350/40000]  base_lr: 4.3090e-04 lr: 4.3090e-05  eta: 4:11:13  time: 0.5602  data_time: 0.0154  memory: 6634  loss: 0.5001  loss_final: 0.1046  loss_rgb: 0.1343  loss_geometry: 0.1044  correction_scale: 0.1000  loss_coarse: 0.0306  loss_region_consistency: 0.0001  loss_final_boundary: 0.0787  loss_boundary: 0.0416  loss_sdf: 0.0057  grad_norm: 2.1982
2026/09/23 15:02:21 - mmengine - INFO - Iter(train) [13400/40000]  base_lr: 4.3017e-04 lr: 4.3017e-05  eta: 4:10:44  time: 0.5732  data_time: 0.0151  memory: 6634  loss: 0.5130  loss_final: 0.0943  loss_rgb: 0.1322  loss_geometry: 0.1029  correction_scale: 0.1000  loss_coarse: 0.0284  loss_region_consistency: 0.0001  loss_final_boundary: 0.0982  loss_boundary: 0.0513  loss_sdf: 0.0056  grad_norm: inf
2026/09/23 15:02:48 - mmengine - INFO - Iter(train) [13450/40000]  base_lr: 4.2944e-04 lr: 4.2944e-05  eta: 4:10:15  time: 0.5442  data_time: 0.0149  memory: 6634  loss: 0.3355  loss_final: 0.0589  loss_rgb: 0.0779  loss_geometry: 0.1032  correction_scale: 0.1000  loss_coarse: 0.0175  loss_region_consistency: 0.0001  loss_final_boundary: 0.0489  loss_boundary: 0.0254  loss_sdf: 0.0038  grad_norm: inf
2026/09/23 15:03:16 - mmengine - INFO - Iter(train) [13500/40000]  base_lr: 4.2871e-04 lr: 4.2871e-05  eta: 4:09:46  time: 0.5509  data_time: 0.0151  memory: 6634  loss: 0.5180  loss_final: 0.1382  loss_rgb: 0.1056  loss_geometry: 0.1221  correction_scale: 0.1000  loss_coarse: 0.0418  loss_region_consistency: 0.0001  loss_final_boundary: 0.0691  loss_boundary: 0.0360  loss_sdf: 0.0050  grad_norm: 2.0228
2026/09/23 15:03:44 - mmengine - INFO - Iter(train) [13550/40000]  base_lr: 4.2799e-04 lr: 4.2799e-05  eta: 4:09:17  time: 0.5657  data_time: 0.0153  memory: 6634  loss: 0.5514  loss_final: 0.1191  loss_rgb: 0.1531  loss_geometry: 0.0885  correction_scale: 0.1000  loss_coarse: 0.0357  loss_region_consistency: 0.0001  loss_final_boundary: 0.0977  loss_boundary: 0.0517  loss_sdf: 0.0055  grad_norm: 1.8691
2026/09/23 15:04:13 - mmengine - INFO - Iter(train) [13600/40000]  base_lr: 4.2726e-04 lr: 4.2726e-05  eta: 4:08:49  time: 0.5654  data_time: 0.0157  memory: 6634  loss: 0.5202  loss_final: 0.1291  loss_rgb: 0.1322  loss_geometry: 0.1068  correction_scale: 0.1000  loss_coarse: 0.0412  loss_region_consistency: 0.0001  loss_final_boundary: 0.0691  loss_boundary: 0.0367  loss_sdf: 0.0050  grad_norm: 1.7507
2026/09/23 15:04:41 - mmengine - INFO - Iter(train) [13650/40000]  base_lr: 4.2653e-04 lr: 4.2653e-05  eta: 4:08:20  time: 0.5590  data_time: 0.0161  memory: 6634  loss: 0.4941  loss_final: 0.1069  loss_rgb: 0.1200  loss_geometry: 0.1098  correction_scale: 0.1000  loss_coarse: 0.0320  loss_region_consistency: 0.0001  loss_final_boundary: 0.0787  loss_boundary: 0.0412  loss_sdf: 0.0053  grad_norm: 1.6394
2026/09/23 15:05:09 - mmengine - INFO - Iter(train) [13700/40000]  base_lr: 4.2580e-04 lr: 4.2580e-05  eta: 4:07:51  time: 0.5666  data_time: 0.0163  memory: 6634  loss: 0.5904  loss_final: 0.1553  loss_rgb: 0.1408  loss_geometry: 0.1048  correction_scale: 0.1000  loss_coarse: 0.0466  loss_region_consistency: 0.0001  loss_final_boundary: 0.0885  loss_boundary: 0.0460  loss_sdf: 0.0081  grad_norm: 1.7838
2026/09/23 15:05:37 - mmengine - INFO - Iter(train) [13750/40000]  base_lr: 4.2507e-04 lr: 4.2507e-05  eta: 4:07:22  time: 0.5648  data_time: 0.0154  memory: 6634  loss: 0.5124  loss_final: 0.0849  loss_rgb: 0.1501  loss_geometry: 0.0959  correction_scale: 0.1000  loss_coarse: 0.0252  loss_region_consistency: 0.0001  loss_final_boundary: 0.0983  loss_boundary: 0.0529  loss_sdf: 0.0051  grad_norm: 1.9542
2026/09/23 15:06:05 - mmengine - INFO - Iter(train) [13800/40000]  base_lr: 4.2434e-04 lr: 4.2434e-05  eta: 4:06:54  time: 0.5744  data_time: 0.0168  memory: 6634  loss: 0.5137  loss_final: 0.0983  loss_rgb: 0.1269  loss_geometry: 0.1168  correction_scale: 0.1000  loss_coarse: 0.0297  loss_region_consistency: 0.0001  loss_final_boundary: 0.0888  loss_boundary: 0.0470  loss_sdf: 0.0061  grad_norm: 2.0594
2026/09/23 15:06:33 - mmengine - INFO - Iter(train) [13850/40000]  base_lr: 4.2361e-04 lr: 4.2361e-05  eta: 4:06:26  time: 0.5687  data_time: 0.0157  memory: 6634  loss: 0.5718  loss_final: 0.1256  loss_rgb: 0.1530  loss_geometry: 0.0982  correction_scale: 0.1000  loss_coarse: 0.0376  loss_region_consistency: 0.0001  loss_final_boundary: 0.0983  loss_boundary: 0.0518  loss_sdf: 0.0072  grad_norm: 2.3436
2026/09/23 15:07:01 - mmengine - INFO - Iter(train) [13900/40000]  base_lr: 4.2289e-04 lr: 4.2289e-05  eta: 4:05:57  time: 0.5791  data_time: 0.0200  memory: 6634  loss: 0.6059  loss_final: 0.1427  loss_rgb: 0.1544  loss_geometry: 0.1062  correction_scale: 0.1000  loss_coarse: 0.0433  loss_region_consistency: 0.0001  loss_final_boundary: 0.0985  loss_boundary: 0.0522  loss_sdf: 0.0085  grad_norm: 2.1610
2026/09/23 15:07:29 - mmengine - INFO - Iter(train) [13950/40000]  base_lr: 4.2216e-04 lr: 4.2216e-05  eta: 4:05:29  time: 0.5686  data_time: 0.0167  memory: 6634  loss: 0.6070  loss_final: 0.1587  loss_rgb: 0.1582  loss_geometry: 0.0849  correction_scale: 0.1000  loss_coarse: 0.0470  loss_region_consistency: 0.0001  loss_final_boundary: 0.0980  loss_boundary: 0.0521  loss_sdf: 0.0080  grad_norm: 2.1451
2026/09/23 15:07:57 - mmengine - INFO - Exp name: stage3_joint_20260923_120333
2026/09/23 15:07:57 - mmengine - INFO - Iter(train) [14000/40000]  base_lr: 4.2143e-04 lr: 4.2143e-05  eta: 4:05:00  time: 0.5766  data_time: 0.0167  memory: 6634  loss: 0.5545  loss_final: 0.1158  loss_rgb: 0.1360  loss_geometry: 0.1123  correction_scale: 0.1000  loss_coarse: 0.0354  loss_region_consistency: 0.0001  loss_final_boundary: 0.0984  loss_boundary: 0.0513  loss_sdf: 0.0053  grad_norm: 2.3429
2026/09/23 15:07:57 - mmengine - INFO - Saving checkpoint at 14000 iterations
2026/09/23 15:09:03 - mmengine - INFO - Iter(val) [ 50/304]    eta: 0:05:26  time: 1.2728  data_time: 0.0194  memory: 1189  
2026/09/23 15:10:31 - mmengine - INFO - Iter(val) [100/304]    eta: 0:05:10  time: 1.7202  data_time: 0.0196  memory: 1189  
2026/09/23 15:11:55 - mmengine - INFO - Iter(val) [150/304]    eta: 0:04:01  time: 1.6480  data_time: 0.0209  memory: 1189  
2026/09/23 15:13:17 - mmengine - INFO - Iter(val) [200/304]    eta: 0:02:45  time: 1.6463  data_time: 0.0207  memory: 1189  
2026/09/23 15:14:39 - mmengine - INFO - Iter(val) [250/304]    eta: 0:01:26  time: 1.6412  data_time: 0.0198  memory: 1189  
2026/09/23 15:15:59 - mmengine - INFO - Iter(val) [300/304]    eta: 0:00:06  time: 1.5940  data_time: 0.0205  memory: 1189  
2026/09/23 15:16:05 - mmengine - INFO - per class results:
2026/09/23 15:16:05 - mmengine - INFO - 
+------------------+-------+-------+-------+--------+-----------+--------+
|      Class       |  IoU  |  Acc  |  Dice | Fscore | Precision | Recall |
+------------------+-------+-------+-------+--------+-----------+--------+
|    background    | 97.56 | 98.61 | 98.76 | 98.76  |   98.92   | 98.61  |
| wastewater_plant | 75.82 | 87.83 | 86.25 | 86.25  |   84.73   | 87.83  |
+------------------+-------+-------+-------+--------+-----------+--------+
2026/09/23 15:16:05 - mmengine - INFO - Iter(val) [304/304]    aAcc: 97.7300  mIoU: 86.6900  mAcc: 93.2200  mDice: 92.5100  mFscore: 92.5100  mPrecision: 91.8300  mRecall: 93.2200  binary/Foreground_IoU: 75.8242  binary/Dice: 86.2500  binary/F1: 86.2500  binary/Precision: 84.7252  binary/Recall: 87.8306  binary/Boundary_F1: 14.6403  binary/BFScore: 14.6403  binary/Boundary_Precision: 11.7465  binary/Boundary_Recall: 19.4259  binary/Hausdorff_px: 398.4194  binary/HD95_px: 280.4573  binary/Hausdorff_m: 199.2097  binary/HD95_m: 140.2287  data_time: 0.0223  time: 1.6005
2026/09/23 15:16:05 - mmengine - INFO - The previous best checkpoint /workspace/work_dirs/rpgv_v2_paper_reuse/paper_reuse/seed_42/no_rgr/stage3_joint/best_binary_Foreground_IoU_iter_8000.pth is removed
2026/09/23 15:16:07 - mmengine - INFO - The best checkpoint with 75.8242 binary/Foreground_IoU at 14000 iter is saved to best_binary_Foreground_IoU_iter_14000.pth.
2026/09/23 15:16:38 - mmengine - INFO - Iter(train) [14050/40000]  base_lr: 4.2070e-04 lr: 4.2070e-05  eta: 4:04:39  time: 0.5656  data_time: 0.0171  memory: 6634  loss: 0.4056  loss_final: 0.0518  loss_rgb: 0.1150  loss_geometry: 0.0991  correction_scale: 0.1000  loss_coarse: 0.0166  loss_region_consistency: 0.0001  loss_final_boundary: 0.0780  loss_boundary: 0.0422  loss_sdf: 0.0029  grad_norm: 1.6556
2026/09/23 15:17:06 - mmengine - INFO - Iter(train) [14100/40000]  base_lr: 4.1997e-04 lr: 4.1997e-05  eta: 4:04:11  time: 0.5555  data_time: 0.0177  memory: 6634  loss: 0.3504  loss_final: 0.0575  loss_rgb: 0.0805  loss_geometry: 0.1022  correction_scale: 0.1000  loss_coarse: 0.0179  loss_region_consistency: 0.0001  loss_final_boundary: 0.0589  loss_boundary: 0.0307  loss_sdf: 0.0027  grad_norm: 1.5651
2026/09/23 15:17:34 - mmengine - INFO - Iter(train) [14150/40000]  base_lr: 4.1924e-04 lr: 4.1924e-05  eta: 4:03:43  time: 0.5557  data_time: 0.0168  memory: 6634  loss: 0.4958  loss_final: 0.1073  loss_rgb: 0.1237  loss_geometry: 0.1207  correction_scale: 0.1000  loss_coarse: 0.0331  loss_region_consistency: 0.0001  loss_final_boundary: 0.0691  loss_boundary: 0.0364  loss_sdf: 0.0054  grad_norm: 1.6772
2026/09/23 15:18:03 - mmengine - INFO - Iter(train) [14200/40000]  base_lr: 4.1851e-04 lr: 4.1851e-05  eta: 4:03:14  time: 0.5683  data_time: 0.0169  memory: 6634  loss: 0.3837  loss_final: 0.0656  loss_rgb: 0.0946  loss_geometry: 0.1103  correction_scale: 0.1000  loss_coarse: 0.0200  loss_region_consistency: 0.0001  loss_final_boundary: 0.0590  loss_boundary: 0.0315  loss_sdf: 0.0028  grad_norm: 1.9096
2026/09/23 15:18:31 - mmengine - INFO - Iter(train) [14250/40000]  base_lr: 4.1778e-04 lr: 4.1778e-05  eta: 4:02:46  time: 0.5634  data_time: 0.0170  memory: 6634  loss: 0.4895  loss_final: 0.1104  loss_rgb: 0.1254  loss_geometry: 0.0964  correction_scale: 0.1000  loss_coarse: 0.0332  loss_region_consistency: 0.0001  loss_final_boundary: 0.0788  loss_boundary: 0.0413  loss_sdf: 0.0039  grad_norm: 1.7696
2026/09/23 15:18:59 - mmengine - INFO - Iter(train) [14300/40000]  base_lr: 4.1705e-04 lr: 4.1705e-05  eta: 4:02:18  time: 0.5650  data_time: 0.0154  memory: 6634  loss: 0.5756  loss_final: 0.1178  loss_rgb: 0.1557  loss_geometry: 0.1127  correction_scale: 0.1000  loss_coarse: 0.0353  loss_region_consistency: 0.0001  loss_final_boundary: 0.0974  loss_boundary: 0.0511  loss_sdf: 0.0055  grad_norm: 1.4784
2026/09/23 15:19:27 - mmengine - INFO - Iter(train) [14350/40000]  base_lr: 4.1632e-04 lr: 4.1632e-05  eta: 4:01:50  time: 0.5677  data_time: 0.0161  memory: 6634  loss: 0.5293  loss_final: 0.1050  loss_rgb: 0.1475  loss_geometry: 0.0906  correction_scale: 0.1000  loss_coarse: 0.0316  loss_region_consistency: 0.0001  loss_final_boundary: 0.0976  loss_boundary: 0.0513  loss_sdf: 0.0056  grad_norm: 1.6449
2026/09/23 15:19:56 - mmengine - INFO - Iter(train) [14400/40000]  base_lr: 4.1559e-04 lr: 4.1559e-05  eta: 4:01:21  time: 0.5672  data_time: 0.0170  memory: 6634  loss: 0.4731  loss_final: 0.1271  loss_rgb: 0.1083  loss_geometry: 0.1111  correction_scale: 0.1000  loss_coarse: 0.0379  loss_region_consistency: 0.0001  loss_final_boundary: 0.0493  loss_boundary: 0.0344  loss_sdf: 0.0048  grad_norm: 2.3368
2026/09/23 15:20:24 - mmengine - INFO - Iter(train) [14450/40000]  base_lr: 4.1486e-04 lr: 4.1486e-05  eta: 4:00:52  time: 0.5561  data_time: 0.0157  memory: 6634  loss: 0.4081  loss_final: 0.0600  loss_rgb: 0.0985  loss_geometry: 0.1082  correction_scale: 0.1000  loss_coarse: 0.0179  loss_region_consistency: 0.0001  loss_final_boundary: 0.0789  loss_boundary: 0.0416  loss_sdf: 0.0030  grad_norm: 1.8032
2026/09/23 15:20:52 - mmengine - INFO - Iter(train) [14500/40000]  base_lr: 4.1413e-04 lr: 4.1413e-05  eta: 4:00:24  time: 0.5594  data_time: 0.0156  memory: 6634  loss: 0.5333  loss_final: 0.0817  loss_rgb: 0.1636  loss_geometry: 0.1089  correction_scale: 0.1000  loss_coarse: 0.0251  loss_region_consistency: 0.0001  loss_final_boundary: 0.0982  loss_boundary: 0.0517  loss_sdf: 0.0040  grad_norm: 1.7692
2026/09/23 15:21:20 - mmengine - INFO - Iter(train) [14550/40000]  base_lr: 4.1340e-04 lr: 4.1340e-05  eta: 3:59:55  time: 0.5678  data_time: 0.0168  memory: 6634  loss: 0.5392  loss_final: 0.1097  loss_rgb: 0.1393  loss_geometry: 0.1168  correction_scale: 0.1000  loss_coarse: 0.0330  loss_region_consistency: 0.0001  loss_final_boundary: 0.0884  loss_boundary: 0.0465  loss_sdf: 0.0056  grad_norm: 1.6477
2026/09/23 15:21:49 - mmengine - INFO - Iter(train) [14600/40000]  base_lr: 4.1266e-04 lr: 4.1266e-05  eta: 3:59:27  time: 0.5747  data_time: 0.0170  memory: 6634  loss: 0.6444  loss_final: 0.1918  loss_rgb: 0.1423  loss_geometry: 0.1083  correction_scale: 0.1000  loss_coarse: 0.0572  loss_region_consistency: 0.0001  loss_final_boundary: 0.0892  loss_boundary: 0.0477  loss_sdf: 0.0078  grad_norm: 1.9885
2026/09/23 15:22:17 - mmengine - INFO - Iter(train) [14650/40000]  base_lr: 4.1193e-04 lr: 4.1193e-05  eta: 3:58:59  time: 0.5710  data_time: 0.0180  memory: 6634  loss: 0.5139  loss_final: 0.0900  loss_rgb: 0.1454  loss_geometry: 0.1090  correction_scale: 0.1000  loss_coarse: 0.0281  loss_region_consistency: 0.0001  loss_final_boundary: 0.0886  loss_boundary: 0.0470  loss_sdf: 0.0057  grad_norm: 2.0801
2026/09/23 15:22:45 - mmengine - INFO - Iter(train) [14700/40000]  base_lr: 4.1120e-04 lr: 4.1120e-05  eta: 3:58:31  time: 0.5668  data_time: 0.0166  memory: 6634  loss: 0.5700  loss_final: 0.1211  loss_rgb: 0.1528  loss_geometry: 0.1049  correction_scale: 0.1000  loss_coarse: 0.0371  loss_region_consistency: 0.0001  loss_final_boundary: 0.0983  loss_boundary: 0.0507  loss_sdf: 0.0050  grad_norm: 1.5619
2026/09/23 15:23:13 - mmengine - INFO - Iter(train) [14750/40000]  base_lr: 4.1047e-04 lr: 4.1047e-05  eta: 3:58:03  time: 0.5620  data_time: 0.0157  memory: 6634  loss: 0.6239  loss_final: 0.1487  loss_rgb: 0.1752  loss_geometry: 0.1083  correction_scale: 0.1000  loss_coarse: 0.0452  loss_region_consistency: 0.0001  loss_final_boundary: 0.0887  loss_boundary: 0.0524  loss_sdf: 0.0053  grad_norm: 1.4648
2026/09/23 15:23:42 - mmengine - INFO - Iter(train) [14800/40000]  base_lr: 4.0974e-04 lr: 4.0974e-05  eta: 3:57:34  time: 0.5715  data_time: 0.0153  memory: 6634  loss: 0.5897  loss_final: 0.1380  loss_rgb: 0.1586  loss_geometry: 0.0941  correction_scale: 0.1000  loss_coarse: 0.0405  loss_region_consistency: 0.0001  loss_final_boundary: 0.0983  loss_boundary: 0.0520  loss_sdf: 0.0081  grad_norm: 1.6073
2026/09/23 15:24:10 - mmengine - INFO - Iter(train) [14850/40000]  base_lr: 4.0901e-04 lr: 4.0901e-05  eta: 3:57:05  time: 0.5637  data_time: 0.0162  memory: 6634  loss: 0.4556  loss_final: 0.0795  loss_rgb: 0.1237  loss_geometry: 0.1030  correction_scale: 0.1000  loss_coarse: 0.0239  loss_region_consistency: 0.0001  loss_final_boundary: 0.0786  loss_boundary: 0.0421  loss_sdf: 0.0047  grad_norm: 1.6848
2026/09/23 15:24:38 - mmengine - INFO - Iter(train) [14900/40000]  base_lr: 4.0828e-04 lr: 4.0828e-05  eta: 3:56:37  time: 0.5683  data_time: 0.0163  memory: 6634  loss: 0.4122  loss_final: 0.0455  loss_rgb: 0.1205  loss_geometry: 0.0965  correction_scale: 0.1000  loss_coarse: 0.0139  loss_region_consistency: 0.0001  loss_final_boundary: 0.0876  loss_boundary: 0.0464  loss_sdf: 0.0017  grad_norm: 1.6858
2026/09/23 15:25:06 - mmengine - INFO - Iter(train) [14950/40000]  base_lr: 4.0754e-04 lr: 4.0754e-05  eta: 3:56:08  time: 0.5577  data_time: 0.0156  memory: 6634  loss: 0.5633  loss_final: 0.1450  loss_rgb: 0.1360  loss_geometry: 0.1112  correction_scale: 0.1000  loss_coarse: 0.0431  loss_region_consistency: 0.0001  loss_final_boundary: 0.0784  loss_boundary: 0.0416  loss_sdf: 0.0080  grad_norm: 2.1962
2026/09/23 15:25:34 - mmengine - INFO - Exp name: stage3_joint_20260923_120333
2026/09/23 15:25:34 - mmengine - INFO - Iter(train) [15000/40000]  base_lr: 4.0681e-04 lr: 4.0681e-05  eta: 3:55:40  time: 0.5749  data_time: 0.0166  memory: 6634  loss: 0.5724  loss_final: 0.1665  loss_rgb: 0.1167  loss_geometry: 0.0986  correction_scale: 0.1000  loss_coarse: 0.0495  loss_region_consistency: 0.0001  loss_final_boundary: 0.0886  loss_boundary: 0.0463  loss_sdf: 0.0061  grad_norm: 2.0950
2026/09/23 15:26:02 - mmengine - INFO - Iter(train) [15050/40000]  base_lr: 4.0608e-04 lr: 4.0608e-05  eta: 3:55:12  time: 0.5617  data_time: 0.0154  memory: 6634  loss: 0.4436  loss_final: 0.0785  loss_rgb: 0.1187  loss_geometry: 0.0994  correction_scale: 0.1000  loss_coarse: 0.0233  loss_region_consistency: 0.0001  loss_final_boundary: 0.0782  loss_boundary: 0.0410  loss_sdf: 0.0044  grad_norm: 2.0033
2026/09/23 15:26:31 - mmengine - INFO - Iter(train) [15100/40000]  base_lr: 4.0535e-04 lr: 4.0535e-05  eta: 3:54:43  time: 0.5701  data_time: 0.0158  memory: 6634  loss: 0.4520  loss_final: 0.0600  loss_rgb: 0.1350  loss_geometry: 0.0872  correction_scale: 0.1000  loss_coarse: 0.0183  loss_region_consistency: 0.0001  loss_final_boundary: 0.0976  loss_boundary: 0.0515  loss_sdf: 0.0023  grad_norm: 1.8119
2026/09/23 15:26:58 - mmengine - INFO - Iter(train) [15150/40000]  base_lr: 4.0461e-04 lr: 4.0461e-05  eta: 3:54:14  time: 0.5501  data_time: 0.0152  memory: 6634  loss: 0.4148  loss_final: 0.0626  loss_rgb: 0.1154  loss_geometry: 0.1099  correction_scale: 0.1000  loss_coarse: 0.0193  loss_region_consistency: 0.0001  loss_final_boundary: 0.0682  loss_boundary: 0.0363  loss_sdf: 0.0029  grad_norm: 1.6137
2026/09/23 15:27:27 - mmengine - INFO - Iter(train) [15200/40000]  base_lr: 4.0388e-04 lr: 4.0388e-05  eta: 3:53:46  time: 0.5741  data_time: 0.0152  memory: 6634  loss: 0.5702  loss_final: 0.1323  loss_rgb: 0.1512  loss_geometry: 0.1050  correction_scale: 0.1000  loss_coarse: 0.0405  loss_region_consistency: 0.0001  loss_final_boundary: 0.0884  loss_boundary: 0.0467  loss_sdf: 0.0060  grad_norm: 1.6061
2026/09/23 15:27:55 - mmengine - INFO - Iter(train) [15250/40000]  base_lr: 4.0315e-04 lr: 4.0315e-05  eta: 3:53:18  time: 0.5609  data_time: 0.0160  memory: 6634  loss: 0.4773  loss_final: 0.1204  loss_rgb: 0.1028  loss_geometry: 0.1026  correction_scale: 0.1000  loss_coarse: 0.0351  loss_region_consistency: 0.0001  loss_final_boundary: 0.0683  loss_boundary: 0.0413  loss_sdf: 0.0067  grad_norm: 1.9764
2026/09/23 15:28:23 - mmengine - INFO - Iter(train) [15300/40000]  base_lr: 4.0241e-04 lr: 4.0241e-05  eta: 3:52:49  time: 0.5511  data_time: 0.0167  memory: 6634  loss: 0.2763  loss_final: 0.0326  loss_rgb: 0.0597  loss_geometry: 0.1112  correction_scale: 0.1000  loss_coarse: 0.0101  loss_region_consistency: 0.0001  loss_final_boundary: 0.0393  loss_boundary: 0.0210  loss_sdf: 0.0023  grad_norm: 1.4073
2026/09/23 15:28:51 - mmengine - INFO - Iter(train) [15350/40000]  base_lr: 4.0168e-04 lr: 4.0168e-05  eta: 3:52:21  time: 0.5550  data_time: 0.0150  memory: 6634  loss: 0.4690  loss_final: 0.0950  loss_rgb: 0.0997  loss_geometry: 0.1208  correction_scale: 0.1000  loss_coarse: 0.0285  loss_region_consistency: 0.0001  loss_final_boundary: 0.0791  loss_boundary: 0.0416  loss_sdf: 0.0042  grad_norm: 1.2445
2026/09/23 15:29:19 - mmengine - INFO - Iter(train) [15400/40000]  base_lr: 4.0095e-04 lr: 4.0095e-05  eta: 3:51:52  time: 0.5679  data_time: 0.0154  memory: 6634  loss: 0.5166  loss_final: 0.1613  loss_rgb: 0.0929  loss_geometry: 0.1010  correction_scale: 0.1000  loss_coarse: 0.0455  loss_region_consistency: 0.0001  loss_final_boundary: 0.0690  loss_boundary: 0.0359  loss_sdf: 0.0110  grad_norm: 1.7390
2026/09/23 15:29:48 - mmengine - INFO - Iter(train) [15450/40000]  base_lr: 4.0021e-04 lr: 4.0021e-05  eta: 3:51:24  time: 0.5668  data_time: 0.0165  memory: 6634  loss: 0.4985  loss_final: 0.0937  loss_rgb: 0.1338  loss_geometry: 0.1002  correction_scale: 0.1000  loss_coarse: 0.0287  loss_region_consistency: 0.0001  loss_final_boundary: 0.0888  loss_boundary: 0.0477  loss_sdf: 0.0054  grad_norm: 1.7074
2026/09/23 15:30:16 - mmengine - INFO - Iter(train) [15500/40000]  base_lr: 3.9948e-04 lr: 3.9948e-05  eta: 3:50:55  time: 0.5551  data_time: 0.0170  memory: 6634  loss: 0.4065  loss_final: 0.0666  loss_rgb: 0.1021  loss_geometry: 0.1095  correction_scale: 0.1000  loss_coarse: 0.0208  loss_region_consistency: 0.0001  loss_final_boundary: 0.0686  loss_boundary: 0.0360  loss_sdf: 0.0028  grad_norm: 1.6790
2026/09/23 15:30:44 - mmengine - INFO - Iter(train) [15550/40000]  base_lr: 3.9875e-04 lr: 3.9875e-05  eta: 3:50:27  time: 0.5570  data_time: 0.0159  memory: 6634  loss: 0.4410  loss_final: 0.0930  loss_rgb: 0.1089  loss_geometry: 0.1022  correction_scale: 0.1000  loss_coarse: 0.0271  loss_region_consistency: 0.0001  loss_final_boundary: 0.0686  loss_boundary: 0.0361  loss_sdf: 0.0051  grad_norm: 1.5693
2026/09/23 15:31:12 - mmengine - INFO - Iter(train) [15600/40000]  base_lr: 3.9801e-04 lr: 3.9801e-05  eta: 3:49:59  time: 0.5595  data_time: 0.0168  memory: 6634  loss: 0.5097  loss_final: 0.1262  loss_rgb: 0.1293  loss_geometry: 0.1200  correction_scale: 0.1000  loss_coarse: 0.0384  loss_region_consistency: 0.0001  loss_final_boundary: 0.0592  loss_boundary: 0.0318  loss_sdf: 0.0046  grad_norm: 1.7960
2026/09/23 15:31:40 - mmengine - INFO - Iter(train) [15650/40000]  base_lr: 3.9728e-04 lr: 3.9728e-05  eta: 3:49:30  time: 0.5532  data_time: 0.0152  memory: 6634  loss: 0.3966  loss_final: 0.0487  loss_rgb: 0.1182  loss_geometry: 0.0941  correction_scale: 0.1000  loss_coarse: 0.0153  loss_region_consistency: 0.0001  loss_final_boundary: 0.0777  loss_boundary: 0.0407  loss_sdf: 0.0019  grad_norm: 1.6755
2026/09/23 15:32:09 - mmengine - INFO - Iter(train) [15700/40000]  base_lr: 3.9654e-04 lr: 3.9654e-05  eta: 3:49:02  time: 0.5594  data_time: 0.0165  memory: 6634  loss: 0.4584  loss_final: 0.0778  loss_rgb: 0.1188  loss_geometry: 0.1148  correction_scale: 0.1000  loss_coarse: 0.0235  loss_region_consistency: 0.0001  loss_final_boundary: 0.0788  loss_boundary: 0.0410  loss_sdf: 0.0037  grad_norm: 1.4554
2026/09/23 15:32:37 - mmengine - INFO - Iter(train) [15750/40000]  base_lr: 3.9581e-04 lr: 3.9581e-05  eta: 3:48:33  time: 0.5683  data_time: 0.0174  memory: 6634  loss: 0.4736  loss_final: 0.0876  loss_rgb: 0.1142  loss_geometry: 0.1037  correction_scale: 0.1000  loss_coarse: 0.0271  loss_region_consistency: 0.0001  loss_final_boundary: 0.0883  loss_boundary: 0.0462  loss_sdf: 0.0064  grad_norm: 1.6878
2026/09/23 15:33:05 - mmengine - INFO - Iter(train) [15800/40000]  base_lr: 3.9508e-04 lr: 3.9508e-05  eta: 3:48:06  time: 0.5772  data_time: 0.0152  memory: 6634  loss: 0.6071  loss_final: 0.1386  loss_rgb: 0.1537  loss_geometry: 0.1156  correction_scale: 0.1000  loss_coarse: 0.0417  loss_region_consistency: 0.0001  loss_final_boundary: 0.0982  loss_boundary: 0.0524  loss_sdf: 0.0067  grad_norm: 1.5429
2026/09/23 15:33:34 - mmengine - INFO - Iter(train) [15850/40000]  base_lr: 3.9434e-04 lr: 3.9434e-05  eta: 3:47:37  time: 0.5637  data_time: 0.0158  memory: 6634  loss: 0.4420  loss_final: 0.0663  loss_rgb: 0.1251  loss_geometry: 0.1060  correction_scale: 0.1000  loss_coarse: 0.0205  loss_region_consistency: 0.0001  loss_final_boundary: 0.0783  loss_boundary: 0.0420  loss_sdf: 0.0038  grad_norm: 1.5518
2026/09/23 15:34:02 - mmengine - INFO - Iter(train) [15900/40000]  base_lr: 3.9361e-04 lr: 3.9361e-05  eta: 3:47:09  time: 0.5565  data_time: 0.0171  memory: 6634  loss: 0.4182  loss_final: 0.0756  loss_rgb: 0.0962  loss_geometry: 0.1126  correction_scale: 0.1000  loss_coarse: 0.0228  loss_region_consistency: 0.0001  loss_final_boundary: 0.0691  loss_boundary: 0.0367  loss_sdf: 0.0051  grad_norm: 1.4467
2026/09/23 15:34:30 - mmengine - INFO - Iter(train) [15950/40000]  base_lr: 3.9287e-04 lr: 3.9287e-05  eta: 3:46:41  time: 0.5681  data_time: 0.0156  memory: 6634  loss: 0.5742  loss_final: 0.1215  loss_rgb: 0.1599  loss_geometry: 0.0991  correction_scale: 0.1000  loss_coarse: 0.0351  loss_region_consistency: 0.0001  loss_final_boundary: 0.0983  loss_boundary: 0.0524  loss_sdf: 0.0078  grad_norm: 1.5103
2026/09/23 15:34:58 - mmengine - INFO - Exp name: stage3_joint_20260923_120333
2026/09/23 15:34:58 - mmengine - INFO - Iter(train) [16000/40000]  base_lr: 3.9214e-04 lr: 3.9214e-05  eta: 3:46:12  time: 0.5664  data_time: 0.0156  memory: 6634  loss: 0.4662  loss_final: 0.0718  loss_rgb: 0.1350  loss_geometry: 0.1130  correction_scale: 0.1000  loss_coarse: 0.0217  loss_region_consistency: 0.0001  loss_final_boundary: 0.0784  loss_boundary: 0.0422  loss_sdf: 0.0039  grad_norm: 1.4403
2026/09/23 15:34:58 - mmengine - INFO - Saving checkpoint at 16000 iterations
2026/09/23 15:36:04 - mmengine - INFO - Iter(val) [ 50/304]    eta: 0:05:25  time: 1.2758  data_time: 0.0221  memory: 1189  
2026/09/23 15:37:31 - mmengine - INFO - Iter(val) [100/304]    eta: 0:05:08  time: 1.6979  data_time: 0.0215  memory: 1189  
2026/09/23 15:38:54 - mmengine - INFO - Iter(val) [150/304]    eta: 0:04:00  time: 1.6393  data_time: 0.0207  memory: 1189  
2026/09/23 15:40:16 - mmengine - INFO - Iter(val) [200/304]    eta: 0:02:44  time: 1.6391  data_time: 0.0206  memory: 1189  
2026/09/23 15:41:37 - mmengine - INFO - Iter(val) [250/304]    eta: 0:01:25  time: 1.6352  data_time: 0.0203  memory: 1189  
2026/09/23 15:42:58 - mmengine - INFO - Iter(val) [300/304]    eta: 0:00:06  time: 1.5997  data_time: 0.0207  memory: 1189  
2026/09/23 15:43:04 - mmengine - INFO - per class results:
2026/09/23 15:43:04 - mmengine - INFO - 
+------------------+-------+-------+-------+--------+-----------+--------+
|      Class       |  IoU  |  Acc  |  Dice | Fscore | Precision | Recall |
+------------------+-------+-------+-------+--------+-----------+--------+
|    background    | 97.63 | 98.59 |  98.8 |  98.8  |   99.02   | 98.59  |
| wastewater_plant | 76.58 | 88.87 | 86.74 | 86.74  |    84.7   | 88.87  |
+------------------+-------+-------+-------+--------+-----------+--------+
2026/09/23 15:43:04 - mmengine - INFO - Iter(val) [304/304]    aAcc: 97.8000  mIoU: 87.1100  mAcc: 93.7300  mDice: 92.7700  mFscore: 92.7700  mPrecision: 91.8600  mRecall: 93.7300  binary/Foreground_IoU: 76.5810  binary/Dice: 86.7376  binary/F1: 86.7376  binary/Precision: 84.7045  binary/Recall: 88.8706  binary/Boundary_F1: 15.9415  binary/BFScore: 15.9415  binary/Boundary_Precision: 13.3339  binary/Boundary_Recall: 19.8170  binary/Hausdorff_px: 377.2237  binary/HD95_px: 264.8258  binary/Hausdorff_m: 188.6119  binary/HD95_m: 132.4129  data_time: 0.0229  time: 1.5937
2026/09/23 15:43:04 - mmengine - INFO - The previous best checkpoint /workspace/work_dirs/rpgv_v2_paper_reuse/paper_reuse/seed_42/no_rgr/stage3_joint/best_binary_Foreground_IoU_iter_14000.pth is removed
2026/09/23 15:43:06 - mmengine - INFO - The best checkpoint with 76.5810 binary/Foreground_IoU at 16000 iter is saved to best_binary_Foreground_IoU_iter_16000.pth.
2026/09/23 15:43:37 - mmengine - INFO - Iter(train) [16050/40000]  base_lr: 3.9140e-04 lr: 3.9140e-05  eta: 3:45:50  time: 0.5648  data_time: 0.0153  memory: 6634  loss: 0.4911  loss_final: 0.0803  loss_rgb: 0.1369  loss_geometry: 0.0949  correction_scale: 0.1000  loss_coarse: 0.0244  loss_region_consistency: 0.0001  loss_final_boundary: 0.0981  loss_boundary: 0.0518  loss_sdf: 0.0046  grad_norm: 1.4725
2026/09/23 15:44:05 - mmengine - INFO - Iter(train) [16100/40000]  base_lr: 3.9067e-04 lr: 3.9067e-05  eta: 3:45:21  time: 0.5539  data_time: 0.0154  memory: 6634  loss: 0.4723  loss_final: 0.0893  loss_rgb: 0.1085  loss_geometry: 0.1388  correction_scale: 0.1000  loss_coarse: 0.0259  loss_region_consistency: 0.0001  loss_final_boundary: 0.0687  loss_boundary: 0.0366  loss_sdf: 0.0044  grad_norm: 1.7372
2026/09/23 15:44:33 - mmengine - INFO - Iter(train) [16150/40000]  base_lr: 3.8993e-04 lr: 3.8993e-05  eta: 3:44:53  time: 0.5628  data_time: 0.0154  memory: 6634  loss: 0.4467  loss_final: 0.0694  loss_rgb: 0.1334  loss_geometry: 0.0853  correction_scale: 0.1000  loss_coarse: 0.0212  loss_region_consistency: 0.0001  loss_final_boundary: 0.0880  loss_boundary: 0.0457  loss_sdf: 0.0035  grad_norm: 1.9526
2026/09/23 15:45:01 - mmengine - INFO - Iter(train) [16200/40000]  base_lr: 3.8919e-04 lr: 3.8919e-05  eta: 3:44:24  time: 0.5723  data_time: 0.0156  memory: 6634  loss: 0.4803  loss_final: 0.0932  loss_rgb: 0.1223  loss_geometry: 0.0947  correction_scale: 0.1000  loss_coarse: 0.0287  loss_region_consistency: 0.0001  loss_final_boundary: 0.0887  loss_boundary: 0.0467  loss_sdf: 0.0058  grad_norm: 1.6551
2026/09/23 15:45:29 - mmengine - INFO - Iter(train) [16250/40000]  base_lr: 3.8846e-04 lr: 3.8846e-05  eta: 3:43:56  time: 0.5640  data_time: 0.0159  memory: 6634  loss: 0.4565  loss_final: 0.0783  loss_rgb: 0.1151  loss_geometry: 0.1005  correction_scale: 0.1000  loss_coarse: 0.0249  loss_region_consistency: 0.0001  loss_final_boundary: 0.0882  loss_boundary: 0.0456  loss_sdf: 0.0039  grad_norm: 1.3588
2026/09/23 15:45:57 - mmengine - INFO - Iter(train) [16300/40000]  base_lr: 3.8772e-04 lr: 3.8772e-05  eta: 3:43:27  time: 0.5561  data_time: 0.0156  memory: 6634  loss: 0.6499  loss_final: 0.1839  loss_rgb: 0.1465  loss_geometry: 0.1340  correction_scale: 0.1000  loss_coarse: 0.0548  loss_region_consistency: 0.0001  loss_final_boundary: 0.0789  loss_boundary: 0.0464  loss_sdf: 0.0054  grad_norm: 1.7223
2026/09/23 15:46:25 - mmengine - INFO - Iter(train) [16350/40000]  base_lr: 3.8699e-04 lr: 3.8699e-05  eta: 3:42:59  time: 0.5681  data_time: 0.0145  memory: 6634  loss: 0.5252  loss_final: 0.0954  loss_rgb: 0.1461  loss_geometry: 0.1000  correction_scale: 0.1000  loss_coarse: 0.0291  loss_region_consistency: 0.0001  loss_final_boundary: 0.0974  loss_boundary: 0.0523  loss_sdf: 0.0048  grad_norm: 1.6156
2026/09/23 15:46:54 - mmengine - INFO - Iter(train) [16400/40000]  base_lr: 3.8625e-04 lr: 3.8625e-05  eta: 3:42:31  time: 0.5622  data_time: 0.0151  memory: 6634  loss: 0.3612  loss_final: 0.0749  loss_rgb: 0.0740  loss_geometry: 0.1110  correction_scale: 0.1000  loss_coarse: 0.0226  loss_region_consistency: 0.0001  loss_final_boundary: 0.0492  loss_boundary: 0.0259  loss_sdf: 0.0037  grad_norm: 1.5970
2026/09/23 15:47:22 - mmengine - INFO - Iter(train) [16450/40000]  base_lr: 3.8551e-04 lr: 3.8551e-05  eta: 3:42:03  time: 0.5590  data_time: 0.0150  memory: 6634  loss: 0.4885  loss_final: 0.0843  loss_rgb: 0.1334  loss_geometry: 0.1037  correction_scale: 0.1000  loss_coarse: 0.0260  loss_region_consistency: 0.0001  loss_final_boundary: 0.0889  loss_boundary: 0.0467  loss_sdf: 0.0054  grad_norm: 1.6389
2026/09/23 15:47:50 - mmengine - INFO - Iter(train) [16500/40000]  base_lr: 3.8478e-04 lr: 3.8478e-05  eta: 3:41:34  time: 0.5606  data_time: 0.0153  memory: 6634  loss: 0.4503  loss_final: 0.0716  loss_rgb: 0.1200  loss_geometry: 0.0991  correction_scale: 0.1000  loss_coarse: 0.0218  loss_region_consistency: 0.0001  loss_final_boundary: 0.0879  loss_boundary: 0.0461  loss_sdf: 0.0036  grad_norm: 1.9909
2026/09/23 15:48:18 - mmengine - INFO - Iter(train) [16550/40000]  base_lr: 3.8404e-04 lr: 3.8404e-05  eta: 3:41:05  time: 0.5613  data_time: 0.0163  memory: 6634  loss: 0.5065  loss_final: 0.1022  loss_rgb: 0.1281  loss_geometry: 0.1192  correction_scale: 0.1000  loss_coarse: 0.0305  loss_region_consistency: 0.0001  loss_final_boundary: 0.0785  loss_boundary: 0.0422  loss_sdf: 0.0058  grad_norm: 1.7283
2026/09/23 15:48:46 - mmengine - INFO - Iter(train) [16600/40000]  base_lr: 3.8330e-04 lr: 3.8330e-05  eta: 3:40:37  time: 0.5706  data_time: 0.0166  memory: 6634  loss: 0.4577  loss_final: 0.0772  loss_rgb: 0.1240  loss_geometry: 0.0950  correction_scale: 0.1000  loss_coarse: 0.0231  loss_region_consistency: 0.0001  loss_final_boundary: 0.0877  loss_boundary: 0.0466  loss_sdf: 0.0039  grad_norm: 1.6579
2026/09/23 15:49:15 - mmengine - INFO - Iter(train) [16650/40000]  base_lr: 3.8256e-04 lr: 3.8256e-05  eta: 3:40:08  time: 0.5575  data_time: 0.0157  memory: 6634  loss: 0.4552  loss_final: 0.0785  loss_rgb: 0.1220  loss_geometry: 0.1057  correction_scale: 0.1000  loss_coarse: 0.0235  loss_region_consistency: 0.0001  loss_final_boundary: 0.0788  loss_boundary: 0.0420  loss_sdf: 0.0047  grad_norm: 1.6208
2026/09/23 15:49:43 - mmengine - INFO - Iter(train) [16700/40000]  base_lr: 3.8183e-04 lr: 3.8183e-05  eta: 3:39:40  time: 0.5671  data_time: 0.0172  memory: 6634  loss: 0.5165  loss_final: 0.1102  loss_rgb: 0.1265  loss_geometry: 0.1059  correction_scale: 0.1000  loss_coarse: 0.0325  loss_region_consistency: 0.0001  loss_final_boundary: 0.0882  loss_boundary: 0.0463  loss_sdf: 0.0068  grad_norm: 1.6024
2026/09/23 15:50:11 - mmengine - INFO - Iter(train) [16750/40000]  base_lr: 3.8109e-04 lr: 3.8109e-05  eta: 3:39:12  time: 0.5607  data_time: 0.0157  memory: 6634  loss: 0.4551  loss_final: 0.0763  loss_rgb: 0.1260  loss_geometry: 0.0908  correction_scale: 0.1000  loss_coarse: 0.0231  loss_region_consistency: 0.0001  loss_final_boundary: 0.0880  loss_boundary: 0.0464  loss_sdf: 0.0043  grad_norm: 1.6500
2026/09/23 15:50:40 - mmengine - INFO - Iter(train) [16800/40000]  base_lr: 3.8035e-04 lr: 3.8035e-05  eta: 3:38:44  time: 0.5789  data_time: 0.0163  memory: 6634  loss: 0.5535  loss_final: 0.1422  loss_rgb: 0.1352  loss_geometry: 0.0896  correction_scale: 0.1000  loss_coarse: 0.0420  loss_region_consistency: 0.0001  loss_final_boundary: 0.0887  loss_boundary: 0.0471  loss_sdf: 0.0086  grad_norm: 3.6714
2026/09/23 15:51:08 - mmengine - INFO - Iter(train) [16850/40000]  base_lr: 3.7961e-04 lr: 3.7961e-05  eta: 3:38:15  time: 0.5571  data_time: 0.0152  memory: 6634  loss: 0.4854  loss_final: 0.0983  loss_rgb: 0.1252  loss_geometry: 0.1069  correction_scale: 0.1000  loss_coarse: 0.0301  loss_region_consistency: 0.0001  loss_final_boundary: 0.0786  loss_boundary: 0.0415  loss_sdf: 0.0048  grad_norm: 2.0435
2026/09/23 15:51:36 - mmengine - INFO - Iter(train) [16900/40000]  base_lr: 3.7888e-04 lr: 3.7888e-05  eta: 3:37:47  time: 0.5698  data_time: 0.0164  memory: 6634  loss: 0.5927  loss_final: 0.1408  loss_rgb: 0.1568  loss_geometry: 0.0956  correction_scale: 0.1000  loss_coarse: 0.0417  loss_region_consistency: 0.0001  loss_final_boundary: 0.0982  loss_boundary: 0.0514  loss_sdf: 0.0079  grad_norm: 2.5704
2026/09/23 15:52:04 - mmengine - INFO - Iter(train) [16950/40000]  base_lr: 3.7814e-04 lr: 3.7814e-05  eta: 3:37:19  time: 0.5718  data_time: 0.0161  memory: 6634  loss: 0.6805  loss_final: 0.2154  loss_rgb: 0.1495  loss_geometry: 0.0907  correction_scale: 0.1000  loss_coarse: 0.0643  loss_region_consistency: 0.0001  loss_final_boundary: 0.0986  loss_boundary: 0.0531  loss_sdf: 0.0087  grad_norm: 3.2877
2026/09/23 15:52:33 - mmengine - INFO - Exp name: stage3_joint_20260923_120333
2026/09/23 15:52:33 - mmengine - INFO - Iter(train) [17000/40000]  base_lr: 3.7740e-04 lr: 3.7740e-05  eta: 3:36:50  time: 0.5711  data_time: 0.0154  memory: 6634  loss: 0.4814  loss_final: 0.0935  loss_rgb: 0.1315  loss_geometry: 0.0865  correction_scale: 0.1000  loss_coarse: 0.0283  loss_region_consistency: 0.0001  loss_final_boundary: 0.0884  loss_boundary: 0.0472  loss_sdf: 0.0058  grad_norm: 3.3994
2026/09/23 15:53:01 - mmengine - INFO - Iter(train) [17050/40000]  base_lr: 3.7666e-04 lr: 3.7666e-05  eta: 3:36:22  time: 0.5665  data_time: 0.0154  memory: 6634  loss: 0.5456  loss_final: 0.1224  loss_rgb: 0.1417  loss_geometry: 0.1052  correction_scale: 0.1000  loss_coarse: 0.0369  loss_region_consistency: 0.0001  loss_final_boundary: 0.0889  loss_boundary: 0.0464  loss_sdf: 0.0040  grad_norm: 4.2389
2026/09/23 15:53:29 - mmengine - INFO - Iter(train) [17100/40000]  base_lr: 3.7592e-04 lr: 3.7592e-05  eta: 3:35:53  time: 0.5450  data_time: 0.0153  memory: 6634  loss: 0.3680  loss_final: 0.0770  loss_rgb: 0.0720  loss_geometry: 0.1183  correction_scale: 0.1000  loss_coarse: 0.0223  loss_region_consistency: 0.0001  loss_final_boundary: 0.0495  loss_boundary: 0.0256  loss_sdf: 0.0032  grad_norm: 4.2404
2026/09/23 15:53:57 - mmengine - INFO - Iter(train) [17150/40000]  base_lr: 3.7518e-04 lr: 3.7518e-05  eta: 3:35:25  time: 0.5603  data_time: 0.0156  memory: 6634  loss: 0.5142  loss_final: 0.1107  loss_rgb: 0.1353  loss_geometry: 0.0953  correction_scale: 0.1000  loss_coarse: 0.0335  loss_region_consistency: 0.0001  loss_final_boundary: 0.0883  loss_boundary: 0.0464  loss_sdf: 0.0045  grad_norm: 2.1911
2026/09/23 15:54:25 - mmengine - INFO - Iter(train) [17200/40000]  base_lr: 3.7445e-04 lr: 3.7445e-05  eta: 3:34:57  time: 0.5723  data_time: 0.0151  memory: 6634  loss: 0.4676  loss_final: 0.0864  loss_rgb: 0.1208  loss_geometry: 0.0941  correction_scale: 0.1000  loss_coarse: 0.0263  loss_region_consistency: 0.0001  loss_final_boundary: 0.0882  loss_boundary: 0.0472  loss_sdf: 0.0045  grad_norm: 2.6192
2026/09/23 15:54:53 - mmengine - INFO - Iter(train) [17250/40000]  base_lr: 3.7371e-04 lr: 3.7371e-05  eta: 3:34:28  time: 0.5574  data_time: 0.0161  memory: 6634  loss: 0.4028  loss_final: 0.0454  loss_rgb: 0.1287  loss_geometry: 0.0926  correction_scale: 0.1000  loss_coarse: 0.0155  loss_region_consistency: 0.0001  loss_final_boundary: 0.0776  loss_boundary: 0.0404  loss_sdf: 0.0024  grad_norm: 2.5326
2026/09/23 15:55:21 - mmengine - INFO - Iter(train) [17300/40000]  base_lr: 3.7297e-04 lr: 3.7297e-05  eta: 3:33:59  time: 0.5565  data_time: 0.0153  memory: 6634  loss: 0.4160  loss_final: 0.0722  loss_rgb: 0.1035  loss_geometry: 0.1107  correction_scale: 0.1000  loss_coarse: 0.0208  loss_region_consistency: 0.0001  loss_final_boundary: 0.0682  loss_boundary: 0.0362  loss_sdf: 0.0044  grad_norm: 1.9774
2026/09/23 15:55:50 - mmengine - INFO - Iter(train) [17350/40000]  base_lr: 3.7223e-04 lr: 3.7223e-05  eta: 3:33:31  time: 0.5541  data_time: 0.0158  memory: 6634  loss: 0.3824  loss_final: 0.0552  loss_rgb: 0.1063  loss_geometry: 0.0981  correction_scale: 0.1000  loss_coarse: 0.0165  loss_region_consistency: 0.0001  loss_final_boundary: 0.0685  loss_boundary: 0.0355  loss_sdf: 0.0022  grad_norm: 2.2918
2026/09/23 15:56:18 - mmengine - INFO - Iter(train) [17400/40000]  base_lr: 3.7149e-04 lr: 3.7149e-05  eta: 3:33:03  time: 0.5691  data_time: 0.0152  memory: 6634  loss: 0.4799  loss_final: 0.0676  loss_rgb: 0.1516  loss_geometry: 0.1004  correction_scale: 0.1000  loss_coarse: 0.0210  loss_region_consistency: 0.0001  loss_final_boundary: 0.0886  loss_boundary: 0.0470  loss_sdf: 0.0036  grad_norm: 2.0377
2026/09/23 15:56:46 - mmengine - INFO - Iter(train) [17450/40000]  base_lr: 3.7075e-04 lr: 3.7075e-05  eta: 3:32:34  time: 0.5574  data_time: 0.0146  memory: 6634  loss: 0.4451  loss_final: 0.0634  loss_rgb: 0.1199  loss_geometry: 0.1197  correction_scale: 0.1000  loss_coarse: 0.0192  loss_region_consistency: 0.0001  loss_final_boundary: 0.0776  loss_boundary: 0.0412  loss_sdf: 0.0041  grad_norm: 1.6282
2026/09/23 15:57:14 - mmengine - INFO - Iter(train) [17500/40000]  base_lr: 3.7001e-04 lr: 3.7001e-05  eta: 3:32:06  time: 0.5527  data_time: 0.0151  memory: 6634  loss: 0.4361  loss_final: 0.0791  loss_rgb: 0.1131  loss_geometry: 0.1113  correction_scale: 0.1000  loss_coarse: 0.0236  loss_region_consistency: 0.0001  loss_final_boundary: 0.0688  loss_boundary: 0.0361  loss_sdf: 0.0041  grad_norm: 2.0551
2026/09/23 15:57:42 - mmengine - INFO - Iter(train) [17550/40000]  base_lr: 3.6927e-04 lr: 3.6927e-05  eta: 3:31:37  time: 0.5588  data_time: 0.0152  memory: 6634  loss: 0.4551  loss_final: 0.0655  loss_rgb: 0.1348  loss_geometry: 0.0966  correction_scale: 0.1000  loss_coarse: 0.0204  loss_region_consistency: 0.0001  loss_final_boundary: 0.0880  loss_boundary: 0.0470  loss_sdf: 0.0027  grad_norm: 1.9705
2026/09/23 15:58:11 - mmengine - INFO - Iter(train) [17600/40000]  base_lr: 3.6853e-04 lr: 3.6853e-05  eta: 3:31:09  time: 0.5691  data_time: 0.0154  memory: 6634  loss: 0.5270  loss_final: 0.1244  loss_rgb: 0.1333  loss_geometry: 0.1064  correction_scale: 0.1000  loss_coarse: 0.0371  loss_region_consistency: 0.0001  loss_final_boundary: 0.0786  loss_boundary: 0.0411  loss_sdf: 0.0059  grad_norm: 1.4329
2026/09/23 15:58:39 - mmengine - INFO - Iter(train) [17650/40000]  base_lr: 3.6779e-04 lr: 3.6779e-05  eta: 3:30:41  time: 0.5601  data_time: 0.0160  memory: 6634  loss: 0.6478  loss_final: 0.2024  loss_rgb: 0.1257  loss_geometry: 0.1132  correction_scale: 0.1000  loss_coarse: 0.0593  loss_region_consistency: 0.0001  loss_final_boundary: 0.0887  loss_boundary: 0.0468  loss_sdf: 0.0115  grad_norm: 1.6902
2026/09/23 15:59:07 - mmengine - INFO - Iter(train) [17700/40000]  base_lr: 3.6705e-04 lr: 3.6705e-05  eta: 3:30:12  time: 0.5520  data_time: 0.0163  memory: 6634  loss: 0.3746  loss_final: 0.0446  loss_rgb: 0.0948  loss_geometry: 0.1131  correction_scale: 0.1000  loss_coarse: 0.0139  loss_region_consistency: 0.0001  loss_final_boundary: 0.0687  loss_boundary: 0.0365  loss_sdf: 0.0028  grad_norm: 1.8441
2026/09/23 15:59:35 - mmengine - INFO - Iter(train) [17750/40000]  base_lr: 3.6631e-04 lr: 3.6631e-05  eta: 3:29:44  time: 0.5657  data_time: 0.0167  memory: 6634  loss: 0.5128  loss_final: 0.0989  loss_rgb: 0.1409  loss_geometry: 0.1023  correction_scale: 0.1000  loss_coarse: 0.0308  loss_region_consistency: 0.0001  loss_final_boundary: 0.0878  loss_boundary: 0.0468  loss_sdf: 0.0052  grad_norm: 1.8697
2026/09/23 16:00:03 - mmengine - INFO - Iter(train) [17800/40000]  base_lr: 3.6556e-04 lr: 3.6556e-05  eta: 3:29:16  time: 0.5657  data_time: 0.0149  memory: 6634  loss: 0.4094  loss_final: 0.0744  loss_rgb: 0.0974  loss_geometry: 0.1076  correction_scale: 0.1000  loss_coarse: 0.0224  loss_region_consistency: 0.0001  loss_final_boundary: 0.0686  loss_boundary: 0.0358  loss_sdf: 0.0030  grad_norm: 2.1516
2026/09/23 16:00:31 - mmengine - INFO - Iter(train) [17850/40000]  base_lr: 3.6482e-04 lr: 3.6482e-05  eta: 3:28:47  time: 0.5538  data_time: 0.0155  memory: 6634  loss: 0.3804  loss_final: 0.0528  loss_rgb: 0.1002  loss_geometry: 0.1028  correction_scale: 0.1000  loss_coarse: 0.0162  loss_region_consistency: 0.0001  loss_final_boundary: 0.0686  loss_boundary: 0.0366  loss_sdf: 0.0031  grad_norm: 2.3423
2026/09/23 16:01:00 - mmengine - INFO - Iter(train) [17900/40000]  base_lr: 3.6408e-04 lr: 3.6408e-05  eta: 3:28:19  time: 0.5578  data_time: 0.0155  memory: 6634  loss: 0.5330  loss_final: 0.1097  loss_rgb: 0.1499  loss_geometry: 0.0974  correction_scale: 0.1000  loss_coarse: 0.0351  loss_region_consistency: 0.0001  loss_final_boundary: 0.0886  loss_boundary: 0.0467  loss_sdf: 0.0053  grad_norm: 2.3139
2026/09/23 16:01:28 - mmengine - INFO - Iter(train) [17950/40000]  base_lr: 3.6334e-04 lr: 3.6334e-05  eta: 3:27:50  time: 0.5648  data_time: 0.0151  memory: 6634  loss: 0.4946  loss_final: 0.1059  loss_rgb: 0.1275  loss_geometry: 0.1041  correction_scale: 0.1000  loss_coarse: 0.0307  loss_region_consistency: 0.0001  loss_final_boundary: 0.0787  loss_boundary: 0.0415  loss_sdf: 0.0062  grad_norm: 1.8273
2026/09/23 16:01:56 - mmengine - INFO - Exp name: stage3_joint_20260923_120333
2026/09/23 16:01:56 - mmengine - INFO - Iter(train) [18000/40000]  base_lr: 3.6260e-04 lr: 3.6260e-05  eta: 3:27:22  time: 0.5743  data_time: 0.0160  memory: 6634  loss: 0.4367  loss_final: 0.0853  loss_rgb: 0.1116  loss_geometry: 0.0896  correction_scale: 0.1000  loss_coarse: 0.0262  loss_region_consistency: 0.0001  loss_final_boundary: 0.0781  loss_boundary: 0.0413  loss_sdf: 0.0045  grad_norm: 1.7645
2026/09/23 16:01:56 - mmengine - INFO - Saving checkpoint at 18000 iterations
2026/09/23 16:03:02 - mmengine - INFO - Iter(val) [ 50/304]    eta: 0:05:27  time: 1.2766  data_time: 0.0207  memory: 1189  
2026/09/23 16:04:30 - mmengine - INFO - Iter(val) [100/304]    eta: 0:05:10  time: 1.7075  data_time: 0.0204  memory: 1189  
2026/09/23 16:05:54 - mmengine - INFO - Iter(val) [150/304]    eta: 0:04:02  time: 1.6658  data_time: 0.0215  memory: 1189  
2026/09/23 16:07:16 - mmengine - INFO - Iter(val) [200/304]    eta: 0:02:45  time: 1.6493  data_time: 0.0199  memory: 1189  
2026/09/23 16:08:38 - mmengine - INFO - Iter(val) [250/304]    eta: 0:01:26  time: 1.6570  data_time: 0.0215  memory: 1189  
2026/09/23 16:09:59 - mmengine - INFO - Iter(val) [300/304]    eta: 0:00:06  time: 1.6017  data_time: 0.0221  memory: 1189  
2026/09/23 16:10:06 - mmengine - INFO - per class results:
2026/09/23 16:10:06 - mmengine - INFO - 
+------------------+-------+-------+-------+--------+-----------+--------+
|      Class       |  IoU  |  Acc  |  Dice | Fscore | Precision | Recall |
+------------------+-------+-------+-------+--------+-----------+--------+
|    background    | 97.07 | 97.75 | 98.51 | 98.51  |   99.29   | 97.75  |
| wastewater_plant | 73.31 | 92.04 |  84.6 |  84.6  |   78.27   | 92.04  |
+------------------+-------+-------+-------+--------+-----------+--------+
2026/09/23 16:10:06 - mmengine - INFO - Iter(val) [304/304]    aAcc: 97.2900  mIoU: 85.1900  mAcc: 94.8900  mDice: 91.5500  mFscore: 91.5500  mPrecision: 88.7800  mRecall: 94.8900  binary/Foreground_IoU: 73.3059  binary/Dice: 84.5971  binary/F1: 84.5971  binary/Precision: 78.2683  binary/Recall: 92.0395  binary/Boundary_F1: 14.1892  binary/BFScore: 14.1892  binary/Boundary_Precision: 11.1457  binary/Boundary_Recall: 19.5194  binary/Hausdorff_px: 505.6550  binary/HD95_px: 381.1305  binary/Hausdorff_m: 252.8275  binary/HD95_m: 190.5653  data_time: 0.0227  time: 1.6056
2026/09/23 16:10:34 - mmengine - INFO - Iter(train) [18050/40000]  base_lr: 3.6186e-04 lr: 3.6186e-05  eta: 3:26:54  time: 0.5694  data_time: 0.0151  memory: 6634  loss: 0.5925  loss_final: 0.1384  loss_rgb: 0.1553  loss_geometry: 0.0958  correction_scale: 0.1000  loss_coarse: 0.0408  loss_region_consistency: 0.0002  loss_final_boundary: 0.0983  loss_boundary: 0.0536  loss_sdf: 0.0101  grad_norm: 2.1901
2026/09/23 16:11:03 - mmengine - INFO - Iter(train) [18100/40000]  base_lr: 3.6112e-04 lr: 3.6112e-05  eta: 3:26:26  time: 0.5693  data_time: 0.0165  memory: 6634  loss: 0.5943  loss_final: 0.1503  loss_rgb: 0.1538  loss_geometry: 0.0952  correction_scale: 0.1000  loss_coarse: 0.0452  loss_region_consistency: 0.0002  loss_final_boundary: 0.0887  loss_boundary: 0.0514  loss_sdf: 0.0096  grad_norm: 2.0336
2026/09/23 16:11:31 - mmengine - INFO - Iter(train) [18150/40000]  base_lr: 3.6037e-04 lr: 3.6037e-05  eta: 3:25:58  time: 0.5727  data_time: 0.0173  memory: 6634  loss: 0.5603  loss_final: 0.1029  loss_rgb: 0.1655  loss_geometry: 0.1062  correction_scale: 0.1000  loss_coarse: 0.0317  loss_region_consistency: 0.0001  loss_final_boundary: 0.0977  loss_boundary: 0.0516  loss_sdf: 0.0046  grad_norm: 1.8602
2026/09/23 16:12:00 - mmengine - INFO - Iter(train) [18200/40000]  base_lr: 3.5963e-04 lr: 3.5963e-05  eta: 3:25:30  time: 0.5844  data_time: 0.0165  memory: 6634  loss: 0.5837  loss_final: 0.1158  loss_rgb: 0.1569  loss_geometry: 0.1193  correction_scale: 0.1000  loss_coarse: 0.0351  loss_region_consistency: 0.0001  loss_final_boundary: 0.0974  loss_boundary: 0.0523  loss_sdf: 0.0068  grad_norm: 1.9928
2026/09/23 16:12:28 - mmengine - INFO - Iter(train) [18250/40000]  base_lr: 3.5889e-04 lr: 3.5889e-05  eta: 3:25:01  time: 0.5617  data_time: 0.0153  memory: 6634  loss: 0.5511  loss_final: 0.1208  loss_rgb: 0.1329  loss_geometry: 0.1186  correction_scale: 0.1000  loss_coarse: 0.0368  loss_region_consistency: 0.0001  loss_final_boundary: 0.0884  loss_boundary: 0.0468  loss_sdf: 0.0067  grad_norm: 3.1767
2026/09/23 16:12:56 - mmengine - INFO - Iter(train) [18300/40000]  base_lr: 3.5815e-04 lr: 3.5815e-05  eta: 3:24:33  time: 0.5536  data_time: 0.0150  memory: 6634  loss: 0.5193  loss_final: 0.0949  loss_rgb: 0.1490  loss_geometry: 0.1057  correction_scale: 0.1000  loss_coarse: 0.0296  loss_region_consistency: 0.0001  loss_final_boundary: 0.0884  loss_boundary: 0.0467  loss_sdf: 0.0049  grad_norm: 1.9601
2026/09/23 16:13:24 - mmengine - INFO - Iter(train) [18350/40000]  base_lr: 3.5740e-04 lr: 3.5740e-05  eta: 3:24:04  time: 0.5505  data_time: 0.0152  memory: 6634  loss: 0.4013  loss_final: 0.0733  loss_rgb: 0.0949  loss_geometry: 0.1012  correction_scale: 0.1000  loss_coarse: 0.0222  loss_region_consistency: 0.0001  loss_final_boundary: 0.0691  loss_boundary: 0.0368  loss_sdf: 0.0037  grad_norm: 2.0281
2026/09/23 16:13:52 - mmengine - INFO - Iter(train) [18400/40000]  base_lr: 3.5666e-04 lr: 3.5666e-05  eta: 3:23:36  time: 0.5676  data_time: 0.0164  memory: 6634  loss: 0.5472  loss_final: 0.1358  loss_rgb: 0.1313  loss_geometry: 0.1136  correction_scale: 0.1000  loss_coarse: 0.0383  loss_region_consistency: 0.0001  loss_final_boundary: 0.0784  loss_boundary: 0.0417  loss_sdf: 0.0080  grad_norm: 2.2111
2026/09/23 16:14:20 - mmengine - INFO - Iter(train) [18450/40000]  base_lr: 3.5592e-04 lr: 3.5592e-05  eta: 3:23:07  time: 0.5564  data_time: 0.0158  memory: 6634  loss: 0.4513  loss_final: 0.0911  loss_rgb: 0.1052  loss_geometry: 0.1165  correction_scale: 0.1000  loss_coarse: 0.0273  loss_region_consistency: 0.0001  loss_final_boundary: 0.0690  loss_boundary: 0.0370  loss_sdf: 0.0051  grad_norm: 2.4166
2026/09/23 16:14:48 - mmengine - INFO - Iter(train) [18500/40000]  base_lr: 3.5517e-04 lr: 3.5517e-05  eta: 3:22:39  time: 0.5609  data_time: 0.0161  memory: 6634  loss: 0.4384  loss_final: 0.0661  loss_rgb: 0.1271  loss_geometry: 0.0874  correction_scale: 0.1000  loss_coarse: 0.0198  loss_region_consistency: 0.0001  loss_final_boundary: 0.0879  loss_boundary: 0.0465  loss_sdf: 0.0035  grad_norm: 1.8918
2026/09/23 16:15:17 - mmengine - INFO - Iter(train) [18550/40000]  base_lr: 3.5443e-04 lr: 3.5443e-05  eta: 3:22:11  time: 0.5731  data_time: 0.0164  memory: 6634  loss: 0.4891  loss_final: 0.0989  loss_rgb: 0.1286  loss_geometry: 0.0777  correction_scale: 0.1000  loss_coarse: 0.0301  loss_region_consistency: 0.0001  loss_final_boundary: 0.0977  loss_boundary: 0.0510  loss_sdf: 0.0050  grad_norm: 1.6076
2026/09/23 16:15:45 - mmengine - INFO - Iter(train) [18600/40000]  base_lr: 3.5369e-04 lr: 3.5369e-05  eta: 3:21:42  time: 0.5735  data_time: 0.0154  memory: 6634  loss: 0.4688  loss_final: 0.0735  loss_rgb: 0.1263  loss_geometry: 0.1095  correction_scale: 0.1000  loss_coarse: 0.0224  loss_region_consistency: 0.0001  loss_final_boundary: 0.0879  loss_boundary: 0.0460  loss_sdf: 0.0032  grad_norm: 1.4406
2026/09/23 16:16:13 - mmengine - INFO - Iter(train) [18650/40000]  base_lr: 3.5294e-04 lr: 3.5294e-05  eta: 3:21:14  time: 0.5591  data_time: 0.0155  memory: 6634  loss: 0.5811  loss_final: 0.1425  loss_rgb: 0.1441  loss_geometry: 0.1107  correction_scale: 0.1000  loss_coarse: 0.0430  loss_region_consistency: 0.0001  loss_final_boundary: 0.0878  loss_boundary: 0.0463  loss_sdf: 0.0067  grad_norm: 1.7333
2026/09/23 16:16:41 - mmengine - INFO - Iter(train) [18700/40000]  base_lr: 3.5220e-04 lr: 3.5220e-05  eta: 3:20:46  time: 0.5573  data_time: 0.0153  memory: 6634  loss: 0.5464  loss_final: 0.1330  loss_rgb: 0.1360  loss_geometry: 0.0958  correction_scale: 0.1000  loss_coarse: 0.0393  loss_region_consistency: 0.0001  loss_final_boundary: 0.0886  loss_boundary: 0.0472  loss_sdf: 0.0064  grad_norm: 2.1617
2026/09/23 16:17:10 - mmengine - INFO - Iter(train) [18750/40000]  base_lr: 3.5146e-04 lr: 3.5146e-05  eta: 3:20:17  time: 0.5692  data_time: 0.0173  memory: 6634  loss: 0.4370  loss_final: 0.0671  loss_rgb: 0.1122  loss_geometry: 0.0988  correction_scale: 0.1000  loss_coarse: 0.0208  loss_region_consistency: 0.0001  loss_final_boundary: 0.0882  loss_boundary: 0.0458  loss_sdf: 0.0040  grad_norm: 2.1493
2026/09/23 16:17:38 - mmengine - INFO - Iter(train) [18800/40000]  base_lr: 3.5071e-04 lr: 3.5071e-05  eta: 3:19:49  time: 0.5676  data_time: 0.0157  memory: 6634  loss: 0.5276  loss_final: 0.1333  loss_rgb: 0.1255  loss_geometry: 0.1122  correction_scale: 0.1000  loss_coarse: 0.0394  loss_region_consistency: 0.0001  loss_final_boundary: 0.0691  loss_boundary: 0.0422  loss_sdf: 0.0057  grad_norm: 1.8308
2026/09/23 16:18:06 - mmengine - INFO - Iter(train) [18850/40000]  base_lr: 3.4997e-04 lr: 3.4997e-05  eta: 3:19:20  time: 0.5624  data_time: 0.0161  memory: 6634  loss: 0.5260  loss_final: 0.1186  loss_rgb: 0.1307  loss_geometry: 0.1145  correction_scale: 0.1000  loss_coarse: 0.0370  loss_region_consistency: 0.0001  loss_final_boundary: 0.0789  loss_boundary: 0.0412  loss_sdf: 0.0051  grad_norm: 1.4825
2026/09/23 16:18:34 - mmengine - INFO - Iter(train) [18900/40000]  base_lr: 3.4922e-04 lr: 3.4922e-05  eta: 3:18:52  time: 0.5643  data_time: 0.0163  memory: 6634  loss: 0.5387  loss_final: 0.1135  loss_rgb: 0.1393  loss_geometry: 0.1114  correction_scale: 0.1000  loss_coarse: 0.0338  loss_region_consistency: 0.0001  loss_final_boundary: 0.0887  loss_boundary: 0.0471  loss_sdf: 0.0048  grad_norm: 1.5337
2026/09/23 16:19:02 - mmengine - INFO - Iter(train) [18950/40000]  base_lr: 3.4848e-04 lr: 3.4848e-05  eta: 3:18:24  time: 0.5560  data_time: 0.0148  memory: 6634  loss: 0.4958  loss_final: 0.1178  loss_rgb: 0.1193  loss_geometry: 0.1116  correction_scale: 0.1000  loss_coarse: 0.0349  loss_region_consistency: 0.0001  loss_final_boundary: 0.0689  loss_boundary: 0.0365  loss_sdf: 0.0067  grad_norm: 1.7773
2026/09/23 16:19:31 - mmengine - INFO - Exp name: stage3_joint_20260923_120333
2026/09/23 16:19:31 - mmengine - INFO - Iter(train) [19000/40000]  base_lr: 3.4773e-04 lr: 3.4773e-05  eta: 3:17:55  time: 0.5675  data_time: 0.0146  memory: 6634  loss: 0.5306  loss_final: 0.1406  loss_rgb: 0.1102  loss_geometry: 0.1130  correction_scale: 0.1000  loss_coarse: 0.0390  loss_region_consistency: 0.0001  loss_final_boundary: 0.0784  loss_boundary: 0.0411  loss_sdf: 0.0083  grad_norm: 2.7083
2026/09/23 16:19:59 - mmengine - INFO - Iter(train) [19050/40000]  base_lr: 3.4699e-04 lr: 3.4699e-05  eta: 3:17:27  time: 0.5635  data_time: 0.0150  memory: 6634  loss: 0.6049  loss_final: 0.1613  loss_rgb: 0.1495  loss_geometry: 0.0923  correction_scale: 0.1000  loss_coarse: 0.0485  loss_region_consistency: 0.0001  loss_final_boundary: 0.0982  loss_boundary: 0.0511  loss_sdf: 0.0040  grad_norm: 2.1894
2026/09/23 16:20:27 - mmengine - INFO - Iter(train) [19100/40000]  base_lr: 3.4624e-04 lr: 3.4624e-05  eta: 3:16:59  time: 0.5598  data_time: 0.0167  memory: 6634  loss: 0.4463  loss_final: 0.0744  loss_rgb: 0.1159  loss_geometry: 0.1082  correction_scale: 0.1000  loss_coarse: 0.0236  loss_region_consistency: 0.0001  loss_final_boundary: 0.0785  loss_boundary: 0.0416  loss_sdf: 0.0040  grad_norm: 1.9650
2026/09/23 16:20:55 - mmengine - INFO - Iter(train) [19150/40000]  base_lr: 3.4550e-04 lr: 3.4550e-05  eta: 3:16:30  time: 0.5639  data_time: 0.0162  memory: 6634  loss: 0.4749  loss_final: 0.0811  loss_rgb: 0.1295  loss_geometry: 0.1001  correction_scale: 0.1000  loss_coarse: 0.0250  loss_region_consistency: 0.0001  loss_final_boundary: 0.0886  loss_boundary: 0.0465  loss_sdf: 0.0040  grad_norm: 1.7081
2026/09/23 16:21:23 - mmengine - INFO - Iter(train) [19200/40000]  base_lr: 3.4475e-04 lr: 3.4475e-05  eta: 3:16:02  time: 0.5645  data_time: 0.0173  memory: 6634  loss: 0.3417  loss_final: 0.0517  loss_rgb: 0.0856  loss_geometry: 0.0957  correction_scale: 0.1000  loss_coarse: 0.0159  loss_region_consistency: 0.0001  loss_final_boundary: 0.0587  loss_boundary: 0.0311  loss_sdf: 0.0031  grad_norm: 1.7300
2026/09/23 16:21:52 - mmengine - INFO - Iter(train) [19250/40000]  base_lr: 3.4400e-04 lr: 3.4400e-05  eta: 3:15:34  time: 0.5581  data_time: 0.0156  memory: 6630  loss: 0.5213  loss_final: 0.1188  loss_rgb: 0.1375  loss_geometry: 0.0914  correction_scale: 0.1000  loss_coarse: 0.0364  loss_region_consistency: 0.0001  loss_final_boundary: 0.0873  loss_boundary: 0.0449  loss_sdf: 0.0048  grad_norm: 1.7525
2026/09/23 16:22:20 - mmengine - INFO - Iter(train) [19300/40000]  base_lr: 3.4326e-04 lr: 3.4326e-05  eta: 3:15:05  time: 0.5514  data_time: 0.0165  memory: 6634  loss: 0.4072  loss_final: 0.0695  loss_rgb: 0.0907  loss_geometry: 0.1139  correction_scale: 0.1000  loss_coarse: 0.0217  loss_region_consistency: 0.0001  loss_final_boundary: 0.0689  loss_boundary: 0.0369  loss_sdf: 0.0054  grad_norm: 1.5588
2026/09/23 16:22:48 - mmengine - INFO - Iter(train) [19350/40000]  base_lr: 3.4251e-04 lr: 3.4251e-05  eta: 3:14:37  time: 0.5573  data_time: 0.0165  memory: 6634  loss: 0.5507  loss_final: 0.1506  loss_rgb: 0.1255  loss_geometry: 0.0982  correction_scale: 0.1000  loss_coarse: 0.0451  loss_region_consistency: 0.0001  loss_final_boundary: 0.0785  loss_boundary: 0.0471  loss_sdf: 0.0055  grad_norm: 1.6819
2026/09/23 16:23:16 - mmengine - INFO - Iter(train) [19400/40000]  base_lr: 3.4176e-04 lr: 3.4176e-05  eta: 3:14:09  time: 0.5742  data_time: 0.0156  memory: 6634  loss: 0.4955  loss_final: 0.0837  loss_rgb: 0.1416  loss_geometry: 0.1041  correction_scale: 0.1000  loss_coarse: 0.0262  loss_region_consistency: 0.0001  loss_final_boundary: 0.0886  loss_boundary: 0.0466  loss_sdf: 0.0045  grad_norm: 1.6647
2026/09/23 16:23:44 - mmengine - INFO - Iter(train) [19450/40000]  base_lr: 3.4102e-04 lr: 3.4102e-05  eta: 3:13:40  time: 0.5658  data_time: 0.0158  memory: 6634  loss: 0.5082  loss_final: 0.1109  loss_rgb: 0.1287  loss_geometry: 0.0985  correction_scale: 0.1000  loss_coarse: 0.0336  loss_region_consistency: 0.0001  loss_final_boundary: 0.0880  loss_boundary: 0.0461  loss_sdf: 0.0023  grad_norm: 1.6946
2026/09/23 16:24:13 - mmengine - INFO - Iter(train) [19500/40000]  base_lr: 3.4027e-04 lr: 3.4027e-05  eta: 3:13:12  time: 0.5563  data_time: 0.0170  memory: 6634  loss: 0.4027  loss_final: 0.0754  loss_rgb: 0.0957  loss_geometry: 0.1149  correction_scale: 0.1000  loss_coarse: 0.0229  loss_region_consistency: 0.0001  loss_final_boundary: 0.0590  loss_boundary: 0.0308  loss_sdf: 0.0040  grad_norm: 1.3739
2026/09/23 16:24:41 - mmengine - INFO - Iter(train) [19550/40000]  base_lr: 3.3952e-04 lr: 3.3952e-05  eta: 3:12:44  time: 0.5591  data_time: 0.0162  memory: 6634  loss: 0.4910  loss_final: 0.1076  loss_rgb: 0.1290  loss_geometry: 0.0960  correction_scale: 0.1000  loss_coarse: 0.0319  loss_region_consistency: 0.0001  loss_final_boundary: 0.0785  loss_boundary: 0.0420  loss_sdf: 0.0059  grad_norm: 1.7486
2026/09/23 16:25:09 - mmengine - INFO - Iter(train) [19600/40000]  base_lr: 3.3878e-04 lr: 3.3878e-05  eta: 3:12:15  time: 0.5753  data_time: 0.0150  memory: 6634  loss: 0.5575  loss_final: 0.1057  loss_rgb: 0.1536  loss_geometry: 0.1108  correction_scale: 0.1000  loss_coarse: 0.0321  loss_region_consistency: 0.0001  loss_final_boundary: 0.0982  loss_boundary: 0.0521  loss_sdf: 0.0048  grad_norm: 2.1963
2026/09/23 16:25:37 - mmengine - INFO - Iter(train) [19650/40000]  base_lr: 3.3803e-04 lr: 3.3803e-05  eta: 3:11:47  time: 0.5599  data_time: 0.0148  memory: 6634  loss: 0.4800  loss_final: 0.0714  loss_rgb: 0.1397  loss_geometry: 0.0926  correction_scale: 0.1000  loss_coarse: 0.0222  loss_region_consistency: 0.0001  loss_final_boundary: 0.0978  loss_boundary: 0.0518  loss_sdf: 0.0045  grad_norm: 2.0520
2026/09/23 16:26:05 - mmengine - INFO - Iter(train) [19700/40000]  base_lr: 3.3728e-04 lr: 3.3728e-05  eta: 3:11:18  time: 0.5602  data_time: 0.0165  memory: 6634  loss: 0.4078  loss_final: 0.0629  loss_rgb: 0.1117  loss_geometry: 0.0912  correction_scale: 0.1000  loss_coarse: 0.0196  loss_region_consistency: 0.0001  loss_final_boundary: 0.0783  loss_boundary: 0.0408  loss_sdf: 0.0033  grad_norm: 1.9060
2026/09/23 16:26:34 - mmengine - INFO - Iter(train) [19750/40000]  base_lr: 3.3653e-04 lr: 3.3653e-05  eta: 3:10:50  time: 0.5587  data_time: 0.0172  memory: 6634  loss: 0.5794  loss_final: 0.1689  loss_rgb: 0.1298  loss_geometry: 0.1020  correction_scale: 0.1000  loss_coarse: 0.0507  loss_region_consistency: 0.0001  loss_final_boundary: 0.0787  loss_boundary: 0.0456  loss_sdf: 0.0037  grad_norm: 1.7955
2026/09/23 16:27:02 - mmengine - INFO - Iter(train) [19800/40000]  base_lr: 3.3579e-04 lr: 3.3579e-05  eta: 3:10:22  time: 0.5672  data_time: 0.0161  memory: 6634  loss: 0.4808  loss_final: 0.1092  loss_rgb: 0.1098  loss_geometry: 0.1176  correction_scale: 0.1000  loss_coarse: 0.0328  loss_region_consistency: 0.0001  loss_final_boundary: 0.0691  loss_boundary: 0.0367  loss_sdf: 0.0054  grad_norm: 1.8555
2026/09/23 16:27:30 - mmengine - INFO - Iter(train) [19850/40000]  base_lr: 3.3504e-04 lr: 3.3504e-05  eta: 3:09:53  time: 0.5672  data_time: 0.0165  memory: 6634  loss: 0.5036  loss_final: 0.0908  loss_rgb: 0.1346  loss_geometry: 0.1097  correction_scale: 0.1000  loss_coarse: 0.0288  loss_region_consistency: 0.0001  loss_final_boundary: 0.0883  loss_boundary: 0.0460  loss_sdf: 0.0052  grad_norm: 1.7568
2026/09/23 16:27:58 - mmengine - INFO - Iter(train) [19900/40000]  base_lr: 3.3429e-04 lr: 3.3429e-05  eta: 3:09:25  time: 0.5625  data_time: 0.0173  memory: 6634  loss: 0.3666  loss_final: 0.0420  loss_rgb: 0.0999  loss_geometry: 0.0915  correction_scale: 0.1000  loss_coarse: 0.0130  loss_region_consistency: 0.0001  loss_final_boundary: 0.0779  loss_boundary: 0.0403  loss_sdf: 0.0019  grad_norm: 1.2829
2026/09/23 16:28:26 - mmengine - INFO - Iter(train) [19950/40000]  base_lr: 3.3354e-04 lr: 3.3354e-05  eta: 3:08:56  time: 0.5495  data_time: 0.0156  memory: 6634  loss: 0.4064  loss_final: 0.0632  loss_rgb: 0.1126  loss_geometry: 0.1041  correction_scale: 0.1000  loss_coarse: 0.0192  loss_region_consistency: 0.0001  loss_final_boundary: 0.0684  loss_boundary: 0.0365  loss_sdf: 0.0023  grad_norm: 1.4197
2026/09/23 16:28:54 - mmengine - INFO - Exp name: stage3_joint_20260923_120333
2026/09/23 16:28:54 - mmengine - INFO - Iter(train) [20000/40000]  base_lr: 3.3279e-04 lr: 3.3279e-05  eta: 3:08:28  time: 0.5745  data_time: 0.0166  memory: 6634  loss: 0.5456  loss_final: 0.1316  loss_rgb: 0.1321  loss_geometry: 0.1023  correction_scale: 0.1000  loss_coarse: 0.0394  loss_region_consistency: 0.0001  loss_final_boundary: 0.0886  loss_boundary: 0.0462  loss_sdf: 0.0053  grad_norm: 1.4710
2026/09/23 16:28:54 - mmengine - INFO - Saving checkpoint at 20000 iterations
2026/09/23 16:30:00 - mmengine - INFO - Iter(val) [ 50/304]    eta: 0:05:26  time: 1.2765  data_time: 0.0187  memory: 1189  
2026/09/23 16:31:28 - mmengine - INFO - Iter(val) [100/304]    eta: 0:05:10  time: 1.7300  data_time: 0.0209  memory: 1189  
2026/09/23 16:32:52 - mmengine - INFO - Iter(val) [150/304]    eta: 0:04:02  time: 1.6450  data_time: 0.0207  memory: 1189  
2026/09/23 16:34:15 - mmengine - INFO - Iter(val) [200/304]    eta: 0:02:46  time: 1.6755  data_time: 0.0210  memory: 1189  
2026/09/23 16:35:38 - mmengine - INFO - Iter(val) [250/304]    eta: 0:01:26  time: 1.6694  data_time: 0.0207  memory: 1189  
2026/09/23 16:36:58 - mmengine - INFO - Iter(val) [300/304]    eta: 0:00:06  time: 1.6063  data_time: 0.0197  memory: 1189  
2026/09/23 16:37:05 - mmengine - INFO - per class results:
2026/09/23 16:37:05 - mmengine - INFO - 
+------------------+-------+-------+-------+--------+-----------+--------+
|      Class       |  IoU  |  Acc  |  Dice | Fscore | Precision | Recall |
+------------------+-------+-------+-------+--------+-----------+--------+
|    background    | 97.42 | 98.36 | 98.69 | 98.69  |   99.03   | 98.36  |
| wastewater_plant | 75.05 | 89.02 | 85.75 | 85.75  |    82.7   | 89.02  |
+------------------+-------+-------+-------+--------+-----------+--------+
2026/09/23 16:37:05 - mmengine - INFO - Iter(val) [304/304]    aAcc: 97.6000  mIoU: 86.2300  mAcc: 93.6900  mDice: 92.2200  mFscore: 92.2200  mPrecision: 90.8600  mRecall: 93.6900  binary/Foreground_IoU: 75.0485  binary/Dice: 85.7459  binary/F1: 85.7459  binary/Precision: 82.7033  binary/Recall: 89.0210  binary/Boundary_F1: 15.4850  binary/BFScore: 15.4850  binary/Boundary_Precision: 12.8043  binary/Boundary_Recall: 19.5852  binary/Hausdorff_px: 387.4987  binary/HD95_px: 288.5226  binary/Hausdorff_m: 193.7494  binary/HD95_m: 144.2613  data_time: 0.0220  time: 1.6100
2026/09/23 16:37:34 - mmengine - INFO - Iter(train) [20050/40000]  base_lr: 3.3204e-04 lr: 3.3204e-05  eta: 3:08:00  time: 0.5576  data_time: 0.0168  memory: 6634  loss: 0.3576  loss_final: 0.0570  loss_rgb: 0.0849  loss_geometry: 0.0925  correction_scale: 0.1000  loss_coarse: 0.0172  loss_region_consistency: 0.0001  loss_final_boundary: 0.0680  loss_boundary: 0.0350  loss_sdf: 0.0031  grad_norm: 1.5350
2026/09/23 16:38:02 - mmengine - INFO - Iter(train) [20100/40000]  base_lr: 3.3129e-04 lr: 3.3129e-05  eta: 3:07:31  time: 0.5590  data_time: 0.0158  memory: 6634  loss: 0.3917  loss_final: 0.0673  loss_rgb: 0.0991  loss_geometry: 0.0930  correction_scale: 0.1000  loss_coarse: 0.0216  loss_region_consistency: 0.0001  loss_final_boundary: 0.0688  loss_boundary: 0.0366  loss_sdf: 0.0051  grad_norm: 1.6499
2026/09/23 16:38:30 - mmengine - INFO - Iter(train) [20150/40000]  base_lr: 3.3055e-04 lr: 3.3055e-05  eta: 3:07:03  time: 0.5678  data_time: 0.0155  memory: 6634  loss: 0.5423  loss_final: 0.1012  loss_rgb: 0.1509  loss_geometry: 0.1040  correction_scale: 0.1000  loss_coarse: 0.0307  loss_region_consistency: 0.0001  loss_final_boundary: 0.0983  loss_boundary: 0.0521  loss_sdf: 0.0050  grad_norm: 1.5278
2026/09/23 16:38:58 - mmengine - INFO - Iter(train) [20200/40000]  base_lr: 3.2980e-04 lr: 3.2980e-05  eta: 3:06:35  time: 0.5655  data_time: 0.0154  memory: 6634  loss: 0.4385  loss_final: 0.0576  loss_rgb: 0.1317  loss_geometry: 0.0939  correction_scale: 0.1000  loss_coarse: 0.0177  loss_region_consistency: 0.0001  loss_final_boundary: 0.0882  loss_boundary: 0.0462  loss_sdf: 0.0031  grad_norm: 1.6490
2026/09/23 16:39:26 - mmengine - INFO - Iter(train) [20250/40000]  base_lr: 3.2905e-04 lr: 3.2905e-05  eta: 3:06:06  time: 0.5534  data_time: 0.0159  memory: 6634  loss: 0.4801  loss_final: 0.0868  loss_rgb: 0.1272  loss_geometry: 0.1122  correction_scale: 0.1000  loss_coarse: 0.0271  loss_region_consistency: 0.0001  loss_final_boundary: 0.0790  loss_boundary: 0.0424  loss_sdf: 0.0052  grad_norm: 1.4063
2026/09/23 16:39:54 - mmengine - INFO - Iter(train) [20300/40000]  base_lr: 3.2830e-04 lr: 3.2830e-05  eta: 3:05:38  time: 0.5586  data_time: 0.0160  memory: 6634  loss: 0.5270  loss_final: 0.1171  loss_rgb: 0.1368  loss_geometry: 0.0984  correction_scale: 0.1000  loss_coarse: 0.0345  loss_region_consistency: 0.0001  loss_final_boundary: 0.0876  loss_boundary: 0.0463  loss_sdf: 0.0063  grad_norm: 1.9816
2026/09/23 16:40:22 - mmengine - INFO - Iter(train) [20350/40000]  base_lr: 3.2755e-04 lr: 3.2755e-05  eta: 3:05:10  time: 0.5591  data_time: 0.0157  memory: 6634  loss: 0.3341  loss_final: 0.0484  loss_rgb: 0.0795  loss_geometry: 0.1001  correction_scale: 0.1000  loss_coarse: 0.0147  loss_region_consistency: 0.0001  loss_final_boundary: 0.0586  loss_boundary: 0.0301  loss_sdf: 0.0025  grad_norm: 2.6125
2026/09/23 16:40:51 - mmengine - INFO - Iter(train) [20400/40000]  base_lr: 3.2680e-04 lr: 3.2680e-05  eta: 3:04:42  time: 0.5867  data_time: 0.0162  memory: 6634  loss: 0.4338  loss_final: 0.0678  loss_rgb: 0.1170  loss_geometry: 0.1041  correction_scale: 0.1000  loss_coarse: 0.0209  loss_region_consistency: 0.0001  loss_final_boundary: 0.0785  loss_boundary: 0.0415  loss_sdf: 0.0038  grad_norm: 1.6384
2026/09/23 16:41:19 - mmengine - INFO - Iter(train) [20450/40000]  base_lr: 3.2605e-04 lr: 3.2605e-05  eta: 3:04:13  time: 0.5528  data_time: 0.0149  memory: 6634  loss: 0.4345  loss_final: 0.0879  loss_rgb: 0.1084  loss_geometry: 0.1054  correction_scale: 0.1000  loss_coarse: 0.0265  loss_region_consistency: 0.0001  loss_final_boundary: 0.0685  loss_boundary: 0.0359  loss_sdf: 0.0018  grad_norm: 1.7480
2026/09/23 16:41:47 - mmengine - INFO - Iter(train) [20500/40000]  base_lr: 3.2530e-04 lr: 3.2530e-05  eta: 3:03:45  time: 0.5549  data_time: 0.0159  memory: 6634  loss: 0.4250  loss_final: 0.0643  loss_rgb: 0.1238  loss_geometry: 0.0938  correction_scale: 0.1000  loss_coarse: 0.0195  loss_region_consistency: 0.0001  loss_final_boundary: 0.0784  loss_boundary: 0.0414  loss_sdf: 0.0037  grad_norm: 1.7047
2026/09/23 16:42:15 - mmengine - INFO - Iter(train) [20550/40000]  base_lr: 3.2454e-04 lr: 3.2454e-05  eta: 3:03:16  time: 0.5453  data_time: 0.0160  memory: 6634  loss: 0.3167  loss_final: 0.0446  loss_rgb: 0.0740  loss_geometry: 0.1081  correction_scale: 0.1000  loss_coarse: 0.0134  loss_region_consistency: 0.0000  loss_final_boundary: 0.0488  loss_boundary: 0.0259  loss_sdf: 0.0019  grad_norm: 1.5693
2026/09/23 16:42:44 - mmengine - INFO - Iter(train) [20600/40000]  base_lr: 3.2379e-04 lr: 3.2379e-05  eta: 3:02:48  time: 0.5782  data_time: 0.0152  memory: 6634  loss: 0.6214  loss_final: 0.1635  loss_rgb: 0.1487  loss_geometry: 0.1004  correction_scale: 0.1000  loss_coarse: 0.0480  loss_region_consistency: 0.0001  loss_final_boundary: 0.0983  loss_boundary: 0.0526  loss_sdf: 0.0099  grad_norm: 1.5673
2026/09/23 16:43:12 - mmengine - INFO - Iter(train) [20650/40000]  base_lr: 3.2304e-04 lr: 3.2304e-05  eta: 3:02:20  time: 0.5578  data_time: 0.0162  memory: 6634  loss: 0.4261  loss_final: 0.0764  loss_rgb: 0.1078  loss_geometry: 0.1108  correction_scale: 0.1000  loss_coarse: 0.0228  loss_region_consistency: 0.0001  loss_final_boundary: 0.0688  loss_boundary: 0.0360  loss_sdf: 0.0035  grad_norm: 1.3299
2026/09/23 16:43:40 - mmengine - INFO - Iter(train) [20700/40000]  base_lr: 3.2229e-04 lr: 3.2229e-05  eta: 3:01:52  time: 0.5655  data_time: 0.0166  memory: 6634  loss: 0.5184  loss_final: 0.0731  loss_rgb: 0.1606  loss_geometry: 0.1082  correction_scale: 0.1000  loss_coarse: 0.0233  loss_region_consistency: 0.0001  loss_final_boundary: 0.0979  loss_boundary: 0.0516  loss_sdf: 0.0035  grad_norm: 1.3277
2026/09/23 16:44:08 - mmengine - INFO - Iter(train) [20750/40000]  base_lr: 3.2154e-04 lr: 3.2154e-05  eta: 3:01:23  time: 0.5547  data_time: 0.0166  memory: 6634  loss: 0.4166  loss_final: 0.0682  loss_rgb: 0.1087  loss_geometry: 0.1067  correction_scale: 0.1000  loss_coarse: 0.0249  loss_region_consistency: 0.0001  loss_final_boundary: 0.0686  loss_boundary: 0.0365  loss_sdf: 0.0030  grad_norm: 1.4583
2026/09/23 16:44:36 - mmengine - INFO - Iter(train) [20800/40000]  base_lr: 3.2079e-04 lr: 3.2079e-05  eta: 3:00:55  time: 0.5738  data_time: 0.0163  memory: 6634  loss: 0.5808  loss_final: 0.1370  loss_rgb: 0.1431  loss_geometry: 0.0998  correction_scale: 0.1000  loss_coarse: 0.0422  loss_region_consistency: 0.0001  loss_final_boundary: 0.0984  loss_boundary: 0.0524  loss_sdf: 0.0077  grad_norm: 2.2118
2026/09/23 16:45:05 - mmengine - INFO - Iter(train) [20850/40000]  base_lr: 3.2004e-04 lr: 3.2004e-05  eta: 3:00:26  time: 0.5574  data_time: 0.0154  memory: 6634  loss: 0.4809  loss_final: 0.0818  loss_rgb: 0.1341  loss_geometry: 0.1152  correction_scale: 0.1000  loss_coarse: 0.0254  loss_region_consistency: 0.0001  loss_final_boundary: 0.0784  loss_boundary: 0.0413  loss_sdf: 0.0046  grad_norm: 2.1019
2026/09/23 16:45:33 - mmengine - INFO - Iter(train) [20900/40000]  base_lr: 3.1928e-04 lr: 3.1928e-05  eta: 2:59:58  time: 0.5620  data_time: 0.0164  memory: 6634  loss: 0.4274  loss_final: 0.0544  loss_rgb: 0.1294  loss_geometry: 0.1050  correction_scale: 0.1000  loss_coarse: 0.0164  loss_region_consistency: 0.0001  loss_final_boundary: 0.0782  loss_boundary: 0.0411  loss_sdf: 0.0027  grad_norm: 3.1141
2026/09/23 16:46:01 - mmengine - INFO - Iter(train) [20950/40000]  base_lr: 3.1853e-04 lr: 3.1853e-05  eta: 2:59:30  time: 0.5670  data_time: 0.0160  memory: 6634  loss: 0.4970  loss_final: 0.0840  loss_rgb: 0.1316  loss_geometry: 0.1145  correction_scale: 0.1000  loss_coarse: 0.0257  loss_region_consistency: 0.0001  loss_final_boundary: 0.0890  loss_boundary: 0.0467  loss_sdf: 0.0055  grad_norm: 1.0927
2026/09/23 16:46:29 - mmengine - INFO - Exp name: stage3_joint_20260923_120333
2026/09/23 16:46:29 - mmengine - INFO - Iter(train) [21000/40000]  base_lr: 3.1778e-04 lr: 3.1778e-05  eta: 2:59:01  time: 0.5747  data_time: 0.0162  memory: 6634  loss: 0.4904  loss_final: 0.0915  loss_rgb: 0.1348  loss_geometry: 0.0967  correction_scale: 0.1000  loss_coarse: 0.0273  loss_region_consistency: 0.0001  loss_final_boundary: 0.0877  loss_boundary: 0.0464  loss_sdf: 0.0059  grad_norm: 1.5694
2026/09/23 16:46:57 - mmengine - INFO - Iter(train) [21050/40000]  base_lr: 3.1703e-04 lr: 3.1703e-05  eta: 2:58:33  time: 0.5602  data_time: 0.0157  memory: 6634  loss: 0.4403  loss_final: 0.0685  loss_rgb: 0.1230  loss_geometry: 0.0847  correction_scale: 0.1000  loss_coarse: 0.0208  loss_region_consistency: 0.0001  loss_final_boundary: 0.0879  loss_boundary: 0.0519  loss_sdf: 0.0035  grad_norm: 1.8580
2026/09/23 16:47:26 - mmengine - INFO - Iter(train) [21100/40000]  base_lr: 3.1627e-04 lr: 3.1627e-05  eta: 2:58:05  time: 0.5671  data_time: 0.0171  memory: 6634  loss: 0.4930  loss_final: 0.1121  loss_rgb: 0.1093  loss_geometry: 0.0972  correction_scale: 0.1000  loss_coarse: 0.0323  loss_region_consistency: 0.0001  loss_final_boundary: 0.0885  loss_boundary: 0.0458  loss_sdf: 0.0076  grad_norm: 1.5607
2026/09/23 16:47:54 - mmengine - INFO - Iter(train) [21150/40000]  base_lr: 3.1552e-04 lr: 3.1552e-05  eta: 2:57:36  time: 0.5595  data_time: 0.0164  memory: 6634  loss: 0.4606  loss_final: 0.1018  loss_rgb: 0.1152  loss_geometry: 0.0877  correction_scale: 0.1000  loss_coarse: 0.0302  loss_region_consistency: 0.0001  loss_final_boundary: 0.0782  loss_boundary: 0.0418  loss_sdf: 0.0057  grad_norm: 1.6258
2026/09/23 16:48:22 - mmengine - INFO - Iter(train) [21200/40000]  base_lr: 3.1477e-04 lr: 3.1477e-05  eta: 2:57:08  time: 0.5669  data_time: 0.0149  memory: 6634  loss: 0.4256  loss_final: 0.0679  loss_rgb: 0.1108  loss_geometry: 0.1042  correction_scale: 0.1000  loss_coarse: 0.0206  loss_region_consistency: 0.0001  loss_final_boundary: 0.0785  loss_boundary: 0.0406  loss_sdf: 0.0030  grad_norm: 1.6966
2026/09/23 16:48:50 - mmengine - INFO - Iter(train) [21250/40000]  base_lr: 3.1401e-04 lr: 3.1401e-05  eta: 2:56:39  time: 0.5529  data_time: 0.0167  memory: 6634  loss: 0.4669  loss_final: 0.0716  loss_rgb: 0.1199  loss_geometry: 0.1249  correction_scale: 0.1000  loss_coarse: 0.0220  loss_region_consistency: 0.0001  loss_final_boundary: 0.0780  loss_boundary: 0.0462  loss_sdf: 0.0042  grad_norm: 2.0034
2026/09/23 16:49:18 - mmengine - INFO - Iter(train) [21300/40000]  base_lr: 3.1326e-04 lr: 3.1326e-05  eta: 2:56:11  time: 0.5584  data_time: 0.0159  memory: 6634  loss: 0.5173  loss_final: 0.1157  loss_rgb: 0.1282  loss_geometry: 0.0956  correction_scale: 0.1000  loss_coarse: 0.0344  loss_region_consistency: 0.0001  loss_final_boundary: 0.0883  loss_boundary: 0.0472  loss_sdf: 0.0075  grad_norm: 2.0481
2026/09/23 16:49:46 - mmengine - INFO - Iter(train) [21350/40000]  base_lr: 3.1251e-04 lr: 3.1251e-05  eta: 2:55:42  time: 0.5493  data_time: 0.0152  memory: 6634  loss: 0.3901  loss_final: 0.0715  loss_rgb: 0.0903  loss_geometry: 0.1008  correction_scale: 0.1000  loss_coarse: 0.0210  loss_region_consistency: 0.0001  loss_final_boundary: 0.0683  loss_boundary: 0.0350  loss_sdf: 0.0031  grad_norm: 1.4287
2026/09/23 16:50:14 - mmengine - INFO - Iter(train) [21400/40000]  base_lr: 3.1175e-04 lr: 3.1175e-05  eta: 2:55:14  time: 0.5772  data_time: 0.0171  memory: 6634  loss: 0.4154  loss_final: 0.0577  loss_rgb: 0.1216  loss_geometry: 0.0875  correction_scale: 0.1000  loss_coarse: 0.0194  loss_region_consistency: 0.0001  loss_final_boundary: 0.0786  loss_boundary: 0.0463  loss_sdf: 0.0041  grad_norm: 1.3839
2026/09/23 16:50:42 - mmengine - INFO - Iter(train) [21450/40000]  base_lr: 3.1100e-04 lr: 3.1100e-05  eta: 2:54:46  time: 0.5606  data_time: 0.0159  memory: 6634  loss: 0.5719  loss_final: 0.1401  loss_rgb: 0.1504  loss_geometry: 0.0975  correction_scale: 0.1000  loss_coarse: 0.0352  loss_region_consistency: 0.0001  loss_final_boundary: 0.0886  loss_boundary: 0.0522  loss_sdf: 0.0079  grad_norm: 2.0745
2026/09/23 16:51:10 - mmengine - INFO - Iter(train) [21500/40000]  base_lr: 3.1024e-04 lr: 3.1024e-05  eta: 2:54:17  time: 0.5620  data_time: 0.0164  memory: 6634  loss: 0.3796  loss_final: 0.0564  loss_rgb: 0.1029  loss_geometry: 0.0951  correction_scale: 0.1000  loss_coarse: 0.0173  loss_region_consistency: 0.0001  loss_final_boundary: 0.0683  loss_boundary: 0.0364  loss_sdf: 0.0031  grad_norm: 2.5693
2026/09/23 16:51:39 - mmengine - INFO - Iter(train) [21550/40000]  base_lr: 3.0949e-04 lr: 3.0949e-05  eta: 2:53:49  time: 0.5673  data_time: 0.0163  memory: 6634  loss: 0.5774  loss_final: 0.1315  loss_rgb: 0.1555  loss_geometry: 0.1065  correction_scale: 0.1000  loss_coarse: 0.0387  loss_region_consistency: 0.0001  loss_final_boundary: 0.0889  loss_boundary: 0.0478  loss_sdf: 0.0084  grad_norm: 1.9617
2026/09/23 16:52:07 - mmengine - INFO - Iter(train) [21600/40000]  base_lr: 3.0873e-04 lr: 3.0873e-05  eta: 2:53:21  time: 0.5651  data_time: 0.0155  memory: 6634  loss: 0.5633  loss_final: 0.1644  loss_rgb: 0.1190  loss_geometry: 0.1208  correction_scale: 0.1000  loss_coarse: 0.0480  loss_region_consistency: 0.0001  loss_final_boundary: 0.0686  loss_boundary: 0.0363  loss_sdf: 0.0061  grad_norm: 2.0284
2026/09/23 16:52:35 - mmengine - INFO - Iter(train) [21650/40000]  base_lr: 3.0798e-04 lr: 3.0798e-05  eta: 2:52:52  time: 0.5643  data_time: 0.0161  memory: 6634  loss: 0.4724  loss_final: 0.0862  loss_rgb: 0.1207  loss_geometry: 0.0993  correction_scale: 0.1000  loss_coarse: 0.0261  loss_region_consistency: 0.0001  loss_final_boundary: 0.0885  loss_boundary: 0.0466  loss_sdf: 0.0049  grad_norm: 2.2636
2026/09/23 16:53:03 - mmengine - INFO - Iter(train) [21700/40000]  base_lr: 3.0722e-04 lr: 3.0722e-05  eta: 2:52:24  time: 0.5532  data_time: 0.0152  memory: 6634  loss: 0.3838  loss_final: 0.0623  loss_rgb: 0.0960  loss_geometry: 0.0979  correction_scale: 0.1000  loss_coarse: 0.0188  loss_region_consistency: 0.0001  loss_final_boundary: 0.0687  loss_boundary: 0.0364  loss_sdf: 0.0036  grad_norm: 1.1474
2026/09/23 16:53:31 - mmengine - INFO - Iter(train) [21750/40000]  base_lr: 3.0647e-04 lr: 3.0647e-05  eta: 2:51:55  time: 0.5569  data_time: 0.0160  memory: 6634  loss: 0.4331  loss_final: 0.0518  loss_rgb: 0.1222  loss_geometry: 0.1230  correction_scale: 0.1000  loss_coarse: 0.0162  loss_region_consistency: 0.0001  loss_final_boundary: 0.0775  loss_boundary: 0.0409  loss_sdf: 0.0016  grad_norm: 2.7686
2026/09/23 16:53:59 - mmengine - INFO - Iter(train) [21800/40000]  base_lr: 3.0571e-04 lr: 3.0571e-05  eta: 2:51:27  time: 0.5696  data_time: 0.0160  memory: 6634  loss: 0.4207  loss_final: 0.0655  loss_rgb: 0.1195  loss_geometry: 0.0945  correction_scale: 0.1000  loss_coarse: 0.0201  loss_region_consistency: 0.0001  loss_final_boundary: 0.0780  loss_boundary: 0.0407  loss_sdf: 0.0024  grad_norm: 1.8990
2026/09/23 16:54:27 - mmengine - INFO - Iter(train) [21850/40000]  base_lr: 3.0495e-04 lr: 3.0495e-05  eta: 2:50:59  time: 0.5590  data_time: 0.0177  memory: 6634  loss: 0.3977  loss_final: 0.0705  loss_rgb: 0.0948  loss_geometry: 0.1045  correction_scale: 0.1000  loss_coarse: 0.0211  loss_region_consistency: 0.0001  loss_final_boundary: 0.0682  loss_boundary: 0.0354  loss_sdf: 0.0031  grad_norm: 1.7159
2026/09/23 16:54:55 - mmengine - INFO - Iter(train) [21900/40000]  base_lr: 3.0420e-04 lr: 3.0420e-05  eta: 2:50:30  time: 0.5667  data_time: 0.0159  memory: 6634  loss: 0.5329  loss_final: 0.0974  loss_rgb: 0.1475  loss_geometry: 0.1017  correction_scale: 0.1000  loss_coarse: 0.0293  loss_region_consistency: 0.0001  loss_final_boundary: 0.0984  loss_boundary: 0.0530  loss_sdf: 0.0055  grad_norm: 1.5269
2026/09/23 16:55:23 - mmengine - INFO - Iter(train) [21950/40000]  base_lr: 3.0344e-04 lr: 3.0344e-05  eta: 2:50:02  time: 0.5565  data_time: 0.0167  memory: 6634  loss: 0.4975  loss_final: 0.1083  loss_rgb: 0.1361  loss_geometry: 0.0920  correction_scale: 0.1000  loss_coarse: 0.0329  loss_region_consistency: 0.0001  loss_final_boundary: 0.0786  loss_boundary: 0.0462  loss_sdf: 0.0033  grad_norm: 1.5882
2026/09/23 16:55:51 - mmengine - INFO - Exp name: stage3_joint_20260923_120333
2026/09/23 16:55:51 - mmengine - INFO - Iter(train) [22000/40000]  base_lr: 3.0269e-04 lr: 3.0269e-05  eta: 2:49:33  time: 0.5629  data_time: 0.0164  memory: 6634  loss: 0.5028  loss_final: 0.1171  loss_rgb: 0.1016  loss_geometry: 0.1349  correction_scale: 0.1000  loss_coarse: 0.0348  loss_region_consistency: 0.0001  loss_final_boundary: 0.0692  loss_boundary: 0.0365  loss_sdf: 0.0085  grad_norm: 1.7952
2026/09/23 16:55:51 - mmengine - INFO - Saving checkpoint at 22000 iterations
2026/09/23 16:56:57 - mmengine - INFO - Iter(val) [ 50/304]    eta: 0:05:26  time: 1.2760  data_time: 0.0190  memory: 1189  
2026/09/23 16:58:27 - mmengine - INFO - Iter(val) [100/304]    eta: 0:05:13  time: 1.7363  data_time: 0.0189  memory: 1189  
2026/09/23 16:59:53 - mmengine - INFO - Iter(val) [150/304]    eta: 0:04:06  time: 1.6951  data_time: 0.0195  memory: 1189  
2026/09/23 17:01:17 - mmengine - INFO - Iter(val) [200/304]    eta: 0:02:48  time: 1.6853  data_time: 0.0192  memory: 1189  
2026/09/23 17:02:41 - mmengine - INFO - Iter(val) [250/304]    eta: 0:01:28  time: 1.6788  data_time: 0.0208  memory: 1189  
2026/09/23 17:04:02 - mmengine - INFO - Iter(val) [300/304]    eta: 0:00:06  time: 1.6296  data_time: 0.0213  memory: 1189  
2026/09/23 17:04:09 - mmengine - INFO - per class results:
2026/09/23 17:04:09 - mmengine - INFO - 
+------------------+-------+-------+-------+--------+-----------+--------+
|      Class       |  IoU  |  Acc  |  Dice | Fscore | Precision | Recall |
+------------------+-------+-------+-------+--------+-----------+--------+
|    background    | 96.09 | 96.56 | 98.01 | 98.01  |   99.49   | 96.56  |
| wastewater_plant | 67.93 | 94.43 |  80.9 |  80.9  |   70.76   | 94.43  |
+------------------+-------+-------+-------+--------+-----------+--------+
2026/09/23 17:04:09 - mmengine - INFO - Iter(val) [304/304]    aAcc: 96.3900  mIoU: 82.0100  mAcc: 95.5000  mDice: 89.4600  mFscore: 89.4600  mPrecision: 85.1300  mRecall: 95.5000  binary/Foreground_IoU: 67.9297  binary/Dice: 80.9025  binary/F1: 80.9025  binary/Precision: 70.7635  binary/Recall: 94.4328  binary/Boundary_F1: 12.1692  binary/BFScore: 12.1692  binary/Boundary_Precision: 8.9091  binary/Boundary_Recall: 19.1923  binary/Hausdorff_px: 563.6527  binary/HD95_px: 432.7920  binary/Hausdorff_m: 281.8263  binary/HD95_m: 216.3960  data_time: 0.0217  time: 1.6319
2026/09/23 17:04:37 - mmengine - INFO - Iter(train) [22050/40000]  base_lr: 3.0193e-04 lr: 3.0193e-05  eta: 2:49:05  time: 0.5548  data_time: 0.0156  memory: 6634  loss: 0.4236  loss_final: 0.0703  loss_rgb: 0.1186  loss_geometry: 0.1045  correction_scale: 0.1000  loss_coarse: 0.0213  loss_region_consistency: 0.0001  loss_final_boundary: 0.0685  loss_boundary: 0.0361  loss_sdf: 0.0042  grad_norm: 1.8709
2026/09/23 17:05:06 - mmengine - INFO - Iter(train) [22100/40000]  base_lr: 3.0117e-04 lr: 3.0117e-05  eta: 2:48:37  time: 0.5621  data_time: 0.0156  memory: 6634  loss: 0.5072  loss_final: 0.0994  loss_rgb: 0.1430  loss_geometry: 0.0929  correction_scale: 0.1000  loss_coarse: 0.0306  loss_region_consistency: 0.0001  loss_final_boundary: 0.0889  loss_boundary: 0.0477  loss_sdf: 0.0045  grad_norm: 1.8340
2026/09/23 17:05:33 - mmengine - INFO - Iter(train) [22150/40000]  base_lr: 3.0041e-04 lr: 3.0041e-05  eta: 2:48:08  time: 0.5559  data_time: 0.0153  memory: 6634  loss: 0.4803  loss_final: 0.0795  loss_rgb: 0.1407  loss_geometry: 0.0963  correction_scale: 0.1000  loss_coarse: 0.0246  loss_region_consistency: 0.0001  loss_final_boundary: 0.0879  loss_boundary: 0.0467  loss_sdf: 0.0045  grad_norm: 1.5636
2026/09/23 17:06:02 - mmengine - INFO - Iter(train) [22200/40000]  base_lr: 2.9966e-04 lr: 2.9966e-05  eta: 2:47:40  time: 0.5730  data_time: 0.0160  memory: 6634  loss: 0.5432  loss_final: 0.1482  loss_rgb: 0.1228  loss_geometry: 0.1006  correction_scale: 0.1000  loss_coarse: 0.0421  loss_region_consistency: 0.0001  loss_final_boundary: 0.0783  loss_boundary: 0.0415  loss_sdf: 0.0096  grad_norm: 1.8896
2026/09/23 17:06:29 - mmengine - INFO - Iter(train) [22250/40000]  base_lr: 2.9890e-04 lr: 2.9890e-05  eta: 2:47:11  time: 0.5588  data_time: 0.0162  memory: 6634  loss: 0.5589  loss_final: 0.1375  loss_rgb: 0.1475  loss_geometry: 0.1008  correction_scale: 0.1000  loss_coarse: 0.0424  loss_region_consistency: 0.0001  loss_final_boundary: 0.0788  loss_boundary: 0.0457  loss_sdf: 0.0059  grad_norm: 2.8144
2026/09/23 17:06:57 - mmengine - INFO - Iter(train) [22300/40000]  base_lr: 2.9814e-04 lr: 2.9814e-05  eta: 2:46:43  time: 0.5607  data_time: 0.0154  memory: 6634  loss: 0.5158  loss_final: 0.1096  loss_rgb: 0.1350  loss_geometry: 0.1136  correction_scale: 0.1000  loss_coarse: 0.0323  loss_region_consistency: 0.0001  loss_final_boundary: 0.0784  loss_boundary: 0.0420  loss_sdf: 0.0049  grad_norm: 2.4930
2026/09/23 17:07:26 - mmengine - INFO - Iter(train) [22350/40000]  base_lr: 2.9738e-04 lr: 2.9738e-05  eta: 2:46:14  time: 0.5612  data_time: 0.0172  memory: 6634  loss: 0.4701  loss_final: 0.1063  loss_rgb: 0.1136  loss_geometry: 0.0925  correction_scale: 0.1000  loss_coarse: 0.0316  loss_region_consistency: 0.0001  loss_final_boundary: 0.0789  loss_boundary: 0.0408  loss_sdf: 0.0063  grad_norm: 2.3978
2026/09/23 17:07:54 - mmengine - INFO - Iter(train) [22400/40000]  base_lr: 2.9663e-04 lr: 2.9663e-05  eta: 2:45:46  time: 0.5715  data_time: 0.0164  memory: 6634  loss: 0.4604  loss_final: 0.0852  loss_rgb: 0.1059  loss_geometry: 0.1175  correction_scale: 0.1000  loss_coarse: 0.0259  loss_region_consistency: 0.0001  loss_final_boundary: 0.0793  loss_boundary: 0.0414  loss_sdf: 0.0051  grad_norm: 2.5468
2026/09/23 17:08:22 - mmengine - INFO - Iter(train) [22450/40000]  base_lr: 2.9587e-04 lr: 2.9587e-05  eta: 2:45:18  time: 0.5497  data_time: 0.0147  memory: 6634  loss: 0.5328  loss_final: 0.1540  loss_rgb: 0.0957  loss_geometry: 0.1251  correction_scale: 0.1000  loss_coarse: 0.0444  loss_region_consistency: 0.0001  loss_final_boundary: 0.0688  loss_boundary: 0.0360  loss_sdf: 0.0086  grad_norm: 1.9818
2026/09/23 17:08:50 - mmengine - INFO - Iter(train) [22500/40000]  base_lr: 2.9511e-04 lr: 2.9511e-05  eta: 2:44:49  time: 0.5621  data_time: 0.0152  memory: 6634  loss: 0.4906  loss_final: 0.0764  loss_rgb: 0.1343  loss_geometry: 0.1165  correction_scale: 0.1000  loss_coarse: 0.0237  loss_region_consistency: 0.0001  loss_final_boundary: 0.0886  loss_boundary: 0.0467  loss_sdf: 0.0045  grad_norm: 1.8277
2026/09/23 17:09:18 - mmengine - INFO - Iter(train) [22550/40000]  base_lr: 2.9435e-04 lr: 2.9435e-05  eta: 2:44:21  time: 0.5606  data_time: 0.0163  memory: 6634  loss: 0.5936  loss_final: 0.1682  loss_rgb: 0.1394  loss_geometry: 0.1030  correction_scale: 0.1000  loss_coarse: 0.0506  loss_region_consistency: 0.0001  loss_final_boundary: 0.0788  loss_boundary: 0.0467  loss_sdf: 0.0067  grad_norm: 1.4316
2026/09/23 17:09:46 - mmengine - INFO - Iter(train) [22600/40000]  base_lr: 2.9359e-04 lr: 2.9359e-05  eta: 2:43:52  time: 0.5767  data_time: 0.0162  memory: 6634  loss: 0.5368  loss_final: 0.1060  loss_rgb: 0.1270  loss_geometry: 0.1288  correction_scale: 0.1000  loss_coarse: 0.0321  loss_region_consistency: 0.0001  loss_final_boundary: 0.0887  loss_boundary: 0.0470  loss_sdf: 0.0069  grad_norm: 1.4254
2026/09/23 17:10:14 - mmengine - INFO - Iter(train) [22650/40000]  base_lr: 2.9283e-04 lr: 2.9283e-05  eta: 2:43:24  time: 0.5500  data_time: 0.0159  memory: 6634  loss: 0.4012  loss_final: 0.0549  loss_rgb: 0.1087  loss_geometry: 0.1144  correction_scale: 0.1000  loss_coarse: 0.0163  loss_region_consistency: 0.0001  loss_final_boundary: 0.0682  loss_boundary: 0.0359  loss_sdf: 0.0028  grad_norm: 1.3853
2026/09/23 17:10:42 - mmengine - INFO - Iter(train) [22700/40000]  base_lr: 2.9207e-04 lr: 2.9207e-05  eta: 2:42:56  time: 0.5672  data_time: 0.0168  memory: 6634  loss: 0.6006  loss_final: 0.1353  loss_rgb: 0.1621  loss_geometry: 0.1050  correction_scale: 0.1000  loss_coarse: 0.0400  loss_region_consistency: 0.0001  loss_final_boundary: 0.0982  loss_boundary: 0.0523  loss_sdf: 0.0075  grad_norm: 1.9445
2026/09/23 17:11:10 - mmengine - INFO - Iter(train) [22750/40000]  base_lr: 2.9131e-04 lr: 2.9131e-05  eta: 2:42:27  time: 0.5488  data_time: 0.0153  memory: 6634  loss: 0.2865  loss_final: 0.0274  loss_rgb: 0.0580  loss_geometry: 0.1180  correction_scale: 0.1000  loss_coarse: 0.0086  loss_region_consistency: 0.0000  loss_final_boundary: 0.0484  loss_boundary: 0.0249  loss_sdf: 0.0012  grad_norm: 2.2350
2026/09/23 17:11:39 - mmengine - INFO - Iter(train) [22800/40000]  base_lr: 2.9055e-04 lr: 2.9055e-05  eta: 2:41:59  time: 0.5771  data_time: 0.0175  memory: 6634  loss: 0.4632  loss_final: 0.0757  loss_rgb: 0.1365  loss_geometry: 0.0877  correction_scale: 0.1000  loss_coarse: 0.0234  loss_region_consistency: 0.0001  loss_final_boundary: 0.0885  loss_boundary: 0.0466  loss_sdf: 0.0046  grad_norm: 1.4291
2026/09/23 17:12:07 - mmengine - INFO - Iter(train) [22850/40000]  base_lr: 2.8979e-04 lr: 2.8979e-05  eta: 2:41:31  time: 0.5486  data_time: 0.0173  memory: 6634  loss: 0.2905  loss_final: 0.0274  loss_rgb: 0.0664  loss_geometry: 0.1072  correction_scale: 0.1000  loss_coarse: 0.0085  loss_region_consistency: 0.0000  loss_final_boundary: 0.0490  loss_boundary: 0.0306  loss_sdf: 0.0014  grad_norm: 1.6850
2026/09/23 17:12:35 - mmengine - INFO - Iter(train) [22900/40000]  base_lr: 2.8903e-04 lr: 2.8903e-05  eta: 2:41:03  time: 0.5641  data_time: 0.0160  memory: 6634  loss: 0.5251  loss_final: 0.0936  loss_rgb: 0.1376  loss_geometry: 0.1083  correction_scale: 0.1000  loss_coarse: 0.0287  loss_region_consistency: 0.0001  loss_final_boundary: 0.0986  loss_boundary: 0.0525  loss_sdf: 0.0058  grad_norm: 1.6381
2026/09/23 17:13:03 - mmengine - INFO - Iter(train) [22950/40000]  base_lr: 2.8827e-04 lr: 2.8827e-05  eta: 2:40:34  time: 0.5554  data_time: 0.0157  memory: 6634  loss: 0.5010  loss_final: 0.1228  loss_rgb: 0.1224  loss_geometry: 0.0977  correction_scale: 0.1000  loss_coarse: 0.0372  loss_region_consistency: 0.0001  loss_final_boundary: 0.0781  loss_boundary: 0.0401  loss_sdf: 0.0026  grad_norm: 1.5590
2026/09/23 17:13:32 - mmengine - INFO - Exp name: stage3_joint_20260923_120333
2026/09/23 17:13:32 - mmengine - INFO - Iter(train) [23000/40000]  base_lr: 2.8751e-04 lr: 2.8751e-05  eta: 2:40:06  time: 0.5760  data_time: 0.0170  memory: 6634  loss: 0.4903  loss_final: 0.1084  loss_rgb: 0.1090  loss_geometry: 0.1145  correction_scale: 0.1000  loss_coarse: 0.0322  loss_region_consistency: 0.0001  loss_final_boundary: 0.0791  loss_boundary: 0.0411  loss_sdf: 0.0059  grad_norm: 2.2631
2026/09/23 17:14:00 - mmengine - INFO - Iter(train) [23050/40000]  base_lr: 2.8675e-04 lr: 2.8675e-05  eta: 2:39:38  time: 0.5452  data_time: 0.0156  memory: 6634  loss: 0.3557  loss_final: 0.0557  loss_rgb: 0.0832  loss_geometry: 0.1070  correction_scale: 0.1000  loss_coarse: 0.0169  loss_region_consistency: 0.0001  loss_final_boundary: 0.0592  loss_boundary: 0.0307  loss_sdf: 0.0030  grad_norm: 1.9213
2026/09/23 17:14:28 - mmengine - INFO - Iter(train) [23100/40000]  base_lr: 2.8599e-04 lr: 2.8599e-05  eta: 2:39:10  time: 0.5687  data_time: 0.0164  memory: 6634  loss: 0.4591  loss_final: 0.0545  loss_rgb: 0.1452  loss_geometry: 0.0920  correction_scale: 0.1000  loss_coarse: 0.0169  loss_region_consistency: 0.0001  loss_final_boundary: 0.0976  loss_boundary: 0.0502  loss_sdf: 0.0026  grad_norm: 1.6771
2026/09/23 17:14:56 - mmengine - INFO - Iter(train) [23150/40000]  base_lr: 2.8522e-04 lr: 2.8522e-05  eta: 2:38:41  time: 0.5625  data_time: 0.0156  memory: 6634  loss: 0.5926  loss_final: 0.1331  loss_rgb: 0.1626  loss_geometry: 0.1019  correction_scale: 0.1000  loss_coarse: 0.0403  loss_region_consistency: 0.0001  loss_final_boundary: 0.0982  loss_boundary: 0.0518  loss_sdf: 0.0044  grad_norm: 1.5335
2026/09/23 17:15:24 - mmengine - INFO - Iter(train) [23200/40000]  base_lr: 2.8446e-04 lr: 2.8446e-05  eta: 2:38:13  time: 0.5650  data_time: 0.0162  memory: 6634  loss: 0.3892  loss_final: 0.0553  loss_rgb: 0.1027  loss_geometry: 0.1061  correction_scale: 0.1000  loss_coarse: 0.0171  loss_region_consistency: 0.0001  loss_final_boundary: 0.0686  loss_boundary: 0.0367  loss_sdf: 0.0027  grad_norm: 1.4741
2026/09/23 17:15:52 - mmengine - INFO - Iter(train) [23250/40000]  base_lr: 2.8370e-04 lr: 2.8370e-05  eta: 2:37:44  time: 0.5570  data_time: 0.0169  memory: 6634  loss: 0.4626  loss_final: 0.0761  loss_rgb: 0.1277  loss_geometry: 0.1124  correction_scale: 0.1000  loss_coarse: 0.0231  loss_region_consistency: 0.0001  loss_final_boundary: 0.0783  loss_boundary: 0.0412  loss_sdf: 0.0037  grad_norm: 1.3831
2026/09/23 17:16:20 - mmengine - INFO - Iter(train) [23300/40000]  base_lr: 2.8294e-04 lr: 2.8294e-05  eta: 2:37:16  time: 0.5591  data_time: 0.0157  memory: 6634  loss: 0.4771  loss_final: 0.0621  loss_rgb: 0.1321  loss_geometry: 0.1264  correction_scale: 0.1000  loss_coarse: 0.0191  loss_region_consistency: 0.0001  loss_final_boundary: 0.0877  loss_boundary: 0.0464  loss_sdf: 0.0032  grad_norm: 1.5108
2026/09/23 17:16:49 - mmengine - INFO - Iter(train) [23350/40000]  base_lr: 2.8218e-04 lr: 2.8218e-05  eta: 2:36:48  time: 0.5684  data_time: 0.0167  memory: 6634  loss: 0.5534  loss_final: 0.1169  loss_rgb: 0.1341  loss_geometry: 0.1100  correction_scale: 0.1000  loss_coarse: 0.0356  loss_region_consistency: 0.0001  loss_final_boundary: 0.0986  loss_boundary: 0.0511  loss_sdf: 0.0071  grad_norm: 1.4245
2026/09/23 17:17:17 - mmengine - INFO - Iter(train) [23400/40000]  base_lr: 2.8141e-04 lr: 2.8141e-05  eta: 2:36:20  time: 0.5766  data_time: 0.0169  memory: 6634  loss: 0.4627  loss_final: 0.0784  loss_rgb: 0.1322  loss_geometry: 0.1042  correction_scale: 0.1000  loss_coarse: 0.0238  loss_region_consistency: 0.0001  loss_final_boundary: 0.0785  loss_boundary: 0.0415  loss_sdf: 0.0040  grad_norm: 1.6532
2026/09/23 17:17:45 - mmengine - INFO - Iter(train) [23450/40000]  base_lr: 2.8065e-04 lr: 2.8065e-05  eta: 2:35:51  time: 0.5462  data_time: 0.0160  memory: 6634  loss: 0.3486  loss_final: 0.0524  loss_rgb: 0.0851  loss_geometry: 0.1024  correction_scale: 0.1000  loss_coarse: 0.0158  loss_region_consistency: 0.0001  loss_final_boundary: 0.0587  loss_boundary: 0.0304  loss_sdf: 0.0036  grad_norm: 1.6513
2026/09/23 17:18:13 - mmengine - INFO - Iter(train) [23500/40000]  base_lr: 2.7989e-04 lr: 2.7989e-05  eta: 2:35:23  time: 0.5562  data_time: 0.0151  memory: 6634  loss: 0.4814  loss_final: 0.1007  loss_rgb: 0.1289  loss_geometry: 0.0891  correction_scale: 0.1000  loss_coarse: 0.0318  loss_region_consistency: 0.0001  loss_final_boundary: 0.0786  loss_boundary: 0.0467  loss_sdf: 0.0056  grad_norm: 1.7630
2026/09/23 17:18:41 - mmengine - INFO - Iter(train) [23550/40000]  base_lr: 2.7912e-04 lr: 2.7912e-05  eta: 2:34:54  time: 0.5574  data_time: 0.0153  memory: 6634  loss: 0.4362  loss_final: 0.0674  loss_rgb: 0.1179  loss_geometry: 0.0894  correction_scale: 0.1000  loss_coarse: 0.0211  loss_region_consistency: 0.0001  loss_final_boundary: 0.0885  loss_boundary: 0.0473  loss_sdf: 0.0044  grad_norm: 2.4028
2026/09/23 17:19:09 - mmengine - INFO - Iter(train) [23600/40000]  base_lr: 2.7836e-04 lr: 2.7836e-05  eta: 2:34:26  time: 0.5608  data_time: 0.0151  memory: 6634  loss: 0.4168  loss_final: 0.0599  loss_rgb: 0.1174  loss_geometry: 0.0990  correction_scale: 0.1000  loss_coarse: 0.0182  loss_region_consistency: 0.0001  loss_final_boundary: 0.0780  loss_boundary: 0.0411  loss_sdf: 0.0031  grad_norm: 1.7230
2026/09/23 17:19:37 - mmengine - INFO - Iter(train) [23650/40000]  base_lr: 2.7760e-04 lr: 2.7760e-05  eta: 2:33:58  time: 0.5625  data_time: 0.0175  memory: 6634  loss: 0.4648  loss_final: 0.0747  loss_rgb: 0.1295  loss_geometry: 0.0994  correction_scale: 0.1000  loss_coarse: 0.0228  loss_region_consistency: 0.0001  loss_final_boundary: 0.0880  loss_boundary: 0.0462  loss_sdf: 0.0040  grad_norm: 1.4832
2026/09/23 17:20:05 - mmengine - INFO - Iter(train) [23700/40000]  base_lr: 2.7683e-04 lr: 2.7683e-05  eta: 2:33:29  time: 0.5523  data_time: 0.0158  memory: 6634  loss: 0.5626  loss_final: 0.1511  loss_rgb: 0.1268  loss_geometry: 0.1141  correction_scale: 0.1000  loss_coarse: 0.0402  loss_region_consistency: 0.0001  loss_final_boundary: 0.0783  loss_boundary: 0.0459  loss_sdf: 0.0060  grad_norm: 1.4611
2026/09/23 17:20:33 - mmengine - INFO - Iter(train) [23750/40000]  base_lr: 2.7607e-04 lr: 2.7607e-05  eta: 2:33:01  time: 0.5547  data_time: 0.0171  memory: 6634  loss: 0.4670  loss_final: 0.0749  loss_rgb: 0.1390  loss_geometry: 0.1049  correction_scale: 0.1000  loss_coarse: 0.0241  loss_region_consistency: 0.0001  loss_final_boundary: 0.0782  loss_boundary: 0.0415  loss_sdf: 0.0043  grad_norm: 1.6157
2026/09/23 17:21:01 - mmengine - INFO - Iter(train) [23800/40000]  base_lr: 2.7530e-04 lr: 2.7530e-05  eta: 2:32:32  time: 0.5693  data_time: 0.0156  memory: 6634  loss: 0.5971  loss_final: 0.1698  loss_rgb: 0.1270  loss_geometry: 0.1054  correction_scale: 0.1000  loss_coarse: 0.0494  loss_region_consistency: 0.0001  loss_final_boundary: 0.0888  loss_boundary: 0.0464  loss_sdf: 0.0101  grad_norm: 1.7066
2026/09/23 17:21:29 - mmengine - INFO - Iter(train) [23850/40000]  base_lr: 2.7454e-04 lr: 2.7454e-05  eta: 2:32:04  time: 0.5578  data_time: 0.0156  memory: 6634  loss: 0.4416  loss_final: 0.0628  loss_rgb: 0.1221  loss_geometry: 0.1128  correction_scale: 0.1000  loss_coarse: 0.0190  loss_region_consistency: 0.0001  loss_final_boundary: 0.0788  loss_boundary: 0.0420  loss_sdf: 0.0040  grad_norm: 1.7271
2026/09/23 17:21:57 - mmengine - INFO - Iter(train) [23900/40000]  base_lr: 2.7377e-04 lr: 2.7377e-05  eta: 2:31:36  time: 0.5614  data_time: 0.0156  memory: 6634  loss: 0.4043  loss_final: 0.0681  loss_rgb: 0.1092  loss_geometry: 0.0836  correction_scale: 0.1000  loss_coarse: 0.0209  loss_region_consistency: 0.0001  loss_final_boundary: 0.0782  loss_boundary: 0.0405  loss_sdf: 0.0036  grad_norm: 1.9410
2026/09/23 17:22:25 - mmengine - INFO - Iter(train) [23950/40000]  base_lr: 2.7301e-04 lr: 2.7301e-05  eta: 2:31:07  time: 0.5610  data_time: 0.0183  memory: 6634  loss: 0.4618  loss_final: 0.0754  loss_rgb: 0.1266  loss_geometry: 0.1137  correction_scale: 0.1000  loss_coarse: 0.0240  loss_region_consistency: 0.0001  loss_final_boundary: 0.0783  loss_boundary: 0.0405  loss_sdf: 0.0032  grad_norm: 2.4993
2026/09/23 17:22:54 - mmengine - INFO - Exp name: stage3_joint_20260923_120333
2026/09/23 17:22:54 - mmengine - INFO - Iter(train) [24000/40000]  base_lr: 2.7224e-04 lr: 2.7224e-05  eta: 2:30:39  time: 0.5718  data_time: 0.0163  memory: 6634  loss: 0.4288  loss_final: 0.0834  loss_rgb: 0.1080  loss_geometry: 0.0876  correction_scale: 0.1000  loss_coarse: 0.0248  loss_region_consistency: 0.0001  loss_final_boundary: 0.0787  loss_boundary: 0.0419  loss_sdf: 0.0043  grad_norm: 2.4062
2026/09/23 17:22:54 - mmengine - INFO - Saving checkpoint at 24000 iterations
2026/09/23 17:24:00 - mmengine - INFO - Iter(val) [ 50/304]    eta: 0:05:26  time: 1.2710  data_time: 0.0200  memory: 1189  
2026/09/23 17:25:28 - mmengine - INFO - Iter(val) [100/304]    eta: 0:05:10  time: 1.7296  data_time: 0.0214  memory: 1189  
2026/09/23 17:26:52 - mmengine - INFO - Iter(val) [150/304]    eta: 0:04:02  time: 1.6748  data_time: 0.0206  memory: 1189  
2026/09/23 17:28:15 - mmengine - INFO - Iter(val) [200/304]    eta: 0:02:46  time: 1.6639  data_time: 0.0208  memory: 1189  
2026/09/23 17:29:38 - mmengine - INFO - Iter(val) [250/304]    eta: 0:01:27  time: 1.6712  data_time: 0.0197  memory: 1189  
2026/09/23 17:31:00 - mmengine - INFO - Iter(val) [300/304]    eta: 0:00:06  time: 1.6222  data_time: 0.0211  memory: 1189  
2026/09/23 17:31:07 - mmengine - INFO - per class results:
2026/09/23 17:31:07 - mmengine - INFO - 
+------------------+-------+-------+-------+--------+-----------+--------+
|      Class       |  IoU  |  Acc  |  Dice | Fscore | Precision | Recall |
+------------------+-------+-------+-------+--------+-----------+--------+
|    background    | 97.69 | 98.61 | 98.83 | 98.83  |   99.05   | 98.61  |
| wastewater_plant | 77.09 | 89.24 | 87.06 | 87.06  |   84.99   | 89.24  |
+------------------+-------+-------+-------+--------+-----------+--------+
2026/09/23 17:31:07 - mmengine - INFO - Iter(val) [304/304]    aAcc: 97.8500  mIoU: 87.3900  mAcc: 93.9300  mDice: 92.9500  mFscore: 92.9500  mPrecision: 92.0200  mRecall: 93.9300  binary/Foreground_IoU: 77.0926  binary/Dice: 87.0647  binary/F1: 87.0647  binary/Precision: 84.9930  binary/Recall: 89.2400  binary/Boundary_F1: 16.1353  binary/BFScore: 16.1353  binary/Boundary_Precision: 13.6838  binary/Boundary_Recall: 19.6570  binary/Hausdorff_px: 371.5909  binary/HD95_px: 261.2580  binary/Hausdorff_m: 185.7955  binary/HD95_m: 130.6290  data_time: 0.0221  time: 1.6162
2026/09/23 17:31:07 - mmengine - INFO - The previous best checkpoint /workspace/work_dirs/rpgv_v2_paper_reuse/paper_reuse/seed_42/no_rgr/stage3_joint/best_binary_Foreground_IoU_iter_16000.pth is removed
2026/09/23 17:31:08 - mmengine - INFO - The best checkpoint with 77.0926 binary/Foreground_IoU at 24000 iter is saved to best_binary_Foreground_IoU_iter_24000.pth.
2026/09/23 17:31:39 - mmengine - INFO - Iter(train) [24050/40000]  base_lr: 2.7148e-04 lr: 2.7148e-05  eta: 2:30:13  time: 0.5609  data_time: 0.0165  memory: 6634  loss: 0.5437  loss_final: 0.1304  loss_rgb: 0.1327  loss_geometry: 0.1008  correction_scale: 0.1000  loss_coarse: 0.0385  loss_region_consistency: 0.0001  loss_final_boundary: 0.0882  loss_boundary: 0.0462  loss_sdf: 0.0066  grad_norm: 1.5729
2026/09/23 17:32:07 - mmengine - INFO - Iter(train) [24100/40000]  base_lr: 2.7071e-04 lr: 2.7071e-05  eta: 2:29:45  time: 0.5638  data_time: 0.0155  memory: 6634  loss: 0.5548  loss_final: 0.1316  loss_rgb: 0.1343  loss_geometry: 0.0952  correction_scale: 0.1000  loss_coarse: 0.0396  loss_region_consistency: 0.0001  loss_final_boundary: 0.0983  loss_boundary: 0.0515  loss_sdf: 0.0042  grad_norm: 1.6932
2026/09/23 17:32:35 - mmengine - INFO - Iter(train) [24150/40000]  base_lr: 2.6994e-04 lr: 2.6994e-05  eta: 2:29:17  time: 0.5526  data_time: 0.0167  memory: 6634  loss: 0.2784  loss_final: 0.0246  loss_rgb: 0.0700  loss_geometry: 0.1013  correction_scale: 0.1000  loss_coarse: 0.0076  loss_region_consistency: 0.0001  loss_final_boundary: 0.0484  loss_boundary: 0.0252  loss_sdf: 0.0012  grad_norm: 1.6030
2026/09/23 17:33:03 - mmengine - INFO - Iter(train) [24200/40000]  base_lr: 2.6918e-04 lr: 2.6918e-05  eta: 2:28:49  time: 0.5690  data_time: 0.0165  memory: 6634  loss: 0.4543  loss_final: 0.0735  loss_rgb: 0.1206  loss_geometry: 0.1153  correction_scale: 0.1000  loss_coarse: 0.0221  loss_region_consistency: 0.0001  loss_final_boundary: 0.0782  loss_boundary: 0.0413  loss_sdf: 0.0033  grad_norm: 1.4959
2026/09/23 17:33:31 - mmengine - INFO - Iter(train) [24250/40000]  base_lr: 2.6841e-04 lr: 2.6841e-05  eta: 2:28:20  time: 0.5658  data_time: 0.0160  memory: 6634  loss: 0.5262  loss_final: 0.1086  loss_rgb: 0.1366  loss_geometry: 0.1074  correction_scale: 0.1000  loss_coarse: 0.0328  loss_region_consistency: 0.0001  loss_final_boundary: 0.0883  loss_boundary: 0.0470  loss_sdf: 0.0054  grad_norm: 1.6672
2026/09/23 17:33:59 - mmengine - INFO - Iter(train) [24300/40000]  base_lr: 2.6764e-04 lr: 2.6764e-05  eta: 2:27:52  time: 0.5471  data_time: 0.0166  memory: 6634  loss: 0.3862  loss_final: 0.0873  loss_rgb: 0.0743  loss_geometry: 0.1185  correction_scale: 0.1000  loss_coarse: 0.0253  loss_region_consistency: 0.0001  loss_final_boundary: 0.0495  loss_boundary: 0.0266  loss_sdf: 0.0047  grad_norm: 1.4255
2026/09/23 17:34:28 - mmengine - INFO - Iter(train) [24350/40000]  base_lr: 2.6688e-04 lr: 2.6688e-05  eta: 2:27:23  time: 0.5585  data_time: 0.0162  memory: 6634  loss: 0.4974  loss_final: 0.1035  loss_rgb: 0.1283  loss_geometry: 0.0936  correction_scale: 0.1000  loss_coarse: 0.0320  loss_region_consistency: 0.0001  loss_final_boundary: 0.0879  loss_boundary: 0.0461  loss_sdf: 0.0059  grad_norm: 1.8448
2026/09/23 17:34:56 - mmengine - INFO - Iter(train) [24400/40000]  base_lr: 2.6611e-04 lr: 2.6611e-05  eta: 2:26:55  time: 0.5746  data_time: 0.0157  memory: 6634  loss: 0.5031  loss_final: 0.0916  loss_rgb: 0.1161  loss_geometry: 0.1094  correction_scale: 0.1000  loss_coarse: 0.0296  loss_region_consistency: 0.0001  loss_final_boundary: 0.0984  loss_boundary: 0.0516  loss_sdf: 0.0062  grad_norm: 1.7155
2026/09/23 17:35:24 - mmengine - INFO - Iter(train) [24450/40000]  base_lr: 2.6534e-04 lr: 2.6534e-05  eta: 2:26:27  time: 0.5573  data_time: 0.0161  memory: 6634  loss: 0.3766  loss_final: 0.0420  loss_rgb: 0.0882  loss_geometry: 0.1256  correction_scale: 0.1000  loss_coarse: 0.0129  loss_region_consistency: 0.0001  loss_final_boundary: 0.0686  loss_boundary: 0.0362  loss_sdf: 0.0029  grad_norm: 1.6192
2026/09/23 17:35:52 - mmengine - INFO - Iter(train) [24500/40000]  base_lr: 2.6457e-04 lr: 2.6457e-05  eta: 2:25:58  time: 0.5561  data_time: 0.0163  memory: 6634  loss: 0.4655  loss_final: 0.1097  loss_rgb: 0.1093  loss_geometry: 0.1020  correction_scale: 0.1000  loss_coarse: 0.0318  loss_region_consistency: 0.0001  loss_final_boundary: 0.0692  loss_boundary: 0.0365  loss_sdf: 0.0070  grad_norm: 1.5684
2026/09/23 17:36:20 - mmengine - INFO - Iter(train) [24550/40000]  base_lr: 2.6380e-04 lr: 2.6380e-05  eta: 2:25:30  time: 0.5543  data_time: 0.0156  memory: 6634  loss: 0.5210  loss_final: 0.1279  loss_rgb: 0.1231  loss_geometry: 0.1076  correction_scale: 0.1000  loss_coarse: 0.0381  loss_region_consistency: 0.0001  loss_final_boundary: 0.0780  loss_boundary: 0.0410  loss_sdf: 0.0052  grad_norm: 1.5893
2026/09/23 17:36:48 - mmengine - INFO - Iter(train) [24600/40000]  base_lr: 2.6304e-04 lr: 2.6304e-05  eta: 2:25:02  time: 0.5734  data_time: 0.0155  memory: 6634  loss: 0.5224  loss_final: 0.1012  loss_rgb: 0.1396  loss_geometry: 0.1091  correction_scale: 0.1000  loss_coarse: 0.0306  loss_region_consistency: 0.0001  loss_final_boundary: 0.0887  loss_boundary: 0.0473  loss_sdf: 0.0059  grad_norm: 1.8257
2026/09/23 17:37:16 - mmengine - INFO - Iter(train) [24650/40000]  base_lr: 2.6227e-04 lr: 2.6227e-05  eta: 2:24:33  time: 0.5641  data_time: 0.0158  memory: 6634  loss: 0.5154  loss_final: 0.1036  loss_rgb: 0.1317  loss_geometry: 0.1093  correction_scale: 0.1000  loss_coarse: 0.0310  loss_region_consistency: 0.0001  loss_final_boundary: 0.0882  loss_boundary: 0.0461  loss_sdf: 0.0054  grad_norm: 1.9882
2026/09/23 17:37:45 - mmengine - INFO - Iter(train) [24700/40000]  base_lr: 2.6150e-04 lr: 2.6150e-05  eta: 2:24:05  time: 0.5625  data_time: 0.0172  memory: 6634  loss: 0.4340  loss_final: 0.0589  loss_rgb: 0.1331  loss_geometry: 0.0853  correction_scale: 0.1000  loss_coarse: 0.0189  loss_region_consistency: 0.0001  loss_final_boundary: 0.0878  loss_boundary: 0.0466  loss_sdf: 0.0034  grad_norm: 2.2916
2026/09/23 17:38:13 - mmengine - INFO - Iter(train) [24750/40000]  base_lr: 2.6073e-04 lr: 2.6073e-05  eta: 2:23:37  time: 0.5606  data_time: 0.0179  memory: 6634  loss: 0.4719  loss_final: 0.0955  loss_rgb: 0.1098  loss_geometry: 0.1263  correction_scale: 0.1000  loss_coarse: 0.0283  loss_region_consistency: 0.0001  loss_final_boundary: 0.0690  loss_boundary: 0.0370  loss_sdf: 0.0058  grad_norm: 1.5499
2026/09/23 17:38:41 - mmengine - INFO - Iter(train) [24800/40000]  base_lr: 2.5996e-04 lr: 2.5996e-05  eta: 2:23:08  time: 0.5711  data_time: 0.0169  memory: 6634  loss: 0.4471  loss_final: 0.0754  loss_rgb: 0.1146  loss_geometry: 0.0974  correction_scale: 0.1000  loss_coarse: 0.0227  loss_region_consistency: 0.0001  loss_final_boundary: 0.0880  loss_boundary: 0.0464  loss_sdf: 0.0027  grad_norm: 1.3206
2026/09/23 17:39:09 - mmengine - INFO - Iter(train) [24850/40000]  base_lr: 2.5919e-04 lr: 2.5919e-05  eta: 2:22:40  time: 0.5722  data_time: 0.0165  memory: 6634  loss: 0.5335  loss_final: 0.1092  loss_rgb: 0.1466  loss_geometry: 0.0886  correction_scale: 0.1000  loss_coarse: 0.0334  loss_region_consistency: 0.0001  loss_final_boundary: 0.0978  loss_boundary: 0.0520  loss_sdf: 0.0057  grad_norm: 3.0199
2026/09/23 17:39:37 - mmengine - INFO - Iter(train) [24900/40000]  base_lr: 2.5842e-04 lr: 2.5842e-05  eta: 2:22:12  time: 0.5612  data_time: 0.0161  memory: 6634  loss: 0.4147  loss_final: 0.0727  loss_rgb: 0.1108  loss_geometry: 0.0998  correction_scale: 0.1000  loss_coarse: 0.0217  loss_region_consistency: 0.0001  loss_final_boundary: 0.0686  loss_boundary: 0.0366  loss_sdf: 0.0043  grad_norm: 1.4662
2026/09/23 17:40:05 - mmengine - INFO - Iter(train) [24950/40000]  base_lr: 2.5765e-04 lr: 2.5765e-05  eta: 2:21:43  time: 0.5560  data_time: 0.0158  memory: 6634  loss: 0.4734  loss_final: 0.0853  loss_rgb: 0.1249  loss_geometry: 0.1117  correction_scale: 0.1000  loss_coarse: 0.0262  loss_region_consistency: 0.0001  loss_final_boundary: 0.0784  loss_boundary: 0.0416  loss_sdf: 0.0051  grad_norm: 1.2421
2026/09/23 17:40:33 - mmengine - INFO - Exp name: stage3_joint_20260923_120333
2026/09/23 17:40:33 - mmengine - INFO - Iter(train) [25000/40000]  base_lr: 2.5688e-04 lr: 2.5688e-05  eta: 2:21:15  time: 0.5746  data_time: 0.0169  memory: 6634  loss: 0.5464  loss_final: 0.0935  loss_rgb: 0.1629  loss_geometry: 0.1074  correction_scale: 0.1000  loss_coarse: 0.0284  loss_region_consistency: 0.0001  loss_final_boundary: 0.0977  loss_boundary: 0.0519  loss_sdf: 0.0045  grad_norm: 2.0569
2026/09/23 17:41:01 - mmengine - INFO - Iter(train) [25050/40000]  base_lr: 2.5611e-04 lr: 2.5611e-05  eta: 2:20:46  time: 0.5461  data_time: 0.0172  memory: 6634  loss: 0.3204  loss_final: 0.0517  loss_rgb: 0.0647  loss_geometry: 0.1117  correction_scale: 0.1000  loss_coarse: 0.0153  loss_region_consistency: 0.0000  loss_final_boundary: 0.0492  loss_boundary: 0.0252  loss_sdf: 0.0025  grad_norm: 1.9812
2026/09/23 17:41:29 - mmengine - INFO - Iter(train) [25100/40000]  base_lr: 2.5534e-04 lr: 2.5534e-05  eta: 2:20:18  time: 0.5649  data_time: 0.0167  memory: 6634  loss: 0.5444  loss_final: 0.1273  loss_rgb: 0.1422  loss_geometry: 0.0962  correction_scale: 0.1000  loss_coarse: 0.0382  loss_region_consistency: 0.0001  loss_final_boundary: 0.0886  loss_boundary: 0.0466  loss_sdf: 0.0051  grad_norm: 1.8647
2026/09/23 17:41:58 - mmengine - INFO - Iter(train) [25150/40000]  base_lr: 2.5457e-04 lr: 2.5457e-05  eta: 2:19:50  time: 0.5618  data_time: 0.0165  memory: 6634  loss: 0.4406  loss_final: 0.0845  loss_rgb: 0.1016  loss_geometry: 0.1011  correction_scale: 0.1000  loss_coarse: 0.0260  loss_region_consistency: 0.0001  loss_final_boundary: 0.0789  loss_boundary: 0.0423  loss_sdf: 0.0061  grad_norm: 1.6123
2026/09/23 17:42:26 - mmengine - INFO - Iter(train) [25200/40000]  base_lr: 2.5379e-04 lr: 2.5379e-05  eta: 2:19:22  time: 0.5685  data_time: 0.0167  memory: 6634  loss: 0.4529  loss_final: 0.0647  loss_rgb: 0.1122  loss_geometry: 0.1330  correction_scale: 0.1000  loss_coarse: 0.0195  loss_region_consistency: 0.0001  loss_final_boundary: 0.0785  loss_boundary: 0.0412  loss_sdf: 0.0037  grad_norm: 1.6949
2026/09/23 17:42:54 - mmengine - INFO - Iter(train) [25250/40000]  base_lr: 2.5302e-04 lr: 2.5302e-05  eta: 2:18:54  time: 0.5625  data_time: 0.0162  memory: 6634  loss: 0.4492  loss_final: 0.0726  loss_rgb: 0.1243  loss_geometry: 0.0925  correction_scale: 0.1000  loss_coarse: 0.0226  loss_region_consistency: 0.0001  loss_final_boundary: 0.0880  loss_boundary: 0.0459  loss_sdf: 0.0032  grad_norm: 1.8070
2026/09/23 17:43:22 - mmengine - INFO - Iter(train) [25300/40000]  base_lr: 2.5225e-04 lr: 2.5225e-05  eta: 2:18:25  time: 0.5603  data_time: 0.0155  memory: 6634  loss: 0.4538  loss_final: 0.0820  loss_rgb: 0.1155  loss_geometry: 0.0920  correction_scale: 0.1000  loss_coarse: 0.0250  loss_region_consistency: 0.0001  loss_final_boundary: 0.0886  loss_boundary: 0.0470  loss_sdf: 0.0037  grad_norm: 1.8949
2026/09/23 17:43:50 - mmengine - INFO - Iter(train) [25350/40000]  base_lr: 2.5148e-04 lr: 2.5148e-05  eta: 2:17:57  time: 0.5627  data_time: 0.0165  memory: 6634  loss: 0.5319  loss_final: 0.1258  loss_rgb: 0.1386  loss_geometry: 0.0870  correction_scale: 0.1000  loss_coarse: 0.0380  loss_region_consistency: 0.0001  loss_final_boundary: 0.0889  loss_boundary: 0.0468  loss_sdf: 0.0068  grad_norm: 1.5451
2026/09/23 17:44:18 - mmengine - INFO - Iter(train) [25400/40000]  base_lr: 2.5071e-04 lr: 2.5071e-05  eta: 2:17:28  time: 0.5608  data_time: 0.0150  memory: 6634  loss: 0.4684  loss_final: 0.0803  loss_rgb: 0.1299  loss_geometry: 0.1092  correction_scale: 0.1000  loss_coarse: 0.0246  loss_region_consistency: 0.0001  loss_final_boundary: 0.0785  loss_boundary: 0.0415  loss_sdf: 0.0043  grad_norm: 1.4348
2026/09/23 17:44:46 - mmengine - INFO - Iter(train) [25450/40000]  base_lr: 2.4993e-04 lr: 2.4993e-05  eta: 2:17:00  time: 0.5532  data_time: 0.0162  memory: 6634  loss: 0.4285  loss_final: 0.0852  loss_rgb: 0.0919  loss_geometry: 0.1155  correction_scale: 0.1000  loss_coarse: 0.0252  loss_region_consistency: 0.0001  loss_final_boundary: 0.0690  loss_boundary: 0.0371  loss_sdf: 0.0046  grad_norm: 1.6193
2026/09/23 17:45:14 - mmengine - INFO - Iter(train) [25500/40000]  base_lr: 2.4916e-04 lr: 2.4916e-05  eta: 2:16:32  time: 0.5523  data_time: 0.0155  memory: 6634  loss: 0.4134  loss_final: 0.0596  loss_rgb: 0.1151  loss_geometry: 0.0930  correction_scale: 0.1000  loss_coarse: 0.0188  loss_region_consistency: 0.0001  loss_final_boundary: 0.0783  loss_boundary: 0.0458  loss_sdf: 0.0029  grad_norm: 1.6809
2026/09/23 17:45:42 - mmengine - INFO - Iter(train) [25550/40000]  base_lr: 2.4839e-04 lr: 2.4839e-05  eta: 2:16:03  time: 0.5650  data_time: 0.0170  memory: 6634  loss: 0.4267  loss_final: 0.0533  loss_rgb: 0.1300  loss_geometry: 0.0903  correction_scale: 0.1000  loss_coarse: 0.0163  loss_region_consistency: 0.0001  loss_final_boundary: 0.0881  loss_boundary: 0.0460  loss_sdf: 0.0027  grad_norm: 1.9349
2026/09/23 17:46:11 - mmengine - INFO - Iter(train) [25600/40000]  base_lr: 2.4761e-04 lr: 2.4761e-05  eta: 2:15:35  time: 0.5746  data_time: 0.0155  memory: 6634  loss: 0.4196  loss_final: 0.0560  loss_rgb: 0.1122  loss_geometry: 0.0971  correction_scale: 0.1000  loss_coarse: 0.0169  loss_region_consistency: 0.0001  loss_final_boundary: 0.0881  loss_boundary: 0.0461  loss_sdf: 0.0031  grad_norm: 1.4827
2026/09/23 17:46:39 - mmengine - INFO - Iter(train) [25650/40000]  base_lr: 2.4684e-04 lr: 2.4684e-05  eta: 2:15:07  time: 0.5654  data_time: 0.0159  memory: 6634  loss: 0.5866  loss_final: 0.1422  loss_rgb: 0.1467  loss_geometry: 0.1116  correction_scale: 0.1000  loss_coarse: 0.0425  loss_region_consistency: 0.0001  loss_final_boundary: 0.0889  loss_boundary: 0.0469  loss_sdf: 0.0077  grad_norm: 1.6713
2026/09/23 17:47:07 - mmengine - INFO - Iter(train) [25700/40000]  base_lr: 2.4606e-04 lr: 2.4606e-05  eta: 2:14:38  time: 0.5539  data_time: 0.0170  memory: 6634  loss: 0.3813  loss_final: 0.0584  loss_rgb: 0.0985  loss_geometry: 0.0994  correction_scale: 0.1000  loss_coarse: 0.0176  loss_region_consistency: 0.0001  loss_final_boundary: 0.0685  loss_boundary: 0.0360  loss_sdf: 0.0028  grad_norm: 1.6493
2026/09/23 17:47:35 - mmengine - INFO - Iter(train) [25750/40000]  base_lr: 2.4529e-04 lr: 2.4529e-05  eta: 2:14:10  time: 0.5705  data_time: 0.0182  memory: 6634  loss: 0.5952  loss_final: 0.1281  loss_rgb: 0.1665  loss_geometry: 0.1033  correction_scale: 0.1000  loss_coarse: 0.0386  loss_region_consistency: 0.0001  loss_final_boundary: 0.0986  loss_boundary: 0.0523  loss_sdf: 0.0078  grad_norm: 1.8879
2026/09/23 17:48:03 - mmengine - INFO - Iter(train) [25800/40000]  base_lr: 2.4452e-04 lr: 2.4452e-05  eta: 2:13:42  time: 0.5722  data_time: 0.0180  memory: 6634  loss: 0.4400  loss_final: 0.0706  loss_rgb: 0.1195  loss_geometry: 0.1066  correction_scale: 0.1000  loss_coarse: 0.0216  loss_region_consistency: 0.0001  loss_final_boundary: 0.0775  loss_boundary: 0.0410  loss_sdf: 0.0031  grad_norm: 1.9573
2026/09/23 17:48:31 - mmengine - INFO - Iter(train) [25850/40000]  base_lr: 2.4374e-04 lr: 2.4374e-05  eta: 2:13:13  time: 0.5602  data_time: 0.0167  memory: 6634  loss: 0.3696  loss_final: 0.0535  loss_rgb: 0.0971  loss_geometry: 0.0950  correction_scale: 0.1000  loss_coarse: 0.0161  loss_region_consistency: 0.0001  loss_final_boundary: 0.0685  loss_boundary: 0.0361  loss_sdf: 0.0031  grad_norm: 1.4717
2026/09/23 17:48:59 - mmengine - INFO - Iter(train) [25900/40000]  base_lr: 2.4297e-04 lr: 2.4297e-05  eta: 2:12:45  time: 0.5611  data_time: 0.0165  memory: 6634  loss: 0.3686  loss_final: 0.0544  loss_rgb: 0.0910  loss_geometry: 0.0983  correction_scale: 0.1000  loss_coarse: 0.0165  loss_region_consistency: 0.0001  loss_final_boundary: 0.0684  loss_boundary: 0.0359  loss_sdf: 0.0040  grad_norm: 1.5270
2026/09/23 17:49:27 - mmengine - INFO - Iter(train) [25950/40000]  base_lr: 2.4219e-04 lr: 2.4219e-05  eta: 2:12:17  time: 0.5609  data_time: 0.0163  memory: 6634  loss: 0.4871  loss_final: 0.0764  loss_rgb: 0.1472  loss_geometry: 0.0964  correction_scale: 0.1000  loss_coarse: 0.0234  loss_region_consistency: 0.0001  loss_final_boundary: 0.0882  loss_boundary: 0.0521  loss_sdf: 0.0032  grad_norm: 1.7825
2026/09/23 17:49:55 - mmengine - INFO - Exp name: stage3_joint_20260923_120333
2026/09/23 17:49:55 - mmengine - INFO - Iter(train) [26000/40000]  base_lr: 2.4141e-04 lr: 2.4141e-05  eta: 2:11:48  time: 0.5660  data_time: 0.0159  memory: 6634  loss: 0.3871  loss_final: 0.0561  loss_rgb: 0.1031  loss_geometry: 0.1041  correction_scale: 0.1000  loss_coarse: 0.0173  loss_region_consistency: 0.0001  loss_final_boundary: 0.0685  loss_boundary: 0.0357  loss_sdf: 0.0023  grad_norm: 1.4332
2026/09/23 17:49:55 - mmengine - INFO - Saving checkpoint at 26000 iterations
2026/09/23 17:51:01 - mmengine - INFO - Iter(val) [ 50/304]    eta: 0:05:26  time: 1.2813  data_time: 0.0187  memory: 1189  
2026/09/23 17:52:29 - mmengine - INFO - Iter(val) [100/304]    eta: 0:05:10  time: 1.7272  data_time: 0.0201  memory: 1189  
2026/09/23 17:53:54 - mmengine - INFO - Iter(val) [150/304]    eta: 0:04:02  time: 1.6579  data_time: 0.0214  memory: 1189  
2026/09/23 17:55:17 - mmengine - INFO - Iter(val) [200/304]    eta: 0:02:46  time: 1.6754  data_time: 0.0201  memory: 1189  
2026/09/23 17:56:39 - mmengine - INFO - Iter(val) [250/304]    eta: 0:01:26  time: 1.6726  data_time: 0.0212  memory: 1189  
2026/09/23 17:58:01 - mmengine - INFO - Iter(val) [300/304]    eta: 0:00:06  time: 1.6176  data_time: 0.0198  memory: 1189  
2026/09/23 17:58:07 - mmengine - INFO - per class results:
2026/09/23 17:58:07 - mmengine - INFO - 
+------------------+-------+-------+-------+--------+-----------+--------+
|      Class       |  IoU  |  Acc  |  Dice | Fscore | Precision | Recall |
+------------------+-------+-------+-------+--------+-----------+--------+
|    background    | 97.66 |  98.6 | 98.81 | 98.81  |   99.03   |  98.6  |
| wastewater_plant |  76.8 | 88.99 | 86.88 | 86.88  |   84.87   | 88.99  |
+------------------+-------+-------+-------+--------+-----------+--------+
2026/09/23 17:58:07 - mmengine - INFO - Iter(val) [304/304]    aAcc: 97.8200  mIoU: 87.2300  mAcc: 93.8000  mDice: 92.8500  mFscore: 92.8500  mPrecision: 91.9500  mRecall: 93.8000  binary/Foreground_IoU: 76.8040  binary/Dice: 86.8804  binary/F1: 86.8804  binary/Precision: 84.8653  binary/Recall: 88.9936  binary/Boundary_F1: 15.9901  binary/BFScore: 15.9901  binary/Boundary_Precision: 13.4083  binary/Boundary_Recall: 19.8033  binary/Hausdorff_px: 374.0529  binary/HD95_px: 253.1897  binary/Hausdorff_m: 187.0265  binary/HD95_m: 126.5948  data_time: 0.0220  time: 1.6130
2026/09/23 17:58:36 - mmengine - INFO - Iter(train) [26050/40000]  base_lr: 2.4064e-04 lr: 2.4064e-05  eta: 2:11:20  time: 0.5648  data_time: 0.0165  memory: 6634  loss: 0.5458  loss_final: 0.1130  loss_rgb: 0.1500  loss_geometry: 0.0915  correction_scale: 0.1000  loss_coarse: 0.0340  loss_region_consistency: 0.0001  loss_final_boundary: 0.0982  loss_boundary: 0.0519  loss_sdf: 0.0071  grad_norm: 1.4850
2026/09/23 17:59:04 - mmengine - INFO - Iter(train) [26100/40000]  base_lr: 2.3986e-04 lr: 2.3986e-05  eta: 2:10:52  time: 0.5638  data_time: 0.0174  memory: 6634  loss: 0.4516  loss_final: 0.0730  loss_rgb: 0.1345  loss_geometry: 0.0833  correction_scale: 0.1000  loss_coarse: 0.0226  loss_region_consistency: 0.0001  loss_final_boundary: 0.0879  loss_boundary: 0.0467  loss_sdf: 0.0034  grad_norm: 1.5181
2026/09/23 17:59:32 - mmengine - INFO - Iter(train) [26150/40000]  base_lr: 2.3908e-04 lr: 2.3908e-05  eta: 2:10:24  time: 0.5785  data_time: 0.0157  memory: 6634  loss: 0.5074  loss_final: 0.1034  loss_rgb: 0.1402  loss_geometry: 0.0919  correction_scale: 0.1000  loss_coarse: 0.0307  loss_region_consistency: 0.0001  loss_final_boundary: 0.0883  loss_boundary: 0.0469  loss_sdf: 0.0060  grad_norm: 1.4867
2026/09/23 18:00:00 - mmengine - INFO - Iter(train) [26200/40000]  base_lr: 2.3831e-04 lr: 2.3831e-05  eta: 2:09:55  time: 0.5676  data_time: 0.0161  memory: 6634  loss: 0.4447  loss_final: 0.0726  loss_rgb: 0.1117  loss_geometry: 0.1114  correction_scale: 0.1000  loss_coarse: 0.0226  loss_region_consistency: 0.0001  loss_final_boundary: 0.0786  loss_boundary: 0.0421  loss_sdf: 0.0057  grad_norm: 1.2667
2026/09/23 18:00:29 - mmengine - INFO - Iter(train) [26250/40000]  base_lr: 2.3753e-04 lr: 2.3753e-05  eta: 2:09:27  time: 0.5542  data_time: 0.0153  memory: 6634  loss: 0.4611  loss_final: 0.1191  loss_rgb: 0.0899  loss_geometry: 0.1058  correction_scale: 0.1000  loss_coarse: 0.0341  loss_region_consistency: 0.0001  loss_final_boundary: 0.0685  loss_boundary: 0.0356  loss_sdf: 0.0080  grad_norm: 1.8203
2026/09/23 18:00:57 - mmengine - INFO - Iter(train) [26300/40000]  base_lr: 2.3675e-04 lr: 2.3675e-05  eta: 2:08:59  time: 0.5553  data_time: 0.0154  memory: 6634  loss: 0.4701  loss_final: 0.0929  loss_rgb: 0.1171  loss_geometry: 0.1032  correction_scale: 0.1000  loss_coarse: 0.0291  loss_region_consistency: 0.0001  loss_final_boundary: 0.0789  loss_boundary: 0.0416  loss_sdf: 0.0071  grad_norm: 1.8015
2026/09/23 18:01:25 - mmengine - INFO - Iter(train) [26350/40000]  base_lr: 2.3598e-04 lr: 2.3598e-05  eta: 2:08:30  time: 0.5482  data_time: 0.0151  memory: 6634  loss: 0.3711  loss_final: 0.0550  loss_rgb: 0.0884  loss_geometry: 0.1027  correction_scale: 0.1000  loss_coarse: 0.0167  loss_region_consistency: 0.0001  loss_final_boundary: 0.0692  loss_boundary: 0.0359  loss_sdf: 0.0032  grad_norm: 1.6458
2026/09/23 18:01:53 - mmengine - INFO - Iter(train) [26400/40000]  base_lr: 2.3520e-04 lr: 2.3520e-05  eta: 2:08:02  time: 0.5688  data_time: 0.0157  memory: 6634  loss: 0.4624  loss_final: 0.0756  loss_rgb: 0.1267  loss_geometry: 0.0986  correction_scale: 0.1000  loss_coarse: 0.0236  loss_region_consistency: 0.0001  loss_final_boundary: 0.0879  loss_boundary: 0.0463  loss_sdf: 0.0035  grad_norm: 1.8116
2026/09/23 18:02:21 - mmengine - INFO - Iter(train) [26450/40000]  base_lr: 2.3442e-04 lr: 2.3442e-05  eta: 2:07:34  time: 0.5643  data_time: 0.0165  memory: 6634  loss: 0.5499  loss_final: 0.1234  loss_rgb: 0.1539  loss_geometry: 0.0932  correction_scale: 0.1000  loss_coarse: 0.0376  loss_region_consistency: 0.0001  loss_final_boundary: 0.0887  loss_boundary: 0.0471  loss_sdf: 0.0058  grad_norm: 1.5858
2026/09/23 18:02:49 - mmengine - INFO - Iter(train) [26500/40000]  base_lr: 2.3364e-04 lr: 2.3364e-05  eta: 2:07:06  time: 0.5647  data_time: 0.0162  memory: 6634  loss: 0.4569  loss_final: 0.0675  loss_rgb: 0.1457  loss_geometry: 0.0706  correction_scale: 0.1000  loss_coarse: 0.0203  loss_region_consistency: 0.0001  loss_final_boundary: 0.0979  loss_boundary: 0.0513  loss_sdf: 0.0034  grad_norm: 1.3505
2026/09/23 18:03:17 - mmengine - INFO - Iter(train) [26550/40000]  base_lr: 2.3286e-04 lr: 2.3286e-05  eta: 2:06:37  time: 0.5618  data_time: 0.0156  memory: 6634  loss: 0.5060  loss_final: 0.1025  loss_rgb: 0.1329  loss_geometry: 0.0842  correction_scale: 0.1000  loss_coarse: 0.0303  loss_region_consistency: 0.0001  loss_final_boundary: 0.0987  loss_boundary: 0.0519  loss_sdf: 0.0055  grad_norm: 1.7284
2026/09/23 18:03:45 - mmengine - INFO - Iter(train) [26600/40000]  base_lr: 2.3208e-04 lr: 2.3208e-05  eta: 2:06:09  time: 0.5763  data_time: 0.0169  memory: 6634  loss: 0.4275  loss_final: 0.0465  loss_rgb: 0.1284  loss_geometry: 0.0871  correction_scale: 0.1000  loss_coarse: 0.0143  loss_region_consistency: 0.0001  loss_final_boundary: 0.0977  loss_boundary: 0.0510  loss_sdf: 0.0023  grad_norm: 1.3671
2026/09/23 18:04:13 - mmengine - INFO - Iter(train) [26650/40000]  base_lr: 2.3130e-04 lr: 2.3130e-05  eta: 2:05:40  time: 0.5647  data_time: 0.0160  memory: 6634  loss: 0.5047  loss_final: 0.0758  loss_rgb: 0.1470  loss_geometry: 0.1076  correction_scale: 0.1000  loss_coarse: 0.0230  loss_region_consistency: 0.0001  loss_final_boundary: 0.0967  loss_boundary: 0.0509  loss_sdf: 0.0036  grad_norm: 1.5397
2026/09/23 18:04:41 - mmengine - INFO - Iter(train) [26700/40000]  base_lr: 2.3052e-04 lr: 2.3052e-05  eta: 2:05:12  time: 0.5530  data_time: 0.0155  memory: 6634  loss: 0.4184  loss_final: 0.0788  loss_rgb: 0.1007  loss_geometry: 0.0910  correction_scale: 0.1000  loss_coarse: 0.0234  loss_region_consistency: 0.0001  loss_final_boundary: 0.0787  loss_boundary: 0.0414  loss_sdf: 0.0043  grad_norm: 1.4850
2026/09/23 18:05:09 - mmengine - INFO - Iter(train) [26750/40000]  base_lr: 2.2974e-04 lr: 2.2974e-05  eta: 2:04:44  time: 0.5563  data_time: 0.0158  memory: 6634  loss: 0.7389  loss_final: 0.2653  loss_rgb: 0.1309  loss_geometry: 0.1195  correction_scale: 0.1000  loss_coarse: 0.0745  loss_region_consistency: 0.0001  loss_final_boundary: 0.0881  loss_boundary: 0.0465  loss_sdf: 0.0138  grad_norm: 2.3647
2026/09/23 18:05:37 - mmengine - INFO - Iter(train) [26800/40000]  base_lr: 2.2896e-04 lr: 2.2896e-05  eta: 2:04:15  time: 0.5618  data_time: 0.0162  memory: 6634  loss: 0.3804  loss_final: 0.0459  loss_rgb: 0.1146  loss_geometry: 0.1086  correction_scale: 0.1000  loss_coarse: 0.0138  loss_region_consistency: 0.0001  loss_final_boundary: 0.0589  loss_boundary: 0.0363  loss_sdf: 0.0023  grad_norm: 2.7697
2026/09/23 18:06:05 - mmengine - INFO - Iter(train) [26850/40000]  base_lr: 2.2818e-04 lr: 2.2818e-05  eta: 2:03:47  time: 0.5593  data_time: 0.0159  memory: 6634  loss: 0.4629  loss_final: 0.0821  loss_rgb: 0.1275  loss_geometry: 0.0890  correction_scale: 0.1000  loss_coarse: 0.0251  loss_region_consistency: 0.0001  loss_final_boundary: 0.0882  loss_boundary: 0.0463  loss_sdf: 0.0046  grad_norm: 1.4218
2026/09/23 18:06:33 - mmengine - INFO - Iter(train) [26900/40000]  base_lr: 2.2740e-04 lr: 2.2740e-05  eta: 2:03:19  time: 0.5539  data_time: 0.0161  memory: 6634  loss: 0.3869  loss_final: 0.0594  loss_rgb: 0.1062  loss_geometry: 0.0951  correction_scale: 0.1000  loss_coarse: 0.0180  loss_region_consistency: 0.0001  loss_final_boundary: 0.0687  loss_boundary: 0.0358  loss_sdf: 0.0037  grad_norm: 1.2900
2026/09/23 18:07:01 - mmengine - INFO - Iter(train) [26950/40000]  base_lr: 2.2662e-04 lr: 2.2662e-05  eta: 2:02:50  time: 0.5642  data_time: 0.0164  memory: 6634  loss: 0.4708  loss_final: 0.0834  loss_rgb: 0.1301  loss_geometry: 0.0923  correction_scale: 0.1000  loss_coarse: 0.0258  loss_region_consistency: 0.0001  loss_final_boundary: 0.0879  loss_boundary: 0.0463  loss_sdf: 0.0050  grad_norm: 1.4804
2026/09/23 18:07:29 - mmengine - INFO - Exp name: stage3_joint_20260923_120333
2026/09/23 18:07:29 - mmengine - INFO - Iter(train) [27000/40000]  base_lr: 2.2584e-04 lr: 2.2584e-05  eta: 2:02:22  time: 0.5645  data_time: 0.0160  memory: 6634  loss: 0.3814  loss_final: 0.0629  loss_rgb: 0.0885  loss_geometry: 0.0994  correction_scale: 0.1000  loss_coarse: 0.0194  loss_region_consistency: 0.0001  loss_final_boundary: 0.0692  loss_boundary: 0.0370  loss_sdf: 0.0049  grad_norm: 1.6716
2026/09/23 18:07:57 - mmengine - INFO - Iter(train) [27050/40000]  base_lr: 2.2506e-04 lr: 2.2506e-05  eta: 2:01:54  time: 0.5659  data_time: 0.0154  memory: 6634  loss: 0.5652  loss_final: 0.1265  loss_rgb: 0.1457  loss_geometry: 0.0959  correction_scale: 0.1000  loss_coarse: 0.0383  loss_region_consistency: 0.0001  loss_final_boundary: 0.0988  loss_boundary: 0.0526  loss_sdf: 0.0072  grad_norm: 1.7012
2026/09/23 18:08:26 - mmengine - INFO - Iter(train) [27100/40000]  base_lr: 2.2427e-04 lr: 2.2427e-05  eta: 2:01:25  time: 0.5650  data_time: 0.0158  memory: 6634  loss: 0.6292  loss_final: 0.1870  loss_rgb: 0.1485  loss_geometry: 0.0983  correction_scale: 0.1000  loss_coarse: 0.0554  loss_region_consistency: 0.0001  loss_final_boundary: 0.0882  loss_boundary: 0.0453  loss_sdf: 0.0064  grad_norm: 2.1305
2026/09/23 18:08:54 - mmengine - INFO - Iter(train) [27150/40000]  base_lr: 2.2349e-04 lr: 2.2349e-05  eta: 2:00:57  time: 0.5554  data_time: 0.0155  memory: 6634  loss: 0.5097  loss_final: 0.1130  loss_rgb: 0.1268  loss_geometry: 0.1083  correction_scale: 0.1000  loss_coarse: 0.0330  loss_region_consistency: 0.0001  loss_final_boundary: 0.0789  loss_boundary: 0.0420  loss_sdf: 0.0075  grad_norm: 2.6085
2026/09/23 18:09:22 - mmengine - INFO - Iter(train) [27200/40000]  base_lr: 2.2271e-04 lr: 2.2271e-05  eta: 2:00:29  time: 0.5707  data_time: 0.0149  memory: 6634  loss: 0.4955  loss_final: 0.0965  loss_rgb: 0.1380  loss_geometry: 0.0918  correction_scale: 0.1000  loss_coarse: 0.0293  loss_region_consistency: 0.0001  loss_final_boundary: 0.0880  loss_boundary: 0.0465  loss_sdf: 0.0052  grad_norm: 2.5214
2026/09/23 18:09:50 - mmengine - INFO - Iter(train) [27250/40000]  base_lr: 2.2192e-04 lr: 2.2192e-05  eta: 2:00:01  time: 0.5584  data_time: 0.0171  memory: 6634  loss: 0.5165  loss_final: 0.1001  loss_rgb: 0.1402  loss_geometry: 0.1053  correction_scale: 0.1000  loss_coarse: 0.0301  loss_region_consistency: 0.0001  loss_final_boundary: 0.0885  loss_boundary: 0.0460  loss_sdf: 0.0062  grad_norm: 2.2250
2026/09/23 18:10:18 - mmengine - INFO - Iter(train) [27300/40000]  base_lr: 2.2114e-04 lr: 2.2114e-05  eta: 1:59:32  time: 0.5665  data_time: 0.0158  memory: 6634  loss: 0.4687  loss_final: 0.0952  loss_rgb: 0.1259  loss_geometry: 0.0787  correction_scale: 0.1000  loss_coarse: 0.0282  loss_region_consistency: 0.0001  loss_final_boundary: 0.0886  loss_boundary: 0.0466  loss_sdf: 0.0055  grad_norm: 1.7376
2026/09/23 18:10:46 - mmengine - INFO - Iter(train) [27350/40000]  base_lr: 2.2036e-04 lr: 2.2036e-05  eta: 1:59:04  time: 0.5682  data_time: 0.0168  memory: 6634  loss: 0.3623  loss_final: 0.0626  loss_rgb: 0.0876  loss_geometry: 0.0857  correction_scale: 0.1000  loss_coarse: 0.0187  loss_region_consistency: 0.0001  loss_final_boundary: 0.0685  loss_boundary: 0.0360  loss_sdf: 0.0031  grad_norm: 1.3187
2026/09/23 18:11:14 - mmengine - INFO - Iter(train) [27400/40000]  base_lr: 2.1957e-04 lr: 2.1957e-05  eta: 1:58:36  time: 0.5750  data_time: 0.0154  memory: 6634  loss: 0.4599  loss_final: 0.0640  loss_rgb: 0.1265  loss_geometry: 0.0985  correction_scale: 0.1000  loss_coarse: 0.0193  loss_region_consistency: 0.0001  loss_final_boundary: 0.0976  loss_boundary: 0.0513  loss_sdf: 0.0027  grad_norm: 1.5752
2026/09/23 18:11:42 - mmengine - INFO - Iter(train) [27450/40000]  base_lr: 2.1879e-04 lr: 2.1879e-05  eta: 1:58:07  time: 0.5628  data_time: 0.0161  memory: 6634  loss: 0.4551  loss_final: 0.0897  loss_rgb: 0.1222  loss_geometry: 0.0770  correction_scale: 0.1000  loss_coarse: 0.0272  loss_region_consistency: 0.0001  loss_final_boundary: 0.0884  loss_boundary: 0.0464  loss_sdf: 0.0041  grad_norm: 1.6167
2026/09/23 18:12:11 - mmengine - INFO - Iter(train) [27500/40000]  base_lr: 2.1800e-04 lr: 2.1800e-05  eta: 1:57:39  time: 0.5700  data_time: 0.0178  memory: 6634  loss: 0.3988  loss_final: 0.0668  loss_rgb: 0.0976  loss_geometry: 0.1035  correction_scale: 0.1000  loss_coarse: 0.0211  loss_region_consistency: 0.0001  loss_final_boundary: 0.0689  loss_boundary: 0.0362  loss_sdf: 0.0046  grad_norm: 1.4027
2026/09/23 18:12:39 - mmengine - INFO - Iter(train) [27550/40000]  base_lr: 2.1722e-04 lr: 2.1722e-05  eta: 1:57:11  time: 0.5621  data_time: 0.0162  memory: 6634  loss: 0.4840  loss_final: 0.1100  loss_rgb: 0.1061  loss_geometry: 0.1114  correction_scale: 0.1000  loss_coarse: 0.0322  loss_region_consistency: 0.0001  loss_final_boundary: 0.0782  loss_boundary: 0.0400  loss_sdf: 0.0060  grad_norm: 1.3379
2026/09/23 18:13:07 - mmengine - INFO - Iter(train) [27600/40000]  base_lr: 2.1643e-04 lr: 2.1643e-05  eta: 1:56:43  time: 0.5745  data_time: 0.0159  memory: 6634  loss: 0.4679  loss_final: 0.0682  loss_rgb: 0.1330  loss_geometry: 0.1059  correction_scale: 0.1000  loss_coarse: 0.0215  loss_region_consistency: 0.0001  loss_final_boundary: 0.0885  loss_boundary: 0.0467  loss_sdf: 0.0040  grad_norm: 1.3130
2026/09/23 18:13:35 - mmengine - INFO - Iter(train) [27650/40000]  base_lr: 2.1565e-04 lr: 2.1565e-05  eta: 1:56:14  time: 0.5624  data_time: 0.0156  memory: 6634  loss: 0.4261  loss_final: 0.0633  loss_rgb: 0.1068  loss_geometry: 0.1129  correction_scale: 0.1000  loss_coarse: 0.0193  loss_region_consistency: 0.0001  loss_final_boundary: 0.0786  loss_boundary: 0.0409  loss_sdf: 0.0042  grad_norm: 1.7210
2026/09/23 18:14:03 - mmengine - INFO - Iter(train) [27700/40000]  base_lr: 2.1486e-04 lr: 2.1486e-05  eta: 1:55:46  time: 0.5599  data_time: 0.0156  memory: 6634  loss: 0.4231  loss_final: 0.0479  loss_rgb: 0.1270  loss_geometry: 0.0980  correction_scale: 0.1000  loss_coarse: 0.0148  loss_region_consistency: 0.0001  loss_final_boundary: 0.0874  loss_boundary: 0.0461  loss_sdf: 0.0019  grad_norm: 1.6880
2026/09/23 18:14:31 - mmengine - INFO - Iter(train) [27750/40000]  base_lr: 2.1408e-04 lr: 2.1408e-05  eta: 1:55:18  time: 0.5538  data_time: 0.0161  memory: 6634  loss: 0.4190  loss_final: 0.0567  loss_rgb: 0.1172  loss_geometry: 0.1046  correction_scale: 0.1000  loss_coarse: 0.0172  loss_region_consistency: 0.0001  loss_final_boundary: 0.0783  loss_boundary: 0.0421  loss_sdf: 0.0028  grad_norm: 1.5484
2026/09/23 18:14:59 - mmengine - INFO - Iter(train) [27800/40000]  base_lr: 2.1329e-04 lr: 2.1329e-05  eta: 1:54:49  time: 0.5673  data_time: 0.0153  memory: 6634  loss: 0.4079  loss_final: 0.0560  loss_rgb: 0.1139  loss_geometry: 0.0987  correction_scale: 0.1000  loss_coarse: 0.0170  loss_region_consistency: 0.0001  loss_final_boundary: 0.0779  loss_boundary: 0.0415  loss_sdf: 0.0028  grad_norm: 1.8675
2026/09/23 18:15:27 - mmengine - INFO - Iter(train) [27850/40000]  base_lr: 2.1250e-04 lr: 2.1250e-05  eta: 1:54:21  time: 0.5549  data_time: 0.0163  memory: 6634  loss: 0.4662  loss_final: 0.0956  loss_rgb: 0.1118  loss_geometry: 0.1193  correction_scale: 0.1000  loss_coarse: 0.0286  loss_region_consistency: 0.0001  loss_final_boundary: 0.0689  loss_boundary: 0.0366  loss_sdf: 0.0052  grad_norm: 1.3943
2026/09/23 18:15:55 - mmengine - INFO - Iter(train) [27900/40000]  base_lr: 2.1172e-04 lr: 2.1172e-05  eta: 1:53:53  time: 0.5575  data_time: 0.0161  memory: 6634  loss: 0.5277  loss_final: 0.1109  loss_rgb: 0.1435  loss_geometry: 0.1119  correction_scale: 0.1000  loss_coarse: 0.0340  loss_region_consistency: 0.0001  loss_final_boundary: 0.0786  loss_boundary: 0.0421  loss_sdf: 0.0066  grad_norm: 1.6646
2026/09/23 18:16:24 - mmengine - INFO - Iter(train) [27950/40000]  base_lr: 2.1093e-04 lr: 2.1093e-05  eta: 1:53:24  time: 0.5656  data_time: 0.0155  memory: 6634  loss: 0.5068  loss_final: 0.1032  loss_rgb: 0.1380  loss_geometry: 0.0924  correction_scale: 0.1000  loss_coarse: 0.0302  loss_region_consistency: 0.0001  loss_final_boundary: 0.0882  loss_boundary: 0.0472  loss_sdf: 0.0075  grad_norm: 1.6342
2026/09/23 18:16:52 - mmengine - INFO - Exp name: stage3_joint_20260923_120333
2026/09/23 18:16:52 - mmengine - INFO - Iter(train) [28000/40000]  base_lr: 2.1014e-04 lr: 2.1014e-05  eta: 1:52:56  time: 0.5651  data_time: 0.0164  memory: 6634  loss: 0.4209  loss_final: 0.0644  loss_rgb: 0.1155  loss_geometry: 0.0997  correction_scale: 0.1000  loss_coarse: 0.0193  loss_region_consistency: 0.0001  loss_final_boundary: 0.0775  loss_boundary: 0.0413  loss_sdf: 0.0031  grad_norm: 1.6628
2026/09/23 18:16:52 - mmengine - INFO - Saving checkpoint at 28000 iterations
2026/09/23 18:17:58 - mmengine - INFO - Iter(val) [ 50/304]    eta: 0:05:25  time: 1.2692  data_time: 0.0210  memory: 1189  
2026/09/23 18:19:25 - mmengine - INFO - Iter(val) [100/304]    eta: 0:05:09  time: 1.7027  data_time: 0.0202  memory: 1189  
2026/09/23 18:20:49 - mmengine - INFO - Iter(val) [150/304]    eta: 0:04:01  time: 1.6593  data_time: 0.0226  memory: 1189  
2026/09/23 18:22:12 - mmengine - INFO - Iter(val) [200/304]    eta: 0:02:45  time: 1.6594  data_time: 0.0213  memory: 1189  
2026/09/23 18:23:34 - mmengine - INFO - Iter(val) [250/304]    eta: 0:01:26  time: 1.6524  data_time: 0.0215  memory: 1189  
2026/09/23 18:24:55 - mmengine - INFO - Iter(val) [300/304]    eta: 0:00:06  time: 1.6199  data_time: 0.0224  memory: 1189  
2026/09/23 18:25:01 - mmengine - INFO - per class results:
2026/09/23 18:25:01 - mmengine - INFO - 
+------------------+-------+-------+-------+--------+-----------+--------+
|      Class       |  IoU  |  Acc  |  Dice | Fscore | Precision | Recall |
+------------------+-------+-------+-------+--------+-----------+--------+
|    background    | 97.45 | 98.13 | 98.71 | 98.71  |   99.29   | 98.13  |
| wastewater_plant | 75.92 | 92.03 | 86.31 | 86.31  |   81.27   | 92.03  |
+------------------+-------+-------+-------+--------+-----------+--------+
2026/09/23 18:25:01 - mmengine - INFO - Iter(val) [304/304]    aAcc: 97.6400  mIoU: 86.6900  mAcc: 95.0800  mDice: 92.5100  mFscore: 92.5100  mPrecision: 90.2800  mRecall: 95.0800  binary/Foreground_IoU: 75.9238  binary/Dice: 86.3144  binary/F1: 86.3144  binary/Precision: 81.2695  binary/Recall: 92.0272  binary/Boundary_F1: 15.3592  binary/BFScore: 15.3592  binary/Boundary_Precision: 12.5938  binary/Boundary_Recall: 19.6807  binary/Hausdorff_px: 413.0271  binary/HD95_px: 300.1490  binary/Hausdorff_m: 206.5136  binary/HD95_m: 150.0745  data_time: 0.0229  time: 1.6054
2026/09/23 18:25:30 - mmengine - INFO - Iter(train) [28050/40000]  base_lr: 2.0935e-04 lr: 2.0935e-05  eta: 1:52:28  time: 0.5568  data_time: 0.0157  memory: 6634  loss: 0.4759  loss_final: 0.0969  loss_rgb: 0.1344  loss_geometry: 0.0898  correction_scale: 0.1000  loss_coarse: 0.0301  loss_region_consistency: 0.0001  loss_final_boundary: 0.0784  loss_boundary: 0.0413  loss_sdf: 0.0048  grad_norm: 1.5895
2026/09/23 18:25:58 - mmengine - INFO - Iter(train) [28100/40000]  base_lr: 2.0856e-04 lr: 2.0856e-05  eta: 1:52:00  time: 0.5565  data_time: 0.0159  memory: 6634  loss: 0.5178  loss_final: 0.1055  loss_rgb: 0.1468  loss_geometry: 0.0923  correction_scale: 0.1000  loss_coarse: 0.0319  loss_region_consistency: 0.0001  loss_final_boundary: 0.0876  loss_boundary: 0.0513  loss_sdf: 0.0023  grad_norm: 1.3001
2026/09/23 18:26:26 - mmengine - INFO - Iter(train) [28150/40000]  base_lr: 2.0777e-04 lr: 2.0777e-05  eta: 1:51:31  time: 0.5639  data_time: 0.0165  memory: 6634  loss: 0.5067  loss_final: 0.0920  loss_rgb: 0.1386  loss_geometry: 0.0950  correction_scale: 0.1000  loss_coarse: 0.0274  loss_region_consistency: 0.0001  loss_final_boundary: 0.0978  loss_boundary: 0.0510  loss_sdf: 0.0046  grad_norm: 1.4567
2026/09/23 18:26:54 - mmengine - INFO - Iter(train) [28200/40000]  base_lr: 2.0699e-04 lr: 2.0699e-05  eta: 1:51:03  time: 0.5678  data_time: 0.0156  memory: 6634  loss: 0.4579  loss_final: 0.0771  loss_rgb: 0.1271  loss_geometry: 0.1067  correction_scale: 0.1000  loss_coarse: 0.0236  loss_region_consistency: 0.0001  loss_final_boundary: 0.0784  loss_boundary: 0.0417  loss_sdf: 0.0031  grad_norm: 1.9787
2026/09/23 18:27:22 - mmengine - INFO - Iter(train) [28250/40000]  base_lr: 2.0620e-04 lr: 2.0620e-05  eta: 1:50:35  time: 0.5537  data_time: 0.0162  memory: 6634  loss: 0.3567  loss_final: 0.0500  loss_rgb: 0.0930  loss_geometry: 0.0911  correction_scale: 0.1000  loss_coarse: 0.0152  loss_region_consistency: 0.0001  loss_final_boundary: 0.0683  loss_boundary: 0.0362  loss_sdf: 0.0029  grad_norm: 1.3326
2026/09/23 18:27:50 - mmengine - INFO - Iter(train) [28300/40000]  base_lr: 2.0541e-04 lr: 2.0541e-05  eta: 1:50:07  time: 0.5543  data_time: 0.0162  memory: 6634  loss: 0.4068  loss_final: 0.0475  loss_rgb: 0.1099  loss_geometry: 0.1155  correction_scale: 0.1000  loss_coarse: 0.0146  loss_region_consistency: 0.0001  loss_final_boundary: 0.0773  loss_boundary: 0.0399  loss_sdf: 0.0019  grad_norm: 1.3244
2026/09/23 18:28:19 - mmengine - INFO - Iter(train) [28350/40000]  base_lr: 2.0462e-04 lr: 2.0462e-05  eta: 1:49:38  time: 0.5780  data_time: 0.0155  memory: 6634  loss: 0.4248  loss_final: 0.0741  loss_rgb: 0.1088  loss_geometry: 0.0957  correction_scale: 0.1000  loss_coarse: 0.0221  loss_region_consistency: 0.0001  loss_final_boundary: 0.0785  loss_boundary: 0.0410  loss_sdf: 0.0044  grad_norm: 1.3193
2026/09/23 18:28:47 - mmengine - INFO - Iter(train) [28400/40000]  base_lr: 2.0383e-04 lr: 2.0383e-05  eta: 1:49:10  time: 0.5699  data_time: 0.0171  memory: 6634  loss: 0.5434  loss_final: 0.1287  loss_rgb: 0.1390  loss_geometry: 0.0951  correction_scale: 0.1000  loss_coarse: 0.0373  loss_region_consistency: 0.0001  loss_final_boundary: 0.0888  loss_boundary: 0.0474  loss_sdf: 0.0072  grad_norm: 1.5577
2026/09/23 18:29:14 - mmengine - INFO - Iter(train) [28450/40000]  base_lr: 2.0303e-04 lr: 2.0303e-05  eta: 1:48:42  time: 0.5625  data_time: 0.0163  memory: 6634  loss: 0.4747  loss_final: 0.0865  loss_rgb: 0.1278  loss_geometry: 0.0929  correction_scale: 0.1000  loss_coarse: 0.0262  loss_region_consistency: 0.0001  loss_final_boundary: 0.0886  loss_boundary: 0.0475  loss_sdf: 0.0052  grad_norm: 1.4509
2026/09/23 18:29:43 - mmengine - INFO - Iter(train) [28500/40000]  base_lr: 2.0224e-04 lr: 2.0224e-05  eta: 1:48:13  time: 0.5596  data_time: 0.0164  memory: 6634  loss: 0.4691  loss_final: 0.0839  loss_rgb: 0.1278  loss_geometry: 0.0920  correction_scale: 0.1000  loss_coarse: 0.0251  loss_region_consistency: 0.0001  loss_final_boundary: 0.0882  loss_boundary: 0.0473  loss_sdf: 0.0046  grad_norm: 1.4274
2026/09/23 18:30:11 - mmengine - INFO - Iter(train) [28550/40000]  base_lr: 2.0145e-04 lr: 2.0145e-05  eta: 1:47:45  time: 0.5687  data_time: 0.0166  memory: 6634  loss: 0.5642  loss_final: 0.1087  loss_rgb: 0.1627  loss_geometry: 0.1039  correction_scale: 0.1000  loss_coarse: 0.0324  loss_region_consistency: 0.0001  loss_final_boundary: 0.0986  loss_boundary: 0.0521  loss_sdf: 0.0056  grad_norm: 1.9383
2026/09/23 18:30:39 - mmengine - INFO - Iter(train) [28600/40000]  base_lr: 2.0066e-04 lr: 2.0066e-05  eta: 1:47:17  time: 0.5708  data_time: 0.0152  memory: 6634  loss: 0.4376  loss_final: 0.0739  loss_rgb: 0.1128  loss_geometry: 0.0905  correction_scale: 0.1000  loss_coarse: 0.0224  loss_region_consistency: 0.0001  loss_final_boundary: 0.0884  loss_boundary: 0.0458  loss_sdf: 0.0036  grad_norm: 2.0079
2026/09/23 18:31:07 - mmengine - INFO - Iter(train) [28650/40000]  base_lr: 1.9987e-04 lr: 1.9987e-05  eta: 1:46:49  time: 0.5617  data_time: 0.0156  memory: 6634  loss: 0.4661  loss_final: 0.0797  loss_rgb: 0.1305  loss_geometry: 0.0928  correction_scale: 0.1000  loss_coarse: 0.0244  loss_region_consistency: 0.0001  loss_final_boundary: 0.0877  loss_boundary: 0.0473  loss_sdf: 0.0036  grad_norm: 1.8313
2026/09/23 18:31:36 - mmengine - INFO - Iter(train) [28700/40000]  base_lr: 1.9908e-04 lr: 1.9908e-05  eta: 1:46:20  time: 0.5620  data_time: 0.0152  memory: 6634  loss: 0.4635  loss_final: 0.0643  loss_rgb: 0.1358  loss_geometry: 0.1061  correction_scale: 0.1000  loss_coarse: 0.0196  loss_region_consistency: 0.0001  loss_final_boundary: 0.0881  loss_boundary: 0.0461  loss_sdf: 0.0033  grad_norm: 1.2768
2026/09/23 18:32:04 - mmengine - INFO - Iter(train) [28750/40000]  base_lr: 1.9828e-04 lr: 1.9828e-05  eta: 1:45:52  time: 0.5521  data_time: 0.0181  memory: 6634  loss: 0.3440  loss_final: 0.0428  loss_rgb: 0.0906  loss_geometry: 0.1054  correction_scale: 0.1000  loss_coarse: 0.0133  loss_region_consistency: 0.0001  loss_final_boundary: 0.0586  loss_boundary: 0.0312  loss_sdf: 0.0021  grad_norm: 1.4794
2026/09/23 18:32:32 - mmengine - INFO - Iter(train) [28800/40000]  base_lr: 1.9749e-04 lr: 1.9749e-05  eta: 1:45:24  time: 0.5760  data_time: 0.0156  memory: 6634  loss: 0.5760  loss_final: 0.1259  loss_rgb: 0.1607  loss_geometry: 0.0974  correction_scale: 0.1000  loss_coarse: 0.0378  loss_region_consistency: 0.0001  loss_final_boundary: 0.0980  loss_boundary: 0.0522  loss_sdf: 0.0039  grad_norm: 1.5630
2026/09/23 18:33:00 - mmengine - INFO - Iter(train) [28850/40000]  base_lr: 1.9670e-04 lr: 1.9670e-05  eta: 1:44:56  time: 0.5646  data_time: 0.0166  memory: 6634  loss: 0.3844  loss_final: 0.0433  loss_rgb: 0.1107  loss_geometry: 0.0945  correction_scale: 0.1000  loss_coarse: 0.0134  loss_region_consistency: 0.0001  loss_final_boundary: 0.0783  loss_boundary: 0.0413  loss_sdf: 0.0028  grad_norm: 1.4949
2026/09/23 18:33:28 - mmengine - INFO - Iter(train) [28900/40000]  base_lr: 1.9590e-04 lr: 1.9590e-05  eta: 1:44:27  time: 0.5632  data_time: 0.0179  memory: 6634  loss: 0.4702  loss_final: 0.0843  loss_rgb: 0.1269  loss_geometry: 0.1064  correction_scale: 0.1000  loss_coarse: 0.0259  loss_region_consistency: 0.0001  loss_final_boundary: 0.0792  loss_boundary: 0.0419  loss_sdf: 0.0054  grad_norm: 1.4903
2026/09/23 18:33:56 - mmengine - INFO - Iter(train) [28950/40000]  base_lr: 1.9511e-04 lr: 1.9511e-05  eta: 1:43:59  time: 0.5571  data_time: 0.0158  memory: 6634  loss: 0.4116  loss_final: 0.0481  loss_rgb: 0.1227  loss_geometry: 0.1000  correction_scale: 0.1000  loss_coarse: 0.0146  loss_region_consistency: 0.0001  loss_final_boundary: 0.0780  loss_boundary: 0.0462  loss_sdf: 0.0019  grad_norm: 1.5965
2026/09/23 18:34:24 - mmengine - INFO - Exp name: stage3_joint_20260923_120333
2026/09/23 18:34:24 - mmengine - INFO - Iter(train) [29000/40000]  base_lr: 1.9431e-04 lr: 1.9431e-05  eta: 1:43:31  time: 0.5681  data_time: 0.0155  memory: 6634  loss: 0.4723  loss_final: 0.0655  loss_rgb: 0.1415  loss_geometry: 0.1076  correction_scale: 0.1000  loss_coarse: 0.0200  loss_region_consistency: 0.0001  loss_final_boundary: 0.0884  loss_boundary: 0.0460  loss_sdf: 0.0031  grad_norm: 1.5676
2026/09/23 18:34:52 - mmengine - INFO - Iter(train) [29050/40000]  base_lr: 1.9352e-04 lr: 1.9352e-05  eta: 1:43:02  time: 0.5633  data_time: 0.0164  memory: 6634  loss: 0.5883  loss_final: 0.1408  loss_rgb: 0.1583  loss_geometry: 0.0918  correction_scale: 0.1000  loss_coarse: 0.0421  loss_region_consistency: 0.0001  loss_final_boundary: 0.0984  loss_boundary: 0.0518  loss_sdf: 0.0049  grad_norm: 2.1692
2026/09/23 18:35:20 - mmengine - INFO - Iter(train) [29100/40000]  base_lr: 1.9272e-04 lr: 1.9272e-05  eta: 1:42:34  time: 0.5464  data_time: 0.0172  memory: 6634  loss: 0.3440  loss_final: 0.0371  loss_rgb: 0.0866  loss_geometry: 0.1182  correction_scale: 0.1000  loss_coarse: 0.0114  loss_region_consistency: 0.0001  loss_final_boundary: 0.0586  loss_boundary: 0.0305  loss_sdf: 0.0014  grad_norm: 1.7613
2026/09/23 18:35:48 - mmengine - INFO - Iter(train) [29150/40000]  base_lr: 1.9193e-04 lr: 1.9193e-05  eta: 1:42:06  time: 0.5599  data_time: 0.0169  memory: 6634  loss: 0.4079  loss_final: 0.0615  loss_rgb: 0.0930  loss_geometry: 0.1116  correction_scale: 0.1000  loss_coarse: 0.0187  loss_region_consistency: 0.0001  loss_final_boundary: 0.0785  loss_boundary: 0.0409  loss_sdf: 0.0036  grad_norm: 1.6682
2026/09/23 18:36:17 - mmengine - INFO - Iter(train) [29200/40000]  base_lr: 1.9113e-04 lr: 1.9113e-05  eta: 1:41:38  time: 0.5706  data_time: 0.0154  memory: 6634  loss: 0.4970  loss_final: 0.1059  loss_rgb: 0.1311  loss_geometry: 0.0900  correction_scale: 0.1000  loss_coarse: 0.0324  loss_region_consistency: 0.0001  loss_final_boundary: 0.0880  loss_boundary: 0.0464  loss_sdf: 0.0032  grad_norm: 1.4322
2026/09/23 18:36:45 - mmengine - INFO - Iter(train) [29250/40000]  base_lr: 1.9033e-04 lr: 1.9033e-05  eta: 1:41:09  time: 0.5635  data_time: 0.0173  memory: 6634  loss: 0.5099  loss_final: 0.1134  loss_rgb: 0.1335  loss_geometry: 0.0902  correction_scale: 0.1000  loss_coarse: 0.0342  loss_region_consistency: 0.0001  loss_final_boundary: 0.0878  loss_boundary: 0.0452  loss_sdf: 0.0054  grad_norm: 1.6893
2026/09/23 18:37:13 - mmengine - INFO - Iter(train) [29300/40000]  base_lr: 1.8954e-04 lr: 1.8954e-05  eta: 1:40:41  time: 0.5524  data_time: 0.0157  memory: 6634  loss: 0.3399  loss_final: 0.0463  loss_rgb: 0.0932  loss_geometry: 0.0944  correction_scale: 0.1000  loss_coarse: 0.0143  loss_region_consistency: 0.0001  loss_final_boundary: 0.0591  loss_boundary: 0.0309  loss_sdf: 0.0017  grad_norm: 1.7941
2026/09/23 18:37:41 - mmengine - INFO - Iter(train) [29350/40000]  base_lr: 1.8874e-04 lr: 1.8874e-05  eta: 1:40:13  time: 0.5578  data_time: 0.0155  memory: 6634  loss: 0.4539  loss_final: 0.0716  loss_rgb: 0.1222  loss_geometry: 0.1007  correction_scale: 0.1000  loss_coarse: 0.0210  loss_region_consistency: 0.0001  loss_final_boundary: 0.0882  loss_boundary: 0.0457  loss_sdf: 0.0045  grad_norm: 1.5573
2026/09/23 18:38:09 - mmengine - INFO - Iter(train) [29400/40000]  base_lr: 1.8794e-04 lr: 1.8794e-05  eta: 1:39:45  time: 0.5683  data_time: 0.0180  memory: 6634  loss: 0.3367  loss_final: 0.0495  loss_rgb: 0.0719  loss_geometry: 0.1234  correction_scale: 0.1000  loss_coarse: 0.0148  loss_region_consistency: 0.0000  loss_final_boundary: 0.0490  loss_boundary: 0.0259  loss_sdf: 0.0020  grad_norm: 1.3563
2026/09/23 18:38:38 - mmengine - INFO - Iter(train) [29450/40000]  base_lr: 1.8714e-04 lr: 1.8714e-05  eta: 1:39:16  time: 0.5660  data_time: 0.0166  memory: 6634  loss: 0.5553  loss_final: 0.1350  loss_rgb: 0.1345  loss_geometry: 0.1046  correction_scale: 0.1000  loss_coarse: 0.0410  loss_region_consistency: 0.0001  loss_final_boundary: 0.0885  loss_boundary: 0.0466  loss_sdf: 0.0050  grad_norm: 1.7695
2026/09/23 18:39:06 - mmengine - INFO - Iter(train) [29500/40000]  base_lr: 1.8634e-04 lr: 1.8634e-05  eta: 1:38:48  time: 0.5669  data_time: 0.0162  memory: 6634  loss: 0.5362  loss_final: 0.0967  loss_rgb: 0.1578  loss_geometry: 0.0962  correction_scale: 0.1000  loss_coarse: 0.0296  loss_region_consistency: 0.0001  loss_final_boundary: 0.0984  loss_boundary: 0.0520  loss_sdf: 0.0054  grad_norm: 1.2563
2026/09/23 18:39:34 - mmengine - INFO - Iter(train) [29550/40000]  base_lr: 1.8555e-04 lr: 1.8555e-05  eta: 1:38:20  time: 0.5735  data_time: 0.0161  memory: 6634  loss: 0.4662  loss_final: 0.1068  loss_rgb: 0.1106  loss_geometry: 0.0925  correction_scale: 0.1000  loss_coarse: 0.0316  loss_region_consistency: 0.0001  loss_final_boundary: 0.0780  loss_boundary: 0.0410  loss_sdf: 0.0056  grad_norm: 1.3557
2026/09/23 18:40:02 - mmengine - INFO - Iter(train) [29600/40000]  base_lr: 1.8475e-04 lr: 1.8475e-05  eta: 1:37:52  time: 0.5639  data_time: 0.0156  memory: 6634  loss: 0.3888  loss_final: 0.0514  loss_rgb: 0.1117  loss_geometry: 0.0897  correction_scale: 0.1000  loss_coarse: 0.0157  loss_region_consistency: 0.0001  loss_final_boundary: 0.0781  loss_boundary: 0.0405  loss_sdf: 0.0016  grad_norm: 2.2972
2026/09/23 18:40:30 - mmengine - INFO - Iter(train) [29650/40000]  base_lr: 1.8395e-04 lr: 1.8395e-05  eta: 1:37:23  time: 0.5593  data_time: 0.0163  memory: 6634  loss: 0.5487  loss_final: 0.1079  loss_rgb: 0.1422  loss_geometry: 0.1229  correction_scale: 0.1000  loss_coarse: 0.0329  loss_region_consistency: 0.0001  loss_final_boundary: 0.0889  loss_boundary: 0.0472  loss_sdf: 0.0066  grad_norm: 1.6002
2026/09/23 18:40:59 - mmengine - INFO - Iter(train) [29700/40000]  base_lr: 1.8315e-04 lr: 1.8315e-05  eta: 1:36:55  time: 0.5656  data_time: 0.0187  memory: 6634  loss: 0.4193  loss_final: 0.0731  loss_rgb: 0.1081  loss_geometry: 0.0851  correction_scale: 0.1000  loss_coarse: 0.0224  loss_region_consistency: 0.0001  loss_final_boundary: 0.0789  loss_boundary: 0.0471  loss_sdf: 0.0046  grad_norm: 1.9349
2026/09/23 18:41:27 - mmengine - INFO - Iter(train) [29750/40000]  base_lr: 1.8235e-04 lr: 1.8235e-05  eta: 1:36:27  time: 0.5597  data_time: 0.0154  memory: 6634  loss: 0.4136  loss_final: 0.0624  loss_rgb: 0.1150  loss_geometry: 0.0947  correction_scale: 0.1000  loss_coarse: 0.0192  loss_region_consistency: 0.0001  loss_final_boundary: 0.0781  loss_boundary: 0.0409  loss_sdf: 0.0033  grad_norm: 1.8284
2026/09/23 18:41:55 - mmengine - INFO - Iter(train) [29800/40000]  base_lr: 1.8155e-04 lr: 1.8155e-05  eta: 1:35:59  time: 0.5792  data_time: 0.0173  memory: 6634  loss: 0.5430  loss_final: 0.0896  loss_rgb: 0.1565  loss_geometry: 0.1133  correction_scale: 0.1000  loss_coarse: 0.0271  loss_region_consistency: 0.0001  loss_final_boundary: 0.0985  loss_boundary: 0.0525  loss_sdf: 0.0054  grad_norm: 1.3567
2026/09/23 18:42:24 - mmengine - INFO - Iter(train) [29850/40000]  base_lr: 1.8074e-04 lr: 1.8074e-05  eta: 1:35:31  time: 0.5732  data_time: 0.0192  memory: 6634  loss: 0.5308  loss_final: 0.1138  loss_rgb: 0.1481  loss_geometry: 0.1053  correction_scale: 0.1000  loss_coarse: 0.0350  loss_region_consistency: 0.0001  loss_final_boundary: 0.0785  loss_boundary: 0.0463  loss_sdf: 0.0037  grad_norm: 1.6481
2026/09/23 18:42:52 - mmengine - INFO - Iter(train) [29900/40000]  base_lr: 1.7994e-04 lr: 1.7994e-05  eta: 1:35:02  time: 0.5687  data_time: 0.0172  memory: 6634  loss: 0.5505  loss_final: 0.1179  loss_rgb: 0.1357  loss_geometry: 0.1057  correction_scale: 0.1000  loss_coarse: 0.0359  loss_region_consistency: 0.0001  loss_final_boundary: 0.0985  loss_boundary: 0.0516  loss_sdf: 0.0051  grad_norm: 1.4093
2026/09/23 18:43:20 - mmengine - INFO - Iter(train) [29950/40000]  base_lr: 1.7914e-04 lr: 1.7914e-05  eta: 1:34:34  time: 0.5632  data_time: 0.0149  memory: 6634  loss: 0.4366  loss_final: 0.0599  loss_rgb: 0.1319  loss_geometry: 0.0881  correction_scale: 0.1000  loss_coarse: 0.0182  loss_region_consistency: 0.0001  loss_final_boundary: 0.0881  loss_boundary: 0.0470  loss_sdf: 0.0034  grad_norm: 1.7354
2026/09/23 18:43:48 - mmengine - INFO - Exp name: stage3_joint_20260923_120333
2026/09/23 18:43:48 - mmengine - INFO - Iter(train) [30000/40000]  base_lr: 1.7834e-04 lr: 1.7834e-05  eta: 1:34:06  time: 0.5598  data_time: 0.0172  memory: 6634  loss: 0.3743  loss_final: 0.0656  loss_rgb: 0.0862  loss_geometry: 0.1109  correction_scale: 0.1000  loss_coarse: 0.0197  loss_region_consistency: 0.0001  loss_final_boundary: 0.0586  loss_boundary: 0.0300  loss_sdf: 0.0032  grad_norm: 1.8641
2026/09/23 18:43:48 - mmengine - INFO - Saving checkpoint at 30000 iterations
2026/09/23 18:44:54 - mmengine - INFO - Iter(val) [ 50/304]    eta: 0:05:25  time: 1.2683  data_time: 0.0187  memory: 1189  
2026/09/23 18:46:23 - mmengine - INFO - Iter(val) [100/304]    eta: 0:05:12  time: 1.7484  data_time: 0.0204  memory: 1189  
2026/09/23 18:47:48 - mmengine - INFO - Iter(val) [150/304]    eta: 0:04:04  time: 1.6889  data_time: 0.0238  memory: 1189  
2026/09/23 18:49:11 - mmengine - INFO - Iter(val) [200/304]    eta: 0:02:47  time: 1.6583  data_time: 0.0192  memory: 1189  
2026/09/23 18:50:34 - mmengine - INFO - Iter(val) [250/304]    eta: 0:01:27  time: 1.6712  data_time: 0.0195  memory: 1189  
2026/09/23 18:51:56 - mmengine - INFO - Iter(val) [300/304]    eta: 0:00:06  time: 1.6303  data_time: 0.0201  memory: 1189  
2026/09/23 18:52:02 - mmengine - INFO - per class results:
2026/09/23 18:52:02 - mmengine - INFO - 
+------------------+-------+-------+-------+--------+-----------+--------+
|      Class       |  IoU  |  Acc  |  Dice | Fscore | Precision | Recall |
+------------------+-------+-------+-------+--------+-----------+--------+
|    background    | 97.29 | 97.92 | 98.62 | 98.62  |   99.34   | 97.92  |
| wastewater_plant | 74.92 | 92.64 | 85.66 | 85.66  |   79.66   | 92.64  |
+------------------+-------+-------+-------+--------+-----------+--------+
2026/09/23 18:52:02 - mmengine - INFO - Iter(val) [304/304]    aAcc: 97.4900  mIoU: 86.1000  mAcc: 95.2800  mDice: 92.1400  mFscore: 92.1400  mPrecision: 89.5000  mRecall: 95.2800  binary/Foreground_IoU: 74.9171  binary/Dice: 85.6601  binary/F1: 85.6601  binary/Precision: 79.6597  binary/Recall: 92.6382  binary/Boundary_F1: 14.5800  binary/BFScore: 14.5800  binary/Boundary_Precision: 11.7060  binary/Boundary_Recall: 19.3243  binary/Hausdorff_px: 455.5066  binary/HD95_px: 336.2191  binary/Hausdorff_m: 227.7533  binary/HD95_m: 168.1095  data_time: 0.0221  time: 1.6211
2026/09/23 18:52:31 - mmengine - INFO - Iter(train) [30050/40000]  base_lr: 1.7754e-04 lr: 1.7754e-05  eta: 1:33:38  time: 0.5732  data_time: 0.0172  memory: 6634  loss: 0.5375  loss_final: 0.0978  loss_rgb: 0.1517  loss_geometry: 0.1029  correction_scale: 0.1000  loss_coarse: 0.0295  loss_region_consistency: 0.0001  loss_final_boundary: 0.0980  loss_boundary: 0.0518  loss_sdf: 0.0058  grad_norm: 1.4573
2026/09/23 18:52:59 - mmengine - INFO - Iter(train) [30100/40000]  base_lr: 1.7673e-04 lr: 1.7673e-05  eta: 1:33:09  time: 0.5514  data_time: 0.0153  memory: 6634  loss: 0.4390  loss_final: 0.0808  loss_rgb: 0.1000  loss_geometry: 0.1084  correction_scale: 0.1000  loss_coarse: 0.0241  loss_region_consistency: 0.0001  loss_final_boundary: 0.0787  loss_boundary: 0.0414  loss_sdf: 0.0056  grad_norm: 1.8509
2026/09/23 18:53:27 - mmengine - INFO - Iter(train) [30150/40000]  base_lr: 1.7593e-04 lr: 1.7593e-05  eta: 1:32:41  time: 0.5612  data_time: 0.0161  memory: 6634  loss: 0.4746  loss_final: 0.0991  loss_rgb: 0.1291  loss_geometry: 0.0921  correction_scale: 0.1000  loss_coarse: 0.0292  loss_region_consistency: 0.0001  loss_final_boundary: 0.0785  loss_boundary: 0.0413  loss_sdf: 0.0050  grad_norm: 1.5682
2026/09/23 18:53:56 - mmengine - INFO - Iter(train) [30200/40000]  base_lr: 1.7513e-04 lr: 1.7513e-05  eta: 1:32:13  time: 0.5684  data_time: 0.0158  memory: 6634  loss: 0.3907  loss_final: 0.0450  loss_rgb: 0.1076  loss_geometry: 0.1024  correction_scale: 0.1000  loss_coarse: 0.0139  loss_region_consistency: 0.0001  loss_final_boundary: 0.0783  loss_boundary: 0.0409  loss_sdf: 0.0026  grad_norm: 1.7387
2026/09/23 18:54:24 - mmengine - INFO - Iter(train) [30250/40000]  base_lr: 1.7432e-04 lr: 1.7432e-05  eta: 1:31:45  time: 0.5597  data_time: 0.0153  memory: 6634  loss: 0.4766  loss_final: 0.0836  loss_rgb: 0.1335  loss_geometry: 0.0963  correction_scale: 0.1000  loss_coarse: 0.0254  loss_region_consistency: 0.0001  loss_final_boundary: 0.0885  loss_boundary: 0.0454  loss_sdf: 0.0039  grad_norm: 1.4989
2026/09/23 18:54:52 - mmengine - INFO - Iter(train) [30300/40000]  base_lr: 1.7352e-04 lr: 1.7352e-05  eta: 1:31:16  time: 0.5573  data_time: 0.0168  memory: 6634  loss: 0.4182  loss_final: 0.0658  loss_rgb: 0.1148  loss_geometry: 0.0953  correction_scale: 0.1000  loss_coarse: 0.0195  loss_region_consistency: 0.0001  loss_final_boundary: 0.0779  loss_boundary: 0.0416  loss_sdf: 0.0032  grad_norm: 1.4346
2026/09/23 18:55:20 - mmengine - INFO - Iter(train) [30350/40000]  base_lr: 1.7271e-04 lr: 1.7271e-05  eta: 1:30:48  time: 0.5573  data_time: 0.0152  memory: 6634  loss: 0.3768  loss_final: 0.0548  loss_rgb: 0.1073  loss_geometry: 0.0778  correction_scale: 0.1000  loss_coarse: 0.0165  loss_region_consistency: 0.0001  loss_final_boundary: 0.0779  loss_boundary: 0.0395  loss_sdf: 0.0030  grad_norm: 1.3526
2026/09/23 18:55:48 - mmengine - INFO - Iter(train) [30400/40000]  base_lr: 1.7191e-04 lr: 1.7191e-05  eta: 1:30:20  time: 0.5758  data_time: 0.0167  memory: 6634  loss: 0.5259  loss_final: 0.0814  loss_rgb: 0.1613  loss_geometry: 0.1034  correction_scale: 0.1000  loss_coarse: 0.0246  loss_region_consistency: 0.0001  loss_final_boundary: 0.0978  loss_boundary: 0.0526  loss_sdf: 0.0047  grad_norm: 1.5300
2026/09/23 18:56:16 - mmengine - INFO - Iter(train) [30450/40000]  base_lr: 1.7110e-04 lr: 1.7110e-05  eta: 1:29:52  time: 0.5539  data_time: 0.0173  memory: 6634  loss: 0.4779  loss_final: 0.0999  loss_rgb: 0.1160  loss_geometry: 0.1054  correction_scale: 0.1000  loss_coarse: 0.0299  loss_region_consistency: 0.0001  loss_final_boundary: 0.0787  loss_boundary: 0.0418  loss_sdf: 0.0062  grad_norm: 1.8864
2026/09/23 18:56:44 - mmengine - INFO - Iter(train) [30500/40000]  base_lr: 1.7029e-04 lr: 1.7029e-05  eta: 1:29:23  time: 0.5671  data_time: 0.0171  memory: 6634  loss: 0.5401  loss_final: 0.1150  loss_rgb: 0.1389  loss_geometry: 0.1122  correction_scale: 0.1000  loss_coarse: 0.0350  loss_region_consistency: 0.0001  loss_final_boundary: 0.0886  loss_boundary: 0.0460  loss_sdf: 0.0042  grad_norm: 1.2587
2026/09/23 18:57:12 - mmengine - INFO - Iter(train) [30550/40000]  base_lr: 1.6949e-04 lr: 1.6949e-05  eta: 1:28:55  time: 0.5655  data_time: 0.0154  memory: 6634  loss: 0.4462  loss_final: 0.0706  loss_rgb: 0.1187  loss_geometry: 0.0953  correction_scale: 0.1000  loss_coarse: 0.0220  loss_region_consistency: 0.0001  loss_final_boundary: 0.0884  loss_boundary: 0.0469  loss_sdf: 0.0042  grad_norm: 1.5915
2026/09/23 18:57:40 - mmengine - INFO - Iter(train) [30600/40000]  base_lr: 1.6868e-04 lr: 1.6868e-05  eta: 1:28:27  time: 0.5630  data_time: 0.0159  memory: 6634  loss: 0.4952  loss_final: 0.1032  loss_rgb: 0.1306  loss_geometry: 0.0999  correction_scale: 0.1000  loss_coarse: 0.0308  loss_region_consistency: 0.0001  loss_final_boundary: 0.0783  loss_boundary: 0.0465  loss_sdf: 0.0057  grad_norm: 1.3022
2026/09/23 18:58:08 - mmengine - INFO - Iter(train) [30650/40000]  base_lr: 1.6787e-04 lr: 1.6787e-05  eta: 1:27:58  time: 0.5674  data_time: 0.0171  memory: 6634  loss: 0.4521  loss_final: 0.0486  loss_rgb: 0.1328  loss_geometry: 0.1062  correction_scale: 0.1000  loss_coarse: 0.0150  loss_region_consistency: 0.0001  loss_final_boundary: 0.0973  loss_boundary: 0.0493  loss_sdf: 0.0027  grad_norm: 1.4338
2026/09/23 18:58:36 - mmengine - INFO - Iter(train) [30700/40000]  base_lr: 1.6706e-04 lr: 1.6706e-05  eta: 1:27:30  time: 0.5533  data_time: 0.0154  memory: 6634  loss: 0.5782  loss_final: 0.1851  loss_rgb: 0.0966  loss_geometry: 0.1282  correction_scale: 0.1000  loss_coarse: 0.0541  loss_region_consistency: 0.0001  loss_final_boundary: 0.0685  loss_boundary: 0.0354  loss_sdf: 0.0101  grad_norm: 1.6452
2026/09/23 18:59:04 - mmengine - INFO - Iter(train) [30750/40000]  base_lr: 1.6625e-04 lr: 1.6625e-05  eta: 1:27:02  time: 0.5546  data_time: 0.0159  memory: 6634  loss: 0.5543  loss_final: 0.1747  loss_rgb: 0.1152  loss_geometry: 0.1006  correction_scale: 0.1000  loss_coarse: 0.0504  loss_region_consistency: 0.0001  loss_final_boundary: 0.0690  loss_boundary: 0.0364  loss_sdf: 0.0080  grad_norm: 1.6246
2026/09/23 18:59:32 - mmengine - INFO - Iter(train) [30800/40000]  base_lr: 1.6545e-04 lr: 1.6545e-05  eta: 1:26:34  time: 0.5722  data_time: 0.0161  memory: 6634  loss: 0.4796  loss_final: 0.0889  loss_rgb: 0.1380  loss_geometry: 0.0867  correction_scale: 0.1000  loss_coarse: 0.0270  loss_region_consistency: 0.0001  loss_final_boundary: 0.0878  loss_boundary: 0.0469  loss_sdf: 0.0042  grad_norm: 2.1975
2026/09/23 19:00:00 - mmengine - INFO - Iter(train) [30850/40000]  base_lr: 1.6464e-04 lr: 1.6464e-05  eta: 1:26:05  time: 0.5579  data_time: 0.0150  memory: 6634  loss: 0.4995  loss_final: 0.0869  loss_rgb: 0.1423  loss_geometry: 0.1052  correction_scale: 0.1000  loss_coarse: 0.0264  loss_region_consistency: 0.0001  loss_final_boundary: 0.0887  loss_boundary: 0.0459  loss_sdf: 0.0041  grad_norm: 1.8169
2026/09/23 19:00:28 - mmengine - INFO - Iter(train) [30900/40000]  base_lr: 1.6383e-04 lr: 1.6383e-05  eta: 1:25:37  time: 0.5480  data_time: 0.0155  memory: 6634  loss: 0.3626  loss_final: 0.0565  loss_rgb: 0.0934  loss_geometry: 0.1027  correction_scale: 0.1000  loss_coarse: 0.0172  loss_region_consistency: 0.0001  loss_final_boundary: 0.0592  loss_boundary: 0.0310  loss_sdf: 0.0025  grad_norm: 1.6713
2026/09/23 19:00:57 - mmengine - INFO - Iter(train) [30950/40000]  base_lr: 1.6302e-04 lr: 1.6302e-05  eta: 1:25:09  time: 0.5647  data_time: 0.0161  memory: 6634  loss: 0.4864  loss_final: 0.0918  loss_rgb: 0.1468  loss_geometry: 0.0819  correction_scale: 0.1000  loss_coarse: 0.0280  loss_region_consistency: 0.0001  loss_final_boundary: 0.0880  loss_boundary: 0.0455  loss_sdf: 0.0043  grad_norm: 1.7221
2026/09/23 19:01:25 - mmengine - INFO - Exp name: stage3_joint_20260923_120333
2026/09/23 19:01:25 - mmengine - INFO - Iter(train) [31000/40000]  base_lr: 1.6221e-04 lr: 1.6221e-05  eta: 1:24:40  time: 0.5571  data_time: 0.0148  memory: 6634  loss: 0.4512  loss_final: 0.0739  loss_rgb: 0.1174  loss_geometry: 0.1159  correction_scale: 0.1000  loss_coarse: 0.0221  loss_region_consistency: 0.0001  loss_final_boundary: 0.0780  loss_boundary: 0.0411  loss_sdf: 0.0026  grad_norm: 1.5991
2026/09/23 19:01:53 - mmengine - INFO - Iter(train) [31050/40000]  base_lr: 1.6139e-04 lr: 1.6139e-05  eta: 1:24:12  time: 0.5661  data_time: 0.0167  memory: 6634  loss: 0.4727  loss_final: 0.0814  loss_rgb: 0.1316  loss_geometry: 0.0969  correction_scale: 0.1000  loss_coarse: 0.0245  loss_region_consistency: 0.0001  loss_final_boundary: 0.0881  loss_boundary: 0.0466  loss_sdf: 0.0034  grad_norm: 3.0231
2026/09/23 19:02:21 - mmengine - INFO - Iter(train) [31100/40000]  base_lr: 1.6058e-04 lr: 1.6058e-05  eta: 1:23:44  time: 0.5587  data_time: 0.0157  memory: 6634  loss: 0.3550  loss_final: 0.0337  loss_rgb: 0.0997  loss_geometry: 0.0931  correction_scale: 0.1000  loss_coarse: 0.0105  loss_region_consistency: 0.0001  loss_final_boundary: 0.0767  loss_boundary: 0.0399  loss_sdf: 0.0014  grad_norm: 2.5215
2026/09/23 19:02:49 - mmengine - INFO - Iter(train) [31150/40000]  base_lr: 1.5977e-04 lr: 1.5977e-05  eta: 1:23:16  time: 0.5645  data_time: 0.0160  memory: 6634  loss: 0.4835  loss_final: 0.0705  loss_rgb: 0.1474  loss_geometry: 0.0912  correction_scale: 0.1000  loss_coarse: 0.0217  loss_region_consistency: 0.0001  loss_final_boundary: 0.0976  loss_boundary: 0.0512  loss_sdf: 0.0039  grad_norm: 2.8261
2026/09/23 19:03:17 - mmengine - INFO - Iter(train) [31200/40000]  base_lr: 1.5896e-04 lr: 1.5896e-05  eta: 1:22:47  time: 0.5702  data_time: 0.0155  memory: 6634  loss: 0.4708  loss_final: 0.0951  loss_rgb: 0.1343  loss_geometry: 0.0871  correction_scale: 0.1000  loss_coarse: 0.0288  loss_region_consistency: 0.0001  loss_final_boundary: 0.0788  loss_boundary: 0.0419  loss_sdf: 0.0047  grad_norm: 1.8293
2026/09/23 19:03:45 - mmengine - INFO - Iter(train) [31250/40000]  base_lr: 1.5814e-04 lr: 1.5814e-05  eta: 1:22:19  time: 0.5525  data_time: 0.0158  memory: 6634  loss: 0.3703  loss_final: 0.0543  loss_rgb: 0.0931  loss_geometry: 0.1138  correction_scale: 0.1000  loss_coarse: 0.0163  loss_region_consistency: 0.0001  loss_final_boundary: 0.0587  loss_boundary: 0.0314  loss_sdf: 0.0027  grad_norm: 1.7155
2026/09/23 19:04:14 - mmengine - INFO - Iter(train) [31300/40000]  base_lr: 1.5733e-04 lr: 1.5733e-05  eta: 1:21:51  time: 0.5595  data_time: 0.0152  memory: 6634  loss: 0.4141  loss_final: 0.0621  loss_rgb: 0.1202  loss_geometry: 0.0911  correction_scale: 0.1000  loss_coarse: 0.0186  loss_region_consistency: 0.0001  loss_final_boundary: 0.0778  loss_boundary: 0.0408  loss_sdf: 0.0033  grad_norm: 1.7515
2026/09/23 19:04:42 - mmengine - INFO - Iter(train) [31350/40000]  base_lr: 1.5652e-04 lr: 1.5652e-05  eta: 1:21:23  time: 0.5490  data_time: 0.0181  memory: 6634  loss: 0.3256  loss_final: 0.0515  loss_rgb: 0.0714  loss_geometry: 0.1093  correction_scale: 0.1000  loss_coarse: 0.0152  loss_region_consistency: 0.0000  loss_final_boundary: 0.0487  loss_boundary: 0.0262  loss_sdf: 0.0032  grad_norm: 1.6273
2026/09/23 19:05:10 - mmengine - INFO - Iter(train) [31400/40000]  base_lr: 1.5570e-04 lr: 1.5570e-05  eta: 1:20:54  time: 0.5713  data_time: 0.0173  memory: 6634  loss: 0.4040  loss_final: 0.0561  loss_rgb: 0.1149  loss_geometry: 0.0932  correction_scale: 0.1000  loss_coarse: 0.0175  loss_region_consistency: 0.0001  loss_final_boundary: 0.0777  loss_boundary: 0.0414  loss_sdf: 0.0032  grad_norm: 1.0961
2026/09/23 19:05:38 - mmengine - INFO - Iter(train) [31450/40000]  base_lr: 1.5489e-04 lr: 1.5489e-05  eta: 1:20:26  time: 0.5665  data_time: 0.0158  memory: 6634  loss: 0.4855  loss_final: 0.0850  loss_rgb: 0.1319  loss_geometry: 0.0868  correction_scale: 0.1000  loss_coarse: 0.0256  loss_region_consistency: 0.0001  loss_final_boundary: 0.0984  loss_boundary: 0.0523  loss_sdf: 0.0054  grad_norm: 1.2955
2026/09/23 19:06:06 - mmengine - INFO - Iter(train) [31500/40000]  base_lr: 1.5407e-04 lr: 1.5407e-05  eta: 1:19:58  time: 0.5591  data_time: 0.0155  memory: 6634  loss: 0.4783  loss_final: 0.0915  loss_rgb: 0.1285  loss_geometry: 0.0889  correction_scale: 0.1000  loss_coarse: 0.0282  loss_region_consistency: 0.0001  loss_final_boundary: 0.0887  loss_boundary: 0.0466  loss_sdf: 0.0057  grad_norm: 1.2980
2026/09/23 19:06:34 - mmengine - INFO - Iter(train) [31550/40000]  base_lr: 1.5326e-04 lr: 1.5326e-05  eta: 1:19:30  time: 0.5557  data_time: 0.0172  memory: 6634  loss: 0.3640  loss_final: 0.0490  loss_rgb: 0.1013  loss_geometry: 0.1060  correction_scale: 0.1000  loss_coarse: 0.0147  loss_region_consistency: 0.0001  loss_final_boundary: 0.0590  loss_boundary: 0.0311  loss_sdf: 0.0029  grad_norm: 1.6298
2026/09/23 19:07:02 - mmengine - INFO - Iter(train) [31600/40000]  base_lr: 1.5244e-04 lr: 1.5244e-05  eta: 1:19:01  time: 0.5752  data_time: 0.0167  memory: 6634  loss: 0.4969  loss_final: 0.0802  loss_rgb: 0.1323  loss_geometry: 0.1201  correction_scale: 0.1000  loss_coarse: 0.0238  loss_region_consistency: 0.0001  loss_final_boundary: 0.0888  loss_boundary: 0.0468  loss_sdf: 0.0049  grad_norm: 2.2597
2026/09/23 19:07:31 - mmengine - INFO - Iter(train) [31650/40000]  base_lr: 1.5162e-04 lr: 1.5162e-05  eta: 1:18:33  time: 0.5604  data_time: 0.0154  memory: 6634  loss: 0.4703  loss_final: 0.0591  loss_rgb: 0.1408  loss_geometry: 0.1132  correction_scale: 0.1000  loss_coarse: 0.0181  loss_region_consistency: 0.0001  loss_final_boundary: 0.0880  loss_boundary: 0.0472  loss_sdf: 0.0037  grad_norm: 1.8064
2026/09/23 19:07:59 - mmengine - INFO - Iter(train) [31700/40000]  base_lr: 1.5081e-04 lr: 1.5081e-05  eta: 1:18:05  time: 0.5687  data_time: 0.0166  memory: 6634  loss: 0.4753  loss_final: 0.0759  loss_rgb: 0.1391  loss_geometry: 0.0827  correction_scale: 0.1000  loss_coarse: 0.0231  loss_region_consistency: 0.0001  loss_final_boundary: 0.0983  loss_boundary: 0.0519  loss_sdf: 0.0042  grad_norm: 1.5871
2026/09/23 19:08:28 - mmengine - INFO - Iter(train) [31750/40000]  base_lr: 1.4999e-04 lr: 1.4999e-05  eta: 1:17:37  time: 0.5639  data_time: 0.0163  memory: 6634  loss: 0.5169  loss_final: 0.0985  loss_rgb: 0.1344  loss_geometry: 0.1141  correction_scale: 0.1000  loss_coarse: 0.0297  loss_region_consistency: 0.0001  loss_final_boundary: 0.0884  loss_boundary: 0.0466  loss_sdf: 0.0052  grad_norm: 1.8284
2026/09/23 19:08:56 - mmengine - INFO - Iter(train) [31800/40000]  base_lr: 1.4917e-04 lr: 1.4917e-05  eta: 1:17:09  time: 0.5729  data_time: 0.0157  memory: 6634  loss: 0.4666  loss_final: 0.0654  loss_rgb: 0.1437  loss_geometry: 0.1015  correction_scale: 0.1000  loss_coarse: 0.0198  loss_region_consistency: 0.0001  loss_final_boundary: 0.0872  loss_boundary: 0.0461  loss_sdf: 0.0028  grad_norm: 1.9381
2026/09/23 19:09:24 - mmengine - INFO - Iter(train) [31850/40000]  base_lr: 1.4835e-04 lr: 1.4835e-05  eta: 1:16:40  time: 0.5614  data_time: 0.0154  memory: 6634  loss: 0.6062  loss_final: 0.1489  loss_rgb: 0.1601  loss_geometry: 0.1078  correction_scale: 0.1000  loss_coarse: 0.0447  loss_region_consistency: 0.0001  loss_final_boundary: 0.0880  loss_boundary: 0.0518  loss_sdf: 0.0049  grad_norm: 1.6923
2026/09/23 19:09:52 - mmengine - INFO - Iter(train) [31900/40000]  base_lr: 1.4753e-04 lr: 1.4753e-05  eta: 1:16:12  time: 0.5596  data_time: 0.0155  memory: 6634  loss: 0.4017  loss_final: 0.0555  loss_rgb: 0.0999  loss_geometry: 0.1082  correction_scale: 0.1000  loss_coarse: 0.0171  loss_region_consistency: 0.0001  loss_final_boundary: 0.0771  loss_boundary: 0.0405  loss_sdf: 0.0033  grad_norm: 1.5188
2026/09/23 19:10:20 - mmengine - INFO - Iter(train) [31950/40000]  base_lr: 1.4671e-04 lr: 1.4671e-05  eta: 1:15:44  time: 0.5611  data_time: 0.0170  memory: 6634  loss: 0.5218  loss_final: 0.0967  loss_rgb: 0.1530  loss_geometry: 0.1030  correction_scale: 0.1000  loss_coarse: 0.0295  loss_region_consistency: 0.0001  loss_final_boundary: 0.0881  loss_boundary: 0.0468  loss_sdf: 0.0047  grad_norm: 1.5823
2026/09/23 19:10:49 - mmengine - INFO - Exp name: stage3_joint_20260923_120333
2026/09/23 19:10:49 - mmengine - INFO - Iter(train) [32000/40000]  base_lr: 1.4589e-04 lr: 1.4589e-05  eta: 1:15:16  time: 0.5782  data_time: 0.0174  memory: 6634  loss: 0.5456  loss_final: 0.0998  loss_rgb: 0.1600  loss_geometry: 0.0991  correction_scale: 0.1000  loss_coarse: 0.0305  loss_region_consistency: 0.0001  loss_final_boundary: 0.0987  loss_boundary: 0.0518  loss_sdf: 0.0055  grad_norm: 1.4879
2026/09/23 19:10:49 - mmengine - INFO - Saving checkpoint at 32000 iterations
2026/09/23 19:11:54 - mmengine - INFO - Iter(val) [ 50/304]    eta: 0:05:24  time: 1.2694  data_time: 0.0210  memory: 1189  
2026/09/23 19:13:22 - mmengine - INFO - Iter(val) [100/304]    eta: 0:05:10  time: 1.7215  data_time: 0.0209  memory: 1189  
2026/09/23 19:14:46 - mmengine - INFO - Iter(val) [150/304]    eta: 0:04:02  time: 1.6413  data_time: 0.0221  memory: 1189  
2026/09/23 19:16:09 - mmengine - INFO - Iter(val) [200/304]    eta: 0:02:45  time: 1.6482  data_time: 0.0218  memory: 1189  
2026/09/23 19:17:31 - mmengine - INFO - Iter(val) [250/304]    eta: 0:01:26  time: 1.6658  data_time: 0.0208  memory: 1189  
2026/09/23 19:18:52 - mmengine - INFO - Iter(val) [300/304]    eta: 0:00:06  time: 1.6004  data_time: 0.0210  memory: 1189  
2026/09/23 19:18:58 - mmengine - INFO - per class results:
2026/09/23 19:18:58 - mmengine - INFO - 
+------------------+-------+-------+-------+--------+-----------+--------+
|      Class       |  IoU  |  Acc  |  Dice | Fscore | Precision | Recall |
+------------------+-------+-------+-------+--------+-----------+--------+
|    background    | 97.69 | 98.44 | 98.83 | 98.83  |   99.23   | 98.44  |
| wastewater_plant | 77.58 | 91.35 | 87.37 | 87.37  |   83.73   | 91.35  |
+------------------+-------+-------+-------+--------+-----------+--------+
2026/09/23 19:18:58 - mmengine - INFO - Iter(val) [304/304]    aAcc: 97.8600  mIoU: 87.6300  mAcc: 94.8900  mDice: 93.1000  mFscore: 93.1000  mPrecision: 91.4800  mRecall: 94.8900  binary/Foreground_IoU: 77.5773  binary/Dice: 87.3730  binary/F1: 87.3730  binary/Precision: 83.7270  binary/Recall: 91.3510  binary/Boundary_F1: 15.6245  binary/BFScore: 15.6245  binary/Boundary_Precision: 13.2128  binary/Boundary_Recall: 19.1131  binary/Hausdorff_px: 341.6219  binary/HD95_px: 243.2186  binary/Hausdorff_m: 170.8110  binary/HD95_m: 121.6093  data_time: 0.0229  time: 1.6059
2026/09/23 19:18:58 - mmengine - INFO - The previous best checkpoint /workspace/work_dirs/rpgv_v2_paper_reuse/paper_reuse/seed_42/no_rgr/stage3_joint/best_binary_Foreground_IoU_iter_24000.pth is removed
2026/09/23 19:18:59 - mmengine - INFO - The best checkpoint with 77.5773 binary/Foreground_IoU at 32000 iter is saved to best_binary_Foreground_IoU_iter_32000.pth.
2026/09/23 19:19:31 - mmengine - INFO - Iter(train) [32050/40000]  base_lr: 1.4507e-04 lr: 1.4507e-05  eta: 1:14:49  time: 0.5588  data_time: 0.0160  memory: 6634  loss: 0.4106  loss_final: 0.0607  loss_rgb: 0.1071  loss_geometry: 0.1027  correction_scale: 0.1000  loss_coarse: 0.0182  loss_region_consistency: 0.0001  loss_final_boundary: 0.0775  loss_boundary: 0.0409  loss_sdf: 0.0033  grad_norm: 1.7506
2026/09/23 19:19:59 - mmengine - INFO - Iter(train) [32100/40000]  base_lr: 1.4425e-04 lr: 1.4425e-05  eta: 1:14:20  time: 0.5541  data_time: 0.0175  memory: 6634  loss: 0.3807  loss_final: 0.0490  loss_rgb: 0.1010  loss_geometry: 0.1232  correction_scale: 0.1000  loss_coarse: 0.0152  loss_region_consistency: 0.0001  loss_final_boundary: 0.0589  loss_boundary: 0.0311  loss_sdf: 0.0023  grad_norm: 1.5302
2026/09/23 19:20:27 - mmengine - INFO - Iter(train) [32150/40000]  base_lr: 1.4343e-04 lr: 1.4343e-05  eta: 1:13:52  time: 0.5666  data_time: 0.0156  memory: 6634  loss: 0.5231  loss_final: 0.0945  loss_rgb: 0.1542  loss_geometry: 0.1071  correction_scale: 0.1000  loss_coarse: 0.0282  loss_region_consistency: 0.0001  loss_final_boundary: 0.0878  loss_boundary: 0.0471  loss_sdf: 0.0042  grad_norm: 1.8056
2026/09/23 19:20:55 - mmengine - INFO - Iter(train) [32200/40000]  base_lr: 1.4260e-04 lr: 1.4260e-05  eta: 1:13:24  time: 0.5643  data_time: 0.0152  memory: 6634  loss: 0.4050  loss_final: 0.0521  loss_rgb: 0.1101  loss_geometry: 0.1048  correction_scale: 0.1000  loss_coarse: 0.0165  loss_region_consistency: 0.0001  loss_final_boundary: 0.0777  loss_boundary: 0.0411  loss_sdf: 0.0025  grad_norm: 1.4740
2026/09/23 19:21:23 - mmengine - INFO - Iter(train) [32250/40000]  base_lr: 1.4178e-04 lr: 1.4178e-05  eta: 1:12:55  time: 0.5580  data_time: 0.0154  memory: 6634  loss: 0.4578  loss_final: 0.0740  loss_rgb: 0.1307  loss_geometry: 0.0926  correction_scale: 0.1000  loss_coarse: 0.0228  loss_region_consistency: 0.0001  loss_final_boundary: 0.0881  loss_boundary: 0.0458  loss_sdf: 0.0037  grad_norm: 1.3094
2026/09/23 19:21:51 - mmengine - INFO - Iter(train) [32300/40000]  base_lr: 1.4096e-04 lr: 1.4096e-05  eta: 1:12:27  time: 0.5557  data_time: 0.0152  memory: 6634  loss: 0.4731  loss_final: 0.1028  loss_rgb: 0.1196  loss_geometry: 0.0926  correction_scale: 0.1000  loss_coarse: 0.0308  loss_region_consistency: 0.0001  loss_final_boundary: 0.0782  loss_boundary: 0.0462  loss_sdf: 0.0029  grad_norm: 1.5909
2026/09/23 19:22:19 - mmengine - INFO - Iter(train) [32350/40000]  base_lr: 1.4013e-04 lr: 1.4013e-05  eta: 1:11:59  time: 0.5625  data_time: 0.0153  memory: 6634  loss: 0.5298  loss_final: 0.1144  loss_rgb: 0.1398  loss_geometry: 0.1020  correction_scale: 0.1000  loss_coarse: 0.0344  loss_region_consistency: 0.0001  loss_final_boundary: 0.0887  loss_boundary: 0.0464  loss_sdf: 0.0039  grad_norm: 1.1935
2026/09/23 19:22:47 - mmengine - INFO - Iter(train) [32400/40000]  base_lr: 1.3931e-04 lr: 1.3931e-05  eta: 1:11:31  time: 0.5678  data_time: 0.0151  memory: 6634  loss: 0.4171  loss_final: 0.0571  loss_rgb: 0.1184  loss_geometry: 0.1024  correction_scale: 0.1000  loss_coarse: 0.0172  loss_region_consistency: 0.0001  loss_final_boundary: 0.0781  loss_boundary: 0.0412  loss_sdf: 0.0026  grad_norm: 1.6415
2026/09/23 19:23:15 - mmengine - INFO - Iter(train) [32450/40000]  base_lr: 1.3848e-04 lr: 1.3848e-05  eta: 1:11:02  time: 0.5601  data_time: 0.0160  memory: 6634  loss: 0.4351  loss_final: 0.0842  loss_rgb: 0.1145  loss_geometry: 0.1020  correction_scale: 0.1000  loss_coarse: 0.0251  loss_region_consistency: 0.0001  loss_final_boundary: 0.0685  loss_boundary: 0.0365  loss_sdf: 0.0043  grad_norm: 1.7968
2026/09/23 19:23:44 - mmengine - INFO - Iter(train) [32500/40000]  base_lr: 1.3766e-04 lr: 1.3766e-05  eta: 1:10:34  time: 0.5710  data_time: 0.0180  memory: 6634  loss: 0.4083  loss_final: 0.0680  loss_rgb: 0.1090  loss_geometry: 0.0871  correction_scale: 0.1000  loss_coarse: 0.0208  loss_region_consistency: 0.0001  loss_final_boundary: 0.0786  loss_boundary: 0.0411  loss_sdf: 0.0037  grad_norm: 1.3403
2026/09/23 19:24:12 - mmengine - INFO - Iter(train) [32550/40000]  base_lr: 1.3683e-04 lr: 1.3683e-05  eta: 1:10:06  time: 0.5591  data_time: 0.0167  memory: 6634  loss: 0.3601  loss_final: 0.0486  loss_rgb: 0.0845  loss_geometry: 0.1189  correction_scale: 0.1000  loss_coarse: 0.0156  loss_region_consistency: 0.0001  loss_final_boundary: 0.0585  loss_boundary: 0.0310  loss_sdf: 0.0030  grad_norm: 1.2680
2026/09/23 19:24:40 - mmengine - INFO - Iter(train) [32600/40000]  base_lr: 1.3601e-04 lr: 1.3601e-05  eta: 1:09:38  time: 0.5753  data_time: 0.0182  memory: 6634  loss: 0.4790  loss_final: 0.0803  loss_rgb: 0.1328  loss_geometry: 0.1021  correction_scale: 0.1000  loss_coarse: 0.0244  loss_region_consistency: 0.0001  loss_final_boundary: 0.0887  loss_boundary: 0.0465  loss_sdf: 0.0043  grad_norm: 1.3931
2026/09/23 19:25:08 - mmengine - INFO - Iter(train) [32650/40000]  base_lr: 1.3518e-04 lr: 1.3518e-05  eta: 1:09:09  time: 0.5655  data_time: 0.0180  memory: 6634  loss: 0.4264  loss_final: 0.0588  loss_rgb: 0.1183  loss_geometry: 0.0937  correction_scale: 0.1000  loss_coarse: 0.0179  loss_region_consistency: 0.0001  loss_final_boundary: 0.0880  loss_boundary: 0.0469  loss_sdf: 0.0027  grad_norm: 1.4335
2026/09/23 19:25:36 - mmengine - INFO - Iter(train) [32700/40000]  base_lr: 1.3435e-04 lr: 1.3435e-05  eta: 1:08:41  time: 0.5500  data_time: 0.0154  memory: 6634  loss: 0.3491  loss_final: 0.0553  loss_rgb: 0.0833  loss_geometry: 0.0962  correction_scale: 0.1000  loss_coarse: 0.0168  loss_region_consistency: 0.0001  loss_final_boundary: 0.0588  loss_boundary: 0.0356  loss_sdf: 0.0030  grad_norm: 1.4448
2026/09/23 19:26:04 - mmengine - INFO - Iter(train) [32750/40000]  base_lr: 1.3352e-04 lr: 1.3352e-05  eta: 1:08:13  time: 0.5570  data_time: 0.0156  memory: 6634  loss: 0.4396  loss_final: 0.0642  loss_rgb: 0.1317  loss_geometry: 0.0869  correction_scale: 0.1000  loss_coarse: 0.0196  loss_region_consistency: 0.0001  loss_final_boundary: 0.0882  loss_boundary: 0.0463  loss_sdf: 0.0025  grad_norm: 1.4411
2026/09/23 19:26:33 - mmengine - INFO - Iter(train) [32800/40000]  base_lr: 1.3269e-04 lr: 1.3269e-05  eta: 1:07:45  time: 0.5727  data_time: 0.0165  memory: 6634  loss: 0.5164  loss_final: 0.1195  loss_rgb: 0.1314  loss_geometry: 0.0875  correction_scale: 0.1000  loss_coarse: 0.0359  loss_region_consistency: 0.0001  loss_final_boundary: 0.0884  loss_boundary: 0.0470  loss_sdf: 0.0067  grad_norm: 1.7360
2026/09/23 19:27:01 - mmengine - INFO - Iter(train) [32850/40000]  base_lr: 1.3186e-04 lr: 1.3186e-05  eta: 1:07:16  time: 0.5607  data_time: 0.0155  memory: 6634  loss: 0.5145  loss_final: 0.1062  loss_rgb: 0.1390  loss_geometry: 0.0942  correction_scale: 0.1000  loss_coarse: 0.0322  loss_region_consistency: 0.0001  loss_final_boundary: 0.0885  loss_boundary: 0.0480  loss_sdf: 0.0062  grad_norm: 1.5173
2026/09/23 19:27:29 - mmengine - INFO - Iter(train) [32900/40000]  base_lr: 1.3103e-04 lr: 1.3103e-05  eta: 1:06:48  time: 0.5520  data_time: 0.0155  memory: 6634  loss: 0.4253  loss_final: 0.0710  loss_rgb: 0.1196  loss_geometry: 0.1041  correction_scale: 0.1000  loss_coarse: 0.0230  loss_region_consistency: 0.0001  loss_final_boundary: 0.0680  loss_boundary: 0.0366  loss_sdf: 0.0030  grad_norm: 1.5477
2026/09/23 19:27:57 - mmengine - INFO - Iter(train) [32950/40000]  base_lr: 1.3020e-04 lr: 1.3020e-05  eta: 1:06:20  time: 0.5646  data_time: 0.0159  memory: 6634  loss: 0.4917  loss_final: 0.0810  loss_rgb: 0.1419  loss_geometry: 0.0919  correction_scale: 0.1000  loss_coarse: 0.0243  loss_region_consistency: 0.0001  loss_final_boundary: 0.0976  loss_boundary: 0.0513  loss_sdf: 0.0035  grad_norm: 1.6225
2026/09/23 19:28:26 - mmengine - INFO - Exp name: stage3_joint_20260923_120333
2026/09/23 19:28:26 - mmengine - INFO - Iter(train) [33000/40000]  base_lr: 1.2937e-04 lr: 1.2937e-05  eta: 1:05:52  time: 0.5721  data_time: 0.0161  memory: 6634  loss: 0.4659  loss_final: 0.0788  loss_rgb: 0.1232  loss_geometry: 0.1014  correction_scale: 0.1000  loss_coarse: 0.0238  loss_region_consistency: 0.0001  loss_final_boundary: 0.0880  loss_boundary: 0.0465  loss_sdf: 0.0040  grad_norm: 1.9602
2026/09/23 19:28:54 - mmengine - INFO - Iter(train) [33050/40000]  base_lr: 1.2854e-04 lr: 1.2854e-05  eta: 1:05:24  time: 0.5549  data_time: 0.0160  memory: 6634  loss: 0.4247  loss_final: 0.0466  loss_rgb: 0.1305  loss_geometry: 0.1105  correction_scale: 0.1000  loss_coarse: 0.0146  loss_region_consistency: 0.0001  loss_final_boundary: 0.0782  loss_boundary: 0.0411  loss_sdf: 0.0031  grad_norm: 2.1687
2026/09/23 19:29:22 - mmengine - INFO - Iter(train) [33100/40000]  base_lr: 1.2771e-04 lr: 1.2771e-05  eta: 1:04:55  time: 0.5633  data_time: 0.0161  memory: 6634  loss: 0.5127  loss_final: 0.0962  loss_rgb: 0.1461  loss_geometry: 0.1136  correction_scale: 0.1000  loss_coarse: 0.0296  loss_region_consistency: 0.0001  loss_final_boundary: 0.0780  loss_boundary: 0.0462  loss_sdf: 0.0029  grad_norm: 1.8470
2026/09/23 19:29:50 - mmengine - INFO - Iter(train) [33150/40000]  base_lr: 1.2687e-04 lr: 1.2687e-05  eta: 1:04:27  time: 0.5521  data_time: 0.0169  memory: 6634  loss: 0.3085  loss_final: 0.0318  loss_rgb: 0.0901  loss_geometry: 0.0867  correction_scale: 0.1000  loss_coarse: 0.0096  loss_region_consistency: 0.0001  loss_final_boundary: 0.0582  loss_boundary: 0.0305  loss_sdf: 0.0015  grad_norm: 1.3904
2026/09/23 19:30:18 - mmengine - INFO - Iter(train) [33200/40000]  base_lr: 1.2604e-04 lr: 1.2604e-05  eta: 1:03:59  time: 0.5756  data_time: 0.0166  memory: 6634  loss: 0.5365  loss_final: 0.1083  loss_rgb: 0.1472  loss_geometry: 0.0949  correction_scale: 0.1000  loss_coarse: 0.0322  loss_region_consistency: 0.0001  loss_final_boundary: 0.0973  loss_boundary: 0.0512  loss_sdf: 0.0052  grad_norm: 2.2069
2026/09/23 19:30:46 - mmengine - INFO - Iter(train) [33250/40000]  base_lr: 1.2520e-04 lr: 1.2520e-05  eta: 1:03:31  time: 0.5628  data_time: 0.0153  memory: 6634  loss: 0.4387  loss_final: 0.0631  loss_rgb: 0.1215  loss_geometry: 0.0941  correction_scale: 0.1000  loss_coarse: 0.0193  loss_region_consistency: 0.0001  loss_final_boundary: 0.0885  loss_boundary: 0.0474  loss_sdf: 0.0048  grad_norm: 1.7526
2026/09/23 19:31:15 - mmengine - INFO - Iter(train) [33300/40000]  base_lr: 1.2437e-04 lr: 1.2437e-05  eta: 1:03:02  time: 0.5588  data_time: 0.0164  memory: 6634  loss: 0.4793  loss_final: 0.1018  loss_rgb: 0.1233  loss_geometry: 0.1003  correction_scale: 0.1000  loss_coarse: 0.0312  loss_region_consistency: 0.0001  loss_final_boundary: 0.0785  loss_boundary: 0.0408  loss_sdf: 0.0033  grad_norm: 1.6808
2026/09/23 19:31:43 - mmengine - INFO - Iter(train) [33350/40000]  base_lr: 1.2353e-04 lr: 1.2353e-05  eta: 1:02:34  time: 0.5568  data_time: 0.0168  memory: 6634  loss: 0.4070  loss_final: 0.0595  loss_rgb: 0.1107  loss_geometry: 0.0949  correction_scale: 0.1000  loss_coarse: 0.0182  loss_region_consistency: 0.0001  loss_final_boundary: 0.0787  loss_boundary: 0.0412  loss_sdf: 0.0036  grad_norm: 1.7619
2026/09/23 19:32:11 - mmengine - INFO - Iter(train) [33400/40000]  base_lr: 1.2270e-04 lr: 1.2270e-05  eta: 1:02:06  time: 0.5805  data_time: 0.0152  memory: 6634  loss: 0.5568  loss_final: 0.1254  loss_rgb: 0.1448  loss_geometry: 0.1050  correction_scale: 0.1000  loss_coarse: 0.0380  loss_region_consistency: 0.0001  loss_final_boundary: 0.0879  loss_boundary: 0.0507  loss_sdf: 0.0049  grad_norm: 1.6467
2026/09/23 19:32:39 - mmengine - INFO - Iter(train) [33450/40000]  base_lr: 1.2186e-04 lr: 1.2186e-05  eta: 1:01:38  time: 0.5617  data_time: 0.0162  memory: 6634  loss: 0.4472  loss_final: 0.0554  loss_rgb: 0.1312  loss_geometry: 0.1057  correction_scale: 0.1000  loss_coarse: 0.0173  loss_region_consistency: 0.0001  loss_final_boundary: 0.0880  loss_boundary: 0.0468  loss_sdf: 0.0027  grad_norm: 1.3839
2026/09/23 19:33:08 - mmengine - INFO - Iter(train) [33500/40000]  base_lr: 1.2102e-04 lr: 1.2102e-05  eta: 1:01:09  time: 0.5670  data_time: 0.0158  memory: 6634  loss: 0.5023  loss_final: 0.1000  loss_rgb: 0.1323  loss_geometry: 0.0848  correction_scale: 0.1000  loss_coarse: 0.0298  loss_region_consistency: 0.0001  loss_final_boundary: 0.0984  loss_boundary: 0.0515  loss_sdf: 0.0054  grad_norm: 1.6573
2026/09/23 19:33:36 - mmengine - INFO - Iter(train) [33550/40000]  base_lr: 1.2019e-04 lr: 1.2019e-05  eta: 1:00:41  time: 0.5551  data_time: 0.0150  memory: 6634  loss: 0.3755  loss_final: 0.0563  loss_rgb: 0.0984  loss_geometry: 0.0949  correction_scale: 0.1000  loss_coarse: 0.0170  loss_region_consistency: 0.0001  loss_final_boundary: 0.0683  loss_boundary: 0.0367  loss_sdf: 0.0036  grad_norm: 1.6946
2026/09/23 19:34:04 - mmengine - INFO - Iter(train) [33600/40000]  base_lr: 1.1935e-04 lr: 1.1935e-05  eta: 1:00:13  time: 0.5707  data_time: 0.0161  memory: 6634  loss: 0.4208  loss_final: 0.0607  loss_rgb: 0.1234  loss_geometry: 0.0966  correction_scale: 0.1000  loss_coarse: 0.0184  loss_region_consistency: 0.0001  loss_final_boundary: 0.0785  loss_boundary: 0.0408  loss_sdf: 0.0023  grad_norm: 1.2302
2026/09/23 19:34:32 - mmengine - INFO - Iter(train) [33650/40000]  base_lr: 1.1851e-04 lr: 1.1851e-05  eta: 0:59:45  time: 0.5561  data_time: 0.0167  memory: 6634  loss: 0.3600  loss_final: 0.0404  loss_rgb: 0.0913  loss_geometry: 0.1086  correction_scale: 0.1000  loss_coarse: 0.0125  loss_region_consistency: 0.0001  loss_final_boundary: 0.0688  loss_boundary: 0.0359  loss_sdf: 0.0024  grad_norm: 2.1169
2026/09/23 19:35:00 - mmengine - INFO - Iter(train) [33700/40000]  base_lr: 1.1767e-04 lr: 1.1767e-05  eta: 0:59:16  time: 0.5566  data_time: 0.0155  memory: 6634  loss: 0.4106  loss_final: 0.0568  loss_rgb: 0.1209  loss_geometry: 0.0808  correction_scale: 0.1000  loss_coarse: 0.0170  loss_region_consistency: 0.0001  loss_final_boundary: 0.0873  loss_boundary: 0.0451  loss_sdf: 0.0027  grad_norm: 1.4339
2026/09/23 19:35:28 - mmengine - INFO - Iter(train) [33750/40000]  base_lr: 1.1683e-04 lr: 1.1683e-05  eta: 0:58:48  time: 0.5613  data_time: 0.0156  memory: 6634  loss: 0.4128  loss_final: 0.0690  loss_rgb: 0.1179  loss_geometry: 0.0815  correction_scale: 0.1000  loss_coarse: 0.0207  loss_region_consistency: 0.0001  loss_final_boundary: 0.0781  loss_boundary: 0.0413  loss_sdf: 0.0042  grad_norm: 1.5782
2026/09/23 19:35:57 - mmengine - INFO - Iter(train) [33800/40000]  base_lr: 1.1598e-04 lr: 1.1598e-05  eta: 0:58:20  time: 0.5773  data_time: 0.0157  memory: 6634  loss: 0.4476  loss_final: 0.0772  loss_rgb: 0.1137  loss_geometry: 0.0957  correction_scale: 0.1000  loss_coarse: 0.0235  loss_region_consistency: 0.0001  loss_final_boundary: 0.0877  loss_boundary: 0.0453  loss_sdf: 0.0044  grad_norm: 1.7270
2026/09/23 19:36:25 - mmengine - INFO - Iter(train) [33850/40000]  base_lr: 1.1514e-04 lr: 1.1514e-05  eta: 0:57:52  time: 0.5613  data_time: 0.0158  memory: 6634  loss: 0.4793  loss_final: 0.0766  loss_rgb: 0.1442  loss_geometry: 0.0947  correction_scale: 0.1000  loss_coarse: 0.0236  loss_region_consistency: 0.0001  loss_final_boundary: 0.0886  loss_boundary: 0.0471  loss_sdf: 0.0044  grad_norm: inf
2026/09/23 19:36:53 - mmengine - INFO - Iter(train) [33900/40000]  base_lr: 1.1430e-04 lr: 1.1430e-05  eta: 0:57:23  time: 0.5506  data_time: 0.0157  memory: 6634  loss: 0.3836  loss_final: 0.0597  loss_rgb: 0.1056  loss_geometry: 0.0865  correction_scale: 0.1000  loss_coarse: 0.0182  loss_region_consistency: 0.0001  loss_final_boundary: 0.0684  loss_boundary: 0.0414  loss_sdf: 0.0038  grad_norm: inf
2026/09/23 19:37:21 - mmengine - INFO - Iter(train) [33950/40000]  base_lr: 1.1346e-04 lr: 1.1346e-05  eta: 0:56:55  time: 0.5528  data_time: 0.0153  memory: 6634  loss: 0.3331  loss_final: 0.0429  loss_rgb: 0.0921  loss_geometry: 0.0936  correction_scale: 0.1000  loss_coarse: 0.0131  loss_region_consistency: 0.0001  loss_final_boundary: 0.0584  loss_boundary: 0.0306  loss_sdf: 0.0022  grad_norm: 1.2325
2026/09/23 19:37:49 - mmengine - INFO - Exp name: stage3_joint_20260923_120333
2026/09/23 19:37:49 - mmengine - INFO - Iter(train) [34000/40000]  base_lr: 1.1261e-04 lr: 1.1261e-05  eta: 0:56:27  time: 0.5688  data_time: 0.0160  memory: 6634  loss: 0.4366  loss_final: 0.0737  loss_rgb: 0.1162  loss_geometry: 0.1008  correction_scale: 0.1000  loss_coarse: 0.0230  loss_region_consistency: 0.0001  loss_final_boundary: 0.0775  loss_boundary: 0.0411  loss_sdf: 0.0043  grad_norm: 1.6142
2026/09/23 19:37:49 - mmengine - INFO - Saving checkpoint at 34000 iterations
2026/09/23 19:38:55 - mmengine - INFO - Iter(val) [ 50/304]    eta: 0:05:26  time: 1.2771  data_time: 0.0188  memory: 1189  
2026/09/23 19:40:23 - mmengine - INFO - Iter(val) [100/304]    eta: 0:05:11  time: 1.7131  data_time: 0.0209  memory: 1189  
2026/09/23 19:41:48 - mmengine - INFO - Iter(val) [150/304]    eta: 0:04:03  time: 1.6734  data_time: 0.0229  memory: 1189  
2026/09/23 19:43:11 - mmengine - INFO - Iter(val) [200/304]    eta: 0:02:46  time: 1.6713  data_time: 0.0203  memory: 1189  
2026/09/23 19:44:34 - mmengine - INFO - Iter(val) [250/304]    eta: 0:01:27  time: 1.6540  data_time: 0.0200  memory: 1189  
2026/09/23 19:45:55 - mmengine - INFO - Iter(val) [300/304]    eta: 0:00:06  time: 1.6281  data_time: 0.0224  memory: 1189  
2026/09/23 19:46:02 - mmengine - INFO - per class results:
2026/09/23 19:46:02 - mmengine - INFO - 
+------------------+-------+-------+-------+--------+-----------+--------+
|      Class       |  IoU  |  Acc  |  Dice | Fscore | Precision | Recall |
+------------------+-------+-------+-------+--------+-----------+--------+
|    background    | 97.74 | 98.49 | 98.86 | 98.86  |   99.22   | 98.49  |
| wastewater_plant |  77.9 | 91.26 | 87.58 | 87.58  |   84.18   | 91.26  |
+------------------+-------+-------+-------+--------+-----------+--------+
2026/09/23 19:46:02 - mmengine - INFO - Iter(val) [304/304]    aAcc: 97.9000  mIoU: 87.8200  mAcc: 94.8800  mDice: 93.2200  mFscore: 93.2200  mPrecision: 91.7000  mRecall: 94.8800  binary/Foreground_IoU: 77.8991  binary/Dice: 87.5767  binary/F1: 87.5767  binary/Precision: 84.1776  binary/Recall: 91.2619  binary/Boundary_F1: 16.5658  binary/BFScore: 16.5658  binary/Boundary_Precision: 13.9730  binary/Boundary_Recall: 20.3402  binary/Hausdorff_px: 388.1486  binary/HD95_px: 271.6826  binary/Hausdorff_m: 194.0743  binary/HD95_m: 135.8413  data_time: 0.0221  time: 1.6156
2026/09/23 19:46:02 - mmengine - INFO - The previous best checkpoint /workspace/work_dirs/rpgv_v2_paper_reuse/paper_reuse/seed_42/no_rgr/stage3_joint/best_binary_Foreground_IoU_iter_32000.pth is removed
2026/09/23 19:46:03 - mmengine - INFO - The best checkpoint with 77.8991 binary/Foreground_IoU at 34000 iter is saved to best_binary_Foreground_IoU_iter_34000.pth.
2026/09/23 19:46:34 - mmengine - INFO - Iter(train) [34050/40000]  base_lr: 1.1177e-04 lr: 1.1177e-05  eta: 0:55:59  time: 0.5662  data_time: 0.0161  memory: 6634  loss: 0.4480  loss_final: 0.0630  loss_rgb: 0.1332  loss_geometry: 0.0945  correction_scale: 0.1000  loss_coarse: 0.0197  loss_region_consistency: 0.0001  loss_final_boundary: 0.0876  loss_boundary: 0.0461  loss_sdf: 0.0037  grad_norm: 1.7452
2026/09/23 19:47:02 - mmengine - INFO - Iter(train) [34100/40000]  base_lr: 1.1092e-04 lr: 1.1092e-05  eta: 0:55:31  time: 0.5515  data_time: 0.0154  memory: 6634  loss: 0.4400  loss_final: 0.0636  loss_rgb: 0.1174  loss_geometry: 0.1106  correction_scale: 0.1000  loss_coarse: 0.0193  loss_region_consistency: 0.0001  loss_final_boundary: 0.0786  loss_boundary: 0.0466  loss_sdf: 0.0038  grad_norm: 1.2675
2026/09/23 19:47:30 - mmengine - INFO - Iter(train) [34150/40000]  base_lr: 1.1007e-04 lr: 1.1007e-05  eta: 0:55:03  time: 0.5456  data_time: 0.0153  memory: 6634  loss: 0.3320  loss_final: 0.0540  loss_rgb: 0.0754  loss_geometry: 0.1086  correction_scale: 0.1000  loss_coarse: 0.0160  loss_region_consistency: 0.0001  loss_final_boundary: 0.0491  loss_boundary: 0.0261  loss_sdf: 0.0027  grad_norm: 1.3445
2026/09/23 19:47:58 - mmengine - INFO - Iter(train) [34200/40000]  base_lr: 1.0923e-04 lr: 1.0923e-05  eta: 0:54:35  time: 0.5755  data_time: 0.0160  memory: 6634  loss: 0.4643  loss_final: 0.0708  loss_rgb: 0.1358  loss_geometry: 0.0977  correction_scale: 0.1000  loss_coarse: 0.0215  loss_region_consistency: 0.0001  loss_final_boundary: 0.0877  loss_boundary: 0.0470  loss_sdf: 0.0037  grad_norm: 1.4898
2026/09/23 19:48:27 - mmengine - INFO - Iter(train) [34250/40000]  base_lr: 1.0838e-04 lr: 1.0838e-05  eta: 0:54:06  time: 0.5686  data_time: 0.0159  memory: 6634  loss: 0.4656  loss_final: 0.0850  loss_rgb: 0.1262  loss_geometry: 0.0904  correction_scale: 0.1000  loss_coarse: 0.0253  loss_region_consistency: 0.0001  loss_final_boundary: 0.0885  loss_boundary: 0.0464  loss_sdf: 0.0037  grad_norm: 1.4285
2026/09/23 19:48:55 - mmengine - INFO - Iter(train) [34300/40000]  base_lr: 1.0753e-04 lr: 1.0753e-05  eta: 0:53:38  time: 0.5652  data_time: 0.0151  memory: 6634  loss: 0.5817  loss_final: 0.1158  loss_rgb: 0.1626  loss_geometry: 0.1119  correction_scale: 0.1000  loss_coarse: 0.0359  loss_region_consistency: 0.0001  loss_final_boundary: 0.0987  loss_boundary: 0.0522  loss_sdf: 0.0046  grad_norm: 1.6813
2026/09/23 19:49:23 - mmengine - INFO - Iter(train) [34350/40000]  base_lr: 1.0668e-04 lr: 1.0668e-05  eta: 0:53:10  time: 0.5614  data_time: 0.0164  memory: 6634  loss: 0.4656  loss_final: 0.0673  loss_rgb: 0.1263  loss_geometry: 0.1114  correction_scale: 0.1000  loss_coarse: 0.0208  loss_region_consistency: 0.0001  loss_final_boundary: 0.0882  loss_boundary: 0.0471  loss_sdf: 0.0044  grad_norm: 1.6662
2026/09/23 19:49:51 - mmengine - INFO - Iter(train) [34400/40000]  base_lr: 1.0583e-04 lr: 1.0583e-05  eta: 0:52:42  time: 0.5699  data_time: 0.0162  memory: 6634  loss: 0.3857  loss_final: 0.0631  loss_rgb: 0.0980  loss_geometry: 0.0852  correction_scale: 0.1000  loss_coarse: 0.0191  loss_region_consistency: 0.0001  loss_final_boundary: 0.0778  loss_boundary: 0.0397  loss_sdf: 0.0028  grad_norm: 1.6646
2026/09/23 19:50:19 - mmengine - INFO - Iter(train) [34450/40000]  base_lr: 1.0498e-04 lr: 1.0498e-05  eta: 0:52:13  time: 0.5620  data_time: 0.0163  memory: 6634  loss: 0.6706  loss_final: 0.1843  loss_rgb: 0.1557  loss_geometry: 0.1311  correction_scale: 0.1000  loss_coarse: 0.0541  loss_region_consistency: 0.0001  loss_final_boundary: 0.0885  loss_boundary: 0.0464  loss_sdf: 0.0103  grad_norm: 1.7094
2026/09/23 19:50:47 - mmengine - INFO - Iter(train) [34500/40000]  base_lr: 1.0413e-04 lr: 1.0413e-05  eta: 0:51:45  time: 0.5657  data_time: 0.0170  memory: 6634  loss: 0.5264  loss_final: 0.0882  loss_rgb: 0.1482  loss_geometry: 0.1078  correction_scale: 0.1000  loss_coarse: 0.0269  loss_region_consistency: 0.0001  loss_final_boundary: 0.0982  loss_boundary: 0.0524  loss_sdf: 0.0045  grad_norm: 1.6602
2026/09/23 19:51:16 - mmengine - INFO - Iter(train) [34550/40000]  base_lr: 1.0328e-04 lr: 1.0328e-05  eta: 0:51:17  time: 0.5618  data_time: 0.0155  memory: 6634  loss: 0.4878  loss_final: 0.1219  loss_rgb: 0.1081  loss_geometry: 0.0981  correction_scale: 0.1000  loss_coarse: 0.0366  loss_region_consistency: 0.0001  loss_final_boundary: 0.0780  loss_boundary: 0.0411  loss_sdf: 0.0039  grad_norm: 1.8288
2026/09/23 19:51:44 - mmengine - INFO - Iter(train) [34600/40000]  base_lr: 1.0242e-04 lr: 1.0242e-05  eta: 0:50:49  time: 0.5644  data_time: 0.0164  memory: 6634  loss: 0.4174  loss_final: 0.0667  loss_rgb: 0.1021  loss_geometry: 0.1176  correction_scale: 0.1000  loss_coarse: 0.0204  loss_region_consistency: 0.0001  loss_final_boundary: 0.0688  loss_boundary: 0.0371  loss_sdf: 0.0045  grad_norm: 1.9106
2026/09/23 19:52:12 - mmengine - INFO - Iter(train) [34650/40000]  base_lr: 1.0157e-04 lr: 1.0157e-05  eta: 0:50:20  time: 0.5554  data_time: 0.0162  memory: 6634  loss: 0.3794  loss_final: 0.0539  loss_rgb: 0.0981  loss_geometry: 0.1039  correction_scale: 0.1000  loss_coarse: 0.0163  loss_region_consistency: 0.0001  loss_final_boundary: 0.0689  loss_boundary: 0.0361  loss_sdf: 0.0021  grad_norm: 1.8912
2026/09/23 19:52:40 - mmengine - INFO - Iter(train) [34700/40000]  base_lr: 1.0072e-04 lr: 1.0072e-05  eta: 0:49:52  time: 0.5666  data_time: 0.0162  memory: 6634  loss: 0.5493  loss_final: 0.1207  loss_rgb: 0.1472  loss_geometry: 0.1050  correction_scale: 0.1000  loss_coarse: 0.0363  loss_region_consistency: 0.0001  loss_final_boundary: 0.0887  loss_boundary: 0.0472  loss_sdf: 0.0041  grad_norm: 1.7435
2026/09/23 19:53:08 - mmengine - INFO - Iter(train) [34750/40000]  base_lr: 9.9860e-05 lr: 9.9860e-06  eta: 0:49:24  time: 0.5495  data_time: 0.0153  memory: 6634  loss: 0.3951  loss_final: 0.0509  loss_rgb: 0.1073  loss_geometry: 0.1128  correction_scale: 0.1000  loss_coarse: 0.0159  loss_region_consistency: 0.0001  loss_final_boundary: 0.0685  loss_boundary: 0.0366  loss_sdf: 0.0030  grad_norm: 1.5292
2026/09/23 19:53:36 - mmengine - INFO - Iter(train) [34800/40000]  base_lr: 9.9003e-05 lr: 9.9003e-06  eta: 0:48:56  time: 0.5819  data_time: 0.0173  memory: 6634  loss: 0.5100  loss_final: 0.0900  loss_rgb: 0.1425  loss_geometry: 0.1091  correction_scale: 0.1000  loss_coarse: 0.0272  loss_region_consistency: 0.0001  loss_final_boundary: 0.0886  loss_boundary: 0.0473  loss_sdf: 0.0052  grad_norm: 1.4237
2026/09/23 19:54:04 - mmengine - INFO - Iter(train) [34850/40000]  base_lr: 9.8146e-05 lr: 9.8146e-06  eta: 0:48:27  time: 0.5487  data_time: 0.0159  memory: 6634  loss: 0.4650  loss_final: 0.1201  loss_rgb: 0.1032  loss_geometry: 0.1069  correction_scale: 0.1000  loss_coarse: 0.0364  loss_region_consistency: 0.0001  loss_final_boundary: 0.0586  loss_boundary: 0.0364  loss_sdf: 0.0032  grad_norm: 1.1983
2026/09/23 19:54:32 - mmengine - INFO - Iter(train) [34900/40000]  base_lr: 9.7288e-05 lr: 9.7288e-06  eta: 0:47:59  time: 0.5511  data_time: 0.0151  memory: 6634  loss: 0.3245  loss_final: 0.0442  loss_rgb: 0.0795  loss_geometry: 0.0926  correction_scale: 0.1000  loss_coarse: 0.0132  loss_region_consistency: 0.0001  loss_final_boundary: 0.0581  loss_boundary: 0.0348  loss_sdf: 0.0019  grad_norm: 1.1079
2026/09/23 19:55:00 - mmengine - INFO - Iter(train) [34950/40000]  base_lr: 9.6429e-05 lr: 9.6429e-06  eta: 0:47:31  time: 0.5669  data_time: 0.0183  memory: 6634  loss: 0.4559  loss_final: 0.0885  loss_rgb: 0.1222  loss_geometry: 0.0915  correction_scale: 0.1000  loss_coarse: 0.0271  loss_region_consistency: 0.0001  loss_final_boundary: 0.0788  loss_boundary: 0.0420  loss_sdf: 0.0058  grad_norm: 1.6066
2026/09/23 19:55:29 - mmengine - INFO - Exp name: stage3_joint_20260923_120333
2026/09/23 19:55:29 - mmengine - INFO - Iter(train) [35000/40000]  base_lr: 9.5570e-05 lr: 9.5570e-06  eta: 0:47:03  time: 0.5801  data_time: 0.0155  memory: 6634  loss: 0.4343  loss_final: 0.0657  loss_rgb: 0.1268  loss_geometry: 0.0693  correction_scale: 0.1000  loss_coarse: 0.0199  loss_region_consistency: 0.0001  loss_final_boundary: 0.0974  loss_boundary: 0.0512  loss_sdf: 0.0039  grad_norm: 1.4845
2026/09/23 19:55:57 - mmengine - INFO - Iter(train) [35050/40000]  base_lr: 9.4709e-05 lr: 9.4709e-06  eta: 0:46:34  time: 0.5659  data_time: 0.0159  memory: 6634  loss: 0.4185  loss_final: 0.0576  loss_rgb: 0.1140  loss_geometry: 0.0920  correction_scale: 0.1000  loss_coarse: 0.0175  loss_region_consistency: 0.0001  loss_final_boundary: 0.0878  loss_boundary: 0.0464  loss_sdf: 0.0030  grad_norm: 1.5900
2026/09/23 19:56:25 - mmengine - INFO - Iter(train) [35100/40000]  base_lr: 9.3848e-05 lr: 9.3848e-06  eta: 0:46:06  time: 0.5504  data_time: 0.0153  memory: 6634  loss: 0.4289  loss_final: 0.0847  loss_rgb: 0.1188  loss_geometry: 0.0954  correction_scale: 0.1000  loss_coarse: 0.0169  loss_region_consistency: 0.0001  loss_final_boundary: 0.0683  loss_boundary: 0.0414  loss_sdf: 0.0033  grad_norm: 2.7875
2026/09/23 19:56:54 - mmengine - INFO - Iter(train) [35150/40000]  base_lr: 9.2985e-05 lr: 9.2985e-06  eta: 0:45:38  time: 0.5685  data_time: 0.0155  memory: 6634  loss: 0.4144  loss_final: 0.0736  loss_rgb: 0.1150  loss_geometry: 0.0789  correction_scale: 0.1000  loss_coarse: 0.0221  loss_region_consistency: 0.0001  loss_final_boundary: 0.0782  loss_boundary: 0.0414  loss_sdf: 0.0051  grad_norm: 2.6217
2026/09/23 19:57:22 - mmengine - INFO - Iter(train) [35200/40000]  base_lr: 9.2122e-05 lr: 9.2122e-06  eta: 0:45:10  time: 0.5550  data_time: 0.0164  memory: 6634  loss: 0.3809  loss_final: 0.0679  loss_rgb: 0.0892  loss_geometry: 0.1075  correction_scale: 0.1000  loss_coarse: 0.0207  loss_region_consistency: 0.0001  loss_final_boundary: 0.0590  loss_boundary: 0.0315  loss_sdf: 0.0049  grad_norm: 2.0214
2026/09/23 19:57:50 - mmengine - INFO - Iter(train) [35250/40000]  base_lr: 9.1258e-05 lr: 9.1258e-06  eta: 0:44:41  time: 0.5429  data_time: 0.0154  memory: 6634  loss: 0.2828  loss_final: 0.0351  loss_rgb: 0.0641  loss_geometry: 0.0951  correction_scale: 0.1000  loss_coarse: 0.0104  loss_region_consistency: 0.0001  loss_final_boundary: 0.0492  loss_boundary: 0.0265  loss_sdf: 0.0024  grad_norm: 1.6936
2026/09/23 19:58:18 - mmengine - INFO - Iter(train) [35300/40000]  base_lr: 9.0393e-05 lr: 9.0393e-06  eta: 0:44:13  time: 0.5488  data_time: 0.0158  memory: 6634  loss: 0.2897  loss_final: 0.0260  loss_rgb: 0.0694  loss_geometry: 0.1114  correction_scale: 0.1000  loss_coarse: 0.0079  loss_region_consistency: 0.0000  loss_final_boundary: 0.0486  loss_boundary: 0.0253  loss_sdf: 0.0012  grad_norm: 1.5351
2026/09/23 19:58:46 - mmengine - INFO - Iter(train) [35350/40000]  base_lr: 8.9527e-05 lr: 8.9527e-06  eta: 0:43:45  time: 0.5599  data_time: 0.0152  memory: 6634  loss: 0.4347  loss_final: 0.0650  loss_rgb: 0.1188  loss_geometry: 0.1068  correction_scale: 0.1000  loss_coarse: 0.0198  loss_region_consistency: 0.0001  loss_final_boundary: 0.0788  loss_boundary: 0.0421  loss_sdf: 0.0034  grad_norm: 1.4413
2026/09/23 19:59:14 - mmengine - INFO - Iter(train) [35400/40000]  base_lr: 8.8660e-05 lr: 8.8660e-06  eta: 0:43:17  time: 0.5793  data_time: 0.0168  memory: 6634  loss: 0.4704  loss_final: 0.0680  loss_rgb: 0.1387  loss_geometry: 0.1053  correction_scale: 0.1000  loss_coarse: 0.0207  loss_region_consistency: 0.0001  loss_final_boundary: 0.0879  loss_boundary: 0.0464  loss_sdf: 0.0033  grad_norm: 1.4966
2026/09/23 19:59:43 - mmengine - INFO - Iter(train) [35450/40000]  base_lr: 8.7792e-05 lr: 8.7792e-06  eta: 0:42:49  time: 0.5572  data_time: 0.0165  memory: 6634  loss: 0.4061  loss_final: 0.0744  loss_rgb: 0.1027  loss_geometry: 0.0983  correction_scale: 0.1000  loss_coarse: 0.0219  loss_region_consistency: 0.0001  loss_final_boundary: 0.0682  loss_boundary: 0.0358  loss_sdf: 0.0048  grad_norm: 1.3664
2026/09/23 20:00:11 - mmengine - INFO - Iter(train) [35500/40000]  base_lr: 8.6924e-05 lr: 8.6924e-06  eta: 0:42:20  time: 0.5501  data_time: 0.0154  memory: 6634  loss: 0.3420  loss_final: 0.0430  loss_rgb: 0.0904  loss_geometry: 0.1043  correction_scale: 0.1000  loss_coarse: 0.0130  loss_region_consistency: 0.0001  loss_final_boundary: 0.0589  loss_boundary: 0.0304  loss_sdf: 0.0020  grad_norm: 1.4380
2026/09/23 20:00:39 - mmengine - INFO - Iter(train) [35550/40000]  base_lr: 8.6054e-05 lr: 8.6054e-06  eta: 0:41:52  time: 0.5565  data_time: 0.0169  memory: 6634  loss: 0.5207  loss_final: 0.1214  loss_rgb: 0.1439  loss_geometry: 0.0934  correction_scale: 0.1000  loss_coarse: 0.0359  loss_region_consistency: 0.0001  loss_final_boundary: 0.0787  loss_boundary: 0.0413  loss_sdf: 0.0060  grad_norm: 1.4723
2026/09/23 20:01:07 - mmengine - INFO - Iter(train) [35600/40000]  base_lr: 8.5183e-05 lr: 8.5183e-06  eta: 0:41:24  time: 0.5815  data_time: 0.0159  memory: 6634  loss: 0.4872  loss_final: 0.0610  loss_rgb: 0.1595  loss_geometry: 0.0959  correction_scale: 0.1000  loss_coarse: 0.0197  loss_region_consistency: 0.0001  loss_final_boundary: 0.0967  loss_boundary: 0.0509  loss_sdf: 0.0035  grad_norm: 1.5146
2026/09/23 20:01:36 - mmengine - INFO - Iter(train) [35650/40000]  base_lr: 8.4312e-05 lr: 8.4312e-06  eta: 0:40:56  time: 0.5653  data_time: 0.0153  memory: 6634  loss: 0.5710  loss_final: 0.1159  loss_rgb: 0.1474  loss_geometry: 0.1171  correction_scale: 0.1000  loss_coarse: 0.0329  loss_region_consistency: 0.0001  loss_final_boundary: 0.0981  loss_boundary: 0.0518  loss_sdf: 0.0077  grad_norm: 1.3827
2026/09/23 20:02:04 - mmengine - INFO - Iter(train) [35700/40000]  base_lr: 8.3439e-05 lr: 8.3439e-06  eta: 0:40:27  time: 0.5600  data_time: 0.0163  memory: 6634  loss: 0.4798  loss_final: 0.0824  loss_rgb: 0.1363  loss_geometry: 0.0959  correction_scale: 0.1000  loss_coarse: 0.0253  loss_region_consistency: 0.0001  loss_final_boundary: 0.0884  loss_boundary: 0.0467  loss_sdf: 0.0047  grad_norm: 1.7577
2026/09/23 20:02:32 - mmengine - INFO - Iter(train) [35750/40000]  base_lr: 8.2565e-05 lr: 8.2565e-06  eta: 0:39:59  time: 0.5586  data_time: 0.0159  memory: 6634  loss: 0.4466  loss_final: 0.0707  loss_rgb: 0.1245  loss_geometry: 0.1066  correction_scale: 0.1000  loss_coarse: 0.0215  loss_region_consistency: 0.0001  loss_final_boundary: 0.0782  loss_boundary: 0.0413  loss_sdf: 0.0038  grad_norm: 1.3396
2026/09/23 20:03:00 - mmengine - INFO - Iter(train) [35800/40000]  base_lr: 8.1690e-05 lr: 8.1690e-06  eta: 0:39:31  time: 0.5769  data_time: 0.0158  memory: 6634  loss: 0.5668  loss_final: 0.1435  loss_rgb: 0.1397  loss_geometry: 0.1000  correction_scale: 0.1000  loss_coarse: 0.0428  loss_region_consistency: 0.0001  loss_final_boundary: 0.0878  loss_boundary: 0.0466  loss_sdf: 0.0063  grad_norm: 1.2010
2026/09/23 20:03:28 - mmengine - INFO - Iter(train) [35850/40000]  base_lr: 8.0815e-05 lr: 8.0815e-06  eta: 0:39:03  time: 0.5619  data_time: 0.0176  memory: 6634  loss: 0.4128  loss_final: 0.0542  loss_rgb: 0.1251  loss_geometry: 0.0939  correction_scale: 0.1000  loss_coarse: 0.0167  loss_region_consistency: 0.0001  loss_final_boundary: 0.0784  loss_boundary: 0.0409  loss_sdf: 0.0034  grad_norm: 1.4047
2026/09/23 20:03:57 - mmengine - INFO - Iter(train) [35900/40000]  base_lr: 7.9938e-05 lr: 7.9938e-06  eta: 0:38:34  time: 0.5533  data_time: 0.0166  memory: 6634  loss: 0.4083  loss_final: 0.0554  loss_rgb: 0.1245  loss_geometry: 0.1035  correction_scale: 0.1000  loss_coarse: 0.0166  loss_region_consistency: 0.0001  loss_final_boundary: 0.0687  loss_boundary: 0.0365  loss_sdf: 0.0029  grad_norm: 1.8287
2026/09/23 20:04:25 - mmengine - INFO - Iter(train) [35950/40000]  base_lr: 7.9060e-05 lr: 7.9060e-06  eta: 0:38:06  time: 0.5669  data_time: 0.0161  memory: 6634  loss: 0.4887  loss_final: 0.0711  loss_rgb: 0.1386  loss_geometry: 0.1048  correction_scale: 0.1000  loss_coarse: 0.0214  loss_region_consistency: 0.0001  loss_final_boundary: 0.0980  loss_boundary: 0.0513  loss_sdf: 0.0034  grad_norm: 1.5815
2026/09/23 20:04:53 - mmengine - INFO - Exp name: stage3_joint_20260923_120333
2026/09/23 20:04:53 - mmengine - INFO - Iter(train) [36000/40000]  base_lr: 7.8181e-05 lr: 7.8181e-06  eta: 0:37:38  time: 0.5689  data_time: 0.0178  memory: 6634  loss: 0.4280  loss_final: 0.0836  loss_rgb: 0.1152  loss_geometry: 0.0962  correction_scale: 0.1000  loss_coarse: 0.0244  loss_region_consistency: 0.0001  loss_final_boundary: 0.0686  loss_boundary: 0.0356  loss_sdf: 0.0042  grad_norm: 1.3271
2026/09/23 20:04:53 - mmengine - INFO - Saving checkpoint at 36000 iterations
2026/09/23 20:05:59 - mmengine - INFO - Iter(val) [ 50/304]    eta: 0:05:25  time: 1.2685  data_time: 0.0204  memory: 1189  
2026/09/23 20:07:28 - mmengine - INFO - Iter(val) [100/304]    eta: 0:05:11  time: 1.7395  data_time: 0.0202  memory: 1189  
2026/09/23 20:08:52 - mmengine - INFO - Iter(val) [150/304]    eta: 0:04:03  time: 1.6611  data_time: 0.0205  memory: 1189  
2026/09/23 20:10:15 - mmengine - INFO - Iter(val) [200/304]    eta: 0:02:46  time: 1.6517  data_time: 0.0203  memory: 1189  
2026/09/23 20:11:37 - mmengine - INFO - Iter(val) [250/304]    eta: 0:01:26  time: 1.6532  data_time: 0.0210  memory: 1189  
2026/09/23 20:12:58 - mmengine - INFO - Iter(val) [300/304]    eta: 0:00:06  time: 1.6055  data_time: 0.0205  memory: 1189  
2026/09/23 20:13:05 - mmengine - INFO - per class results:
2026/09/23 20:13:05 - mmengine - INFO - 
+------------------+-------+-------+-------+--------+-----------+--------+
|      Class       |  IoU  |  Acc  |  Dice | Fscore | Precision | Recall |
+------------------+-------+-------+-------+--------+-----------+--------+
|    background    | 97.71 | 98.48 | 98.84 | 98.84  |   99.21   | 98.48  |
| wastewater_plant |  77.7 | 91.15 | 87.45 | 87.45  |   84.04   | 91.15  |
+------------------+-------+-------+-------+--------+-----------+--------+
2026/09/23 20:13:05 - mmengine - INFO - Iter(val) [304/304]    aAcc: 97.8800  mIoU: 87.7100  mAcc: 94.8100  mDice: 93.1500  mFscore: 93.1500  mPrecision: 91.6300  mRecall: 94.8100  binary/Foreground_IoU: 77.6998  binary/Dice: 87.4506  binary/F1: 87.4506  binary/Precision: 84.0425  binary/Recall: 91.1468  binary/Boundary_F1: 16.4366  binary/BFScore: 16.4366  binary/Boundary_Precision: 13.8588  binary/Boundary_Recall: 20.1926  binary/Hausdorff_px: 361.7724  binary/HD95_px: 257.9595  binary/Hausdorff_m: 180.8862  binary/HD95_m: 128.9798  data_time: 0.0225  time: 1.6129
2026/09/23 20:13:34 - mmengine - INFO - Iter(train) [36050/40000]  base_lr: 7.7301e-05 lr: 7.7301e-06  eta: 0:37:10  time: 0.5800  data_time: 0.0179  memory: 6634  loss: 0.5981  loss_final: 0.1360  loss_rgb: 0.1486  loss_geometry: 0.1164  correction_scale: 0.1000  loss_coarse: 0.0403  loss_region_consistency: 0.0001  loss_final_boundary: 0.0982  loss_boundary: 0.0523  loss_sdf: 0.0060  grad_norm: 1.2777
2026/09/23 20:14:02 - mmengine - INFO - Iter(train) [36100/40000]  base_lr: 7.6420e-05 lr: 7.6420e-06  eta: 0:36:42  time: 0.5845  data_time: 0.0178  memory: 6634  loss: 0.4646  loss_final: 0.0718  loss_rgb: 0.1287  loss_geometry: 0.1019  correction_scale: 0.1000  loss_coarse: 0.0216  loss_region_consistency: 0.0001  loss_final_boundary: 0.0884  loss_boundary: 0.0476  loss_sdf: 0.0045  grad_norm: 1.8306
2026/09/23 20:14:30 - mmengine - INFO - Iter(train) [36150/40000]  base_lr: 7.5537e-05 lr: 7.5537e-06  eta: 0:36:13  time: 0.5684  data_time: 0.0157  memory: 6634  loss: 0.4480  loss_final: 0.0761  loss_rgb: 0.1248  loss_geometry: 0.0848  correction_scale: 0.1000  loss_coarse: 0.0231  loss_region_consistency: 0.0001  loss_final_boundary: 0.0884  loss_boundary: 0.0471  loss_sdf: 0.0036  grad_norm: 1.9071
2026/09/23 20:14:59 - mmengine - INFO - Iter(train) [36200/40000]  base_lr: 7.4654e-05 lr: 7.4654e-06  eta: 0:35:45  time: 0.5758  data_time: 0.0162  memory: 6634  loss: 0.4204  loss_final: 0.0573  loss_rgb: 0.1241  loss_geometry: 0.0978  correction_scale: 0.1000  loss_coarse: 0.0175  loss_region_consistency: 0.0001  loss_final_boundary: 0.0787  loss_boundary: 0.0415  loss_sdf: 0.0033  grad_norm: 1.5399
2026/09/23 20:15:27 - mmengine - INFO - Iter(train) [36250/40000]  base_lr: 7.3769e-05 lr: 7.3769e-06  eta: 0:35:17  time: 0.5645  data_time: 0.0160  memory: 6634  loss: 0.4725  loss_final: 0.0679  loss_rgb: 0.1337  loss_geometry: 0.1116  correction_scale: 0.1000  loss_coarse: 0.0208  loss_region_consistency: 0.0001  loss_final_boundary: 0.0881  loss_boundary: 0.0466  loss_sdf: 0.0037  grad_norm: 1.3829
2026/09/23 20:15:55 - mmengine - INFO - Iter(train) [36300/40000]  base_lr: 7.2883e-05 lr: 7.2883e-06  eta: 0:34:49  time: 0.5673  data_time: 0.0166  memory: 6634  loss: 0.5682  loss_final: 0.1545  loss_rgb: 0.1324  loss_geometry: 0.1092  correction_scale: 0.1000  loss_coarse: 0.0458  loss_region_consistency: 0.0001  loss_final_boundary: 0.0788  loss_boundary: 0.0415  loss_sdf: 0.0059  grad_norm: 2.1335
2026/09/23 20:16:24 - mmengine - INFO - Iter(train) [36350/40000]  base_lr: 7.1996e-05 lr: 7.1996e-06  eta: 0:34:20  time: 0.5638  data_time: 0.0173  memory: 6634  loss: 0.3574  loss_final: 0.0424  loss_rgb: 0.1044  loss_geometry: 0.0731  correction_scale: 0.1000  loss_coarse: 0.0129  loss_region_consistency: 0.0001  loss_final_boundary: 0.0777  loss_boundary: 0.0451  loss_sdf: 0.0017  grad_norm: 1.7806
2026/09/23 20:16:52 - mmengine - INFO - Iter(train) [36400/40000]  base_lr: 7.1108e-05 lr: 7.1108e-06  eta: 0:33:52  time: 0.5704  data_time: 0.0157  memory: 6634  loss: 0.5013  loss_final: 0.0884  loss_rgb: 0.1523  loss_geometry: 0.0944  correction_scale: 0.1000  loss_coarse: 0.0268  loss_region_consistency: 0.0001  loss_final_boundary: 0.0882  loss_boundary: 0.0469  loss_sdf: 0.0041  grad_norm: 1.2958
2026/09/23 20:17:21 - mmengine - INFO - Iter(train) [36450/40000]  base_lr: 7.0219e-05 lr: 7.0219e-06  eta: 0:33:24  time: 0.5685  data_time: 0.0166  memory: 6634  loss: 0.4960  loss_final: 0.0927  loss_rgb: 0.1419  loss_geometry: 0.0795  correction_scale: 0.1000  loss_coarse: 0.0279  loss_region_consistency: 0.0001  loss_final_boundary: 0.0979  loss_boundary: 0.0517  loss_sdf: 0.0045  grad_norm: 1.6921
2026/09/23 20:17:49 - mmengine - INFO - Iter(train) [36500/40000]  base_lr: 6.9328e-05 lr: 6.9328e-06  eta: 0:32:56  time: 0.5595  data_time: 0.0164  memory: 6634  loss: 0.4548  loss_final: 0.0699  loss_rgb: 0.1251  loss_geometry: 0.0995  correction_scale: 0.1000  loss_coarse: 0.0217  loss_region_consistency: 0.0001  loss_final_boundary: 0.0887  loss_boundary: 0.0467  loss_sdf: 0.0031  grad_norm: 1.6918
2026/09/23 20:18:17 - mmengine - INFO - Iter(train) [36550/40000]  base_lr: 6.8436e-05 lr: 6.8436e-06  eta: 0:32:28  time: 0.5611  data_time: 0.0160  memory: 6634  loss: 0.4029  loss_final: 0.0592  loss_rgb: 0.1163  loss_geometry: 0.0838  correction_scale: 0.1000  loss_coarse: 0.0180  loss_region_consistency: 0.0001  loss_final_boundary: 0.0787  loss_boundary: 0.0427  loss_sdf: 0.0041  grad_norm: 1.5037
2026/09/23 20:18:46 - mmengine - INFO - Iter(train) [36600/40000]  base_lr: 6.7543e-05 lr: 6.7543e-06  eta: 0:31:59  time: 0.5720  data_time: 0.0153  memory: 6634  loss: 0.4864  loss_final: 0.1064  loss_rgb: 0.1238  loss_geometry: 0.0986  correction_scale: 0.1000  loss_coarse: 0.0312  loss_region_consistency: 0.0001  loss_final_boundary: 0.0787  loss_boundary: 0.0419  loss_sdf: 0.0058  grad_norm: 1.6709
2026/09/23 20:19:14 - mmengine - INFO - Iter(train) [36650/40000]  base_lr: 6.6648e-05 lr: 6.6648e-06  eta: 0:31:31  time: 0.5503  data_time: 0.0159  memory: 6634  loss: 0.3609  loss_final: 0.0643  loss_rgb: 0.0826  loss_geometry: 0.1015  correction_scale: 0.1000  loss_coarse: 0.0188  loss_region_consistency: 0.0001  loss_final_boundary: 0.0588  loss_boundary: 0.0312  loss_sdf: 0.0037  grad_norm: 1.7429
2026/09/23 20:19:42 - mmengine - INFO - Iter(train) [36700/40000]  base_lr: 6.5752e-05 lr: 6.5752e-06  eta: 0:31:03  time: 0.5677  data_time: 0.0155  memory: 6634  loss: 0.6263  loss_final: 0.1702  loss_rgb: 0.1525  loss_geometry: 0.0948  correction_scale: 0.1000  loss_coarse: 0.0512  loss_region_consistency: 0.0001  loss_final_boundary: 0.0988  loss_boundary: 0.0523  loss_sdf: 0.0062  grad_norm: 1.6184
2026/09/23 20:20:11 - mmengine - INFO - Iter(train) [36750/40000]  base_lr: 6.4855e-05 lr: 6.4855e-06  eta: 0:30:35  time: 0.5711  data_time: 0.0162  memory: 6634  loss: 0.5263  loss_final: 0.1186  loss_rgb: 0.1287  loss_geometry: 0.1012  correction_scale: 0.1000  loss_coarse: 0.0354  loss_region_consistency: 0.0001  loss_final_boundary: 0.0888  loss_boundary: 0.0474  loss_sdf: 0.0061  grad_norm: 1.7239
2026/09/23 20:20:39 - mmengine - INFO - Iter(train) [36800/40000]  base_lr: 6.3956e-05 lr: 6.3956e-06  eta: 0:30:06  time: 0.5767  data_time: 0.0171  memory: 6634  loss: 0.5403  loss_final: 0.1036  loss_rgb: 0.1446  loss_geometry: 0.1046  correction_scale: 0.1000  loss_coarse: 0.0317  loss_region_consistency: 0.0001  loss_final_boundary: 0.0982  loss_boundary: 0.0521  loss_sdf: 0.0054  grad_norm: 2.9466
2026/09/23 20:21:07 - mmengine - INFO - Iter(train) [36850/40000]  base_lr: 6.3056e-05 lr: 6.3056e-06  eta: 0:29:38  time: 0.5631  data_time: 0.0160  memory: 6634  loss: 0.4007  loss_final: 0.0527  loss_rgb: 0.1207  loss_geometry: 0.0885  correction_scale: 0.1000  loss_coarse: 0.0165  loss_region_consistency: 0.0001  loss_final_boundary: 0.0783  loss_boundary: 0.0410  loss_sdf: 0.0028  grad_norm: 1.4040
2026/09/23 20:21:35 - mmengine - INFO - Iter(train) [36900/40000]  base_lr: 6.2154e-05 lr: 6.2154e-06  eta: 0:29:10  time: 0.5673  data_time: 0.0167  memory: 6634  loss: 0.6241  loss_final: 0.1776  loss_rgb: 0.1451  loss_geometry: 0.1058  correction_scale: 0.1000  loss_coarse: 0.0524  loss_region_consistency: 0.0001  loss_final_boundary: 0.0887  loss_boundary: 0.0471  loss_sdf: 0.0073  grad_norm: 1.9702
2026/09/23 20:22:04 - mmengine - INFO - Iter(train) [36950/40000]  base_lr: 6.1251e-05 lr: 6.1251e-06  eta: 0:28:42  time: 0.5610  data_time: 0.0161  memory: 6634  loss: 0.4542  loss_final: 0.0844  loss_rgb: 0.1130  loss_geometry: 0.1073  correction_scale: 0.1000  loss_coarse: 0.0248  loss_region_consistency: 0.0001  loss_final_boundary: 0.0785  loss_boundary: 0.0417  loss_sdf: 0.0045  grad_norm: 1.9038
2026/09/23 20:22:32 - mmengine - INFO - Exp name: stage3_joint_20260923_120333
2026/09/23 20:22:32 - mmengine - INFO - Iter(train) [37000/40000]  base_lr: 6.0347e-05 lr: 6.0347e-06  eta: 0:28:14  time: 0.5751  data_time: 0.0163  memory: 6634  loss: 0.3899  loss_final: 0.0579  loss_rgb: 0.0989  loss_geometry: 0.1068  correction_scale: 0.1000  loss_coarse: 0.0175  loss_region_consistency: 0.0001  loss_final_boundary: 0.0689  loss_boundary: 0.0367  loss_sdf: 0.0031  grad_norm: 1.4770
2026/09/23 20:23:00 - mmengine - INFO - Iter(train) [37050/40000]  base_lr: 5.9441e-05 lr: 5.9441e-06  eta: 0:27:45  time: 0.5755  data_time: 0.0153  memory: 6634  loss: 0.4061  loss_final: 0.0669  loss_rgb: 0.1078  loss_geometry: 0.0873  correction_scale: 0.1000  loss_coarse: 0.0202  loss_region_consistency: 0.0001  loss_final_boundary: 0.0785  loss_boundary: 0.0414  loss_sdf: 0.0040  grad_norm: 1.1093
2026/09/23 20:23:29 - mmengine - INFO - Iter(train) [37100/40000]  base_lr: 5.8534e-05 lr: 5.8534e-06  eta: 0:27:17  time: 0.5662  data_time: 0.0164  memory: 6634  loss: 0.4811  loss_final: 0.0857  loss_rgb: 0.1307  loss_geometry: 0.1004  correction_scale: 0.1000  loss_coarse: 0.0261  loss_region_consistency: 0.0001  loss_final_boundary: 0.0882  loss_boundary: 0.0456  loss_sdf: 0.0042  grad_norm: 1.5680
2026/09/23 20:23:57 - mmengine - INFO - Iter(train) [37150/40000]  base_lr: 5.7624e-05 lr: 5.7624e-06  eta: 0:26:49  time: 0.5579  data_time: 0.0164  memory: 6634  loss: 0.3778  loss_final: 0.0496  loss_rgb: 0.1083  loss_geometry: 0.0971  correction_scale: 0.1000  loss_coarse: 0.0150  loss_region_consistency: 0.0001  loss_final_boundary: 0.0687  loss_boundary: 0.0364  loss_sdf: 0.0026  grad_norm: 1.4576
2026/09/23 20:24:26 - mmengine - INFO - Iter(train) [37200/40000]  base_lr: 5.6714e-05 lr: 5.6714e-06  eta: 0:26:21  time: 0.5795  data_time: 0.0170  memory: 6634  loss: 0.4761  loss_final: 0.0797  loss_rgb: 0.1328  loss_geometry: 0.1010  correction_scale: 0.1000  loss_coarse: 0.0247  loss_region_consistency: 0.0001  loss_final_boundary: 0.0879  loss_boundary: 0.0459  loss_sdf: 0.0039  grad_norm: 1.4094
2026/09/23 20:24:54 - mmengine - INFO - Iter(train) [37250/40000]  base_lr: 5.5802e-05 lr: 5.5802e-06  eta: 0:25:52  time: 0.5603  data_time: 0.0159  memory: 6634  loss: 0.3455  loss_final: 0.0366  loss_rgb: 0.0950  loss_geometry: 0.0963  correction_scale: 0.1000  loss_coarse: 0.0114  loss_region_consistency: 0.0001  loss_final_boundary: 0.0680  loss_boundary: 0.0360  loss_sdf: 0.0021  grad_norm: 1.3987
2026/09/23 20:25:22 - mmengine - INFO - Iter(train) [37300/40000]  base_lr: 5.4888e-05 lr: 5.4888e-06  eta: 0:25:24  time: 0.5566  data_time: 0.0175  memory: 6634  loss: 0.3618  loss_final: 0.0560  loss_rgb: 0.0933  loss_geometry: 0.1031  correction_scale: 0.1000  loss_coarse: 0.0172  loss_region_consistency: 0.0001  loss_final_boundary: 0.0590  loss_boundary: 0.0304  loss_sdf: 0.0027  grad_norm: 1.4941
2026/09/23 20:25:51 - mmengine - INFO - Iter(train) [37350/40000]  base_lr: 5.3972e-05 lr: 5.3972e-06  eta: 0:24:56  time: 0.5637  data_time: 0.0157  memory: 6634  loss: 0.4993  loss_final: 0.1029  loss_rgb: 0.1335  loss_geometry: 0.1037  correction_scale: 0.1000  loss_coarse: 0.0297  loss_region_consistency: 0.0001  loss_final_boundary: 0.0781  loss_boundary: 0.0458  loss_sdf: 0.0056  grad_norm: 1.7136
2026/09/23 20:26:19 - mmengine - INFO - Iter(train) [37400/40000]  base_lr: 5.3055e-05 lr: 5.3055e-06  eta: 0:24:28  time: 0.5799  data_time: 0.0168  memory: 6634  loss: 0.5658  loss_final: 0.1301  loss_rgb: 0.1512  loss_geometry: 0.1031  correction_scale: 0.1000  loss_coarse: 0.0388  loss_region_consistency: 0.0001  loss_final_boundary: 0.0883  loss_boundary: 0.0476  loss_sdf: 0.0067  grad_norm: 2.0836
2026/09/23 20:26:47 - mmengine - INFO - Iter(train) [37450/40000]  base_lr: 5.2135e-05 lr: 5.2135e-06  eta: 0:24:00  time: 0.5622  data_time: 0.0165  memory: 6634  loss: 0.5388  loss_final: 0.1169  loss_rgb: 0.1456  loss_geometry: 0.1011  correction_scale: 0.1000  loss_coarse: 0.0344  loss_region_consistency: 0.0001  loss_final_boundary: 0.0885  loss_boundary: 0.0468  loss_sdf: 0.0054  grad_norm: 1.5378
2026/09/23 20:27:16 - mmengine - INFO - Iter(train) [37500/40000]  base_lr: 5.1214e-05 lr: 5.1214e-06  eta: 0:23:31  time: 0.5573  data_time: 0.0171  memory: 6634  loss: 0.3330  loss_final: 0.0436  loss_rgb: 0.0907  loss_geometry: 0.0911  correction_scale: 0.1000  loss_coarse: 0.0141  loss_region_consistency: 0.0001  loss_final_boundary: 0.0591  loss_boundary: 0.0316  loss_sdf: 0.0028  grad_norm: 1.3882
2026/09/23 20:27:44 - mmengine - INFO - Iter(train) [37550/40000]  base_lr: 5.0292e-05 lr: 5.0292e-06  eta: 0:23:03  time: 0.5637  data_time: 0.0174  memory: 6634  loss: 0.4130  loss_final: 0.0539  loss_rgb: 0.1225  loss_geometry: 0.0976  correction_scale: 0.1000  loss_coarse: 0.0164  loss_region_consistency: 0.0001  loss_final_boundary: 0.0783  loss_boundary: 0.0416  loss_sdf: 0.0027  grad_norm: 1.5084
2026/09/23 20:28:12 - mmengine - INFO - Iter(train) [37600/40000]  base_lr: 4.9367e-05 lr: 4.9367e-06  eta: 0:22:35  time: 0.5712  data_time: 0.0157  memory: 6634  loss: 0.3859  loss_final: 0.0602  loss_rgb: 0.1044  loss_geometry: 0.0947  correction_scale: 0.1000  loss_coarse: 0.0187  loss_region_consistency: 0.0001  loss_final_boundary: 0.0682  loss_boundary: 0.0362  loss_sdf: 0.0035  grad_norm: 1.4392
2026/09/23 20:28:41 - mmengine - INFO - Iter(train) [37650/40000]  base_lr: 4.8440e-05 lr: 4.8440e-06  eta: 0:22:07  time: 0.5647  data_time: 0.0161  memory: 6634  loss: 0.4812  loss_final: 0.0935  loss_rgb: 0.1184  loss_geometry: 0.1166  correction_scale: 0.1000  loss_coarse: 0.0274  loss_region_consistency: 0.0001  loss_final_boundary: 0.0787  loss_boundary: 0.0412  loss_sdf: 0.0053  grad_norm: 1.4927
2026/09/23 20:29:09 - mmengine - INFO - Iter(train) [37700/40000]  base_lr: 4.7512e-05 lr: 4.7512e-06  eta: 0:21:38  time: 0.5546  data_time: 0.0158  memory: 6634  loss: 0.3501  loss_final: 0.0434  loss_rgb: 0.0964  loss_geometry: 0.0902  correction_scale: 0.1000  loss_coarse: 0.0136  loss_region_consistency: 0.0001  loss_final_boundary: 0.0685  loss_boundary: 0.0355  loss_sdf: 0.0025  grad_norm: 1.4025
2026/09/23 20:29:37 - mmengine - INFO - Iter(train) [37750/40000]  base_lr: 4.6581e-05 lr: 4.6581e-06  eta: 0:21:10  time: 0.5588  data_time: 0.0161  memory: 6634  loss: 0.4114  loss_final: 0.0547  loss_rgb: 0.1090  loss_geometry: 0.1070  correction_scale: 0.1000  loss_coarse: 0.0174  loss_region_consistency: 0.0001  loss_final_boundary: 0.0785  loss_boundary: 0.0415  loss_sdf: 0.0033  grad_norm: 2.0304
2026/09/23 20:30:05 - mmengine - INFO - Iter(train) [37800/40000]  base_lr: 4.5649e-05 lr: 4.5649e-06  eta: 0:20:42  time: 0.5673  data_time: 0.0152  memory: 6634  loss: 0.4427  loss_final: 0.0716  loss_rgb: 0.1229  loss_geometry: 0.1002  correction_scale: 0.1000  loss_coarse: 0.0230  loss_region_consistency: 0.0001  loss_final_boundary: 0.0783  loss_boundary: 0.0419  loss_sdf: 0.0046  grad_norm: 1.6566
2026/09/23 20:30:33 - mmengine - INFO - Iter(train) [37850/40000]  base_lr: 4.4714e-05 lr: 4.4714e-06  eta: 0:20:14  time: 0.5634  data_time: 0.0156  memory: 6634  loss: 0.5206  loss_final: 0.0899  loss_rgb: 0.1453  loss_geometry: 0.1202  correction_scale: 0.1000  loss_coarse: 0.0275  loss_region_consistency: 0.0001  loss_final_boundary: 0.0876  loss_boundary: 0.0468  loss_sdf: 0.0031  grad_norm: 1.3982
2026/09/23 20:31:02 - mmengine - INFO - Iter(train) [37900/40000]  base_lr: 4.3777e-05 lr: 4.3777e-06  eta: 0:19:45  time: 0.5701  data_time: 0.0172  memory: 6634  loss: 0.5412  loss_final: 0.1004  loss_rgb: 0.1610  loss_geometry: 0.0933  correction_scale: 0.1000  loss_coarse: 0.0311  loss_region_consistency: 0.0002  loss_final_boundary: 0.0976  loss_boundary: 0.0513  loss_sdf: 0.0062  grad_norm: 1.8645
2026/09/23 20:31:30 - mmengine - INFO - Iter(train) [37950/40000]  base_lr: 4.2838e-05 lr: 4.2838e-06  eta: 0:19:17  time: 0.5703  data_time: 0.0165  memory: 6634  loss: 0.5037  loss_final: 0.0943  loss_rgb: 0.1439  loss_geometry: 0.0838  correction_scale: 0.1000  loss_coarse: 0.0282  loss_region_consistency: 0.0001  loss_final_boundary: 0.0984  loss_boundary: 0.0512  loss_sdf: 0.0037  grad_norm: 1.5383
2026/09/23 20:31:58 - mmengine - INFO - Exp name: stage3_joint_20260923_120333
2026/09/23 20:31:58 - mmengine - INFO - Iter(train) [38000/40000]  base_lr: 4.1896e-05 lr: 4.1896e-06  eta: 0:18:49  time: 0.5691  data_time: 0.0157  memory: 6634  loss: 0.4838  loss_final: 0.0741  loss_rgb: 0.1334  loss_geometry: 0.1132  correction_scale: 0.1000  loss_coarse: 0.0227  loss_region_consistency: 0.0001  loss_final_boundary: 0.0886  loss_boundary: 0.0473  loss_sdf: 0.0043  grad_norm: 1.1615
2026/09/23 20:31:58 - mmengine - INFO - Saving checkpoint at 38000 iterations
2026/09/23 20:33:04 - mmengine - INFO - Iter(val) [ 50/304]    eta: 0:05:25  time: 1.2695  data_time: 0.0203  memory: 1189  
2026/09/23 20:34:32 - mmengine - INFO - Iter(val) [100/304]    eta: 0:05:08  time: 1.7080  data_time: 0.0204  memory: 1189  
2026/09/23 20:35:55 - mmengine - INFO - Iter(val) [150/304]    eta: 0:04:01  time: 1.6442  data_time: 0.0212  memory: 1189  
2026/09/23 20:37:17 - mmengine - INFO - Iter(val) [200/304]    eta: 0:02:44  time: 1.6512  data_time: 0.0222  memory: 1189  
2026/09/23 20:38:39 - mmengine - INFO - Iter(val) [250/304]    eta: 0:01:26  time: 1.6429  data_time: 0.0218  memory: 1189  
2026/09/23 20:39:59 - mmengine - INFO - Iter(val) [300/304]    eta: 0:00:06  time: 1.6042  data_time: 0.0198  memory: 1189  
2026/09/23 20:40:05 - mmengine - INFO - per class results:
2026/09/23 20:40:05 - mmengine - INFO - 
+------------------+-------+-------+-------+--------+-----------+--------+
|      Class       |  IoU  |  Acc  |  Dice | Fscore | Precision | Recall |
+------------------+-------+-------+-------+--------+-----------+--------+
|    background    |  97.8 | 98.57 | 98.89 | 98.89  |   99.21   | 98.57  |
| wastewater_plant | 78.33 | 91.04 | 87.85 | 87.85  |   84.87   | 91.04  |
+------------------+-------+-------+-------+--------+-----------+--------+
2026/09/23 20:40:05 - mmengine - INFO - Iter(val) [304/304]    aAcc: 97.9600  mIoU: 88.0700  mAcc: 94.8100  mDice: 93.3700  mFscore: 93.3700  mPrecision: 92.0400  mRecall: 94.8100  binary/Foreground_IoU: 78.3314  binary/Dice: 87.8492  binary/F1: 87.8492  binary/Precision: 84.8726  binary/Recall: 91.0423  binary/Boundary_F1: 16.6102  binary/BFScore: 16.6102  binary/Boundary_Precision: 14.1589  binary/Boundary_Recall: 20.0879  binary/Hausdorff_px: 345.0524  binary/HD95_px: 244.2464  binary/Hausdorff_m: 172.5262  binary/HD95_m: 122.1232  data_time: 0.0228  time: 1.5970
2026/09/23 20:40:05 - mmengine - INFO - The previous best checkpoint /workspace/work_dirs/rpgv_v2_paper_reuse/paper_reuse/seed_42/no_rgr/stage3_joint/best_binary_Foreground_IoU_iter_34000.pth is removed
2026/09/23 20:40:07 - mmengine - INFO - The best checkpoint with 78.3314 binary/Foreground_IoU at 38000 iter is saved to best_binary_Foreground_IoU_iter_38000.pth.
2026/09/23 20:40:38 - mmengine - INFO - Iter(train) [38050/40000]  base_lr: 4.0952e-05 lr: 4.0952e-06  eta: 0:18:21  time: 0.5687  data_time: 0.0160  memory: 6634  loss: 0.5860  loss_final: 0.1211  loss_rgb: 0.1629  loss_geometry: 0.1081  correction_scale: 0.1000  loss_coarse: 0.0366  loss_region_consistency: 0.0001  loss_final_boundary: 0.0990  loss_boundary: 0.0523  loss_sdf: 0.0060  grad_norm: 1.4924
2026/09/23 20:41:06 - mmengine - INFO - Iter(train) [38100/40000]  base_lr: 4.0006e-05 lr: 4.0006e-06  eta: 0:17:53  time: 0.5667  data_time: 0.0157  memory: 6634  loss: 0.4929  loss_final: 0.0654  loss_rgb: 0.1498  loss_geometry: 0.1045  correction_scale: 0.1000  loss_coarse: 0.0200  loss_region_consistency: 0.0001  loss_final_boundary: 0.0973  loss_boundary: 0.0522  loss_sdf: 0.0036  grad_norm: 1.8369
2026/09/23 20:41:34 - mmengine - INFO - Iter(train) [38150/40000]  base_lr: 3.9057e-05 lr: 3.9057e-06  eta: 0:17:24  time: 0.5690  data_time: 0.0164  memory: 6634  loss: 0.5047  loss_final: 0.0874  loss_rgb: 0.1457  loss_geometry: 0.0899  correction_scale: 0.1000  loss_coarse: 0.0265  loss_region_consistency: 0.0001  loss_final_boundary: 0.0983  loss_boundary: 0.0521  loss_sdf: 0.0047  grad_norm: 1.8641
2026/09/23 20:42:03 - mmengine - INFO - Iter(train) [38200/40000]  base_lr: 3.8106e-05 lr: 3.8106e-06  eta: 0:16:56  time: 0.5673  data_time: 0.0152  memory: 6634  loss: 0.3752  loss_final: 0.0751  loss_rgb: 0.0864  loss_geometry: 0.1008  correction_scale: 0.1000  loss_coarse: 0.0227  loss_region_consistency: 0.0000  loss_final_boundary: 0.0584  loss_boundary: 0.0305  loss_sdf: 0.0013  grad_norm: 1.5146
2026/09/23 20:42:31 - mmengine - INFO - Iter(train) [38250/40000]  base_lr: 3.7152e-05 lr: 3.7152e-06  eta: 0:16:28  time: 0.5605  data_time: 0.0159  memory: 6634  loss: 0.4960  loss_final: 0.0889  loss_rgb: 0.1469  loss_geometry: 0.0939  correction_scale: 0.1000  loss_coarse: 0.0279  loss_region_consistency: 0.0001  loss_final_boundary: 0.0884  loss_boundary: 0.0462  loss_sdf: 0.0038  grad_norm: 1.5212
2026/09/23 20:42:59 - mmengine - INFO - Iter(train) [38300/40000]  base_lr: 3.6195e-05 lr: 3.6195e-06  eta: 0:16:00  time: 0.5549  data_time: 0.0153  memory: 6634  loss: 0.4194  loss_final: 0.0613  loss_rgb: 0.1165  loss_geometry: 0.0948  correction_scale: 0.1000  loss_coarse: 0.0192  loss_region_consistency: 0.0001  loss_final_boundary: 0.0780  loss_boundary: 0.0465  loss_sdf: 0.0030  grad_norm: 1.5485
2026/09/23 20:43:27 - mmengine - INFO - Iter(train) [38350/40000]  base_lr: 3.5236e-05 lr: 3.5236e-06  eta: 0:15:31  time: 0.5636  data_time: 0.0157  memory: 6634  loss: 0.5291  loss_final: 0.1051  loss_rgb: 0.1480  loss_geometry: 0.1033  correction_scale: 0.1000  loss_coarse: 0.0319  loss_region_consistency: 0.0001  loss_final_boundary: 0.0882  loss_boundary: 0.0472  loss_sdf: 0.0053  grad_norm: 1.3683
2026/09/23 20:43:55 - mmengine - INFO - Iter(train) [38400/40000]  base_lr: 3.4273e-05 lr: 3.4273e-06  eta: 0:15:03  time: 0.5722  data_time: 0.0155  memory: 6634  loss: 0.3980  loss_final: 0.0504  loss_rgb: 0.1048  loss_geometry: 0.1081  correction_scale: 0.1000  loss_coarse: 0.0158  loss_region_consistency: 0.0001  loss_final_boundary: 0.0774  loss_boundary: 0.0393  loss_sdf: 0.0022  grad_norm: 1.3699
2026/09/23 20:44:24 - mmengine - INFO - Iter(train) [38450/40000]  base_lr: 3.3308e-05 lr: 3.3308e-06  eta: 0:14:35  time: 0.5595  data_time: 0.0173  memory: 6634  loss: 0.4204  loss_final: 0.0859  loss_rgb: 0.1036  loss_geometry: 0.0976  correction_scale: 0.1000  loss_coarse: 0.0251  loss_region_consistency: 0.0001  loss_final_boundary: 0.0686  loss_boundary: 0.0358  loss_sdf: 0.0038  grad_norm: 1.8633
2026/09/23 20:44:52 - mmengine - INFO - Iter(train) [38500/40000]  base_lr: 3.2339e-05 lr: 3.2339e-06  eta: 0:14:07  time: 0.5614  data_time: 0.0157  memory: 6634  loss: 0.4377  loss_final: 0.0588  loss_rgb: 0.1339  loss_geometry: 0.0896  correction_scale: 0.1000  loss_coarse: 0.0180  loss_region_consistency: 0.0001  loss_final_boundary: 0.0879  loss_boundary: 0.0466  loss_sdf: 0.0029  grad_norm: 1.1695
2026/09/23 20:45:20 - mmengine - INFO - Iter(train) [38550/40000]  base_lr: 3.1367e-05 lr: 3.1367e-06  eta: 0:13:39  time: 0.5438  data_time: 0.0179  memory: 6634  loss: 0.2948  loss_final: 0.0503  loss_rgb: 0.0618  loss_geometry: 0.1038  correction_scale: 0.1000  loss_coarse: 0.0157  loss_region_consistency: 0.0001  loss_final_boundary: 0.0392  loss_boundary: 0.0208  loss_sdf: 0.0031  grad_norm: 1.2167
2026/09/23 20:45:49 - mmengine - INFO - Iter(train) [38600/40000]  base_lr: 3.0392e-05 lr: 3.0392e-06  eta: 0:13:10  time: 0.5813  data_time: 0.0184  memory: 6634  loss: 0.4997  loss_final: 0.0911  loss_rgb: 0.1379  loss_geometry: 0.0974  correction_scale: 0.1000  loss_coarse: 0.0271  loss_region_consistency: 0.0001  loss_final_boundary: 0.0884  loss_boundary: 0.0515  loss_sdf: 0.0062  grad_norm: 1.5556
2026/09/23 20:46:17 - mmengine - INFO - Iter(train) [38650/40000]  base_lr: 2.9414e-05 lr: 2.9414e-06  eta: 0:12:42  time: 0.5503  data_time: 0.0160  memory: 6634  loss: 0.3513  loss_final: 0.0517  loss_rgb: 0.0872  loss_geometry: 0.1028  correction_scale: 0.1000  loss_coarse: 0.0155  loss_region_consistency: 0.0001  loss_final_boundary: 0.0588  loss_boundary: 0.0317  loss_sdf: 0.0034  grad_norm: 4.0686
2026/09/23 20:46:45 - mmengine - INFO - Iter(train) [38700/40000]  base_lr: 2.8431e-05 lr: 2.8431e-06  eta: 0:12:14  time: 0.5564  data_time: 0.0152  memory: 6634  loss: 0.4260  loss_final: 0.0672  loss_rgb: 0.1195  loss_geometry: 0.0968  correction_scale: 0.1000  loss_coarse: 0.0203  loss_region_consistency: 0.0001  loss_final_boundary: 0.0785  loss_boundary: 0.0411  loss_sdf: 0.0026  grad_norm: 4.6604
2026/09/23 20:47:13 - mmengine - INFO - Iter(train) [38750/40000]  base_lr: 2.7445e-05 lr: 2.7445e-06  eta: 0:11:46  time: 0.5562  data_time: 0.0160  memory: 6634  loss: 0.4445  loss_final: 0.0619  loss_rgb: 0.1387  loss_geometry: 0.1027  correction_scale: 0.1000  loss_coarse: 0.0189  loss_region_consistency: 0.0001  loss_final_boundary: 0.0782  loss_boundary: 0.0413  loss_sdf: 0.0027  grad_norm: 2.3307
2026/09/23 20:47:42 - mmengine - INFO - Iter(train) [38800/40000]  base_lr: 2.6455e-05 lr: 2.6455e-06  eta: 0:11:17  time: 0.5707  data_time: 0.0162  memory: 6634  loss: 0.4145  loss_final: 0.0547  loss_rgb: 0.1172  loss_geometry: 0.1032  correction_scale: 0.1000  loss_coarse: 0.0164  loss_region_consistency: 0.0001  loss_final_boundary: 0.0778  loss_boundary: 0.0416  loss_sdf: 0.0035  grad_norm: 1.7322
2026/09/23 20:48:10 - mmengine - INFO - Iter(train) [38850/40000]  base_lr: 2.5461e-05 lr: 2.5461e-06  eta: 0:10:49  time: 0.5691  data_time: 0.0163  memory: 6634  loss: 0.4842  loss_final: 0.0694  loss_rgb: 0.1460  loss_geometry: 0.0921  correction_scale: 0.1000  loss_coarse: 0.0213  loss_region_consistency: 0.0001  loss_final_boundary: 0.0982  loss_boundary: 0.0523  loss_sdf: 0.0047  grad_norm: 1.6217
2026/09/23 20:48:38 - mmengine - INFO - Iter(train) [38900/40000]  base_lr: 2.4462e-05 lr: 2.4462e-06  eta: 0:10:21  time: 0.5719  data_time: 0.0166  memory: 6634  loss: 0.5254  loss_final: 0.0956  loss_rgb: 0.1497  loss_geometry: 0.0965  correction_scale: 0.1000  loss_coarse: 0.0290  loss_region_consistency: 0.0001  loss_final_boundary: 0.0982  loss_boundary: 0.0517  loss_sdf: 0.0046  grad_norm: 1.2324
2026/09/23 20:49:06 - mmengine - INFO - Iter(train) [38950/40000]  base_lr: 2.3459e-05 lr: 2.3459e-06  eta: 0:09:53  time: 0.5597  data_time: 0.0157  memory: 6634  loss: 0.4459  loss_final: 0.0580  loss_rgb: 0.1325  loss_geometry: 0.0995  correction_scale: 0.1000  loss_coarse: 0.0178  loss_region_consistency: 0.0001  loss_final_boundary: 0.0877  loss_boundary: 0.0472  loss_sdf: 0.0030  grad_norm: 1.4841
2026/09/23 20:49:35 - mmengine - INFO - Exp name: stage3_joint_20260923_120333
2026/09/23 20:49:35 - mmengine - INFO - Iter(train) [39000/40000]  base_lr: 2.2452e-05 lr: 2.2452e-06  eta: 0:09:24  time: 0.5616  data_time: 0.0159  memory: 6634  loss: 0.3638  loss_final: 0.0595  loss_rgb: 0.0939  loss_geometry: 0.0980  correction_scale: 0.1000  loss_coarse: 0.0177  loss_region_consistency: 0.0001  loss_final_boundary: 0.0592  loss_boundary: 0.0318  loss_sdf: 0.0036  grad_norm: 1.4088
2026/09/23 20:50:03 - mmengine - INFO - Iter(train) [39050/40000]  base_lr: 2.1439e-05 lr: 2.1439e-06  eta: 0:08:56  time: 0.5616  data_time: 0.0164  memory: 6634  loss: 0.4394  loss_final: 0.0663  loss_rgb: 0.1198  loss_geometry: 0.1085  correction_scale: 0.1000  loss_coarse: 0.0204  loss_region_consistency: 0.0001  loss_final_boundary: 0.0784  loss_boundary: 0.0416  loss_sdf: 0.0041  grad_norm: 1.2471
2026/09/23 20:50:31 - mmengine - INFO - Iter(train) [39100/40000]  base_lr: 2.0420e-05 lr: 2.0420e-06  eta: 0:08:28  time: 0.5803  data_time: 0.0160  memory: 6634  loss: 0.4456  loss_final: 0.0625  loss_rgb: 0.1302  loss_geometry: 0.0946  correction_scale: 0.1000  loss_coarse: 0.0196  loss_region_consistency: 0.0001  loss_final_boundary: 0.0884  loss_boundary: 0.0465  loss_sdf: 0.0038  grad_norm: 1.3466
2026/09/23 20:50:59 - mmengine - INFO - Iter(train) [39150/40000]  base_lr: 1.9397e-05 lr: 1.9397e-06  eta: 0:08:00  time: 0.5527  data_time: 0.0159  memory: 6634  loss: 0.4417  loss_final: 0.0872  loss_rgb: 0.1155  loss_geometry: 0.1049  correction_scale: 0.1000  loss_coarse: 0.0264  loss_region_consistency: 0.0001  loss_final_boundary: 0.0687  loss_boundary: 0.0366  loss_sdf: 0.0024  grad_norm: 1.2481
2026/09/23 20:51:27 - mmengine - INFO - Iter(train) [39200/40000]  base_lr: 1.8367e-05 lr: 1.8367e-06  eta: 0:07:31  time: 0.5756  data_time: 0.0157  memory: 6634  loss: 0.4909  loss_final: 0.1001  loss_rgb: 0.1239  loss_geometry: 0.0964  correction_scale: 0.1000  loss_coarse: 0.0290  loss_region_consistency: 0.0001  loss_final_boundary: 0.0887  loss_boundary: 0.0467  loss_sdf: 0.0060  grad_norm: 1.5170
2026/09/23 20:51:55 - mmengine - INFO - Iter(train) [39250/40000]  base_lr: 1.7330e-05 lr: 1.7330e-06  eta: 0:07:03  time: 0.5482  data_time: 0.0154  memory: 6634  loss: 0.4648  loss_final: 0.1125  loss_rgb: 0.1139  loss_geometry: 0.0936  correction_scale: 0.1000  loss_coarse: 0.0337  loss_region_consistency: 0.0001  loss_final_boundary: 0.0679  loss_boundary: 0.0404  loss_sdf: 0.0028  grad_norm: 1.4335
2026/09/23 20:52:23 - mmengine - INFO - Iter(train) [39300/40000]  base_lr: 1.6287e-05 lr: 1.6287e-06  eta: 0:06:35  time: 0.5501  data_time: 0.0153  memory: 6634  loss: 0.3401  loss_final: 0.0322  loss_rgb: 0.0939  loss_geometry: 0.0980  correction_scale: 0.1000  loss_coarse: 0.0100  loss_region_consistency: 0.0001  loss_final_boundary: 0.0682  loss_boundary: 0.0361  loss_sdf: 0.0017  grad_norm: 1.3922
2026/09/23 20:52:52 - mmengine - INFO - Iter(train) [39350/40000]  base_lr: 1.5236e-05 lr: 1.5236e-06  eta: 0:06:07  time: 0.5729  data_time: 0.0165  memory: 6634  loss: 0.5426  loss_final: 0.0921  loss_rgb: 0.1565  loss_geometry: 0.1103  correction_scale: 0.1000  loss_coarse: 0.0287  loss_region_consistency: 0.0001  loss_final_boundary: 0.0979  loss_boundary: 0.0513  loss_sdf: 0.0057  grad_norm: 1.2186
2026/09/23 20:53:20 - mmengine - INFO - Iter(train) [39400/40000]  base_lr: 1.4177e-05 lr: 1.4177e-06  eta: 0:05:38  time: 0.5753  data_time: 0.0164  memory: 6634  loss: 0.5805  loss_final: 0.1654  loss_rgb: 0.1257  loss_geometry: 0.0971  correction_scale: 0.1000  loss_coarse: 0.0506  loss_region_consistency: 0.0001  loss_final_boundary: 0.0889  loss_boundary: 0.0463  loss_sdf: 0.0065  grad_norm: 2.2052
2026/09/23 20:53:48 - mmengine - INFO - Iter(train) [39450/40000]  base_lr: 1.3109e-05 lr: 1.3109e-06  eta: 0:05:10  time: 0.5552  data_time: 0.0170  memory: 6634  loss: 0.3943  loss_final: 0.0516  loss_rgb: 0.1159  loss_geometry: 0.1034  correction_scale: 0.1000  loss_coarse: 0.0160  loss_region_consistency: 0.0001  loss_final_boundary: 0.0685  loss_boundary: 0.0360  loss_sdf: 0.0028  grad_norm: 2.3873
2026/09/23 20:54:16 - mmengine - INFO - Iter(train) [39500/40000]  base_lr: 1.2031e-05 lr: 1.2031e-06  eta: 0:04:42  time: 0.5632  data_time: 0.0169  memory: 6634  loss: 0.5722  loss_final: 0.1288  loss_rgb: 0.1474  loss_geometry: 0.1148  correction_scale: 0.1000  loss_coarse: 0.0390  loss_region_consistency: 0.0001  loss_final_boundary: 0.0886  loss_boundary: 0.0468  loss_sdf: 0.0067  grad_norm: 1.7480
2026/09/23 20:54:45 - mmengine - INFO - Iter(train) [39550/40000]  base_lr: 1.0943e-05 lr: 1.0943e-06  eta: 0:04:14  time: 0.5616  data_time: 0.0161  memory: 6634  loss: 0.4030  loss_final: 0.0422  loss_rgb: 0.1202  loss_geometry: 0.0914  correction_scale: 0.1000  loss_coarse: 0.0137  loss_region_consistency: 0.0001  loss_final_boundary: 0.0871  loss_boundary: 0.0458  loss_sdf: 0.0025  grad_norm: 1.9474
2026/09/23 20:55:13 - mmengine - INFO - Iter(train) [39600/40000]  base_lr: 9.8424e-06 lr: 9.8424e-07  eta: 0:03:45  time: 0.5686  data_time: 0.0159  memory: 6634  loss: 0.4762  loss_final: 0.0902  loss_rgb: 0.1143  loss_geometry: 0.1044  correction_scale: 0.1000  loss_coarse: 0.0269  loss_region_consistency: 0.0001  loss_final_boundary: 0.0880  loss_boundary: 0.0462  loss_sdf: 0.0060  grad_norm: 1.5164
2026/09/23 20:55:41 - mmengine - INFO - Iter(train) [39650/40000]  base_lr: 8.7279e-06 lr: 8.7279e-07  eta: 0:03:17  time: 0.5612  data_time: 0.0158  memory: 6634  loss: 0.5960  loss_final: 0.1650  loss_rgb: 0.1283  loss_geometry: 0.1266  correction_scale: 0.1000  loss_coarse: 0.0498  loss_region_consistency: 0.0001  loss_final_boundary: 0.0787  loss_boundary: 0.0414  loss_sdf: 0.0061  grad_norm: 2.0701
2026/09/23 20:56:09 - mmengine - INFO - Iter(train) [39700/40000]  base_lr: 7.5972e-06 lr: 7.5972e-07  eta: 0:02:49  time: 0.5636  data_time: 0.0175  memory: 6634  loss: 0.5034  loss_final: 0.1025  loss_rgb: 0.1355  loss_geometry: 0.0969  correction_scale: 0.1000  loss_coarse: 0.0312  loss_region_consistency: 0.0001  loss_final_boundary: 0.0878  loss_boundary: 0.0460  loss_sdf: 0.0035  grad_norm: 2.3307
2026/09/23 20:56:37 - mmengine - INFO - Iter(train) [39750/40000]  base_lr: 6.4475e-06 lr: 6.4475e-07  eta: 0:02:21  time: 0.5612  data_time: 0.0155  memory: 6634  loss: 0.5368  loss_final: 0.1151  loss_rgb: 0.1426  loss_geometry: 0.1008  correction_scale: 0.1000  loss_coarse: 0.0352  loss_region_consistency: 0.0001  loss_final_boundary: 0.0879  loss_boundary: 0.0474  loss_sdf: 0.0077  grad_norm: 1.3144
2026/09/23 20:57:06 - mmengine - INFO - Iter(train) [39800/40000]  base_lr: 5.2744e-06 lr: 5.2744e-07  eta: 0:01:52  time: 0.5682  data_time: 0.0171  memory: 6634  loss: 0.4598  loss_final: 0.1127  loss_rgb: 0.1138  loss_geometry: 0.1025  correction_scale: 0.1000  loss_coarse: 0.0339  loss_region_consistency: 0.0001  loss_final_boundary: 0.0587  loss_boundary: 0.0359  loss_sdf: 0.0021  grad_norm: 1.9995
2026/09/23 20:57:34 - mmengine - INFO - Iter(train) [39850/40000]  base_lr: 4.0713e-06 lr: 4.0713e-07  eta: 0:01:24  time: 0.5513  data_time: 0.0164  memory: 6634  loss: 0.3632  loss_final: 0.0541  loss_rgb: 0.0890  loss_geometry: 0.1106  correction_scale: 0.1000  loss_coarse: 0.0165  loss_region_consistency: 0.0001  loss_final_boundary: 0.0588  loss_boundary: 0.0313  loss_sdf: 0.0028  grad_norm: 2.1590
2026/09/23 20:58:02 - mmengine - INFO - Iter(train) [39900/40000]  base_lr: 2.8265e-06 lr: 2.8265e-07  eta: 0:00:56  time: 0.5592  data_time: 0.0163  memory: 6634  loss: 0.3943  loss_final: 0.0496  loss_rgb: 0.1142  loss_geometry: 0.0956  correction_scale: 0.1000  loss_coarse: 0.0151  loss_region_consistency: 0.0001  loss_final_boundary: 0.0776  loss_boundary: 0.0407  loss_sdf: 0.0014  grad_norm: 1.8516
2026/09/23 20:58:30 - mmengine - INFO - Iter(train) [39950/40000]  base_lr: 1.5147e-06 lr: 1.5147e-07  eta: 0:00:28  time: 0.5674  data_time: 0.0156  memory: 6634  loss: 0.5656  loss_final: 0.1307  loss_rgb: 0.1501  loss_geometry: 0.0881  correction_scale: 0.1000  loss_coarse: 0.0381  loss_region_consistency: 0.0001  loss_final_boundary: 0.0984  loss_boundary: 0.0521  loss_sdf: 0.0080  grad_norm: 1.8356
2026/09/23 20:58:58 - mmengine - INFO - Exp name: stage3_joint_20260923_120333
2026/09/23 20:58:58 - mmengine - INFO - Iter(train) [40000/40000]  base_lr: 0.0000e+00 lr: 0.0000e+00  eta: 0:00:00  time: 0.5722  data_time: 0.0168  memory: 6634  loss: 0.3912  loss_final: 0.0514  loss_rgb: 0.1008  loss_geometry: 0.1022  correction_scale: 0.1000  loss_coarse: 0.0157  loss_region_consistency: 0.0001  loss_final_boundary: 0.0780  loss_boundary: 0.0399  loss_sdf: 0.0031  grad_norm: 1.4734
2026/09/23 20:58:58 - mmengine - INFO - Saving checkpoint at 40000 iterations
2026/09/23 21:00:04 - mmengine - INFO - Iter(val) [ 50/304]    eta: 0:05:25  time: 1.2732  data_time: 0.0197  memory: 1189  
2026/09/23 21:01:32 - mmengine - INFO - Iter(val) [100/304]    eta: 0:05:09  time: 1.7149  data_time: 0.0208  memory: 1189  
2026/09/23 21:02:55 - mmengine - INFO - Iter(val) [150/304]    eta: 0:04:01  time: 1.6503  data_time: 0.0216  memory: 1189  
2026/09/23 21:04:18 - mmengine - INFO - Iter(val) [200/304]    eta: 0:02:45  time: 1.6597  data_time: 0.0210  memory: 1189  
2026/09/23 21:05:40 - mmengine - INFO - Iter(val) [250/304]    eta: 0:01:26  time: 1.6569  data_time: 0.0205  memory: 1189  
2026/09/23 21:07:00 - mmengine - INFO - Iter(val) [300/304]    eta: 0:00:06  time: 1.6055  data_time: 0.0210  memory: 1189  
2026/09/23 21:07:07 - mmengine - INFO - per class results:
2026/09/23 21:07:07 - mmengine - INFO - 
+------------------+-------+-------+-------+--------+-----------+--------+
|      Class       |  IoU  |  Acc  |  Dice | Fscore | Precision | Recall |
+------------------+-------+-------+-------+--------+-----------+--------+
|    background    | 97.71 | 98.43 | 98.84 | 98.84  |   99.26   | 98.43  |
| wastewater_plant | 77.79 | 91.67 | 87.51 | 87.51  |   83.71   | 91.67  |
+------------------+-------+-------+-------+--------+-----------+--------+
2026/09/23 21:07:07 - mmengine - INFO - Iter(val) [304/304]    aAcc: 97.8800  mIoU: 87.7500  mAcc: 95.0500  mDice: 93.1800  mFscore: 93.1800  mPrecision: 91.4900  mRecall: 95.0500  binary/Foreground_IoU: 77.7945  binary/Dice: 87.5106  binary/F1: 87.5106  binary/Precision: 83.7137  binary/Recall: 91.6683  binary/Boundary_F1: 16.3601  binary/BFScore: 16.3601  binary/Boundary_Precision: 13.8027  binary/Boundary_Recall: 20.0807  binary/Hausdorff_px: 355.6157  binary/HD95_px: 251.8127  binary/Hausdorff_m: 177.8079  binary/HD95_m: 125.9064  data_time: 0.0229  time: 1.6011
