2026/09/26 11:58:06 - mmengine - INFO - 
------------------------------------------------------------
System environment:
    sys.platform: linux
    Python: 3.10.13 (main, Sep 11 2023, 13:44:35) [GCC 11.2.0]
    CUDA available: True
    MUSA available: False
    numpy_random_seed: 42
    GPU 0: NVIDIA L4
    CUDA_HOME: /usr/local/cuda
    NVCC: Cuda compilation tools, release 12.1, V12.1.105
    GCC: gcc (Ubuntu 9.4.0-1ubuntu1~20.04.2) 9.4.0
    PyTorch: 2.1.2
    PyTorch compiling details: PyTorch built with:
  - GCC 9.3
  - C++ Version: 201703
  - Intel(R) oneAPI Math Kernel Library Version 2023.1-Product Build 20230303 for Intel(R) 64 architecture applications
  - Intel(R) MKL-DNN v3.1.1 (Git Hash 64f6bcbcbab628e96f33a62c3e975f8535a7bde4)
  - OpenMP 201511 (a.k.a. OpenMP 4.5)
  - LAPACK is enabled (usually provided by MKL)
  - NNPACK is enabled
  - CPU capability usage: AVX512
  - CUDA Runtime 12.1
  - NVCC architecture flags: -gencode;arch=compute_50,code=sm_50;-gencode;arch=compute_60,code=sm_60;-gencode;arch=compute_61,code=sm_61;-gencode;arch=compute_70,code=sm_70;-gencode;arch=compute_75,code=sm_75;-gencode;arch=compute_80,code=sm_80;-gencode;arch=compute_86,code=sm_86;-gencode;arch=compute_90,code=sm_90
  - CuDNN 8.9.2
  - Magma 2.6.1
  - Build settings: BLAS_INFO=mkl, BUILD_TYPE=Release, CUDA_VERSION=12.1, CUDNN_VERSION=8.9.2, CXX_COMPILER=/opt/rh/devtoolset-9/root/usr/bin/c++, CXX_FLAGS= -D_GLIBCXX_USE_CXX11_ABI=0 -fabi-version=11 -fvisibility-inlines-hidden -DUSE_PTHREADPOOL -DNDEBUG -DUSE_KINETO -DLIBKINETO_NOROCTRACER -DUSE_FBGEMM -DUSE_QNNPACK -DUSE_PYTORCH_QNNPACK -DUSE_XNNPACK -DSYMBOLICATE_MOBILE_DEBUG_HANDLE -O2 -fPIC -Wall -Wextra -Werror=return-type -Werror=non-virtual-dtor -Werror=bool-operation -Wnarrowing -Wno-missing-field-initializers -Wno-type-limits -Wno-array-bounds -Wno-unknown-pragmas -Wno-unused-parameter -Wno-unused-function -Wno-unused-result -Wno-strict-overflow -Wno-strict-aliasing -Wno-stringop-overflow -Wno-psabi -Wno-error=pedantic -Wno-error=old-style-cast -Wno-invalid-partial-specialization -Wno-unused-private-field -Wno-aligned-allocation-unavailable -Wno-missing-braces -fdiagnostics-color=always -faligned-new -Wno-unused-but-set-variable -Wno-maybe-uninitialized -fno-math-errno -fno-trapping-math -Werror=format -Werror=cast-function-type -Wno-stringop-overflow, LAPACK_INFO=mkl, PERF_WITH_AVX=1, PERF_WITH_AVX2=1, PERF_WITH_AVX512=1, TORCH_DISABLE_GPU_ASSERTS=ON, TORCH_VERSION=2.1.2, USE_CUDA=ON, USE_CUDNN=ON, USE_EXCEPTION_PTR=1, USE_GFLAGS=OFF, USE_GLOG=OFF, USE_MKL=ON, USE_MKLDNN=ON, USE_MPI=OFF, USE_NCCL=ON, USE_NNPACK=ON, USE_OPENMP=ON, USE_ROCM=OFF, 

    TorchVision: 0.16.2
    OpenCV: 4.9.0
    MMEngine: 0.10.7

Runtime environment:
    cudnn_benchmark: False
    dist_cfg: {'backend': 'nccl'}
    mp_cfg: {'mp_start_method': 'fork', 'opencv_num_threads': 0}
    deterministic: True
    seed: 42
    Distributed launcher: none
    Distributed training: False
    GPU number: 1
------------------------------------------------------------

2026/09/26 11:58:07 - mmengine - INFO - Config:
auto_scale_lr = dict(base_batch_size=8, enable=False)
checkpoint = 'https://download.openmmlab.com/mmsegmentation/v0.5/pretrain/segformer/mit_b2_20220624-66e8bf70.pth'
crop_size = (
    1024,
    1024,
)
custom_hooks = [
    dict(
        min_delta=0.1,
        monitor='binary/Foreground_IoU',
        patience=5,
        rule='greater',
        strict=True,
        type='RPGVEarlyStoppingHook'),
]
custom_imports = dict(
    allow_failed_imports=False,
    imports=[
        'wwtpseg',
        'mmdet.models',
        'wwtpseg.engine',
    ])
data_preprocessor = dict(
    bgr_to_rgb=False,
    pad_val=0,
    seg_pad_val=255,
    size=(
        1024,
        1024,
    ),
    test_cfg=dict(size_divisor=32),
    type='SegDataPreProcessor')
data_root = '/workspace/wwtp_semantic_dataset'
dataset_type = 'WWTPDataset'
default_hooks = dict(
    checkpoint=dict(
        by_epoch=False,
        interval=2000,
        max_keep_ckpts=3,
        rule='greater',
        save_best='binary/Foreground_IoU',
        type='CheckpointHook'),
    logger=dict(interval=50, log_metric_by_epoch=False, type='LoggerHook'),
    param_scheduler=dict(type='ParamSchedulerHook'),
    sampler_seed=dict(type='DistSamplerSeedHook'),
    timer=dict(type='IterTimerHook'),
    visualization=dict(type='SegVisualizationHook'))
default_scope = 'mmseg'
env_cfg = dict(
    cudnn_benchmark=False,
    dist_cfg=dict(backend='nccl'),
    mp_cfg=dict(mp_start_method='fork', opencv_num_threads=0))
launcher = 'none'
load_from = None
log_level = 'INFO'
log_processor = dict(by_epoch=False)
metrics = [
    dict(
        iou_metrics=[
            'mIoU',
            'mDice',
            'mFscore',
        ],
        nan_to_num=0,
        type='IoUMetric'),
    dict(boundary_tolerance=3, pixel_size_m=0.5, type='BinaryBoundaryMetric'),
]
model = dict(
    coarse_loss_weight=0.3,
    component_cfg=dict(
        boundary_fusion=True,
        boundary_refinement=True,
        depth_rectification=True,
        detail_refinement=True,
        frequency_validation=False,
        learned_reliability=True,
        region_fusion=True,
        reliability_weighting=False),
    contour_truncation=10.0,
    correction_scale=0.1,
    correction_smoothness_weight=0.02,
    data_preprocessor=dict(
        bgr_to_rgb=False,
        pad_val=0,
        seg_pad_val=255,
        size=(
            1024,
            1024,
        ),
        test_cfg=dict(size_divisor=32),
        type='SegDataPreProcessor'),
    decoder_channels=64,
    detail_channels=24,
    final_boundary_loss_weight=0.0,
    geometry_channels=[
        32,
        64,
        128,
        256,
    ],
    geometry_dropout_prob=0.15,
    global_thumbnail_size=512,
    learnable_loss_weights=False,
    loss_weights=dict(
        boundary=0.2,
        equivariance=0.05,
        final=1.0,
        geometry=0.2,
        preserve=0.05,
        reliability=0.05,
        rgb=0.2,
        sdf=0.1),
    max_correction_scale=0.25,
    max_logit_correction=2.0,
    max_offset=2.0,
    region_loss_weight=0.0,
    rgb_channels=[
        64,
        128,
        320,
        512,
    ],
    rgb_encoder=dict(
        attn_drop_rate=0.0,
        drop_path_rate=0.1,
        drop_rate=0.0,
        embed_dims=64,
        in_channels=3,
        init_cfg=dict(
            checkpoint=
            'https://download.openmmlab.com/mmsegmentation/v0.5/pretrain/segformer/mit_b2_20220624-66e8bf70.pth',
            type='Pretrained'),
        mlp_ratio=4,
        num_heads=[
            1,
            2,
            5,
            8,
        ],
        num_layers=[
            3,
            4,
            6,
            3,
        ],
        num_stages=4,
        out_indices=(
            0,
            1,
            2,
            3,
        ),
        patch_sizes=[
            7,
            3,
            3,
            3,
        ],
        qkv_bias=True,
        sr_ratios=[
            8,
            4,
            2,
            1,
        ],
        type='MixVisionTransformer'),
    sdf_truncation=5.0,
    test_cfg=dict(crop_size=(
        1024,
        1024,
    ), mode='slide', stride=(
        768,
        768,
    )),
    train_cfg=dict(),
    training_stage='joint',
    type='RPGVNetV2',
    use_contour=False,
    use_global_context=True,
    validation_channels=32)
norm_cfg = dict(requires_grad=True, type='SyncBN')
optim_wrapper = dict(
    accumulative_counts=8,
    clip_grad=dict(max_norm=10.0, norm_type=2),
    loss_scale='dynamic',
    optimizer=dict(
        betas=(
            0.9,
            0.999,
        ), lr=0.0006, type='AdamW', weight_decay=0.01),
    paramwise_cfg=dict(
        custom_keys=dict(
            norm=dict(decay_mult=0.0), rgb_encoder=dict(lr_mult=0.1)),
        norm_decay_mult=0.0),
    type='AmpOptimWrapper')
param_scheduler = [
    dict(
        begin=0, by_epoch=False, end=1500, start_factor=1e-06,
        type='LinearLR'),
    dict(
        begin=1500,
        by_epoch=False,
        end=100000,
        eta_min=0.0,
        power=0.9,
        type='PolyLR'),
]
pseudo_root = '/workspace/wwtp_semantic_dataset/pseudo_geometry'
randomness = dict(deterministic=True, seed=42)
resume = False
test_cfg = dict(type='TestLoop')
test_dataloader = dict(
    batch_size=1,
    dataset=dict(
        data_prefix=dict(
            img_path='images/test', seg_map_path='annotations/test'),
        data_root='/workspace/wwtp_semantic_dataset',
        pipeline=[
            dict(type='LoadImageFromFile'),
            dict(type='LoadAnnotations'),
            dict(size=(
                512,
                512,
            ), type='GenerateGlobalThumbnail'),
            dict(
                pseudo_root='/workspace/wwtp_semantic_dataset/pseudo_geometry',
                required=True,
                type='LoadPseudoGeometry'),
            dict(type='PackRPGVInputs'),
        ],
        type='WWTPDataset'),
    num_workers=2,
    persistent_workers=True,
    sampler=dict(shuffle=False, type='DefaultSampler'))
test_evaluator = [
    dict(
        iou_metrics=[
            'mIoU',
            'mDice',
            'mFscore',
        ],
        nan_to_num=0,
        type='IoUMetric'),
    dict(boundary_tolerance=3, pixel_size_m=0.5, type='BinaryBoundaryMetric'),
]
test_pipeline = [
    dict(type='LoadImageFromFile'),
    dict(type='LoadAnnotations'),
    dict(size=(
        512,
        512,
    ), type='GenerateGlobalThumbnail'),
    dict(
        pseudo_root='/workspace/wwtp_semantic_dataset/pseudo_geometry',
        required=True,
        type='LoadPseudoGeometry'),
    dict(type='PackRPGVInputs'),
]
train_cfg = dict(
    max_iters=100000, type='IterBasedTrainLoop', val_interval=2000)
train_dataloader = dict(
    batch_size=1,
    dataset=dict(
        data_prefix=dict(
            img_path='images/train', seg_map_path='annotations/train'),
        data_root='/workspace/wwtp_semantic_dataset',
        pipeline=[
            dict(type='LoadImageFromFile'),
            dict(type='LoadAnnotations'),
            dict(type='PhotoMetricDistortion'),
            dict(size=(
                512,
                512,
            ), type='GenerateGlobalThumbnail'),
            dict(
                pseudo_root='/workspace/wwtp_semantic_dataset/pseudo_geometry',
                required=True,
                type='LoadPseudoGeometry'),
            dict(
                keep_ratio=True,
                ratio_range=(
                    0.5,
                    1.5,
                ),
                scale=(
                    2048,
                    2048,
                ),
                type='RandomResize'),
            dict(
                degree=180,
                pad_val=0,
                prob=0.5,
                seg_pad_val=255,
                type='RandomRotate'),
            dict(
                crop_size=(
                    1024,
                    1024,
                ),
                edge_margin_ratio=0.15,
                foreground_label=1,
                foreground_prob=0.8,
                min_foreground_pixels=64,
                type='RandomForegroundCrop'),
            dict(
                direction=[
                    'horizontal',
                    'vertical',
                    'diagonal',
                ],
                prob=0.75,
                type='RandomFlip'),
            dict(prob=0.3, type='RandomPseudoGeometryCorruption'),
            dict(type='PackRPGVInputs'),
        ],
        type='WWTPDataset'),
    num_workers=4,
    persistent_workers=True,
    sampler=dict(shuffle=True, type='InfiniteSampler'))
train_pipeline = [
    dict(type='LoadImageFromFile'),
    dict(type='LoadAnnotations'),
    dict(type='PhotoMetricDistortion'),
    dict(size=(
        512,
        512,
    ), type='GenerateGlobalThumbnail'),
    dict(
        pseudo_root='/workspace/wwtp_semantic_dataset/pseudo_geometry',
        required=True,
        type='LoadPseudoGeometry'),
    dict(
        keep_ratio=True,
        ratio_range=(
            0.5,
            1.5,
        ),
        scale=(
            2048,
            2048,
        ),
        type='RandomResize'),
    dict(
        degree=180, pad_val=0, prob=0.5, seg_pad_val=255, type='RandomRotate'),
    dict(
        crop_size=(
            1024,
            1024,
        ),
        edge_margin_ratio=0.15,
        foreground_label=1,
        foreground_prob=0.8,
        min_foreground_pixels=64,
        type='RandomForegroundCrop'),
    dict(
        direction=[
            'horizontal',
            'vertical',
            'diagonal',
        ],
        prob=0.75,
        type='RandomFlip'),
    dict(prob=0.3, type='RandomPseudoGeometryCorruption'),
    dict(type='PackRPGVInputs'),
]
val_cfg = dict(type='ValLoop')
val_dataloader = dict(
    batch_size=1,
    dataset=dict(
        data_prefix=dict(
            img_path='images/val', seg_map_path='annotations/val'),
        data_root='/workspace/wwtp_semantic_dataset',
        pipeline=[
            dict(type='LoadImageFromFile'),
            dict(type='LoadAnnotations'),
            dict(size=(
                512,
                512,
            ), type='GenerateGlobalThumbnail'),
            dict(
                pseudo_root='/workspace/wwtp_semantic_dataset/pseudo_geometry',
                required=True,
                type='LoadPseudoGeometry'),
            dict(type='PackRPGVInputs'),
        ],
        type='WWTPDataset'),
    num_workers=2,
    persistent_workers=True,
    sampler=dict(shuffle=False, type='DefaultSampler'))
val_evaluator = [
    dict(
        iou_metrics=[
            'mIoU',
            'mDice',
            'mFscore',
        ],
        nan_to_num=0,
        type='IoUMetric'),
    dict(boundary_tolerance=3, pixel_size_m=0.5, type='BinaryBoundaryMetric'),
]
vis_backends = [
    dict(type='LocalVisBackend'),
]
visualizer = dict(
    name='visualizer',
    type='SegLocalVisualizer',
    vis_backends=[
        dict(type='LocalVisBackend'),
    ])
work_dir = '/workspace/work_dirs/rpgv_v2_single_stage_fixed/single_stage/seed_42/progressive_rgr/joint'

2026/09/26 11:58:08 - mmengine - INFO - Distributed training is not used, all SyncBatchNorm (SyncBN) layers in the model will be automatically reverted to BatchNormXd layers if they are used.
2026/09/26 11:58:08 - mmengine - INFO - Hooks will be executed in the following order:
before_run:
(VERY_HIGH   ) RuntimeInfoHook                    
(BELOW_NORMAL) LoggerHook                         
(LOWEST      ) RPGVEarlyStoppingHook              
 -------------------- 
before_train:
(VERY_HIGH   ) RuntimeInfoHook                    
(NORMAL      ) IterTimerHook                      
(VERY_LOW    ) CheckpointHook                     
(LOWEST      ) RPGVEarlyStoppingHook              
 -------------------- 
before_train_epoch:
(VERY_HIGH   ) RuntimeInfoHook                    
(NORMAL      ) IterTimerHook                      
(NORMAL      ) DistSamplerSeedHook                
 -------------------- 
before_train_iter:
(VERY_HIGH   ) RuntimeInfoHook                    
(NORMAL      ) IterTimerHook                      
 -------------------- 
after_train_iter:
(VERY_HIGH   ) RuntimeInfoHook                    
(NORMAL      ) IterTimerHook                      
(NORMAL      ) SegVisualizationHook               
(BELOW_NORMAL) LoggerHook                         
(LOW         ) ParamSchedulerHook                 
(VERY_LOW    ) CheckpointHook                     
 -------------------- 
after_train_epoch:
(NORMAL      ) IterTimerHook                      
(LOW         ) ParamSchedulerHook                 
(VERY_LOW    ) CheckpointHook                     
 -------------------- 
before_val:
(VERY_HIGH   ) RuntimeInfoHook                    
 -------------------- 
before_val_epoch:
(NORMAL      ) IterTimerHook                      
 -------------------- 
before_val_iter:
(NORMAL      ) IterTimerHook                      
 -------------------- 
after_val_iter:
(NORMAL      ) IterTimerHook                      
(NORMAL      ) SegVisualizationHook               
(BELOW_NORMAL) LoggerHook                         
 -------------------- 
after_val_epoch:
(VERY_HIGH   ) RuntimeInfoHook                    
(NORMAL      ) IterTimerHook                      
(BELOW_NORMAL) LoggerHook                         
(LOW         ) ParamSchedulerHook                 
(VERY_LOW    ) CheckpointHook                     
(LOWEST      ) RPGVEarlyStoppingHook              
 -------------------- 
after_val:
(VERY_HIGH   ) RuntimeInfoHook                    
 -------------------- 
after_train:
(VERY_HIGH   ) RuntimeInfoHook                    
(VERY_LOW    ) CheckpointHook                     
 -------------------- 
before_test:
(VERY_HIGH   ) RuntimeInfoHook                    
 -------------------- 
before_test_epoch:
(NORMAL      ) IterTimerHook                      
 -------------------- 
before_test_iter:
(NORMAL      ) IterTimerHook                      
 -------------------- 
after_test_iter:
(NORMAL      ) IterTimerHook                      
(NORMAL      ) SegVisualizationHook               
(BELOW_NORMAL) LoggerHook                         
 -------------------- 
after_test_epoch:
(VERY_HIGH   ) RuntimeInfoHook                    
(NORMAL      ) IterTimerHook                      
(BELOW_NORMAL) LoggerHook                         
 -------------------- 
after_test:
(VERY_HIGH   ) RuntimeInfoHook                    
 -------------------- 
after_run:
(BELOW_NORMAL) LoggerHook                         
 -------------------- 
2026/09/26 11:58:10 - mmengine - INFO - paramwise_options -- rgb_encoder.layers.0.0.projection.weight:lr=5.9999999999999995e-05
2026/09/26 11:58:10 - mmengine - INFO - paramwise_options -- rgb_encoder.layers.0.0.projection.weight:weight_decay=0.01
2026/09/26 11:58:10 - mmengine - INFO - paramwise_options -- rgb_encoder.layers.0.0.projection.weight:lr_mult=0.1
2026/09/26 11:58:10 - mmengine - INFO - paramwise_options -- rgb_encoder.layers.0.0.projection.bias:lr=5.9999999999999995e-05
2026/09/26 11:58:10 - mmengine - INFO - paramwise_options -- rgb_encoder.layers.0.0.projection.bias:weight_decay=0.01
2026/09/26 11:58:10 - mmengine - INFO - paramwise_options -- rgb_encoder.layers.0.0.projection.bias:lr_mult=0.1
2026/09/26 11:58:10 - mmengine - INFO - paramwise_options -- rgb_encoder.layers.0.0.norm.weight:lr=5.9999999999999995e-05
2026/09/26 11:58:10 - mmengine - INFO - paramwise_options -- rgb_encoder.layers.0.0.norm.weight:weight_decay=0.01
2026/09/26 11:58:10 - mmengine - INFO - paramwise_options -- rgb_encoder.layers.0.0.norm.weight:lr_mult=0.1
2026/09/26 11:58:10 - mmengine - INFO - paramwise_options -- rgb_encoder.layers.0.0.norm.bias:lr=5.9999999999999995e-05
2026/09/26 11:58:10 - mmengine - INFO - paramwise_options -- rgb_encoder.layers.0.0.norm.bias:weight_decay=0.01
2026/09/26 11:58:10 - mmengine - INFO - paramwise_options -- rgb_encoder.layers.0.0.norm.bias:lr_mult=0.1
2026/09/26 11:58:10 - mmengine - INFO - paramwise_options -- rgb_encoder.layers.0.1.0.norm1.weight:lr=5.9999999999999995e-05
2026/09/26 11:58:10 - mmengine - INFO - paramwise_options -- rgb_encoder.layers.0.1.0.norm1.weight:weight_decay=0.01
2026/09/26 11:58:10 - mmengine - INFO - paramwise_options -- rgb_encoder.layers.0.1.0.norm1.weight:lr_mult=0.1
2026/09/26 11:58:10 - mmengine - INFO - paramwise_options -- rgb_encoder.layers.0.1.0.norm1.bias:lr=5.9999999999999995e-05
2026/09/26 11:58:10 - mmengine - INFO - paramwise_options -- rgb_encoder.layers.0.1.0.norm1.bias:weight_decay=0.01
2026/09/26 11:58:10 - mmengine - INFO - paramwise_options -- rgb_encoder.layers.0.1.0.norm1.bias:lr_mult=0.1
2026/09/26 11:58:10 - mmengine - INFO - paramwise_options -- rgb_encoder.layers.0.1.0.attn.attn.in_proj_weight:lr=5.9999999999999995e-05
2026/09/26 11:58:10 - mmengine - INFO - paramwise_options -- rgb_encoder.layers.0.1.0.attn.attn.in_proj_weight:weight_decay=0.01
2026/09/26 11:58:10 - mmengine - INFO - paramwise_options -- rgb_encoder.layers.0.1.0.attn.attn.in_proj_weight:lr_mult=0.1
2026/09/26 11:58:10 - mmengine - INFO - paramwise_options -- rgb_encoder.layers.0.1.0.attn.attn.in_proj_bias:lr=5.9999999999999995e-05
2026/09/26 11:58:10 - mmengine - INFO - paramwise_options -- rgb_encoder.layers.0.1.0.attn.attn.in_proj_bias:weight_decay=0.01
2026/09/26 11:58:10 - mmengine - INFO - paramwise_options -- rgb_encoder.layers.0.1.0.attn.attn.in_proj_bias:lr_mult=0.1
2026/09/26 11:58:10 - mmengine - INFO - paramwise_options -- rgb_encoder.layers.0.1.0.attn.attn.out_proj.weight:lr=5.9999999999999995e-05
2026/09/26 11:58:10 - mmengine - INFO - paramwise_options -- rgb_encoder.layers.0.1.0.attn.attn.out_proj.weight:weight_decay=0.01
2026/09/26 11:58:10 - mmengine - INFO - paramwise_options -- rgb_encoder.layers.0.1.0.attn.attn.out_proj.weight:lr_mult=0.1
2026/09/26 11:58:10 - mmengine - INFO - paramwise_options -- rgb_encoder.layers.0.1.0.attn.attn.out_proj.bias:lr=5.9999999999999995e-05
2026/09/26 11:58:10 - mmengine - INFO - paramwise_options -- rgb_encoder.layers.0.1.0.attn.attn.out_proj.bias:weight_decay=0.01
2026/09/26 11:58:10 - mmengine - INFO - paramwise_options -- rgb_encoder.layers.0.1.0.attn.attn.out_proj.bias:lr_mult=0.1
2026/09/26 11:58:10 - mmengine - INFO - paramwise_options -- rgb_encoder.layers.0.1.0.attn.sr.weight:lr=5.9999999999999995e-05
2026/09/26 11:58:10 - mmengine - INFO - paramwise_options -- rgb_encoder.layers.0.1.0.attn.sr.weight:weight_decay=0.01
2026/09/26 11:58:10 - mmengine - INFO - paramwise_options -- rgb_encoder.layers.0.1.0.attn.sr.weight:lr_mult=0.1
2026/09/26 11:58:10 - mmengine - INFO - paramwise_options -- rgb_encoder.layers.0.1.0.attn.sr.bias:lr=5.9999999999999995e-05
2026/09/26 11:58:10 - mmengine - INFO - paramwise_options -- rgb_encoder.layers.0.1.0.attn.sr.bias:weight_decay=0.01
2026/09/26 11:58:10 - mmengine - INFO - paramwise_options -- rgb_encoder.layers.0.1.0.attn.sr.bias:lr_mult=0.1
2026/09/26 11:58:10 - mmengine - INFO - paramwise_options -- rgb_encoder.layers.0.1.0.attn.norm.weight:lr=5.9999999999999995e-05
2026/09/26 11:58:10 - mmengine - INFO - paramwise_options -- rgb_encoder.layers.0.1.0.attn.norm.weight:weight_decay=0.01
2026/09/26 11:58:10 - mmengine - INFO - paramwise_options -- rgb_encoder.layers.0.1.0.attn.norm.weight:lr_mult=0.1
2026/09/26 11:58:10 - mmengine - INFO - paramwise_options -- rgb_encoder.layers.0.1.0.attn.norm.bias:lr=5.9999999999999995e-05
2026/09/26 11:58:10 - mmengine - INFO - paramwise_options -- rgb_encoder.layers.0.1.0.attn.norm.bias:weight_decay=0.01
2026/09/26 11:58:10 - mmengine - INFO - paramwise_options -- rgb_encoder.layers.0.1.0.attn.norm.bias:lr_mult=0.1
2026/09/26 11:58:10 - mmengine - INFO - paramwise_options -- rgb_encoder.layers.0.1.0.norm2.weight:lr=5.9999999999999995e-05
2026/09/26 11:58:10 - mmengine - INFO - paramwise_options -- rgb_encoder.layers.0.1.0.norm2.weight:weight_decay=0.01
2026/09/26 11:58:10 - mmengine - INFO - paramwise_options -- rgb_encoder.layers.0.1.0.norm2.weight:lr_mult=0.1
2026/09/26 11:58:10 - mmengine - INFO - paramwise_options -- rgb_encoder.layers.0.1.0.norm2.bias:lr=5.9999999999999995e-05
2026/09/26 11:58:10 - mmengine - INFO - paramwise_options -- rgb_encoder.layers.0.1.0.norm2.bias:weight_decay=0.01
2026/09/26 11:58:10 - mmengine - INFO - paramwise_options -- rgb_encoder.layers.0.1.0.norm2.bias:lr_mult=0.1
2026/09/26 11:58:10 - mmengine - INFO - paramwise_options -- rgb_encoder.layers.0.1.0.ffn.layers.0.weight:lr=5.9999999999999995e-05
2026/09/26 11:58:10 - mmengine - INFO - paramwise_options -- rgb_encoder.layers.0.1.0.ffn.layers.0.weight:weight_decay=0.01
2026/09/26 11:58:10 - mmengine - INFO - paramwise_options -- rgb_encoder.layers.0.1.0.ffn.layers.0.weight:lr_mult=0.1
2026/09/26 11:58:10 - mmengine - INFO - paramwise_options -- rgb_encoder.layers.0.1.0.ffn.layers.0.bias:lr=5.9999999999999995e-05
2026/09/26 11:58:10 - mmengine - INFO - paramwise_options -- rgb_encoder.layers.0.1.0.ffn.layers.0.bias:weight_decay=0.01
2026/09/26 11:58:10 - mmengine - INFO - paramwise_options -- rgb_encoder.layers.0.1.0.ffn.layers.0.bias:lr_mult=0.1
2026/09/26 11:58:10 - mmengine - INFO - paramwise_options -- rgb_encoder.layers.0.1.0.ffn.layers.1.weight:lr=5.9999999999999995e-05
2026/09/26 11:58:10 - mmengine - INFO - paramwise_options -- rgb_encoder.layers.0.1.0.ffn.layers.1.weight:weight_decay=0.01
2026/09/26 11:58:10 - mmengine - INFO - paramwise_options -- rgb_encoder.layers.0.1.0.ffn.layers.1.weight:lr_mult=0.1
2026/09/26 11:58:10 - mmengine - INFO - paramwise_options -- rgb_encoder.layers.0.1.0.ffn.layers.1.bias:lr=5.9999999999999995e-05
2026/09/26 11:58:10 - mmengine - INFO - paramwise_options -- rgb_encoder.layers.0.1.0.ffn.layers.1.bias:weight_decay=0.01
2026/09/26 11:58:10 - mmengine - INFO - paramwise_options -- rgb_encoder.layers.0.1.0.ffn.layers.1.bias:lr_mult=0.1
2026/09/26 11:58:10 - mmengine - INFO - paramwise_options -- rgb_encoder.layers.0.1.0.ffn.layers.4.weight:lr=5.9999999999999995e-05
2026/09/26 11:58:10 - mmengine - INFO - paramwise_options -- rgb_encoder.layers.0.1.0.ffn.layers.4.weight:weight_decay=0.01
2026/09/26 11:58:10 - mmengine - INFO - paramwise_options -- rgb_encoder.layers.0.1.0.ffn.layers.4.weight:lr_mult=0.1
2026/09/26 11:58:10 - mmengine - INFO - paramwise_options -- rgb_encoder.layers.0.1.0.ffn.layers.4.bias:lr=5.9999999999999995e-05
2026/09/26 11:58:10 - mmengine - INFO - paramwise_options -- rgb_encoder.layers.0.1.0.ffn.layers.4.bias:weight_decay=0.01
2026/09/26 11:58:10 - mmengine - INFO - paramwise_options -- rgb_encoder.layers.0.1.0.ffn.layers.4.bias:lr_mult=0.1
2026/09/26 11:58:10 - mmengine - INFO - paramwise_options -- rgb_encoder.layers.0.1.1.norm1.weight:lr=5.9999999999999995e-05
2026/09/26 11:58:10 - mmengine - INFO - paramwise_options -- rgb_encoder.layers.0.1.1.norm1.weight:weight_decay=0.01
2026/09/26 11:58:10 - mmengine - INFO - paramwise_options -- rgb_encoder.layers.0.1.1.norm1.weight:lr_mult=0.1
2026/09/26 11:58:10 - mmengine - INFO - paramwise_options -- rgb_encoder.layers.0.1.1.norm1.bias:lr=5.9999999999999995e-05
2026/09/26 11:58:10 - mmengine - INFO - paramwise_options -- rgb_encoder.layers.0.1.1.norm1.bias:weight_decay=0.01
2026/09/26 11:58:10 - mmengine - INFO - paramwise_options -- rgb_encoder.layers.0.1.1.norm1.bias:lr_mult=0.1
2026/09/26 11:58:10 - mmengine - INFO - paramwise_options -- rgb_encoder.layers.0.1.1.attn.attn.in_proj_weight:lr=5.9999999999999995e-05
2026/09/26 11:58:10 - mmengine - INFO - paramwise_options -- rgb_encoder.layers.0.1.1.attn.attn.in_proj_weight:weight_decay=0.01
2026/09/26 11:58:10 - mmengine - INFO - paramwise_options -- rgb_encoder.layers.0.1.1.attn.attn.in_proj_weight:lr_mult=0.1
2026/09/26 11:58:10 - mmengine - INFO - paramwise_options -- rgb_encoder.layers.0.1.1.attn.attn.in_proj_bias:lr=5.9999999999999995e-05
2026/09/26 11:58:10 - mmengine - INFO - paramwise_options -- rgb_encoder.layers.0.1.1.attn.attn.in_proj_bias:weight_decay=0.01
2026/09/26 11:58:10 - mmengine - INFO - paramwise_options -- rgb_encoder.layers.0.1.1.attn.attn.in_proj_bias:lr_mult=0.1
2026/09/26 11:58:10 - mmengine - INFO - paramwise_options -- rgb_encoder.layers.0.1.1.attn.attn.out_proj.weight:lr=5.9999999999999995e-05
2026/09/26 11:58:10 - mmengine - INFO - paramwise_options -- rgb_encoder.layers.0.1.1.attn.attn.out_proj.weight:weight_decay=0.01
2026/09/26 11:58:10 - mmengine - INFO - paramwise_options -- rgb_encoder.layers.0.1.1.attn.attn.out_proj.weight:lr_mult=0.1
2026/09/26 11:58:10 - mmengine - INFO - paramwise_options -- rgb_encoder.layers.0.1.1.attn.attn.out_proj.bias:lr=5.9999999999999995e-05
2026/09/26 11:58:10 - mmengine - INFO - paramwise_options -- rgb_encoder.layers.0.1.1.attn.attn.out_proj.bias:weight_decay=0.01
2026/09/26 11:58:10 - mmengine - INFO - paramwise_options -- rgb_encoder.layers.0.1.1.attn.attn.out_proj.bias:lr_mult=0.1
2026/09/26 11:58:10 - mmengine - INFO - paramwise_options -- rgb_encoder.layers.0.1.1.attn.sr.weight:lr=5.9999999999999995e-05
2026/09/26 11:58:10 - mmengine - INFO - paramwise_options -- rgb_encoder.layers.0.1.1.attn.sr.weight:weight_decay=0.01
2026/09/26 11:58:10 - mmengine - INFO - paramwise_options -- rgb_encoder.layers.0.1.1.attn.sr.weight:lr_mult=0.1
2026/09/26 11:58:10 - mmengine - INFO - paramwise_options -- rgb_encoder.layers.0.1.1.attn.sr.bias:lr=5.9999999999999995e-05
2026/09/26 11:58:10 - mmengine - INFO - paramwise_options -- rgb_encoder.layers.0.1.1.attn.sr.bias:weight_decay=0.01
2026/09/26 11:58:10 - mmengine - INFO - paramwise_options -- rgb_encoder.layers.0.1.1.attn.sr.bias:lr_mult=0.1
2026/09/26 11:58:10 - mmengine - INFO - paramwise_options -- rgb_encoder.layers.0.1.1.attn.norm.weight:lr=5.9999999999999995e-05
2026/09/26 11:58:10 - mmengine - INFO - paramwise_options -- rgb_encoder.layers.0.1.1.attn.norm.weight:weight_decay=0.01
2026/09/26 11:58:10 - mmengine - INFO - paramwise_options -- rgb_encoder.layers.0.1.1.attn.norm.weight:lr_mult=0.1
2026/09/26 11:58:10 - mmengine - INFO - paramwise_options -- rgb_encoder.layers.0.1.1.attn.norm.bias:lr=5.9999999999999995e-05
2026/09/26 11:58:10 - mmengine - INFO - paramwise_options -- rgb_encoder.layers.0.1.1.attn.norm.bias:weight_decay=0.01
2026/09/26 11:58:10 - mmengine - INFO - paramwise_options -- rgb_encoder.layers.0.1.1.attn.norm.bias:lr_mult=0.1
2026/09/26 11:58:10 - mmengine - INFO - paramwise_options -- rgb_encoder.layers.0.1.1.norm2.weight:lr=5.9999999999999995e-05
2026/09/26 11:58:10 - mmengine - INFO - paramwise_options -- rgb_encoder.layers.0.1.1.norm2.weight:weight_decay=0.01
2026/09/26 11:58:10 - mmengine - INFO - paramwise_options -- rgb_encoder.layers.0.1.1.norm2.weight:lr_mult=0.1
2026/09/26 11:58:10 - mmengine - INFO - paramwise_options -- rgb_encoder.layers.0.1.1.norm2.bias:lr=5.9999999999999995e-05
2026/09/26 11:58:10 - mmengine - INFO - paramwise_options -- rgb_encoder.layers.0.1.1.norm2.bias:weight_decay=0.01
2026/09/26 11:58:10 - mmengine - INFO - paramwise_options -- rgb_encoder.layers.0.1.1.norm2.bias:lr_mult=0.1
2026/09/26 11:58:10 - mmengine - INFO - paramwise_options -- rgb_encoder.layers.0.1.1.ffn.layers.0.weight:lr=5.9999999999999995e-05
2026/09/26 11:58:10 - mmengine - INFO - paramwise_options -- rgb_encoder.layers.0.1.1.ffn.layers.0.weight:weight_decay=0.01
2026/09/26 11:58:10 - mmengine - INFO - paramwise_options -- rgb_encoder.layers.0.1.1.ffn.layers.0.weight:lr_mult=0.1
2026/09/26 11:58:10 - mmengine - INFO - paramwise_options -- rgb_encoder.layers.0.1.1.ffn.layers.0.bias:lr=5.9999999999999995e-05
2026/09/26 11:58:10 - mmengine - INFO - paramwise_options -- rgb_encoder.layers.0.1.1.ffn.layers.0.bias:weight_decay=0.01
2026/09/26 11:58:10 - mmengine - INFO - paramwise_options -- rgb_encoder.layers.0.1.1.ffn.layers.0.bias:lr_mult=0.1
2026/09/26 11:58:10 - mmengine - INFO - paramwise_options -- rgb_encoder.layers.0.1.1.ffn.layers.1.weight:lr=5.9999999999999995e-05
2026/09/26 11:58:10 - mmengine - INFO - paramwise_options -- rgb_encoder.layers.0.1.1.ffn.layers.1.weight:weight_decay=0.01
2026/09/26 11:58:10 - mmengine - INFO - paramwise_options -- rgb_encoder.layers.0.1.1.ffn.layers.1.weight:lr_mult=0.1
2026/09/26 11:58:10 - mmengine - INFO - paramwise_options -- rgb_encoder.layers.0.1.1.ffn.layers.1.bias:lr=5.9999999999999995e-05
2026/09/26 11:58:10 - mmengine - INFO - paramwise_options -- rgb_encoder.layers.0.1.1.ffn.layers.1.bias:weight_decay=0.01
2026/09/26 11:58:10 - mmengine - INFO - paramwise_options -- rgb_encoder.layers.0.1.1.ffn.layers.1.bias:lr_mult=0.1
2026/09/26 11:58:10 - mmengine - INFO - paramwise_options -- rgb_encoder.layers.0.1.1.ffn.layers.4.weight:lr=5.9999999999999995e-05
2026/09/26 11:58:10 - mmengine - INFO - paramwise_options -- rgb_encoder.layers.0.1.1.ffn.layers.4.weight:weight_decay=0.01
2026/09/26 11:58:10 - mmengine - INFO - paramwise_options -- rgb_encoder.layers.0.1.1.ffn.layers.4.weight:lr_mult=0.1
2026/09/26 11:58:10 - mmengine - INFO - paramwise_options -- rgb_encoder.layers.0.1.1.ffn.layers.4.bias:lr=5.9999999999999995e-05
2026/09/26 11:58:10 - mmengine - INFO - paramwise_options -- rgb_encoder.layers.0.1.1.ffn.layers.4.bias:weight_decay=0.01
2026/09/26 11:58:10 - mmengine - INFO - paramwise_options -- rgb_encoder.layers.0.1.1.ffn.layers.4.bias:lr_mult=0.1
2026/09/26 11:58:10 - mmengine - INFO - paramwise_options -- rgb_encoder.layers.0.1.2.norm1.weight:lr=5.9999999999999995e-05
2026/09/26 11:58:10 - mmengine - INFO - paramwise_options -- rgb_encoder.layers.0.1.2.norm1.weight:weight_decay=0.01
2026/09/26 11:58:10 - mmengine - INFO - paramwise_options -- rgb_encoder.layers.0.1.2.norm1.weight:lr_mult=0.1
2026/09/26 11:58:10 - mmengine - INFO - paramwise_options -- rgb_encoder.layers.0.1.2.norm1.bias:lr=5.9999999999999995e-05
2026/09/26 11:58:10 - mmengine - INFO - paramwise_options -- rgb_encoder.layers.0.1.2.norm1.bias:weight_decay=0.01
2026/09/26 11:58:10 - mmengine - INFO - paramwise_options -- rgb_encoder.layers.0.1.2.norm1.bias:lr_mult=0.1
2026/09/26 11:58:10 - mmengine - INFO - paramwise_options -- rgb_encoder.layers.0.1.2.attn.attn.in_proj_weight:lr=5.9999999999999995e-05
2026/09/26 11:58:10 - mmengine - INFO - paramwise_options -- rgb_encoder.layers.0.1.2.attn.attn.in_proj_weight:weight_decay=0.01
2026/09/26 11:58:10 - mmengine - INFO - paramwise_options -- rgb_encoder.layers.0.1.2.attn.attn.in_proj_weight:lr_mult=0.1
2026/09/26 11:58:10 - mmengine - INFO - paramwise_options -- rgb_encoder.layers.0.1.2.attn.attn.in_proj_bias:lr=5.9999999999999995e-05
2026/09/26 11:58:10 - mmengine - INFO - paramwise_options -- rgb_encoder.layers.0.1.2.attn.attn.in_proj_bias:weight_decay=0.01
2026/09/26 11:58:10 - mmengine - INFO - paramwise_options -- rgb_encoder.layers.0.1.2.attn.attn.in_proj_bias:lr_mult=0.1
2026/09/26 11:58:10 - mmengine - INFO - paramwise_options -- rgb_encoder.layers.0.1.2.attn.attn.out_proj.weight:lr=5.9999999999999995e-05
2026/09/26 11:58:10 - mmengine - INFO - paramwise_options -- rgb_encoder.layers.0.1.2.attn.attn.out_proj.weight:weight_decay=0.01
2026/09/26 11:58:10 - mmengine - INFO - paramwise_options -- rgb_encoder.layers.0.1.2.attn.attn.out_proj.weight:lr_mult=0.1
2026/09/26 11:58:10 - mmengine - INFO - paramwise_options -- rgb_encoder.layers.0.1.2.attn.attn.out_proj.bias:lr=5.9999999999999995e-05
2026/09/26 11:58:10 - mmengine - INFO - paramwise_options -- rgb_encoder.layers.0.1.2.attn.attn.out_proj.bias:weight_decay=0.01
2026/09/26 11:58:10 - mmengine - INFO - paramwise_options -- rgb_encoder.layers.0.1.2.attn.attn.out_proj.bias:lr_mult=0.1
2026/09/26 11:58:10 - mmengine - INFO - paramwise_options -- rgb_encoder.layers.0.1.2.attn.sr.weight:lr=5.9999999999999995e-05
2026/09/26 11:58:10 - mmengine - INFO - paramwise_options -- rgb_encoder.layers.0.1.2.attn.sr.weight:weight_decay=0.01
2026/09/26 11:58:10 - mmengine - INFO - paramwise_options -- rgb_encoder.layers.0.1.2.attn.sr.weight:lr_mult=0.1
2026/09/26 11:58:10 - mmengine - INFO - paramwise_options -- rgb_encoder.layers.0.1.2.attn.sr.bias:lr=5.9999999999999995e-05
2026/09/26 11:58:10 - mmengine - INFO - paramwise_options -- rgb_encoder.layers.0.1.2.attn.sr.bias:weight_decay=0.01
2026/09/26 11:58:10 - mmengine - INFO - paramwise_options -- rgb_encoder.layers.0.1.2.attn.sr.bias:lr_mult=0.1
2026/09/26 11:58:10 - mmengine - INFO - paramwise_options -- rgb_encoder.layers.0.1.2.attn.norm.weight:lr=5.9999999999999995e-05
2026/09/26 11:58:10 - mmengine - INFO - paramwise_options -- rgb_encoder.layers.0.1.2.attn.norm.weight:weight_decay=0.01
2026/09/26 11:58:10 - mmengine - INFO - paramwise_options -- rgb_encoder.layers.0.1.2.attn.norm.weight:lr_mult=0.1
2026/09/26 11:58:10 - mmengine - INFO - paramwise_options -- rgb_encoder.layers.0.1.2.attn.norm.bias:lr=5.9999999999999995e-05
2026/09/26 11:58:10 - mmengine - INFO - paramwise_options -- rgb_encoder.layers.0.1.2.attn.norm.bias:weight_decay=0.01
2026/09/26 11:58:10 - mmengine - INFO - paramwise_options -- rgb_encoder.layers.0.1.2.attn.norm.bias:lr_mult=0.1
2026/09/26 11:58:10 - mmengine - INFO - paramwise_options -- rgb_encoder.layers.0.1.2.norm2.weight:lr=5.9999999999999995e-05
2026/09/26 11:58:10 - mmengine - INFO - paramwise_options -- rgb_encoder.layers.0.1.2.norm2.weight:weight_decay=0.01
2026/09/26 11:58:10 - mmengine - INFO - paramwise_options -- rgb_encoder.layers.0.1.2.norm2.weight:lr_mult=0.1
2026/09/26 11:58:10 - mmengine - INFO - paramwise_options -- rgb_encoder.layers.0.1.2.norm2.bias:lr=5.9999999999999995e-05
2026/09/26 11:58:10 - mmengine - INFO - paramwise_options -- rgb_encoder.layers.0.1.2.norm2.bias:weight_decay=0.01
2026/09/26 11:58:10 - mmengine - INFO - paramwise_options -- rgb_encoder.layers.0.1.2.norm2.bias:lr_mult=0.1
2026/09/26 11:58:10 - mmengine - INFO - paramwise_options -- rgb_encoder.layers.0.1.2.ffn.layers.0.weight:lr=5.9999999999999995e-05
2026/09/26 11:58:10 - mmengine - INFO - paramwise_options -- rgb_encoder.layers.0.1.2.ffn.layers.0.weight:weight_decay=0.01
2026/09/26 11:58:10 - mmengine - INFO - paramwise_options -- rgb_encoder.layers.0.1.2.ffn.layers.0.weight:lr_mult=0.1
2026/09/26 11:58:10 - mmengine - INFO - paramwise_options -- rgb_encoder.layers.0.1.2.ffn.layers.0.bias:lr=5.9999999999999995e-05
2026/09/26 11:58:10 - mmengine - INFO - paramwise_options -- rgb_encoder.layers.0.1.2.ffn.layers.0.bias:weight_decay=0.01
2026/09/26 11:58:10 - mmengine - INFO - paramwise_options -- rgb_encoder.layers.0.1.2.ffn.layers.0.bias:lr_mult=0.1
2026/09/26 11:58:10 - mmengine - INFO - paramwise_options -- rgb_encoder.layers.0.1.2.ffn.layers.1.weight:lr=5.9999999999999995e-05
2026/09/26 11:58:10 - mmengine - INFO - paramwise_options -- rgb_encoder.layers.0.1.2.ffn.layers.1.weight:weight_decay=0.01
2026/09/26 11:58:10 - mmengine - INFO - paramwise_options -- rgb_encoder.layers.0.1.2.ffn.layers.1.weight:lr_mult=0.1
2026/09/26 11:58:10 - mmengine - INFO - paramwise_options -- rgb_encoder.layers.0.1.2.ffn.layers.1.bias:lr=5.9999999999999995e-05
2026/09/26 11:58:10 - mmengine - INFO - paramwise_options -- rgb_encoder.layers.0.1.2.ffn.layers.1.bias:weight_decay=0.01
2026/09/26 11:58:10 - mmengine - INFO - paramwise_options -- rgb_encoder.layers.0.1.2.ffn.layers.1.bias:lr_mult=0.1
2026/09/26 11:58:10 - mmengine - INFO - paramwise_options -- rgb_encoder.layers.0.1.2.ffn.layers.4.weight:lr=5.9999999999999995e-05
2026/09/26 11:58:10 - mmengine - INFO - paramwise_options -- rgb_encoder.layers.0.1.2.ffn.layers.4.weight:weight_decay=0.01
2026/09/26 11:58:10 - mmengine - INFO - paramwise_options -- rgb_encoder.layers.0.1.2.ffn.layers.4.weight:lr_mult=0.1
2026/09/26 11:58:10 - mmengine - INFO - paramwise_options -- rgb_encoder.layers.0.1.2.ffn.layers.4.bias:lr=5.9999999999999995e-05
2026/09/26 11:58:10 - mmengine - INFO - paramwise_options -- rgb_encoder.layers.0.1.2.ffn.layers.4.bias:weight_decay=0.01
2026/09/26 11:58:10 - mmengine - INFO - paramwise_options -- rgb_encoder.layers.0.1.2.ffn.layers.4.bias:lr_mult=0.1
2026/09/26 11:58:10 - mmengine - INFO - paramwise_options -- rgb_encoder.layers.0.2.weight:lr=5.9999999999999995e-05
2026/09/26 11:58:10 - mmengine - INFO - paramwise_options -- rgb_encoder.layers.0.2.weight:weight_decay=0.01
2026/09/26 11:58:10 - mmengine - INFO - paramwise_options -- rgb_encoder.layers.0.2.weight:lr_mult=0.1
2026/09/26 11:58:10 - mmengine - INFO - paramwise_options -- rgb_encoder.layers.0.2.bias:lr=5.9999999999999995e-05
2026/09/26 11:58:10 - mmengine - INFO - paramwise_options -- rgb_encoder.layers.0.2.bias:weight_decay=0.01
2026/09/26 11:58:10 - mmengine - INFO - paramwise_options -- rgb_encoder.layers.0.2.bias:lr_mult=0.1
2026/09/26 11:58:10 - mmengine - INFO - paramwise_options -- rgb_encoder.layers.1.0.projection.weight:lr=5.9999999999999995e-05
2026/09/26 11:58:10 - mmengine - INFO - paramwise_options -- rgb_encoder.layers.1.0.projection.weight:weight_decay=0.01
2026/09/26 11:58:10 - mmengine - INFO - paramwise_options -- rgb_encoder.layers.1.0.projection.weight:lr_mult=0.1
2026/09/26 11:58:10 - mmengine - INFO - paramwise_options -- rgb_encoder.layers.1.0.projection.bias:lr=5.9999999999999995e-05
2026/09/26 11:58:10 - mmengine - INFO - paramwise_options -- rgb_encoder.layers.1.0.projection.bias:weight_decay=0.01
2026/09/26 11:58:10 - mmengine - INFO - paramwise_options -- rgb_encoder.layers.1.0.projection.bias:lr_mult=0.1
2026/09/26 11:58:10 - mmengine - INFO - paramwise_options -- rgb_encoder.layers.1.0.norm.weight:lr=5.9999999999999995e-05
2026/09/26 11:58:10 - mmengine - INFO - paramwise_options -- rgb_encoder.layers.1.0.norm.weight:weight_decay=0.01
2026/09/26 11:58:10 - mmengine - INFO - paramwise_options -- rgb_encoder.layers.1.0.norm.weight:lr_mult=0.1
2026/09/26 11:58:10 - mmengine - INFO - paramwise_options -- rgb_encoder.layers.1.0.norm.bias:lr=5.9999999999999995e-05
2026/09/26 11:58:10 - mmengine - INFO - paramwise_options -- rgb_encoder.layers.1.0.norm.bias:weight_decay=0.01
2026/09/26 11:58:10 - mmengine - INFO - paramwise_options -- rgb_encoder.layers.1.0.norm.bias:lr_mult=0.1
2026/09/26 11:58:10 - mmengine - INFO - paramwise_options -- rgb_encoder.layers.1.1.0.norm1.weight:lr=5.9999999999999995e-05
2026/09/26 11:58:10 - mmengine - INFO - paramwise_options -- rgb_encoder.layers.1.1.0.norm1.weight:weight_decay=0.01
2026/09/26 11:58:10 - mmengine - INFO - paramwise_options -- rgb_encoder.layers.1.1.0.norm1.weight:lr_mult=0.1
2026/09/26 11:58:10 - mmengine - INFO - paramwise_options -- rgb_encoder.layers.1.1.0.norm1.bias:lr=5.9999999999999995e-05
2026/09/26 11:58:10 - mmengine - INFO - paramwise_options -- rgb_encoder.layers.1.1.0.norm1.bias:weight_decay=0.01
2026/09/26 11:58:10 - mmengine - INFO - paramwise_options -- rgb_encoder.layers.1.1.0.norm1.bias:lr_mult=0.1
2026/09/26 11:58:10 - mmengine - INFO - paramwise_options -- rgb_encoder.layers.1.1.0.attn.attn.in_proj_weight:lr=5.9999999999999995e-05
2026/09/26 11:58:10 - mmengine - INFO - paramwise_options -- rgb_encoder.layers.1.1.0.attn.attn.in_proj_weight:weight_decay=0.01
2026/09/26 11:58:10 - mmengine - INFO - paramwise_options -- rgb_encoder.layers.1.1.0.attn.attn.in_proj_weight:lr_mult=0.1
2026/09/26 11:58:10 - mmengine - INFO - paramwise_options -- rgb_encoder.layers.1.1.0.attn.attn.in_proj_bias:lr=5.9999999999999995e-05
2026/09/26 11:58:10 - mmengine - INFO - paramwise_options -- rgb_encoder.layers.1.1.0.attn.attn.in_proj_bias:weight_decay=0.01
2026/09/26 11:58:10 - mmengine - INFO - paramwise_options -- rgb_encoder.layers.1.1.0.attn.attn.in_proj_bias:lr_mult=0.1
2026/09/26 11:58:10 - mmengine - INFO - paramwise_options -- rgb_encoder.layers.1.1.0.attn.attn.out_proj.weight:lr=5.9999999999999995e-05
2026/09/26 11:58:10 - mmengine - INFO - paramwise_options -- rgb_encoder.layers.1.1.0.attn.attn.out_proj.weight:weight_decay=0.01
2026/09/26 11:58:10 - mmengine - INFO - paramwise_options -- rgb_encoder.layers.1.1.0.attn.attn.out_proj.weight:lr_mult=0.1
2026/09/26 11:58:10 - mmengine - INFO - paramwise_options -- rgb_encoder.layers.1.1.0.attn.attn.out_proj.bias:lr=5.9999999999999995e-05
2026/09/26 11:58:10 - mmengine - INFO - paramwise_options -- rgb_encoder.layers.1.1.0.attn.attn.out_proj.bias:weight_decay=0.01
2026/09/26 11:58:10 - mmengine - INFO - paramwise_options -- rgb_encoder.layers.1.1.0.attn.attn.out_proj.bias:lr_mult=0.1
2026/09/26 11:58:10 - mmengine - INFO - paramwise_options -- rgb_encoder.layers.1.1.0.attn.sr.weight:lr=5.9999999999999995e-05
2026/09/26 11:58:10 - mmengine - INFO - paramwise_options -- rgb_encoder.layers.1.1.0.attn.sr.weight:weight_decay=0.01
2026/09/26 11:58:10 - mmengine - INFO - paramwise_options -- rgb_encoder.layers.1.1.0.attn.sr.weight:lr_mult=0.1
2026/09/26 11:58:10 - mmengine - INFO - paramwise_options -- rgb_encoder.layers.1.1.0.attn.sr.bias:lr=5.9999999999999995e-05
2026/09/26 11:58:10 - mmengine - INFO - paramwise_options -- rgb_encoder.layers.1.1.0.attn.sr.bias:weight_decay=0.01
2026/09/26 11:58:10 - mmengine - INFO - paramwise_options -- rgb_encoder.layers.1.1.0.attn.sr.bias:lr_mult=0.1
2026/09/26 11:58:10 - mmengine - INFO - paramwise_options -- rgb_encoder.layers.1.1.0.attn.norm.weight:lr=5.9999999999999995e-05
2026/09/26 11:58:10 - mmengine - INFO - paramwise_options -- rgb_encoder.layers.1.1.0.attn.norm.weight:weight_decay=0.01
2026/09/26 11:58:10 - mmengine - INFO - paramwise_options -- rgb_encoder.layers.1.1.0.attn.norm.weight:lr_mult=0.1
2026/09/26 11:58:10 - mmengine - INFO - paramwise_options -- rgb_encoder.layers.1.1.0.attn.norm.bias:lr=5.9999999999999995e-05
2026/09/26 11:58:10 - mmengine - INFO - paramwise_options -- rgb_encoder.layers.1.1.0.attn.norm.bias:weight_decay=0.01
2026/09/26 11:58:10 - mmengine - INFO - paramwise_options -- rgb_encoder.layers.1.1.0.attn.norm.bias:lr_mult=0.1
2026/09/26 11:58:10 - mmengine - INFO - paramwise_options -- rgb_encoder.layers.1.1.0.norm2.weight:lr=5.9999999999999995e-05
2026/09/26 11:58:10 - mmengine - INFO - paramwise_options -- rgb_encoder.layers.1.1.0.norm2.weight:weight_decay=0.01
2026/09/26 11:58:10 - mmengine - INFO - paramwise_options -- rgb_encoder.layers.1.1.0.norm2.weight:lr_mult=0.1
2026/09/26 11:58:10 - mmengine - INFO - paramwise_options -- rgb_encoder.layers.1.1.0.norm2.bias:lr=5.9999999999999995e-05
2026/09/26 11:58:10 - mmengine - INFO - paramwise_options -- rgb_encoder.layers.1.1.0.norm2.bias:weight_decay=0.01
2026/09/26 11:58:10 - mmengine - INFO - paramwise_options -- rgb_encoder.layers.1.1.0.norm2.bias:lr_mult=0.1
2026/09/26 11:58:10 - mmengine - INFO - paramwise_options -- rgb_encoder.layers.1.1.0.ffn.layers.0.weight:lr=5.9999999999999995e-05
2026/09/26 11:58:10 - mmengine - INFO - paramwise_options -- rgb_encoder.layers.1.1.0.ffn.layers.0.weight:weight_decay=0.01
2026/09/26 11:58:10 - mmengine - INFO - paramwise_options -- rgb_encoder.layers.1.1.0.ffn.layers.0.weight:lr_mult=0.1
2026/09/26 11:58:10 - mmengine - INFO - paramwise_options -- rgb_encoder.layers.1.1.0.ffn.layers.0.bias:lr=5.9999999999999995e-05
2026/09/26 11:58:10 - mmengine - INFO - paramwise_options -- rgb_encoder.layers.1.1.0.ffn.layers.0.bias:weight_decay=0.01
2026/09/26 11:58:10 - mmengine - INFO - paramwise_options -- rgb_encoder.layers.1.1.0.ffn.layers.0.bias:lr_mult=0.1
2026/09/26 11:58:10 - mmengine - INFO - paramwise_options -- rgb_encoder.layers.1.1.0.ffn.layers.1.weight:lr=5.9999999999999995e-05
2026/09/26 11:58:10 - mmengine - INFO - paramwise_options -- rgb_encoder.layers.1.1.0.ffn.layers.1.weight:weight_decay=0.01
2026/09/26 11:58:10 - mmengine - INFO - paramwise_options -- rgb_encoder.layers.1.1.0.ffn.layers.1.weight:lr_mult=0.1
2026/09/26 11:58:10 - mmengine - INFO - paramwise_options -- rgb_encoder.layers.1.1.0.ffn.layers.1.bias:lr=5.9999999999999995e-05
2026/09/26 11:58:10 - mmengine - INFO - paramwise_options -- rgb_encoder.layers.1.1.0.ffn.layers.1.bias:weight_decay=0.01
2026/09/26 11:58:10 - mmengine - INFO - paramwise_options -- rgb_encoder.layers.1.1.0.ffn.layers.1.bias:lr_mult=0.1
2026/09/26 11:58:10 - mmengine - INFO - paramwise_options -- rgb_encoder.layers.1.1.0.ffn.layers.4.weight:lr=5.9999999999999995e-05
2026/09/26 11:58:10 - mmengine - INFO - paramwise_options -- rgb_encoder.layers.1.1.0.ffn.layers.4.weight:weight_decay=0.01
2026/09/26 11:58:10 - mmengine - INFO - paramwise_options -- rgb_encoder.layers.1.1.0.ffn.layers.4.weight:lr_mult=0.1
2026/09/26 11:58:10 - mmengine - INFO - paramwise_options -- rgb_encoder.layers.1.1.0.ffn.layers.4.bias:lr=5.9999999999999995e-05
2026/09/26 11:58:10 - mmengine - INFO - paramwise_options -- rgb_encoder.layers.1.1.0.ffn.layers.4.bias:weight_decay=0.01
2026/09/26 11:58:10 - mmengine - INFO - paramwise_options -- rgb_encoder.layers.1.1.0.ffn.layers.4.bias:lr_mult=0.1
2026/09/26 11:58:10 - mmengine - INFO - paramwise_options -- rgb_encoder.layers.1.1.1.norm1.weight:lr=5.9999999999999995e-05
2026/09/26 11:58:10 - mmengine - INFO - paramwise_options -- rgb_encoder.layers.1.1.1.norm1.weight:weight_decay=0.01
2026/09/26 11:58:10 - mmengine - INFO - paramwise_options -- rgb_encoder.layers.1.1.1.norm1.weight:lr_mult=0.1
2026/09/26 11:58:10 - mmengine - INFO - paramwise_options -- rgb_encoder.layers.1.1.1.norm1.bias:lr=5.9999999999999995e-05
2026/09/26 11:58:10 - mmengine - INFO - paramwise_options -- rgb_encoder.layers.1.1.1.norm1.bias:weight_decay=0.01
2026/09/26 11:58:10 - mmengine - INFO - paramwise_options -- rgb_encoder.layers.1.1.1.norm1.bias:lr_mult=0.1
2026/09/26 11:58:10 - mmengine - INFO - paramwise_options -- rgb_encoder.layers.1.1.1.attn.attn.in_proj_weight:lr=5.9999999999999995e-05
2026/09/26 11:58:10 - mmengine - INFO - paramwise_options -- rgb_encoder.layers.1.1.1.attn.attn.in_proj_weight:weight_decay=0.01
2026/09/26 11:58:10 - mmengine - INFO - paramwise_options -- rgb_encoder.layers.1.1.1.attn.attn.in_proj_weight:lr_mult=0.1
2026/09/26 11:58:10 - mmengine - INFO - paramwise_options -- rgb_encoder.layers.1.1.1.attn.attn.in_proj_bias:lr=5.9999999999999995e-05
2026/09/26 11:58:10 - mmengine - INFO - paramwise_options -- rgb_encoder.layers.1.1.1.attn.attn.in_proj_bias:weight_decay=0.01
2026/09/26 11:58:10 - mmengine - INFO - paramwise_options -- rgb_encoder.layers.1.1.1.attn.attn.in_proj_bias:lr_mult=0.1
2026/09/26 11:58:10 - mmengine - INFO - paramwise_options -- rgb_encoder.layers.1.1.1.attn.attn.out_proj.weight:lr=5.9999999999999995e-05
2026/09/26 11:58:10 - mmengine - INFO - paramwise_options -- rgb_encoder.layers.1.1.1.attn.attn.out_proj.weight:weight_decay=0.01
2026/09/26 11:58:10 - mmengine - INFO - paramwise_options -- rgb_encoder.layers.1.1.1.attn.attn.out_proj.weight:lr_mult=0.1
2026/09/26 11:58:10 - mmengine - INFO - paramwise_options -- rgb_encoder.layers.1.1.1.attn.attn.out_proj.bias:lr=5.9999999999999995e-05
2026/09/26 11:58:10 - mmengine - INFO - paramwise_options -- rgb_encoder.layers.1.1.1.attn.attn.out_proj.bias:weight_decay=0.01
2026/09/26 11:58:10 - mmengine - INFO - paramwise_options -- rgb_encoder.layers.1.1.1.attn.attn.out_proj.bias:lr_mult=0.1
2026/09/26 11:58:10 - mmengine - INFO - paramwise_options -- rgb_encoder.layers.1.1.1.attn.sr.weight:lr=5.9999999999999995e-05
2026/09/26 11:58:10 - mmengine - INFO - paramwise_options -- rgb_encoder.layers.1.1.1.attn.sr.weight:weight_decay=0.01
2026/09/26 11:58:10 - mmengine - INFO - paramwise_options -- rgb_encoder.layers.1.1.1.attn.sr.weight:lr_mult=0.1
2026/09/26 11:58:10 - mmengine - INFO - paramwise_options -- rgb_encoder.layers.1.1.1.attn.sr.bias:lr=5.9999999999999995e-05
2026/09/26 11:58:10 - mmengine - INFO - paramwise_options -- rgb_encoder.layers.1.1.1.attn.sr.bias:weight_decay=0.01
2026/09/26 11:58:10 - mmengine - INFO - paramwise_options -- rgb_encoder.layers.1.1.1.attn.sr.bias:lr_mult=0.1
2026/09/26 11:58:10 - mmengine - INFO - paramwise_options -- rgb_encoder.layers.1.1.1.attn.norm.weight:lr=5.9999999999999995e-05
2026/09/26 11:58:10 - mmengine - INFO - paramwise_options -- rgb_encoder.layers.1.1.1.attn.norm.weight:weight_decay=0.01
2026/09/26 11:58:10 - mmengine - INFO - paramwise_options -- rgb_encoder.layers.1.1.1.attn.norm.weight:lr_mult=0.1
2026/09/26 11:58:10 - mmengine - INFO - paramwise_options -- rgb_encoder.layers.1.1.1.attn.norm.bias:lr=5.9999999999999995e-05
2026/09/26 11:58:10 - mmengine - INFO - paramwise_options -- rgb_encoder.layers.1.1.1.attn.norm.bias:weight_decay=0.01
2026/09/26 11:58:10 - mmengine - INFO - paramwise_options -- rgb_encoder.layers.1.1.1.attn.norm.bias:lr_mult=0.1
2026/09/26 11:58:10 - mmengine - INFO - paramwise_options -- rgb_encoder.layers.1.1.1.norm2.weight:lr=5.9999999999999995e-05
2026/09/26 11:58:10 - mmengine - INFO - paramwise_options -- rgb_encoder.layers.1.1.1.norm2.weight:weight_decay=0.01
2026/09/26 11:58:10 - mmengine - INFO - paramwise_options -- rgb_encoder.layers.1.1.1.norm2.weight:lr_mult=0.1
2026/09/26 11:58:10 - mmengine - INFO - paramwise_options -- rgb_encoder.layers.1.1.1.norm2.bias:lr=5.9999999999999995e-05
2026/09/26 11:58:10 - mmengine - INFO - paramwise_options -- rgb_encoder.layers.1.1.1.norm2.bias:weight_decay=0.01
2026/09/26 11:58:10 - mmengine - INFO - paramwise_options -- rgb_encoder.layers.1.1.1.norm2.bias:lr_mult=0.1
2026/09/26 11:58:10 - mmengine - INFO - paramwise_options -- rgb_encoder.layers.1.1.1.ffn.layers.0.weight:lr=5.9999999999999995e-05
2026/09/26 11:58:10 - mmengine - INFO - paramwise_options -- rgb_encoder.layers.1.1.1.ffn.layers.0.weight:weight_decay=0.01
2026/09/26 11:58:10 - mmengine - INFO - paramwise_options -- rgb_encoder.layers.1.1.1.ffn.layers.0.weight:lr_mult=0.1
2026/09/26 11:58:10 - mmengine - INFO - paramwise_options -- rgb_encoder.layers.1.1.1.ffn.layers.0.bias:lr=5.9999999999999995e-05
2026/09/26 11:58:10 - mmengine - INFO - paramwise_options -- rgb_encoder.layers.1.1.1.ffn.layers.0.bias:weight_decay=0.01
2026/09/26 11:58:10 - mmengine - INFO - paramwise_options -- rgb_encoder.layers.1.1.1.ffn.layers.0.bias:lr_mult=0.1
2026/09/26 11:58:10 - mmengine - INFO - paramwise_options -- rgb_encoder.layers.1.1.1.ffn.layers.1.weight:lr=5.9999999999999995e-05
2026/09/26 11:58:10 - mmengine - INFO - paramwise_options -- rgb_encoder.layers.1.1.1.ffn.layers.1.weight:weight_decay=0.01
2026/09/26 11:58:10 - mmengine - INFO - paramwise_options -- rgb_encoder.layers.1.1.1.ffn.layers.1.weight:lr_mult=0.1
2026/09/26 11:58:10 - mmengine - INFO - paramwise_options -- rgb_encoder.layers.1.1.1.ffn.layers.1.bias:lr=5.9999999999999995e-05
2026/09/26 11:58:10 - mmengine - INFO - paramwise_options -- rgb_encoder.layers.1.1.1.ffn.layers.1.bias:weight_decay=0.01
2026/09/26 11:58:10 - mmengine - INFO - paramwise_options -- rgb_encoder.layers.1.1.1.ffn.layers.1.bias:lr_mult=0.1
2026/09/26 11:58:10 - mmengine - INFO - paramwise_options -- rgb_encoder.layers.1.1.1.ffn.layers.4.weight:lr=5.9999999999999995e-05
2026/09/26 11:58:10 - mmengine - INFO - paramwise_options -- rgb_encoder.layers.1.1.1.ffn.layers.4.weight:weight_decay=0.01
2026/09/26 11:58:10 - mmengine - INFO - paramwise_options -- rgb_encoder.layers.1.1.1.ffn.layers.4.weight:lr_mult=0.1
2026/09/26 11:58:10 - mmengine - INFO - paramwise_options -- rgb_encoder.layers.1.1.1.ffn.layers.4.bias:lr=5.9999999999999995e-05
2026/09/26 11:58:10 - mmengine - INFO - paramwise_options -- rgb_encoder.layers.1.1.1.ffn.layers.4.bias:weight_decay=0.01
2026/09/26 11:58:10 - mmengine - INFO - paramwise_options -- rgb_encoder.layers.1.1.1.ffn.layers.4.bias:lr_mult=0.1
2026/09/26 11:58:10 - mmengine - INFO - paramwise_options -- rgb_encoder.layers.1.1.2.norm1.weight:lr=5.9999999999999995e-05
2026/09/26 11:58:10 - mmengine - INFO - paramwise_options -- rgb_encoder.layers.1.1.2.norm1.weight:weight_decay=0.01
2026/09/26 11:58:10 - mmengine - INFO - paramwise_options -- rgb_encoder.layers.1.1.2.norm1.weight:lr_mult=0.1
2026/09/26 11:58:10 - mmengine - INFO - paramwise_options -- rgb_encoder.layers.1.1.2.norm1.bias:lr=5.9999999999999995e-05
2026/09/26 11:58:10 - mmengine - INFO - paramwise_options -- rgb_encoder.layers.1.1.2.norm1.bias:weight_decay=0.01
2026/09/26 11:58:10 - mmengine - INFO - paramwise_options -- rgb_encoder.layers.1.1.2.norm1.bias:lr_mult=0.1
2026/09/26 11:58:10 - mmengine - INFO - paramwise_options -- rgb_encoder.layers.1.1.2.attn.attn.in_proj_weight:lr=5.9999999999999995e-05
2026/09/26 11:58:10 - mmengine - INFO - paramwise_options -- rgb_encoder.layers.1.1.2.attn.attn.in_proj_weight:weight_decay=0.01
2026/09/26 11:58:10 - mmengine - INFO - paramwise_options -- rgb_encoder.layers.1.1.2.attn.attn.in_proj_weight:lr_mult=0.1
2026/09/26 11:58:10 - mmengine - INFO - paramwise_options -- rgb_encoder.layers.1.1.2.attn.attn.in_proj_bias:lr=5.9999999999999995e-05
2026/09/26 11:58:10 - mmengine - INFO - paramwise_options -- rgb_encoder.layers.1.1.2.attn.attn.in_proj_bias:weight_decay=0.01
2026/09/26 11:58:10 - mmengine - INFO - paramwise_options -- rgb_encoder.layers.1.1.2.attn.attn.in_proj_bias:lr_mult=0.1
2026/09/26 11:58:10 - mmengine - INFO - paramwise_options -- rgb_encoder.layers.1.1.2.attn.attn.out_proj.weight:lr=5.9999999999999995e-05
2026/09/26 11:58:10 - mmengine - INFO - paramwise_options -- rgb_encoder.layers.1.1.2.attn.attn.out_proj.weight:weight_decay=0.01
2026/09/26 11:58:10 - mmengine - INFO - paramwise_options -- rgb_encoder.layers.1.1.2.attn.attn.out_proj.weight:lr_mult=0.1
2026/09/26 11:58:10 - mmengine - INFO - paramwise_options -- rgb_encoder.layers.1.1.2.attn.attn.out_proj.bias:lr=5.9999999999999995e-05
2026/09/26 11:58:10 - mmengine - INFO - paramwise_options -- rgb_encoder.layers.1.1.2.attn.attn.out_proj.bias:weight_decay=0.01
2026/09/26 11:58:10 - mmengine - INFO - paramwise_options -- rgb_encoder.layers.1.1.2.attn.attn.out_proj.bias:lr_mult=0.1
2026/09/26 11:58:10 - mmengine - INFO - paramwise_options -- rgb_encoder.layers.1.1.2.attn.sr.weight:lr=5.9999999999999995e-05
2026/09/26 11:58:10 - mmengine - INFO - paramwise_options -- rgb_encoder.layers.1.1.2.attn.sr.weight:weight_decay=0.01
2026/09/26 11:58:10 - mmengine - INFO - paramwise_options -- rgb_encoder.layers.1.1.2.attn.sr.weight:lr_mult=0.1
2026/09/26 11:58:10 - mmengine - INFO - paramwise_options -- rgb_encoder.layers.1.1.2.attn.sr.bias:lr=5.9999999999999995e-05
2026/09/26 11:58:10 - mmengine - INFO - paramwise_options -- rgb_encoder.layers.1.1.2.attn.sr.bias:weight_decay=0.01
2026/09/26 11:58:10 - mmengine - INFO - paramwise_options -- rgb_encoder.layers.1.1.2.attn.sr.bias:lr_mult=0.1
2026/09/26 11:58:10 - mmengine - INFO - paramwise_options -- rgb_encoder.layers.1.1.2.attn.norm.weight:lr=5.9999999999999995e-05
2026/09/26 11:58:10 - mmengine - INFO - paramwise_options -- rgb_encoder.layers.1.1.2.attn.norm.weight:weight_decay=0.01
2026/09/26 11:58:10 - mmengine - INFO - paramwise_options -- rgb_encoder.layers.1.1.2.attn.norm.weight:lr_mult=0.1
2026/09/26 11:58:10 - mmengine - INFO - paramwise_options -- rgb_encoder.layers.1.1.2.attn.norm.bias:lr=5.9999999999999995e-05
2026/09/26 11:58:10 - mmengine - INFO - paramwise_options -- rgb_encoder.layers.1.1.2.attn.norm.bias:weight_decay=0.01
2026/09/26 11:58:10 - mmengine - INFO - paramwise_options -- rgb_encoder.layers.1.1.2.attn.norm.bias:lr_mult=0.1
2026/09/26 11:58:10 - mmengine - INFO - paramwise_options -- rgb_encoder.layers.1.1.2.norm2.weight:lr=5.9999999999999995e-05
2026/09/26 11:58:10 - mmengine - INFO - paramwise_options -- rgb_encoder.layers.1.1.2.norm2.weight:weight_decay=0.01
2026/09/26 11:58:10 - mmengine - INFO - paramwise_options -- rgb_encoder.layers.1.1.2.norm2.weight:lr_mult=0.1
2026/09/26 11:58:10 - mmengine - INFO - paramwise_options -- rgb_encoder.layers.1.1.2.norm2.bias:lr=5.9999999999999995e-05
2026/09/26 11:58:10 - mmengine - INFO - paramwise_options -- rgb_encoder.layers.1.1.2.norm2.bias:weight_decay=0.01
2026/09/26 11:58:10 - mmengine - INFO - paramwise_options -- rgb_encoder.layers.1.1.2.norm2.bias:lr_mult=0.1
2026/09/26 11:58:10 - mmengine - INFO - paramwise_options -- rgb_encoder.layers.1.1.2.ffn.layers.0.weight:lr=5.9999999999999995e-05
2026/09/26 11:58:10 - mmengine - INFO - paramwise_options -- rgb_encoder.layers.1.1.2.ffn.layers.0.weight:weight_decay=0.01
2026/09/26 11:58:10 - mmengine - INFO - paramwise_options -- rgb_encoder.layers.1.1.2.ffn.layers.0.weight:lr_mult=0.1
2026/09/26 11:58:10 - mmengine - INFO - paramwise_options -- rgb_encoder.layers.1.1.2.ffn.layers.0.bias:lr=5.9999999999999995e-05
2026/09/26 11:58:10 - mmengine - INFO - paramwise_options -- rgb_encoder.layers.1.1.2.ffn.layers.0.bias:weight_decay=0.01
2026/09/26 11:58:10 - mmengine - INFO - paramwise_options -- rgb_encoder.layers.1.1.2.ffn.layers.0.bias:lr_mult=0.1
2026/09/26 11:58:10 - mmengine - INFO - paramwise_options -- rgb_encoder.layers.1.1.2.ffn.layers.1.weight:lr=5.9999999999999995e-05
2026/09/26 11:58:10 - mmengine - INFO - paramwise_options -- rgb_encoder.layers.1.1.2.ffn.layers.1.weight:weight_decay=0.01
2026/09/26 11:58:10 - mmengine - INFO - paramwise_options -- rgb_encoder.layers.1.1.2.ffn.layers.1.weight:lr_mult=0.1
2026/09/26 11:58:10 - mmengine - INFO - paramwise_options -- rgb_encoder.layers.1.1.2.ffn.layers.1.bias:lr=5.9999999999999995e-05
2026/09/26 11:58:10 - mmengine - INFO - paramwise_options -- rgb_encoder.layers.1.1.2.ffn.layers.1.bias:weight_decay=0.01
2026/09/26 11:58:10 - mmengine - INFO - paramwise_options -- rgb_encoder.layers.1.1.2.ffn.layers.1.bias:lr_mult=0.1
2026/09/26 11:58:10 - mmengine - INFO - paramwise_options -- rgb_encoder.layers.1.1.2.ffn.layers.4.weight:lr=5.9999999999999995e-05
2026/09/26 11:58:10 - mmengine - INFO - paramwise_options -- rgb_encoder.layers.1.1.2.ffn.layers.4.weight:weight_decay=0.01
2026/09/26 11:58:10 - mmengine - INFO - paramwise_options -- rgb_encoder.layers.1.1.2.ffn.layers.4.weight:lr_mult=0.1
2026/09/26 11:58:10 - mmengine - INFO - paramwise_options -- rgb_encoder.layers.1.1.2.ffn.layers.4.bias:lr=5.9999999999999995e-05
2026/09/26 11:58:10 - mmengine - INFO - paramwise_options -- rgb_encoder.layers.1.1.2.ffn.layers.4.bias:weight_decay=0.01
2026/09/26 11:58:10 - mmengine - INFO - paramwise_options -- rgb_encoder.layers.1.1.2.ffn.layers.4.bias:lr_mult=0.1
2026/09/26 11:58:10 - mmengine - INFO - paramwise_options -- rgb_encoder.layers.1.1.3.norm1.weight:lr=5.9999999999999995e-05
2026/09/26 11:58:10 - mmengine - INFO - paramwise_options -- rgb_encoder.layers.1.1.3.norm1.weight:weight_decay=0.01
2026/09/26 11:58:10 - mmengine - INFO - paramwise_options -- rgb_encoder.layers.1.1.3.norm1.weight:lr_mult=0.1
2026/09/26 11:58:10 - mmengine - INFO - paramwise_options -- rgb_encoder.layers.1.1.3.norm1.bias:lr=5.9999999999999995e-05
2026/09/26 11:58:10 - mmengine - INFO - paramwise_options -- rgb_encoder.layers.1.1.3.norm1.bias:weight_decay=0.01
2026/09/26 11:58:10 - mmengine - INFO - paramwise_options -- rgb_encoder.layers.1.1.3.norm1.bias:lr_mult=0.1
2026/09/26 11:58:10 - mmengine - INFO - paramwise_options -- rgb_encoder.layers.1.1.3.attn.attn.in_proj_weight:lr=5.9999999999999995e-05
2026/09/26 11:58:10 - mmengine - INFO - paramwise_options -- rgb_encoder.layers.1.1.3.attn.attn.in_proj_weight:weight_decay=0.01
2026/09/26 11:58:10 - mmengine - INFO - paramwise_options -- rgb_encoder.layers.1.1.3.attn.attn.in_proj_weight:lr_mult=0.1
2026/09/26 11:58:10 - mmengine - INFO - paramwise_options -- rgb_encoder.layers.1.1.3.attn.attn.in_proj_bias:lr=5.9999999999999995e-05
2026/09/26 11:58:10 - mmengine - INFO - paramwise_options -- rgb_encoder.layers.1.1.3.attn.attn.in_proj_bias:weight_decay=0.01
2026/09/26 11:58:10 - mmengine - INFO - paramwise_options -- rgb_encoder.layers.1.1.3.attn.attn.in_proj_bias:lr_mult=0.1
2026/09/26 11:58:10 - mmengine - INFO - paramwise_options -- rgb_encoder.layers.1.1.3.attn.attn.out_proj.weight:lr=5.9999999999999995e-05
2026/09/26 11:58:10 - mmengine - INFO - paramwise_options -- rgb_encoder.layers.1.1.3.attn.attn.out_proj.weight:weight_decay=0.01
2026/09/26 11:58:10 - mmengine - INFO - paramwise_options -- rgb_encoder.layers.1.1.3.attn.attn.out_proj.weight:lr_mult=0.1
2026/09/26 11:58:10 - mmengine - INFO - paramwise_options -- rgb_encoder.layers.1.1.3.attn.attn.out_proj.bias:lr=5.9999999999999995e-05
2026/09/26 11:58:10 - mmengine - INFO - paramwise_options -- rgb_encoder.layers.1.1.3.attn.attn.out_proj.bias:weight_decay=0.01
2026/09/26 11:58:10 - mmengine - INFO - paramwise_options -- rgb_encoder.layers.1.1.3.attn.attn.out_proj.bias:lr_mult=0.1
2026/09/26 11:58:10 - mmengine - INFO - paramwise_options -- rgb_encoder.layers.1.1.3.attn.sr.weight:lr=5.9999999999999995e-05
2026/09/26 11:58:10 - mmengine - INFO - paramwise_options -- rgb_encoder.layers.1.1.3.attn.sr.weight:weight_decay=0.01
2026/09/26 11:58:10 - mmengine - INFO - paramwise_options -- rgb_encoder.layers.1.1.3.attn.sr.weight:lr_mult=0.1
2026/09/26 11:58:10 - mmengine - INFO - paramwise_options -- rgb_encoder.layers.1.1.3.attn.sr.bias:lr=5.9999999999999995e-05
2026/09/26 11:58:10 - mmengine - INFO - paramwise_options -- rgb_encoder.layers.1.1.3.attn.sr.bias:weight_decay=0.01
2026/09/26 11:58:10 - mmengine - INFO - paramwise_options -- rgb_encoder.layers.1.1.3.attn.sr.bias:lr_mult=0.1
2026/09/26 11:58:10 - mmengine - INFO - paramwise_options -- rgb_encoder.layers.1.1.3.attn.norm.weight:lr=5.9999999999999995e-05
2026/09/26 11:58:10 - mmengine - INFO - paramwise_options -- rgb_encoder.layers.1.1.3.attn.norm.weight:weight_decay=0.01
2026/09/26 11:58:10 - mmengine - INFO - paramwise_options -- rgb_encoder.layers.1.1.3.attn.norm.weight:lr_mult=0.1
2026/09/26 11:58:10 - mmengine - INFO - paramwise_options -- rgb_encoder.layers.1.1.3.attn.norm.bias:lr=5.9999999999999995e-05
2026/09/26 11:58:10 - mmengine - INFO - paramwise_options -- rgb_encoder.layers.1.1.3.attn.norm.bias:weight_decay=0.01
2026/09/26 11:58:10 - mmengine - INFO - paramwise_options -- rgb_encoder.layers.1.1.3.attn.norm.bias:lr_mult=0.1
2026/09/26 11:58:10 - mmengine - INFO - paramwise_options -- rgb_encoder.layers.1.1.3.norm2.weight:lr=5.9999999999999995e-05
2026/09/26 11:58:10 - mmengine - INFO - paramwise_options -- rgb_encoder.layers.1.1.3.norm2.weight:weight_decay=0.01
2026/09/26 11:58:10 - mmengine - INFO - paramwise_options -- rgb_encoder.layers.1.1.3.norm2.weight:lr_mult=0.1
2026/09/26 11:58:10 - mmengine - INFO - paramwise_options -- rgb_encoder.layers.1.1.3.norm2.bias:lr=5.9999999999999995e-05
2026/09/26 11:58:10 - mmengine - INFO - paramwise_options -- rgb_encoder.layers.1.1.3.norm2.bias:weight_decay=0.01
2026/09/26 11:58:10 - mmengine - INFO - paramwise_options -- rgb_encoder.layers.1.1.3.norm2.bias:lr_mult=0.1
2026/09/26 11:58:10 - mmengine - INFO - paramwise_options -- rgb_encoder.layers.1.1.3.ffn.layers.0.weight:lr=5.9999999999999995e-05
2026/09/26 11:58:10 - mmengine - INFO - paramwise_options -- rgb_encoder.layers.1.1.3.ffn.layers.0.weight:weight_decay=0.01
2026/09/26 11:58:10 - mmengine - INFO - paramwise_options -- rgb_encoder.layers.1.1.3.ffn.layers.0.weight:lr_mult=0.1
2026/09/26 11:58:10 - mmengine - INFO - paramwise_options -- rgb_encoder.layers.1.1.3.ffn.layers.0.bias:lr=5.9999999999999995e-05
2026/09/26 11:58:10 - mmengine - INFO - paramwise_options -- rgb_encoder.layers.1.1.3.ffn.layers.0.bias:weight_decay=0.01
2026/09/26 11:58:10 - mmengine - INFO - paramwise_options -- rgb_encoder.layers.1.1.3.ffn.layers.0.bias:lr_mult=0.1
2026/09/26 11:58:10 - mmengine - INFO - paramwise_options -- rgb_encoder.layers.1.1.3.ffn.layers.1.weight:lr=5.9999999999999995e-05
2026/09/26 11:58:10 - mmengine - INFO - paramwise_options -- rgb_encoder.layers.1.1.3.ffn.layers.1.weight:weight_decay=0.01
2026/09/26 11:58:10 - mmengine - INFO - paramwise_options -- rgb_encoder.layers.1.1.3.ffn.layers.1.weight:lr_mult=0.1
2026/09/26 11:58:10 - mmengine - INFO - paramwise_options -- rgb_encoder.layers.1.1.3.ffn.layers.1.bias:lr=5.9999999999999995e-05
2026/09/26 11:58:10 - mmengine - INFO - paramwise_options -- rgb_encoder.layers.1.1.3.ffn.layers.1.bias:weight_decay=0.01
2026/09/26 11:58:10 - mmengine - INFO - paramwise_options -- rgb_encoder.layers.1.1.3.ffn.layers.1.bias:lr_mult=0.1
2026/09/26 11:58:10 - mmengine - INFO - paramwise_options -- rgb_encoder.layers.1.1.3.ffn.layers.4.weight:lr=5.9999999999999995e-05
2026/09/26 11:58:10 - mmengine - INFO - paramwise_options -- rgb_encoder.layers.1.1.3.ffn.layers.4.weight:weight_decay=0.01
2026/09/26 11:58:10 - mmengine - INFO - paramwise_options -- rgb_encoder.layers.1.1.3.ffn.layers.4.weight:lr_mult=0.1
2026/09/26 11:58:10 - mmengine - INFO - paramwise_options -- rgb_encoder.layers.1.1.3.ffn.layers.4.bias:lr=5.9999999999999995e-05
2026/09/26 11:58:10 - mmengine - INFO - paramwise_options -- rgb_encoder.layers.1.1.3.ffn.layers.4.bias:weight_decay=0.01
2026/09/26 11:58:10 - mmengine - INFO - paramwise_options -- rgb_encoder.layers.1.1.3.ffn.layers.4.bias:lr_mult=0.1
2026/09/26 11:58:10 - mmengine - INFO - paramwise_options -- rgb_encoder.layers.1.2.weight:lr=5.9999999999999995e-05
2026/09/26 11:58:10 - mmengine - INFO - paramwise_options -- rgb_encoder.layers.1.2.weight:weight_decay=0.01
2026/09/26 11:58:10 - mmengine - INFO - paramwise_options -- rgb_encoder.layers.1.2.weight:lr_mult=0.1
2026/09/26 11:58:10 - mmengine - INFO - paramwise_options -- rgb_encoder.layers.1.2.bias:lr=5.9999999999999995e-05
2026/09/26 11:58:10 - mmengine - INFO - paramwise_options -- rgb_encoder.layers.1.2.bias:weight_decay=0.01
2026/09/26 11:58:10 - mmengine - INFO - paramwise_options -- rgb_encoder.layers.1.2.bias:lr_mult=0.1
2026/09/26 11:58:10 - mmengine - INFO - paramwise_options -- rgb_encoder.layers.2.0.projection.weight:lr=5.9999999999999995e-05
2026/09/26 11:58:10 - mmengine - INFO - paramwise_options -- rgb_encoder.layers.2.0.projection.weight:weight_decay=0.01
2026/09/26 11:58:10 - mmengine - INFO - paramwise_options -- rgb_encoder.layers.2.0.projection.weight:lr_mult=0.1
2026/09/26 11:58:10 - mmengine - INFO - paramwise_options -- rgb_encoder.layers.2.0.projection.bias:lr=5.9999999999999995e-05
2026/09/26 11:58:10 - mmengine - INFO - paramwise_options -- rgb_encoder.layers.2.0.projection.bias:weight_decay=0.01
2026/09/26 11:58:10 - mmengine - INFO - paramwise_options -- rgb_encoder.layers.2.0.projection.bias:lr_mult=0.1
2026/09/26 11:58:10 - mmengine - INFO - paramwise_options -- rgb_encoder.layers.2.0.norm.weight:lr=5.9999999999999995e-05
2026/09/26 11:58:10 - mmengine - INFO - paramwise_options -- rgb_encoder.layers.2.0.norm.weight:weight_decay=0.01
2026/09/26 11:58:10 - mmengine - INFO - paramwise_options -- rgb_encoder.layers.2.0.norm.weight:lr_mult=0.1
2026/09/26 11:58:10 - mmengine - INFO - paramwise_options -- rgb_encoder.layers.2.0.norm.bias:lr=5.9999999999999995e-05
2026/09/26 11:58:10 - mmengine - INFO - paramwise_options -- rgb_encoder.layers.2.0.norm.bias:weight_decay=0.01
2026/09/26 11:58:10 - mmengine - INFO - paramwise_options -- rgb_encoder.layers.2.0.norm.bias:lr_mult=0.1
2026/09/26 11:58:10 - mmengine - INFO - paramwise_options -- rgb_encoder.layers.2.1.0.norm1.weight:lr=5.9999999999999995e-05
2026/09/26 11:58:10 - mmengine - INFO - paramwise_options -- rgb_encoder.layers.2.1.0.norm1.weight:weight_decay=0.01
2026/09/26 11:58:10 - mmengine - INFO - paramwise_options -- rgb_encoder.layers.2.1.0.norm1.weight:lr_mult=0.1
2026/09/26 11:58:10 - mmengine - INFO - paramwise_options -- rgb_encoder.layers.2.1.0.norm1.bias:lr=5.9999999999999995e-05
2026/09/26 11:58:10 - mmengine - INFO - paramwise_options -- rgb_encoder.layers.2.1.0.norm1.bias:weight_decay=0.01
2026/09/26 11:58:10 - mmengine - INFO - paramwise_options -- rgb_encoder.layers.2.1.0.norm1.bias:lr_mult=0.1
2026/09/26 11:58:10 - mmengine - INFO - paramwise_options -- rgb_encoder.layers.2.1.0.attn.attn.in_proj_weight:lr=5.9999999999999995e-05
2026/09/26 11:58:10 - mmengine - INFO - paramwise_options -- rgb_encoder.layers.2.1.0.attn.attn.in_proj_weight:weight_decay=0.01
2026/09/26 11:58:10 - mmengine - INFO - paramwise_options -- rgb_encoder.layers.2.1.0.attn.attn.in_proj_weight:lr_mult=0.1
2026/09/26 11:58:10 - mmengine - INFO - paramwise_options -- rgb_encoder.layers.2.1.0.attn.attn.in_proj_bias:lr=5.9999999999999995e-05
2026/09/26 11:58:10 - mmengine - INFO - paramwise_options -- rgb_encoder.layers.2.1.0.attn.attn.in_proj_bias:weight_decay=0.01
2026/09/26 11:58:10 - mmengine - INFO - paramwise_options -- rgb_encoder.layers.2.1.0.attn.attn.in_proj_bias:lr_mult=0.1
2026/09/26 11:58:10 - mmengine - INFO - paramwise_options -- rgb_encoder.layers.2.1.0.attn.attn.out_proj.weight:lr=5.9999999999999995e-05
2026/09/26 11:58:10 - mmengine - INFO - paramwise_options -- rgb_encoder.layers.2.1.0.attn.attn.out_proj.weight:weight_decay=0.01
2026/09/26 11:58:10 - mmengine - INFO - paramwise_options -- rgb_encoder.layers.2.1.0.attn.attn.out_proj.weight:lr_mult=0.1
2026/09/26 11:58:10 - mmengine - INFO - paramwise_options -- rgb_encoder.layers.2.1.0.attn.attn.out_proj.bias:lr=5.9999999999999995e-05
2026/09/26 11:58:10 - mmengine - INFO - paramwise_options -- rgb_encoder.layers.2.1.0.attn.attn.out_proj.bias:weight_decay=0.01
2026/09/26 11:58:10 - mmengine - INFO - paramwise_options -- rgb_encoder.layers.2.1.0.attn.attn.out_proj.bias:lr_mult=0.1
2026/09/26 11:58:10 - mmengine - INFO - paramwise_options -- rgb_encoder.layers.2.1.0.attn.sr.weight:lr=5.9999999999999995e-05
2026/09/26 11:58:10 - mmengine - INFO - paramwise_options -- rgb_encoder.layers.2.1.0.attn.sr.weight:weight_decay=0.01
2026/09/26 11:58:10 - mmengine - INFO - paramwise_options -- rgb_encoder.layers.2.1.0.attn.sr.weight:lr_mult=0.1
2026/09/26 11:58:10 - mmengine - INFO - paramwise_options -- rgb_encoder.layers.2.1.0.attn.sr.bias:lr=5.9999999999999995e-05
2026/09/26 11:58:10 - mmengine - INFO - paramwise_options -- rgb_encoder.layers.2.1.0.attn.sr.bias:weight_decay=0.01
2026/09/26 11:58:10 - mmengine - INFO - paramwise_options -- rgb_encoder.layers.2.1.0.attn.sr.bias:lr_mult=0.1
2026/09/26 11:58:10 - mmengine - INFO - paramwise_options -- rgb_encoder.layers.2.1.0.attn.norm.weight:lr=5.9999999999999995e-05
2026/09/26 11:58:10 - mmengine - INFO - paramwise_options -- rgb_encoder.layers.2.1.0.attn.norm.weight:weight_decay=0.01
2026/09/26 11:58:10 - mmengine - INFO - paramwise_options -- rgb_encoder.layers.2.1.0.attn.norm.weight:lr_mult=0.1
2026/09/26 11:58:10 - mmengine - INFO - paramwise_options -- rgb_encoder.layers.2.1.0.attn.norm.bias:lr=5.9999999999999995e-05
2026/09/26 11:58:10 - mmengine - INFO - paramwise_options -- rgb_encoder.layers.2.1.0.attn.norm.bias:weight_decay=0.01
2026/09/26 11:58:10 - mmengine - INFO - paramwise_options -- rgb_encoder.layers.2.1.0.attn.norm.bias:lr_mult=0.1
2026/09/26 11:58:10 - mmengine - INFO - paramwise_options -- rgb_encoder.layers.2.1.0.norm2.weight:lr=5.9999999999999995e-05
2026/09/26 11:58:10 - mmengine - INFO - paramwise_options -- rgb_encoder.layers.2.1.0.norm2.weight:weight_decay=0.01
2026/09/26 11:58:10 - mmengine - INFO - paramwise_options -- rgb_encoder.layers.2.1.0.norm2.weight:lr_mult=0.1
2026/09/26 11:58:10 - mmengine - INFO - paramwise_options -- rgb_encoder.layers.2.1.0.norm2.bias:lr=5.9999999999999995e-05
2026/09/26 11:58:10 - mmengine - INFO - paramwise_options -- rgb_encoder.layers.2.1.0.norm2.bias:weight_decay=0.01
2026/09/26 11:58:10 - mmengine - INFO - paramwise_options -- rgb_encoder.layers.2.1.0.norm2.bias:lr_mult=0.1
2026/09/26 11:58:10 - mmengine - INFO - paramwise_options -- rgb_encoder.layers.2.1.0.ffn.layers.0.weight:lr=5.9999999999999995e-05
2026/09/26 11:58:10 - mmengine - INFO - paramwise_options -- rgb_encoder.layers.2.1.0.ffn.layers.0.weight:weight_decay=0.01
2026/09/26 11:58:10 - mmengine - INFO - paramwise_options -- rgb_encoder.layers.2.1.0.ffn.layers.0.weight:lr_mult=0.1
2026/09/26 11:58:10 - mmengine - INFO - paramwise_options -- rgb_encoder.layers.2.1.0.ffn.layers.0.bias:lr=5.9999999999999995e-05
2026/09/26 11:58:10 - mmengine - INFO - paramwise_options -- rgb_encoder.layers.2.1.0.ffn.layers.0.bias:weight_decay=0.01
2026/09/26 11:58:10 - mmengine - INFO - paramwise_options -- rgb_encoder.layers.2.1.0.ffn.layers.0.bias:lr_mult=0.1
2026/09/26 11:58:10 - mmengine - INFO - paramwise_options -- rgb_encoder.layers.2.1.0.ffn.layers.1.weight:lr=5.9999999999999995e-05
2026/09/26 11:58:10 - mmengine - INFO - paramwise_options -- rgb_encoder.layers.2.1.0.ffn.layers.1.weight:weight_decay=0.01
2026/09/26 11:58:10 - mmengine - INFO - paramwise_options -- rgb_encoder.layers.2.1.0.ffn.layers.1.weight:lr_mult=0.1
2026/09/26 11:58:10 - mmengine - INFO - paramwise_options -- rgb_encoder.layers.2.1.0.ffn.layers.1.bias:lr=5.9999999999999995e-05
2026/09/26 11:58:10 - mmengine - INFO - paramwise_options -- rgb_encoder.layers.2.1.0.ffn.layers.1.bias:weight_decay=0.01
2026/09/26 11:58:10 - mmengine - INFO - paramwise_options -- rgb_encoder.layers.2.1.0.ffn.layers.1.bias:lr_mult=0.1
2026/09/26 11:58:10 - mmengine - INFO - paramwise_options -- rgb_encoder.layers.2.1.0.ffn.layers.4.weight:lr=5.9999999999999995e-05
2026/09/26 11:58:10 - mmengine - INFO - paramwise_options -- rgb_encoder.layers.2.1.0.ffn.layers.4.weight:weight_decay=0.01
2026/09/26 11:58:10 - mmengine - INFO - paramwise_options -- rgb_encoder.layers.2.1.0.ffn.layers.4.weight:lr_mult=0.1
2026/09/26 11:58:10 - mmengine - INFO - paramwise_options -- rgb_encoder.layers.2.1.0.ffn.layers.4.bias:lr=5.9999999999999995e-05
2026/09/26 11:58:10 - mmengine - INFO - paramwise_options -- rgb_encoder.layers.2.1.0.ffn.layers.4.bias:weight_decay=0.01
2026/09/26 11:58:10 - mmengine - INFO - paramwise_options -- rgb_encoder.layers.2.1.0.ffn.layers.4.bias:lr_mult=0.1
2026/09/26 11:58:10 - mmengine - INFO - paramwise_options -- rgb_encoder.layers.2.1.1.norm1.weight:lr=5.9999999999999995e-05
2026/09/26 11:58:10 - mmengine - INFO - paramwise_options -- rgb_encoder.layers.2.1.1.norm1.weight:weight_decay=0.01
2026/09/26 11:58:10 - mmengine - INFO - paramwise_options -- rgb_encoder.layers.2.1.1.norm1.weight:lr_mult=0.1
2026/09/26 11:58:10 - mmengine - INFO - paramwise_options -- rgb_encoder.layers.2.1.1.norm1.bias:lr=5.9999999999999995e-05
2026/09/26 11:58:10 - mmengine - INFO - paramwise_options -- rgb_encoder.layers.2.1.1.norm1.bias:weight_decay=0.01
2026/09/26 11:58:10 - mmengine - INFO - paramwise_options -- rgb_encoder.layers.2.1.1.norm1.bias:lr_mult=0.1
2026/09/26 11:58:10 - mmengine - INFO - paramwise_options -- rgb_encoder.layers.2.1.1.attn.attn.in_proj_weight:lr=5.9999999999999995e-05
2026/09/26 11:58:10 - mmengine - INFO - paramwise_options -- rgb_encoder.layers.2.1.1.attn.attn.in_proj_weight:weight_decay=0.01
2026/09/26 11:58:10 - mmengine - INFO - paramwise_options -- rgb_encoder.layers.2.1.1.attn.attn.in_proj_weight:lr_mult=0.1
2026/09/26 11:58:10 - mmengine - INFO - paramwise_options -- rgb_encoder.layers.2.1.1.attn.attn.in_proj_bias:lr=5.9999999999999995e-05
2026/09/26 11:58:10 - mmengine - INFO - paramwise_options -- rgb_encoder.layers.2.1.1.attn.attn.in_proj_bias:weight_decay=0.01
2026/09/26 11:58:10 - mmengine - INFO - paramwise_options -- rgb_encoder.layers.2.1.1.attn.attn.in_proj_bias:lr_mult=0.1
2026/09/26 11:58:10 - mmengine - INFO - paramwise_options -- rgb_encoder.layers.2.1.1.attn.attn.out_proj.weight:lr=5.9999999999999995e-05
2026/09/26 11:58:10 - mmengine - INFO - paramwise_options -- rgb_encoder.layers.2.1.1.attn.attn.out_proj.weight:weight_decay=0.01
2026/09/26 11:58:10 - mmengine - INFO - paramwise_options -- rgb_encoder.layers.2.1.1.attn.attn.out_proj.weight:lr_mult=0.1
2026/09/26 11:58:10 - mmengine - INFO - paramwise_options -- rgb_encoder.layers.2.1.1.attn.attn.out_proj.bias:lr=5.9999999999999995e-05
2026/09/26 11:58:10 - mmengine - INFO - paramwise_options -- rgb_encoder.layers.2.1.1.attn.attn.out_proj.bias:weight_decay=0.01
2026/09/26 11:58:10 - mmengine - INFO - paramwise_options -- rgb_encoder.layers.2.1.1.attn.attn.out_proj.bias:lr_mult=0.1
2026/09/26 11:58:10 - mmengine - INFO - paramwise_options -- rgb_encoder.layers.2.1.1.attn.sr.weight:lr=5.9999999999999995e-05
2026/09/26 11:58:10 - mmengine - INFO - paramwise_options -- rgb_encoder.layers.2.1.1.attn.sr.weight:weight_decay=0.01
2026/09/26 11:58:10 - mmengine - INFO - paramwise_options -- rgb_encoder.layers.2.1.1.attn.sr.weight:lr_mult=0.1
2026/09/26 11:58:10 - mmengine - INFO - paramwise_options -- rgb_encoder.layers.2.1.1.attn.sr.bias:lr=5.9999999999999995e-05
2026/09/26 11:58:10 - mmengine - INFO - paramwise_options -- rgb_encoder.layers.2.1.1.attn.sr.bias:weight_decay=0.01
2026/09/26 11:58:10 - mmengine - INFO - paramwise_options -- rgb_encoder.layers.2.1.1.attn.sr.bias:lr_mult=0.1
2026/09/26 11:58:10 - mmengine - INFO - paramwise_options -- rgb_encoder.layers.2.1.1.attn.norm.weight:lr=5.9999999999999995e-05
2026/09/26 11:58:10 - mmengine - INFO - paramwise_options -- rgb_encoder.layers.2.1.1.attn.norm.weight:weight_decay=0.01
2026/09/26 11:58:10 - mmengine - INFO - paramwise_options -- rgb_encoder.layers.2.1.1.attn.norm.weight:lr_mult=0.1
2026/09/26 11:58:10 - mmengine - INFO - paramwise_options -- rgb_encoder.layers.2.1.1.attn.norm.bias:lr=5.9999999999999995e-05
2026/09/26 11:58:10 - mmengine - INFO - paramwise_options -- rgb_encoder.layers.2.1.1.attn.norm.bias:weight_decay=0.01
2026/09/26 11:58:10 - mmengine - INFO - paramwise_options -- rgb_encoder.layers.2.1.1.attn.norm.bias:lr_mult=0.1
2026/09/26 11:58:10 - mmengine - INFO - paramwise_options -- rgb_encoder.layers.2.1.1.norm2.weight:lr=5.9999999999999995e-05
2026/09/26 11:58:10 - mmengine - INFO - paramwise_options -- rgb_encoder.layers.2.1.1.norm2.weight:weight_decay=0.01
2026/09/26 11:58:10 - mmengine - INFO - paramwise_options -- rgb_encoder.layers.2.1.1.norm2.weight:lr_mult=0.1
2026/09/26 11:58:10 - mmengine - INFO - paramwise_options -- rgb_encoder.layers.2.1.1.norm2.bias:lr=5.9999999999999995e-05
2026/09/26 11:58:10 - mmengine - INFO - paramwise_options -- rgb_encoder.layers.2.1.1.norm2.bias:weight_decay=0.01
2026/09/26 11:58:10 - mmengine - INFO - paramwise_options -- rgb_encoder.layers.2.1.1.norm2.bias:lr_mult=0.1
2026/09/26 11:58:10 - mmengine - INFO - paramwise_options -- rgb_encoder.layers.2.1.1.ffn.layers.0.weight:lr=5.9999999999999995e-05
2026/09/26 11:58:10 - mmengine - INFO - paramwise_options -- rgb_encoder.layers.2.1.1.ffn.layers.0.weight:weight_decay=0.01
2026/09/26 11:58:10 - mmengine - INFO - paramwise_options -- rgb_encoder.layers.2.1.1.ffn.layers.0.weight:lr_mult=0.1
2026/09/26 11:58:10 - mmengine - INFO - paramwise_options -- rgb_encoder.layers.2.1.1.ffn.layers.0.bias:lr=5.9999999999999995e-05
2026/09/26 11:58:10 - mmengine - INFO - paramwise_options -- rgb_encoder.layers.2.1.1.ffn.layers.0.bias:weight_decay=0.01
2026/09/26 11:58:10 - mmengine - INFO - paramwise_options -- rgb_encoder.layers.2.1.1.ffn.layers.0.bias:lr_mult=0.1
2026/09/26 11:58:10 - mmengine - INFO - paramwise_options -- rgb_encoder.layers.2.1.1.ffn.layers.1.weight:lr=5.9999999999999995e-05
2026/09/26 11:58:10 - mmengine - INFO - paramwise_options -- rgb_encoder.layers.2.1.1.ffn.layers.1.weight:weight_decay=0.01
2026/09/26 11:58:10 - mmengine - INFO - paramwise_options -- rgb_encoder.layers.2.1.1.ffn.layers.1.weight:lr_mult=0.1
2026/09/26 11:58:10 - mmengine - INFO - paramwise_options -- rgb_encoder.layers.2.1.1.ffn.layers.1.bias:lr=5.9999999999999995e-05
2026/09/26 11:58:10 - mmengine - INFO - paramwise_options -- rgb_encoder.layers.2.1.1.ffn.layers.1.bias:weight_decay=0.01
2026/09/26 11:58:10 - mmengine - INFO - paramwise_options -- rgb_encoder.layers.2.1.1.ffn.layers.1.bias:lr_mult=0.1
2026/09/26 11:58:10 - mmengine - INFO - paramwise_options -- rgb_encoder.layers.2.1.1.ffn.layers.4.weight:lr=5.9999999999999995e-05
2026/09/26 11:58:10 - mmengine - INFO - paramwise_options -- rgb_encoder.layers.2.1.1.ffn.layers.4.weight:weight_decay=0.01
2026/09/26 11:58:10 - mmengine - INFO - paramwise_options -- rgb_encoder.layers.2.1.1.ffn.layers.4.weight:lr_mult=0.1
2026/09/26 11:58:10 - mmengine - INFO - paramwise_options -- rgb_encoder.layers.2.1.1.ffn.layers.4.bias:lr=5.9999999999999995e-05
2026/09/26 11:58:10 - mmengine - INFO - paramwise_options -- rgb_encoder.layers.2.1.1.ffn.layers.4.bias:weight_decay=0.01
2026/09/26 11:58:10 - mmengine - INFO - paramwise_options -- rgb_encoder.layers.2.1.1.ffn.layers.4.bias:lr_mult=0.1
2026/09/26 11:58:10 - mmengine - INFO - paramwise_options -- rgb_encoder.layers.2.1.2.norm1.weight:lr=5.9999999999999995e-05
2026/09/26 11:58:10 - mmengine - INFO - paramwise_options -- rgb_encoder.layers.2.1.2.norm1.weight:weight_decay=0.01
2026/09/26 11:58:10 - mmengine - INFO - paramwise_options -- rgb_encoder.layers.2.1.2.norm1.weight:lr_mult=0.1
2026/09/26 11:58:10 - mmengine - INFO - paramwise_options -- rgb_encoder.layers.2.1.2.norm1.bias:lr=5.9999999999999995e-05
2026/09/26 11:58:10 - mmengine - INFO - paramwise_options -- rgb_encoder.layers.2.1.2.norm1.bias:weight_decay=0.01
2026/09/26 11:58:10 - mmengine - INFO - paramwise_options -- rgb_encoder.layers.2.1.2.norm1.bias:lr_mult=0.1
2026/09/26 11:58:10 - mmengine - INFO - paramwise_options -- rgb_encoder.layers.2.1.2.attn.attn.in_proj_weight:lr=5.9999999999999995e-05
2026/09/26 11:58:10 - mmengine - INFO - paramwise_options -- rgb_encoder.layers.2.1.2.attn.attn.in_proj_weight:weight_decay=0.01
2026/09/26 11:58:10 - mmengine - INFO - paramwise_options -- rgb_encoder.layers.2.1.2.attn.attn.in_proj_weight:lr_mult=0.1
2026/09/26 11:58:10 - mmengine - INFO - paramwise_options -- rgb_encoder.layers.2.1.2.attn.attn.in_proj_bias:lr=5.9999999999999995e-05
2026/09/26 11:58:10 - mmengine - INFO - paramwise_options -- rgb_encoder.layers.2.1.2.attn.attn.in_proj_bias:weight_decay=0.01
2026/09/26 11:58:10 - mmengine - INFO - paramwise_options -- rgb_encoder.layers.2.1.2.attn.attn.in_proj_bias:lr_mult=0.1
2026/09/26 11:58:10 - mmengine - INFO - paramwise_options -- rgb_encoder.layers.2.1.2.attn.attn.out_proj.weight:lr=5.9999999999999995e-05
2026/09/26 11:58:10 - mmengine - INFO - paramwise_options -- rgb_encoder.layers.2.1.2.attn.attn.out_proj.weight:weight_decay=0.01
2026/09/26 11:58:10 - mmengine - INFO - paramwise_options -- rgb_encoder.layers.2.1.2.attn.attn.out_proj.weight:lr_mult=0.1
2026/09/26 11:58:10 - mmengine - INFO - paramwise_options -- rgb_encoder.layers.2.1.2.attn.attn.out_proj.bias:lr=5.9999999999999995e-05
2026/09/26 11:58:10 - mmengine - INFO - paramwise_options -- rgb_encoder.layers.2.1.2.attn.attn.out_proj.bias:weight_decay=0.01
2026/09/26 11:58:10 - mmengine - INFO - paramwise_options -- rgb_encoder.layers.2.1.2.attn.attn.out_proj.bias:lr_mult=0.1
2026/09/26 11:58:10 - mmengine - INFO - paramwise_options -- rgb_encoder.layers.2.1.2.attn.sr.weight:lr=5.9999999999999995e-05
2026/09/26 11:58:10 - mmengine - INFO - paramwise_options -- rgb_encoder.layers.2.1.2.attn.sr.weight:weight_decay=0.01
2026/09/26 11:58:10 - mmengine - INFO - paramwise_options -- rgb_encoder.layers.2.1.2.attn.sr.weight:lr_mult=0.1
2026/09/26 11:58:10 - mmengine - INFO - paramwise_options -- rgb_encoder.layers.2.1.2.attn.sr.bias:lr=5.9999999999999995e-05
2026/09/26 11:58:10 - mmengine - INFO - paramwise_options -- rgb_encoder.layers.2.1.2.attn.sr.bias:weight_decay=0.01
2026/09/26 11:58:10 - mmengine - INFO - paramwise_options -- rgb_encoder.layers.2.1.2.attn.sr.bias:lr_mult=0.1
2026/09/26 11:58:10 - mmengine - INFO - paramwise_options -- rgb_encoder.layers.2.1.2.attn.norm.weight:lr=5.9999999999999995e-05
2026/09/26 11:58:10 - mmengine - INFO - paramwise_options -- rgb_encoder.layers.2.1.2.attn.norm.weight:weight_decay=0.01
2026/09/26 11:58:10 - mmengine - INFO - paramwise_options -- rgb_encoder.layers.2.1.2.attn.norm.weight:lr_mult=0.1
2026/09/26 11:58:10 - mmengine - INFO - paramwise_options -- rgb_encoder.layers.2.1.2.attn.norm.bias:lr=5.9999999999999995e-05
2026/09/26 11:58:10 - mmengine - INFO - paramwise_options -- rgb_encoder.layers.2.1.2.attn.norm.bias:weight_decay=0.01
2026/09/26 11:58:10 - mmengine - INFO - paramwise_options -- rgb_encoder.layers.2.1.2.attn.norm.bias:lr_mult=0.1
2026/09/26 11:58:10 - mmengine - INFO - paramwise_options -- rgb_encoder.layers.2.1.2.norm2.weight:lr=5.9999999999999995e-05
2026/09/26 11:58:10 - mmengine - INFO - paramwise_options -- rgb_encoder.layers.2.1.2.norm2.weight:weight_decay=0.01
2026/09/26 11:58:10 - mmengine - INFO - paramwise_options -- rgb_encoder.layers.2.1.2.norm2.weight:lr_mult=0.1
2026/09/26 11:58:10 - mmengine - INFO - paramwise_options -- rgb_encoder.layers.2.1.2.norm2.bias:lr=5.9999999999999995e-05
2026/09/26 11:58:10 - mmengine - INFO - paramwise_options -- rgb_encoder.layers.2.1.2.norm2.bias:weight_decay=0.01
2026/09/26 11:58:10 - mmengine - INFO - paramwise_options -- rgb_encoder.layers.2.1.2.norm2.bias:lr_mult=0.1
2026/09/26 11:58:10 - mmengine - INFO - paramwise_options -- rgb_encoder.layers.2.1.2.ffn.layers.0.weight:lr=5.9999999999999995e-05
2026/09/26 11:58:10 - mmengine - INFO - paramwise_options -- rgb_encoder.layers.2.1.2.ffn.layers.0.weight:weight_decay=0.01
2026/09/26 11:58:10 - mmengine - INFO - paramwise_options -- rgb_encoder.layers.2.1.2.ffn.layers.0.weight:lr_mult=0.1
2026/09/26 11:58:10 - mmengine - INFO - paramwise_options -- rgb_encoder.layers.2.1.2.ffn.layers.0.bias:lr=5.9999999999999995e-05
2026/09/26 11:58:10 - mmengine - INFO - paramwise_options -- rgb_encoder.layers.2.1.2.ffn.layers.0.bias:weight_decay=0.01
2026/09/26 11:58:10 - mmengine - INFO - paramwise_options -- rgb_encoder.layers.2.1.2.ffn.layers.0.bias:lr_mult=0.1
2026/09/26 11:58:10 - mmengine - INFO - paramwise_options -- rgb_encoder.layers.2.1.2.ffn.layers.1.weight:lr=5.9999999999999995e-05
2026/09/26 11:58:10 - mmengine - INFO - paramwise_options -- rgb_encoder.layers.2.1.2.ffn.layers.1.weight:weight_decay=0.01
2026/09/26 11:58:10 - mmengine - INFO - paramwise_options -- rgb_encoder.layers.2.1.2.ffn.layers.1.weight:lr_mult=0.1
2026/09/26 11:58:10 - mmengine - INFO - paramwise_options -- rgb_encoder.layers.2.1.2.ffn.layers.1.bias:lr=5.9999999999999995e-05
2026/09/26 11:58:10 - mmengine - INFO - paramwise_options -- rgb_encoder.layers.2.1.2.ffn.layers.1.bias:weight_decay=0.01
2026/09/26 11:58:10 - mmengine - INFO - paramwise_options -- rgb_encoder.layers.2.1.2.ffn.layers.1.bias:lr_mult=0.1
2026/09/26 11:58:10 - mmengine - INFO - paramwise_options -- rgb_encoder.layers.2.1.2.ffn.layers.4.weight:lr=5.9999999999999995e-05
2026/09/26 11:58:10 - mmengine - INFO - paramwise_options -- rgb_encoder.layers.2.1.2.ffn.layers.4.weight:weight_decay=0.01
2026/09/26 11:58:10 - mmengine - INFO - paramwise_options -- rgb_encoder.layers.2.1.2.ffn.layers.4.weight:lr_mult=0.1
2026/09/26 11:58:10 - mmengine - INFO - paramwise_options -- rgb_encoder.layers.2.1.2.ffn.layers.4.bias:lr=5.9999999999999995e-05
2026/09/26 11:58:10 - mmengine - INFO - paramwise_options -- rgb_encoder.layers.2.1.2.ffn.layers.4.bias:weight_decay=0.01
2026/09/26 11:58:10 - mmengine - INFO - paramwise_options -- rgb_encoder.layers.2.1.2.ffn.layers.4.bias:lr_mult=0.1
2026/09/26 11:58:10 - mmengine - INFO - paramwise_options -- rgb_encoder.layers.2.1.3.norm1.weight:lr=5.9999999999999995e-05
2026/09/26 11:58:10 - mmengine - INFO - paramwise_options -- rgb_encoder.layers.2.1.3.norm1.weight:weight_decay=0.01
2026/09/26 11:58:10 - mmengine - INFO - paramwise_options -- rgb_encoder.layers.2.1.3.norm1.weight:lr_mult=0.1
2026/09/26 11:58:10 - mmengine - INFO - paramwise_options -- rgb_encoder.layers.2.1.3.norm1.bias:lr=5.9999999999999995e-05
2026/09/26 11:58:10 - mmengine - INFO - paramwise_options -- rgb_encoder.layers.2.1.3.norm1.bias:weight_decay=0.01
2026/09/26 11:58:10 - mmengine - INFO - paramwise_options -- rgb_encoder.layers.2.1.3.norm1.bias:lr_mult=0.1
2026/09/26 11:58:10 - mmengine - INFO - paramwise_options -- rgb_encoder.layers.2.1.3.attn.attn.in_proj_weight:lr=5.9999999999999995e-05
2026/09/26 11:58:10 - mmengine - INFO - paramwise_options -- rgb_encoder.layers.2.1.3.attn.attn.in_proj_weight:weight_decay=0.01
2026/09/26 11:58:10 - mmengine - INFO - paramwise_options -- rgb_encoder.layers.2.1.3.attn.attn.in_proj_weight:lr_mult=0.1
2026/09/26 11:58:10 - mmengine - INFO - paramwise_options -- rgb_encoder.layers.2.1.3.attn.attn.in_proj_bias:lr=5.9999999999999995e-05
2026/09/26 11:58:10 - mmengine - INFO - paramwise_options -- rgb_encoder.layers.2.1.3.attn.attn.in_proj_bias:weight_decay=0.01
2026/09/26 11:58:10 - mmengine - INFO - paramwise_options -- rgb_encoder.layers.2.1.3.attn.attn.in_proj_bias:lr_mult=0.1
2026/09/26 11:58:10 - mmengine - INFO - paramwise_options -- rgb_encoder.layers.2.1.3.attn.attn.out_proj.weight:lr=5.9999999999999995e-05
2026/09/26 11:58:10 - mmengine - INFO - paramwise_options -- rgb_encoder.layers.2.1.3.attn.attn.out_proj.weight:weight_decay=0.01
2026/09/26 11:58:10 - mmengine - INFO - paramwise_options -- rgb_encoder.layers.2.1.3.attn.attn.out_proj.weight:lr_mult=0.1
2026/09/26 11:58:10 - mmengine - INFO - paramwise_options -- rgb_encoder.layers.2.1.3.attn.attn.out_proj.bias:lr=5.9999999999999995e-05
2026/09/26 11:58:10 - mmengine - INFO - paramwise_options -- rgb_encoder.layers.2.1.3.attn.attn.out_proj.bias:weight_decay=0.01
2026/09/26 11:58:10 - mmengine - INFO - paramwise_options -- rgb_encoder.layers.2.1.3.attn.attn.out_proj.bias:lr_mult=0.1
2026/09/26 11:58:10 - mmengine - INFO - paramwise_options -- rgb_encoder.layers.2.1.3.attn.sr.weight:lr=5.9999999999999995e-05
2026/09/26 11:58:10 - mmengine - INFO - paramwise_options -- rgb_encoder.layers.2.1.3.attn.sr.weight:weight_decay=0.01
2026/09/26 11:58:10 - mmengine - INFO - paramwise_options -- rgb_encoder.layers.2.1.3.attn.sr.weight:lr_mult=0.1
2026/09/26 11:58:10 - mmengine - INFO - paramwise_options -- rgb_encoder.layers.2.1.3.attn.sr.bias:lr=5.9999999999999995e-05
2026/09/26 11:58:10 - mmengine - INFO - paramwise_options -- rgb_encoder.layers.2.1.3.attn.sr.bias:weight_decay=0.01
2026/09/26 11:58:10 - mmengine - INFO - paramwise_options -- rgb_encoder.layers.2.1.3.attn.sr.bias:lr_mult=0.1
2026/09/26 11:58:10 - mmengine - INFO - paramwise_options -- rgb_encoder.layers.2.1.3.attn.norm.weight:lr=5.9999999999999995e-05
2026/09/26 11:58:10 - mmengine - INFO - paramwise_options -- rgb_encoder.layers.2.1.3.attn.norm.weight:weight_decay=0.01
2026/09/26 11:58:10 - mmengine - INFO - paramwise_options -- rgb_encoder.layers.2.1.3.attn.norm.weight:lr_mult=0.1
2026/09/26 11:58:10 - mmengine - INFO - paramwise_options -- rgb_encoder.layers.2.1.3.attn.norm.bias:lr=5.9999999999999995e-05
2026/09/26 11:58:10 - mmengine - INFO - paramwise_options -- rgb_encoder.layers.2.1.3.attn.norm.bias:weight_decay=0.01
2026/09/26 11:58:10 - mmengine - INFO - paramwise_options -- rgb_encoder.layers.2.1.3.attn.norm.bias:lr_mult=0.1
2026/09/26 11:58:10 - mmengine - INFO - paramwise_options -- rgb_encoder.layers.2.1.3.norm2.weight:lr=5.9999999999999995e-05
2026/09/26 11:58:10 - mmengine - INFO - paramwise_options -- rgb_encoder.layers.2.1.3.norm2.weight:weight_decay=0.01
2026/09/26 11:58:10 - mmengine - INFO - paramwise_options -- rgb_encoder.layers.2.1.3.norm2.weight:lr_mult=0.1
2026/09/26 11:58:10 - mmengine - INFO - paramwise_options -- rgb_encoder.layers.2.1.3.norm2.bias:lr=5.9999999999999995e-05
2026/09/26 11:58:10 - mmengine - INFO - paramwise_options -- rgb_encoder.layers.2.1.3.norm2.bias:weight_decay=0.01
2026/09/26 11:58:10 - mmengine - INFO - paramwise_options -- rgb_encoder.layers.2.1.3.norm2.bias:lr_mult=0.1
2026/09/26 11:58:10 - mmengine - INFO - paramwise_options -- rgb_encoder.layers.2.1.3.ffn.layers.0.weight:lr=5.9999999999999995e-05
2026/09/26 11:58:10 - mmengine - INFO - paramwise_options -- rgb_encoder.layers.2.1.3.ffn.layers.0.weight:weight_decay=0.01
2026/09/26 11:58:10 - mmengine - INFO - paramwise_options -- rgb_encoder.layers.2.1.3.ffn.layers.0.weight:lr_mult=0.1
2026/09/26 11:58:10 - mmengine - INFO - paramwise_options -- rgb_encoder.layers.2.1.3.ffn.layers.0.bias:lr=5.9999999999999995e-05
2026/09/26 11:58:10 - mmengine - INFO - paramwise_options -- rgb_encoder.layers.2.1.3.ffn.layers.0.bias:weight_decay=0.01
2026/09/26 11:58:10 - mmengine - INFO - paramwise_options -- rgb_encoder.layers.2.1.3.ffn.layers.0.bias:lr_mult=0.1
2026/09/26 11:58:10 - mmengine - INFO - paramwise_options -- rgb_encoder.layers.2.1.3.ffn.layers.1.weight:lr=5.9999999999999995e-05
2026/09/26 11:58:10 - mmengine - INFO - paramwise_options -- rgb_encoder.layers.2.1.3.ffn.layers.1.weight:weight_decay=0.01
2026/09/26 11:58:10 - mmengine - INFO - paramwise_options -- rgb_encoder.layers.2.1.3.ffn.layers.1.weight:lr_mult=0.1
2026/09/26 11:58:10 - mmengine - INFO - paramwise_options -- rgb_encoder.layers.2.1.3.ffn.layers.1.bias:lr=5.9999999999999995e-05
2026/09/26 11:58:10 - mmengine - INFO - paramwise_options -- rgb_encoder.layers.2.1.3.ffn.layers.1.bias:weight_decay=0.01
2026/09/26 11:58:10 - mmengine - INFO - paramwise_options -- rgb_encoder.layers.2.1.3.ffn.layers.1.bias:lr_mult=0.1
2026/09/26 11:58:10 - mmengine - INFO - paramwise_options -- rgb_encoder.layers.2.1.3.ffn.layers.4.weight:lr=5.9999999999999995e-05
2026/09/26 11:58:10 - mmengine - INFO - paramwise_options -- rgb_encoder.layers.2.1.3.ffn.layers.4.weight:weight_decay=0.01
2026/09/26 11:58:10 - mmengine - INFO - paramwise_options -- rgb_encoder.layers.2.1.3.ffn.layers.4.weight:lr_mult=0.1
2026/09/26 11:58:10 - mmengine - INFO - paramwise_options -- rgb_encoder.layers.2.1.3.ffn.layers.4.bias:lr=5.9999999999999995e-05
2026/09/26 11:58:10 - mmengine - INFO - paramwise_options -- rgb_encoder.layers.2.1.3.ffn.layers.4.bias:weight_decay=0.01
2026/09/26 11:58:10 - mmengine - INFO - paramwise_options -- rgb_encoder.layers.2.1.3.ffn.layers.4.bias:lr_mult=0.1
2026/09/26 11:58:10 - mmengine - INFO - paramwise_options -- rgb_encoder.layers.2.1.4.norm1.weight:lr=5.9999999999999995e-05
2026/09/26 11:58:10 - mmengine - INFO - paramwise_options -- rgb_encoder.layers.2.1.4.norm1.weight:weight_decay=0.01
2026/09/26 11:58:10 - mmengine - INFO - paramwise_options -- rgb_encoder.layers.2.1.4.norm1.weight:lr_mult=0.1
2026/09/26 11:58:10 - mmengine - INFO - paramwise_options -- rgb_encoder.layers.2.1.4.norm1.bias:lr=5.9999999999999995e-05
2026/09/26 11:58:10 - mmengine - INFO - paramwise_options -- rgb_encoder.layers.2.1.4.norm1.bias:weight_decay=0.01
2026/09/26 11:58:10 - mmengine - INFO - paramwise_options -- rgb_encoder.layers.2.1.4.norm1.bias:lr_mult=0.1
2026/09/26 11:58:10 - mmengine - INFO - paramwise_options -- rgb_encoder.layers.2.1.4.attn.attn.in_proj_weight:lr=5.9999999999999995e-05
2026/09/26 11:58:10 - mmengine - INFO - paramwise_options -- rgb_encoder.layers.2.1.4.attn.attn.in_proj_weight:weight_decay=0.01
2026/09/26 11:58:10 - mmengine - INFO - paramwise_options -- rgb_encoder.layers.2.1.4.attn.attn.in_proj_weight:lr_mult=0.1
2026/09/26 11:58:10 - mmengine - INFO - paramwise_options -- rgb_encoder.layers.2.1.4.attn.attn.in_proj_bias:lr=5.9999999999999995e-05
2026/09/26 11:58:10 - mmengine - INFO - paramwise_options -- rgb_encoder.layers.2.1.4.attn.attn.in_proj_bias:weight_decay=0.01
2026/09/26 11:58:10 - mmengine - INFO - paramwise_options -- rgb_encoder.layers.2.1.4.attn.attn.in_proj_bias:lr_mult=0.1
2026/09/26 11:58:10 - mmengine - INFO - paramwise_options -- rgb_encoder.layers.2.1.4.attn.attn.out_proj.weight:lr=5.9999999999999995e-05
2026/09/26 11:58:10 - mmengine - INFO - paramwise_options -- rgb_encoder.layers.2.1.4.attn.attn.out_proj.weight:weight_decay=0.01
2026/09/26 11:58:10 - mmengine - INFO - paramwise_options -- rgb_encoder.layers.2.1.4.attn.attn.out_proj.weight:lr_mult=0.1
2026/09/26 11:58:10 - mmengine - INFO - paramwise_options -- rgb_encoder.layers.2.1.4.attn.attn.out_proj.bias:lr=5.9999999999999995e-05
2026/09/26 11:58:10 - mmengine - INFO - paramwise_options -- rgb_encoder.layers.2.1.4.attn.attn.out_proj.bias:weight_decay=0.01
2026/09/26 11:58:10 - mmengine - INFO - paramwise_options -- rgb_encoder.layers.2.1.4.attn.attn.out_proj.bias:lr_mult=0.1
2026/09/26 11:58:10 - mmengine - INFO - paramwise_options -- rgb_encoder.layers.2.1.4.attn.sr.weight:lr=5.9999999999999995e-05
2026/09/26 11:58:10 - mmengine - INFO - paramwise_options -- rgb_encoder.layers.2.1.4.attn.sr.weight:weight_decay=0.01
2026/09/26 11:58:10 - mmengine - INFO - paramwise_options -- rgb_encoder.layers.2.1.4.attn.sr.weight:lr_mult=0.1
2026/09/26 11:58:10 - mmengine - INFO - paramwise_options -- rgb_encoder.layers.2.1.4.attn.sr.bias:lr=5.9999999999999995e-05
2026/09/26 11:58:10 - mmengine - INFO - paramwise_options -- rgb_encoder.layers.2.1.4.attn.sr.bias:weight_decay=0.01
2026/09/26 11:58:10 - mmengine - INFO - paramwise_options -- rgb_encoder.layers.2.1.4.attn.sr.bias:lr_mult=0.1
2026/09/26 11:58:10 - mmengine - INFO - paramwise_options -- rgb_encoder.layers.2.1.4.attn.norm.weight:lr=5.9999999999999995e-05
2026/09/26 11:58:10 - mmengine - INFO - paramwise_options -- rgb_encoder.layers.2.1.4.attn.norm.weight:weight_decay=0.01
2026/09/26 11:58:10 - mmengine - INFO - paramwise_options -- rgb_encoder.layers.2.1.4.attn.norm.weight:lr_mult=0.1
2026/09/26 11:58:10 - mmengine - INFO - paramwise_options -- rgb_encoder.layers.2.1.4.attn.norm.bias:lr=5.9999999999999995e-05
2026/09/26 11:58:10 - mmengine - INFO - paramwise_options -- rgb_encoder.layers.2.1.4.attn.norm.bias:weight_decay=0.01
2026/09/26 11:58:10 - mmengine - INFO - paramwise_options -- rgb_encoder.layers.2.1.4.attn.norm.bias:lr_mult=0.1
2026/09/26 11:58:10 - mmengine - INFO - paramwise_options -- rgb_encoder.layers.2.1.4.norm2.weight:lr=5.9999999999999995e-05
2026/09/26 11:58:10 - mmengine - INFO - paramwise_options -- rgb_encoder.layers.2.1.4.norm2.weight:weight_decay=0.01
2026/09/26 11:58:10 - mmengine - INFO - paramwise_options -- rgb_encoder.layers.2.1.4.norm2.weight:lr_mult=0.1
2026/09/26 11:58:10 - mmengine - INFO - paramwise_options -- rgb_encoder.layers.2.1.4.norm2.bias:lr=5.9999999999999995e-05
2026/09/26 11:58:10 - mmengine - INFO - paramwise_options -- rgb_encoder.layers.2.1.4.norm2.bias:weight_decay=0.01
2026/09/26 11:58:10 - mmengine - INFO - paramwise_options -- rgb_encoder.layers.2.1.4.norm2.bias:lr_mult=0.1
2026/09/26 11:58:10 - mmengine - INFO - paramwise_options -- rgb_encoder.layers.2.1.4.ffn.layers.0.weight:lr=5.9999999999999995e-05
2026/09/26 11:58:10 - mmengine - INFO - paramwise_options -- rgb_encoder.layers.2.1.4.ffn.layers.0.weight:weight_decay=0.01
2026/09/26 11:58:10 - mmengine - INFO - paramwise_options -- rgb_encoder.layers.2.1.4.ffn.layers.0.weight:lr_mult=0.1
2026/09/26 11:58:10 - mmengine - INFO - paramwise_options -- rgb_encoder.layers.2.1.4.ffn.layers.0.bias:lr=5.9999999999999995e-05
2026/09/26 11:58:10 - mmengine - INFO - paramwise_options -- rgb_encoder.layers.2.1.4.ffn.layers.0.bias:weight_decay=0.01
2026/09/26 11:58:10 - mmengine - INFO - paramwise_options -- rgb_encoder.layers.2.1.4.ffn.layers.0.bias:lr_mult=0.1
2026/09/26 11:58:10 - mmengine - INFO - paramwise_options -- rgb_encoder.layers.2.1.4.ffn.layers.1.weight:lr=5.9999999999999995e-05
2026/09/26 11:58:10 - mmengine - INFO - paramwise_options -- rgb_encoder.layers.2.1.4.ffn.layers.1.weight:weight_decay=0.01
2026/09/26 11:58:10 - mmengine - INFO - paramwise_options -- rgb_encoder.layers.2.1.4.ffn.layers.1.weight:lr_mult=0.1
2026/09/26 11:58:10 - mmengine - INFO - paramwise_options -- rgb_encoder.layers.2.1.4.ffn.layers.1.bias:lr=5.9999999999999995e-05
2026/09/26 11:58:10 - mmengine - INFO - paramwise_options -- rgb_encoder.layers.2.1.4.ffn.layers.1.bias:weight_decay=0.01
2026/09/26 11:58:10 - mmengine - INFO - paramwise_options -- rgb_encoder.layers.2.1.4.ffn.layers.1.bias:lr_mult=0.1
2026/09/26 11:58:10 - mmengine - INFO - paramwise_options -- rgb_encoder.layers.2.1.4.ffn.layers.4.weight:lr=5.9999999999999995e-05
2026/09/26 11:58:10 - mmengine - INFO - paramwise_options -- rgb_encoder.layers.2.1.4.ffn.layers.4.weight:weight_decay=0.01
2026/09/26 11:58:10 - mmengine - INFO - paramwise_options -- rgb_encoder.layers.2.1.4.ffn.layers.4.weight:lr_mult=0.1
2026/09/26 11:58:10 - mmengine - INFO - paramwise_options -- rgb_encoder.layers.2.1.4.ffn.layers.4.bias:lr=5.9999999999999995e-05
2026/09/26 11:58:10 - mmengine - INFO - paramwise_options -- rgb_encoder.layers.2.1.4.ffn.layers.4.bias:weight_decay=0.01
2026/09/26 11:58:10 - mmengine - INFO - paramwise_options -- rgb_encoder.layers.2.1.4.ffn.layers.4.bias:lr_mult=0.1
2026/09/26 11:58:10 - mmengine - INFO - paramwise_options -- rgb_encoder.layers.2.1.5.norm1.weight:lr=5.9999999999999995e-05
2026/09/26 11:58:10 - mmengine - INFO - paramwise_options -- rgb_encoder.layers.2.1.5.norm1.weight:weight_decay=0.01
2026/09/26 11:58:10 - mmengine - INFO - paramwise_options -- rgb_encoder.layers.2.1.5.norm1.weight:lr_mult=0.1
2026/09/26 11:58:10 - mmengine - INFO - paramwise_options -- rgb_encoder.layers.2.1.5.norm1.bias:lr=5.9999999999999995e-05
2026/09/26 11:58:10 - mmengine - INFO - paramwise_options -- rgb_encoder.layers.2.1.5.norm1.bias:weight_decay=0.01
2026/09/26 11:58:10 - mmengine - INFO - paramwise_options -- rgb_encoder.layers.2.1.5.norm1.bias:lr_mult=0.1
2026/09/26 11:58:10 - mmengine - INFO - paramwise_options -- rgb_encoder.layers.2.1.5.attn.attn.in_proj_weight:lr=5.9999999999999995e-05
2026/09/26 11:58:10 - mmengine - INFO - paramwise_options -- rgb_encoder.layers.2.1.5.attn.attn.in_proj_weight:weight_decay=0.01
2026/09/26 11:58:10 - mmengine - INFO - paramwise_options -- rgb_encoder.layers.2.1.5.attn.attn.in_proj_weight:lr_mult=0.1
2026/09/26 11:58:10 - mmengine - INFO - paramwise_options -- rgb_encoder.layers.2.1.5.attn.attn.in_proj_bias:lr=5.9999999999999995e-05
2026/09/26 11:58:10 - mmengine - INFO - paramwise_options -- rgb_encoder.layers.2.1.5.attn.attn.in_proj_bias:weight_decay=0.01
2026/09/26 11:58:10 - mmengine - INFO - paramwise_options -- rgb_encoder.layers.2.1.5.attn.attn.in_proj_bias:lr_mult=0.1
2026/09/26 11:58:10 - mmengine - INFO - paramwise_options -- rgb_encoder.layers.2.1.5.attn.attn.out_proj.weight:lr=5.9999999999999995e-05
2026/09/26 11:58:10 - mmengine - INFO - paramwise_options -- rgb_encoder.layers.2.1.5.attn.attn.out_proj.weight:weight_decay=0.01
2026/09/26 11:58:10 - mmengine - INFO - paramwise_options -- rgb_encoder.layers.2.1.5.attn.attn.out_proj.weight:lr_mult=0.1
2026/09/26 11:58:10 - mmengine - INFO - paramwise_options -- rgb_encoder.layers.2.1.5.attn.attn.out_proj.bias:lr=5.9999999999999995e-05
2026/09/26 11:58:10 - mmengine - INFO - paramwise_options -- rgb_encoder.layers.2.1.5.attn.attn.out_proj.bias:weight_decay=0.01
2026/09/26 11:58:10 - mmengine - INFO - paramwise_options -- rgb_encoder.layers.2.1.5.attn.attn.out_proj.bias:lr_mult=0.1
2026/09/26 11:58:10 - mmengine - INFO - paramwise_options -- rgb_encoder.layers.2.1.5.attn.sr.weight:lr=5.9999999999999995e-05
2026/09/26 11:58:10 - mmengine - INFO - paramwise_options -- rgb_encoder.layers.2.1.5.attn.sr.weight:weight_decay=0.01
2026/09/26 11:58:10 - mmengine - INFO - paramwise_options -- rgb_encoder.layers.2.1.5.attn.sr.weight:lr_mult=0.1
2026/09/26 11:58:10 - mmengine - INFO - paramwise_options -- rgb_encoder.layers.2.1.5.attn.sr.bias:lr=5.9999999999999995e-05
2026/09/26 11:58:10 - mmengine - INFO - paramwise_options -- rgb_encoder.layers.2.1.5.attn.sr.bias:weight_decay=0.01
2026/09/26 11:58:10 - mmengine - INFO - paramwise_options -- rgb_encoder.layers.2.1.5.attn.sr.bias:lr_mult=0.1
2026/09/26 11:58:10 - mmengine - INFO - paramwise_options -- rgb_encoder.layers.2.1.5.attn.norm.weight:lr=5.9999999999999995e-05
2026/09/26 11:58:10 - mmengine - INFO - paramwise_options -- rgb_encoder.layers.2.1.5.attn.norm.weight:weight_decay=0.01
2026/09/26 11:58:10 - mmengine - INFO - paramwise_options -- rgb_encoder.layers.2.1.5.attn.norm.weight:lr_mult=0.1
2026/09/26 11:58:10 - mmengine - INFO - paramwise_options -- rgb_encoder.layers.2.1.5.attn.norm.bias:lr=5.9999999999999995e-05
2026/09/26 11:58:10 - mmengine - INFO - paramwise_options -- rgb_encoder.layers.2.1.5.attn.norm.bias:weight_decay=0.01
2026/09/26 11:58:10 - mmengine - INFO - paramwise_options -- rgb_encoder.layers.2.1.5.attn.norm.bias:lr_mult=0.1
2026/09/26 11:58:10 - mmengine - INFO - paramwise_options -- rgb_encoder.layers.2.1.5.norm2.weight:lr=5.9999999999999995e-05
2026/09/26 11:58:10 - mmengine - INFO - paramwise_options -- rgb_encoder.layers.2.1.5.norm2.weight:weight_decay=0.01
2026/09/26 11:58:10 - mmengine - INFO - paramwise_options -- rgb_encoder.layers.2.1.5.norm2.weight:lr_mult=0.1
2026/09/26 11:58:10 - mmengine - INFO - paramwise_options -- rgb_encoder.layers.2.1.5.norm2.bias:lr=5.9999999999999995e-05
2026/09/26 11:58:10 - mmengine - INFO - paramwise_options -- rgb_encoder.layers.2.1.5.norm2.bias:weight_decay=0.01
2026/09/26 11:58:10 - mmengine - INFO - paramwise_options -- rgb_encoder.layers.2.1.5.norm2.bias:lr_mult=0.1
2026/09/26 11:58:10 - mmengine - INFO - paramwise_options -- rgb_encoder.layers.2.1.5.ffn.layers.0.weight:lr=5.9999999999999995e-05
2026/09/26 11:58:10 - mmengine - INFO - paramwise_options -- rgb_encoder.layers.2.1.5.ffn.layers.0.weight:weight_decay=0.01
2026/09/26 11:58:10 - mmengine - INFO - paramwise_options -- rgb_encoder.layers.2.1.5.ffn.layers.0.weight:lr_mult=0.1
2026/09/26 11:58:10 - mmengine - INFO - paramwise_options -- rgb_encoder.layers.2.1.5.ffn.layers.0.bias:lr=5.9999999999999995e-05
2026/09/26 11:58:10 - mmengine - INFO - paramwise_options -- rgb_encoder.layers.2.1.5.ffn.layers.0.bias:weight_decay=0.01
2026/09/26 11:58:10 - mmengine - INFO - paramwise_options -- rgb_encoder.layers.2.1.5.ffn.layers.0.bias:lr_mult=0.1
2026/09/26 11:58:10 - mmengine - INFO - paramwise_options -- rgb_encoder.layers.2.1.5.ffn.layers.1.weight:lr=5.9999999999999995e-05
2026/09/26 11:58:10 - mmengine - INFO - paramwise_options -- rgb_encoder.layers.2.1.5.ffn.layers.1.weight:weight_decay=0.01
2026/09/26 11:58:10 - mmengine - INFO - paramwise_options -- rgb_encoder.layers.2.1.5.ffn.layers.1.weight:lr_mult=0.1
2026/09/26 11:58:10 - mmengine - INFO - paramwise_options -- rgb_encoder.layers.2.1.5.ffn.layers.1.bias:lr=5.9999999999999995e-05
2026/09/26 11:58:10 - mmengine - INFO - paramwise_options -- rgb_encoder.layers.2.1.5.ffn.layers.1.bias:weight_decay=0.01
2026/09/26 11:58:10 - mmengine - INFO - paramwise_options -- rgb_encoder.layers.2.1.5.ffn.layers.1.bias:lr_mult=0.1
2026/09/26 11:58:10 - mmengine - INFO - paramwise_options -- rgb_encoder.layers.2.1.5.ffn.layers.4.weight:lr=5.9999999999999995e-05
2026/09/26 11:58:10 - mmengine - INFO - paramwise_options -- rgb_encoder.layers.2.1.5.ffn.layers.4.weight:weight_decay=0.01
2026/09/26 11:58:10 - mmengine - INFO - paramwise_options -- rgb_encoder.layers.2.1.5.ffn.layers.4.weight:lr_mult=0.1
2026/09/26 11:58:10 - mmengine - INFO - paramwise_options -- rgb_encoder.layers.2.1.5.ffn.layers.4.bias:lr=5.9999999999999995e-05
2026/09/26 11:58:10 - mmengine - INFO - paramwise_options -- rgb_encoder.layers.2.1.5.ffn.layers.4.bias:weight_decay=0.01
2026/09/26 11:58:10 - mmengine - INFO - paramwise_options -- rgb_encoder.layers.2.1.5.ffn.layers.4.bias:lr_mult=0.1
2026/09/26 11:58:10 - mmengine - INFO - paramwise_options -- rgb_encoder.layers.2.2.weight:lr=5.9999999999999995e-05
2026/09/26 11:58:10 - mmengine - INFO - paramwise_options -- rgb_encoder.layers.2.2.weight:weight_decay=0.01
2026/09/26 11:58:10 - mmengine - INFO - paramwise_options -- rgb_encoder.layers.2.2.weight:lr_mult=0.1
2026/09/26 11:58:10 - mmengine - INFO - paramwise_options -- rgb_encoder.layers.2.2.bias:lr=5.9999999999999995e-05
2026/09/26 11:58:10 - mmengine - INFO - paramwise_options -- rgb_encoder.layers.2.2.bias:weight_decay=0.01
2026/09/26 11:58:10 - mmengine - INFO - paramwise_options -- rgb_encoder.layers.2.2.bias:lr_mult=0.1
2026/09/26 11:58:10 - mmengine - INFO - paramwise_options -- rgb_encoder.layers.3.0.projection.weight:lr=5.9999999999999995e-05
2026/09/26 11:58:10 - mmengine - INFO - paramwise_options -- rgb_encoder.layers.3.0.projection.weight:weight_decay=0.01
2026/09/26 11:58:10 - mmengine - INFO - paramwise_options -- rgb_encoder.layers.3.0.projection.weight:lr_mult=0.1
2026/09/26 11:58:10 - mmengine - INFO - paramwise_options -- rgb_encoder.layers.3.0.projection.bias:lr=5.9999999999999995e-05
2026/09/26 11:58:10 - mmengine - INFO - paramwise_options -- rgb_encoder.layers.3.0.projection.bias:weight_decay=0.01
2026/09/26 11:58:10 - mmengine - INFO - paramwise_options -- rgb_encoder.layers.3.0.projection.bias:lr_mult=0.1
2026/09/26 11:58:10 - mmengine - INFO - paramwise_options -- rgb_encoder.layers.3.0.norm.weight:lr=5.9999999999999995e-05
2026/09/26 11:58:10 - mmengine - INFO - paramwise_options -- rgb_encoder.layers.3.0.norm.weight:weight_decay=0.01
2026/09/26 11:58:10 - mmengine - INFO - paramwise_options -- rgb_encoder.layers.3.0.norm.weight:lr_mult=0.1
2026/09/26 11:58:10 - mmengine - INFO - paramwise_options -- rgb_encoder.layers.3.0.norm.bias:lr=5.9999999999999995e-05
2026/09/26 11:58:10 - mmengine - INFO - paramwise_options -- rgb_encoder.layers.3.0.norm.bias:weight_decay=0.01
2026/09/26 11:58:10 - mmengine - INFO - paramwise_options -- rgb_encoder.layers.3.0.norm.bias:lr_mult=0.1
2026/09/26 11:58:10 - mmengine - INFO - paramwise_options -- rgb_encoder.layers.3.1.0.norm1.weight:lr=5.9999999999999995e-05
2026/09/26 11:58:10 - mmengine - INFO - paramwise_options -- rgb_encoder.layers.3.1.0.norm1.weight:weight_decay=0.01
2026/09/26 11:58:10 - mmengine - INFO - paramwise_options -- rgb_encoder.layers.3.1.0.norm1.weight:lr_mult=0.1
2026/09/26 11:58:10 - mmengine - INFO - paramwise_options -- rgb_encoder.layers.3.1.0.norm1.bias:lr=5.9999999999999995e-05
2026/09/26 11:58:10 - mmengine - INFO - paramwise_options -- rgb_encoder.layers.3.1.0.norm1.bias:weight_decay=0.01
2026/09/26 11:58:10 - mmengine - INFO - paramwise_options -- rgb_encoder.layers.3.1.0.norm1.bias:lr_mult=0.1
2026/09/26 11:58:10 - mmengine - INFO - paramwise_options -- rgb_encoder.layers.3.1.0.attn.attn.in_proj_weight:lr=5.9999999999999995e-05
2026/09/26 11:58:10 - mmengine - INFO - paramwise_options -- rgb_encoder.layers.3.1.0.attn.attn.in_proj_weight:weight_decay=0.01
2026/09/26 11:58:10 - mmengine - INFO - paramwise_options -- rgb_encoder.layers.3.1.0.attn.attn.in_proj_weight:lr_mult=0.1
2026/09/26 11:58:10 - mmengine - INFO - paramwise_options -- rgb_encoder.layers.3.1.0.attn.attn.in_proj_bias:lr=5.9999999999999995e-05
2026/09/26 11:58:10 - mmengine - INFO - paramwise_options -- rgb_encoder.layers.3.1.0.attn.attn.in_proj_bias:weight_decay=0.01
2026/09/26 11:58:10 - mmengine - INFO - paramwise_options -- rgb_encoder.layers.3.1.0.attn.attn.in_proj_bias:lr_mult=0.1
2026/09/26 11:58:10 - mmengine - INFO - paramwise_options -- rgb_encoder.layers.3.1.0.attn.attn.out_proj.weight:lr=5.9999999999999995e-05
2026/09/26 11:58:10 - mmengine - INFO - paramwise_options -- rgb_encoder.layers.3.1.0.attn.attn.out_proj.weight:weight_decay=0.01
2026/09/26 11:58:10 - mmengine - INFO - paramwise_options -- rgb_encoder.layers.3.1.0.attn.attn.out_proj.weight:lr_mult=0.1
2026/09/26 11:58:10 - mmengine - INFO - paramwise_options -- rgb_encoder.layers.3.1.0.attn.attn.out_proj.bias:lr=5.9999999999999995e-05
2026/09/26 11:58:10 - mmengine - INFO - paramwise_options -- rgb_encoder.layers.3.1.0.attn.attn.out_proj.bias:weight_decay=0.01
2026/09/26 11:58:10 - mmengine - INFO - paramwise_options -- rgb_encoder.layers.3.1.0.attn.attn.out_proj.bias:lr_mult=0.1
2026/09/26 11:58:10 - mmengine - INFO - paramwise_options -- rgb_encoder.layers.3.1.0.norm2.weight:lr=5.9999999999999995e-05
2026/09/26 11:58:10 - mmengine - INFO - paramwise_options -- rgb_encoder.layers.3.1.0.norm2.weight:weight_decay=0.01
2026/09/26 11:58:10 - mmengine - INFO - paramwise_options -- rgb_encoder.layers.3.1.0.norm2.weight:lr_mult=0.1
2026/09/26 11:58:10 - mmengine - INFO - paramwise_options -- rgb_encoder.layers.3.1.0.norm2.bias:lr=5.9999999999999995e-05
2026/09/26 11:58:10 - mmengine - INFO - paramwise_options -- rgb_encoder.layers.3.1.0.norm2.bias:weight_decay=0.01
2026/09/26 11:58:10 - mmengine - INFO - paramwise_options -- rgb_encoder.layers.3.1.0.norm2.bias:lr_mult=0.1
2026/09/26 11:58:10 - mmengine - INFO - paramwise_options -- rgb_encoder.layers.3.1.0.ffn.layers.0.weight:lr=5.9999999999999995e-05
2026/09/26 11:58:10 - mmengine - INFO - paramwise_options -- rgb_encoder.layers.3.1.0.ffn.layers.0.weight:weight_decay=0.01
2026/09/26 11:58:10 - mmengine - INFO - paramwise_options -- rgb_encoder.layers.3.1.0.ffn.layers.0.weight:lr_mult=0.1
2026/09/26 11:58:10 - mmengine - INFO - paramwise_options -- rgb_encoder.layers.3.1.0.ffn.layers.0.bias:lr=5.9999999999999995e-05
2026/09/26 11:58:10 - mmengine - INFO - paramwise_options -- rgb_encoder.layers.3.1.0.ffn.layers.0.bias:weight_decay=0.01
2026/09/26 11:58:10 - mmengine - INFO - paramwise_options -- rgb_encoder.layers.3.1.0.ffn.layers.0.bias:lr_mult=0.1
2026/09/26 11:58:10 - mmengine - INFO - paramwise_options -- rgb_encoder.layers.3.1.0.ffn.layers.1.weight:lr=5.9999999999999995e-05
2026/09/26 11:58:10 - mmengine - INFO - paramwise_options -- rgb_encoder.layers.3.1.0.ffn.layers.1.weight:weight_decay=0.01
2026/09/26 11:58:10 - mmengine - INFO - paramwise_options -- rgb_encoder.layers.3.1.0.ffn.layers.1.weight:lr_mult=0.1
2026/09/26 11:58:10 - mmengine - INFO - paramwise_options -- rgb_encoder.layers.3.1.0.ffn.layers.1.bias:lr=5.9999999999999995e-05
2026/09/26 11:58:10 - mmengine - INFO - paramwise_options -- rgb_encoder.layers.3.1.0.ffn.layers.1.bias:weight_decay=0.01
2026/09/26 11:58:10 - mmengine - INFO - paramwise_options -- rgb_encoder.layers.3.1.0.ffn.layers.1.bias:lr_mult=0.1
2026/09/26 11:58:10 - mmengine - INFO - paramwise_options -- rgb_encoder.layers.3.1.0.ffn.layers.4.weight:lr=5.9999999999999995e-05
2026/09/26 11:58:10 - mmengine - INFO - paramwise_options -- rgb_encoder.layers.3.1.0.ffn.layers.4.weight:weight_decay=0.01
2026/09/26 11:58:10 - mmengine - INFO - paramwise_options -- rgb_encoder.layers.3.1.0.ffn.layers.4.weight:lr_mult=0.1
2026/09/26 11:58:10 - mmengine - INFO - paramwise_options -- rgb_encoder.layers.3.1.0.ffn.layers.4.bias:lr=5.9999999999999995e-05
2026/09/26 11:58:10 - mmengine - INFO - paramwise_options -- rgb_encoder.layers.3.1.0.ffn.layers.4.bias:weight_decay=0.01
2026/09/26 11:58:10 - mmengine - INFO - paramwise_options -- rgb_encoder.layers.3.1.0.ffn.layers.4.bias:lr_mult=0.1
2026/09/26 11:58:10 - mmengine - INFO - paramwise_options -- rgb_encoder.layers.3.1.1.norm1.weight:lr=5.9999999999999995e-05
2026/09/26 11:58:10 - mmengine - INFO - paramwise_options -- rgb_encoder.layers.3.1.1.norm1.weight:weight_decay=0.01
2026/09/26 11:58:10 - mmengine - INFO - paramwise_options -- rgb_encoder.layers.3.1.1.norm1.weight:lr_mult=0.1
2026/09/26 11:58:10 - mmengine - INFO - paramwise_options -- rgb_encoder.layers.3.1.1.norm1.bias:lr=5.9999999999999995e-05
2026/09/26 11:58:10 - mmengine - INFO - paramwise_options -- rgb_encoder.layers.3.1.1.norm1.bias:weight_decay=0.01
2026/09/26 11:58:10 - mmengine - INFO - paramwise_options -- rgb_encoder.layers.3.1.1.norm1.bias:lr_mult=0.1
2026/09/26 11:58:10 - mmengine - INFO - paramwise_options -- rgb_encoder.layers.3.1.1.attn.attn.in_proj_weight:lr=5.9999999999999995e-05
2026/09/26 11:58:10 - mmengine - INFO - paramwise_options -- rgb_encoder.layers.3.1.1.attn.attn.in_proj_weight:weight_decay=0.01
2026/09/26 11:58:10 - mmengine - INFO - paramwise_options -- rgb_encoder.layers.3.1.1.attn.attn.in_proj_weight:lr_mult=0.1
2026/09/26 11:58:10 - mmengine - INFO - paramwise_options -- rgb_encoder.layers.3.1.1.attn.attn.in_proj_bias:lr=5.9999999999999995e-05
2026/09/26 11:58:10 - mmengine - INFO - paramwise_options -- rgb_encoder.layers.3.1.1.attn.attn.in_proj_bias:weight_decay=0.01
2026/09/26 11:58:10 - mmengine - INFO - paramwise_options -- rgb_encoder.layers.3.1.1.attn.attn.in_proj_bias:lr_mult=0.1
2026/09/26 11:58:10 - mmengine - INFO - paramwise_options -- rgb_encoder.layers.3.1.1.attn.attn.out_proj.weight:lr=5.9999999999999995e-05
2026/09/26 11:58:10 - mmengine - INFO - paramwise_options -- rgb_encoder.layers.3.1.1.attn.attn.out_proj.weight:weight_decay=0.01
2026/09/26 11:58:10 - mmengine - INFO - paramwise_options -- rgb_encoder.layers.3.1.1.attn.attn.out_proj.weight:lr_mult=0.1
2026/09/26 11:58:10 - mmengine - INFO - paramwise_options -- rgb_encoder.layers.3.1.1.attn.attn.out_proj.bias:lr=5.9999999999999995e-05
2026/09/26 11:58:10 - mmengine - INFO - paramwise_options -- rgb_encoder.layers.3.1.1.attn.attn.out_proj.bias:weight_decay=0.01
2026/09/26 11:58:10 - mmengine - INFO - paramwise_options -- rgb_encoder.layers.3.1.1.attn.attn.out_proj.bias:lr_mult=0.1
2026/09/26 11:58:10 - mmengine - INFO - paramwise_options -- rgb_encoder.layers.3.1.1.norm2.weight:lr=5.9999999999999995e-05
2026/09/26 11:58:10 - mmengine - INFO - paramwise_options -- rgb_encoder.layers.3.1.1.norm2.weight:weight_decay=0.01
2026/09/26 11:58:10 - mmengine - INFO - paramwise_options -- rgb_encoder.layers.3.1.1.norm2.weight:lr_mult=0.1
2026/09/26 11:58:10 - mmengine - INFO - paramwise_options -- rgb_encoder.layers.3.1.1.norm2.bias:lr=5.9999999999999995e-05
2026/09/26 11:58:10 - mmengine - INFO - paramwise_options -- rgb_encoder.layers.3.1.1.norm2.bias:weight_decay=0.01
2026/09/26 11:58:10 - mmengine - INFO - paramwise_options -- rgb_encoder.layers.3.1.1.norm2.bias:lr_mult=0.1
2026/09/26 11:58:10 - mmengine - INFO - paramwise_options -- rgb_encoder.layers.3.1.1.ffn.layers.0.weight:lr=5.9999999999999995e-05
2026/09/26 11:58:10 - mmengine - INFO - paramwise_options -- rgb_encoder.layers.3.1.1.ffn.layers.0.weight:weight_decay=0.01
2026/09/26 11:58:10 - mmengine - INFO - paramwise_options -- rgb_encoder.layers.3.1.1.ffn.layers.0.weight:lr_mult=0.1
2026/09/26 11:58:10 - mmengine - INFO - paramwise_options -- rgb_encoder.layers.3.1.1.ffn.layers.0.bias:lr=5.9999999999999995e-05
2026/09/26 11:58:10 - mmengine - INFO - paramwise_options -- rgb_encoder.layers.3.1.1.ffn.layers.0.bias:weight_decay=0.01
2026/09/26 11:58:10 - mmengine - INFO - paramwise_options -- rgb_encoder.layers.3.1.1.ffn.layers.0.bias:lr_mult=0.1
2026/09/26 11:58:10 - mmengine - INFO - paramwise_options -- rgb_encoder.layers.3.1.1.ffn.layers.1.weight:lr=5.9999999999999995e-05
2026/09/26 11:58:10 - mmengine - INFO - paramwise_options -- rgb_encoder.layers.3.1.1.ffn.layers.1.weight:weight_decay=0.01
2026/09/26 11:58:10 - mmengine - INFO - paramwise_options -- rgb_encoder.layers.3.1.1.ffn.layers.1.weight:lr_mult=0.1
2026/09/26 11:58:10 - mmengine - INFO - paramwise_options -- rgb_encoder.layers.3.1.1.ffn.layers.1.bias:lr=5.9999999999999995e-05
2026/09/26 11:58:10 - mmengine - INFO - paramwise_options -- rgb_encoder.layers.3.1.1.ffn.layers.1.bias:weight_decay=0.01
2026/09/26 11:58:10 - mmengine - INFO - paramwise_options -- rgb_encoder.layers.3.1.1.ffn.layers.1.bias:lr_mult=0.1
2026/09/26 11:58:10 - mmengine - INFO - paramwise_options -- rgb_encoder.layers.3.1.1.ffn.layers.4.weight:lr=5.9999999999999995e-05
2026/09/26 11:58:10 - mmengine - INFO - paramwise_options -- rgb_encoder.layers.3.1.1.ffn.layers.4.weight:weight_decay=0.01
2026/09/26 11:58:10 - mmengine - INFO - paramwise_options -- rgb_encoder.layers.3.1.1.ffn.layers.4.weight:lr_mult=0.1
2026/09/26 11:58:10 - mmengine - INFO - paramwise_options -- rgb_encoder.layers.3.1.1.ffn.layers.4.bias:lr=5.9999999999999995e-05
2026/09/26 11:58:10 - mmengine - INFO - paramwise_options -- rgb_encoder.layers.3.1.1.ffn.layers.4.bias:weight_decay=0.01
2026/09/26 11:58:10 - mmengine - INFO - paramwise_options -- rgb_encoder.layers.3.1.1.ffn.layers.4.bias:lr_mult=0.1
2026/09/26 11:58:10 - mmengine - INFO - paramwise_options -- rgb_encoder.layers.3.1.2.norm1.weight:lr=5.9999999999999995e-05
2026/09/26 11:58:10 - mmengine - INFO - paramwise_options -- rgb_encoder.layers.3.1.2.norm1.weight:weight_decay=0.01
2026/09/26 11:58:10 - mmengine - INFO - paramwise_options -- rgb_encoder.layers.3.1.2.norm1.weight:lr_mult=0.1
2026/09/26 11:58:10 - mmengine - INFO - paramwise_options -- rgb_encoder.layers.3.1.2.norm1.bias:lr=5.9999999999999995e-05
2026/09/26 11:58:10 - mmengine - INFO - paramwise_options -- rgb_encoder.layers.3.1.2.norm1.bias:weight_decay=0.01
2026/09/26 11:58:10 - mmengine - INFO - paramwise_options -- rgb_encoder.layers.3.1.2.norm1.bias:lr_mult=0.1
2026/09/26 11:58:10 - mmengine - INFO - paramwise_options -- rgb_encoder.layers.3.1.2.attn.attn.in_proj_weight:lr=5.9999999999999995e-05
2026/09/26 11:58:10 - mmengine - INFO - paramwise_options -- rgb_encoder.layers.3.1.2.attn.attn.in_proj_weight:weight_decay=0.01
2026/09/26 11:58:10 - mmengine - INFO - paramwise_options -- rgb_encoder.layers.3.1.2.attn.attn.in_proj_weight:lr_mult=0.1
2026/09/26 11:58:10 - mmengine - INFO - paramwise_options -- rgb_encoder.layers.3.1.2.attn.attn.in_proj_bias:lr=5.9999999999999995e-05
2026/09/26 11:58:10 - mmengine - INFO - paramwise_options -- rgb_encoder.layers.3.1.2.attn.attn.in_proj_bias:weight_decay=0.01
2026/09/26 11:58:10 - mmengine - INFO - paramwise_options -- rgb_encoder.layers.3.1.2.attn.attn.in_proj_bias:lr_mult=0.1
2026/09/26 11:58:10 - mmengine - INFO - paramwise_options -- rgb_encoder.layers.3.1.2.attn.attn.out_proj.weight:lr=5.9999999999999995e-05
2026/09/26 11:58:10 - mmengine - INFO - paramwise_options -- rgb_encoder.layers.3.1.2.attn.attn.out_proj.weight:weight_decay=0.01
2026/09/26 11:58:10 - mmengine - INFO - paramwise_options -- rgb_encoder.layers.3.1.2.attn.attn.out_proj.weight:lr_mult=0.1
2026/09/26 11:58:10 - mmengine - INFO - paramwise_options -- rgb_encoder.layers.3.1.2.attn.attn.out_proj.bias:lr=5.9999999999999995e-05
2026/09/26 11:58:10 - mmengine - INFO - paramwise_options -- rgb_encoder.layers.3.1.2.attn.attn.out_proj.bias:weight_decay=0.01
2026/09/26 11:58:10 - mmengine - INFO - paramwise_options -- rgb_encoder.layers.3.1.2.attn.attn.out_proj.bias:lr_mult=0.1
2026/09/26 11:58:10 - mmengine - INFO - paramwise_options -- rgb_encoder.layers.3.1.2.norm2.weight:lr=5.9999999999999995e-05
2026/09/26 11:58:10 - mmengine - INFO - paramwise_options -- rgb_encoder.layers.3.1.2.norm2.weight:weight_decay=0.01
2026/09/26 11:58:10 - mmengine - INFO - paramwise_options -- rgb_encoder.layers.3.1.2.norm2.weight:lr_mult=0.1
2026/09/26 11:58:10 - mmengine - INFO - paramwise_options -- rgb_encoder.layers.3.1.2.norm2.bias:lr=5.9999999999999995e-05
2026/09/26 11:58:10 - mmengine - INFO - paramwise_options -- rgb_encoder.layers.3.1.2.norm2.bias:weight_decay=0.01
2026/09/26 11:58:10 - mmengine - INFO - paramwise_options -- rgb_encoder.layers.3.1.2.norm2.bias:lr_mult=0.1
2026/09/26 11:58:10 - mmengine - INFO - paramwise_options -- rgb_encoder.layers.3.1.2.ffn.layers.0.weight:lr=5.9999999999999995e-05
2026/09/26 11:58:10 - mmengine - INFO - paramwise_options -- rgb_encoder.layers.3.1.2.ffn.layers.0.weight:weight_decay=0.01
2026/09/26 11:58:10 - mmengine - INFO - paramwise_options -- rgb_encoder.layers.3.1.2.ffn.layers.0.weight:lr_mult=0.1
2026/09/26 11:58:10 - mmengine - INFO - paramwise_options -- rgb_encoder.layers.3.1.2.ffn.layers.0.bias:lr=5.9999999999999995e-05
2026/09/26 11:58:10 - mmengine - INFO - paramwise_options -- rgb_encoder.layers.3.1.2.ffn.layers.0.bias:weight_decay=0.01
2026/09/26 11:58:10 - mmengine - INFO - paramwise_options -- rgb_encoder.layers.3.1.2.ffn.layers.0.bias:lr_mult=0.1
2026/09/26 11:58:10 - mmengine - INFO - paramwise_options -- rgb_encoder.layers.3.1.2.ffn.layers.1.weight:lr=5.9999999999999995e-05
2026/09/26 11:58:10 - mmengine - INFO - paramwise_options -- rgb_encoder.layers.3.1.2.ffn.layers.1.weight:weight_decay=0.01
2026/09/26 11:58:10 - mmengine - INFO - paramwise_options -- rgb_encoder.layers.3.1.2.ffn.layers.1.weight:lr_mult=0.1
2026/09/26 11:58:10 - mmengine - INFO - paramwise_options -- rgb_encoder.layers.3.1.2.ffn.layers.1.bias:lr=5.9999999999999995e-05
2026/09/26 11:58:10 - mmengine - INFO - paramwise_options -- rgb_encoder.layers.3.1.2.ffn.layers.1.bias:weight_decay=0.01
2026/09/26 11:58:10 - mmengine - INFO - paramwise_options -- rgb_encoder.layers.3.1.2.ffn.layers.1.bias:lr_mult=0.1
2026/09/26 11:58:10 - mmengine - INFO - paramwise_options -- rgb_encoder.layers.3.1.2.ffn.layers.4.weight:lr=5.9999999999999995e-05
2026/09/26 11:58:10 - mmengine - INFO - paramwise_options -- rgb_encoder.layers.3.1.2.ffn.layers.4.weight:weight_decay=0.01
2026/09/26 11:58:10 - mmengine - INFO - paramwise_options -- rgb_encoder.layers.3.1.2.ffn.layers.4.weight:lr_mult=0.1
2026/09/26 11:58:10 - mmengine - INFO - paramwise_options -- rgb_encoder.layers.3.1.2.ffn.layers.4.bias:lr=5.9999999999999995e-05
2026/09/26 11:58:10 - mmengine - INFO - paramwise_options -- rgb_encoder.layers.3.1.2.ffn.layers.4.bias:weight_decay=0.01
2026/09/26 11:58:10 - mmengine - INFO - paramwise_options -- rgb_encoder.layers.3.1.2.ffn.layers.4.bias:lr_mult=0.1
2026/09/26 11:58:10 - mmengine - INFO - paramwise_options -- rgb_encoder.layers.3.2.weight:lr=5.9999999999999995e-05
2026/09/26 11:58:10 - mmengine - INFO - paramwise_options -- rgb_encoder.layers.3.2.weight:weight_decay=0.01
2026/09/26 11:58:10 - mmengine - INFO - paramwise_options -- rgb_encoder.layers.3.2.weight:lr_mult=0.1
2026/09/26 11:58:10 - mmengine - INFO - paramwise_options -- rgb_encoder.layers.3.2.bias:lr=5.9999999999999995e-05
2026/09/26 11:58:10 - mmengine - INFO - paramwise_options -- rgb_encoder.layers.3.2.bias:weight_decay=0.01
2026/09/26 11:58:10 - mmengine - INFO - paramwise_options -- rgb_encoder.layers.3.2.bias:lr_mult=0.1
2026/09/26 11:58:10 - mmengine - INFO - paramwise_options -- rectifier.depth_encoder.0.1.weight:weight_decay=0.0
2026/09/26 11:58:10 - mmengine - INFO - paramwise_options -- rectifier.depth_encoder.0.1.bias:weight_decay=0.0
2026/09/26 11:58:10 - mmengine - INFO - paramwise_options -- rectifier.depth_encoder.1.1.weight:weight_decay=0.0
2026/09/26 11:58:10 - mmengine - INFO - paramwise_options -- rectifier.depth_encoder.1.1.bias:weight_decay=0.0
2026/09/26 11:58:10 - mmengine - INFO - paramwise_options -- rectifier.rgb_projection.1.weight:weight_decay=0.0
2026/09/26 11:58:10 - mmengine - INFO - paramwise_options -- rectifier.rgb_projection.1.bias:weight_decay=0.0
2026/09/26 11:58:10 - mmengine - INFO - paramwise_options -- rectifier.offset_mask.0.1.weight:weight_decay=0.0
2026/09/26 11:58:10 - mmengine - INFO - paramwise_options -- rectifier.offset_mask.0.1.bias:weight_decay=0.0
2026/09/26 11:58:10 - mmengine - INFO - paramwise_options -- rectifier.learned_reliability.0.1.weight:weight_decay=0.0
2026/09/26 11:58:10 - mmengine - INFO - paramwise_options -- rectifier.learned_reliability.0.1.bias:weight_decay=0.0
2026/09/26 11:58:10 - mmengine - INFO - paramwise_options -- rectifier.residual.0.1.weight:weight_decay=0.0
2026/09/26 11:58:10 - mmengine - INFO - paramwise_options -- rectifier.residual.0.1.bias:weight_decay=0.0
2026/09/26 11:58:10 - mmengine - INFO - paramwise_options -- geometry_encoder.stem.0.1.weight:weight_decay=0.0
2026/09/26 11:58:10 - mmengine - INFO - paramwise_options -- geometry_encoder.stem.0.1.bias:weight_decay=0.0
2026/09/26 11:58:10 - mmengine - INFO - paramwise_options -- geometry_encoder.stem.1.block.0.1.weight:weight_decay=0.0
2026/09/26 11:58:10 - mmengine - INFO - paramwise_options -- geometry_encoder.stem.1.block.0.1.bias:weight_decay=0.0
2026/09/26 11:58:10 - mmengine - INFO - paramwise_options -- geometry_encoder.stem.1.block.1.1.weight:weight_decay=0.0
2026/09/26 11:58:10 - mmengine - INFO - paramwise_options -- geometry_encoder.stem.1.block.1.1.bias:weight_decay=0.0
2026/09/26 11:58:10 - mmengine - INFO - paramwise_options -- geometry_encoder.downsamples.0.block.0.1.weight:weight_decay=0.0
2026/09/26 11:58:10 - mmengine - INFO - paramwise_options -- geometry_encoder.downsamples.0.block.0.1.bias:weight_decay=0.0
2026/09/26 11:58:10 - mmengine - INFO - paramwise_options -- geometry_encoder.downsamples.0.block.1.1.weight:weight_decay=0.0
2026/09/26 11:58:10 - mmengine - INFO - paramwise_options -- geometry_encoder.downsamples.0.block.1.1.bias:weight_decay=0.0
2026/09/26 11:58:10 - mmengine - INFO - paramwise_options -- geometry_encoder.downsamples.0.shortcut.1.weight:weight_decay=0.0
2026/09/26 11:58:10 - mmengine - INFO - paramwise_options -- geometry_encoder.downsamples.0.shortcut.1.bias:weight_decay=0.0
2026/09/26 11:58:10 - mmengine - INFO - paramwise_options -- geometry_encoder.downsamples.1.block.0.1.weight:weight_decay=0.0
2026/09/26 11:58:10 - mmengine - INFO - paramwise_options -- geometry_encoder.downsamples.1.block.0.1.bias:weight_decay=0.0
2026/09/26 11:58:10 - mmengine - INFO - paramwise_options -- geometry_encoder.downsamples.1.block.1.1.weight:weight_decay=0.0
2026/09/26 11:58:10 - mmengine - INFO - paramwise_options -- geometry_encoder.downsamples.1.block.1.1.bias:weight_decay=0.0
2026/09/26 11:58:10 - mmengine - INFO - paramwise_options -- geometry_encoder.downsamples.1.shortcut.1.weight:weight_decay=0.0
2026/09/26 11:58:10 - mmengine - INFO - paramwise_options -- geometry_encoder.downsamples.1.shortcut.1.bias:weight_decay=0.0
2026/09/26 11:58:10 - mmengine - INFO - paramwise_options -- geometry_encoder.downsamples.2.block.0.1.weight:weight_decay=0.0
2026/09/26 11:58:10 - mmengine - INFO - paramwise_options -- geometry_encoder.downsamples.2.block.0.1.bias:weight_decay=0.0
2026/09/26 11:58:10 - mmengine - INFO - paramwise_options -- geometry_encoder.downsamples.2.block.1.1.weight:weight_decay=0.0
2026/09/26 11:58:10 - mmengine - INFO - paramwise_options -- geometry_encoder.downsamples.2.block.1.1.bias:weight_decay=0.0
2026/09/26 11:58:10 - mmengine - INFO - paramwise_options -- geometry_encoder.downsamples.2.shortcut.1.weight:weight_decay=0.0
2026/09/26 11:58:10 - mmengine - INFO - paramwise_options -- geometry_encoder.downsamples.2.shortcut.1.bias:weight_decay=0.0
2026/09/26 11:58:10 - mmengine - INFO - paramwise_options -- geometry_pyramid.laterals.0.1.weight:weight_decay=0.0
2026/09/26 11:58:10 - mmengine - INFO - paramwise_options -- geometry_pyramid.laterals.0.1.bias:weight_decay=0.0
2026/09/26 11:58:10 - mmengine - INFO - paramwise_options -- geometry_pyramid.laterals.1.1.weight:weight_decay=0.0
2026/09/26 11:58:10 - mmengine - INFO - paramwise_options -- geometry_pyramid.laterals.1.1.bias:weight_decay=0.0
2026/09/26 11:58:10 - mmengine - INFO - paramwise_options -- geometry_pyramid.laterals.2.1.weight:weight_decay=0.0
2026/09/26 11:58:10 - mmengine - INFO - paramwise_options -- geometry_pyramid.laterals.2.1.bias:weight_decay=0.0
2026/09/26 11:58:10 - mmengine - INFO - paramwise_options -- geometry_pyramid.laterals.3.1.weight:weight_decay=0.0
2026/09/26 11:58:10 - mmengine - INFO - paramwise_options -- geometry_pyramid.laterals.3.1.bias:weight_decay=0.0
2026/09/26 11:58:10 - mmengine - INFO - paramwise_options -- geometry_pyramid.top_down.0.1.weight:weight_decay=0.0
2026/09/26 11:58:10 - mmengine - INFO - paramwise_options -- geometry_pyramid.top_down.0.1.bias:weight_decay=0.0
2026/09/26 11:58:10 - mmengine - INFO - paramwise_options -- geometry_pyramid.top_down.1.1.weight:weight_decay=0.0
2026/09/26 11:58:10 - mmengine - INFO - paramwise_options -- geometry_pyramid.top_down.1.1.bias:weight_decay=0.0
2026/09/26 11:58:10 - mmengine - INFO - paramwise_options -- geometry_pyramid.top_down.2.1.weight:weight_decay=0.0
2026/09/26 11:58:10 - mmengine - INFO - paramwise_options -- geometry_pyramid.top_down.2.1.bias:weight_decay=0.0
2026/09/26 11:58:10 - mmengine - INFO - paramwise_options -- geometry_pyramid.refine.0.block.0.1.weight:weight_decay=0.0
2026/09/26 11:58:10 - mmengine - INFO - paramwise_options -- geometry_pyramid.refine.0.block.0.1.bias:weight_decay=0.0
2026/09/26 11:58:10 - mmengine - INFO - paramwise_options -- geometry_pyramid.refine.0.block.1.1.weight:weight_decay=0.0
2026/09/26 11:58:10 - mmengine - INFO - paramwise_options -- geometry_pyramid.refine.0.block.1.1.bias:weight_decay=0.0
2026/09/26 11:58:10 - mmengine - INFO - paramwise_options -- geometry_pyramid.refine.1.block.0.1.weight:weight_decay=0.0
2026/09/26 11:58:10 - mmengine - INFO - paramwise_options -- geometry_pyramid.refine.1.block.0.1.bias:weight_decay=0.0
2026/09/26 11:58:10 - mmengine - INFO - paramwise_options -- geometry_pyramid.refine.1.block.1.1.weight:weight_decay=0.0
2026/09/26 11:58:10 - mmengine - INFO - paramwise_options -- geometry_pyramid.refine.1.block.1.1.bias:weight_decay=0.0
2026/09/26 11:58:10 - mmengine - INFO - paramwise_options -- geometry_pyramid.refine.2.block.0.1.weight:weight_decay=0.0
2026/09/26 11:58:10 - mmengine - INFO - paramwise_options -- geometry_pyramid.refine.2.block.0.1.bias:weight_decay=0.0
2026/09/26 11:58:10 - mmengine - INFO - paramwise_options -- geometry_pyramid.refine.2.block.1.1.weight:weight_decay=0.0
2026/09/26 11:58:10 - mmengine - INFO - paramwise_options -- geometry_pyramid.refine.2.block.1.1.bias:weight_decay=0.0
2026/09/26 11:58:10 - mmengine - WARNING - frequency_validator.rgb_projection.0.weight is skipped since its requires_grad=False
2026/09/26 11:58:10 - mmengine - WARNING - frequency_validator.rgb_projection.1.weight is skipped since its requires_grad=False
2026/09/26 11:58:10 - mmengine - WARNING - frequency_validator.rgb_projection.1.bias is skipped since its requires_grad=False
2026/09/26 11:58:10 - mmengine - INFO - paramwise_options -- frequency_validator.geometry_projection.1.weight:weight_decay=0.0
2026/09/26 11:58:10 - mmengine - INFO - paramwise_options -- frequency_validator.geometry_projection.1.bias:weight_decay=0.0
2026/09/26 11:58:10 - mmengine - WARNING - frequency_validator.region_rgb_projection.0.weight is skipped since its requires_grad=False
2026/09/26 11:58:10 - mmengine - WARNING - frequency_validator.region_rgb_projection.1.weight is skipped since its requires_grad=False
2026/09/26 11:58:10 - mmengine - WARNING - frequency_validator.region_rgb_projection.1.bias is skipped since its requires_grad=False
2026/09/26 11:58:10 - mmengine - INFO - paramwise_options -- frequency_validator.region_geometry_projection.1.weight:weight_decay=0.0
2026/09/26 11:58:10 - mmengine - INFO - paramwise_options -- frequency_validator.region_geometry_projection.1.bias:weight_decay=0.0
2026/09/26 11:58:10 - mmengine - WARNING - frequency_validator.high_validator.0.0.weight is skipped since its requires_grad=False
2026/09/26 11:58:10 - mmengine - WARNING - frequency_validator.high_validator.0.1.weight is skipped since its requires_grad=False
2026/09/26 11:58:10 - mmengine - WARNING - frequency_validator.high_validator.0.1.bias is skipped since its requires_grad=False
2026/09/26 11:58:10 - mmengine - WARNING - frequency_validator.high_validator.1.weight is skipped since its requires_grad=False
2026/09/26 11:58:10 - mmengine - WARNING - frequency_validator.high_validator.1.bias is skipped since its requires_grad=False
2026/09/26 11:58:10 - mmengine - WARNING - frequency_validator.high_projection.weight is skipped since its requires_grad=False
2026/09/26 11:58:10 - mmengine - WARNING - frequency_validator.high_projection.bias is skipped since its requires_grad=False
2026/09/26 11:58:10 - mmengine - WARNING - frequency_validator.region_validator.0.0.weight is skipped since its requires_grad=False
2026/09/26 11:58:10 - mmengine - WARNING - frequency_validator.region_validator.0.1.weight is skipped since its requires_grad=False
2026/09/26 11:58:10 - mmengine - WARNING - frequency_validator.region_validator.0.1.bias is skipped since its requires_grad=False
2026/09/26 11:58:10 - mmengine - WARNING - frequency_validator.region_validator.1.weight is skipped since its requires_grad=False
2026/09/26 11:58:10 - mmengine - WARNING - frequency_validator.region_validator.1.bias is skipped since its requires_grad=False
2026/09/26 11:58:10 - mmengine - WARNING - frequency_validator.low_projection.weight is skipped since its requires_grad=False
2026/09/26 11:58:10 - mmengine - WARNING - frequency_validator.low_projection.bias is skipped since its requires_grad=False
2026/09/26 11:58:10 - mmengine - INFO - paramwise_options -- high_fusion.delta_projection.1.weight:weight_decay=0.0
2026/09/26 11:58:10 - mmengine - INFO - paramwise_options -- high_fusion.delta_projection.1.bias:weight_decay=0.0
2026/09/26 11:58:10 - mmengine - INFO - paramwise_options -- low_fusion.delta_projection.1.weight:weight_decay=0.0
2026/09/26 11:58:10 - mmengine - INFO - paramwise_options -- low_fusion.delta_projection.1.bias:weight_decay=0.0
2026/09/26 11:58:10 - mmengine - INFO - paramwise_options -- decoder.projections.0.1.weight:weight_decay=0.0
2026/09/26 11:58:10 - mmengine - INFO - paramwise_options -- decoder.projections.0.1.bias:weight_decay=0.0
2026/09/26 11:58:10 - mmengine - INFO - paramwise_options -- decoder.projections.1.1.weight:weight_decay=0.0
2026/09/26 11:58:10 - mmengine - INFO - paramwise_options -- decoder.projections.1.1.bias:weight_decay=0.0
2026/09/26 11:58:10 - mmengine - INFO - paramwise_options -- decoder.projections.2.1.weight:weight_decay=0.0
2026/09/26 11:58:10 - mmengine - INFO - paramwise_options -- decoder.projections.2.1.bias:weight_decay=0.0
2026/09/26 11:58:10 - mmengine - INFO - paramwise_options -- decoder.projections.3.1.weight:weight_decay=0.0
2026/09/26 11:58:10 - mmengine - INFO - paramwise_options -- decoder.projections.3.1.bias:weight_decay=0.0
2026/09/26 11:58:10 - mmengine - INFO - paramwise_options -- decoder.refine.0.block.0.1.weight:weight_decay=0.0
2026/09/26 11:58:10 - mmengine - INFO - paramwise_options -- decoder.refine.0.block.0.1.bias:weight_decay=0.0
2026/09/26 11:58:10 - mmengine - INFO - paramwise_options -- decoder.refine.0.block.1.1.weight:weight_decay=0.0
2026/09/26 11:58:10 - mmengine - INFO - paramwise_options -- decoder.refine.0.block.1.1.bias:weight_decay=0.0
2026/09/26 11:58:10 - mmengine - INFO - paramwise_options -- decoder.refine.1.block.0.1.weight:weight_decay=0.0
2026/09/26 11:58:10 - mmengine - INFO - paramwise_options -- decoder.refine.1.block.0.1.bias:weight_decay=0.0
2026/09/26 11:58:10 - mmengine - INFO - paramwise_options -- decoder.refine.1.block.1.1.weight:weight_decay=0.0
2026/09/26 11:58:10 - mmengine - INFO - paramwise_options -- decoder.refine.1.block.1.1.bias:weight_decay=0.0
2026/09/26 11:58:10 - mmengine - INFO - paramwise_options -- refiner.rgb_stem.0.1.weight:weight_decay=0.0
2026/09/26 11:58:10 - mmengine - INFO - paramwise_options -- refiner.rgb_stem.0.1.bias:weight_decay=0.0
2026/09/26 11:58:10 - mmengine - INFO - paramwise_options -- refiner.rgb_stem.1.block.0.1.weight:weight_decay=0.0
2026/09/26 11:58:10 - mmengine - INFO - paramwise_options -- refiner.rgb_stem.1.block.0.1.bias:weight_decay=0.0
2026/09/26 11:58:10 - mmengine - INFO - paramwise_options -- refiner.rgb_stem.1.block.1.1.weight:weight_decay=0.0
2026/09/26 11:58:10 - mmengine - INFO - paramwise_options -- refiner.rgb_stem.1.block.1.1.bias:weight_decay=0.0
2026/09/26 11:58:10 - mmengine - INFO - paramwise_options -- refiner.semantic_projection.1.weight:weight_decay=0.0
2026/09/26 11:58:10 - mmengine - INFO - paramwise_options -- refiner.semantic_projection.1.bias:weight_decay=0.0
2026/09/26 11:58:10 - mmengine - INFO - paramwise_options -- refiner.contour.0.1.weight:weight_decay=0.0
2026/09/26 11:58:10 - mmengine - INFO - paramwise_options -- refiner.contour.0.1.bias:weight_decay=0.0
2026/09/26 11:58:10 - mmengine - INFO - paramwise_options -- refiner.contour.1.block.0.1.weight:weight_decay=0.0
2026/09/26 11:58:10 - mmengine - INFO - paramwise_options -- refiner.contour.1.block.0.1.bias:weight_decay=0.0
2026/09/26 11:58:10 - mmengine - INFO - paramwise_options -- refiner.contour.1.block.1.1.weight:weight_decay=0.0
2026/09/26 11:58:10 - mmengine - INFO - paramwise_options -- refiner.contour.1.block.1.1.bias:weight_decay=0.0
2026/09/26 11:58:10 - mmengine - WARNING - The prefix is not set in metric class IoUMetric.
2026/09/26 11:58:12 - mmengine - INFO - load model from: https://download.openmmlab.com/mmsegmentation/v0.5/pretrain/segformer/mit_b2_20220624-66e8bf70.pth
2026/09/26 11:58:12 - mmengine - INFO - Loads checkpoint by http backend from path: https://download.openmmlab.com/mmsegmentation/v0.5/pretrain/segformer/mit_b2_20220624-66e8bf70.pth
Name of parameter - Initialization information

rgb_encoder.layers.0.0.projection.weight - torch.Size([64, 3, 7, 7]): 
PretrainedInit: load from https://download.openmmlab.com/mmsegmentation/v0.5/pretrain/segformer/mit_b2_20220624-66e8bf70.pth 

rgb_encoder.layers.0.0.projection.bias - torch.Size([64]): 
PretrainedInit: load from https://download.openmmlab.com/mmsegmentation/v0.5/pretrain/segformer/mit_b2_20220624-66e8bf70.pth 

rgb_encoder.layers.0.0.norm.weight - torch.Size([64]): 
PretrainedInit: load from https://download.openmmlab.com/mmsegmentation/v0.5/pretrain/segformer/mit_b2_20220624-66e8bf70.pth 

rgb_encoder.layers.0.0.norm.bias - torch.Size([64]): 
PretrainedInit: load from https://download.openmmlab.com/mmsegmentation/v0.5/pretrain/segformer/mit_b2_20220624-66e8bf70.pth 

rgb_encoder.layers.0.1.0.norm1.weight - torch.Size([64]): 
PretrainedInit: load from https://download.openmmlab.com/mmsegmentation/v0.5/pretrain/segformer/mit_b2_20220624-66e8bf70.pth 

rgb_encoder.layers.0.1.0.norm1.bias - torch.Size([64]): 
PretrainedInit: load from https://download.openmmlab.com/mmsegmentation/v0.5/pretrain/segformer/mit_b2_20220624-66e8bf70.pth 

rgb_encoder.layers.0.1.0.attn.attn.in_proj_weight - torch.Size([192, 64]): 
PretrainedInit: load from https://download.openmmlab.com/mmsegmentation/v0.5/pretrain/segformer/mit_b2_20220624-66e8bf70.pth 

rgb_encoder.layers.0.1.0.attn.attn.in_proj_bias - torch.Size([192]): 
PretrainedInit: load from https://download.openmmlab.com/mmsegmentation/v0.5/pretrain/segformer/mit_b2_20220624-66e8bf70.pth 

rgb_encoder.layers.0.1.0.attn.attn.out_proj.weight - torch.Size([64, 64]): 
PretrainedInit: load from https://download.openmmlab.com/mmsegmentation/v0.5/pretrain/segformer/mit_b2_20220624-66e8bf70.pth 

rgb_encoder.layers.0.1.0.attn.attn.out_proj.bias - torch.Size([64]): 
PretrainedInit: load from https://download.openmmlab.com/mmsegmentation/v0.5/pretrain/segformer/mit_b2_20220624-66e8bf70.pth 

rgb_encoder.layers.0.1.0.attn.sr.weight - torch.Size([64, 64, 8, 8]): 
PretrainedInit: load from https://download.openmmlab.com/mmsegmentation/v0.5/pretrain/segformer/mit_b2_20220624-66e8bf70.pth 

rgb_encoder.layers.0.1.0.attn.sr.bias - torch.Size([64]): 
PretrainedInit: load from https://download.openmmlab.com/mmsegmentation/v0.5/pretrain/segformer/mit_b2_20220624-66e8bf70.pth 

rgb_encoder.layers.0.1.0.attn.norm.weight - torch.Size([64]): 
PretrainedInit: load from https://download.openmmlab.com/mmsegmentation/v0.5/pretrain/segformer/mit_b2_20220624-66e8bf70.pth 

rgb_encoder.layers.0.1.0.attn.norm.bias - torch.Size([64]): 
PretrainedInit: load from https://download.openmmlab.com/mmsegmentation/v0.5/pretrain/segformer/mit_b2_20220624-66e8bf70.pth 

rgb_encoder.layers.0.1.0.norm2.weight - torch.Size([64]): 
PretrainedInit: load from https://download.openmmlab.com/mmsegmentation/v0.5/pretrain/segformer/mit_b2_20220624-66e8bf70.pth 

rgb_encoder.layers.0.1.0.norm2.bias - torch.Size([64]): 
PretrainedInit: load from https://download.openmmlab.com/mmsegmentation/v0.5/pretrain/segformer/mit_b2_20220624-66e8bf70.pth 

rgb_encoder.layers.0.1.0.ffn.layers.0.weight - torch.Size([256, 64, 1, 1]): 
PretrainedInit: load from https://download.openmmlab.com/mmsegmentation/v0.5/pretrain/segformer/mit_b2_20220624-66e8bf70.pth 

rgb_encoder.layers.0.1.0.ffn.layers.0.bias - torch.Size([256]): 
PretrainedInit: load from https://download.openmmlab.com/mmsegmentation/v0.5/pretrain/segformer/mit_b2_20220624-66e8bf70.pth 

rgb_encoder.layers.0.1.0.ffn.layers.1.weight - torch.Size([256, 1, 3, 3]): 
PretrainedInit: load from https://download.openmmlab.com/mmsegmentation/v0.5/pretrain/segformer/mit_b2_20220624-66e8bf70.pth 

rgb_encoder.layers.0.1.0.ffn.layers.1.bias - torch.Size([256]): 
PretrainedInit: load from https://download.openmmlab.com/mmsegmentation/v0.5/pretrain/segformer/mit_b2_20220624-66e8bf70.pth 

rgb_encoder.layers.0.1.0.ffn.layers.4.weight - torch.Size([64, 256, 1, 1]): 
PretrainedInit: load from https://download.openmmlab.com/mmsegmentation/v0.5/pretrain/segformer/mit_b2_20220624-66e8bf70.pth 

rgb_encoder.layers.0.1.0.ffn.layers.4.bias - torch.Size([64]): 
PretrainedInit: load from https://download.openmmlab.com/mmsegmentation/v0.5/pretrain/segformer/mit_b2_20220624-66e8bf70.pth 

rgb_encoder.layers.0.1.1.norm1.weight - torch.Size([64]): 
PretrainedInit: load from https://download.openmmlab.com/mmsegmentation/v0.5/pretrain/segformer/mit_b2_20220624-66e8bf70.pth 

rgb_encoder.layers.0.1.1.norm1.bias - torch.Size([64]): 
PretrainedInit: load from https://download.openmmlab.com/mmsegmentation/v0.5/pretrain/segformer/mit_b2_20220624-66e8bf70.pth 

rgb_encoder.layers.0.1.1.attn.attn.in_proj_weight - torch.Size([192, 64]): 
PretrainedInit: load from https://download.openmmlab.com/mmsegmentation/v0.5/pretrain/segformer/mit_b2_20220624-66e8bf70.pth 

rgb_encoder.layers.0.1.1.attn.attn.in_proj_bias - torch.Size([192]): 
PretrainedInit: load from https://download.openmmlab.com/mmsegmentation/v0.5/pretrain/segformer/mit_b2_20220624-66e8bf70.pth 

rgb_encoder.layers.0.1.1.attn.attn.out_proj.weight - torch.Size([64, 64]): 
PretrainedInit: load from https://download.openmmlab.com/mmsegmentation/v0.5/pretrain/segformer/mit_b2_20220624-66e8bf70.pth 

rgb_encoder.layers.0.1.1.attn.attn.out_proj.bias - torch.Size([64]): 
PretrainedInit: load from https://download.openmmlab.com/mmsegmentation/v0.5/pretrain/segformer/mit_b2_20220624-66e8bf70.pth 

rgb_encoder.layers.0.1.1.attn.sr.weight - torch.Size([64, 64, 8, 8]): 
PretrainedInit: load from https://download.openmmlab.com/mmsegmentation/v0.5/pretrain/segformer/mit_b2_20220624-66e8bf70.pth 

rgb_encoder.layers.0.1.1.attn.sr.bias - torch.Size([64]): 
PretrainedInit: load from https://download.openmmlab.com/mmsegmentation/v0.5/pretrain/segformer/mit_b2_20220624-66e8bf70.pth 

rgb_encoder.layers.0.1.1.attn.norm.weight - torch.Size([64]): 
PretrainedInit: load from https://download.openmmlab.com/mmsegmentation/v0.5/pretrain/segformer/mit_b2_20220624-66e8bf70.pth 

rgb_encoder.layers.0.1.1.attn.norm.bias - torch.Size([64]): 
PretrainedInit: load from https://download.openmmlab.com/mmsegmentation/v0.5/pretrain/segformer/mit_b2_20220624-66e8bf70.pth 

rgb_encoder.layers.0.1.1.norm2.weight - torch.Size([64]): 
PretrainedInit: load from https://download.openmmlab.com/mmsegmentation/v0.5/pretrain/segformer/mit_b2_20220624-66e8bf70.pth 

rgb_encoder.layers.0.1.1.norm2.bias - torch.Size([64]): 
PretrainedInit: load from https://download.openmmlab.com/mmsegmentation/v0.5/pretrain/segformer/mit_b2_20220624-66e8bf70.pth 

rgb_encoder.layers.0.1.1.ffn.layers.0.weight - torch.Size([256, 64, 1, 1]): 
PretrainedInit: load from https://download.openmmlab.com/mmsegmentation/v0.5/pretrain/segformer/mit_b2_20220624-66e8bf70.pth 

rgb_encoder.layers.0.1.1.ffn.layers.0.bias - torch.Size([256]): 
PretrainedInit: load from https://download.openmmlab.com/mmsegmentation/v0.5/pretrain/segformer/mit_b2_20220624-66e8bf70.pth 

rgb_encoder.layers.0.1.1.ffn.layers.1.weight - torch.Size([256, 1, 3, 3]): 
PretrainedInit: load from https://download.openmmlab.com/mmsegmentation/v0.5/pretrain/segformer/mit_b2_20220624-66e8bf70.pth 

rgb_encoder.layers.0.1.1.ffn.layers.1.bias - torch.Size([256]): 
PretrainedInit: load from https://download.openmmlab.com/mmsegmentation/v0.5/pretrain/segformer/mit_b2_20220624-66e8bf70.pth 

rgb_encoder.layers.0.1.1.ffn.layers.4.weight - torch.Size([64, 256, 1, 1]): 
PretrainedInit: load from https://download.openmmlab.com/mmsegmentation/v0.5/pretrain/segformer/mit_b2_20220624-66e8bf70.pth 

rgb_encoder.layers.0.1.1.ffn.layers.4.bias - torch.Size([64]): 
PretrainedInit: load from https://download.openmmlab.com/mmsegmentation/v0.5/pretrain/segformer/mit_b2_20220624-66e8bf70.pth 

rgb_encoder.layers.0.1.2.norm1.weight - torch.Size([64]): 
PretrainedInit: load from https://download.openmmlab.com/mmsegmentation/v0.5/pretrain/segformer/mit_b2_20220624-66e8bf70.pth 

rgb_encoder.layers.0.1.2.norm1.bias - torch.Size([64]): 
PretrainedInit: load from https://download.openmmlab.com/mmsegmentation/v0.5/pretrain/segformer/mit_b2_20220624-66e8bf70.pth 

rgb_encoder.layers.0.1.2.attn.attn.in_proj_weight - torch.Size([192, 64]): 
PretrainedInit: load from https://download.openmmlab.com/mmsegmentation/v0.5/pretrain/segformer/mit_b2_20220624-66e8bf70.pth 

rgb_encoder.layers.0.1.2.attn.attn.in_proj_bias - torch.Size([192]): 
PretrainedInit: load from https://download.openmmlab.com/mmsegmentation/v0.5/pretrain/segformer/mit_b2_20220624-66e8bf70.pth 

rgb_encoder.layers.0.1.2.attn.attn.out_proj.weight - torch.Size([64, 64]): 
PretrainedInit: load from https://download.openmmlab.com/mmsegmentation/v0.5/pretrain/segformer/mit_b2_20220624-66e8bf70.pth 

rgb_encoder.layers.0.1.2.attn.attn.out_proj.bias - torch.Size([64]): 
PretrainedInit: load from https://download.openmmlab.com/mmsegmentation/v0.5/pretrain/segformer/mit_b2_20220624-66e8bf70.pth 

rgb_encoder.layers.0.1.2.attn.sr.weight - torch.Size([64, 64, 8, 8]): 
PretrainedInit: load from https://download.openmmlab.com/mmsegmentation/v0.5/pretrain/segformer/mit_b2_20220624-66e8bf70.pth 

rgb_encoder.layers.0.1.2.attn.sr.bias - torch.Size([64]): 
PretrainedInit: load from https://download.openmmlab.com/mmsegmentation/v0.5/pretrain/segformer/mit_b2_20220624-66e8bf70.pth 

rgb_encoder.layers.0.1.2.attn.norm.weight - torch.Size([64]): 
PretrainedInit: load from https://download.openmmlab.com/mmsegmentation/v0.5/pretrain/segformer/mit_b2_20220624-66e8bf70.pth 

rgb_encoder.layers.0.1.2.attn.norm.bias - torch.Size([64]): 
PretrainedInit: load from https://download.openmmlab.com/mmsegmentation/v0.5/pretrain/segformer/mit_b2_20220624-66e8bf70.pth 

rgb_encoder.layers.0.1.2.norm2.weight - torch.Size([64]): 
PretrainedInit: load from https://download.openmmlab.com/mmsegmentation/v0.5/pretrain/segformer/mit_b2_20220624-66e8bf70.pth 

rgb_encoder.layers.0.1.2.norm2.bias - torch.Size([64]): 
PretrainedInit: load from https://download.openmmlab.com/mmsegmentation/v0.5/pretrain/segformer/mit_b2_20220624-66e8bf70.pth 

rgb_encoder.layers.0.1.2.ffn.layers.0.weight - torch.Size([256, 64, 1, 1]): 
PretrainedInit: load from https://download.openmmlab.com/mmsegmentation/v0.5/pretrain/segformer/mit_b2_20220624-66e8bf70.pth 

rgb_encoder.layers.0.1.2.ffn.layers.0.bias - torch.Size([256]): 
PretrainedInit: load from https://download.openmmlab.com/mmsegmentation/v0.5/pretrain/segformer/mit_b2_20220624-66e8bf70.pth 

rgb_encoder.layers.0.1.2.ffn.layers.1.weight - torch.Size([256, 1, 3, 3]): 
PretrainedInit: load from https://download.openmmlab.com/mmsegmentation/v0.5/pretrain/segformer/mit_b2_20220624-66e8bf70.pth 

rgb_encoder.layers.0.1.2.ffn.layers.1.bias - torch.Size([256]): 
PretrainedInit: load from https://download.openmmlab.com/mmsegmentation/v0.5/pretrain/segformer/mit_b2_20220624-66e8bf70.pth 

rgb_encoder.layers.0.1.2.ffn.layers.4.weight - torch.Size([64, 256, 1, 1]): 
PretrainedInit: load from https://download.openmmlab.com/mmsegmentation/v0.5/pretrain/segformer/mit_b2_20220624-66e8bf70.pth 

rgb_encoder.layers.0.1.2.ffn.layers.4.bias - torch.Size([64]): 
PretrainedInit: load from https://download.openmmlab.com/mmsegmentation/v0.5/pretrain/segformer/mit_b2_20220624-66e8bf70.pth 

rgb_encoder.layers.0.2.weight - torch.Size([64]): 
PretrainedInit: load from https://download.openmmlab.com/mmsegmentation/v0.5/pretrain/segformer/mit_b2_20220624-66e8bf70.pth 

rgb_encoder.layers.0.2.bias - torch.Size([64]): 
PretrainedInit: load from https://download.openmmlab.com/mmsegmentation/v0.5/pretrain/segformer/mit_b2_20220624-66e8bf70.pth 

rgb_encoder.layers.1.0.projection.weight - torch.Size([128, 64, 3, 3]): 
PretrainedInit: load from https://download.openmmlab.com/mmsegmentation/v0.5/pretrain/segformer/mit_b2_20220624-66e8bf70.pth 

rgb_encoder.layers.1.0.projection.bias - torch.Size([128]): 
PretrainedInit: load from https://download.openmmlab.com/mmsegmentation/v0.5/pretrain/segformer/mit_b2_20220624-66e8bf70.pth 

rgb_encoder.layers.1.0.norm.weight - torch.Size([128]): 
PretrainedInit: load from https://download.openmmlab.com/mmsegmentation/v0.5/pretrain/segformer/mit_b2_20220624-66e8bf70.pth 

rgb_encoder.layers.1.0.norm.bias - torch.Size([128]): 
PretrainedInit: load from https://download.openmmlab.com/mmsegmentation/v0.5/pretrain/segformer/mit_b2_20220624-66e8bf70.pth 

rgb_encoder.layers.1.1.0.norm1.weight - torch.Size([128]): 
PretrainedInit: load from https://download.openmmlab.com/mmsegmentation/v0.5/pretrain/segformer/mit_b2_20220624-66e8bf70.pth 

rgb_encoder.layers.1.1.0.norm1.bias - torch.Size([128]): 
PretrainedInit: load from https://download.openmmlab.com/mmsegmentation/v0.5/pretrain/segformer/mit_b2_20220624-66e8bf70.pth 

rgb_encoder.layers.1.1.0.attn.attn.in_proj_weight - torch.Size([384, 128]): 
PretrainedInit: load from https://download.openmmlab.com/mmsegmentation/v0.5/pretrain/segformer/mit_b2_20220624-66e8bf70.pth 

rgb_encoder.layers.1.1.0.attn.attn.in_proj_bias - torch.Size([384]): 
PretrainedInit: load from https://download.openmmlab.com/mmsegmentation/v0.5/pretrain/segformer/mit_b2_20220624-66e8bf70.pth 

rgb_encoder.layers.1.1.0.attn.attn.out_proj.weight - torch.Size([128, 128]): 
PretrainedInit: load from https://download.openmmlab.com/mmsegmentation/v0.5/pretrain/segformer/mit_b2_20220624-66e8bf70.pth 

rgb_encoder.layers.1.1.0.attn.attn.out_proj.bias - torch.Size([128]): 
PretrainedInit: load from https://download.openmmlab.com/mmsegmentation/v0.5/pretrain/segformer/mit_b2_20220624-66e8bf70.pth 

rgb_encoder.layers.1.1.0.attn.sr.weight - torch.Size([128, 128, 4, 4]): 
PretrainedInit: load from https://download.openmmlab.com/mmsegmentation/v0.5/pretrain/segformer/mit_b2_20220624-66e8bf70.pth 

rgb_encoder.layers.1.1.0.attn.sr.bias - torch.Size([128]): 
PretrainedInit: load from https://download.openmmlab.com/mmsegmentation/v0.5/pretrain/segformer/mit_b2_20220624-66e8bf70.pth 

rgb_encoder.layers.1.1.0.attn.norm.weight - torch.Size([128]): 
PretrainedInit: load from https://download.openmmlab.com/mmsegmentation/v0.5/pretrain/segformer/mit_b2_20220624-66e8bf70.pth 

rgb_encoder.layers.1.1.0.attn.norm.bias - torch.Size([128]): 
PretrainedInit: load from https://download.openmmlab.com/mmsegmentation/v0.5/pretrain/segformer/mit_b2_20220624-66e8bf70.pth 

rgb_encoder.layers.1.1.0.norm2.weight - torch.Size([128]): 
PretrainedInit: load from https://download.openmmlab.com/mmsegmentation/v0.5/pretrain/segformer/mit_b2_20220624-66e8bf70.pth 

rgb_encoder.layers.1.1.0.norm2.bias - torch.Size([128]): 
PretrainedInit: load from https://download.openmmlab.com/mmsegmentation/v0.5/pretrain/segformer/mit_b2_20220624-66e8bf70.pth 

rgb_encoder.layers.1.1.0.ffn.layers.0.weight - torch.Size([512, 128, 1, 1]): 
PretrainedInit: load from https://download.openmmlab.com/mmsegmentation/v0.5/pretrain/segformer/mit_b2_20220624-66e8bf70.pth 

rgb_encoder.layers.1.1.0.ffn.layers.0.bias - torch.Size([512]): 
PretrainedInit: load from https://download.openmmlab.com/mmsegmentation/v0.5/pretrain/segformer/mit_b2_20220624-66e8bf70.pth 

rgb_encoder.layers.1.1.0.ffn.layers.1.weight - torch.Size([512, 1, 3, 3]): 
PretrainedInit: load from https://download.openmmlab.com/mmsegmentation/v0.5/pretrain/segformer/mit_b2_20220624-66e8bf70.pth 

rgb_encoder.layers.1.1.0.ffn.layers.1.bias - torch.Size([512]): 
PretrainedInit: load from https://download.openmmlab.com/mmsegmentation/v0.5/pretrain/segformer/mit_b2_20220624-66e8bf70.pth 

rgb_encoder.layers.1.1.0.ffn.layers.4.weight - torch.Size([128, 512, 1, 1]): 
PretrainedInit: load from https://download.openmmlab.com/mmsegmentation/v0.5/pretrain/segformer/mit_b2_20220624-66e8bf70.pth 

rgb_encoder.layers.1.1.0.ffn.layers.4.bias - torch.Size([128]): 
PretrainedInit: load from https://download.openmmlab.com/mmsegmentation/v0.5/pretrain/segformer/mit_b2_20220624-66e8bf70.pth 

rgb_encoder.layers.1.1.1.norm1.weight - torch.Size([128]): 
PretrainedInit: load from https://download.openmmlab.com/mmsegmentation/v0.5/pretrain/segformer/mit_b2_20220624-66e8bf70.pth 

rgb_encoder.layers.1.1.1.norm1.bias - torch.Size([128]): 
PretrainedInit: load from https://download.openmmlab.com/mmsegmentation/v0.5/pretrain/segformer/mit_b2_20220624-66e8bf70.pth 

rgb_encoder.layers.1.1.1.attn.attn.in_proj_weight - torch.Size([384, 128]): 
PretrainedInit: load from https://download.openmmlab.com/mmsegmentation/v0.5/pretrain/segformer/mit_b2_20220624-66e8bf70.pth 

rgb_encoder.layers.1.1.1.attn.attn.in_proj_bias - torch.Size([384]): 
PretrainedInit: load from https://download.openmmlab.com/mmsegmentation/v0.5/pretrain/segformer/mit_b2_20220624-66e8bf70.pth 

rgb_encoder.layers.1.1.1.attn.attn.out_proj.weight - torch.Size([128, 128]): 
PretrainedInit: load from https://download.openmmlab.com/mmsegmentation/v0.5/pretrain/segformer/mit_b2_20220624-66e8bf70.pth 

rgb_encoder.layers.1.1.1.attn.attn.out_proj.bias - torch.Size([128]): 
PretrainedInit: load from https://download.openmmlab.com/mmsegmentation/v0.5/pretrain/segformer/mit_b2_20220624-66e8bf70.pth 

rgb_encoder.layers.1.1.1.attn.sr.weight - torch.Size([128, 128, 4, 4]): 
PretrainedInit: load from https://download.openmmlab.com/mmsegmentation/v0.5/pretrain/segformer/mit_b2_20220624-66e8bf70.pth 

rgb_encoder.layers.1.1.1.attn.sr.bias - torch.Size([128]): 
PretrainedInit: load from https://download.openmmlab.com/mmsegmentation/v0.5/pretrain/segformer/mit_b2_20220624-66e8bf70.pth 

rgb_encoder.layers.1.1.1.attn.norm.weight - torch.Size([128]): 
PretrainedInit: load from https://download.openmmlab.com/mmsegmentation/v0.5/pretrain/segformer/mit_b2_20220624-66e8bf70.pth 

rgb_encoder.layers.1.1.1.attn.norm.bias - torch.Size([128]): 
PretrainedInit: load from https://download.openmmlab.com/mmsegmentation/v0.5/pretrain/segformer/mit_b2_20220624-66e8bf70.pth 

rgb_encoder.layers.1.1.1.norm2.weight - torch.Size([128]): 
PretrainedInit: load from https://download.openmmlab.com/mmsegmentation/v0.5/pretrain/segformer/mit_b2_20220624-66e8bf70.pth 

rgb_encoder.layers.1.1.1.norm2.bias - torch.Size([128]): 
PretrainedInit: load from https://download.openmmlab.com/mmsegmentation/v0.5/pretrain/segformer/mit_b2_20220624-66e8bf70.pth 

rgb_encoder.layers.1.1.1.ffn.layers.0.weight - torch.Size([512, 128, 1, 1]): 
PretrainedInit: load from https://download.openmmlab.com/mmsegmentation/v0.5/pretrain/segformer/mit_b2_20220624-66e8bf70.pth 

rgb_encoder.layers.1.1.1.ffn.layers.0.bias - torch.Size([512]): 
PretrainedInit: load from https://download.openmmlab.com/mmsegmentation/v0.5/pretrain/segformer/mit_b2_20220624-66e8bf70.pth 

rgb_encoder.layers.1.1.1.ffn.layers.1.weight - torch.Size([512, 1, 3, 3]): 
PretrainedInit: load from https://download.openmmlab.com/mmsegmentation/v0.5/pretrain/segformer/mit_b2_20220624-66e8bf70.pth 

rgb_encoder.layers.1.1.1.ffn.layers.1.bias - torch.Size([512]): 
PretrainedInit: load from https://download.openmmlab.com/mmsegmentation/v0.5/pretrain/segformer/mit_b2_20220624-66e8bf70.pth 

rgb_encoder.layers.1.1.1.ffn.layers.4.weight - torch.Size([128, 512, 1, 1]): 
PretrainedInit: load from https://download.openmmlab.com/mmsegmentation/v0.5/pretrain/segformer/mit_b2_20220624-66e8bf70.pth 

rgb_encoder.layers.1.1.1.ffn.layers.4.bias - torch.Size([128]): 
PretrainedInit: load from https://download.openmmlab.com/mmsegmentation/v0.5/pretrain/segformer/mit_b2_20220624-66e8bf70.pth 

rgb_encoder.layers.1.1.2.norm1.weight - torch.Size([128]): 
PretrainedInit: load from https://download.openmmlab.com/mmsegmentation/v0.5/pretrain/segformer/mit_b2_20220624-66e8bf70.pth 

rgb_encoder.layers.1.1.2.norm1.bias - torch.Size([128]): 
PretrainedInit: load from https://download.openmmlab.com/mmsegmentation/v0.5/pretrain/segformer/mit_b2_20220624-66e8bf70.pth 

rgb_encoder.layers.1.1.2.attn.attn.in_proj_weight - torch.Size([384, 128]): 
PretrainedInit: load from https://download.openmmlab.com/mmsegmentation/v0.5/pretrain/segformer/mit_b2_20220624-66e8bf70.pth 

rgb_encoder.layers.1.1.2.attn.attn.in_proj_bias - torch.Size([384]): 
PretrainedInit: load from https://download.openmmlab.com/mmsegmentation/v0.5/pretrain/segformer/mit_b2_20220624-66e8bf70.pth 

rgb_encoder.layers.1.1.2.attn.attn.out_proj.weight - torch.Size([128, 128]): 
PretrainedInit: load from https://download.openmmlab.com/mmsegmentation/v0.5/pretrain/segformer/mit_b2_20220624-66e8bf70.pth 

rgb_encoder.layers.1.1.2.attn.attn.out_proj.bias - torch.Size([128]): 
PretrainedInit: load from https://download.openmmlab.com/mmsegmentation/v0.5/pretrain/segformer/mit_b2_20220624-66e8bf70.pth 

rgb_encoder.layers.1.1.2.attn.sr.weight - torch.Size([128, 128, 4, 4]): 
PretrainedInit: load from https://download.openmmlab.com/mmsegmentation/v0.5/pretrain/segformer/mit_b2_20220624-66e8bf70.pth 

rgb_encoder.layers.1.1.2.attn.sr.bias - torch.Size([128]): 
PretrainedInit: load from https://download.openmmlab.com/mmsegmentation/v0.5/pretrain/segformer/mit_b2_20220624-66e8bf70.pth 

rgb_encoder.layers.1.1.2.attn.norm.weight - torch.Size([128]): 
PretrainedInit: load from https://download.openmmlab.com/mmsegmentation/v0.5/pretrain/segformer/mit_b2_20220624-66e8bf70.pth 

rgb_encoder.layers.1.1.2.attn.norm.bias - torch.Size([128]): 
PretrainedInit: load from https://download.openmmlab.com/mmsegmentation/v0.5/pretrain/segformer/mit_b2_20220624-66e8bf70.pth 

rgb_encoder.layers.1.1.2.norm2.weight - torch.Size([128]): 
PretrainedInit: load from https://download.openmmlab.com/mmsegmentation/v0.5/pretrain/segformer/mit_b2_20220624-66e8bf70.pth 

rgb_encoder.layers.1.1.2.norm2.bias - torch.Size([128]): 
PretrainedInit: load from https://download.openmmlab.com/mmsegmentation/v0.5/pretrain/segformer/mit_b2_20220624-66e8bf70.pth 

rgb_encoder.layers.1.1.2.ffn.layers.0.weight - torch.Size([512, 128, 1, 1]): 
PretrainedInit: load from https://download.openmmlab.com/mmsegmentation/v0.5/pretrain/segformer/mit_b2_20220624-66e8bf70.pth 

rgb_encoder.layers.1.1.2.ffn.layers.0.bias - torch.Size([512]): 
PretrainedInit: load from https://download.openmmlab.com/mmsegmentation/v0.5/pretrain/segformer/mit_b2_20220624-66e8bf70.pth 

rgb_encoder.layers.1.1.2.ffn.layers.1.weight - torch.Size([512, 1, 3, 3]): 
PretrainedInit: load from https://download.openmmlab.com/mmsegmentation/v0.5/pretrain/segformer/mit_b2_20220624-66e8bf70.pth 

rgb_encoder.layers.1.1.2.ffn.layers.1.bias - torch.Size([512]): 
PretrainedInit: load from https://download.openmmlab.com/mmsegmentation/v0.5/pretrain/segformer/mit_b2_20220624-66e8bf70.pth 

rgb_encoder.layers.1.1.2.ffn.layers.4.weight - torch.Size([128, 512, 1, 1]): 
PretrainedInit: load from https://download.openmmlab.com/mmsegmentation/v0.5/pretrain/segformer/mit_b2_20220624-66e8bf70.pth 

rgb_encoder.layers.1.1.2.ffn.layers.4.bias - torch.Size([128]): 
PretrainedInit: load from https://download.openmmlab.com/mmsegmentation/v0.5/pretrain/segformer/mit_b2_20220624-66e8bf70.pth 

rgb_encoder.layers.1.1.3.norm1.weight - torch.Size([128]): 
PretrainedInit: load from https://download.openmmlab.com/mmsegmentation/v0.5/pretrain/segformer/mit_b2_20220624-66e8bf70.pth 

rgb_encoder.layers.1.1.3.norm1.bias - torch.Size([128]): 
PretrainedInit: load from https://download.openmmlab.com/mmsegmentation/v0.5/pretrain/segformer/mit_b2_20220624-66e8bf70.pth 

rgb_encoder.layers.1.1.3.attn.attn.in_proj_weight - torch.Size([384, 128]): 
PretrainedInit: load from https://download.openmmlab.com/mmsegmentation/v0.5/pretrain/segformer/mit_b2_20220624-66e8bf70.pth 

rgb_encoder.layers.1.1.3.attn.attn.in_proj_bias - torch.Size([384]): 
PretrainedInit: load from https://download.openmmlab.com/mmsegmentation/v0.5/pretrain/segformer/mit_b2_20220624-66e8bf70.pth 

rgb_encoder.layers.1.1.3.attn.attn.out_proj.weight - torch.Size([128, 128]): 
PretrainedInit: load from https://download.openmmlab.com/mmsegmentation/v0.5/pretrain/segformer/mit_b2_20220624-66e8bf70.pth 

rgb_encoder.layers.1.1.3.attn.attn.out_proj.bias - torch.Size([128]): 
PretrainedInit: load from https://download.openmmlab.com/mmsegmentation/v0.5/pretrain/segformer/mit_b2_20220624-66e8bf70.pth 

rgb_encoder.layers.1.1.3.attn.sr.weight - torch.Size([128, 128, 4, 4]): 
PretrainedInit: load from https://download.openmmlab.com/mmsegmentation/v0.5/pretrain/segformer/mit_b2_20220624-66e8bf70.pth 

rgb_encoder.layers.1.1.3.attn.sr.bias - torch.Size([128]): 
PretrainedInit: load from https://download.openmmlab.com/mmsegmentation/v0.5/pretrain/segformer/mit_b2_20220624-66e8bf70.pth 

rgb_encoder.layers.1.1.3.attn.norm.weight - torch.Size([128]): 
PretrainedInit: load from https://download.openmmlab.com/mmsegmentation/v0.5/pretrain/segformer/mit_b2_20220624-66e8bf70.pth 

rgb_encoder.layers.1.1.3.attn.norm.bias - torch.Size([128]): 
PretrainedInit: load from https://download.openmmlab.com/mmsegmentation/v0.5/pretrain/segformer/mit_b2_20220624-66e8bf70.pth 

rgb_encoder.layers.1.1.3.norm2.weight - torch.Size([128]): 
PretrainedInit: load from https://download.openmmlab.com/mmsegmentation/v0.5/pretrain/segformer/mit_b2_20220624-66e8bf70.pth 

rgb_encoder.layers.1.1.3.norm2.bias - torch.Size([128]): 
PretrainedInit: load from https://download.openmmlab.com/mmsegmentation/v0.5/pretrain/segformer/mit_b2_20220624-66e8bf70.pth 

rgb_encoder.layers.1.1.3.ffn.layers.0.weight - torch.Size([512, 128, 1, 1]): 
PretrainedInit: load from https://download.openmmlab.com/mmsegmentation/v0.5/pretrain/segformer/mit_b2_20220624-66e8bf70.pth 

rgb_encoder.layers.1.1.3.ffn.layers.0.bias - torch.Size([512]): 
PretrainedInit: load from https://download.openmmlab.com/mmsegmentation/v0.5/pretrain/segformer/mit_b2_20220624-66e8bf70.pth 

rgb_encoder.layers.1.1.3.ffn.layers.1.weight - torch.Size([512, 1, 3, 3]): 
PretrainedInit: load from https://download.openmmlab.com/mmsegmentation/v0.5/pretrain/segformer/mit_b2_20220624-66e8bf70.pth 

rgb_encoder.layers.1.1.3.ffn.layers.1.bias - torch.Size([512]): 
PretrainedInit: load from https://download.openmmlab.com/mmsegmentation/v0.5/pretrain/segformer/mit_b2_20220624-66e8bf70.pth 

rgb_encoder.layers.1.1.3.ffn.layers.4.weight - torch.Size([128, 512, 1, 1]): 
PretrainedInit: load from https://download.openmmlab.com/mmsegmentation/v0.5/pretrain/segformer/mit_b2_20220624-66e8bf70.pth 

rgb_encoder.layers.1.1.3.ffn.layers.4.bias - torch.Size([128]): 
PretrainedInit: load from https://download.openmmlab.com/mmsegmentation/v0.5/pretrain/segformer/mit_b2_20220624-66e8bf70.pth 

rgb_encoder.layers.1.2.weight - torch.Size([128]): 
PretrainedInit: load from https://download.openmmlab.com/mmsegmentation/v0.5/pretrain/segformer/mit_b2_20220624-66e8bf70.pth 

rgb_encoder.layers.1.2.bias - torch.Size([128]): 
PretrainedInit: load from https://download.openmmlab.com/mmsegmentation/v0.5/pretrain/segformer/mit_b2_20220624-66e8bf70.pth 

rgb_encoder.layers.2.0.projection.weight - torch.Size([320, 128, 3, 3]): 
PretrainedInit: load from https://download.openmmlab.com/mmsegmentation/v0.5/pretrain/segformer/mit_b2_20220624-66e8bf70.pth 

rgb_encoder.layers.2.0.projection.bias - torch.Size([320]): 
PretrainedInit: load from https://download.openmmlab.com/mmsegmentation/v0.5/pretrain/segformer/mit_b2_20220624-66e8bf70.pth 

rgb_encoder.layers.2.0.norm.weight - torch.Size([320]): 
PretrainedInit: load from https://download.openmmlab.com/mmsegmentation/v0.5/pretrain/segformer/mit_b2_20220624-66e8bf70.pth 

rgb_encoder.layers.2.0.norm.bias - torch.Size([320]): 
PretrainedInit: load from https://download.openmmlab.com/mmsegmentation/v0.5/pretrain/segformer/mit_b2_20220624-66e8bf70.pth 

rgb_encoder.layers.2.1.0.norm1.weight - torch.Size([320]): 
PretrainedInit: load from https://download.openmmlab.com/mmsegmentation/v0.5/pretrain/segformer/mit_b2_20220624-66e8bf70.pth 

rgb_encoder.layers.2.1.0.norm1.bias - torch.Size([320]): 
PretrainedInit: load from https://download.openmmlab.com/mmsegmentation/v0.5/pretrain/segformer/mit_b2_20220624-66e8bf70.pth 

rgb_encoder.layers.2.1.0.attn.attn.in_proj_weight - torch.Size([960, 320]): 
PretrainedInit: load from https://download.openmmlab.com/mmsegmentation/v0.5/pretrain/segformer/mit_b2_20220624-66e8bf70.pth 

rgb_encoder.layers.2.1.0.attn.attn.in_proj_bias - torch.Size([960]): 
PretrainedInit: load from https://download.openmmlab.com/mmsegmentation/v0.5/pretrain/segformer/mit_b2_20220624-66e8bf70.pth 

rgb_encoder.layers.2.1.0.attn.attn.out_proj.weight - torch.Size([320, 320]): 
PretrainedInit: load from https://download.openmmlab.com/mmsegmentation/v0.5/pretrain/segformer/mit_b2_20220624-66e8bf70.pth 

rgb_encoder.layers.2.1.0.attn.attn.out_proj.bias - torch.Size([320]): 
PretrainedInit: load from https://download.openmmlab.com/mmsegmentation/v0.5/pretrain/segformer/mit_b2_20220624-66e8bf70.pth 

rgb_encoder.layers.2.1.0.attn.sr.weight - torch.Size([320, 320, 2, 2]): 
PretrainedInit: load from https://download.openmmlab.com/mmsegmentation/v0.5/pretrain/segformer/mit_b2_20220624-66e8bf70.pth 

rgb_encoder.layers.2.1.0.attn.sr.bias - torch.Size([320]): 
PretrainedInit: load from https://download.openmmlab.com/mmsegmentation/v0.5/pretrain/segformer/mit_b2_20220624-66e8bf70.pth 

rgb_encoder.layers.2.1.0.attn.norm.weight - torch.Size([320]): 
PretrainedInit: load from https://download.openmmlab.com/mmsegmentation/v0.5/pretrain/segformer/mit_b2_20220624-66e8bf70.pth 

rgb_encoder.layers.2.1.0.attn.norm.bias - torch.Size([320]): 
PretrainedInit: load from https://download.openmmlab.com/mmsegmentation/v0.5/pretrain/segformer/mit_b2_20220624-66e8bf70.pth 

rgb_encoder.layers.2.1.0.norm2.weight - torch.Size([320]): 
PretrainedInit: load from https://download.openmmlab.com/mmsegmentation/v0.5/pretrain/segformer/mit_b2_20220624-66e8bf70.pth 

rgb_encoder.layers.2.1.0.norm2.bias - torch.Size([320]): 
PretrainedInit: load from https://download.openmmlab.com/mmsegmentation/v0.5/pretrain/segformer/mit_b2_20220624-66e8bf70.pth 

rgb_encoder.layers.2.1.0.ffn.layers.0.weight - torch.Size([1280, 320, 1, 1]): 
PretrainedInit: load from https://download.openmmlab.com/mmsegmentation/v0.5/pretrain/segformer/mit_b2_20220624-66e8bf70.pth 

rgb_encoder.layers.2.1.0.ffn.layers.0.bias - torch.Size([1280]): 
PretrainedInit: load from https://download.openmmlab.com/mmsegmentation/v0.5/pretrain/segformer/mit_b2_20220624-66e8bf70.pth 

rgb_encoder.layers.2.1.0.ffn.layers.1.weight - torch.Size([1280, 1, 3, 3]): 
PretrainedInit: load from https://download.openmmlab.com/mmsegmentation/v0.5/pretrain/segformer/mit_b2_20220624-66e8bf70.pth 

rgb_encoder.layers.2.1.0.ffn.layers.1.bias - torch.Size([1280]): 
PretrainedInit: load from https://download.openmmlab.com/mmsegmentation/v0.5/pretrain/segformer/mit_b2_20220624-66e8bf70.pth 

rgb_encoder.layers.2.1.0.ffn.layers.4.weight - torch.Size([320, 1280, 1, 1]): 
PretrainedInit: load from https://download.openmmlab.com/mmsegmentation/v0.5/pretrain/segformer/mit_b2_20220624-66e8bf70.pth 

rgb_encoder.layers.2.1.0.ffn.layers.4.bias - torch.Size([320]): 
PretrainedInit: load from https://download.openmmlab.com/mmsegmentation/v0.5/pretrain/segformer/mit_b2_20220624-66e8bf70.pth 

rgb_encoder.layers.2.1.1.norm1.weight - torch.Size([320]): 
PretrainedInit: load from https://download.openmmlab.com/mmsegmentation/v0.5/pretrain/segformer/mit_b2_20220624-66e8bf70.pth 

rgb_encoder.layers.2.1.1.norm1.bias - torch.Size([320]): 
PretrainedInit: load from https://download.openmmlab.com/mmsegmentation/v0.5/pretrain/segformer/mit_b2_20220624-66e8bf70.pth 

rgb_encoder.layers.2.1.1.attn.attn.in_proj_weight - torch.Size([960, 320]): 
PretrainedInit: load from https://download.openmmlab.com/mmsegmentation/v0.5/pretrain/segformer/mit_b2_20220624-66e8bf70.pth 

rgb_encoder.layers.2.1.1.attn.attn.in_proj_bias - torch.Size([960]): 
PretrainedInit: load from https://download.openmmlab.com/mmsegmentation/v0.5/pretrain/segformer/mit_b2_20220624-66e8bf70.pth 

rgb_encoder.layers.2.1.1.attn.attn.out_proj.weight - torch.Size([320, 320]): 
PretrainedInit: load from https://download.openmmlab.com/mmsegmentation/v0.5/pretrain/segformer/mit_b2_20220624-66e8bf70.pth 

rgb_encoder.layers.2.1.1.attn.attn.out_proj.bias - torch.Size([320]): 
PretrainedInit: load from https://download.openmmlab.com/mmsegmentation/v0.5/pretrain/segformer/mit_b2_20220624-66e8bf70.pth 

rgb_encoder.layers.2.1.1.attn.sr.weight - torch.Size([320, 320, 2, 2]): 
PretrainedInit: load from https://download.openmmlab.com/mmsegmentation/v0.5/pretrain/segformer/mit_b2_20220624-66e8bf70.pth 

rgb_encoder.layers.2.1.1.attn.sr.bias - torch.Size([320]): 
PretrainedInit: load from https://download.openmmlab.com/mmsegmentation/v0.5/pretrain/segformer/mit_b2_20220624-66e8bf70.pth 

rgb_encoder.layers.2.1.1.attn.norm.weight - torch.Size([320]): 
PretrainedInit: load from https://download.openmmlab.com/mmsegmentation/v0.5/pretrain/segformer/mit_b2_20220624-66e8bf70.pth 

rgb_encoder.layers.2.1.1.attn.norm.bias - torch.Size([320]): 
PretrainedInit: load from https://download.openmmlab.com/mmsegmentation/v0.5/pretrain/segformer/mit_b2_20220624-66e8bf70.pth 

rgb_encoder.layers.2.1.1.norm2.weight - torch.Size([320]): 
PretrainedInit: load from https://download.openmmlab.com/mmsegmentation/v0.5/pretrain/segformer/mit_b2_20220624-66e8bf70.pth 

rgb_encoder.layers.2.1.1.norm2.bias - torch.Size([320]): 
PretrainedInit: load from https://download.openmmlab.com/mmsegmentation/v0.5/pretrain/segformer/mit_b2_20220624-66e8bf70.pth 

rgb_encoder.layers.2.1.1.ffn.layers.0.weight - torch.Size([1280, 320, 1, 1]): 
PretrainedInit: load from https://download.openmmlab.com/mmsegmentation/v0.5/pretrain/segformer/mit_b2_20220624-66e8bf70.pth 

rgb_encoder.layers.2.1.1.ffn.layers.0.bias - torch.Size([1280]): 
PretrainedInit: load from https://download.openmmlab.com/mmsegmentation/v0.5/pretrain/segformer/mit_b2_20220624-66e8bf70.pth 

rgb_encoder.layers.2.1.1.ffn.layers.1.weight - torch.Size([1280, 1, 3, 3]): 
PretrainedInit: load from https://download.openmmlab.com/mmsegmentation/v0.5/pretrain/segformer/mit_b2_20220624-66e8bf70.pth 

rgb_encoder.layers.2.1.1.ffn.layers.1.bias - torch.Size([1280]): 
PretrainedInit: load from https://download.openmmlab.com/mmsegmentation/v0.5/pretrain/segformer/mit_b2_20220624-66e8bf70.pth 

rgb_encoder.layers.2.1.1.ffn.layers.4.weight - torch.Size([320, 1280, 1, 1]): 
PretrainedInit: load from https://download.openmmlab.com/mmsegmentation/v0.5/pretrain/segformer/mit_b2_20220624-66e8bf70.pth 

rgb_encoder.layers.2.1.1.ffn.layers.4.bias - torch.Size([320]): 
PretrainedInit: load from https://download.openmmlab.com/mmsegmentation/v0.5/pretrain/segformer/mit_b2_20220624-66e8bf70.pth 

rgb_encoder.layers.2.1.2.norm1.weight - torch.Size([320]): 
PretrainedInit: load from https://download.openmmlab.com/mmsegmentation/v0.5/pretrain/segformer/mit_b2_20220624-66e8bf70.pth 

rgb_encoder.layers.2.1.2.norm1.bias - torch.Size([320]): 
PretrainedInit: load from https://download.openmmlab.com/mmsegmentation/v0.5/pretrain/segformer/mit_b2_20220624-66e8bf70.pth 

rgb_encoder.layers.2.1.2.attn.attn.in_proj_weight - torch.Size([960, 320]): 
PretrainedInit: load from https://download.openmmlab.com/mmsegmentation/v0.5/pretrain/segformer/mit_b2_20220624-66e8bf70.pth 

rgb_encoder.layers.2.1.2.attn.attn.in_proj_bias - torch.Size([960]): 
PretrainedInit: load from https://download.openmmlab.com/mmsegmentation/v0.5/pretrain/segformer/mit_b2_20220624-66e8bf70.pth 

rgb_encoder.layers.2.1.2.attn.attn.out_proj.weight - torch.Size([320, 320]): 
PretrainedInit: load from https://download.openmmlab.com/mmsegmentation/v0.5/pretrain/segformer/mit_b2_20220624-66e8bf70.pth 

rgb_encoder.layers.2.1.2.attn.attn.out_proj.bias - torch.Size([320]): 
PretrainedInit: load from https://download.openmmlab.com/mmsegmentation/v0.5/pretrain/segformer/mit_b2_20220624-66e8bf70.pth 

rgb_encoder.layers.2.1.2.attn.sr.weight - torch.Size([320, 320, 2, 2]): 
PretrainedInit: load from https://download.openmmlab.com/mmsegmentation/v0.5/pretrain/segformer/mit_b2_20220624-66e8bf70.pth 

rgb_encoder.layers.2.1.2.attn.sr.bias - torch.Size([320]): 
PretrainedInit: load from https://download.openmmlab.com/mmsegmentation/v0.5/pretrain/segformer/mit_b2_20220624-66e8bf70.pth 

rgb_encoder.layers.2.1.2.attn.norm.weight - torch.Size([320]): 
PretrainedInit: load from https://download.openmmlab.com/mmsegmentation/v0.5/pretrain/segformer/mit_b2_20220624-66e8bf70.pth 

rgb_encoder.layers.2.1.2.attn.norm.bias - torch.Size([320]): 
PretrainedInit: load from https://download.openmmlab.com/mmsegmentation/v0.5/pretrain/segformer/mit_b2_20220624-66e8bf70.pth 

rgb_encoder.layers.2.1.2.norm2.weight - torch.Size([320]): 
PretrainedInit: load from https://download.openmmlab.com/mmsegmentation/v0.5/pretrain/segformer/mit_b2_20220624-66e8bf70.pth 

rgb_encoder.layers.2.1.2.norm2.bias - torch.Size([320]): 
PretrainedInit: load from https://download.openmmlab.com/mmsegmentation/v0.5/pretrain/segformer/mit_b2_20220624-66e8bf70.pth 

rgb_encoder.layers.2.1.2.ffn.layers.0.weight - torch.Size([1280, 320, 1, 1]): 
PretrainedInit: load from https://download.openmmlab.com/mmsegmentation/v0.5/pretrain/segformer/mit_b2_20220624-66e8bf70.pth 

rgb_encoder.layers.2.1.2.ffn.layers.0.bias - torch.Size([1280]): 
PretrainedInit: load from https://download.openmmlab.com/mmsegmentation/v0.5/pretrain/segformer/mit_b2_20220624-66e8bf70.pth 

rgb_encoder.layers.2.1.2.ffn.layers.1.weight - torch.Size([1280, 1, 3, 3]): 
PretrainedInit: load from https://download.openmmlab.com/mmsegmentation/v0.5/pretrain/segformer/mit_b2_20220624-66e8bf70.pth 

rgb_encoder.layers.2.1.2.ffn.layers.1.bias - torch.Size([1280]): 
PretrainedInit: load from https://download.openmmlab.com/mmsegmentation/v0.5/pretrain/segformer/mit_b2_20220624-66e8bf70.pth 

rgb_encoder.layers.2.1.2.ffn.layers.4.weight - torch.Size([320, 1280, 1, 1]): 
PretrainedInit: load from https://download.openmmlab.com/mmsegmentation/v0.5/pretrain/segformer/mit_b2_20220624-66e8bf70.pth 

rgb_encoder.layers.2.1.2.ffn.layers.4.bias - torch.Size([320]): 
PretrainedInit: load from https://download.openmmlab.com/mmsegmentation/v0.5/pretrain/segformer/mit_b2_20220624-66e8bf70.pth 

rgb_encoder.layers.2.1.3.norm1.weight - torch.Size([320]): 
PretrainedInit: load from https://download.openmmlab.com/mmsegmentation/v0.5/pretrain/segformer/mit_b2_20220624-66e8bf70.pth 

rgb_encoder.layers.2.1.3.norm1.bias - torch.Size([320]): 
PretrainedInit: load from https://download.openmmlab.com/mmsegmentation/v0.5/pretrain/segformer/mit_b2_20220624-66e8bf70.pth 

rgb_encoder.layers.2.1.3.attn.attn.in_proj_weight - torch.Size([960, 320]): 
PretrainedInit: load from https://download.openmmlab.com/mmsegmentation/v0.5/pretrain/segformer/mit_b2_20220624-66e8bf70.pth 

rgb_encoder.layers.2.1.3.attn.attn.in_proj_bias - torch.Size([960]): 
PretrainedInit: load from https://download.openmmlab.com/mmsegmentation/v0.5/pretrain/segformer/mit_b2_20220624-66e8bf70.pth 

rgb_encoder.layers.2.1.3.attn.attn.out_proj.weight - torch.Size([320, 320]): 
PretrainedInit: load from https://download.openmmlab.com/mmsegmentation/v0.5/pretrain/segformer/mit_b2_20220624-66e8bf70.pth 

rgb_encoder.layers.2.1.3.attn.attn.out_proj.bias - torch.Size([320]): 
PretrainedInit: load from https://download.openmmlab.com/mmsegmentation/v0.5/pretrain/segformer/mit_b2_20220624-66e8bf70.pth 

rgb_encoder.layers.2.1.3.attn.sr.weight - torch.Size([320, 320, 2, 2]): 
PretrainedInit: load from https://download.openmmlab.com/mmsegmentation/v0.5/pretrain/segformer/mit_b2_20220624-66e8bf70.pth 

rgb_encoder.layers.2.1.3.attn.sr.bias - torch.Size([320]): 
PretrainedInit: load from https://download.openmmlab.com/mmsegmentation/v0.5/pretrain/segformer/mit_b2_20220624-66e8bf70.pth 

rgb_encoder.layers.2.1.3.attn.norm.weight - torch.Size([320]): 
PretrainedInit: load from https://download.openmmlab.com/mmsegmentation/v0.5/pretrain/segformer/mit_b2_20220624-66e8bf70.pth 

rgb_encoder.layers.2.1.3.attn.norm.bias - torch.Size([320]): 
PretrainedInit: load from https://download.openmmlab.com/mmsegmentation/v0.5/pretrain/segformer/mit_b2_20220624-66e8bf70.pth 

rgb_encoder.layers.2.1.3.norm2.weight - torch.Size([320]): 
PretrainedInit: load from https://download.openmmlab.com/mmsegmentation/v0.5/pretrain/segformer/mit_b2_20220624-66e8bf70.pth 

rgb_encoder.layers.2.1.3.norm2.bias - torch.Size([320]): 
PretrainedInit: load from https://download.openmmlab.com/mmsegmentation/v0.5/pretrain/segformer/mit_b2_20220624-66e8bf70.pth 

rgb_encoder.layers.2.1.3.ffn.layers.0.weight - torch.Size([1280, 320, 1, 1]): 
PretrainedInit: load from https://download.openmmlab.com/mmsegmentation/v0.5/pretrain/segformer/mit_b2_20220624-66e8bf70.pth 

rgb_encoder.layers.2.1.3.ffn.layers.0.bias - torch.Size([1280]): 
PretrainedInit: load from https://download.openmmlab.com/mmsegmentation/v0.5/pretrain/segformer/mit_b2_20220624-66e8bf70.pth 

rgb_encoder.layers.2.1.3.ffn.layers.1.weight - torch.Size([1280, 1, 3, 3]): 
PretrainedInit: load from https://download.openmmlab.com/mmsegmentation/v0.5/pretrain/segformer/mit_b2_20220624-66e8bf70.pth 

rgb_encoder.layers.2.1.3.ffn.layers.1.bias - torch.Size([1280]): 
PretrainedInit: load from https://download.openmmlab.com/mmsegmentation/v0.5/pretrain/segformer/mit_b2_20220624-66e8bf70.pth 

rgb_encoder.layers.2.1.3.ffn.layers.4.weight - torch.Size([320, 1280, 1, 1]): 
PretrainedInit: load from https://download.openmmlab.com/mmsegmentation/v0.5/pretrain/segformer/mit_b2_20220624-66e8bf70.pth 

rgb_encoder.layers.2.1.3.ffn.layers.4.bias - torch.Size([320]): 
PretrainedInit: load from https://download.openmmlab.com/mmsegmentation/v0.5/pretrain/segformer/mit_b2_20220624-66e8bf70.pth 

rgb_encoder.layers.2.1.4.norm1.weight - torch.Size([320]): 
PretrainedInit: load from https://download.openmmlab.com/mmsegmentation/v0.5/pretrain/segformer/mit_b2_20220624-66e8bf70.pth 

rgb_encoder.layers.2.1.4.norm1.bias - torch.Size([320]): 
PretrainedInit: load from https://download.openmmlab.com/mmsegmentation/v0.5/pretrain/segformer/mit_b2_20220624-66e8bf70.pth 

rgb_encoder.layers.2.1.4.attn.attn.in_proj_weight - torch.Size([960, 320]): 
PretrainedInit: load from https://download.openmmlab.com/mmsegmentation/v0.5/pretrain/segformer/mit_b2_20220624-66e8bf70.pth 

rgb_encoder.layers.2.1.4.attn.attn.in_proj_bias - torch.Size([960]): 
PretrainedInit: load from https://download.openmmlab.com/mmsegmentation/v0.5/pretrain/segformer/mit_b2_20220624-66e8bf70.pth 

rgb_encoder.layers.2.1.4.attn.attn.out_proj.weight - torch.Size([320, 320]): 
PretrainedInit: load from https://download.openmmlab.com/mmsegmentation/v0.5/pretrain/segformer/mit_b2_20220624-66e8bf70.pth 

rgb_encoder.layers.2.1.4.attn.attn.out_proj.bias - torch.Size([320]): 
PretrainedInit: load from https://download.openmmlab.com/mmsegmentation/v0.5/pretrain/segformer/mit_b2_20220624-66e8bf70.pth 

rgb_encoder.layers.2.1.4.attn.sr.weight - torch.Size([320, 320, 2, 2]): 
PretrainedInit: load from https://download.openmmlab.com/mmsegmentation/v0.5/pretrain/segformer/mit_b2_20220624-66e8bf70.pth 

rgb_encoder.layers.2.1.4.attn.sr.bias - torch.Size([320]): 
PretrainedInit: load from https://download.openmmlab.com/mmsegmentation/v0.5/pretrain/segformer/mit_b2_20220624-66e8bf70.pth 

rgb_encoder.layers.2.1.4.attn.norm.weight - torch.Size([320]): 
PretrainedInit: load from https://download.openmmlab.com/mmsegmentation/v0.5/pretrain/segformer/mit_b2_20220624-66e8bf70.pth 

rgb_encoder.layers.2.1.4.attn.norm.bias - torch.Size([320]): 
PretrainedInit: load from https://download.openmmlab.com/mmsegmentation/v0.5/pretrain/segformer/mit_b2_20220624-66e8bf70.pth 

rgb_encoder.layers.2.1.4.norm2.weight - torch.Size([320]): 
PretrainedInit: load from https://download.openmmlab.com/mmsegmentation/v0.5/pretrain/segformer/mit_b2_20220624-66e8bf70.pth 

rgb_encoder.layers.2.1.4.norm2.bias - torch.Size([320]): 
PretrainedInit: load from https://download.openmmlab.com/mmsegmentation/v0.5/pretrain/segformer/mit_b2_20220624-66e8bf70.pth 

rgb_encoder.layers.2.1.4.ffn.layers.0.weight - torch.Size([1280, 320, 1, 1]): 
PretrainedInit: load from https://download.openmmlab.com/mmsegmentation/v0.5/pretrain/segformer/mit_b2_20220624-66e8bf70.pth 

rgb_encoder.layers.2.1.4.ffn.layers.0.bias - torch.Size([1280]): 
PretrainedInit: load from https://download.openmmlab.com/mmsegmentation/v0.5/pretrain/segformer/mit_b2_20220624-66e8bf70.pth 

rgb_encoder.layers.2.1.4.ffn.layers.1.weight - torch.Size([1280, 1, 3, 3]): 
PretrainedInit: load from https://download.openmmlab.com/mmsegmentation/v0.5/pretrain/segformer/mit_b2_20220624-66e8bf70.pth 

rgb_encoder.layers.2.1.4.ffn.layers.1.bias - torch.Size([1280]): 
PretrainedInit: load from https://download.openmmlab.com/mmsegmentation/v0.5/pretrain/segformer/mit_b2_20220624-66e8bf70.pth 

rgb_encoder.layers.2.1.4.ffn.layers.4.weight - torch.Size([320, 1280, 1, 1]): 
PretrainedInit: load from https://download.openmmlab.com/mmsegmentation/v0.5/pretrain/segformer/mit_b2_20220624-66e8bf70.pth 

rgb_encoder.layers.2.1.4.ffn.layers.4.bias - torch.Size([320]): 
PretrainedInit: load from https://download.openmmlab.com/mmsegmentation/v0.5/pretrain/segformer/mit_b2_20220624-66e8bf70.pth 

rgb_encoder.layers.2.1.5.norm1.weight - torch.Size([320]): 
PretrainedInit: load from https://download.openmmlab.com/mmsegmentation/v0.5/pretrain/segformer/mit_b2_20220624-66e8bf70.pth 

rgb_encoder.layers.2.1.5.norm1.bias - torch.Size([320]): 
PretrainedInit: load from https://download.openmmlab.com/mmsegmentation/v0.5/pretrain/segformer/mit_b2_20220624-66e8bf70.pth 

rgb_encoder.layers.2.1.5.attn.attn.in_proj_weight - torch.Size([960, 320]): 
PretrainedInit: load from https://download.openmmlab.com/mmsegmentation/v0.5/pretrain/segformer/mit_b2_20220624-66e8bf70.pth 

rgb_encoder.layers.2.1.5.attn.attn.in_proj_bias - torch.Size([960]): 
PretrainedInit: load from https://download.openmmlab.com/mmsegmentation/v0.5/pretrain/segformer/mit_b2_20220624-66e8bf70.pth 

rgb_encoder.layers.2.1.5.attn.attn.out_proj.weight - torch.Size([320, 320]): 
PretrainedInit: load from https://download.openmmlab.com/mmsegmentation/v0.5/pretrain/segformer/mit_b2_20220624-66e8bf70.pth 

rgb_encoder.layers.2.1.5.attn.attn.out_proj.bias - torch.Size([320]): 
PretrainedInit: load from https://download.openmmlab.com/mmsegmentation/v0.5/pretrain/segformer/mit_b2_20220624-66e8bf70.pth 

rgb_encoder.layers.2.1.5.attn.sr.weight - torch.Size([320, 320, 2, 2]): 
PretrainedInit: load from https://download.openmmlab.com/mmsegmentation/v0.5/pretrain/segformer/mit_b2_20220624-66e8bf70.pth 

rgb_encoder.layers.2.1.5.attn.sr.bias - torch.Size([320]): 
PretrainedInit: load from https://download.openmmlab.com/mmsegmentation/v0.5/pretrain/segformer/mit_b2_20220624-66e8bf70.pth 

rgb_encoder.layers.2.1.5.attn.norm.weight - torch.Size([320]): 
PretrainedInit: load from https://download.openmmlab.com/mmsegmentation/v0.5/pretrain/segformer/mit_b2_20220624-66e8bf70.pth 

rgb_encoder.layers.2.1.5.attn.norm.bias - torch.Size([320]): 
PretrainedInit: load from https://download.openmmlab.com/mmsegmentation/v0.5/pretrain/segformer/mit_b2_20220624-66e8bf70.pth 

rgb_encoder.layers.2.1.5.norm2.weight - torch.Size([320]): 
PretrainedInit: load from https://download.openmmlab.com/mmsegmentation/v0.5/pretrain/segformer/mit_b2_20220624-66e8bf70.pth 

rgb_encoder.layers.2.1.5.norm2.bias - torch.Size([320]): 
PretrainedInit: load from https://download.openmmlab.com/mmsegmentation/v0.5/pretrain/segformer/mit_b2_20220624-66e8bf70.pth 

rgb_encoder.layers.2.1.5.ffn.layers.0.weight - torch.Size([1280, 320, 1, 1]): 
PretrainedInit: load from https://download.openmmlab.com/mmsegmentation/v0.5/pretrain/segformer/mit_b2_20220624-66e8bf70.pth 

rgb_encoder.layers.2.1.5.ffn.layers.0.bias - torch.Size([1280]): 
PretrainedInit: load from https://download.openmmlab.com/mmsegmentation/v0.5/pretrain/segformer/mit_b2_20220624-66e8bf70.pth 

rgb_encoder.layers.2.1.5.ffn.layers.1.weight - torch.Size([1280, 1, 3, 3]): 
PretrainedInit: load from https://download.openmmlab.com/mmsegmentation/v0.5/pretrain/segformer/mit_b2_20220624-66e8bf70.pth 

rgb_encoder.layers.2.1.5.ffn.layers.1.bias - torch.Size([1280]): 
PretrainedInit: load from https://download.openmmlab.com/mmsegmentation/v0.5/pretrain/segformer/mit_b2_20220624-66e8bf70.pth 

rgb_encoder.layers.2.1.5.ffn.layers.4.weight - torch.Size([320, 1280, 1, 1]): 
PretrainedInit: load from https://download.openmmlab.com/mmsegmentation/v0.5/pretrain/segformer/mit_b2_20220624-66e8bf70.pth 

rgb_encoder.layers.2.1.5.ffn.layers.4.bias - torch.Size([320]): 
PretrainedInit: load from https://download.openmmlab.com/mmsegmentation/v0.5/pretrain/segformer/mit_b2_20220624-66e8bf70.pth 

rgb_encoder.layers.2.2.weight - torch.Size([320]): 
PretrainedInit: load from https://download.openmmlab.com/mmsegmentation/v0.5/pretrain/segformer/mit_b2_20220624-66e8bf70.pth 

rgb_encoder.layers.2.2.bias - torch.Size([320]): 
PretrainedInit: load from https://download.openmmlab.com/mmsegmentation/v0.5/pretrain/segformer/mit_b2_20220624-66e8bf70.pth 

rgb_encoder.layers.3.0.projection.weight - torch.Size([512, 320, 3, 3]): 
PretrainedInit: load from https://download.openmmlab.com/mmsegmentation/v0.5/pretrain/segformer/mit_b2_20220624-66e8bf70.pth 

rgb_encoder.layers.3.0.projection.bias - torch.Size([512]): 
PretrainedInit: load from https://download.openmmlab.com/mmsegmentation/v0.5/pretrain/segformer/mit_b2_20220624-66e8bf70.pth 

rgb_encoder.layers.3.0.norm.weight - torch.Size([512]): 
PretrainedInit: load from https://download.openmmlab.com/mmsegmentation/v0.5/pretrain/segformer/mit_b2_20220624-66e8bf70.pth 

rgb_encoder.layers.3.0.norm.bias - torch.Size([512]): 
PretrainedInit: load from https://download.openmmlab.com/mmsegmentation/v0.5/pretrain/segformer/mit_b2_20220624-66e8bf70.pth 

rgb_encoder.layers.3.1.0.norm1.weight - torch.Size([512]): 
PretrainedInit: load from https://download.openmmlab.com/mmsegmentation/v0.5/pretrain/segformer/mit_b2_20220624-66e8bf70.pth 

rgb_encoder.layers.3.1.0.norm1.bias - torch.Size([512]): 
PretrainedInit: load from https://download.openmmlab.com/mmsegmentation/v0.5/pretrain/segformer/mit_b2_20220624-66e8bf70.pth 

rgb_encoder.layers.3.1.0.attn.attn.in_proj_weight - torch.Size([1536, 512]): 
PretrainedInit: load from https://download.openmmlab.com/mmsegmentation/v0.5/pretrain/segformer/mit_b2_20220624-66e8bf70.pth 

rgb_encoder.layers.3.1.0.attn.attn.in_proj_bias - torch.Size([1536]): 
PretrainedInit: load from https://download.openmmlab.com/mmsegmentation/v0.5/pretrain/segformer/mit_b2_20220624-66e8bf70.pth 

rgb_encoder.layers.3.1.0.attn.attn.out_proj.weight - torch.Size([512, 512]): 
PretrainedInit: load from https://download.openmmlab.com/mmsegmentation/v0.5/pretrain/segformer/mit_b2_20220624-66e8bf70.pth 

rgb_encoder.layers.3.1.0.attn.attn.out_proj.bias - torch.Size([512]): 
PretrainedInit: load from https://download.openmmlab.com/mmsegmentation/v0.5/pretrain/segformer/mit_b2_20220624-66e8bf70.pth 

rgb_encoder.layers.3.1.0.norm2.weight - torch.Size([512]): 
PretrainedInit: load from https://download.openmmlab.com/mmsegmentation/v0.5/pretrain/segformer/mit_b2_20220624-66e8bf70.pth 

rgb_encoder.layers.3.1.0.norm2.bias - torch.Size([512]): 
PretrainedInit: load from https://download.openmmlab.com/mmsegmentation/v0.5/pretrain/segformer/mit_b2_20220624-66e8bf70.pth 

rgb_encoder.layers.3.1.0.ffn.layers.0.weight - torch.Size([2048, 512, 1, 1]): 
PretrainedInit: load from https://download.openmmlab.com/mmsegmentation/v0.5/pretrain/segformer/mit_b2_20220624-66e8bf70.pth 

rgb_encoder.layers.3.1.0.ffn.layers.0.bias - torch.Size([2048]): 
PretrainedInit: load from https://download.openmmlab.com/mmsegmentation/v0.5/pretrain/segformer/mit_b2_20220624-66e8bf70.pth 

rgb_encoder.layers.3.1.0.ffn.layers.1.weight - torch.Size([2048, 1, 3, 3]): 
PretrainedInit: load from https://download.openmmlab.com/mmsegmentation/v0.5/pretrain/segformer/mit_b2_20220624-66e8bf70.pth 

rgb_encoder.layers.3.1.0.ffn.layers.1.bias - torch.Size([2048]): 
PretrainedInit: load from https://download.openmmlab.com/mmsegmentation/v0.5/pretrain/segformer/mit_b2_20220624-66e8bf70.pth 

rgb_encoder.layers.3.1.0.ffn.layers.4.weight - torch.Size([512, 2048, 1, 1]): 
PretrainedInit: load from https://download.openmmlab.com/mmsegmentation/v0.5/pretrain/segformer/mit_b2_20220624-66e8bf70.pth 

rgb_encoder.layers.3.1.0.ffn.layers.4.bias - torch.Size([512]): 
PretrainedInit: load from https://download.openmmlab.com/mmsegmentation/v0.5/pretrain/segformer/mit_b2_20220624-66e8bf70.pth 

rgb_encoder.layers.3.1.1.norm1.weight - torch.Size([512]): 
PretrainedInit: load from https://download.openmmlab.com/mmsegmentation/v0.5/pretrain/segformer/mit_b2_20220624-66e8bf70.pth 

rgb_encoder.layers.3.1.1.norm1.bias - torch.Size([512]): 
PretrainedInit: load from https://download.openmmlab.com/mmsegmentation/v0.5/pretrain/segformer/mit_b2_20220624-66e8bf70.pth 

rgb_encoder.layers.3.1.1.attn.attn.in_proj_weight - torch.Size([1536, 512]): 
PretrainedInit: load from https://download.openmmlab.com/mmsegmentation/v0.5/pretrain/segformer/mit_b2_20220624-66e8bf70.pth 

rgb_encoder.layers.3.1.1.attn.attn.in_proj_bias - torch.Size([1536]): 
PretrainedInit: load from https://download.openmmlab.com/mmsegmentation/v0.5/pretrain/segformer/mit_b2_20220624-66e8bf70.pth 

rgb_encoder.layers.3.1.1.attn.attn.out_proj.weight - torch.Size([512, 512]): 
PretrainedInit: load from https://download.openmmlab.com/mmsegmentation/v0.5/pretrain/segformer/mit_b2_20220624-66e8bf70.pth 

rgb_encoder.layers.3.1.1.attn.attn.out_proj.bias - torch.Size([512]): 
PretrainedInit: load from https://download.openmmlab.com/mmsegmentation/v0.5/pretrain/segformer/mit_b2_20220624-66e8bf70.pth 

rgb_encoder.layers.3.1.1.norm2.weight - torch.Size([512]): 
PretrainedInit: load from https://download.openmmlab.com/mmsegmentation/v0.5/pretrain/segformer/mit_b2_20220624-66e8bf70.pth 

rgb_encoder.layers.3.1.1.norm2.bias - torch.Size([512]): 
PretrainedInit: load from https://download.openmmlab.com/mmsegmentation/v0.5/pretrain/segformer/mit_b2_20220624-66e8bf70.pth 

rgb_encoder.layers.3.1.1.ffn.layers.0.weight - torch.Size([2048, 512, 1, 1]): 
PretrainedInit: load from https://download.openmmlab.com/mmsegmentation/v0.5/pretrain/segformer/mit_b2_20220624-66e8bf70.pth 

rgb_encoder.layers.3.1.1.ffn.layers.0.bias - torch.Size([2048]): 
PretrainedInit: load from https://download.openmmlab.com/mmsegmentation/v0.5/pretrain/segformer/mit_b2_20220624-66e8bf70.pth 

rgb_encoder.layers.3.1.1.ffn.layers.1.weight - torch.Size([2048, 1, 3, 3]): 
PretrainedInit: load from https://download.openmmlab.com/mmsegmentation/v0.5/pretrain/segformer/mit_b2_20220624-66e8bf70.pth 

rgb_encoder.layers.3.1.1.ffn.layers.1.bias - torch.Size([2048]): 
PretrainedInit: load from https://download.openmmlab.com/mmsegmentation/v0.5/pretrain/segformer/mit_b2_20220624-66e8bf70.pth 

rgb_encoder.layers.3.1.1.ffn.layers.4.weight - torch.Size([512, 2048, 1, 1]): 
PretrainedInit: load from https://download.openmmlab.com/mmsegmentation/v0.5/pretrain/segformer/mit_b2_20220624-66e8bf70.pth 

rgb_encoder.layers.3.1.1.ffn.layers.4.bias - torch.Size([512]): 
PretrainedInit: load from https://download.openmmlab.com/mmsegmentation/v0.5/pretrain/segformer/mit_b2_20220624-66e8bf70.pth 

rgb_encoder.layers.3.1.2.norm1.weight - torch.Size([512]): 
PretrainedInit: load from https://download.openmmlab.com/mmsegmentation/v0.5/pretrain/segformer/mit_b2_20220624-66e8bf70.pth 

rgb_encoder.layers.3.1.2.norm1.bias - torch.Size([512]): 
PretrainedInit: load from https://download.openmmlab.com/mmsegmentation/v0.5/pretrain/segformer/mit_b2_20220624-66e8bf70.pth 

rgb_encoder.layers.3.1.2.attn.attn.in_proj_weight - torch.Size([1536, 512]): 
PretrainedInit: load from https://download.openmmlab.com/mmsegmentation/v0.5/pretrain/segformer/mit_b2_20220624-66e8bf70.pth 

rgb_encoder.layers.3.1.2.attn.attn.in_proj_bias - torch.Size([1536]): 
PretrainedInit: load from https://download.openmmlab.com/mmsegmentation/v0.5/pretrain/segformer/mit_b2_20220624-66e8bf70.pth 

rgb_encoder.layers.3.1.2.attn.attn.out_proj.weight - torch.Size([512, 512]): 
PretrainedInit: load from https://download.openmmlab.com/mmsegmentation/v0.5/pretrain/segformer/mit_b2_20220624-66e8bf70.pth 

rgb_encoder.layers.3.1.2.attn.attn.out_proj.bias - torch.Size([512]): 
PretrainedInit: load from https://download.openmmlab.com/mmsegmentation/v0.5/pretrain/segformer/mit_b2_20220624-66e8bf70.pth 

rgb_encoder.layers.3.1.2.norm2.weight - torch.Size([512]): 
PretrainedInit: load from https://download.openmmlab.com/mmsegmentation/v0.5/pretrain/segformer/mit_b2_20220624-66e8bf70.pth 

rgb_encoder.layers.3.1.2.norm2.bias - torch.Size([512]): 
PretrainedInit: load from https://download.openmmlab.com/mmsegmentation/v0.5/pretrain/segformer/mit_b2_20220624-66e8bf70.pth 

rgb_encoder.layers.3.1.2.ffn.layers.0.weight - torch.Size([2048, 512, 1, 1]): 
PretrainedInit: load from https://download.openmmlab.com/mmsegmentation/v0.5/pretrain/segformer/mit_b2_20220624-66e8bf70.pth 

rgb_encoder.layers.3.1.2.ffn.layers.0.bias - torch.Size([2048]): 
PretrainedInit: load from https://download.openmmlab.com/mmsegmentation/v0.5/pretrain/segformer/mit_b2_20220624-66e8bf70.pth 

rgb_encoder.layers.3.1.2.ffn.layers.1.weight - torch.Size([2048, 1, 3, 3]): 
PretrainedInit: load from https://download.openmmlab.com/mmsegmentation/v0.5/pretrain/segformer/mit_b2_20220624-66e8bf70.pth 

rgb_encoder.layers.3.1.2.ffn.layers.1.bias - torch.Size([2048]): 
PretrainedInit: load from https://download.openmmlab.com/mmsegmentation/v0.5/pretrain/segformer/mit_b2_20220624-66e8bf70.pth 

rgb_encoder.layers.3.1.2.ffn.layers.4.weight - torch.Size([512, 2048, 1, 1]): 
PretrainedInit: load from https://download.openmmlab.com/mmsegmentation/v0.5/pretrain/segformer/mit_b2_20220624-66e8bf70.pth 

rgb_encoder.layers.3.1.2.ffn.layers.4.bias - torch.Size([512]): 
PretrainedInit: load from https://download.openmmlab.com/mmsegmentation/v0.5/pretrain/segformer/mit_b2_20220624-66e8bf70.pth 

rgb_encoder.layers.3.2.weight - torch.Size([512]): 
PretrainedInit: load from https://download.openmmlab.com/mmsegmentation/v0.5/pretrain/segformer/mit_b2_20220624-66e8bf70.pth 

rgb_encoder.layers.3.2.bias - torch.Size([512]): 
PretrainedInit: load from https://download.openmmlab.com/mmsegmentation/v0.5/pretrain/segformer/mit_b2_20220624-66e8bf70.pth 

global_film.modulators.0.weight - torch.Size([128, 512]): 
The value is the same before and after calling `init_weights` of RPGVNetV2  

global_film.modulators.0.bias - torch.Size([128]): 
The value is the same before and after calling `init_weights` of RPGVNetV2  

global_film.modulators.1.weight - torch.Size([256, 512]): 
The value is the same before and after calling `init_weights` of RPGVNetV2  

global_film.modulators.1.bias - torch.Size([256]): 
The value is the same before and after calling `init_weights` of RPGVNetV2  

global_film.modulators.2.weight - torch.Size([640, 512]): 
The value is the same before and after calling `init_weights` of RPGVNetV2  

global_film.modulators.2.bias - torch.Size([640]): 
The value is the same before and after calling `init_weights` of RPGVNetV2  

global_film.modulators.3.weight - torch.Size([1024, 512]): 
The value is the same before and after calling `init_weights` of RPGVNetV2  

global_film.modulators.3.bias - torch.Size([1024]): 
The value is the same before and after calling `init_weights` of RPGVNetV2  

rgb_aux_head.weight - torch.Size([1, 64, 1, 1]): 
The value is the same before and after calling `init_weights` of RPGVNetV2  

rgb_aux_head.bias - torch.Size([1]): 
The value is the same before and after calling `init_weights` of RPGVNetV2  

rgb_boundary_head.0.weight - torch.Size([32, 64, 3, 3]): 
The value is the same before and after calling `init_weights` of RPGVNetV2  

rgb_boundary_head.0.bias - torch.Size([32]): 
The value is the same before and after calling `init_weights` of RPGVNetV2  

rgb_boundary_head.2.weight - torch.Size([1, 32, 1, 1]): 
The value is the same before and after calling `init_weights` of RPGVNetV2  

rgb_boundary_head.2.bias - torch.Size([1]): 
The value is the same before and after calling `init_weights` of RPGVNetV2  

rectifier.correction_logit - torch.Size([]): 
The value is the same before and after calling `init_weights` of RPGVNetV2  

rectifier.depth_encoder.0.0.weight - torch.Size([32, 4, 3, 3]): 
The value is the same before and after calling `init_weights` of RPGVNetV2  

rectifier.depth_encoder.0.1.weight - torch.Size([32]): 
The value is the same before and after calling `init_weights` of RPGVNetV2  

rectifier.depth_encoder.0.1.bias - torch.Size([32]): 
The value is the same before and after calling `init_weights` of RPGVNetV2  

rectifier.depth_encoder.1.0.weight - torch.Size([32, 32, 3, 3]): 
The value is the same before and after calling `init_weights` of RPGVNetV2  

rectifier.depth_encoder.1.1.weight - torch.Size([32]): 
The value is the same before and after calling `init_weights` of RPGVNetV2  

rectifier.depth_encoder.1.1.bias - torch.Size([32]): 
The value is the same before and after calling `init_weights` of RPGVNetV2  

rectifier.rgb_projection.0.weight - torch.Size([32, 64, 1, 1]): 
The value is the same before and after calling `init_weights` of RPGVNetV2  

rectifier.rgb_projection.1.weight - torch.Size([32]): 
The value is the same before and after calling `init_weights` of RPGVNetV2  

rectifier.rgb_projection.1.bias - torch.Size([32]): 
The value is the same before and after calling `init_weights` of RPGVNetV2  

rectifier.offset_mask.0.0.weight - torch.Size([32, 65, 3, 3]): 
The value is the same before and after calling `init_weights` of RPGVNetV2  

rectifier.offset_mask.0.1.weight - torch.Size([32]): 
The value is the same before and after calling `init_weights` of RPGVNetV2  

rectifier.offset_mask.0.1.bias - torch.Size([32]): 
The value is the same before and after calling `init_weights` of RPGVNetV2  

rectifier.offset_mask.1.weight - torch.Size([27, 32, 3, 3]): 
The value is the same before and after calling `init_weights` of RPGVNetV2  

rectifier.offset_mask.1.bias - torch.Size([27]): 
The value is the same before and after calling `init_weights` of RPGVNetV2  

rectifier.deform.weight - torch.Size([32, 32, 9]): 
The value is the same before and after calling `init_weights` of RPGVNetV2  

rectifier.deform.bias - torch.Size([32]): 
The value is the same before and after calling `init_weights` of RPGVNetV2  

rectifier.learned_reliability.0.0.weight - torch.Size([32, 65, 3, 3]): 
The value is the same before and after calling `init_weights` of RPGVNetV2  

rectifier.learned_reliability.0.1.weight - torch.Size([32]): 
The value is the same before and after calling `init_weights` of RPGVNetV2  

rectifier.learned_reliability.0.1.bias - torch.Size([32]): 
The value is the same before and after calling `init_weights` of RPGVNetV2  

rectifier.learned_reliability.1.weight - torch.Size([1, 32, 1, 1]): 
The value is the same before and after calling `init_weights` of RPGVNetV2  

rectifier.learned_reliability.1.bias - torch.Size([1]): 
The value is the same before and after calling `init_weights` of RPGVNetV2  

rectifier.residual.0.0.weight - torch.Size([32, 33, 3, 3]): 
The value is the same before and after calling `init_weights` of RPGVNetV2  

rectifier.residual.0.1.weight - torch.Size([32]): 
The value is the same before and after calling `init_weights` of RPGVNetV2  

rectifier.residual.0.1.bias - torch.Size([32]): 
The value is the same before and after calling `init_weights` of RPGVNetV2  

rectifier.residual.1.weight - torch.Size([1, 32, 1, 1]): 
The value is the same before and after calling `init_weights` of RPGVNetV2  

rectifier.residual.1.bias - torch.Size([1]): 
The value is the same before and after calling `init_weights` of RPGVNetV2  

geometry_encoder.stem.0.0.weight - torch.Size([32, 8, 3, 3]): 
The value is the same before and after calling `init_weights` of RPGVNetV2  

geometry_encoder.stem.0.1.weight - torch.Size([32]): 
The value is the same before and after calling `init_weights` of RPGVNetV2  

geometry_encoder.stem.0.1.bias - torch.Size([32]): 
The value is the same before and after calling `init_weights` of RPGVNetV2  

geometry_encoder.stem.1.block.0.0.weight - torch.Size([32, 1, 3, 3]): 
The value is the same before and after calling `init_weights` of RPGVNetV2  

geometry_encoder.stem.1.block.0.1.weight - torch.Size([32]): 
The value is the same before and after calling `init_weights` of RPGVNetV2  

geometry_encoder.stem.1.block.0.1.bias - torch.Size([32]): 
The value is the same before and after calling `init_weights` of RPGVNetV2  

geometry_encoder.stem.1.block.1.0.weight - torch.Size([32, 32, 1, 1]): 
The value is the same before and after calling `init_weights` of RPGVNetV2  

geometry_encoder.stem.1.block.1.1.weight - torch.Size([32]): 
The value is the same before and after calling `init_weights` of RPGVNetV2  

geometry_encoder.stem.1.block.1.1.bias - torch.Size([32]): 
The value is the same before and after calling `init_weights` of RPGVNetV2  

geometry_encoder.downsamples.0.block.0.0.weight - torch.Size([32, 1, 3, 3]): 
The value is the same before and after calling `init_weights` of RPGVNetV2  

geometry_encoder.downsamples.0.block.0.1.weight - torch.Size([32]): 
The value is the same before and after calling `init_weights` of RPGVNetV2  

geometry_encoder.downsamples.0.block.0.1.bias - torch.Size([32]): 
The value is the same before and after calling `init_weights` of RPGVNetV2  

geometry_encoder.downsamples.0.block.1.0.weight - torch.Size([64, 32, 1, 1]): 
The value is the same before and after calling `init_weights` of RPGVNetV2  

geometry_encoder.downsamples.0.block.1.1.weight - torch.Size([64]): 
The value is the same before and after calling `init_weights` of RPGVNetV2  

geometry_encoder.downsamples.0.block.1.1.bias - torch.Size([64]): 
The value is the same before and after calling `init_weights` of RPGVNetV2  

geometry_encoder.downsamples.0.shortcut.0.weight - torch.Size([64, 32, 1, 1]): 
The value is the same before and after calling `init_weights` of RPGVNetV2  

geometry_encoder.downsamples.0.shortcut.1.weight - torch.Size([64]): 
The value is the same before and after calling `init_weights` of RPGVNetV2  

geometry_encoder.downsamples.0.shortcut.1.bias - torch.Size([64]): 
The value is the same before and after calling `init_weights` of RPGVNetV2  

geometry_encoder.downsamples.1.block.0.0.weight - torch.Size([64, 1, 3, 3]): 
The value is the same before and after calling `init_weights` of RPGVNetV2  

geometry_encoder.downsamples.1.block.0.1.weight - torch.Size([64]): 
The value is the same before and after calling `init_weights` of RPGVNetV2  

geometry_encoder.downsamples.1.block.0.1.bias - torch.Size([64]): 
The value is the same before and after calling `init_weights` of RPGVNetV2  

geometry_encoder.downsamples.1.block.1.0.weight - torch.Size([128, 64, 1, 1]): 
The value is the same before and after calling `init_weights` of RPGVNetV2  

geometry_encoder.downsamples.1.block.1.1.weight - torch.Size([128]): 
The value is the same before and after calling `init_weights` of RPGVNetV2  

geometry_encoder.downsamples.1.block.1.1.bias - torch.Size([128]): 
The value is the same before and after calling `init_weights` of RPGVNetV2  

geometry_encoder.downsamples.1.shortcut.0.weight - torch.Size([128, 64, 1, 1]): 
The value is the same before and after calling `init_weights` of RPGVNetV2  

geometry_encoder.downsamples.1.shortcut.1.weight - torch.Size([128]): 
The value is the same before and after calling `init_weights` of RPGVNetV2  

geometry_encoder.downsamples.1.shortcut.1.bias - torch.Size([128]): 
The value is the same before and after calling `init_weights` of RPGVNetV2  

geometry_encoder.downsamples.2.block.0.0.weight - torch.Size([128, 1, 3, 3]): 
The value is the same before and after calling `init_weights` of RPGVNetV2  

geometry_encoder.downsamples.2.block.0.1.weight - torch.Size([128]): 
The value is the same before and after calling `init_weights` of RPGVNetV2  

geometry_encoder.downsamples.2.block.0.1.bias - torch.Size([128]): 
The value is the same before and after calling `init_weights` of RPGVNetV2  

geometry_encoder.downsamples.2.block.1.0.weight - torch.Size([256, 128, 1, 1]): 
The value is the same before and after calling `init_weights` of RPGVNetV2  

geometry_encoder.downsamples.2.block.1.1.weight - torch.Size([256]): 
The value is the same before and after calling `init_weights` of RPGVNetV2  

geometry_encoder.downsamples.2.block.1.1.bias - torch.Size([256]): 
The value is the same before and after calling `init_weights` of RPGVNetV2  

geometry_encoder.downsamples.2.shortcut.0.weight - torch.Size([256, 128, 1, 1]): 
The value is the same before and after calling `init_weights` of RPGVNetV2  

geometry_encoder.downsamples.2.shortcut.1.weight - torch.Size([256]): 
The value is the same before and after calling `init_weights` of RPGVNetV2  

geometry_encoder.downsamples.2.shortcut.1.bias - torch.Size([256]): 
The value is the same before and after calling `init_weights` of RPGVNetV2  

geometry_pyramid.laterals.0.0.weight - torch.Size([32, 32, 1, 1]): 
The value is the same before and after calling `init_weights` of RPGVNetV2  

geometry_pyramid.laterals.0.1.weight - torch.Size([32]): 
The value is the same before and after calling `init_weights` of RPGVNetV2  

geometry_pyramid.laterals.0.1.bias - torch.Size([32]): 
The value is the same before and after calling `init_weights` of RPGVNetV2  

geometry_pyramid.laterals.1.0.weight - torch.Size([64, 64, 1, 1]): 
The value is the same before and after calling `init_weights` of RPGVNetV2  

geometry_pyramid.laterals.1.1.weight - torch.Size([64]): 
The value is the same before and after calling `init_weights` of RPGVNetV2  

geometry_pyramid.laterals.1.1.bias - torch.Size([64]): 
The value is the same before and after calling `init_weights` of RPGVNetV2  

geometry_pyramid.laterals.2.0.weight - torch.Size([128, 128, 1, 1]): 
The value is the same before and after calling `init_weights` of RPGVNetV2  

geometry_pyramid.laterals.2.1.weight - torch.Size([128]): 
The value is the same before and after calling `init_weights` of RPGVNetV2  

geometry_pyramid.laterals.2.1.bias - torch.Size([128]): 
The value is the same before and after calling `init_weights` of RPGVNetV2  

geometry_pyramid.laterals.3.0.weight - torch.Size([256, 256, 1, 1]): 
The value is the same before and after calling `init_weights` of RPGVNetV2  

geometry_pyramid.laterals.3.1.weight - torch.Size([256]): 
The value is the same before and after calling `init_weights` of RPGVNetV2  

geometry_pyramid.laterals.3.1.bias - torch.Size([256]): 
The value is the same before and after calling `init_weights` of RPGVNetV2  

geometry_pyramid.top_down.0.0.weight - torch.Size([32, 64, 1, 1]): 
The value is the same before and after calling `init_weights` of RPGVNetV2  

geometry_pyramid.top_down.0.1.weight - torch.Size([32]): 
The value is the same before and after calling `init_weights` of RPGVNetV2  

geometry_pyramid.top_down.0.1.bias - torch.Size([32]): 
The value is the same before and after calling `init_weights` of RPGVNetV2  

geometry_pyramid.top_down.1.0.weight - torch.Size([64, 128, 1, 1]): 
The value is the same before and after calling `init_weights` of RPGVNetV2  

geometry_pyramid.top_down.1.1.weight - torch.Size([64]): 
The value is the same before and after calling `init_weights` of RPGVNetV2  

geometry_pyramid.top_down.1.1.bias - torch.Size([64]): 
The value is the same before and after calling `init_weights` of RPGVNetV2  

geometry_pyramid.top_down.2.0.weight - torch.Size([128, 256, 1, 1]): 
The value is the same before and after calling `init_weights` of RPGVNetV2  

geometry_pyramid.top_down.2.1.weight - torch.Size([128]): 
The value is the same before and after calling `init_weights` of RPGVNetV2  

geometry_pyramid.top_down.2.1.bias - torch.Size([128]): 
The value is the same before and after calling `init_weights` of RPGVNetV2  

geometry_pyramid.refine.0.block.0.0.weight - torch.Size([32, 1, 3, 3]): 
The value is the same before and after calling `init_weights` of RPGVNetV2  

geometry_pyramid.refine.0.block.0.1.weight - torch.Size([32]): 
The value is the same before and after calling `init_weights` of RPGVNetV2  

geometry_pyramid.refine.0.block.0.1.bias - torch.Size([32]): 
The value is the same before and after calling `init_weights` of RPGVNetV2  

geometry_pyramid.refine.0.block.1.0.weight - torch.Size([32, 32, 1, 1]): 
The value is the same before and after calling `init_weights` of RPGVNetV2  

geometry_pyramid.refine.0.block.1.1.weight - torch.Size([32]): 
The value is the same before and after calling `init_weights` of RPGVNetV2  

geometry_pyramid.refine.0.block.1.1.bias - torch.Size([32]): 
The value is the same before and after calling `init_weights` of RPGVNetV2  

geometry_pyramid.refine.1.block.0.0.weight - torch.Size([64, 1, 3, 3]): 
The value is the same before and after calling `init_weights` of RPGVNetV2  

geometry_pyramid.refine.1.block.0.1.weight - torch.Size([64]): 
The value is the same before and after calling `init_weights` of RPGVNetV2  

geometry_pyramid.refine.1.block.0.1.bias - torch.Size([64]): 
The value is the same before and after calling `init_weights` of RPGVNetV2  

geometry_pyramid.refine.1.block.1.0.weight - torch.Size([64, 64, 1, 1]): 
The value is the same before and after calling `init_weights` of RPGVNetV2  

geometry_pyramid.refine.1.block.1.1.weight - torch.Size([64]): 
The value is the same before and after calling `init_weights` of RPGVNetV2  

geometry_pyramid.refine.1.block.1.1.bias - torch.Size([64]): 
The value is the same before and after calling `init_weights` of RPGVNetV2  

geometry_pyramid.refine.2.block.0.0.weight - torch.Size([128, 1, 3, 3]): 
The value is the same before and after calling `init_weights` of RPGVNetV2  

geometry_pyramid.refine.2.block.0.1.weight - torch.Size([128]): 
The value is the same before and after calling `init_weights` of RPGVNetV2  

geometry_pyramid.refine.2.block.0.1.bias - torch.Size([128]): 
The value is the same before and after calling `init_weights` of RPGVNetV2  

geometry_pyramid.refine.2.block.1.0.weight - torch.Size([128, 128, 1, 1]): 
The value is the same before and after calling `init_weights` of RPGVNetV2  

geometry_pyramid.refine.2.block.1.1.weight - torch.Size([128]): 
The value is the same before and after calling `init_weights` of RPGVNetV2  

geometry_pyramid.refine.2.block.1.1.bias - torch.Size([128]): 
The value is the same before and after calling `init_weights` of RPGVNetV2  

geometry_aux_head.weight - torch.Size([1, 32, 1, 1]): 
The value is the same before and after calling `init_weights` of RPGVNetV2  

geometry_aux_head.bias - torch.Size([1]): 
The value is the same before and after calling `init_weights` of RPGVNetV2  

frequency_validator.rgb_projection.0.weight - torch.Size([32, 64, 1, 1]): 
The value is the same before and after calling `init_weights` of RPGVNetV2  

frequency_validator.rgb_projection.1.weight - torch.Size([32]): 
The value is the same before and after calling `init_weights` of RPGVNetV2  

frequency_validator.rgb_projection.1.bias - torch.Size([32]): 
The value is the same before and after calling `init_weights` of RPGVNetV2  

frequency_validator.geometry_projection.0.weight - torch.Size([32, 32, 1, 1]): 
The value is the same before and after calling `init_weights` of RPGVNetV2  

frequency_validator.geometry_projection.1.weight - torch.Size([32]): 
The value is the same before and after calling `init_weights` of RPGVNetV2  

frequency_validator.geometry_projection.1.bias - torch.Size([32]): 
The value is the same before and after calling `init_weights` of RPGVNetV2  

frequency_validator.region_rgb_projection.0.weight - torch.Size([32, 320, 1, 1]): 
The value is the same before and after calling `init_weights` of RPGVNetV2  

frequency_validator.region_rgb_projection.1.weight - torch.Size([32]): 
The value is the same before and after calling `init_weights` of RPGVNetV2  

frequency_validator.region_rgb_projection.1.bias - torch.Size([32]): 
The value is the same before and after calling `init_weights` of RPGVNetV2  

frequency_validator.region_geometry_projection.0.weight - torch.Size([32, 128, 1, 1]): 
The value is the same before and after calling `init_weights` of RPGVNetV2  

frequency_validator.region_geometry_projection.1.weight - torch.Size([32]): 
The value is the same before and after calling `init_weights` of RPGVNetV2  

frequency_validator.region_geometry_projection.1.bias - torch.Size([32]): 
The value is the same before and after calling `init_weights` of RPGVNetV2  

frequency_validator.high_validator.0.0.weight - torch.Size([96, 290, 3, 3]): 
The value is the same before and after calling `init_weights` of RPGVNetV2  

frequency_validator.high_validator.0.1.weight - torch.Size([96]): 
The value is the same before and after calling `init_weights` of RPGVNetV2  

frequency_validator.high_validator.0.1.bias - torch.Size([96]): 
The value is the same before and after calling `init_weights` of RPGVNetV2  

frequency_validator.high_validator.1.weight - torch.Size([96, 96, 1, 1]): 
The value is the same before and after calling `init_weights` of RPGVNetV2  

frequency_validator.high_validator.1.bias - torch.Size([96]): 
The value is the same before and after calling `init_weights` of RPGVNetV2  

frequency_validator.high_projection.weight - torch.Size([96, 96, 1, 1]): 
The value is the same before and after calling `init_weights` of RPGVNetV2  

frequency_validator.high_projection.bias - torch.Size([96]): 
The value is the same before and after calling `init_weights` of RPGVNetV2  

frequency_validator.region_validator.0.0.weight - torch.Size([32, 98, 3, 3]): 
The value is the same before and after calling `init_weights` of RPGVNetV2  

frequency_validator.region_validator.0.1.weight - torch.Size([32]): 
The value is the same before and after calling `init_weights` of RPGVNetV2  

frequency_validator.region_validator.0.1.bias - torch.Size([32]): 
The value is the same before and after calling `init_weights` of RPGVNetV2  

frequency_validator.region_validator.1.weight - torch.Size([32, 32, 1, 1]): 
The value is the same before and after calling `init_weights` of RPGVNetV2  

frequency_validator.region_validator.1.bias - torch.Size([32]): 
The value is the same before and after calling `init_weights` of RPGVNetV2  

frequency_validator.low_projection.weight - torch.Size([32, 32, 1, 1]): 
The value is the same before and after calling `init_weights` of RPGVNetV2  

frequency_validator.low_projection.bias - torch.Size([32]): 
The value is the same before and after calling `init_weights` of RPGVNetV2  

high_fusion.delta_projection.0.weight - torch.Size([64, 32, 1, 1]): 
The value is the same before and after calling `init_weights` of RPGVNetV2  

high_fusion.delta_projection.1.weight - torch.Size([64]): 
The value is the same before and after calling `init_weights` of RPGVNetV2  

high_fusion.delta_projection.1.bias - torch.Size([64]): 
The value is the same before and after calling `init_weights` of RPGVNetV2  

low_fusion.delta_projection.0.weight - torch.Size([320, 32, 1, 1]): 
The value is the same before and after calling `init_weights` of RPGVNetV2  

low_fusion.delta_projection.1.weight - torch.Size([320]): 
The value is the same before and after calling `init_weights` of RPGVNetV2  

low_fusion.delta_projection.1.bias - torch.Size([320]): 
The value is the same before and after calling `init_weights` of RPGVNetV2  

decoder.projections.0.0.weight - torch.Size([64, 64, 1, 1]): 
The value is the same before and after calling `init_weights` of RPGVNetV2  

decoder.projections.0.1.weight - torch.Size([64]): 
The value is the same before and after calling `init_weights` of RPGVNetV2  

decoder.projections.0.1.bias - torch.Size([64]): 
The value is the same before and after calling `init_weights` of RPGVNetV2  

decoder.projections.1.0.weight - torch.Size([64, 128, 1, 1]): 
The value is the same before and after calling `init_weights` of RPGVNetV2  

decoder.projections.1.1.weight - torch.Size([64]): 
The value is the same before and after calling `init_weights` of RPGVNetV2  

decoder.projections.1.1.bias - torch.Size([64]): 
The value is the same before and after calling `init_weights` of RPGVNetV2  

decoder.projections.2.0.weight - torch.Size([64, 320, 1, 1]): 
The value is the same before and after calling `init_weights` of RPGVNetV2  

decoder.projections.2.1.weight - torch.Size([64]): 
The value is the same before and after calling `init_weights` of RPGVNetV2  

decoder.projections.2.1.bias - torch.Size([64]): 
The value is the same before and after calling `init_weights` of RPGVNetV2  

decoder.projections.3.0.weight - torch.Size([64, 512, 1, 1]): 
The value is the same before and after calling `init_weights` of RPGVNetV2  

decoder.projections.3.1.weight - torch.Size([64]): 
The value is the same before and after calling `init_weights` of RPGVNetV2  

decoder.projections.3.1.bias - torch.Size([64]): 
The value is the same before and after calling `init_weights` of RPGVNetV2  

decoder.refine.0.block.0.0.weight - torch.Size([64, 1, 3, 3]): 
The value is the same before and after calling `init_weights` of RPGVNetV2  

decoder.refine.0.block.0.1.weight - torch.Size([64]): 
The value is the same before and after calling `init_weights` of RPGVNetV2  

decoder.refine.0.block.0.1.bias - torch.Size([64]): 
The value is the same before and after calling `init_weights` of RPGVNetV2  

decoder.refine.0.block.1.0.weight - torch.Size([64, 64, 1, 1]): 
The value is the same before and after calling `init_weights` of RPGVNetV2  

decoder.refine.0.block.1.1.weight - torch.Size([64]): 
The value is the same before and after calling `init_weights` of RPGVNetV2  

decoder.refine.0.block.1.1.bias - torch.Size([64]): 
The value is the same before and after calling `init_weights` of RPGVNetV2  

decoder.refine.1.block.0.0.weight - torch.Size([64, 1, 3, 3]): 
The value is the same before and after calling `init_weights` of RPGVNetV2  

decoder.refine.1.block.0.1.weight - torch.Size([64]): 
The value is the same before and after calling `init_weights` of RPGVNetV2  

decoder.refine.1.block.0.1.bias - torch.Size([64]): 
The value is the same before and after calling `init_weights` of RPGVNetV2  

decoder.refine.1.block.1.0.weight - torch.Size([64, 64, 1, 1]): 
The value is the same before and after calling `init_weights` of RPGVNetV2  

decoder.refine.1.block.1.1.weight - torch.Size([64]): 
The value is the same before and after calling `init_weights` of RPGVNetV2  

decoder.refine.1.block.1.1.bias - torch.Size([64]): 
The value is the same before and after calling `init_weights` of RPGVNetV2  

refiner.coarse_head.weight - torch.Size([1, 64, 1, 1]): 
The value is the same before and after calling `init_weights` of RPGVNetV2  

refiner.coarse_head.bias - torch.Size([1]): 
The value is the same before and after calling `init_weights` of RPGVNetV2  

refiner.rgb_stem.0.0.weight - torch.Size([24, 3, 3, 3]): 
The value is the same before and after calling `init_weights` of RPGVNetV2  

refiner.rgb_stem.0.1.weight - torch.Size([24]): 
The value is the same before and after calling `init_weights` of RPGVNetV2  

refiner.rgb_stem.0.1.bias - torch.Size([24]): 
The value is the same before and after calling `init_weights` of RPGVNetV2  

refiner.rgb_stem.1.block.0.0.weight - torch.Size([24, 1, 3, 3]): 
The value is the same before and after calling `init_weights` of RPGVNetV2  

refiner.rgb_stem.1.block.0.1.weight - torch.Size([24]): 
The value is the same before and after calling `init_weights` of RPGVNetV2  

refiner.rgb_stem.1.block.0.1.bias - torch.Size([24]): 
The value is the same before and after calling `init_weights` of RPGVNetV2  

refiner.rgb_stem.1.block.1.0.weight - torch.Size([24, 24, 1, 1]): 
The value is the same before and after calling `init_weights` of RPGVNetV2  

refiner.rgb_stem.1.block.1.1.weight - torch.Size([24]): 
The value is the same before and after calling `init_weights` of RPGVNetV2  

refiner.rgb_stem.1.block.1.1.bias - torch.Size([24]): 
The value is the same before and after calling `init_weights` of RPGVNetV2  

refiner.semantic_projection.0.weight - torch.Size([24, 64, 1, 1]): 
The value is the same before and after calling `init_weights` of RPGVNetV2  

refiner.semantic_projection.1.weight - torch.Size([24]): 
The value is the same before and after calling `init_weights` of RPGVNetV2  

refiner.semantic_projection.1.bias - torch.Size([24]): 
The value is the same before and after calling `init_weights` of RPGVNetV2  

refiner.contour.0.0.weight - torch.Size([24, 49, 1, 1]): 
The value is the same before and after calling `init_weights` of RPGVNetV2  

refiner.contour.0.1.weight - torch.Size([24]): 
The value is the same before and after calling `init_weights` of RPGVNetV2  

refiner.contour.0.1.bias - torch.Size([24]): 
The value is the same before and after calling `init_weights` of RPGVNetV2  

refiner.contour.1.block.0.0.weight - torch.Size([24, 1, 3, 3]): 
The value is the same before and after calling `init_weights` of RPGVNetV2  

refiner.contour.1.block.0.1.weight - torch.Size([24]): 
The value is the same before and after calling `init_weights` of RPGVNetV2  

refiner.contour.1.block.0.1.bias - torch.Size([24]): 
The value is the same before and after calling `init_weights` of RPGVNetV2  

refiner.contour.1.block.1.0.weight - torch.Size([24, 24, 1, 1]): 
The value is the same before and after calling `init_weights` of RPGVNetV2  

refiner.contour.1.block.1.1.weight - torch.Size([24]): 
The value is the same before and after calling `init_weights` of RPGVNetV2  

refiner.contour.1.block.1.1.bias - torch.Size([24]): 
The value is the same before and after calling `init_weights` of RPGVNetV2  

refiner.contour.2.weight - torch.Size([1, 24, 1, 1]): 
The value is the same before and after calling `init_weights` of RPGVNetV2  

refiner.contour.2.bias - torch.Size([1]): 
The value is the same before and after calling `init_weights` of RPGVNetV2  
2026/09/26 11:58:12 - mmengine - WARNING - "FileClient" will be deprecated in future. Please use io functions in https://mmengine.readthedocs.io/en/latest/api/fileio.html#file-io
2026/09/26 11:58:12 - mmengine - WARNING - "HardDiskBackend" is the alias of "LocalBackend" and the former will be deprecated in future.
2026/09/26 11:58:12 - mmengine - INFO - Checkpoints will be saved to /workspace/work_dirs/rpgv_v2_single_stage_fixed/single_stage/seed_42/progressive_rgr/joint.
2026/09/26 11:58:51 - mmengine - INFO - Iter(train) [    50/100000]  base_lr: 1.9614e-05 lr: 1.9614e-06  eta: 21:20:05  time: 0.7265  data_time: 0.0185  memory: 11326  loss: 1.3525  loss_final: 0.6923  loss_rgb: 0.1461  loss_geometry: 0.1451  loss_reliability: 0.0312  loss_preserve: 0.0000  loss_equivariance: 0.0000  correction_scale: 0.1000  loss_correction_smoothness: 0.0000  loss_coarse: 0.2080  loss_boundary: 0.0807  loss_sdf: 0.0493  grad_norm: nan
2026/09/26 11:59:27 - mmengine - INFO - Iter(train) [   100/100000]  base_lr: 3.9627e-05 lr: 3.9627e-06  eta: 20:49:10  time: 0.7274  data_time: 0.0165  memory: 11326  loss: 1.3061  loss_final: 0.6491  loss_rgb: 0.1412  loss_geometry: 0.1443  loss_reliability: 0.0472  loss_preserve: 0.0000  loss_equivariance: 0.0000  correction_scale: 0.1000  loss_correction_smoothness: 0.0000  loss_coarse: 0.1949  loss_boundary: 0.0802  loss_sdf: 0.0491  grad_norm: 23.9702
2026/09/26 12:00:04 - mmengine - INFO - Iter(train) [   150/100000]  base_lr: 5.9640e-05 lr: 5.9640e-06  eta: 20:36:59  time: 0.7321  data_time: 0.0166  memory: 11326  loss: 1.2864  loss_final: 0.6599  loss_rgb: 0.1382  loss_geometry: 0.1406  loss_reliability: 0.0211  loss_preserve: 0.0000  loss_equivariance: 0.0000  correction_scale: 0.1000  loss_correction_smoothness: 0.0000  loss_coarse: 0.1981  loss_boundary: 0.0795  loss_sdf: 0.0490  grad_norm: 14.5980
2026/09/26 12:00:40 - mmengine - INFO - Iter(train) [   200/100000]  base_lr: 7.9654e-05 lr: 7.9654e-06  eta: 20:26:09  time: 0.7203  data_time: 0.0156  memory: 11326  loss: 1.2315  loss_final: 0.5877  loss_rgb: 0.1429  loss_geometry: 0.1465  loss_reliability: 0.0506  loss_preserve: 0.0000  loss_equivariance: 0.0000  correction_scale: 0.1000  loss_correction_smoothness: 0.0000  loss_coarse: 0.1765  loss_boundary: 0.0786  loss_sdf: 0.0487  grad_norm: 7.4436
2026/09/26 12:01:16 - mmengine - INFO - Iter(train) [   250/100000]  base_lr: 9.9667e-05 lr: 9.9667e-06  eta: 20:21:14  time: 0.7127  data_time: 0.0163  memory: 11326  loss: 1.2024  loss_final: 0.6040  loss_rgb: 0.1381  loss_geometry: 0.1407  loss_reliability: 0.0144  loss_preserve: 0.0000  loss_equivariance: 0.0000  correction_scale: 0.1000  loss_correction_smoothness: 0.0000  loss_coarse: 0.1813  loss_boundary: 0.0758  loss_sdf: 0.0481  grad_norm: 5.4291
2026/09/26 12:01:52 - mmengine - INFO - Iter(train) [   300/100000]  base_lr: 1.1968e-04 lr: 1.1968e-05  eta: 20:18:50  time: 0.7257  data_time: 0.0174  memory: 11326  loss: 1.0692  loss_final: 0.5241  loss_rgb: 0.1338  loss_geometry: 0.1351  loss_reliability: 0.0026  loss_preserve: 0.0000  loss_equivariance: 0.0000  correction_scale: 0.1000  loss_correction_smoothness: 0.0000  loss_coarse: 0.1574  loss_boundary: 0.0685  loss_sdf: 0.0477  grad_norm: 5.6418
2026/09/26 12:02:28 - mmengine - INFO - Iter(train) [   350/100000]  base_lr: 1.3969e-04 lr: 1.3969e-05  eta: 20:16:38  time: 0.7252  data_time: 0.0157  memory: 11326  loss: 1.0438  loss_final: 0.4855  loss_rgb: 0.1438  loss_geometry: 0.1387  loss_reliability: 0.0199  loss_preserve: 0.0000  loss_equivariance: 0.0000  correction_scale: 0.1000  loss_correction_smoothness: 0.0000  loss_coarse: 0.1458  loss_boundary: 0.0621  loss_sdf: 0.0480  grad_norm: 5.4156
2026/09/26 12:03:05 - mmengine - INFO - Iter(train) [   400/100000]  base_lr: 1.5971e-04 lr: 1.5971e-05  eta: 20:16:12  time: 0.7259  data_time: 0.0166  memory: 11326  loss: 1.0730  loss_final: 0.5246  loss_rgb: 0.1348  loss_geometry: 0.1358  loss_reliability: 0.0148  loss_preserve: 0.0000  loss_equivariance: 0.0000  correction_scale: 0.0999  loss_correction_smoothness: 0.0000  loss_coarse: 0.1575  loss_boundary: 0.0591  loss_sdf: 0.0465  grad_norm: 4.1180
2026/09/26 12:03:41 - mmengine - INFO - Iter(train) [   450/100000]  base_lr: 1.7972e-04 lr: 1.7972e-05  eta: 20:14:22  time: 0.7190  data_time: 0.0168  memory: 11326  loss: 1.0925  loss_final: 0.5425  loss_rgb: 0.1349  loss_geometry: 0.1355  loss_reliability: 0.0172  loss_preserve: 0.0000  loss_equivariance: 0.0000  correction_scale: 0.0999  loss_correction_smoothness: 0.0000  loss_coarse: 0.1628  loss_boundary: 0.0547  loss_sdf: 0.0448  grad_norm: 3.9688
2026/09/26 12:04:18 - mmengine - INFO - Iter(train) [   500/100000]  base_lr: 1.9973e-04 lr: 1.9973e-05  eta: 20:12:30  time: 0.7241  data_time: 0.0163  memory: 11326  loss: 1.0172  loss_final: 0.4710  loss_rgb: 0.1272  loss_geometry: 0.1335  loss_reliability: 0.0481  loss_preserve: 0.0000  loss_equivariance: 0.0000  correction_scale: 0.0999  loss_correction_smoothness: 0.0000  loss_coarse: 0.1414  loss_boundary: 0.0530  loss_sdf: 0.0429  grad_norm: 3.4372
2026/09/26 12:04:54 - mmengine - INFO - Iter(train) [   550/100000]  base_lr: 2.1975e-04 lr: 2.1975e-05  eta: 20:11:36  time: 0.7254  data_time: 0.0160  memory: 11326  loss: 0.8797  loss_final: 0.3845  loss_rgb: 0.1256  loss_geometry: 0.1307  loss_reliability: 0.0307  loss_preserve: 0.0000  loss_equivariance: 0.0000  correction_scale: 0.0999  loss_correction_smoothness: 0.0000  loss_coarse: 0.1155  loss_boundary: 0.0524  loss_sdf: 0.0403  grad_norm: 3.5337
2026/09/26 12:05:31 - mmengine - INFO - Iter(train) [   600/100000]  base_lr: 2.3976e-04 lr: 2.3976e-05  eta: 20:10:41  time: 0.7366  data_time: 0.0159  memory: 11326  loss: 0.8824  loss_final: 0.4010  loss_rgb: 0.1277  loss_geometry: 0.1297  loss_reliability: 0.0104  loss_preserve: 0.0000  loss_equivariance: 0.0000  correction_scale: 0.0999  loss_correction_smoothness: 0.0000  loss_coarse: 0.1204  loss_boundary: 0.0534  loss_sdf: 0.0396  grad_norm: 3.8359
2026/09/26 12:06:07 - mmengine - INFO - Iter(train) [   650/100000]  base_lr: 2.5977e-04 lr: 2.5977e-05  eta: 20:09:12  time: 0.7249  data_time: 0.0154  memory: 11326  loss: 0.9773  loss_final: 0.4437  loss_rgb: 0.1317  loss_geometry: 0.1330  loss_reliability: 0.0422  loss_preserve: 0.0000  loss_equivariance: 0.0000  correction_scale: 0.0999  loss_correction_smoothness: 0.0000  loss_coarse: 0.1332  loss_boundary: 0.0539  loss_sdf: 0.0396  grad_norm: 3.2861
2026/09/26 12:06:43 - mmengine - INFO - Iter(train) [   700/100000]  base_lr: 2.7979e-04 lr: 2.7979e-05  eta: 20:08:41  time: 0.7242  data_time: 0.0156  memory: 11326  loss: 0.9125  loss_final: 0.4101  loss_rgb: 0.1230  loss_geometry: 0.1319  loss_reliability: 0.0347  loss_preserve: 0.0000  loss_equivariance: 0.0000  correction_scale: 0.0999  loss_correction_smoothness: 0.0000  loss_coarse: 0.1231  loss_boundary: 0.0529  loss_sdf: 0.0368  grad_norm: 4.6904
2026/09/26 12:07:20 - mmengine - INFO - Iter(train) [   750/100000]  base_lr: 2.9980e-04 lr: 2.9980e-05  eta: 20:07:56  time: 0.7331  data_time: 0.0168  memory: 11326  loss: 0.9107  loss_final: 0.4214  loss_rgb: 0.1197  loss_geometry: 0.1348  loss_reliability: 0.0182  loss_preserve: 0.0000  loss_equivariance: 0.0000  correction_scale: 0.0998  loss_correction_smoothness: 0.0000  loss_coarse: 0.1265  loss_boundary: 0.0533  loss_sdf: 0.0368  grad_norm: 6.0001
2026/09/26 12:07:57 - mmengine - INFO - Iter(train) [   800/100000]  base_lr: 3.1981e-04 lr: 3.1981e-05  eta: 20:07:47  time: 0.7426  data_time: 0.0160  memory: 11326  loss: 0.8916  loss_final: 0.3953  loss_rgb: 0.1231  loss_geometry: 0.1316  loss_reliability: 0.0405  loss_preserve: 0.0000  loss_equivariance: 0.0000  correction_scale: 0.0998  loss_correction_smoothness: 0.0000  loss_coarse: 0.1187  loss_boundary: 0.0529  loss_sdf: 0.0296  grad_norm: 4.6538
2026/09/26 12:08:33 - mmengine - INFO - Iter(train) [   850/100000]  base_lr: 3.3983e-04 lr: 3.3983e-05  eta: 20:06:50  time: 0.7163  data_time: 0.0156  memory: 11326  loss: 0.9555  loss_final: 0.4543  loss_rgb: 0.1302  loss_geometry: 0.1318  loss_reliability: 0.0230  loss_preserve: 0.0000  loss_equivariance: 0.0000  correction_scale: 0.0998  loss_correction_smoothness: 0.0000  loss_coarse: 0.1364  loss_boundary: 0.0529  loss_sdf: 0.0270  grad_norm: 4.8940
2026/09/26 12:09:09 - mmengine - INFO - Iter(train) [   900/100000]  base_lr: 3.5984e-04 lr: 3.5984e-05  eta: 20:06:05  time: 0.7336  data_time: 0.0160  memory: 11326  loss: 0.7855  loss_final: 0.3148  loss_rgb: 0.1258  loss_geometry: 0.1283  loss_reliability: 0.0394  loss_preserve: 0.0000  loss_equivariance: 0.0000  correction_scale: 0.0997  loss_correction_smoothness: 0.0000  loss_coarse: 0.0945  loss_boundary: 0.0536  loss_sdf: 0.0291  grad_norm: 4.3923
2026/09/26 12:09:46 - mmengine - INFO - Iter(train) [   950/100000]  base_lr: 3.7985e-04 lr: 3.7985e-05  eta: 20:05:30  time: 0.7342  data_time: 0.0161  memory: 11326  loss: 0.8693  loss_final: 0.3559  loss_rgb: 0.1285  loss_geometry: 0.1288  loss_reliability: 0.0690  loss_preserve: 0.0000  loss_equivariance: 0.0000  correction_scale: 0.0997  loss_correction_smoothness: 0.0000  loss_coarse: 0.1069  loss_boundary: 0.0534  loss_sdf: 0.0266  grad_norm: 3.7726
2026/09/26 12:10:23 - mmengine - INFO - Exp name: joint_20260926_115805
2026/09/26 12:10:23 - mmengine - INFO - Iter(train) [  1000/100000]  base_lr: 3.9987e-04 lr: 3.9987e-05  eta: 20:05:17  time: 0.7325  data_time: 0.0163  memory: 11326  loss: 0.8494  loss_final: 0.3799  loss_rgb: 0.1198  loss_geometry: 0.1286  loss_reliability: 0.0319  loss_preserve: 0.0000  loss_equivariance: 0.0000  correction_scale: 0.0996  loss_correction_smoothness: 0.0000  loss_coarse: 0.1140  loss_boundary: 0.0533  loss_sdf: 0.0220  grad_norm: 3.8758
2026/09/26 12:10:59 - mmengine - INFO - Iter(train) [  1050/100000]  base_lr: 4.1988e-04 lr: 4.1988e-05  eta: 20:04:10  time: 0.7265  data_time: 0.0160  memory: 11326  loss: 0.8358  loss_final: 0.3661  loss_rgb: 0.1250  loss_geometry: 0.1311  loss_reliability: 0.0228  loss_preserve: 0.0000  loss_equivariance: 0.0000  correction_scale: 0.0995  loss_correction_smoothness: 0.0000  loss_coarse: 0.1099  loss_boundary: 0.0533  loss_sdf: 0.0275  grad_norm: 3.9209
2026/09/26 12:11:35 - mmengine - INFO - Iter(train) [  1100/100000]  base_lr: 4.3989e-04 lr: 4.3989e-05  eta: 20:03:25  time: 0.7249  data_time: 0.0158  memory: 11326  loss: 0.8359  loss_final: 0.3778  loss_rgb: 0.1231  loss_geometry: 0.1317  loss_reliability: 0.0121  loss_preserve: 0.0000  loss_equivariance: 0.0000  correction_scale: 0.0995  loss_correction_smoothness: 0.0000  loss_coarse: 0.1134  loss_boundary: 0.0531  loss_sdf: 0.0246  grad_norm: 3.9763
2026/09/26 12:12:11 - mmengine - INFO - Iter(train) [  1150/100000]  base_lr: 4.5991e-04 lr: 4.5991e-05  eta: 20:02:20  time: 0.7218  data_time: 0.0164  memory: 11326  loss: 0.7968  loss_final: 0.3593  loss_rgb: 0.1219  loss_geometry: 0.1270  loss_reliability: 0.0103  loss_preserve: 0.0000  loss_equivariance: 0.0000  correction_scale: 0.0995  loss_correction_smoothness: 0.0000  loss_coarse: 0.1078  loss_boundary: 0.0528  loss_sdf: 0.0177  grad_norm: 3.9376
2026/09/26 12:12:48 - mmengine - INFO - Iter(train) [  1200/100000]  base_lr: 4.7992e-04 lr: 4.7992e-05  eta: 20:01:24  time: 0.7309  data_time: 0.0160  memory: 11326  loss: 0.9028  loss_final: 0.4176  loss_rgb: 0.1276  loss_geometry: 0.1345  loss_reliability: 0.0201  loss_preserve: 0.0000  loss_equivariance: 0.0000  correction_scale: 0.0994  loss_correction_smoothness: 0.0000  loss_coarse: 0.1253  loss_boundary: 0.0533  loss_sdf: 0.0245  grad_norm: 2.8926
2026/09/26 12:13:24 - mmengine - INFO - Iter(train) [  1250/100000]  base_lr: 4.9993e-04 lr: 4.9993e-05  eta: 20:00:39  time: 0.7257  data_time: 0.0173  memory: 11326  loss: 0.8229  loss_final: 0.3622  loss_rgb: 0.1239  loss_geometry: 0.1254  loss_reliability: 0.0288  loss_preserve: 0.0000  loss_equivariance: 0.0000  correction_scale: 0.0992  loss_correction_smoothness: 0.0000  loss_coarse: 0.1088  loss_boundary: 0.0528  loss_sdf: 0.0209  grad_norm: 3.1601
2026/09/26 12:14:01 - mmengine - INFO - Iter(train) [  1300/100000]  base_lr: 5.1995e-04 lr: 5.1995e-05  eta: 20:00:18  time: 0.7352  data_time: 0.0167  memory: 11326  loss: 0.8694  loss_final: 0.3693  loss_rgb: 0.1325  loss_geometry: 0.1368  loss_reliability: 0.0406  loss_preserve: 0.0000  loss_equivariance: 0.0000  correction_scale: 0.0991  loss_correction_smoothness: 0.0000  loss_coarse: 0.1109  loss_boundary: 0.0532  loss_sdf: 0.0259  grad_norm: 3.5160
2026/09/26 12:14:37 - mmengine - INFO - Iter(train) [  1350/100000]  base_lr: 5.3996e-04 lr: 5.3996e-05  eta: 19:59:45  time: 0.7333  data_time: 0.0168  memory: 11326  loss: 0.6813  loss_final: 0.2626  loss_rgb: 0.1240  loss_geometry: 0.1244  loss_reliability: 0.0210  loss_preserve: 0.0000  loss_equivariance: 0.0000  correction_scale: 0.0988  loss_correction_smoothness: 0.0000  loss_coarse: 0.0788  loss_boundary: 0.0534  loss_sdf: 0.0171  grad_norm: 3.7456
2026/09/26 12:15:14 - mmengine - INFO - Iter(train) [  1400/100000]  base_lr: 5.5997e-04 lr: 5.5997e-05  eta: 19:59:18  time: 0.7435  data_time: 0.0162  memory: 11326  loss: 0.9063  loss_final: 0.4113  loss_rgb: 0.1294  loss_geometry: 0.1299  loss_reliability: 0.0362  loss_preserve: 0.0000  loss_equivariance: 0.0000  correction_scale: 0.0986  loss_correction_smoothness: 0.0000  loss_coarse: 0.1235  loss_boundary: 0.0526  loss_sdf: 0.0235  grad_norm: 4.8927
2026/09/26 12:15:50 - mmengine - INFO - Iter(train) [  1450/100000]  base_lr: 5.7999e-04 lr: 5.7999e-05  eta: 19:58:42  time: 0.7298  data_time: 0.0164  memory: 11326  loss: 0.8038  loss_final: 0.3338  loss_rgb: 0.1179  loss_geometry: 0.1328  loss_reliability: 0.0419  loss_preserve: 0.0000  loss_equivariance: 0.0000  correction_scale: 0.0985  loss_correction_smoothness: 0.0000  loss_coarse: 0.1002  loss_boundary: 0.0531  loss_sdf: 0.0240  grad_norm: 4.2152
2026/09/26 12:16:27 - mmengine - INFO - Iter(train) [  1500/100000]  base_lr: 6.0000e-04 lr: 6.0000e-05  eta: 19:58:22  time: 0.7267  data_time: 0.0159  memory: 11326  loss: 0.8393  loss_final: 0.3581  loss_rgb: 0.1294  loss_geometry: 0.1263  loss_reliability: 0.0460  loss_preserve: 0.0000  loss_equivariance: 0.0000  correction_scale: 0.0984  loss_correction_smoothness: 0.0000  loss_coarse: 0.1076  loss_boundary: 0.0530  loss_sdf: 0.0189  grad_norm: 3.3143
2026/09/26 12:17:04 - mmengine - INFO - Iter(train) [  1550/100000]  base_lr: 5.9973e-04 lr: 5.9973e-05  eta: 19:57:46  time: 0.7207  data_time: 0.0161  memory: 11326  loss: 0.7186  loss_final: 0.2887  loss_rgb: 0.1220  loss_geometry: 0.1315  loss_reliability: 0.0241  loss_preserve: 0.0000  loss_equivariance: 0.0000  correction_scale: 0.0984  loss_correction_smoothness: 0.0000  loss_coarse: 0.0866  loss_boundary: 0.0528  loss_sdf: 0.0129  grad_norm: 3.1050
2026/09/26 12:17:40 - mmengine - INFO - Iter(train) [  1600/100000]  base_lr: 5.9946e-04 lr: 5.9946e-05  eta: 19:57:20  time: 0.7494  data_time: 0.0171  memory: 11326  loss: 0.9330  loss_final: 0.4253  loss_rgb: 0.1254  loss_geometry: 0.1406  loss_reliability: 0.0347  loss_preserve: 0.0000  loss_equivariance: 0.0000  correction_scale: 0.0983  loss_correction_smoothness: 0.0000  loss_coarse: 0.1277  loss_boundary: 0.0532  loss_sdf: 0.0261  grad_norm: 3.6698
2026/09/26 12:18:17 - mmengine - INFO - Iter(train) [  1650/100000]  base_lr: 5.9918e-04 lr: 5.9918e-05  eta: 19:56:42  time: 0.7247  data_time: 0.0184  memory: 11326  loss: 0.8046  loss_final: 0.3505  loss_rgb: 0.1089  loss_geometry: 0.1372  loss_reliability: 0.0344  loss_preserve: 0.0000  loss_equivariance: 0.0000  correction_scale: 0.0983  loss_correction_smoothness: 0.0000  loss_coarse: 0.1051  loss_boundary: 0.0522  loss_sdf: 0.0164  grad_norm: 3.0798
2026/09/26 12:18:53 - mmengine - INFO - Iter(train) [  1700/100000]  base_lr: 5.9891e-04 lr: 5.9891e-05  eta: 19:55:56  time: 0.7229  data_time: 0.0177  memory: 11326  loss: 0.8138  loss_final: 0.3557  loss_rgb: 0.1206  loss_geometry: 0.1314  loss_reliability: 0.0314  loss_preserve: 0.0000  loss_equivariance: 0.0000  correction_scale: 0.0981  loss_correction_smoothness: 0.0000  loss_coarse: 0.1067  loss_boundary: 0.0524  loss_sdf: 0.0157  grad_norm: 3.1336
2026/09/26 12:19:30 - mmengine - INFO - Iter(train) [  1750/100000]  base_lr: 5.9863e-04 lr: 5.9863e-05  eta: 19:55:21  time: 0.7345  data_time: 0.0166  memory: 11326  loss: 0.8851  loss_final: 0.3771  loss_rgb: 0.1249  loss_geometry: 0.1430  loss_reliability: 0.0536  loss_preserve: 0.0000  loss_equivariance: 0.0000  correction_scale: 0.0980  loss_correction_smoothness: 0.0000  loss_coarse: 0.1132  loss_boundary: 0.0526  loss_sdf: 0.0206  grad_norm: 3.1937
2026/09/26 12:20:06 - mmengine - INFO - Iter(train) [  1800/100000]  base_lr: 5.9836e-04 lr: 5.9836e-05  eta: 19:54:50  time: 0.7344  data_time: 0.0166  memory: 11326  loss: 0.7445  loss_final: 0.3005  loss_rgb: 0.1178  loss_geometry: 0.1288  loss_reliability: 0.0420  loss_preserve: 0.0000  loss_equivariance: 0.0000  correction_scale: 0.0979  loss_correction_smoothness: 0.0000  loss_coarse: 0.0901  loss_boundary: 0.0525  loss_sdf: 0.0126  grad_norm: 3.7649
2026/09/26 12:20:43 - mmengine - INFO - Iter(train) [  1850/100000]  base_lr: 5.9809e-04 lr: 5.9809e-05  eta: 19:54:03  time: 0.7280  data_time: 0.0159  memory: 11326  loss: 0.9304  loss_final: 0.4461  loss_rgb: 0.1187  loss_geometry: 0.1374  loss_reliability: 0.0213  loss_preserve: 0.0000  loss_equivariance: 0.0000  correction_scale: 0.0978  loss_correction_smoothness: 0.0000  loss_coarse: 0.1338  loss_boundary: 0.0524  loss_sdf: 0.0207  grad_norm: 3.5377
2026/09/26 12:21:19 - mmengine - INFO - Iter(train) [  1900/100000]  base_lr: 5.9781e-04 lr: 5.9781e-05  eta: 19:53:17  time: 0.7212  data_time: 0.0169  memory: 11326  loss: 0.7733  loss_final: 0.3364  loss_rgb: 0.1057  loss_geometry: 0.1370  loss_reliability: 0.0176  loss_preserve: 0.0000  loss_equivariance: 0.0000  correction_scale: 0.0977  loss_correction_smoothness: 0.0000  loss_coarse: 0.1010  loss_boundary: 0.0531  loss_sdf: 0.0226  grad_norm: 3.1983
2026/09/26 12:21:55 - mmengine - INFO - Iter(train) [  1950/100000]  base_lr: 5.9754e-04 lr: 5.9754e-05  eta: 19:52:23  time: 0.7177  data_time: 0.0165  memory: 11326  loss: 0.8316  loss_final: 0.3682  loss_rgb: 0.1295  loss_geometry: 0.1277  loss_reliability: 0.0212  loss_preserve: 0.0000  loss_equivariance: 0.0000  correction_scale: 0.0977  loss_correction_smoothness: 0.0000  loss_coarse: 0.1105  loss_boundary: 0.0526  loss_sdf: 0.0220  grad_norm: 2.5049
2026/09/26 12:22:32 - mmengine - INFO - Exp name: joint_20260926_115805
2026/09/26 12:22:32 - mmengine - INFO - Iter(train) [  2000/100000]  base_lr: 5.9726e-04 lr: 5.9726e-05  eta: 19:51:59  time: 0.7325  data_time: 0.0184  memory: 11326  loss: 0.7305  loss_final: 0.3072  loss_rgb: 0.1195  loss_geometry: 0.1260  loss_reliability: 0.0205  loss_preserve: 0.0000  loss_equivariance: 0.0000  correction_scale: 0.0976  loss_correction_smoothness: 0.0000  loss_coarse: 0.0922  loss_boundary: 0.0529  loss_sdf: 0.0122  grad_norm: 3.2580
2026/09/26 12:22:32 - mmengine - INFO - Saving checkpoint at 2000 iterations
2026/09/26 12:23:41 - mmengine - INFO - Iter(val) [ 50/304]    eta: 0:05:40  time: 1.3306  data_time: 0.0227  memory: 1184  
2026/09/26 12:25:48 - mmengine - INFO - Iter(val) [100/304]    eta: 0:06:35  time: 2.4583  data_time: 0.0237  memory: 1184  
2026/09/26 12:27:48 - mmengine - INFO - Iter(val) [150/304]    eta: 0:05:23  time: 2.4294  data_time: 0.0237  memory: 1184  
2026/09/26 12:29:46 - mmengine - INFO - Iter(val) [200/304]    eta: 0:03:44  time: 2.2968  data_time: 0.0215  memory: 1184  
2026/09/26 12:31:44 - mmengine - INFO - Iter(val) [250/304]    eta: 0:01:58  time: 2.3883  data_time: 0.0237  memory: 1184  
2026/09/26 12:33:40 - mmengine - INFO - Iter(val) [300/304]    eta: 0:00:08  time: 2.3190  data_time: 0.0237  memory: 1184  
2026/09/26 12:33:50 - mmengine - INFO - per class results:
2026/09/26 12:33:50 - mmengine - INFO - 
+------------------+-------+-------+-------+--------+-----------+--------+
|      Class       |  IoU  |  Acc  |  Dice | Fscore | Precision | Recall |
+------------------+-------+-------+-------+--------+-----------+--------+
|    background    | 93.95 | 95.59 | 96.88 | 96.88  |   98.21   | 95.59  |
| wastewater_plant | 53.44 | 80.18 | 69.66 | 69.66  |   61.58   | 80.18  |
+------------------+-------+-------+-------+--------+-----------+--------+
2026/09/26 12:33:50 - mmengine - INFO - Iter(val) [304/304]    aAcc: 94.3500  mIoU: 73.7000  mAcc: 87.8900  mDice: 83.2700  mFscore: 83.2700  mPrecision: 79.8900  mRecall: 87.8900  binary/Foreground_IoU: 53.4442  binary/Dice: 69.6594  binary/F1: 69.6594  binary/Precision: 61.5768  binary/Recall: 80.1845  binary/Boundary_F1: 4.3372  binary/BFScore: 4.3372  binary/Boundary_Precision: 2.8362  binary/Boundary_Recall: 9.2135  binary/Hausdorff_px: 1086.2860  binary/HD95_px: 936.7752  binary/Hausdorff_m: 543.1430  binary/HD95_m: 468.3876  data_time: 0.0269  time: 2.2247
2026/09/26 12:33:51 - mmengine - INFO - The best checkpoint with 53.4442 binary/Foreground_IoU at 2000 iter is saved to best_binary_Foreground_IoU_iter_2000.pth.
2026/09/26 12:34:30 - mmengine - INFO - Iter(train) [  2050/100000]  base_lr: 5.9699e-04 lr: 5.9699e-05  eta: 19:54:16  time: 0.7131  data_time: 0.0168  memory: 11326  loss: 0.7693  loss_final: 0.3342  loss_rgb: 0.1254  loss_geometry: 0.1268  loss_reliability: 0.0182  loss_preserve: 0.0000  loss_equivariance: 0.0000  correction_scale: 0.0975  loss_correction_smoothness: 0.0000  loss_coarse: 0.1002  loss_boundary: 0.0523  loss_sdf: 0.0121  grad_norm: 2.7689
2026/09/26 12:35:06 - mmengine - INFO - Iter(train) [  2100/100000]  base_lr: 5.9672e-04 lr: 5.9672e-05  eta: 19:53:10  time: 0.7234  data_time: 0.0168  memory: 11326  loss: 0.7134  loss_final: 0.3034  loss_rgb: 0.1131  loss_geometry: 0.1261  loss_reliability: 0.0134  loss_preserve: 0.0000  loss_equivariance: 0.0000  correction_scale: 0.0974  loss_correction_smoothness: 0.0000  loss_coarse: 0.0911  loss_boundary: 0.0526  loss_sdf: 0.0136  grad_norm: 2.6866
2026/09/26 12:35:42 - mmengine - INFO - Iter(train) [  2150/100000]  base_lr: 5.9644e-04 lr: 5.9644e-05  eta: 19:52:02  time: 0.7156  data_time: 0.0159  memory: 11326  loss: 0.8147  loss_final: 0.3703  loss_rgb: 0.1230  loss_geometry: 0.1259  loss_reliability: 0.0225  loss_preserve: 0.0000  loss_equivariance: 0.0000  correction_scale: 0.0972  loss_correction_smoothness: 0.0000  loss_coarse: 0.1110  loss_boundary: 0.0518  loss_sdf: 0.0101  grad_norm: 2.9724
2026/09/26 12:36:18 - mmengine - INFO - Iter(train) [  2200/100000]  base_lr: 5.9617e-04 lr: 5.9617e-05  eta: 19:50:58  time: 0.7114  data_time: 0.0157  memory: 11326  loss: 0.8826  loss_final: 0.4200  loss_rgb: 0.1215  loss_geometry: 0.1266  loss_reliability: 0.0289  loss_preserve: 0.0000  loss_equivariance: 0.0000  correction_scale: 0.0971  loss_correction_smoothness: 0.0000  loss_coarse: 0.1259  loss_boundary: 0.0515  loss_sdf: 0.0082  grad_norm: 2.5827
2026/09/26 12:36:54 - mmengine - INFO - Iter(train) [  2250/100000]  base_lr: 5.9589e-04 lr: 5.9589e-05  eta: 19:50:04  time: 0.7233  data_time: 0.0162  memory: 11326  loss: 0.6818  loss_final: 0.2757  loss_rgb: 0.1241  loss_geometry: 0.1247  loss_reliability: 0.0110  loss_preserve: 0.0000  loss_equivariance: 0.0000  correction_scale: 0.0970  loss_correction_smoothness: 0.0000  loss_coarse: 0.0827  loss_boundary: 0.0531  loss_sdf: 0.0103  grad_norm: 2.4498
2026/09/26 12:37:30 - mmengine - INFO - Iter(train) [  2300/100000]  base_lr: 5.9562e-04 lr: 5.9562e-05  eta: 19:49:17  time: 0.7215  data_time: 0.0167  memory: 11326  loss: 0.7096  loss_final: 0.3032  loss_rgb: 0.1209  loss_geometry: 0.1216  loss_reliability: 0.0109  loss_preserve: 0.0000  loss_equivariance: 0.0000  correction_scale: 0.0969  loss_correction_smoothness: 0.0000  loss_coarse: 0.0909  loss_boundary: 0.0524  loss_sdf: 0.0097  grad_norm: 2.5200
2026/09/26 12:38:06 - mmengine - INFO - Iter(train) [  2350/100000]  base_lr: 5.9534e-04 lr: 5.9534e-05  eta: 19:48:17  time: 0.7180  data_time: 0.0159  memory: 11326  loss: 0.7700  loss_final: 0.3461  loss_rgb: 0.1170  loss_geometry: 0.1239  loss_reliability: 0.0082  loss_preserve: 0.0000  loss_equivariance: 0.0000  correction_scale: 0.0968  loss_correction_smoothness: 0.0000  loss_coarse: 0.1039  loss_boundary: 0.0528  loss_sdf: 0.0181  grad_norm: 2.6050
2026/09/26 12:38:42 - mmengine - INFO - Iter(train) [  2400/100000]  base_lr: 5.9507e-04 lr: 5.9507e-05  eta: 19:47:29  time: 0.7309  data_time: 0.0157  memory: 11326  loss: 0.8049  loss_final: 0.3523  loss_rgb: 0.1227  loss_geometry: 0.1332  loss_reliability: 0.0213  loss_preserve: 0.0000  loss_equivariance: 0.0000  correction_scale: 0.0967  loss_correction_smoothness: 0.0000  loss_coarse: 0.1057  loss_boundary: 0.0525  loss_sdf: 0.0173  grad_norm: 2.1772
2026/09/26 12:39:08 - mmengine - INFO - Exp name: joint_20260926_115805
2026/09/26 12:39:18 - mmengine - INFO - Iter(train) [  2450/100000]  base_lr: 5.9479e-04 lr: 5.9479e-05  eta: 19:46:24  time: 0.7072  data_time: 0.0160  memory: 11326  loss: 0.7590  loss_final: 0.3332  loss_rgb: 0.1208  loss_geometry: 0.1332  loss_reliability: 0.0130  loss_preserve: 0.0000  loss_equivariance: 0.0000  correction_scale: 0.0967  loss_correction_smoothness: 0.0000  loss_coarse: 0.0999  loss_boundary: 0.0511  loss_sdf: 0.0078  grad_norm: 2.4456
2026/09/26 12:39:54 - mmengine - INFO - Iter(train) [  2500/100000]  base_lr: 5.9452e-04 lr: 5.9452e-05  eta: 19:45:27  time: 0.7267  data_time: 0.0159  memory: 11326  loss: 0.7129  loss_final: 0.2822  loss_rgb: 0.1252  loss_geometry: 0.1237  loss_reliability: 0.0263  loss_preserve: 0.0000  loss_equivariance: 0.0000  correction_scale: 0.0966  loss_correction_smoothness: 0.0000  loss_coarse: 0.0848  loss_boundary: 0.0551  loss_sdf: 0.0156  grad_norm: 2.5605
2026/09/26 12:40:31 - mmengine - INFO - Iter(train) [  2550/100000]  base_lr: 5.9425e-04 lr: 5.9425e-05  eta: 19:44:46  time: 0.7269  data_time: 0.0170  memory: 11326  loss: 0.7266  loss_final: 0.2988  loss_rgb: 0.1256  loss_geometry: 0.1194  loss_reliability: 0.0292  loss_preserve: 0.0000  loss_equivariance: 0.0000  correction_scale: 0.0965  loss_correction_smoothness: 0.0000  loss_coarse: 0.0897  loss_boundary: 0.0524  loss_sdf: 0.0114  grad_norm: 2.6799
2026/09/26 12:41:06 - mmengine - INFO - Iter(train) [  2600/100000]  base_lr: 5.9397e-04 lr: 5.9397e-05  eta: 19:43:49  time: 0.7276  data_time: 0.0172  memory: 11326  loss: 0.7541  loss_final: 0.3342  loss_rgb: 0.1078  loss_geometry: 0.1349  loss_reliability: 0.0231  loss_preserve: 0.0000  loss_equivariance: 0.0000  correction_scale: 0.0963  loss_correction_smoothness: 0.0000  loss_coarse: 0.1002  loss_boundary: 0.0400  loss_sdf: 0.0138  grad_norm: 2.2763
2026/09/26 12:41:42 - mmengine - INFO - Iter(train) [  2650/100000]  base_lr: 5.9370e-04 lr: 5.9370e-05  eta: 19:42:34  time: 0.7066  data_time: 0.0173  memory: 11326  loss: 0.8076  loss_final: 0.3805  loss_rgb: 0.1215  loss_geometry: 0.1335  loss_reliability: 0.0144  loss_preserve: 0.0000  loss_equivariance: 0.0000  correction_scale: 0.0962  loss_correction_smoothness: 0.0000  loss_coarse: 0.1141  loss_boundary: 0.0332  loss_sdf: 0.0103  grad_norm: 2.0642
2026/09/26 12:42:18 - mmengine - INFO - Iter(train) [  2700/100000]  base_lr: 5.9342e-04 lr: 5.9342e-05  eta: 19:41:46  time: 0.7188  data_time: 0.0159  memory: 11326  loss: 0.8222  loss_final: 0.3699  loss_rgb: 0.1301  loss_geometry: 0.1286  loss_reliability: 0.0210  loss_preserve: 0.0000  loss_equivariance: 0.0000  correction_scale: 0.0961  loss_correction_smoothness: 0.0000  loss_coarse: 0.1109  loss_boundary: 0.0444  loss_sdf: 0.0174  grad_norm: 2.5290
2026/09/26 12:42:54 - mmengine - INFO - Iter(train) [  2750/100000]  base_lr: 5.9315e-04 lr: 5.9315e-05  eta: 19:40:55  time: 0.7269  data_time: 0.0155  memory: 11326  loss: 0.6887  loss_final: 0.2760  loss_rgb: 0.1239  loss_geometry: 0.1184  loss_reliability: 0.0206  loss_preserve: 0.0000  loss_equivariance: 0.0000  correction_scale: 0.0960  loss_correction_smoothness: 0.0000  loss_coarse: 0.0828  loss_boundary: 0.0535  loss_sdf: 0.0135  grad_norm: 3.0547
2026/09/26 12:43:30 - mmengine - INFO - Iter(train) [  2800/100000]  base_lr: 5.9287e-04 lr: 5.9287e-05  eta: 19:40:06  time: 0.7217  data_time: 0.0149  memory: 11326  loss: 0.7444  loss_final: 0.3254  loss_rgb: 0.1295  loss_geometry: 0.1248  loss_reliability: 0.0050  loss_preserve: 0.0000  loss_equivariance: 0.0000  correction_scale: 0.0959  loss_correction_smoothness: 0.0000  loss_coarse: 0.0977  loss_boundary: 0.0505  loss_sdf: 0.0115  grad_norm: 2.5754
2026/09/26 12:44:06 - mmengine - INFO - Iter(train) [  2850/100000]  base_lr: 5.9260e-04 lr: 5.9260e-05  eta: 19:39:25  time: 0.7160  data_time: 0.0170  memory: 11326  loss: 0.8032  loss_final: 0.3765  loss_rgb: 0.1104  loss_geometry: 0.1290  loss_reliability: 0.0480  loss_preserve: 0.0000  loss_equivariance: 0.0000  correction_scale: 0.0957  loss_correction_smoothness: 0.0000  loss_coarse: 0.1126  loss_boundary: 0.0231  loss_sdf: 0.0037  grad_norm: 2.0784
2026/09/26 12:44:42 - mmengine - INFO - Iter(train) [  2900/100000]  base_lr: 5.9232e-04 lr: 5.9232e-05  eta: 19:38:34  time: 0.7143  data_time: 0.0157  memory: 11326  loss: 0.7042  loss_final: 0.2906  loss_rgb: 0.1166  loss_geometry: 0.1258  loss_reliability: 0.0308  loss_preserve: 0.0000  loss_equivariance: 0.0000  correction_scale: 0.0955  loss_correction_smoothness: 0.0000  loss_coarse: 0.0871  loss_boundary: 0.0442  loss_sdf: 0.0093  grad_norm: 2.0739
2026/09/26 12:45:19 - mmengine - INFO - Iter(train) [  2950/100000]  base_lr: 5.9205e-04 lr: 5.9205e-05  eta: 19:37:47  time: 0.7166  data_time: 0.0166  memory: 11326  loss: 0.6237  loss_final: 0.2285  loss_rgb: 0.1184  loss_geometry: 0.1351  loss_reliability: 0.0117  loss_preserve: 0.0000  loss_equivariance: 0.0000  correction_scale: 0.0954  loss_correction_smoothness: 0.0000  loss_coarse: 0.0686  loss_boundary: 0.0489  loss_sdf: 0.0127  grad_norm: 2.6579
2026/09/26 12:45:55 - mmengine - INFO - Exp name: joint_20260926_115805
2026/09/26 12:45:55 - mmengine - INFO - Iter(train) [  3000/100000]  base_lr: 5.9178e-04 lr: 5.9178e-05  eta: 19:37:04  time: 0.7274  data_time: 0.0159  memory: 11326  loss: 0.5987  loss_final: 0.2130  loss_rgb: 0.1186  loss_geometry: 0.1280  loss_reliability: 0.0175  loss_preserve: 0.0000  loss_equivariance: 0.0000  correction_scale: 0.0953  loss_correction_smoothness: 0.0000  loss_coarse: 0.0640  loss_boundary: 0.0485  loss_sdf: 0.0092  grad_norm: 2.6726
2026/09/26 12:46:31 - mmengine - INFO - Iter(train) [  3050/100000]  base_lr: 5.9150e-04 lr: 5.9150e-05  eta: 19:36:14  time: 0.7152  data_time: 0.0150  memory: 11326  loss: 0.6236  loss_final: 0.2434  loss_rgb: 0.1160  loss_geometry: 0.1115  loss_reliability: 0.0204  loss_preserve: 0.0000  loss_equivariance: 0.0000  correction_scale: 0.0952  loss_correction_smoothness: 0.0000  loss_coarse: 0.0730  loss_boundary: 0.0491  loss_sdf: 0.0102  grad_norm: 2.0441
2026/09/26 12:47:07 - mmengine - INFO - Iter(train) [  3100/100000]  base_lr: 5.9123e-04 lr: 5.9123e-05  eta: 19:35:23  time: 0.7142  data_time: 0.0151  memory: 11326  loss: 0.7208  loss_final: 0.3029  loss_rgb: 0.1217  loss_geometry: 0.1226  loss_reliability: 0.0208  loss_preserve: 0.0000  loss_equivariance: 0.0000  correction_scale: 0.0952  loss_correction_smoothness: 0.0000  loss_coarse: 0.0910  loss_boundary: 0.0475  loss_sdf: 0.0143  grad_norm: 2.3030
2026/09/26 12:47:42 - mmengine - INFO - Iter(train) [  3150/100000]  base_lr: 5.9095e-04 lr: 5.9095e-05  eta: 19:34:26  time: 0.7114  data_time: 0.0152  memory: 11326  loss: 0.8281  loss_final: 0.4001  loss_rgb: 0.1161  loss_geometry: 0.1125  loss_reliability: 0.0305  loss_preserve: 0.0000  loss_equivariance: 0.0000  correction_scale: 0.0951  loss_correction_smoothness: 0.0000  loss_coarse: 0.1197  loss_boundary: 0.0377  loss_sdf: 0.0116  grad_norm: 2.5129
2026/09/26 12:48:19 - mmengine - INFO - Iter(train) [  3200/100000]  base_lr: 5.9068e-04 lr: 5.9068e-05  eta: 19:33:44  time: 0.7313  data_time: 0.0158  memory: 11326  loss: 0.7779  loss_final: 0.3372  loss_rgb: 0.1238  loss_geometry: 0.1279  loss_reliability: 0.0235  loss_preserve: 0.0000  loss_equivariance: 0.0000  correction_scale: 0.0950  loss_correction_smoothness: 0.0000  loss_coarse: 0.1012  loss_boundary: 0.0539  loss_sdf: 0.0103  grad_norm: 3.1623
2026/09/26 12:48:55 - mmengine - INFO - Iter(train) [  3250/100000]  base_lr: 5.9040e-04 lr: 5.9040e-05  eta: 19:32:58  time: 0.7149  data_time: 0.0148  memory: 11326  loss: 0.6493  loss_final: 0.2501  loss_rgb: 0.1213  loss_geometry: 0.1263  loss_reliability: 0.0188  loss_preserve: 0.0000  loss_equivariance: 0.0000  correction_scale: 0.0947  loss_correction_smoothness: 0.0000  loss_coarse: 0.0749  loss_boundary: 0.0484  loss_sdf: 0.0094  grad_norm: 2.2007
2026/09/26 12:49:31 - mmengine - INFO - Iter(train) [  3300/100000]  base_lr: 5.9013e-04 lr: 5.9013e-05  eta: 19:32:16  time: 0.7209  data_time: 0.0155  memory: 11326  loss: 0.7503  loss_final: 0.3331  loss_rgb: 0.1238  loss_geometry: 0.1185  loss_reliability: 0.0110  loss_preserve: 0.0000  loss_equivariance: 0.0000  correction_scale: 0.0945  loss_correction_smoothness: 0.0000  loss_coarse: 0.1000  loss_boundary: 0.0479  loss_sdf: 0.0160  grad_norm: 3.0397
2026/09/26 12:50:07 - mmengine - INFO - Iter(train) [  3350/100000]  base_lr: 5.8985e-04 lr: 5.8985e-05  eta: 19:31:31  time: 0.7194  data_time: 0.0171  memory: 11326  loss: 0.6659  loss_final: 0.2705  loss_rgb: 0.1201  loss_geometry: 0.1263  loss_reliability: 0.0087  loss_preserve: 0.0000  loss_equivariance: 0.0000  correction_scale: 0.0945  loss_correction_smoothness: 0.0000  loss_coarse: 0.0811  loss_boundary: 0.0482  loss_sdf: 0.0112  grad_norm: 3.1379
2026/09/26 12:50:43 - mmengine - INFO - Iter(train) [  3400/100000]  base_lr: 5.8958e-04 lr: 5.8958e-05  eta: 19:30:49  time: 0.7250  data_time: 0.0151  memory: 11326  loss: 0.7032  loss_final: 0.2957  loss_rgb: 0.1091  loss_geometry: 0.1271  loss_reliability: 0.0369  loss_preserve: 0.0000  loss_equivariance: 0.0000  correction_scale: 0.0944  loss_correction_smoothness: 0.0000  loss_coarse: 0.0886  loss_boundary: 0.0383  loss_sdf: 0.0074  grad_norm: 2.4333
2026/09/26 12:51:19 - mmengine - INFO - Iter(train) [  3450/100000]  base_lr: 5.8930e-04 lr: 5.8930e-05  eta: 19:30:16  time: 0.7276  data_time: 0.0165  memory: 11326  loss: 0.7246  loss_final: 0.3068  loss_rgb: 0.1314  loss_geometry: 0.1246  loss_reliability: 0.0104  loss_preserve: 0.0000  loss_equivariance: 0.0000  correction_scale: 0.0943  loss_correction_smoothness: 0.0000  loss_coarse: 0.0920  loss_boundary: 0.0477  loss_sdf: 0.0116  grad_norm: 2.9091
2026/09/26 12:51:56 - mmengine - INFO - Iter(train) [  3500/100000]  base_lr: 5.8903e-04 lr: 5.8903e-05  eta: 19:29:39  time: 0.7249  data_time: 0.0156  memory: 11326  loss: 0.5755  loss_final: 0.2061  loss_rgb: 0.1201  loss_geometry: 0.1142  loss_reliability: 0.0162  loss_preserve: 0.0000  loss_equivariance: 0.0000  correction_scale: 0.0943  loss_correction_smoothness: 0.0000  loss_coarse: 0.0617  loss_boundary: 0.0475  loss_sdf: 0.0096  grad_norm: 4.0052
2026/09/26 12:52:32 - mmengine - INFO - Iter(train) [  3550/100000]  base_lr: 5.8876e-04 lr: 5.8876e-05  eta: 19:28:57  time: 0.7115  data_time: 0.0158  memory: 11326  loss: 0.6886  loss_final: 0.3173  loss_rgb: 0.0852  loss_geometry: 0.1271  loss_reliability: 0.0176  loss_preserve: 0.0000  loss_equivariance: 0.0000  correction_scale: 0.0942  loss_correction_smoothness: 0.0000  loss_coarse: 0.0948  loss_boundary: 0.0377  loss_sdf: 0.0089  grad_norm: 3.3166
2026/09/26 12:53:08 - mmengine - INFO - Iter(train) [  3600/100000]  base_lr: 5.8848e-04 lr: 5.8848e-05  eta: 19:28:17  time: 0.7225  data_time: 0.0163  memory: 11326  loss: 0.7111  loss_final: 0.3227  loss_rgb: 0.1046  loss_geometry: 0.1230  loss_reliability: 0.0183  loss_preserve: 0.0000  loss_equivariance: 0.0000  correction_scale: 0.0942  loss_correction_smoothness: 0.0000  loss_coarse: 0.0967  loss_boundary: 0.0373  loss_sdf: 0.0085  grad_norm: 2.6405
2026/09/26 12:53:44 - mmengine - INFO - Iter(train) [  3650/100000]  base_lr: 5.8821e-04 lr: 5.8821e-05  eta: 19:27:38  time: 0.7252  data_time: 0.0158  memory: 11326  loss: 0.7670  loss_final: 0.3114  loss_rgb: 0.1376  loss_geometry: 0.1209  loss_reliability: 0.0301  loss_preserve: 0.0000  loss_equivariance: 0.0000  correction_scale: 0.0941  loss_correction_smoothness: 0.0000  loss_coarse: 0.0935  loss_boundary: 0.0541  loss_sdf: 0.0193  grad_norm: 2.5026
2026/09/26 12:54:21 - mmengine - INFO - Iter(train) [  3700/100000]  base_lr: 5.8793e-04 lr: 5.8793e-05  eta: 19:26:57  time: 0.7220  data_time: 0.0158  memory: 11326  loss: 0.5933  loss_final: 0.2311  loss_rgb: 0.1058  loss_geometry: 0.1149  loss_reliability: 0.0229  loss_preserve: 0.0000  loss_equivariance: 0.0000  correction_scale: 0.0940  loss_correction_smoothness: 0.0000  loss_coarse: 0.0692  loss_boundary: 0.0428  loss_sdf: 0.0067  grad_norm: 2.9299
2026/09/26 12:54:57 - mmengine - INFO - Iter(train) [  3750/100000]  base_lr: 5.8766e-04 lr: 5.8766e-05  eta: 19:26:16  time: 0.7205  data_time: 0.0159  memory: 11324  loss: 0.8763  loss_final: 0.3728  loss_rgb: 0.1482  loss_geometry: 0.1326  loss_reliability: 0.0434  loss_preserve: 0.0000  loss_equivariance: 0.0000  correction_scale: 0.0939  loss_correction_smoothness: 0.0000  loss_coarse: 0.1117  loss_boundary: 0.0504  loss_sdf: 0.0172  grad_norm: 2.7191
2026/09/26 12:55:33 - mmengine - INFO - Iter(train) [  3800/100000]  base_lr: 5.8738e-04 lr: 5.8738e-05  eta: 19:25:34  time: 0.7341  data_time: 0.0155  memory: 11326  loss: 0.5742  loss_final: 0.2156  loss_rgb: 0.1077  loss_geometry: 0.1186  loss_reliability: 0.0114  loss_preserve: 0.0000  loss_equivariance: 0.0000  correction_scale: 0.0939  loss_correction_smoothness: 0.0000  loss_coarse: 0.0646  loss_boundary: 0.0478  loss_sdf: 0.0085  grad_norm: 2.5071
2026/09/26 12:56:09 - mmengine - INFO - Iter(train) [  3850/100000]  base_lr: 5.8711e-04 lr: 5.8711e-05  eta: 19:24:54  time: 0.7156  data_time: 0.0171  memory: 11326  loss: 0.6299  loss_final: 0.2477  loss_rgb: 0.1112  loss_geometry: 0.1187  loss_reliability: 0.0284  loss_preserve: 0.0000  loss_equivariance: 0.0000  correction_scale: 0.0938  loss_correction_smoothness: 0.0000  loss_coarse: 0.0741  loss_boundary: 0.0432  loss_sdf: 0.0067  grad_norm: 2.4360
2026/09/26 12:56:45 - mmengine - INFO - Iter(train) [  3900/100000]  base_lr: 5.8683e-04 lr: 5.8683e-05  eta: 19:24:15  time: 0.7209  data_time: 0.0169  memory: 11326  loss: 0.6716  loss_final: 0.2856  loss_rgb: 0.1114  loss_geometry: 0.1174  loss_reliability: 0.0090  loss_preserve: 0.0000  loss_equivariance: 0.0000  correction_scale: 0.0937  loss_correction_smoothness: 0.0000  loss_coarse: 0.0856  loss_boundary: 0.0480  loss_sdf: 0.0145  grad_norm: 2.3474
2026/09/26 12:57:21 - mmengine - INFO - Iter(train) [  3950/100000]  base_lr: 5.8656e-04 lr: 5.8656e-05  eta: 19:23:30  time: 0.7228  data_time: 0.0160  memory: 11326  loss: 0.7237  loss_final: 0.3243  loss_rgb: 0.0875  loss_geometry: 0.1359  loss_reliability: 0.0219  loss_preserve: 0.0000  loss_equivariance: 0.0000  correction_scale: 0.0936  loss_correction_smoothness: 0.0000  loss_coarse: 0.0970  loss_boundary: 0.0428  loss_sdf: 0.0144  grad_norm: 2.5961
2026/09/26 12:57:58 - mmengine - INFO - Exp name: joint_20260926_115805
2026/09/26 12:57:58 - mmengine - INFO - Iter(train) [  4000/100000]  base_lr: 5.8628e-04 lr: 5.8628e-05  eta: 19:22:53  time: 0.7343  data_time: 0.0164  memory: 11326  loss: 0.5755  loss_final: 0.1870  loss_rgb: 0.1262  loss_geometry: 0.1290  loss_reliability: 0.0206  loss_preserve: 0.0000  loss_equivariance: 0.0000  correction_scale: 0.0936  loss_correction_smoothness: 0.0000  loss_coarse: 0.0560  loss_boundary: 0.0493  loss_sdf: 0.0074  grad_norm: 2.5444
2026/09/26 12:57:58 - mmengine - INFO - Saving checkpoint at 4000 iterations
2026/09/26 12:59:03 - mmengine - INFO - Iter(val) [ 50/304]    eta: 0:05:24  time: 1.2659  data_time: 0.0201  memory: 1184  
2026/09/26 13:00:34 - mmengine - INFO - Iter(val) [100/304]    eta: 0:05:15  time: 1.7755  data_time: 0.0218  memory: 1184  
2026/09/26 13:02:01 - mmengine - INFO - Iter(val) [150/304]    eta: 0:04:08  time: 1.7361  data_time: 0.0218  memory: 1184  
2026/09/26 13:03:28 - mmengine - INFO - Iter(val) [200/304]    eta: 0:02:51  time: 1.7318  data_time: 0.0207  memory: 1184  
2026/09/26 13:04:55 - mmengine - INFO - Iter(val) [250/304]    eta: 0:01:29  time: 1.7433  data_time: 0.0237  memory: 1184  
2026/09/26 13:06:20 - mmengine - INFO - Iter(val) [300/304]    eta: 0:00:06  time: 1.6940  data_time: 0.0219  memory: 1184  
2026/09/26 13:06:27 - mmengine - INFO - per class results:
2026/09/26 13:06:27 - mmengine - INFO - 
+------------------+-------+-------+-------+--------+-----------+--------+
|      Class       |  IoU  |  Acc  |  Dice | Fscore | Precision | Recall |
+------------------+-------+-------+-------+--------+-----------+--------+
|    background    | 96.07 | 97.66 |  98.0 |  98.0  |   98.34   | 97.66  |
| wastewater_plant | 64.17 | 81.25 | 78.17 | 78.17  |   75.32   | 81.25  |
+------------------+-------+-------+-------+--------+-----------+--------+
2026/09/26 13:06:27 - mmengine - INFO - Iter(val) [304/304]    aAcc: 96.3300  mIoU: 80.1200  mAcc: 89.4500  mDice: 88.0800  mFscore: 88.0800  mPrecision: 86.8300  mRecall: 89.4500  binary/Foreground_IoU: 64.1694  binary/Dice: 78.1746  binary/F1: 78.1746  binary/Precision: 75.3238  binary/Recall: 81.2497  binary/Boundary_F1: 7.5324  binary/BFScore: 7.5324  binary/Boundary_Precision: 5.5948  binary/Boundary_Recall: 11.5231  binary/Hausdorff_px: 635.4462  binary/HD95_px: 497.4769  binary/Hausdorff_m: 317.7231  binary/HD95_m: 248.7384  data_time: 0.0229  time: 1.6710
2026/09/26 13:06:27 - mmengine - INFO - The previous best checkpoint /workspace/work_dirs/rpgv_v2_single_stage_fixed/single_stage/seed_42/progressive_rgr/joint/best_binary_Foreground_IoU_iter_2000.pth is removed
2026/09/26 13:06:28 - mmengine - INFO - The best checkpoint with 64.1694 binary/Foreground_IoU at 4000 iter is saved to best_binary_Foreground_IoU_iter_4000.pth.
2026/09/26 13:07:06 - mmengine - INFO - Iter(train) [  4050/100000]  base_lr: 5.8601e-04 lr: 5.8601e-05  eta: 19:23:34  time: 0.7110  data_time: 0.0168  memory: 11326  loss: 0.6755  loss_final: 0.3355  loss_rgb: 0.0700  loss_geometry: 0.1225  loss_reliability: 0.0154  loss_preserve: 0.0000  loss_equivariance: 0.0000  correction_scale: 0.0936  loss_correction_smoothness: 0.0000  loss_coarse: 0.0998  loss_boundary: 0.0274  loss_sdf: 0.0050  grad_norm: 2.1979
2026/09/26 13:07:43 - mmengine - INFO - Iter(train) [  4100/100000]  base_lr: 5.8573e-04 lr: 5.8573e-05  eta: 19:22:59  time: 0.7115  data_time: 0.0165  memory: 11326  loss: 0.7420  loss_final: 0.3463  loss_rgb: 0.0869  loss_geometry: 0.1341  loss_reliability: 0.0227  loss_preserve: 0.0000  loss_equivariance: 0.0000  correction_scale: 0.0936  loss_correction_smoothness: 0.0000  loss_coarse: 0.1034  loss_boundary: 0.0378  loss_sdf: 0.0107  grad_norm: 2.3030
2026/09/26 13:08:19 - mmengine - INFO - Iter(train) [  4150/100000]  base_lr: 5.8546e-04 lr: 5.8546e-05  eta: 19:22:14  time: 0.7155  data_time: 0.0152  memory: 11326  loss: 0.6871  loss_final: 0.3132  loss_rgb: 0.1011  loss_geometry: 0.1167  loss_reliability: 0.0096  loss_preserve: 0.0000  loss_equivariance: 0.0000  correction_scale: 0.0935  loss_correction_smoothness: 0.0000  loss_coarse: 0.0937  loss_boundary: 0.0424  loss_sdf: 0.0104  grad_norm: 2.7452
2026/09/26 13:08:55 - mmengine - INFO - Iter(train) [  4200/100000]  base_lr: 5.8518e-04 lr: 5.8518e-05  eta: 19:21:31  time: 0.7248  data_time: 0.0157  memory: 11326  loss: 0.6971  loss_final: 0.3370  loss_rgb: 0.0876  loss_geometry: 0.1192  loss_reliability: 0.0070  loss_preserve: 0.0000  loss_equivariance: 0.0000  correction_scale: 0.0934  loss_correction_smoothness: 0.0000  loss_coarse: 0.1007  loss_boundary: 0.0380  loss_sdf: 0.0076  grad_norm: 2.5878
2026/09/26 13:09:31 - mmengine - INFO - Iter(train) [  4250/100000]  base_lr: 5.8491e-04 lr: 5.8491e-05  eta: 19:20:47  time: 0.7159  data_time: 0.0157  memory: 11326  loss: 0.7091  loss_final: 0.3278  loss_rgb: 0.1018  loss_geometry: 0.1187  loss_reliability: 0.0148  loss_preserve: 0.0000  loss_equivariance: 0.0000  correction_scale: 0.0933  loss_correction_smoothness: 0.0000  loss_coarse: 0.0980  loss_boundary: 0.0387  loss_sdf: 0.0095  grad_norm: 2.4882
2026/09/26 13:10:07 - mmengine - INFO - Iter(train) [  4300/100000]  base_lr: 5.8463e-04 lr: 5.8463e-05  eta: 19:19:58  time: 0.7158  data_time: 0.0153  memory: 11326  loss: 0.6393  loss_final: 0.2545  loss_rgb: 0.1063  loss_geometry: 0.1290  loss_reliability: 0.0208  loss_preserve: 0.0000  loss_equivariance: 0.0000  correction_scale: 0.0932  loss_correction_smoothness: 0.0000  loss_coarse: 0.0763  loss_boundary: 0.0441  loss_sdf: 0.0083  grad_norm: 2.5138
2026/09/26 13:10:43 - mmengine - INFO - Iter(train) [  4350/100000]  base_lr: 5.8436e-04 lr: 5.8436e-05  eta: 19:19:17  time: 0.7212  data_time: 0.0163  memory: 11326  loss: 0.4902  loss_final: 0.1679  loss_rgb: 0.0968  loss_geometry: 0.1121  loss_reliability: 0.0082  loss_preserve: 0.0000  loss_equivariance: 0.0000  correction_scale: 0.0932  loss_correction_smoothness: 0.0000  loss_coarse: 0.0504  loss_boundary: 0.0472  loss_sdf: 0.0075  grad_norm: 2.6617
2026/09/26 13:11:19 - mmengine - INFO - Iter(train) [  4400/100000]  base_lr: 5.8408e-04 lr: 5.8408e-05  eta: 19:18:37  time: 0.7328  data_time: 0.0166  memory: 11326  loss: 0.6198  loss_final: 0.2376  loss_rgb: 0.1124  loss_geometry: 0.1147  loss_reliability: 0.0222  loss_preserve: 0.0000  loss_equivariance: 0.0000  correction_scale: 0.0931  loss_correction_smoothness: 0.0000  loss_coarse: 0.0711  loss_boundary: 0.0495  loss_sdf: 0.0122  grad_norm: 2.4227
2026/09/26 13:11:55 - mmengine - INFO - Iter(train) [  4450/100000]  base_lr: 5.8381e-04 lr: 5.8381e-05  eta: 19:17:56  time: 0.7174  data_time: 0.0164  memory: 11326  loss: 0.6322  loss_final: 0.2697  loss_rgb: 0.0958  loss_geometry: 0.1171  loss_reliability: 0.0196  loss_preserve: 0.0000  loss_equivariance: 0.0000  correction_scale: 0.0931  loss_correction_smoothness: 0.0000  loss_coarse: 0.0805  loss_boundary: 0.0421  loss_sdf: 0.0075  grad_norm: 2.1515
2026/09/26 13:12:31 - mmengine - INFO - Iter(train) [  4500/100000]  base_lr: 5.8353e-04 lr: 5.8353e-05  eta: 19:17:14  time: 0.7143  data_time: 0.0160  memory: 11326  loss: 0.6333  loss_final: 0.2638  loss_rgb: 0.0927  loss_geometry: 0.1347  loss_reliability: 0.0109  loss_preserve: 0.0000  loss_equivariance: 0.0000  correction_scale: 0.0930  loss_correction_smoothness: 0.0000  loss_coarse: 0.0788  loss_boundary: 0.0425  loss_sdf: 0.0099  grad_norm: 2.2157
2026/09/26 13:13:07 - mmengine - INFO - Iter(train) [  4550/100000]  base_lr: 5.8326e-04 lr: 5.8326e-05  eta: 19:16:32  time: 0.7221  data_time: 0.0167  memory: 11326  loss: 0.5714  loss_final: 0.2111  loss_rgb: 0.1078  loss_geometry: 0.1217  loss_reliability: 0.0104  loss_preserve: 0.0000  loss_equivariance: 0.0000  correction_scale: 0.0930  loss_correction_smoothness: 0.0000  loss_coarse: 0.0632  loss_boundary: 0.0480  loss_sdf: 0.0092  grad_norm: 2.3787
2026/09/26 13:13:44 - mmengine - INFO - Iter(train) [  4600/100000]  base_lr: 5.8298e-04 lr: 5.8298e-05  eta: 19:15:54  time: 0.7337  data_time: 0.0155  memory: 11326  loss: 0.6200  loss_final: 0.2357  loss_rgb: 0.1130  loss_geometry: 0.1186  loss_reliability: 0.0251  loss_preserve: 0.0000  loss_equivariance: 0.0000  correction_scale: 0.0930  loss_correction_smoothness: 0.0000  loss_coarse: 0.0705  loss_boundary: 0.0476  loss_sdf: 0.0095  grad_norm: 2.4815
2026/09/26 13:14:20 - mmengine - INFO - Iter(train) [  4650/100000]  base_lr: 5.8271e-04 lr: 5.8271e-05  eta: 19:15:12  time: 0.7240  data_time: 0.0172  memory: 11326  loss: 0.6179  loss_final: 0.2456  loss_rgb: 0.1066  loss_geometry: 0.1198  loss_reliability: 0.0189  loss_preserve: 0.0000  loss_equivariance: 0.0000  correction_scale: 0.0929  loss_correction_smoothness: 0.0000  loss_coarse: 0.0735  loss_boundary: 0.0475  loss_sdf: 0.0060  grad_norm: 2.2876
2026/09/26 13:14:56 - mmengine - INFO - Iter(train) [  4700/100000]  base_lr: 5.8243e-04 lr: 5.8243e-05  eta: 19:14:40  time: 0.7206  data_time: 0.0160  memory: 11326  loss: 0.6308  loss_final: 0.2550  loss_rgb: 0.0968  loss_geometry: 0.1245  loss_reliability: 0.0291  loss_preserve: 0.0000  loss_equivariance: 0.0000  correction_scale: 0.0929  loss_correction_smoothness: 0.0000  loss_coarse: 0.0761  loss_boundary: 0.0422  loss_sdf: 0.0070  grad_norm: 1.7442
2026/09/26 13:15:33 - mmengine - INFO - Iter(train) [  4750/100000]  base_lr: 5.8216e-04 lr: 5.8216e-05  eta: 19:14:04  time: 0.7310  data_time: 0.0171  memory: 11326  loss: 0.5393  loss_final: 0.1735  loss_rgb: 0.1192  loss_geometry: 0.1221  loss_reliability: 0.0092  loss_preserve: 0.0000  loss_equivariance: 0.0000  correction_scale: 0.0929  loss_correction_smoothness: 0.0000  loss_coarse: 0.0521  loss_boundary: 0.0529  loss_sdf: 0.0103  grad_norm: 2.0231
2026/09/26 13:16:09 - mmengine - INFO - Iter(train) [  4800/100000]  base_lr: 5.8188e-04 lr: 5.8188e-05  eta: 19:13:26  time: 0.7280  data_time: 0.0164  memory: 11326  loss: 0.7002  loss_final: 0.3013  loss_rgb: 0.1071  loss_geometry: 0.1248  loss_reliability: 0.0152  loss_preserve: 0.0000  loss_equivariance: 0.0000  correction_scale: 0.0928  loss_correction_smoothness: 0.0000  loss_coarse: 0.0902  loss_boundary: 0.0481  loss_sdf: 0.0135  grad_norm: 2.1998
2026/09/26 13:16:45 - mmengine - INFO - Iter(train) [  4850/100000]  base_lr: 5.8161e-04 lr: 5.8161e-05  eta: 19:12:47  time: 0.7259  data_time: 0.0160  memory: 11326  loss: 0.5941  loss_final: 0.2193  loss_rgb: 0.1086  loss_geometry: 0.1194  loss_reliability: 0.0250  loss_preserve: 0.0000  loss_equivariance: 0.0000  correction_scale: 0.0928  loss_correction_smoothness: 0.0000  loss_coarse: 0.0655  loss_boundary: 0.0481  loss_sdf: 0.0082  grad_norm: 2.2514
2026/09/26 13:17:21 - mmengine - INFO - Iter(train) [  4900/100000]  base_lr: 5.8133e-04 lr: 5.8133e-05  eta: 19:12:10  time: 0.7178  data_time: 0.0168  memory: 11326  loss: 0.5646  loss_final: 0.1877  loss_rgb: 0.1080  loss_geometry: 0.1276  loss_reliability: 0.0301  loss_preserve: 0.0000  loss_equivariance: 0.0000  correction_scale: 0.0928  loss_correction_smoothness: 0.0000  loss_coarse: 0.0561  loss_boundary: 0.0479  loss_sdf: 0.0073  grad_norm: 2.4552
2026/09/26 13:17:58 - mmengine - INFO - Iter(train) [  4950/100000]  base_lr: 5.8106e-04 lr: 5.8106e-05  eta: 19:11:32  time: 0.7316  data_time: 0.0162  memory: 11326  loss: 0.4984  loss_final: 0.1386  loss_rgb: 0.1255  loss_geometry: 0.1162  loss_reliability: 0.0156  loss_preserve: 0.0000  loss_equivariance: 0.0000  correction_scale: 0.0927  loss_correction_smoothness: 0.0000  loss_coarse: 0.0416  loss_boundary: 0.0532  loss_sdf: 0.0076  grad_norm: 2.6407
2026/09/26 13:18:34 - mmengine - INFO - Exp name: joint_20260926_115805
2026/09/26 13:18:34 - mmengine - INFO - Iter(train) [  5000/100000]  base_lr: 5.8078e-04 lr: 5.8078e-05  eta: 19:10:52  time: 0.7347  data_time: 0.0161  memory: 11326  loss: 0.6362  loss_final: 0.2528  loss_rgb: 0.1223  loss_geometry: 0.1119  loss_reliability: 0.0082  loss_preserve: 0.0000  loss_equivariance: 0.0000  correction_scale: 0.0927  loss_correction_smoothness: 0.0000  loss_coarse: 0.0759  loss_boundary: 0.0529  loss_sdf: 0.0122  grad_norm: 2.4547
2026/09/26 13:19:10 - mmengine - INFO - Iter(train) [  5050/100000]  base_lr: 5.8051e-04 lr: 5.8051e-05  eta: 19:10:15  time: 0.7120  data_time: 0.0177  memory: 11326  loss: 0.6565  loss_final: 0.2704  loss_rgb: 0.0962  loss_geometry: 0.1431  loss_reliability: 0.0213  loss_preserve: 0.0000  loss_equivariance: 0.0000  correction_scale: 0.0925  loss_correction_smoothness: 0.0000  loss_coarse: 0.0803  loss_boundary: 0.0378  loss_sdf: 0.0073  grad_norm: 2.3940
2026/09/26 13:19:46 - mmengine - INFO - Iter(train) [  5100/100000]  base_lr: 5.8023e-04 lr: 5.8023e-05  eta: 19:09:39  time: 0.7200  data_time: 0.0160  memory: 11326  loss: 0.5997  loss_final: 0.2370  loss_rgb: 0.1127  loss_geometry: 0.1076  loss_reliability: 0.0156  loss_preserve: 0.0000  loss_equivariance: 0.0000  correction_scale: 0.0925  loss_correction_smoothness: 0.0000  loss_coarse: 0.0709  loss_boundary: 0.0479  loss_sdf: 0.0081  grad_norm: 2.0780
2026/09/26 13:20:23 - mmengine - INFO - Iter(train) [  5150/100000]  base_lr: 5.7996e-04 lr: 5.7996e-05  eta: 19:09:00  time: 0.7208  data_time: 0.0171  memory: 11326  loss: 0.5957  loss_final: 0.2258  loss_rgb: 0.1106  loss_geometry: 0.1226  loss_reliability: 0.0131  loss_preserve: 0.0000  loss_equivariance: 0.0000  correction_scale: 0.0924  loss_correction_smoothness: 0.0000  loss_coarse: 0.0676  loss_boundary: 0.0476  loss_sdf: 0.0084  grad_norm: 1.8320
2026/09/26 13:20:59 - mmengine - INFO - Iter(train) [  5200/100000]  base_lr: 5.7968e-04 lr: 5.7968e-05  eta: 19:08:21  time: 0.7296  data_time: 0.0167  memory: 11326  loss: 0.6147  loss_final: 0.2716  loss_rgb: 0.0805  loss_geometry: 0.1246  loss_reliability: 0.0137  loss_preserve: 0.0000  loss_equivariance: 0.0000  correction_scale: 0.0923  loss_correction_smoothness: 0.0000  loss_coarse: 0.0804  loss_boundary: 0.0369  loss_sdf: 0.0070  grad_norm: 1.7131
2026/09/26 13:21:35 - mmengine - INFO - Iter(train) [  5250/100000]  base_lr: 5.7941e-04 lr: 5.7941e-05  eta: 19:07:40  time: 0.7174  data_time: 0.0152  memory: 11326  loss: 0.5720  loss_final: 0.2127  loss_rgb: 0.1124  loss_geometry: 0.1164  loss_reliability: 0.0103  loss_preserve: 0.0000  loss_equivariance: 0.0000  correction_scale: 0.0923  loss_correction_smoothness: 0.0000  loss_coarse: 0.0635  loss_boundary: 0.0475  loss_sdf: 0.0093  grad_norm: 1.7143
2026/09/26 13:22:11 - mmengine - INFO - Iter(train) [  5300/100000]  base_lr: 5.7913e-04 lr: 5.7913e-05  eta: 19:07:00  time: 0.7215  data_time: 0.0175  memory: 11326  loss: 0.5726  loss_final: 0.2244  loss_rgb: 0.0972  loss_geometry: 0.1180  loss_reliability: 0.0162  loss_preserve: 0.0000  loss_equivariance: 0.0000  correction_scale: 0.0922  loss_correction_smoothness: 0.0000  loss_coarse: 0.0666  loss_boundary: 0.0425  loss_sdf: 0.0076  grad_norm: 2.7195
2026/09/26 13:22:47 - mmengine - INFO - Iter(train) [  5350/100000]  base_lr: 5.7886e-04 lr: 5.7886e-05  eta: 19:06:18  time: 0.7161  data_time: 0.0167  memory: 11326  loss: 0.6913  loss_final: 0.3159  loss_rgb: 0.1002  loss_geometry: 0.1079  loss_reliability: 0.0182  loss_preserve: 0.0000  loss_equivariance: 0.0000  correction_scale: 0.0922  loss_correction_smoothness: 0.0000  loss_coarse: 0.0939  loss_boundary: 0.0426  loss_sdf: 0.0125  grad_norm: 2.6290
2026/09/26 13:23:23 - mmengine - INFO - Iter(train) [  5400/100000]  base_lr: 5.7858e-04 lr: 5.7858e-05  eta: 19:05:39  time: 0.7199  data_time: 0.0155  memory: 11326  loss: 0.6963  loss_final: 0.3267  loss_rgb: 0.0854  loss_geometry: 0.1249  loss_reliability: 0.0154  loss_preserve: 0.0000  loss_equivariance: 0.0000  correction_scale: 0.0920  loss_correction_smoothness: 0.0000  loss_coarse: 0.0969  loss_boundary: 0.0371  loss_sdf: 0.0099  grad_norm: 2.2307
2026/09/26 13:23:59 - mmengine - INFO - Iter(train) [  5450/100000]  base_lr: 5.7831e-04 lr: 5.7831e-05  eta: 19:04:58  time: 0.7207  data_time: 0.0162  memory: 11326  loss: 0.5707  loss_final: 0.2126  loss_rgb: 0.1133  loss_geometry: 0.1144  loss_reliability: 0.0105  loss_preserve: 0.0000  loss_equivariance: 0.0000  correction_scale: 0.0920  loss_correction_smoothness: 0.0000  loss_coarse: 0.0634  loss_boundary: 0.0478  loss_sdf: 0.0086  grad_norm: 2.5427
2026/09/26 13:24:36 - mmengine - INFO - Iter(train) [  5500/100000]  base_lr: 5.7803e-04 lr: 5.7803e-05  eta: 19:04:22  time: 0.7248  data_time: 0.0166  memory: 11326  loss: 0.5681  loss_final: 0.2156  loss_rgb: 0.1014  loss_geometry: 0.1158  loss_reliability: 0.0156  loss_preserve: 0.0000  loss_equivariance: 0.0000  correction_scale: 0.0920  loss_correction_smoothness: 0.0000  loss_coarse: 0.0642  loss_boundary: 0.0472  loss_sdf: 0.0083  grad_norm: 1.9520
2026/09/26 13:25:12 - mmengine - INFO - Iter(train) [  5550/100000]  base_lr: 5.7776e-04 lr: 5.7776e-05  eta: 19:03:48  time: 0.7293  data_time: 0.0173  memory: 11326  loss: 0.5986  loss_final: 0.2365  loss_rgb: 0.1089  loss_geometry: 0.1155  loss_reliability: 0.0102  loss_preserve: 0.0000  loss_equivariance: 0.0000  correction_scale: 0.0919  loss_correction_smoothness: 0.0000  loss_coarse: 0.0706  loss_boundary: 0.0476  loss_sdf: 0.0093  grad_norm: 2.3909
2026/09/26 13:25:48 - mmengine - INFO - Iter(train) [  5600/100000]  base_lr: 5.7748e-04 lr: 5.7748e-05  eta: 19:03:11  time: 0.7299  data_time: 0.0165  memory: 11326  loss: 0.5842  loss_final: 0.2275  loss_rgb: 0.0971  loss_geometry: 0.1226  loss_reliability: 0.0223  loss_preserve: 0.0000  loss_equivariance: 0.0000  correction_scale: 0.0919  loss_correction_smoothness: 0.0000  loss_coarse: 0.0673  loss_boundary: 0.0428  loss_sdf: 0.0046  grad_norm: 2.6396
2026/09/26 13:26:25 - mmengine - INFO - Iter(train) [  5650/100000]  base_lr: 5.7721e-04 lr: 5.7721e-05  eta: 19:02:38  time: 0.7208  data_time: 0.0164  memory: 11326  loss: 0.5900  loss_final: 0.2191  loss_rgb: 0.1144  loss_geometry: 0.1226  loss_reliability: 0.0116  loss_preserve: 0.0000  loss_equivariance: 0.0000  correction_scale: 0.0919  loss_correction_smoothness: 0.0000  loss_coarse: 0.0653  loss_boundary: 0.0477  loss_sdf: 0.0092  grad_norm: 1.9353
2026/09/26 13:27:01 - mmengine - INFO - Iter(train) [  5700/100000]  base_lr: 5.7693e-04 lr: 5.7693e-05  eta: 19:01:56  time: 0.7212  data_time: 0.0161  memory: 11326  loss: 0.5648  loss_final: 0.2159  loss_rgb: 0.0846  loss_geometry: 0.1283  loss_reliability: 0.0237  loss_preserve: 0.0000  loss_equivariance: 0.0000  correction_scale: 0.0918  loss_correction_smoothness: 0.0000  loss_coarse: 0.0643  loss_boundary: 0.0419  loss_sdf: 0.0061  grad_norm: 2.1248
2026/09/26 13:27:37 - mmengine - INFO - Iter(train) [  5750/100000]  base_lr: 5.7665e-04 lr: 5.7665e-05  eta: 19:01:17  time: 0.7168  data_time: 0.0161  memory: 11326  loss: 0.5943  loss_final: 0.2373  loss_rgb: 0.0967  loss_geometry: 0.1186  loss_reliability: 0.0205  loss_preserve: 0.0000  loss_equivariance: 0.0000  correction_scale: 0.0917  loss_correction_smoothness: 0.0000  loss_coarse: 0.0711  loss_boundary: 0.0424  loss_sdf: 0.0076  grad_norm: 2.1648
2026/09/26 13:28:13 - mmengine - INFO - Iter(train) [  5800/100000]  base_lr: 5.7638e-04 lr: 5.7638e-05  eta: 19:00:36  time: 0.7288  data_time: 0.0163  memory: 11326  loss: 0.5812  loss_final: 0.2225  loss_rgb: 0.1036  loss_geometry: 0.1192  loss_reliability: 0.0147  loss_preserve: 0.0000  loss_equivariance: 0.0000  correction_scale: 0.0916  loss_correction_smoothness: 0.0000  loss_coarse: 0.0661  loss_boundary: 0.0473  loss_sdf: 0.0078  grad_norm: 2.9145
2026/09/26 13:28:50 - mmengine - INFO - Iter(train) [  5850/100000]  base_lr: 5.7610e-04 lr: 5.7610e-05  eta: 19:00:01  time: 0.7206  data_time: 0.0157  memory: 11326  loss: 0.7354  loss_final: 0.3432  loss_rgb: 0.0963  loss_geometry: 0.1208  loss_reliability: 0.0218  loss_preserve: 0.0000  loss_equivariance: 0.0000  correction_scale: 0.0916  loss_correction_smoothness: 0.0000  loss_coarse: 0.1018  loss_boundary: 0.0411  loss_sdf: 0.0102  grad_norm: 2.4093
2026/09/26 13:29:26 - mmengine - INFO - Iter(train) [  5900/100000]  base_lr: 5.7583e-04 lr: 5.7583e-05  eta: 18:59:26  time: 0.7206  data_time: 0.0175  memory: 11326  loss: 0.6544  loss_final: 0.2804  loss_rgb: 0.0917  loss_geometry: 0.1191  loss_reliability: 0.0264  loss_preserve: 0.0000  loss_equivariance: 0.0000  correction_scale: 0.0915  loss_correction_smoothness: 0.0000  loss_coarse: 0.0831  loss_boundary: 0.0422  loss_sdf: 0.0115  grad_norm: 2.5574
2026/09/26 13:30:02 - mmengine - INFO - Iter(train) [  5950/100000]  base_lr: 5.7555e-04 lr: 5.7555e-05  eta: 18:58:46  time: 0.7088  data_time: 0.0168  memory: 11326  loss: 0.6514  loss_final: 0.2868  loss_rgb: 0.0870  loss_geometry: 0.1184  loss_reliability: 0.0337  loss_preserve: 0.0000  loss_equivariance: 0.0000  correction_scale: 0.0915  loss_correction_smoothness: 0.0000  loss_coarse: 0.0849  loss_boundary: 0.0367  loss_sdf: 0.0039  grad_norm: 2.0085
2026/09/26 13:30:38 - mmengine - INFO - Exp name: joint_20260926_115805
2026/09/26 13:30:38 - mmengine - INFO - Iter(train) [  6000/100000]  base_lr: 5.7528e-04 lr: 5.7528e-05  eta: 18:58:08  time: 0.7385  data_time: 0.0165  memory: 11326  loss: 0.5384  loss_final: 0.1946  loss_rgb: 0.1004  loss_geometry: 0.1175  loss_reliability: 0.0141  loss_preserve: 0.0000  loss_equivariance: 0.0000  correction_scale: 0.0914  loss_correction_smoothness: 0.0000  loss_coarse: 0.0578  loss_boundary: 0.0477  loss_sdf: 0.0064  grad_norm: 1.7931
2026/09/26 13:30:38 - mmengine - INFO - Saving checkpoint at 6000 iterations
2026/09/26 13:31:44 - mmengine - INFO - Iter(val) [ 50/304]    eta: 0:05:25  time: 1.2763  data_time: 0.0191  memory: 1184  
2026/09/26 13:33:14 - mmengine - INFO - Iter(val) [100/304]    eta: 0:05:13  time: 1.7492  data_time: 0.0218  memory: 1184  
2026/09/26 13:34:39 - mmengine - INFO - Iter(val) [150/304]    eta: 0:04:05  time: 1.6880  data_time: 0.0206  memory: 1184  
2026/09/26 13:36:03 - mmengine - INFO - Iter(val) [200/304]    eta: 0:02:47  time: 1.6764  data_time: 0.0211  memory: 1184  
2026/09/26 13:37:26 - mmengine - INFO - Iter(val) [250/304]    eta: 0:01:27  time: 1.6835  data_time: 0.0211  memory: 1184  
2026/09/26 13:38:48 - mmengine - INFO - Iter(val) [300/304]    eta: 0:00:06  time: 1.6318  data_time: 0.0212  memory: 1184  
2026/09/26 13:38:54 - mmengine - INFO - per class results:
2026/09/26 13:38:54 - mmengine - INFO - 
+------------------+-------+-------+-------+--------+-----------+--------+
|      Class       |  IoU  |  Acc  |  Dice | Fscore | Precision | Recall |
+------------------+-------+-------+-------+--------+-----------+--------+
|    background    |  95.1 | 96.27 | 97.49 | 97.49  |   98.74   | 96.27  |
| wastewater_plant | 60.42 | 86.01 | 75.33 | 75.33  |   67.01   | 86.01  |
+------------------+-------+-------+-------+--------+-----------+--------+
2026/09/26 13:38:54 - mmengine - INFO - Iter(val) [304/304]    aAcc: 95.4400  mIoU: 77.7600  mAcc: 91.1400  mDice: 86.4100  mFscore: 86.4100  mPrecision: 82.8700  mRecall: 91.1400  binary/Foreground_IoU: 60.4244  binary/Dice: 75.3307  binary/F1: 75.3307  binary/Precision: 67.0081  binary/Recall: 86.0139  binary/Boundary_F1: 7.5898  binary/BFScore: 7.5898  binary/Boundary_Precision: 5.4179  binary/Boundary_Recall: 12.6682  binary/Hausdorff_px: 738.6933  binary/HD95_px: 612.9016  binary/Hausdorff_m: 369.3467  binary/HD95_m: 306.4508  data_time: 0.0226  time: 1.6268
2026/09/26 13:39:31 - mmengine - INFO - Iter(train) [  6050/100000]  base_lr: 5.7500e-04 lr: 5.7500e-05  eta: 18:57:30  time: 0.7118  data_time: 0.0163  memory: 11326  loss: 0.6267  loss_final: 0.2806  loss_rgb: 0.0816  loss_geometry: 0.1301  loss_reliability: 0.0091  loss_preserve: 0.0000  loss_equivariance: 0.0000  correction_scale: 0.0913  loss_correction_smoothness: 0.0000  loss_coarse: 0.0826  loss_boundary: 0.0369  loss_sdf: 0.0058  grad_norm: 2.2962
2026/09/26 13:40:07 - mmengine - INFO - Iter(train) [  6100/100000]  base_lr: 5.7473e-04 lr: 5.7473e-05  eta: 18:56:50  time: 0.7258  data_time: 0.0164  memory: 11326  loss: 0.5281  loss_final: 0.1886  loss_rgb: 0.1027  loss_geometry: 0.1181  loss_reliability: 0.0099  loss_preserve: 0.0000  loss_equivariance: 0.0000  correction_scale: 0.0909  loss_correction_smoothness: 0.0000  loss_coarse: 0.0559  loss_boundary: 0.0470  loss_sdf: 0.0059  grad_norm: 2.4228
2026/09/26 13:40:43 - mmengine - INFO - Iter(train) [  6150/100000]  base_lr: 5.7445e-04 lr: 5.7445e-05  eta: 18:56:08  time: 0.7181  data_time: 0.0154  memory: 11326  loss: 0.6156  loss_final: 0.2472  loss_rgb: 0.1065  loss_geometry: 0.1266  loss_reliability: 0.0053  loss_preserve: 0.0000  loss_equivariance: 0.0000  correction_scale: 0.0906  loss_correction_smoothness: 0.0000  loss_coarse: 0.0736  loss_boundary: 0.0471  loss_sdf: 0.0093  grad_norm: 2.6368
2026/09/26 13:41:19 - mmengine - INFO - Iter(train) [  6200/100000]  base_lr: 5.7418e-04 lr: 5.7418e-05  eta: 18:55:30  time: 0.7308  data_time: 0.0165  memory: 11326  loss: 0.5561  loss_final: 0.2274  loss_rgb: 0.0926  loss_geometry: 0.1142  loss_reliability: 0.0048  loss_preserve: 0.0000  loss_equivariance: 0.0000  correction_scale: 0.0905  loss_correction_smoothness: 0.0000  loss_coarse: 0.0669  loss_boundary: 0.0428  loss_sdf: 0.0072  grad_norm: 3.4434
2026/09/26 13:41:55 - mmengine - INFO - Iter(train) [  6250/100000]  base_lr: 5.7390e-04 lr: 5.7390e-05  eta: 18:54:49  time: 0.7191  data_time: 0.0161  memory: 11326  loss: 0.6316  loss_final: 0.2513  loss_rgb: 0.1095  loss_geometry: 0.1229  loss_reliability: 0.0168  loss_preserve: 0.0000  loss_equivariance: 0.0000  correction_scale: 0.0902  loss_correction_smoothness: 0.0000  loss_coarse: 0.0750  loss_boundary: 0.0478  loss_sdf: 0.0083  grad_norm: 2.3335
2026/09/26 13:42:31 - mmengine - INFO - Iter(train) [  6300/100000]  base_lr: 5.7363e-04 lr: 5.7363e-05  eta: 18:54:10  time: 0.7243  data_time: 0.0163  memory: 11326  loss: 0.6531  loss_final: 0.2819  loss_rgb: 0.0960  loss_geometry: 0.1168  loss_reliability: 0.0238  loss_preserve: 0.0000  loss_equivariance: 0.0000  correction_scale: 0.0901  loss_correction_smoothness: 0.0000  loss_coarse: 0.0828  loss_boundary: 0.0426  loss_sdf: 0.0092  grad_norm: 2.5801
2026/09/26 13:43:07 - mmengine - INFO - Iter(train) [  6350/100000]  base_lr: 5.7335e-04 lr: 5.7335e-05  eta: 18:53:28  time: 0.7189  data_time: 0.0160  memory: 11326  loss: 0.5953  loss_final: 0.2394  loss_rgb: 0.0999  loss_geometry: 0.1147  loss_reliability: 0.0209  loss_preserve: 0.0000  loss_equivariance: 0.0000  correction_scale: 0.0899  loss_correction_smoothness: 0.0000  loss_coarse: 0.0704  loss_boundary: 0.0427  loss_sdf: 0.0073  grad_norm: 2.1753
2026/09/26 13:43:43 - mmengine - INFO - Iter(train) [  6400/100000]  base_lr: 5.7307e-04 lr: 5.7307e-05  eta: 18:52:48  time: 0.7225  data_time: 0.0174  memory: 11326  loss: 0.6942  loss_final: 0.3327  loss_rgb: 0.0923  loss_geometry: 0.1195  loss_reliability: 0.0077  loss_preserve: 0.0000  loss_equivariance: 0.0000  correction_scale: 0.0898  loss_correction_smoothness: 0.0000  loss_coarse: 0.0973  loss_boundary: 0.0371  loss_sdf: 0.0076  grad_norm: 2.0267
2026/09/26 13:44:19 - mmengine - INFO - Iter(train) [  6450/100000]  base_lr: 5.7280e-04 lr: 5.7280e-05  eta: 18:52:12  time: 0.7235  data_time: 0.0165  memory: 11326  loss: 0.6267  loss_final: 0.2537  loss_rgb: 0.0956  loss_geometry: 0.1241  loss_reliability: 0.0184  loss_preserve: 0.0000  loss_equivariance: 0.0000  correction_scale: 0.0895  loss_correction_smoothness: 0.0000  loss_coarse: 0.0751  loss_boundary: 0.0478  loss_sdf: 0.0120  grad_norm: 2.2056
2026/09/26 13:44:56 - mmengine - INFO - Iter(train) [  6500/100000]  base_lr: 5.7252e-04 lr: 5.7252e-05  eta: 18:51:38  time: 0.7333  data_time: 0.0158  memory: 11326  loss: 0.5090  loss_final: 0.1658  loss_rgb: 0.1081  loss_geometry: 0.1228  loss_reliability: 0.0100  loss_preserve: 0.0000  loss_equivariance: 0.0000  correction_scale: 0.0893  loss_correction_smoothness: 0.0000  loss_coarse: 0.0487  loss_boundary: 0.0474  loss_sdf: 0.0061  grad_norm: 2.3369
2026/09/26 13:45:32 - mmengine - INFO - Iter(train) [  6550/100000]  base_lr: 5.7225e-04 lr: 5.7225e-05  eta: 18:51:01  time: 0.7216  data_time: 0.0152  memory: 11326  loss: 0.5891  loss_final: 0.2078  loss_rgb: 0.1250  loss_geometry: 0.1214  loss_reliability: 0.0102  loss_preserve: 0.0000  loss_equivariance: 0.0000  correction_scale: 0.0889  loss_correction_smoothness: 0.0000  loss_coarse: 0.0624  loss_boundary: 0.0531  loss_sdf: 0.0092  grad_norm: 2.1084
2026/09/26 13:46:08 - mmengine - INFO - Iter(train) [  6600/100000]  base_lr: 5.7197e-04 lr: 5.7197e-05  eta: 18:50:22  time: 0.7353  data_time: 0.0153  memory: 11326  loss: 0.6049  loss_final: 0.2191  loss_rgb: 0.1008  loss_geometry: 0.1395  loss_reliability: 0.0233  loss_preserve: 0.0000  loss_equivariance: 0.0000  correction_scale: 0.0885  loss_correction_smoothness: 0.0000  loss_coarse: 0.0646  loss_boundary: 0.0474  loss_sdf: 0.0101  grad_norm: 1.9886
2026/09/26 13:46:44 - mmengine - INFO - Iter(train) [  6650/100000]  base_lr: 5.7170e-04 lr: 5.7170e-05  eta: 18:49:45  time: 0.7179  data_time: 0.0159  memory: 11326  loss: 0.6260  loss_final: 0.2659  loss_rgb: 0.0999  loss_geometry: 0.1138  loss_reliability: 0.0192  loss_preserve: 0.0000  loss_equivariance: 0.0000  correction_scale: 0.0881  loss_correction_smoothness: 0.0000  loss_coarse: 0.0776  loss_boundary: 0.0421  loss_sdf: 0.0076  grad_norm: 2.0280
2026/09/26 13:47:20 - mmengine - INFO - Iter(train) [  6700/100000]  base_lr: 5.7142e-04 lr: 5.7142e-05  eta: 18:49:04  time: 0.7051  data_time: 0.0168  memory: 11326  loss: 0.6281  loss_final: 0.2922  loss_rgb: 0.0809  loss_geometry: 0.1243  loss_reliability: 0.0139  loss_preserve: 0.0000  loss_equivariance: 0.0000  correction_scale: 0.0878  loss_correction_smoothness: 0.0000  loss_coarse: 0.0831  loss_boundary: 0.0319  loss_sdf: 0.0019  grad_norm: 2.0099
2026/09/26 13:47:56 - mmengine - INFO - Iter(train) [  6750/100000]  base_lr: 5.7115e-04 lr: 5.7115e-05  eta: 18:48:24  time: 0.7063  data_time: 0.0159  memory: 11326  loss: 0.7436  loss_final: 0.3988  loss_rgb: 0.0582  loss_geometry: 0.1274  loss_reliability: 0.0198  loss_preserve: 0.0000  loss_equivariance: 0.0000  correction_scale: 0.0875  loss_correction_smoothness: 0.0000  loss_coarse: 0.1115  loss_boundary: 0.0218  loss_sdf: 0.0062  grad_norm: 2.2032
2026/09/26 13:48:33 - mmengine - INFO - Iter(train) [  6800/100000]  base_lr: 5.7087e-04 lr: 5.7087e-05  eta: 18:47:49  time: 0.7355  data_time: 0.0178  memory: 11326  loss: 0.5911  loss_final: 0.2489  loss_rgb: 0.1034  loss_geometry: 0.1041  loss_reliability: 0.0134  loss_preserve: 0.0000  loss_equivariance: 0.0000  correction_scale: 0.0874  loss_correction_smoothness: 0.0000  loss_coarse: 0.0709  loss_boundary: 0.0429  loss_sdf: 0.0075  grad_norm: 2.1285
2026/09/26 13:49:09 - mmengine - INFO - Iter(train) [  6850/100000]  base_lr: 5.7059e-04 lr: 5.7059e-05  eta: 18:47:10  time: 0.7156  data_time: 0.0158  memory: 11326  loss: 0.6405  loss_final: 0.2948  loss_rgb: 0.0975  loss_geometry: 0.1183  loss_reliability: 0.0044  loss_preserve: 0.0000  loss_equivariance: 0.0000  correction_scale: 0.0872  loss_correction_smoothness: 0.0000  loss_coarse: 0.0820  loss_boundary: 0.0368  loss_sdf: 0.0068  grad_norm: 2.5480
2026/09/26 13:49:45 - mmengine - INFO - Iter(train) [  6900/100000]  base_lr: 5.7032e-04 lr: 5.7032e-05  eta: 18:46:33  time: 0.7197  data_time: 0.0174  memory: 11326  loss: 0.7125  loss_final: 0.3296  loss_rgb: 0.0966  loss_geometry: 0.1377  loss_reliability: 0.0058  loss_preserve: 0.0000  loss_equivariance: 0.0000  correction_scale: 0.0872  loss_correction_smoothness: 0.0000  loss_coarse: 0.0940  loss_boundary: 0.0374  loss_sdf: 0.0115  grad_norm: 3.3454
2026/09/26 13:50:21 - mmengine - INFO - Iter(train) [  6950/100000]  base_lr: 5.7004e-04 lr: 5.7004e-05  eta: 18:45:53  time: 0.7123  data_time: 0.0154  memory: 11326  loss: 0.5857  loss_final: 0.2434  loss_rgb: 0.0919  loss_geometry: 0.1186  loss_reliability: 0.0131  loss_preserve: 0.0000  loss_equivariance: 0.0000  correction_scale: 0.0872  loss_correction_smoothness: 0.0000  loss_coarse: 0.0681  loss_boundary: 0.0427  loss_sdf: 0.0080  grad_norm: 2.8647
2026/09/26 13:50:57 - mmengine - INFO - Exp name: joint_20260926_115805
2026/09/26 13:50:57 - mmengine - INFO - Iter(train) [  7000/100000]  base_lr: 5.6977e-04 lr: 5.6977e-05  eta: 18:45:13  time: 0.7208  data_time: 0.0172  memory: 11326  loss: 0.6086  loss_final: 0.2887  loss_rgb: 0.0679  loss_geometry: 0.1232  loss_reliability: 0.0154  loss_preserve: 0.0000  loss_equivariance: 0.0000  correction_scale: 0.0870  loss_correction_smoothness: 0.0000  loss_coarse: 0.0755  loss_boundary: 0.0317  loss_sdf: 0.0062  grad_norm: 1.9284
2026/09/26 13:51:34 - mmengine - INFO - Iter(train) [  7050/100000]  base_lr: 5.6949e-04 lr: 5.6949e-05  eta: 18:44:39  time: 0.7212  data_time: 0.0159  memory: 11326  loss: 0.6086  loss_final: 0.2500  loss_rgb: 0.1003  loss_geometry: 0.1125  loss_reliability: 0.0116  loss_preserve: 0.0000  loss_equivariance: 0.0000  correction_scale: 0.0870  loss_correction_smoothness: 0.0000  loss_coarse: 0.0751  loss_boundary: 0.0471  loss_sdf: 0.0120  grad_norm: 2.1527
2026/09/26 13:52:10 - mmengine - INFO - Iter(train) [  7100/100000]  base_lr: 5.6922e-04 lr: 5.6922e-05  eta: 18:44:00  time: 0.7125  data_time: 0.0154  memory: 11326  loss: 0.6438  loss_final: 0.2792  loss_rgb: 0.0924  loss_geometry: 0.1221  loss_reliability: 0.0247  loss_preserve: 0.0000  loss_equivariance: 0.0000  correction_scale: 0.0869  loss_correction_smoothness: 0.0000  loss_coarse: 0.0758  loss_boundary: 0.0422  loss_sdf: 0.0075  grad_norm: 2.7954
2026/09/26 13:52:46 - mmengine - INFO - Iter(train) [  7150/100000]  base_lr: 5.6894e-04 lr: 5.6894e-05  eta: 18:43:25  time: 0.7244  data_time: 0.0161  memory: 11326  loss: 0.5616  loss_final: 0.2213  loss_rgb: 0.0989  loss_geometry: 0.1112  loss_reliability: 0.0193  loss_preserve: 0.0000  loss_equivariance: 0.0000  correction_scale: 0.0869  loss_correction_smoothness: 0.0000  loss_coarse: 0.0618  loss_boundary: 0.0420  loss_sdf: 0.0071  grad_norm: 2.7762
2026/09/26 13:53:23 - mmengine - INFO - Iter(train) [  7200/100000]  base_lr: 5.6866e-04 lr: 5.6866e-05  eta: 18:42:51  time: 0.7366  data_time: 0.0162  memory: 11326  loss: 0.5455  loss_final: 0.1969  loss_rgb: 0.1055  loss_geometry: 0.1157  loss_reliability: 0.0158  loss_preserve: 0.0000  loss_equivariance: 0.0000  correction_scale: 0.0869  loss_correction_smoothness: 0.0000  loss_coarse: 0.0556  loss_boundary: 0.0479  loss_sdf: 0.0082  grad_norm: 1.9497
2026/09/26 13:53:58 - mmengine - INFO - Iter(train) [  7250/100000]  base_lr: 5.6839e-04 lr: 5.6839e-05  eta: 18:42:09  time: 0.7213  data_time: 0.0159  memory: 11326  loss: 0.6217  loss_final: 0.2745  loss_rgb: 0.0929  loss_geometry: 0.1116  loss_reliability: 0.0170  loss_preserve: 0.0000  loss_equivariance: 0.0000  correction_scale: 0.0869  loss_correction_smoothness: 0.0000  loss_coarse: 0.0718  loss_boundary: 0.0424  loss_sdf: 0.0114  grad_norm: 1.7257
2026/09/26 13:54:35 - mmengine - INFO - Iter(train) [  7300/100000]  base_lr: 5.6811e-04 lr: 5.6811e-05  eta: 18:41:31  time: 0.7122  data_time: 0.0162  memory: 11326  loss: 0.5320  loss_final: 0.2246  loss_rgb: 0.0878  loss_geometry: 0.1046  loss_reliability: 0.0224  loss_preserve: 0.0000  loss_equivariance: 0.0000  correction_scale: 0.0868  loss_correction_smoothness: 0.0000  loss_coarse: 0.0513  loss_boundary: 0.0369  loss_sdf: 0.0045  grad_norm: 2.1699
2026/09/26 13:55:11 - mmengine - INFO - Iter(train) [  7350/100000]  base_lr: 5.6784e-04 lr: 5.6784e-05  eta: 18:40:54  time: 0.7144  data_time: 0.0168  memory: 11326  loss: 0.5871  loss_final: 0.2741  loss_rgb: 0.0742  loss_geometry: 0.1204  loss_reliability: 0.0110  loss_preserve: 0.0000  loss_equivariance: 0.0000  correction_scale: 0.0867  loss_correction_smoothness: 0.0000  loss_coarse: 0.0611  loss_boundary: 0.0370  loss_sdf: 0.0092  grad_norm: 1.9188
2026/09/26 13:55:47 - mmengine - INFO - Iter(train) [  7400/100000]  base_lr: 5.6756e-04 lr: 5.6756e-05  eta: 18:40:16  time: 0.7186  data_time: 0.0155  memory: 11326  loss: 0.6146  loss_final: 0.2978  loss_rgb: 0.0694  loss_geometry: 0.1300  loss_reliability: 0.0236  loss_preserve: 0.0000  loss_equivariance: 0.0000  correction_scale: 0.0867  loss_correction_smoothness: 0.0000  loss_coarse: 0.0563  loss_boundary: 0.0317  loss_sdf: 0.0058  grad_norm: 2.2097
2026/09/26 13:56:23 - mmengine - INFO - Iter(train) [  7450/100000]  base_lr: 5.6729e-04 lr: 5.6729e-05  eta: 18:39:38  time: 0.7170  data_time: 0.0164  memory: 11326  loss: 0.6255  loss_final: 0.2814  loss_rgb: 0.0961  loss_geometry: 0.1242  loss_reliability: 0.0043  loss_preserve: 0.0000  loss_equivariance: 0.0000  correction_scale: 0.0866  loss_correction_smoothness: 0.0000  loss_coarse: 0.0667  loss_boundary: 0.0426  loss_sdf: 0.0103  grad_norm: 2.4190
2026/09/26 13:56:59 - mmengine - INFO - Iter(train) [  7500/100000]  base_lr: 5.6701e-04 lr: 5.6701e-05  eta: 18:38:56  time: 0.7054  data_time: 0.0174  memory: 11326  loss: 0.6081  loss_final: 0.2842  loss_rgb: 0.0936  loss_geometry: 0.1177  loss_reliability: 0.0139  loss_preserve: 0.0000  loss_equivariance: 0.0000  correction_scale: 0.0865  loss_correction_smoothness: 0.0000  loss_coarse: 0.0588  loss_boundary: 0.0361  loss_sdf: 0.0038  grad_norm: 3.3510
2026/09/26 13:57:35 - mmengine - INFO - Iter(train) [  7550/100000]  base_lr: 5.6673e-04 lr: 5.6673e-05  eta: 18:38:17  time: 0.7183  data_time: 0.0166  memory: 11326  loss: 0.4274  loss_final: 0.1348  loss_rgb: 0.1037  loss_geometry: 0.0989  loss_reliability: 0.0063  loss_preserve: 0.0000  loss_equivariance: 0.0000  correction_scale: 0.0865  loss_correction_smoothness: 0.0000  loss_coarse: 0.0317  loss_boundary: 0.0472  loss_sdf: 0.0047  grad_norm: 2.8541
2026/09/26 13:58:11 - mmengine - INFO - Iter(train) [  7600/100000]  base_lr: 5.6646e-04 lr: 5.6646e-05  eta: 18:37:38  time: 0.7219  data_time: 0.0155  memory: 11326  loss: 0.5517  loss_final: 0.2463  loss_rgb: 0.0885  loss_geometry: 0.1063  loss_reliability: 0.0128  loss_preserve: 0.0000  loss_equivariance: 0.0000  correction_scale: 0.0864  loss_correction_smoothness: 0.0000  loss_coarse: 0.0518  loss_boundary: 0.0370  loss_sdf: 0.0089  grad_norm: 2.3211
2026/09/26 13:58:47 - mmengine - INFO - Iter(train) [  7650/100000]  base_lr: 5.6618e-04 lr: 5.6618e-05  eta: 18:36:58  time: 0.7114  data_time: 0.0159  memory: 11326  loss: 0.4152  loss_final: 0.1500  loss_rgb: 0.0659  loss_geometry: 0.1193  loss_reliability: 0.0203  loss_preserve: 0.0000  loss_equivariance: 0.0000  correction_scale: 0.0861  loss_correction_smoothness: 0.0000  loss_coarse: 0.0234  loss_boundary: 0.0315  loss_sdf: 0.0049  grad_norm: 2.9823
2026/09/26 13:59:23 - mmengine - INFO - Iter(train) [  7700/100000]  base_lr: 5.6591e-04 lr: 5.6591e-05  eta: 18:36:19  time: 0.7156  data_time: 0.0167  memory: 11326  loss: 0.4284  loss_final: 0.1265  loss_rgb: 0.0960  loss_geometry: 0.1195  loss_reliability: 0.0092  loss_preserve: 0.0000  loss_equivariance: 0.0000  correction_scale: 0.0859  loss_correction_smoothness: 0.0000  loss_coarse: 0.0308  loss_boundary: 0.0421  loss_sdf: 0.0043  grad_norm: 4.2855
2026/09/26 13:59:59 - mmengine - INFO - Iter(train) [  7750/100000]  base_lr: 5.6563e-04 lr: 5.6563e-05  eta: 18:35:39  time: 0.7300  data_time: 0.0163  memory: 11326  loss: 0.4514  loss_final: 0.1362  loss_rgb: 0.1031  loss_geometry: 0.1074  loss_reliability: 0.0104  loss_preserve: 0.0000  loss_equivariance: 0.0000  correction_scale: 0.0858  loss_correction_smoothness: 0.0000  loss_coarse: 0.0390  loss_boundary: 0.0477  loss_sdf: 0.0075  grad_norm: 4.3459
2026/09/26 14:00:36 - mmengine - INFO - Iter(train) [  7800/100000]  base_lr: 5.6535e-04 lr: 5.6535e-05  eta: 18:35:03  time: 0.7353  data_time: 0.0167  memory: 11326  loss: 0.5479  loss_final: 0.1955  loss_rgb: 0.1131  loss_geometry: 0.1060  loss_reliability: 0.0115  loss_preserve: 0.0000  loss_equivariance: 0.0000  correction_scale: 0.0856  loss_correction_smoothness: 0.0000  loss_coarse: 0.0587  loss_boundary: 0.0522  loss_sdf: 0.0108  grad_norm: 2.2241
2026/09/26 14:01:12 - mmengine - INFO - Iter(train) [  7850/100000]  base_lr: 5.6508e-04 lr: 5.6508e-05  eta: 18:34:24  time: 0.7178  data_time: 0.0153  memory: 11326  loss: 0.6709  loss_final: 0.2625  loss_rgb: 0.1263  loss_geometry: 0.1264  loss_reliability: 0.0178  loss_preserve: 0.0000  loss_equivariance: 0.0000  correction_scale: 0.0856  loss_correction_smoothness: 0.0000  loss_coarse: 0.0779  loss_boundary: 0.0477  loss_sdf: 0.0122  grad_norm: 1.9927
2026/09/26 14:01:48 - mmengine - INFO - Iter(train) [  7900/100000]  base_lr: 5.6480e-04 lr: 5.6480e-05  eta: 18:33:48  time: 0.7224  data_time: 0.0154  memory: 11326  loss: 0.6224  loss_final: 0.2304  loss_rgb: 0.1111  loss_geometry: 0.1318  loss_reliability: 0.0193  loss_preserve: 0.0000  loss_equivariance: 0.0000  correction_scale: 0.0855  loss_correction_smoothness: 0.0000  loss_coarse: 0.0690  loss_boundary: 0.0517  loss_sdf: 0.0090  grad_norm: 2.4261
2026/09/26 14:02:24 - mmengine - INFO - Iter(train) [  7950/100000]  base_lr: 5.6453e-04 lr: 5.6453e-05  eta: 18:33:10  time: 0.7227  data_time: 0.0162  memory: 11326  loss: 0.5014  loss_final: 0.1469  loss_rgb: 0.1167  loss_geometry: 0.1140  loss_reliability: 0.0196  loss_preserve: 0.0000  loss_equivariance: 0.0000  correction_scale: 0.0854  loss_correction_smoothness: 0.0000  loss_coarse: 0.0442  loss_boundary: 0.0528  loss_sdf: 0.0073  grad_norm: 2.1745
2026/09/26 14:03:00 - mmengine - INFO - Exp name: joint_20260926_115805
2026/09/26 14:03:00 - mmengine - INFO - Iter(train) [  8000/100000]  base_lr: 5.6425e-04 lr: 5.6425e-05  eta: 18:32:34  time: 0.7308  data_time: 0.0160  memory: 11326  loss: 0.5608  loss_final: 0.2009  loss_rgb: 0.1007  loss_geometry: 0.1196  loss_reliability: 0.0284  loss_preserve: 0.0000  loss_equivariance: 0.0000  correction_scale: 0.0854  loss_correction_smoothness: 0.0000  loss_coarse: 0.0594  loss_boundary: 0.0422  loss_sdf: 0.0096  grad_norm: 2.3623
2026/09/26 14:03:00 - mmengine - INFO - Saving checkpoint at 8000 iterations
2026/09/26 14:04:06 - mmengine - INFO - Iter(val) [ 50/304]    eta: 0:05:24  time: 1.2747  data_time: 0.0224  memory: 1184  
2026/09/26 14:05:37 - mmengine - INFO - Iter(val) [100/304]    eta: 0:05:15  time: 1.7927  data_time: 0.0211  memory: 1184  
2026/09/26 14:07:03 - mmengine - INFO - Iter(val) [150/304]    eta: 0:04:07  time: 1.7010  data_time: 0.0213  memory: 1184  
2026/09/26 14:08:30 - mmengine - INFO - Iter(val) [200/304]    eta: 0:02:50  time: 1.7014  data_time: 0.0219  memory: 1184  
2026/09/26 14:09:55 - mmengine - INFO - Iter(val) [250/304]    eta: 0:01:29  time: 1.7463  data_time: 0.0204  memory: 1184  
2026/09/26 14:11:18 - mmengine - INFO - Iter(val) [300/304]    eta: 0:00:06  time: 1.6306  data_time: 0.0204  memory: 1184  
2026/09/26 14:11:25 - mmengine - INFO - per class results:
2026/09/26 14:11:25 - mmengine - INFO - 
+------------------+-------+-------+-------+--------+-----------+--------+
|      Class       |  IoU  |  Acc  |  Dice | Fscore | Precision | Recall |
+------------------+-------+-------+-------+--------+-----------+--------+
|    background    | 95.59 | 96.46 | 97.75 | 97.75  |   99.07   | 96.46  |
| wastewater_plant | 63.95 | 89.66 | 78.01 | 78.01  |   69.05   | 89.66  |
+------------------+-------+-------+-------+--------+-----------+--------+
2026/09/26 14:11:25 - mmengine - INFO - Iter(val) [304/304]    aAcc: 95.9100  mIoU: 79.7700  mAcc: 93.0600  mDice: 87.8800  mFscore: 87.8800  mPrecision: 84.0600  mRecall: 93.0600  binary/Foreground_IoU: 63.9543  binary/Dice: 78.0148  binary/F1: 78.0148  binary/Precision: 69.0451  binary/Recall: 89.6628  binary/Boundary_F1: 7.6678  binary/BFScore: 7.6678  binary/Boundary_Precision: 5.5799  binary/Boundary_Recall: 12.2527  binary/Hausdorff_px: 563.6361  binary/HD95_px: 446.3686  binary/Hausdorff_m: 281.8180  binary/HD95_m: 223.1843  data_time: 0.0233  time: 1.6545
2026/09/26 14:12:01 - mmengine - INFO - Iter(train) [  8050/100000]  base_lr: 5.6397e-04 lr: 5.6397e-05  eta: 18:31:59  time: 0.7299  data_time: 0.0163  memory: 11326  loss: 0.5902  loss_final: 0.2065  loss_rgb: 0.1223  loss_geometry: 0.1295  loss_reliability: 0.0084  loss_preserve: 0.0000  loss_equivariance: 0.0000  correction_scale: 0.0853  loss_correction_smoothness: 0.0000  loss_coarse: 0.0616  loss_boundary: 0.0500  loss_sdf: 0.0120  grad_norm: 2.4044
2026/09/26 14:12:37 - mmengine - INFO - Iter(train) [  8100/100000]  base_lr: 5.6370e-04 lr: 5.6370e-05  eta: 18:31:22  time: 0.7163  data_time: 0.0165  memory: 11326  loss: 0.4196  loss_final: 0.1256  loss_rgb: 0.0827  loss_geometry: 0.1228  loss_reliability: 0.0093  loss_preserve: 0.0000  loss_equivariance: 0.0000  correction_scale: 0.0853  loss_correction_smoothness: 0.0000  loss_coarse: 0.0365  loss_boundary: 0.0368  loss_sdf: 0.0060  grad_norm: 2.3756
2026/09/26 14:13:14 - mmengine - INFO - Iter(train) [  8150/100000]  base_lr: 5.6342e-04 lr: 5.6342e-05  eta: 18:30:47  time: 0.7249  data_time: 0.0155  memory: 11326  loss: 0.5273  loss_final: 0.1762  loss_rgb: 0.1017  loss_geometry: 0.1192  loss_reliability: 0.0207  loss_preserve: 0.0000  loss_equivariance: 0.0000  correction_scale: 0.0852  loss_correction_smoothness: 0.0000  loss_coarse: 0.0526  loss_boundary: 0.0474  loss_sdf: 0.0094  grad_norm: 2.8726
2026/09/26 14:13:50 - mmengine - INFO - Iter(train) [  8200/100000]  base_lr: 5.6315e-04 lr: 5.6315e-05  eta: 18:30:09  time: 0.7256  data_time: 0.0160  memory: 11326  loss: 0.4202  loss_final: 0.1075  loss_rgb: 0.0980  loss_geometry: 0.1181  loss_reliability: 0.0172  loss_preserve: 0.0000  loss_equivariance: 0.0000  correction_scale: 0.0851  loss_correction_smoothness: 0.0000  loss_coarse: 0.0317  loss_boundary: 0.0424  loss_sdf: 0.0054  grad_norm: 2.5017
2026/09/26 14:14:26 - mmengine - INFO - Iter(train) [  8250/100000]  base_lr: 5.6287e-04 lr: 5.6287e-05  eta: 18:29:29  time: 0.7156  data_time: 0.0160  memory: 11326  loss: 0.3613  loss_final: 0.0738  loss_rgb: 0.0818  loss_geometry: 0.1325  loss_reliability: 0.0113  loss_preserve: 0.0000  loss_equivariance: 0.0000  correction_scale: 0.0849  loss_correction_smoothness: 0.0000  loss_coarse: 0.0212  loss_boundary: 0.0367  loss_sdf: 0.0039  grad_norm: 1.7990
2026/09/26 14:15:02 - mmengine - INFO - Iter(train) [  8300/100000]  base_lr: 5.6259e-04 lr: 5.6259e-05  eta: 18:28:50  time: 0.7130  data_time: 0.0157  memory: 11326  loss: 0.3838  loss_final: 0.0976  loss_rgb: 0.0774  loss_geometry: 0.1278  loss_reliability: 0.0112  loss_preserve: 0.0000  loss_equivariance: 0.0000  correction_scale: 0.0848  loss_correction_smoothness: 0.0000  loss_coarse: 0.0285  loss_boundary: 0.0369  loss_sdf: 0.0044  grad_norm: 2.4968
2026/09/26 14:15:38 - mmengine - INFO - Iter(train) [  8350/100000]  base_lr: 5.6232e-04 lr: 5.6232e-05  eta: 18:28:11  time: 0.7211  data_time: 0.0151  memory: 11326  loss: 0.5328  loss_final: 0.1641  loss_rgb: 0.1112  loss_geometry: 0.1234  loss_reliability: 0.0234  loss_preserve: 0.0000  loss_equivariance: 0.0000  correction_scale: 0.0847  loss_correction_smoothness: 0.0000  loss_coarse: 0.0493  loss_boundary: 0.0520  loss_sdf: 0.0094  grad_norm: 2.4479
2026/09/26 14:16:14 - mmengine - INFO - Iter(train) [  8400/100000]  base_lr: 5.6204e-04 lr: 5.6204e-05  eta: 18:27:37  time: 0.7340  data_time: 0.0153  memory: 11326  loss: 0.4734  loss_final: 0.1324  loss_rgb: 0.1116  loss_geometry: 0.1220  loss_reliability: 0.0148  loss_preserve: 0.0000  loss_equivariance: 0.0000  correction_scale: 0.0845  loss_correction_smoothness: 0.0000  loss_coarse: 0.0394  loss_boundary: 0.0476  loss_sdf: 0.0057  grad_norm: 2.6739
2026/09/26 14:16:51 - mmengine - INFO - Iter(train) [  8450/100000]  base_lr: 5.6177e-04 lr: 5.6177e-05  eta: 18:27:00  time: 0.7261  data_time: 0.0166  memory: 11326  loss: 0.5316  loss_final: 0.1924  loss_rgb: 0.1053  loss_geometry: 0.1136  loss_reliability: 0.0083  loss_preserve: 0.0000  loss_equivariance: 0.0000  correction_scale: 0.0844  loss_correction_smoothness: 0.0000  loss_coarse: 0.0574  loss_boundary: 0.0483  loss_sdf: 0.0063  grad_norm: 2.1402
2026/09/26 14:17:27 - mmengine - INFO - Iter(train) [  8500/100000]  base_lr: 5.6149e-04 lr: 5.6149e-05  eta: 18:26:22  time: 0.7198  data_time: 0.0151  memory: 11326  loss: 0.4436  loss_final: 0.1146  loss_rgb: 0.1128  loss_geometry: 0.1175  loss_reliability: 0.0118  loss_preserve: 0.0000  loss_equivariance: 0.0000  correction_scale: 0.0843  loss_correction_smoothness: 0.0000  loss_coarse: 0.0339  loss_boundary: 0.0475  loss_sdf: 0.0055  grad_norm: 3.0822
2026/09/26 14:18:03 - mmengine - INFO - Iter(train) [  8550/100000]  base_lr: 5.6121e-04 lr: 5.6121e-05  eta: 18:25:44  time: 0.7232  data_time: 0.0155  memory: 11326  loss: 0.4676  loss_final: 0.1438  loss_rgb: 0.0982  loss_geometry: 0.1259  loss_reliability: 0.0051  loss_preserve: 0.0000  loss_equivariance: 0.0000  correction_scale: 0.0842  loss_correction_smoothness: 0.0000  loss_coarse: 0.0419  loss_boundary: 0.0426  loss_sdf: 0.0101  grad_norm: 2.7030
2026/09/26 14:18:39 - mmengine - INFO - Iter(train) [  8600/100000]  base_lr: 5.6094e-04 lr: 5.6094e-05  eta: 18:25:09  time: 0.7291  data_time: 0.0174  memory: 11326  loss: 0.5507  loss_final: 0.2049  loss_rgb: 0.1035  loss_geometry: 0.1192  loss_reliability: 0.0059  loss_preserve: 0.0000  loss_equivariance: 0.0000  correction_scale: 0.0842  loss_correction_smoothness: 0.0000  loss_coarse: 0.0613  loss_boundary: 0.0472  loss_sdf: 0.0087  grad_norm: 2.5075
2026/09/26 14:19:15 - mmengine - INFO - Iter(train) [  8650/100000]  base_lr: 5.6066e-04 lr: 5.6066e-05  eta: 18:24:29  time: 0.7055  data_time: 0.0150  memory: 11326  loss: 0.5040  loss_final: 0.1858  loss_rgb: 0.0894  loss_geometry: 0.1106  loss_reliability: 0.0164  loss_preserve: 0.0000  loss_equivariance: 0.0000  correction_scale: 0.0841  loss_correction_smoothness: 0.0000  loss_coarse: 0.0552  loss_boundary: 0.0378  loss_sdf: 0.0088  grad_norm: 3.4038
2026/09/26 14:19:51 - mmengine - INFO - Iter(train) [  8700/100000]  base_lr: 5.6038e-04 lr: 5.6038e-05  eta: 18:23:50  time: 0.7126  data_time: 0.0169  memory: 11326  loss: 0.5321  loss_final: 0.1880  loss_rgb: 0.1037  loss_geometry: 0.1231  loss_reliability: 0.0098  loss_preserve: 0.0000  loss_equivariance: 0.0000  correction_scale: 0.0841  loss_correction_smoothness: 0.0000  loss_coarse: 0.0561  loss_boundary: 0.0423  loss_sdf: 0.0090  grad_norm: 3.8454
2026/09/26 14:20:27 - mmengine - INFO - Iter(train) [  8750/100000]  base_lr: 5.6011e-04 lr: 5.6011e-05  eta: 18:23:11  time: 0.7165  data_time: 0.0154  memory: 11326  loss: 0.4338  loss_final: 0.1390  loss_rgb: 0.0888  loss_geometry: 0.1061  loss_reliability: 0.0092  loss_preserve: 0.0000  loss_equivariance: 0.0000  correction_scale: 0.0840  loss_correction_smoothness: 0.0000  loss_coarse: 0.0414  loss_boundary: 0.0426  loss_sdf: 0.0068  grad_norm: 2.8766
2026/09/26 14:21:03 - mmengine - INFO - Iter(train) [  8800/100000]  base_lr: 5.5983e-04 lr: 5.5983e-05  eta: 18:22:35  time: 0.7315  data_time: 0.0162  memory: 11326  loss: 0.5023  loss_final: 0.1766  loss_rgb: 0.0893  loss_geometry: 0.1099  loss_reliability: 0.0237  loss_preserve: 0.0000  loss_equivariance: 0.0000  correction_scale: 0.0840  loss_correction_smoothness: 0.0000  loss_coarse: 0.0527  loss_boundary: 0.0419  loss_sdf: 0.0081  grad_norm: 3.5465
2026/09/26 14:21:40 - mmengine - INFO - Iter(train) [  8850/100000]  base_lr: 5.5956e-04 lr: 5.5956e-05  eta: 18:22:00  time: 0.7069  data_time: 0.0165  memory: 11326  loss: 0.3002  loss_final: 0.0590  loss_rgb: 0.0621  loss_geometry: 0.1159  loss_reliability: 0.0187  loss_preserve: 0.0000  loss_equivariance: 0.0000  correction_scale: 0.0839  loss_correction_smoothness: 0.0000  loss_coarse: 0.0163  loss_boundary: 0.0261  loss_sdf: 0.0021  grad_norm: 1.8876
2026/09/26 14:22:16 - mmengine - INFO - Iter(train) [  8900/100000]  base_lr: 5.5928e-04 lr: 5.5928e-05  eta: 18:21:22  time: 0.7229  data_time: 0.0163  memory: 11326  loss: 0.5856  loss_final: 0.2273  loss_rgb: 0.1128  loss_geometry: 0.1150  loss_reliability: 0.0053  loss_preserve: 0.0000  loss_equivariance: 0.0000  correction_scale: 0.0839  loss_correction_smoothness: 0.0000  loss_coarse: 0.0680  loss_boundary: 0.0482  loss_sdf: 0.0091  grad_norm: 4.9512
2026/09/26 14:22:52 - mmengine - INFO - Iter(train) [  8950/100000]  base_lr: 5.5900e-04 lr: 5.5900e-05  eta: 18:20:45  time: 0.7255  data_time: 0.0175  memory: 11326  loss: 0.5698  loss_final: 0.2087  loss_rgb: 0.1109  loss_geometry: 0.1158  loss_reliability: 0.0127  loss_preserve: 0.0000  loss_equivariance: 0.0000  correction_scale: 0.0838  loss_correction_smoothness: 0.0000  loss_coarse: 0.0625  loss_boundary: 0.0474  loss_sdf: 0.0119  grad_norm: 4.4017
2026/09/26 14:23:28 - mmengine - INFO - Exp name: joint_20260926_115805
2026/09/26 14:23:28 - mmengine - INFO - Iter(train) [  9000/100000]  base_lr: 5.5873e-04 lr: 5.5873e-05  eta: 18:20:07  time: 0.7237  data_time: 0.0160  memory: 11326  loss: 0.4213  loss_final: 0.1376  loss_rgb: 0.0920  loss_geometry: 0.1088  loss_reliability: 0.0051  loss_preserve: 0.0000  loss_equivariance: 0.0000  correction_scale: 0.0837  loss_correction_smoothness: 0.0000  loss_coarse: 0.0327  loss_boundary: 0.0393  loss_sdf: 0.0057  grad_norm: 3.7410
2026/09/26 14:24:05 - mmengine - INFO - Iter(train) [  9050/100000]  base_lr: 5.5845e-04 lr: 5.5845e-05  eta: 18:19:30  time: 0.7210  data_time: 0.0155  memory: 11326  loss: 0.4599  loss_final: 0.1300  loss_rgb: 0.1080  loss_geometry: 0.1151  loss_reliability: 0.0151  loss_preserve: 0.0000  loss_equivariance: 0.0000  correction_scale: 0.0837  loss_correction_smoothness: 0.0000  loss_coarse: 0.0389  loss_boundary: 0.0469  loss_sdf: 0.0058  grad_norm: 3.6357
2026/09/26 14:24:41 - mmengine - INFO - Iter(train) [  9100/100000]  base_lr: 5.5817e-04 lr: 5.5817e-05  eta: 18:18:54  time: 0.7207  data_time: 0.0167  memory: 11326  loss: 0.6058  loss_final: 0.2241  loss_rgb: 0.1237  loss_geometry: 0.1159  loss_reliability: 0.0150  loss_preserve: 0.0000  loss_equivariance: 0.0000  correction_scale: 0.0837  loss_correction_smoothness: 0.0000  loss_coarse: 0.0671  loss_boundary: 0.0481  loss_sdf: 0.0119  grad_norm: 4.4497
2026/09/26 14:25:17 - mmengine - INFO - Iter(train) [  9150/100000]  base_lr: 5.5790e-04 lr: 5.5790e-05  eta: 18:18:15  time: 0.7367  data_time: 0.0161  memory: 11326  loss: 0.4520  loss_final: 0.1378  loss_rgb: 0.1054  loss_geometry: 0.1053  loss_reliability: 0.0080  loss_preserve: 0.0000  loss_equivariance: 0.0000  correction_scale: 0.0837  loss_correction_smoothness: 0.0000  loss_coarse: 0.0412  loss_boundary: 0.0477  loss_sdf: 0.0066  grad_norm: 4.7019
2026/09/26 14:25:53 - mmengine - INFO - Iter(train) [  9200/100000]  base_lr: 5.5762e-04 lr: 5.5762e-05  eta: 18:17:39  time: 0.7361  data_time: 0.0156  memory: 11326  loss: 0.6520  loss_final: 0.2694  loss_rgb: 0.1135  loss_geometry: 0.1093  loss_reliability: 0.0192  loss_preserve: 0.0000  loss_equivariance: 0.0000  correction_scale: 0.0837  loss_correction_smoothness: 0.0000  loss_coarse: 0.0745  loss_boundary: 0.0522  loss_sdf: 0.0138  grad_norm: 2.6758
2026/09/26 14:26:29 - mmengine - INFO - Iter(train) [  9250/100000]  base_lr: 5.5735e-04 lr: 5.5735e-05  eta: 18:17:01  time: 0.7227  data_time: 0.0160  memory: 11326  loss: 0.6173  loss_final: 0.2371  loss_rgb: 0.1148  loss_geometry: 0.1205  loss_reliability: 0.0082  loss_preserve: 0.0000  loss_equivariance: 0.0000  correction_scale: 0.0836  loss_correction_smoothness: 0.0000  loss_coarse: 0.0712  loss_boundary: 0.0528  loss_sdf: 0.0127  grad_norm: 3.1085
2026/09/26 14:27:05 - mmengine - INFO - Iter(train) [  9300/100000]  base_lr: 5.5707e-04 lr: 5.5707e-05  eta: 18:16:24  time: 0.7181  data_time: 0.0155  memory: 11326  loss: 0.4117  loss_final: 0.1246  loss_rgb: 0.0786  loss_geometry: 0.1192  loss_reliability: 0.0084  loss_preserve: 0.0000  loss_equivariance: 0.0000  correction_scale: 0.0836  loss_correction_smoothness: 0.0000  loss_coarse: 0.0370  loss_boundary: 0.0372  loss_sdf: 0.0067  grad_norm: 2.3431
2026/09/26 14:27:41 - mmengine - INFO - Iter(train) [  9350/100000]  base_lr: 5.5679e-04 lr: 5.5679e-05  eta: 18:15:46  time: 0.7183  data_time: 0.0164  memory: 11326  loss: 0.4148  loss_final: 0.1136  loss_rgb: 0.0948  loss_geometry: 0.1119  loss_reliability: 0.0135  loss_preserve: 0.0000  loss_equivariance: 0.0000  correction_scale: 0.0836  loss_correction_smoothness: 0.0000  loss_coarse: 0.0338  loss_boundary: 0.0417  loss_sdf: 0.0056  grad_norm: 2.5250
2026/09/26 14:28:17 - mmengine - INFO - Iter(train) [  9400/100000]  base_lr: 5.5652e-04 lr: 5.5652e-05  eta: 18:15:08  time: 0.7269  data_time: 0.0167  memory: 11326  loss: 0.4465  loss_final: 0.1504  loss_rgb: 0.0831  loss_geometry: 0.1081  loss_reliability: 0.0159  loss_preserve: 0.0000  loss_equivariance: 0.0000  correction_scale: 0.0835  loss_correction_smoothness: 0.0000  loss_coarse: 0.0448  loss_boundary: 0.0367  loss_sdf: 0.0074  grad_norm: 3.2183
2026/09/26 14:28:54 - mmengine - INFO - Iter(train) [  9450/100000]  base_lr: 5.5624e-04 lr: 5.5624e-05  eta: 18:14:30  time: 0.7108  data_time: 0.0167  memory: 11326  loss: 0.4760  loss_final: 0.1581  loss_rgb: 0.0904  loss_geometry: 0.1298  loss_reliability: 0.0044  loss_preserve: 0.0000  loss_equivariance: 0.0000  correction_scale: 0.0834  loss_correction_smoothness: 0.0000  loss_coarse: 0.0466  loss_boundary: 0.0408  loss_sdf: 0.0058  grad_norm: 2.4394
2026/09/26 14:29:30 - mmengine - INFO - Iter(train) [  9500/100000]  base_lr: 5.5596e-04 lr: 5.5596e-05  eta: 18:13:52  time: 0.7249  data_time: 0.0161  memory: 11326  loss: 0.5960  loss_final: 0.2093  loss_rgb: 0.1059  loss_geometry: 0.1435  loss_reliability: 0.0125  loss_preserve: 0.0000  loss_equivariance: 0.0000  correction_scale: 0.0834  loss_correction_smoothness: 0.0000  loss_coarse: 0.0627  loss_boundary: 0.0476  loss_sdf: 0.0145  grad_norm: 2.4073
2026/09/26 14:30:06 - mmengine - INFO - Iter(train) [  9550/100000]  base_lr: 5.5569e-04 lr: 5.5569e-05  eta: 18:13:15  time: 0.7126  data_time: 0.0149  memory: 11326  loss: 0.3987  loss_final: 0.0993  loss_rgb: 0.0961  loss_geometry: 0.1143  loss_reliability: 0.0135  loss_preserve: 0.0000  loss_equivariance: 0.0000  correction_scale: 0.0835  loss_correction_smoothness: 0.0000  loss_coarse: 0.0294  loss_boundary: 0.0423  loss_sdf: 0.0038  grad_norm: 2.2713
2026/09/26 14:30:42 - mmengine - INFO - Iter(train) [  9600/100000]  base_lr: 5.5541e-04 lr: 5.5541e-05  eta: 18:12:36  time: 0.7359  data_time: 0.0170  memory: 11326  loss: 0.5264  loss_final: 0.1765  loss_rgb: 0.1039  loss_geometry: 0.1158  loss_reliability: 0.0198  loss_preserve: 0.0000  loss_equivariance: 0.0000  correction_scale: 0.0834  loss_correction_smoothness: 0.0000  loss_coarse: 0.0529  loss_boundary: 0.0477  loss_sdf: 0.0098  grad_norm: 2.0860
2026/09/26 14:31:18 - mmengine - INFO - Iter(train) [  9650/100000]  base_lr: 5.5513e-04 lr: 5.5513e-05  eta: 18:12:00  time: 0.7210  data_time: 0.0160  memory: 11326  loss: 0.4394  loss_final: 0.1274  loss_rgb: 0.0973  loss_geometry: 0.1117  loss_reliability: 0.0099  loss_preserve: 0.0000  loss_equivariance: 0.0000  correction_scale: 0.0832  loss_correction_smoothness: 0.0000  loss_coarse: 0.0372  loss_boundary: 0.0514  loss_sdf: 0.0045  grad_norm: 2.3719
2026/09/26 14:31:54 - mmengine - INFO - Iter(train) [  9700/100000]  base_lr: 5.5486e-04 lr: 5.5486e-05  eta: 18:11:22  time: 0.7201  data_time: 0.0154  memory: 11326  loss: 0.4627  loss_final: 0.1475  loss_rgb: 0.0967  loss_geometry: 0.1109  loss_reliability: 0.0139  loss_preserve: 0.0000  loss_equivariance: 0.0000  correction_scale: 0.0831  loss_correction_smoothness: 0.0000  loss_coarse: 0.0441  loss_boundary: 0.0424  loss_sdf: 0.0072  grad_norm: 2.1086
2026/09/26 14:32:30 - mmengine - INFO - Iter(train) [  9750/100000]  base_lr: 5.5458e-04 lr: 5.5458e-05  eta: 18:10:42  time: 0.7220  data_time: 0.0163  memory: 11326  loss: 0.4438  loss_final: 0.1275  loss_rgb: 0.0946  loss_geometry: 0.1146  loss_reliability: 0.0128  loss_preserve: 0.0000  loss_equivariance: 0.0000  correction_scale: 0.0830  loss_correction_smoothness: 0.0000  loss_coarse: 0.0382  loss_boundary: 0.0476  loss_sdf: 0.0086  grad_norm: 2.5701
2026/09/26 14:33:06 - mmengine - INFO - Iter(train) [  9800/100000]  base_lr: 5.5430e-04 lr: 5.5430e-05  eta: 18:10:07  time: 0.7324  data_time: 0.0161  memory: 11326  loss: 0.4336  loss_final: 0.1085  loss_rgb: 0.1036  loss_geometry: 0.1162  loss_reliability: 0.0152  loss_preserve: 0.0000  loss_equivariance: 0.0000  correction_scale: 0.0829  loss_correction_smoothness: 0.0000  loss_coarse: 0.0326  loss_boundary: 0.0520  loss_sdf: 0.0054  grad_norm: 4.4613
2026/09/26 14:33:43 - mmengine - INFO - Iter(train) [  9850/100000]  base_lr: 5.5403e-04 lr: 5.5403e-05  eta: 18:09:31  time: 0.7268  data_time: 0.0169  memory: 11326  loss: 0.5341  loss_final: 0.1945  loss_rgb: 0.0943  loss_geometry: 0.1245  loss_reliability: 0.0132  loss_preserve: 0.0000  loss_equivariance: 0.0000  correction_scale: 0.0829  loss_correction_smoothness: 0.0000  loss_coarse: 0.0582  loss_boundary: 0.0415  loss_sdf: 0.0079  grad_norm: 2.1672
2026/09/26 14:34:19 - mmengine - INFO - Iter(train) [  9900/100000]  base_lr: 5.5375e-04 lr: 5.5375e-05  eta: 18:08:54  time: 0.7179  data_time: 0.0158  memory: 11326  loss: 0.4323  loss_final: 0.1250  loss_rgb: 0.0944  loss_geometry: 0.1081  loss_reliability: 0.0199  loss_preserve: 0.0000  loss_equivariance: 0.0000  correction_scale: 0.0829  loss_correction_smoothness: 0.0000  loss_coarse: 0.0374  loss_boundary: 0.0418  loss_sdf: 0.0057  grad_norm: 1.6207
2026/09/26 14:34:55 - mmengine - INFO - Iter(train) [  9950/100000]  base_lr: 5.5347e-04 lr: 5.5347e-05  eta: 18:08:17  time: 0.7203  data_time: 0.0161  memory: 11326  loss: 0.5733  loss_final: 0.2092  loss_rgb: 0.1140  loss_geometry: 0.1214  loss_reliability: 0.0047  loss_preserve: 0.0000  loss_equivariance: 0.0000  correction_scale: 0.0828  loss_correction_smoothness: 0.0000  loss_coarse: 0.0627  loss_boundary: 0.0488  loss_sdf: 0.0125  grad_norm: 1.8580
2026/09/26 14:35:31 - mmengine - INFO - Exp name: joint_20260926_115805
2026/09/26 14:35:31 - mmengine - INFO - Iter(train) [ 10000/100000]  base_lr: 5.5320e-04 lr: 5.5320e-05  eta: 18:07:41  time: 0.7296  data_time: 0.0166  memory: 11326  loss: 0.6488  loss_final: 0.2547  loss_rgb: 0.1246  loss_geometry: 0.1241  loss_reliability: 0.0076  loss_preserve: 0.0000  loss_equivariance: 0.0000  correction_scale: 0.0828  loss_correction_smoothness: 0.0000  loss_coarse: 0.0764  loss_boundary: 0.0514  loss_sdf: 0.0100  grad_norm: 3.2096
2026/09/26 14:35:31 - mmengine - INFO - Saving checkpoint at 10000 iterations
2026/09/26 14:36:37 - mmengine - INFO - Iter(val) [ 50/304]    eta: 0:05:23  time: 1.2659  data_time: 0.0209  memory: 1184  
2026/09/26 14:38:09 - mmengine - INFO - Iter(val) [100/304]    eta: 0:05:17  time: 1.7698  data_time: 0.0215  memory: 1184  
2026/09/26 14:39:36 - mmengine - INFO - Iter(val) [150/304]    eta: 0:04:09  time: 1.7439  data_time: 0.0217  memory: 1184  
2026/09/26 14:41:02 - mmengine - INFO - Iter(val) [200/304]    eta: 0:02:51  time: 1.7287  data_time: 0.0208  memory: 1184  
2026/09/26 14:42:27 - mmengine - INFO - Iter(val) [250/304]    eta: 0:01:29  time: 1.7020  data_time: 0.0206  memory: 1184  
2026/09/26 14:43:51 - mmengine - INFO - Iter(val) [300/304]    eta: 0:00:06  time: 1.6699  data_time: 0.0223  memory: 1184  
2026/09/26 14:43:57 - mmengine - INFO - per class results:
2026/09/26 14:43:57 - mmengine - INFO - 
+------------------+-------+-------+-------+--------+-----------+--------+
|      Class       |  IoU  |  Acc  |  Dice | Fscore | Precision | Recall |
+------------------+-------+-------+-------+--------+-----------+--------+
|    background    | 94.42 | 95.08 | 97.13 | 97.13  |   99.26   | 95.08  |
| wastewater_plant | 59.03 |  92.0 | 74.24 | 74.24  |   62.23   |  92.0  |
+------------------+-------+-------+-------+--------+-----------+--------+
2026/09/26 14:43:57 - mmengine - INFO - Iter(val) [304/304]    aAcc: 94.8300  mIoU: 76.7200  mAcc: 93.5400  mDice: 85.6800  mFscore: 85.6800  mPrecision: 80.7500  mRecall: 93.5400  binary/Foreground_IoU: 59.0313  binary/Dice: 74.2386  binary/F1: 74.2386  binary/Precision: 62.2265  binary/Recall: 91.9977  binary/Boundary_F1: 7.7736  binary/BFScore: 7.7736  binary/Boundary_Precision: 5.4104  binary/Boundary_Recall: 13.8021  binary/Hausdorff_px: 636.4034  binary/HD95_px: 516.6507  binary/Hausdorff_m: 318.2017  binary/HD95_m: 258.3253  data_time: 0.0230  time: 1.6593
2026/09/26 14:44:33 - mmengine - INFO - Iter(train) [ 10050/100000]  base_lr: 5.5292e-04 lr: 5.5292e-05  eta: 18:07:03  time: 0.7113  data_time: 0.0167  memory: 11326  loss: 0.3644  loss_final: 0.0954  loss_rgb: 0.0704  loss_geometry: 0.1143  loss_reliability: 0.0147  loss_preserve: 0.0000  loss_equivariance: 0.0000  correction_scale: 0.0826  loss_correction_smoothness: 0.0000  loss_coarse: 0.0284  loss_boundary: 0.0365  loss_sdf: 0.0047  grad_norm: 2.7137
2026/09/26 14:45:09 - mmengine - INFO - Iter(train) [ 10100/100000]  base_lr: 5.5265e-04 lr: 5.5265e-05  eta: 18:06:25  time: 0.7125  data_time: 0.0178  memory: 11326  loss: 0.4049  loss_final: 0.1282  loss_rgb: 0.0790  loss_geometry: 0.1045  loss_reliability: 0.0152  loss_preserve: 0.0000  loss_equivariance: 0.0000  correction_scale: 0.0826  loss_correction_smoothness: 0.0000  loss_coarse: 0.0382  loss_boundary: 0.0361  loss_sdf: 0.0037  grad_norm: 2.2848
2026/09/26 14:45:46 - mmengine - INFO - Iter(train) [ 10150/100000]  base_lr: 5.5237e-04 lr: 5.5237e-05  eta: 18:05:48  time: 0.7254  data_time: 0.0174  memory: 11326  loss: 0.5455  loss_final: 0.1824  loss_rgb: 0.0998  loss_geometry: 0.1331  loss_reliability: 0.0196  loss_preserve: 0.0000  loss_equivariance: 0.0000  correction_scale: 0.0826  loss_correction_smoothness: 0.0000  loss_coarse: 0.0547  loss_boundary: 0.0474  loss_sdf: 0.0085  grad_norm: 2.2754
2026/09/26 14:46:22 - mmengine - INFO - Iter(train) [ 10200/100000]  base_lr: 5.5209e-04 lr: 5.5209e-05  eta: 18:05:14  time: 0.7472  data_time: 0.0186  memory: 11326  loss: 0.4041  loss_final: 0.1036  loss_rgb: 0.0976  loss_geometry: 0.1064  loss_reliability: 0.0183  loss_preserve: 0.0000  loss_equivariance: 0.0000  correction_scale: 0.0826  loss_correction_smoothness: 0.0000  loss_coarse: 0.0310  loss_boundary: 0.0419  loss_sdf: 0.0053  grad_norm: 1.9418
2026/09/26 14:46:59 - mmengine - INFO - Iter(train) [ 10250/100000]  base_lr: 5.5182e-04 lr: 5.5182e-05  eta: 18:04:41  time: 0.7196  data_time: 0.0154  memory: 11326  loss: 0.4619  loss_final: 0.1306  loss_rgb: 0.1092  loss_geometry: 0.1139  loss_reliability: 0.0150  loss_preserve: 0.0000  loss_equivariance: 0.0000  correction_scale: 0.0826  loss_correction_smoothness: 0.0000  loss_coarse: 0.0391  loss_boundary: 0.0470  loss_sdf: 0.0071  grad_norm: 2.3945
2026/09/26 14:47:35 - mmengine - INFO - Iter(train) [ 10300/100000]  base_lr: 5.5154e-04 lr: 5.5154e-05  eta: 18:04:03  time: 0.7121  data_time: 0.0154  memory: 11326  loss: 0.3895  loss_final: 0.1087  loss_rgb: 0.0869  loss_geometry: 0.1102  loss_reliability: 0.0048  loss_preserve: 0.0000  loss_equivariance: 0.0000  correction_scale: 0.0826  loss_correction_smoothness: 0.0000  loss_coarse: 0.0325  loss_boundary: 0.0416  loss_sdf: 0.0047  grad_norm: 2.7469
2026/09/26 14:48:11 - mmengine - INFO - Iter(train) [ 10350/100000]  base_lr: 5.5126e-04 lr: 5.5126e-05  eta: 18:03:27  time: 0.7165  data_time: 0.0157  memory: 11326  loss: 0.4779  loss_final: 0.1454  loss_rgb: 0.0913  loss_geometry: 0.1159  loss_reliability: 0.0359  loss_preserve: 0.0000  loss_equivariance: 0.0000  correction_scale: 0.0826  loss_correction_smoothness: 0.0000  loss_coarse: 0.0434  loss_boundary: 0.0417  loss_sdf: 0.0043  grad_norm: 2.3648
2026/09/26 14:48:47 - mmengine - INFO - Iter(train) [ 10400/100000]  base_lr: 5.5099e-04 lr: 5.5099e-05  eta: 18:02:52  time: 0.7410  data_time: 0.0162  memory: 11326  loss: 0.5246  loss_final: 0.1509  loss_rgb: 0.1205  loss_geometry: 0.1106  loss_reliability: 0.0362  loss_preserve: 0.0000  loss_equivariance: 0.0000  correction_scale: 0.0825  loss_correction_smoothness: 0.0000  loss_coarse: 0.0454  loss_boundary: 0.0527  loss_sdf: 0.0084  grad_norm: 2.2589
2026/09/26 14:49:24 - mmengine - INFO - Iter(train) [ 10450/100000]  base_lr: 5.5071e-04 lr: 5.5071e-05  eta: 18:02:15  time: 0.7249  data_time: 0.0165  memory: 11326  loss: 0.4931  loss_final: 0.1501  loss_rgb: 0.1067  loss_geometry: 0.1143  loss_reliability: 0.0219  loss_preserve: 0.0000  loss_equivariance: 0.0000  correction_scale: 0.0825  loss_correction_smoothness: 0.0000  loss_coarse: 0.0450  loss_boundary: 0.0473  loss_sdf: 0.0077  grad_norm: 2.4392
2026/09/26 14:50:00 - mmengine - INFO - Iter(train) [ 10500/100000]  base_lr: 5.5043e-04 lr: 5.5043e-05  eta: 18:01:38  time: 0.7242  data_time: 0.0164  memory: 11326  loss: 0.4242  loss_final: 0.1058  loss_rgb: 0.1085  loss_geometry: 0.1143  loss_reliability: 0.0108  loss_preserve: 0.0000  loss_equivariance: 0.0000  correction_scale: 0.0823  loss_correction_smoothness: 0.0000  loss_coarse: 0.0317  loss_boundary: 0.0478  loss_sdf: 0.0052  grad_norm: 2.0917
2026/09/26 14:50:36 - mmengine - INFO - Iter(train) [ 10550/100000]  base_lr: 5.5015e-04 lr: 5.5015e-05  eta: 18:01:00  time: 0.7207  data_time: 0.0161  memory: 11326  loss: 0.4422  loss_final: 0.1206  loss_rgb: 0.1041  loss_geometry: 0.1148  loss_reliability: 0.0190  loss_preserve: 0.0000  loss_equivariance: 0.0000  correction_scale: 0.0823  loss_correction_smoothness: 0.0000  loss_coarse: 0.0361  loss_boundary: 0.0420  loss_sdf: 0.0056  grad_norm: 2.2335
2026/09/26 14:51:12 - mmengine - INFO - Iter(train) [ 10600/100000]  base_lr: 5.4988e-04 lr: 5.4988e-05  eta: 18:00:25  time: 0.7330  data_time: 0.0178  memory: 11326  loss: 0.4269  loss_final: 0.1342  loss_rgb: 0.0859  loss_geometry: 0.1118  loss_reliability: 0.0053  loss_preserve: 0.0000  loss_equivariance: 0.0000  correction_scale: 0.0823  loss_correction_smoothness: 0.0000  loss_coarse: 0.0402  loss_boundary: 0.0424  loss_sdf: 0.0071  grad_norm: 2.0901
2026/09/26 14:51:48 - mmengine - INFO - Iter(train) [ 10650/100000]  base_lr: 5.4960e-04 lr: 5.4960e-05  eta: 17:59:48  time: 0.7175  data_time: 0.0165  memory: 11326  loss: 0.4488  loss_final: 0.1482  loss_rgb: 0.0823  loss_geometry: 0.1165  loss_reliability: 0.0148  loss_preserve: 0.0000  loss_equivariance: 0.0000  correction_scale: 0.0822  loss_correction_smoothness: 0.0000  loss_coarse: 0.0443  loss_boundary: 0.0370  loss_sdf: 0.0056  grad_norm: 1.6568
2026/09/26 14:52:24 - mmengine - INFO - Iter(train) [ 10700/100000]  base_lr: 5.4932e-04 lr: 5.4932e-05  eta: 17:59:10  time: 0.7218  data_time: 0.0166  memory: 11326  loss: 0.4487  loss_final: 0.1236  loss_rgb: 0.1047  loss_geometry: 0.1168  loss_reliability: 0.0133  loss_preserve: 0.0000  loss_equivariance: 0.0000  correction_scale: 0.0822  loss_correction_smoothness: 0.0000  loss_coarse: 0.0371  loss_boundary: 0.0479  loss_sdf: 0.0053  grad_norm: 1.7281
2026/09/26 14:53:01 - mmengine - INFO - Iter(train) [ 10750/100000]  base_lr: 5.4905e-04 lr: 5.4905e-05  eta: 17:58:33  time: 0.7324  data_time: 0.0171  memory: 11326  loss: 0.4091  loss_final: 0.0916  loss_rgb: 0.1077  loss_geometry: 0.1119  loss_reliability: 0.0176  loss_preserve: 0.0000  loss_equivariance: 0.0000  correction_scale: 0.0822  loss_correction_smoothness: 0.0000  loss_coarse: 0.0275  loss_boundary: 0.0477  loss_sdf: 0.0050  grad_norm: 1.9512
2026/09/26 14:53:37 - mmengine - INFO - Iter(train) [ 10800/100000]  base_lr: 5.4877e-04 lr: 5.4877e-05  eta: 17:57:57  time: 0.7225  data_time: 0.0156  memory: 11326  loss: 0.5221  loss_final: 0.1886  loss_rgb: 0.0873  loss_geometry: 0.1202  loss_reliability: 0.0258  loss_preserve: 0.0000  loss_equivariance: 0.0000  correction_scale: 0.0822  loss_correction_smoothness: 0.0000  loss_coarse: 0.0564  loss_boundary: 0.0367  loss_sdf: 0.0070  grad_norm: 1.9270
2026/09/26 14:54:13 - mmengine - INFO - Iter(train) [ 10850/100000]  base_lr: 5.4849e-04 lr: 5.4849e-05  eta: 17:57:21  time: 0.7314  data_time: 0.0167  memory: 11326  loss: 0.4647  loss_final: 0.1484  loss_rgb: 0.1010  loss_geometry: 0.1070  loss_reliability: 0.0047  loss_preserve: 0.0000  loss_equivariance: 0.0000  correction_scale: 0.0822  loss_correction_smoothness: 0.0000  loss_coarse: 0.0446  loss_boundary: 0.0523  loss_sdf: 0.0067  grad_norm: 2.0704
2026/09/26 14:54:49 - mmengine - INFO - Iter(train) [ 10900/100000]  base_lr: 5.4822e-04 lr: 5.4822e-05  eta: 17:56:44  time: 0.7230  data_time: 0.0173  memory: 11326  loss: 0.7184  loss_final: 0.3041  loss_rgb: 0.1088  loss_geometry: 0.1338  loss_reliability: 0.0205  loss_preserve: 0.0000  loss_equivariance: 0.0000  correction_scale: 0.0823  loss_correction_smoothness: 0.0000  loss_coarse: 0.0912  loss_boundary: 0.0468  loss_sdf: 0.0132  grad_norm: 2.1522
2026/09/26 14:55:26 - mmengine - INFO - Iter(train) [ 10950/100000]  base_lr: 5.4794e-04 lr: 5.4794e-05  eta: 17:56:07  time: 0.7227  data_time: 0.0166  memory: 11326  loss: 0.5034  loss_final: 0.1520  loss_rgb: 0.1070  loss_geometry: 0.1168  loss_reliability: 0.0213  loss_preserve: 0.0000  loss_equivariance: 0.0000  correction_scale: 0.0825  loss_correction_smoothness: 0.0000  loss_coarse: 0.0457  loss_boundary: 0.0520  loss_sdf: 0.0087  grad_norm: 1.9158
2026/09/26 14:56:02 - mmengine - INFO - Exp name: joint_20260926_115805
2026/09/26 14:56:02 - mmengine - INFO - Iter(train) [ 11000/100000]  base_lr: 5.4766e-04 lr: 5.4766e-05  eta: 17:55:31  time: 0.7315  data_time: 0.0165  memory: 11326  loss: 0.4421  loss_final: 0.1275  loss_rgb: 0.0881  loss_geometry: 0.1236  loss_reliability: 0.0226  loss_preserve: 0.0000  loss_equivariance: 0.0000  correction_scale: 0.0825  loss_correction_smoothness: 0.0000  loss_coarse: 0.0381  loss_boundary: 0.0371  loss_sdf: 0.0052  grad_norm: 1.9555
2026/09/26 14:56:38 - mmengine - INFO - Iter(train) [ 11050/100000]  base_lr: 5.4739e-04 lr: 5.4739e-05  eta: 17:54:57  time: 0.7305  data_time: 0.0171  memory: 11326  loss: 0.5986  loss_final: 0.2219  loss_rgb: 0.1141  loss_geometry: 0.1246  loss_reliability: 0.0048  loss_preserve: 0.0000  loss_equivariance: 0.0000  correction_scale: 0.0826  loss_correction_smoothness: 0.0000  loss_coarse: 0.0666  loss_boundary: 0.0528  loss_sdf: 0.0139  grad_norm: 2.6040
2026/09/26 14:57:14 - mmengine - INFO - Iter(train) [ 11100/100000]  base_lr: 5.4711e-04 lr: 5.4711e-05  eta: 17:54:19  time: 0.7137  data_time: 0.0156  memory: 11326  loss: 0.4507  loss_final: 0.1382  loss_rgb: 0.0909  loss_geometry: 0.1241  loss_reliability: 0.0129  loss_preserve: 0.0000  loss_equivariance: 0.0000  correction_scale: 0.0828  loss_correction_smoothness: 0.0000  loss_coarse: 0.0413  loss_boundary: 0.0367  loss_sdf: 0.0065  grad_norm: 2.7242
2026/09/26 14:57:50 - mmengine - INFO - Iter(train) [ 11150/100000]  base_lr: 5.4683e-04 lr: 5.4683e-05  eta: 17:53:41  time: 0.7199  data_time: 0.0169  memory: 11326  loss: 0.5712  loss_final: 0.2172  loss_rgb: 0.1053  loss_geometry: 0.1152  loss_reliability: 0.0201  loss_preserve: 0.0001  loss_equivariance: 0.0000  correction_scale: 0.0833  loss_correction_smoothness: 0.0000  loss_coarse: 0.0651  loss_boundary: 0.0417  loss_sdf: 0.0065  grad_norm: 2.0887
2026/09/26 14:58:27 - mmengine - INFO - Iter(train) [ 11200/100000]  base_lr: 5.4656e-04 lr: 5.4656e-05  eta: 17:53:04  time: 0.7315  data_time: 0.0178  memory: 11326  loss: 0.6170  loss_final: 0.2390  loss_rgb: 0.1148  loss_geometry: 0.1167  loss_reliability: 0.0175  loss_preserve: 0.0001  loss_equivariance: 0.0000  correction_scale: 0.0839  loss_correction_smoothness: 0.0000  loss_coarse: 0.0717  loss_boundary: 0.0470  loss_sdf: 0.0101  grad_norm: 1.7270
2026/09/26 14:59:03 - mmengine - INFO - Iter(train) [ 11250/100000]  base_lr: 5.4628e-04 lr: 5.4628e-05  eta: 17:52:29  time: 0.7313  data_time: 0.0157  memory: 11326  loss: 0.4271  loss_final: 0.1329  loss_rgb: 0.0861  loss_geometry: 0.1161  loss_reliability: 0.0046  loss_preserve: 0.0001  loss_equivariance: 0.0000  correction_scale: 0.0840  loss_correction_smoothness: 0.0000  loss_coarse: 0.0398  loss_boundary: 0.0420  loss_sdf: 0.0056  grad_norm: 2.1004
2026/09/26 14:59:39 - mmengine - INFO - Iter(train) [ 11300/100000]  base_lr: 5.4600e-04 lr: 5.4600e-05  eta: 17:51:51  time: 0.7253  data_time: 0.0152  memory: 11326  loss: 0.4737  loss_final: 0.1307  loss_rgb: 0.1134  loss_geometry: 0.1165  loss_reliability: 0.0150  loss_preserve: 0.0001  loss_equivariance: 0.0000  correction_scale: 0.0843  loss_correction_smoothness: 0.0000  loss_coarse: 0.0393  loss_boundary: 0.0523  loss_sdf: 0.0065  grad_norm: 1.7451
2026/09/26 15:00:15 - mmengine - INFO - Iter(train) [ 11350/100000]  base_lr: 5.4572e-04 lr: 5.4572e-05  eta: 17:51:11  time: 0.7148  data_time: 0.0158  memory: 11326  loss: 0.4920  loss_final: 0.1639  loss_rgb: 0.1004  loss_geometry: 0.1113  loss_reliability: 0.0182  loss_preserve: 0.0001  loss_equivariance: 0.0000  correction_scale: 0.0844  loss_correction_smoothness: 0.0000  loss_coarse: 0.0491  loss_boundary: 0.0418  loss_sdf: 0.0071  grad_norm: 1.8088
2026/09/26 15:00:51 - mmengine - INFO - Iter(train) [ 11400/100000]  base_lr: 5.4545e-04 lr: 5.4545e-05  eta: 17:50:34  time: 0.7259  data_time: 0.0160  memory: 11326  loss: 0.5976  loss_final: 0.2204  loss_rgb: 0.1056  loss_geometry: 0.1198  loss_reliability: 0.0255  loss_preserve: 0.0001  loss_equivariance: 0.0000  correction_scale: 0.0845  loss_correction_smoothness: 0.0000  loss_coarse: 0.0661  loss_boundary: 0.0468  loss_sdf: 0.0132  grad_norm: 2.3308
2026/09/26 15:01:27 - mmengine - INFO - Iter(train) [ 11450/100000]  base_lr: 5.4517e-04 lr: 5.4517e-05  eta: 17:49:54  time: 0.7248  data_time: 0.0161  memory: 11326  loss: 0.5336  loss_final: 0.1838  loss_rgb: 0.1077  loss_geometry: 0.1060  loss_reliability: 0.0166  loss_preserve: 0.0001  loss_equivariance: 0.0000  correction_scale: 0.0845  loss_correction_smoothness: 0.0000  loss_coarse: 0.0552  loss_boundary: 0.0526  loss_sdf: 0.0115  grad_norm: 2.1141
2026/09/26 15:02:03 - mmengine - INFO - Iter(train) [ 11500/100000]  base_lr: 5.4489e-04 lr: 5.4489e-05  eta: 17:49:19  time: 0.7228  data_time: 0.0161  memory: 11326  loss: 0.4165  loss_final: 0.1273  loss_rgb: 0.0927  loss_geometry: 0.0949  loss_reliability: 0.0089  loss_preserve: 0.0001  loss_equivariance: 0.0000  correction_scale: 0.0846  loss_correction_smoothness: 0.0000  loss_coarse: 0.0382  loss_boundary: 0.0471  loss_sdf: 0.0072  grad_norm: 1.8696
2026/09/26 15:02:39 - mmengine - INFO - Iter(train) [ 11550/100000]  base_lr: 5.4462e-04 lr: 5.4462e-05  eta: 17:48:41  time: 0.7187  data_time: 0.0162  memory: 11326  loss: 0.5237  loss_final: 0.1853  loss_rgb: 0.1094  loss_geometry: 0.1084  loss_reliability: 0.0077  loss_preserve: 0.0002  loss_equivariance: 0.0000  correction_scale: 0.0849  loss_correction_smoothness: 0.0000  loss_coarse: 0.0556  loss_boundary: 0.0474  loss_sdf: 0.0097  grad_norm: 1.8503
2026/09/26 15:03:15 - mmengine - INFO - Iter(train) [ 11600/100000]  base_lr: 5.4434e-04 lr: 5.4434e-05  eta: 17:48:02  time: 0.7106  data_time: 0.0153  memory: 11326  loss: 0.2742  loss_final: 0.0568  loss_rgb: 0.0402  loss_geometry: 0.1260  loss_reliability: 0.0134  loss_preserve: 0.0003  loss_equivariance: 0.0000  correction_scale: 0.0851  loss_correction_smoothness: 0.0000  loss_coarse: 0.0143  loss_boundary: 0.0208  loss_sdf: 0.0023  grad_norm: 4.0605
2026/09/26 15:03:52 - mmengine - INFO - Iter(train) [ 11650/100000]  base_lr: 5.4406e-04 lr: 5.4406e-05  eta: 17:47:27  time: 0.7272  data_time: 0.0161  memory: 11326  loss: 0.5491  loss_final: 0.1832  loss_rgb: 0.1268  loss_geometry: 0.1095  loss_reliability: 0.0112  loss_preserve: 0.0003  loss_equivariance: 0.0000  correction_scale: 0.0851  loss_correction_smoothness: 0.0000  loss_coarse: 0.0550  loss_boundary: 0.0530  loss_sdf: 0.0100  grad_norm: 4.3362
2026/09/26 15:04:27 - mmengine - INFO - Iter(train) [ 11700/100000]  base_lr: 5.4379e-04 lr: 5.4379e-05  eta: 17:46:48  time: 0.7190  data_time: 0.0165  memory: 11326  loss: 0.4354  loss_final: 0.1030  loss_rgb: 0.0941  loss_geometry: 0.1349  loss_reliability: 0.0265  loss_preserve: 0.0003  loss_equivariance: 0.0000  correction_scale: 0.0852  loss_correction_smoothness: 0.0000  loss_coarse: 0.0309  loss_boundary: 0.0421  loss_sdf: 0.0036  grad_norm: 2.2114
2026/09/26 15:05:03 - mmengine - INFO - Iter(train) [ 11750/100000]  base_lr: 5.4351e-04 lr: 5.4351e-05  eta: 17:46:09  time: 0.7141  data_time: 0.0162  memory: 11326  loss: 0.4657  loss_final: 0.1777  loss_rgb: 0.0789  loss_geometry: 0.0969  loss_reliability: 0.0145  loss_preserve: 0.0001  loss_equivariance: 0.0000  correction_scale: 0.0852  loss_correction_smoothness: 0.0000  loss_coarse: 0.0532  loss_boundary: 0.0361  loss_sdf: 0.0081  grad_norm: 1.8664
2026/09/26 15:05:40 - mmengine - INFO - Iter(train) [ 11800/100000]  base_lr: 5.4323e-04 lr: 5.4323e-05  eta: 17:45:35  time: 0.7378  data_time: 0.0169  memory: 11326  loss: 0.5014  loss_final: 0.1621  loss_rgb: 0.1057  loss_geometry: 0.1102  loss_reliability: 0.0164  loss_preserve: 0.0002  loss_equivariance: 0.0000  correction_scale: 0.0852  loss_correction_smoothness: 0.0000  loss_coarse: 0.0486  loss_boundary: 0.0477  loss_sdf: 0.0104  grad_norm: 2.0642
2026/09/26 15:06:16 - mmengine - INFO - Iter(train) [ 11850/100000]  base_lr: 5.4295e-04 lr: 5.4295e-05  eta: 17:44:58  time: 0.7266  data_time: 0.0164  memory: 11326  loss: 0.3932  loss_final: 0.0827  loss_rgb: 0.0989  loss_geometry: 0.1072  loss_reliability: 0.0233  loss_preserve: 0.0001  loss_equivariance: 0.0000  correction_scale: 0.0854  loss_correction_smoothness: 0.0000  loss_coarse: 0.0249  loss_boundary: 0.0520  loss_sdf: 0.0042  grad_norm: 1.8760
2026/09/26 15:06:52 - mmengine - INFO - Iter(train) [ 11900/100000]  base_lr: 5.4268e-04 lr: 5.4268e-05  eta: 17:44:22  time: 0.7298  data_time: 0.0159  memory: 11326  loss: 0.5322  loss_final: 0.1829  loss_rgb: 0.1130  loss_geometry: 0.1037  loss_reliability: 0.0143  loss_preserve: 0.0002  loss_equivariance: 0.0000  correction_scale: 0.0854  loss_correction_smoothness: 0.0000  loss_coarse: 0.0549  loss_boundary: 0.0527  loss_sdf: 0.0105  grad_norm: 1.6670
2026/09/26 15:07:28 - mmengine - INFO - Iter(train) [ 11950/100000]  base_lr: 5.4240e-04 lr: 5.4240e-05  eta: 17:43:45  time: 0.7203  data_time: 0.0154  memory: 11326  loss: 0.4657  loss_final: 0.1477  loss_rgb: 0.1030  loss_geometry: 0.1030  loss_reliability: 0.0133  loss_preserve: 0.0003  loss_equivariance: 0.0000  correction_scale: 0.0855  loss_correction_smoothness: 0.0001  loss_coarse: 0.0444  loss_boundary: 0.0470  loss_sdf: 0.0069  grad_norm: 1.8135
2026/09/26 15:08:05 - mmengine - INFO - Exp name: joint_20260926_115805
2026/09/26 15:08:05 - mmengine - INFO - Iter(train) [ 12000/100000]  base_lr: 5.4212e-04 lr: 5.4212e-05  eta: 17:43:09  time: 0.7289  data_time: 0.0160  memory: 11326  loss: 0.4352  loss_final: 0.1424  loss_rgb: 0.1015  loss_geometry: 0.0898  loss_reliability: 0.0047  loss_preserve: 0.0002  loss_equivariance: 0.0000  correction_scale: 0.0854  loss_correction_smoothness: 0.0000  loss_coarse: 0.0427  loss_boundary: 0.0469  loss_sdf: 0.0069  grad_norm: 1.7535
2026/09/26 15:08:05 - mmengine - INFO - Saving checkpoint at 12000 iterations
2026/09/26 15:09:10 - mmengine - INFO - Iter(val) [ 50/304]    eta: 0:05:23  time: 1.2644  data_time: 0.0203  memory: 1184  
2026/09/26 15:10:41 - mmengine - INFO - Iter(val) [100/304]    eta: 0:05:16  time: 1.7582  data_time: 0.0200  memory: 1184  
2026/09/26 15:12:08 - mmengine - INFO - Iter(val) [150/304]    eta: 0:04:08  time: 1.7349  data_time: 0.0211  memory: 1184  
2026/09/26 15:13:33 - mmengine - INFO - Iter(val) [200/304]    eta: 0:02:49  time: 1.6552  data_time: 0.0209  memory: 1184  
2026/09/26 15:14:57 - mmengine - INFO - Iter(val) [250/304]    eta: 0:01:28  time: 1.6869  data_time: 0.0209  memory: 1184  
2026/09/26 15:16:20 - mmengine - INFO - Iter(val) [300/304]    eta: 0:00:06  time: 1.6552  data_time: 0.0221  memory: 1184  
2026/09/26 15:16:27 - mmengine - INFO - per class results:
2026/09/26 15:16:27 - mmengine - INFO - 
+------------------+-------+-------+-------+--------+-----------+--------+
|      Class       |  IoU  |  Acc  |  Dice | Fscore | Precision | Recall |
+------------------+-------+-------+-------+--------+-----------+--------+
|    background    | 95.27 | 95.99 | 97.58 | 97.58  |   99.23   | 95.99  |
| wastewater_plant | 62.86 | 91.49 |  77.2 |  77.2  |   66.76   | 91.49  |
+------------------+-------+-------+-------+--------+-----------+--------+
2026/09/26 15:16:27 - mmengine - INFO - Iter(val) [304/304]    aAcc: 95.6200  mIoU: 79.0700  mAcc: 93.7400  mDice: 87.3900  mFscore: 87.3900  mPrecision: 82.9900  mRecall: 93.7400  binary/Foreground_IoU: 62.8614  binary/Dice: 77.1962  binary/F1: 77.1962  binary/Precision: 66.7629  binary/Recall: 91.4943  binary/Boundary_F1: 8.8095  binary/BFScore: 8.8095  binary/Boundary_Precision: 6.2608  binary/Boundary_Recall: 14.8580  binary/Hausdorff_px: 615.2919  binary/HD95_px: 480.0928  binary/Hausdorff_m: 307.6460  binary/HD95_m: 240.0464  data_time: 0.0228  time: 1.6467
2026/09/26 15:17:03 - mmengine - INFO - Iter(train) [ 12050/100000]  base_lr: 5.4184e-04 lr: 5.4184e-05  eta: 17:42:36  time: 0.7439  data_time: 0.0186  memory: 11326  loss: 0.3334  loss_final: 0.0816  loss_rgb: 0.0722  loss_geometry: 0.1046  loss_reliability: 0.0046  loss_preserve: 0.0002  loss_equivariance: 0.0000  correction_scale: 0.0856  loss_correction_smoothness: 0.0000  loss_coarse: 0.0244  loss_boundary: 0.0409  loss_sdf: 0.0049  grad_norm: 1.8331
2026/09/26 15:17:40 - mmengine - INFO - Iter(train) [ 12100/100000]  base_lr: 5.4157e-04 lr: 5.4157e-05  eta: 17:41:59  time: 0.7196  data_time: 0.0156  memory: 11326  loss: 0.4217  loss_final: 0.1206  loss_rgb: 0.0962  loss_geometry: 0.1040  loss_reliability: 0.0124  loss_preserve: 0.0002  loss_equivariance: 0.0000  correction_scale: 0.0857  loss_correction_smoothness: 0.0000  loss_coarse: 0.0362  loss_boundary: 0.0471  loss_sdf: 0.0050  grad_norm: 1.7870
2026/09/26 15:18:16 - mmengine - INFO - Iter(train) [ 12150/100000]  base_lr: 5.4129e-04 lr: 5.4129e-05  eta: 17:41:23  time: 0.7300  data_time: 0.0165  memory: 11326  loss: 0.4280  loss_final: 0.1217  loss_rgb: 0.0990  loss_geometry: 0.1003  loss_reliability: 0.0149  loss_preserve: 0.0002  loss_equivariance: 0.0000  correction_scale: 0.0858  loss_correction_smoothness: 0.0000  loss_coarse: 0.0365  loss_boundary: 0.0475  loss_sdf: 0.0079  grad_norm: 2.2519
2026/09/26 15:18:52 - mmengine - INFO - Iter(train) [ 12200/100000]  base_lr: 5.4101e-04 lr: 5.4101e-05  eta: 17:40:48  time: 0.7280  data_time: 0.0157  memory: 11326  loss: 0.4109  loss_final: 0.1324  loss_rgb: 0.0897  loss_geometry: 0.0916  loss_reliability: 0.0102  loss_preserve: 0.0004  loss_equivariance: 0.0000  correction_scale: 0.0859  loss_correction_smoothness: 0.0001  loss_coarse: 0.0397  loss_boundary: 0.0417  loss_sdf: 0.0051  grad_norm: 2.6712
2026/09/26 15:19:28 - mmengine - INFO - Iter(train) [ 12250/100000]  base_lr: 5.4074e-04 lr: 5.4074e-05  eta: 17:40:09  time: 0.7107  data_time: 0.0149  memory: 11326  loss: 0.3131  loss_final: 0.0686  loss_rgb: 0.0830  loss_geometry: 0.0973  loss_reliability: 0.0045  loss_preserve: 0.0003  loss_equivariance: 0.0000  correction_scale: 0.0859  loss_correction_smoothness: 0.0000  loss_coarse: 0.0205  loss_boundary: 0.0363  loss_sdf: 0.0025  grad_norm: 2.5176
2026/09/26 15:20:04 - mmengine - INFO - Iter(train) [ 12300/100000]  base_lr: 5.4046e-04 lr: 5.4046e-05  eta: 17:39:32  time: 0.7213  data_time: 0.0166  memory: 11326  loss: 0.4024  loss_final: 0.1017  loss_rgb: 0.1060  loss_geometry: 0.0941  loss_reliability: 0.0179  loss_preserve: 0.0003  loss_equivariance: 0.0000  correction_scale: 0.0859  loss_correction_smoothness: 0.0001  loss_coarse: 0.0305  loss_boundary: 0.0473  loss_sdf: 0.0046  grad_norm: 2.9382
2026/09/26 15:20:41 - mmengine - INFO - Iter(train) [ 12350/100000]  base_lr: 5.4018e-04 lr: 5.4018e-05  eta: 17:38:56  time: 0.7259  data_time: 0.0156  memory: 11326  loss: 0.4547  loss_final: 0.1321  loss_rgb: 0.1084  loss_geometry: 0.1050  loss_reliability: 0.0075  loss_preserve: 0.0003  loss_equivariance: 0.0000  correction_scale: 0.0860  loss_correction_smoothness: 0.0001  loss_coarse: 0.0397  loss_boundary: 0.0525  loss_sdf: 0.0091  grad_norm: 2.3554
2026/09/26 15:21:17 - mmengine - INFO - Iter(train) [ 12400/100000]  base_lr: 5.3990e-04 lr: 5.3990e-05  eta: 17:38:21  time: 0.7356  data_time: 0.0155  memory: 11326  loss: 0.3950  loss_final: 0.1018  loss_rgb: 0.0954  loss_geometry: 0.0968  loss_reliability: 0.0224  loss_preserve: 0.0003  loss_equivariance: 0.0000  correction_scale: 0.0860  loss_correction_smoothness: 0.0001  loss_coarse: 0.0305  loss_boundary: 0.0425  loss_sdf: 0.0052  grad_norm: 1.8210
2026/09/26 15:21:53 - mmengine - INFO - Iter(train) [ 12450/100000]  base_lr: 5.3963e-04 lr: 5.3963e-05  eta: 17:37:43  time: 0.7099  data_time: 0.0154  memory: 11326  loss: 0.3830  loss_final: 0.1093  loss_rgb: 0.0692  loss_geometry: 0.1101  loss_reliability: 0.0237  loss_preserve: 0.0002  loss_equivariance: 0.0000  correction_scale: 0.0861  loss_correction_smoothness: 0.0000  loss_coarse: 0.0327  loss_boundary: 0.0321  loss_sdf: 0.0057  grad_norm: 1.9327
2026/09/26 15:22:29 - mmengine - INFO - Iter(train) [ 12500/100000]  base_lr: 5.3935e-04 lr: 5.3935e-05  eta: 17:37:06  time: 0.7290  data_time: 0.0169  memory: 11326  loss: 0.5260  loss_final: 0.1844  loss_rgb: 0.1005  loss_geometry: 0.1121  loss_reliability: 0.0148  loss_preserve: 0.0004  loss_equivariance: 0.0000  correction_scale: 0.0863  loss_correction_smoothness: 0.0001  loss_coarse: 0.0553  loss_boundary: 0.0474  loss_sdf: 0.0108  grad_norm: 2.0049
2026/09/26 15:23:05 - mmengine - INFO - Iter(train) [ 12550/100000]  base_lr: 5.3907e-04 lr: 5.3907e-05  eta: 17:36:28  time: 0.7067  data_time: 0.0158  memory: 11326  loss: 0.3838  loss_final: 0.1109  loss_rgb: 0.0804  loss_geometry: 0.1055  loss_reliability: 0.0165  loss_preserve: 0.0003  loss_equivariance: 0.0000  correction_scale: 0.0864  loss_correction_smoothness: 0.0001  loss_coarse: 0.0331  loss_boundary: 0.0316  loss_sdf: 0.0054  grad_norm: 1.8884
2026/09/26 15:23:42 - mmengine - INFO - Iter(train) [ 12600/100000]  base_lr: 5.3879e-04 lr: 5.3879e-05  eta: 17:35:53  time: 0.7510  data_time: 0.0164  memory: 11326  loss: 0.5063  loss_final: 0.1601  loss_rgb: 0.1146  loss_geometry: 0.1045  loss_reliability: 0.0154  loss_preserve: 0.0003  loss_equivariance: 0.0000  correction_scale: 0.0864  loss_correction_smoothness: 0.0001  loss_coarse: 0.0481  loss_boundary: 0.0532  loss_sdf: 0.0100  grad_norm: 1.9926
2026/09/26 15:24:18 - mmengine - INFO - Iter(train) [ 12650/100000]  base_lr: 5.3852e-04 lr: 5.3852e-05  eta: 17:35:17  time: 0.7255  data_time: 0.0160  memory: 11326  loss: 0.5748  loss_final: 0.1956  loss_rgb: 0.1185  loss_geometry: 0.1113  loss_reliability: 0.0294  loss_preserve: 0.0003  loss_equivariance: 0.0000  correction_scale: 0.0864  loss_correction_smoothness: 0.0001  loss_coarse: 0.0588  loss_boundary: 0.0525  loss_sdf: 0.0084  grad_norm: 2.1332
2026/09/26 15:24:54 - mmengine - INFO - Iter(train) [ 12700/100000]  base_lr: 5.3824e-04 lr: 5.3824e-05  eta: 17:34:41  time: 0.7309  data_time: 0.0166  memory: 11326  loss: 0.5815  loss_final: 0.2333  loss_rgb: 0.1188  loss_geometry: 0.0899  loss_reliability: 0.0053  loss_preserve: 0.0002  loss_equivariance: 0.0000  correction_scale: 0.0863  loss_correction_smoothness: 0.0000  loss_coarse: 0.0701  loss_boundary: 0.0531  loss_sdf: 0.0107  grad_norm: 1.9751
2026/09/26 15:25:30 - mmengine - INFO - Iter(train) [ 12750/100000]  base_lr: 5.3796e-04 lr: 5.3796e-05  eta: 17:34:04  time: 0.7193  data_time: 0.0156  memory: 11326  loss: 0.3491  loss_final: 0.1002  loss_rgb: 0.0815  loss_geometry: 0.0852  loss_reliability: 0.0035  loss_preserve: 0.0003  loss_equivariance: 0.0000  correction_scale: 0.0864  loss_correction_smoothness: 0.0001  loss_coarse: 0.0300  loss_boundary: 0.0417  loss_sdf: 0.0067  grad_norm: 1.8103
2026/09/26 15:26:07 - mmengine - INFO - Iter(train) [ 12800/100000]  base_lr: 5.3768e-04 lr: 5.3768e-05  eta: 17:33:28  time: 0.7266  data_time: 0.0151  memory: 11326  loss: 0.3763  loss_final: 0.0780  loss_rgb: 0.0929  loss_geometry: 0.1028  loss_reliability: 0.0332  loss_preserve: 0.0002  loss_equivariance: 0.0000  correction_scale: 0.0864  loss_correction_smoothness: 0.0000  loss_coarse: 0.0234  loss_boundary: 0.0420  loss_sdf: 0.0038  grad_norm: 1.8625
2026/09/26 15:26:43 - mmengine - INFO - Iter(train) [ 12850/100000]  base_lr: 5.3741e-04 lr: 5.3741e-05  eta: 17:32:51  time: 0.7185  data_time: 0.0154  memory: 11326  loss: 0.4269  loss_final: 0.1218  loss_rgb: 0.1015  loss_geometry: 0.1030  loss_reliability: 0.0132  loss_preserve: 0.0003  loss_equivariance: 0.0000  correction_scale: 0.0864  loss_correction_smoothness: 0.0001  loss_coarse: 0.0364  loss_boundary: 0.0426  loss_sdf: 0.0081  grad_norm: 1.8629
2026/09/26 15:27:19 - mmengine - INFO - Iter(train) [ 12900/100000]  base_lr: 5.3713e-04 lr: 5.3713e-05  eta: 17:32:15  time: 0.7303  data_time: 0.0165  memory: 11326  loss: 0.4681  loss_final: 0.1368  loss_rgb: 0.1019  loss_geometry: 0.1103  loss_reliability: 0.0227  loss_preserve: 0.0003  loss_equivariance: 0.0000  correction_scale: 0.0866  loss_correction_smoothness: 0.0001  loss_coarse: 0.0411  loss_boundary: 0.0474  loss_sdf: 0.0074  grad_norm: 1.7637
2026/09/26 15:27:55 - mmengine - INFO - Iter(train) [ 12950/100000]  base_lr: 5.3685e-04 lr: 5.3685e-05  eta: 17:31:39  time: 0.7184  data_time: 0.0159  memory: 11326  loss: 0.4468  loss_final: 0.1370  loss_rgb: 0.0801  loss_geometry: 0.1091  loss_reliability: 0.0371  loss_preserve: 0.0003  loss_equivariance: 0.0000  correction_scale: 0.0868  loss_correction_smoothness: 0.0001  loss_coarse: 0.0410  loss_boundary: 0.0367  loss_sdf: 0.0053  grad_norm: 1.9250
2026/09/26 15:28:31 - mmengine - INFO - Exp name: joint_20260926_115805
2026/09/26 15:28:31 - mmengine - INFO - Iter(train) [ 13000/100000]  base_lr: 5.3657e-04 lr: 5.3657e-05  eta: 17:31:01  time: 0.7204  data_time: 0.0162  memory: 11326  loss: 0.3904  loss_final: 0.1188  loss_rgb: 0.0811  loss_geometry: 0.1023  loss_reliability: 0.0105  loss_preserve: 0.0003  loss_equivariance: 0.0000  correction_scale: 0.0869  loss_correction_smoothness: 0.0001  loss_coarse: 0.0355  loss_boundary: 0.0365  loss_sdf: 0.0053  grad_norm: 1.9515
2026/09/26 15:29:08 - mmengine - INFO - Iter(train) [ 13050/100000]  base_lr: 5.3630e-04 lr: 5.3630e-05  eta: 17:30:26  time: 0.7216  data_time: 0.0158  memory: 11326  loss: 0.3800  loss_final: 0.1029  loss_rgb: 0.0980  loss_geometry: 0.0851  loss_reliability: 0.0081  loss_preserve: 0.0004  loss_equivariance: 0.0000  correction_scale: 0.0869  loss_correction_smoothness: 0.0001  loss_coarse: 0.0309  loss_boundary: 0.0473  loss_sdf: 0.0070  grad_norm: 1.7253
2026/09/26 15:29:44 - mmengine - INFO - Iter(train) [ 13100/100000]  base_lr: 5.3602e-04 lr: 5.3602e-05  eta: 17:29:47  time: 0.7050  data_time: 0.0162  memory: 11326  loss: 0.3088  loss_final: 0.0796  loss_rgb: 0.0586  loss_geometry: 0.1059  loss_reliability: 0.0053  loss_preserve: 0.0004  loss_equivariance: 0.0000  correction_scale: 0.0870  loss_correction_smoothness: 0.0001  loss_coarse: 0.0238  loss_boundary: 0.0308  loss_sdf: 0.0044  grad_norm: 3.3218
2026/09/26 15:30:20 - mmengine - INFO - Iter(train) [ 13150/100000]  base_lr: 5.3574e-04 lr: 5.3574e-05  eta: 17:29:10  time: 0.7126  data_time: 0.0152  memory: 11326  loss: 0.4573  loss_final: 0.1550  loss_rgb: 0.0821  loss_geometry: 0.1128  loss_reliability: 0.0082  loss_preserve: 0.0002  loss_equivariance: 0.0000  correction_scale: 0.0871  loss_correction_smoothness: 0.0000  loss_coarse: 0.0464  loss_boundary: 0.0419  loss_sdf: 0.0107  grad_norm: 2.4438
2026/09/26 15:30:56 - mmengine - INFO - Iter(train) [ 13200/100000]  base_lr: 5.3546e-04 lr: 5.3546e-05  eta: 17:28:33  time: 0.7297  data_time: 0.0160  memory: 11326  loss: 0.5405  loss_final: 0.1812  loss_rgb: 0.1156  loss_geometry: 0.1303  loss_reliability: 0.0040  loss_preserve: 0.0003  loss_equivariance: 0.0000  correction_scale: 0.0872  loss_correction_smoothness: 0.0001  loss_coarse: 0.0542  loss_boundary: 0.0476  loss_sdf: 0.0071  grad_norm: 2.4665
2026/09/26 15:31:32 - mmengine - INFO - Iter(train) [ 13250/100000]  base_lr: 5.3519e-04 lr: 5.3519e-05  eta: 17:27:57  time: 0.7141  data_time: 0.0158  memory: 11326  loss: 0.3585  loss_final: 0.0794  loss_rgb: 0.0802  loss_geometry: 0.1175  loss_reliability: 0.0161  loss_preserve: 0.0003  loss_equivariance: 0.0000  correction_scale: 0.0873  loss_correction_smoothness: 0.0001  loss_coarse: 0.0237  loss_boundary: 0.0367  loss_sdf: 0.0045  grad_norm: 3.0354
2026/09/26 15:32:08 - mmengine - INFO - Iter(train) [ 13300/100000]  base_lr: 5.3491e-04 lr: 5.3491e-05  eta: 17:27:21  time: 0.7284  data_time: 0.0164  memory: 11326  loss: 0.5196  loss_final: 0.1844  loss_rgb: 0.1081  loss_geometry: 0.1040  loss_reliability: 0.0137  loss_preserve: 0.0005  loss_equivariance: 0.0000  correction_scale: 0.0874  loss_correction_smoothness: 0.0001  loss_coarse: 0.0554  loss_boundary: 0.0469  loss_sdf: 0.0065  grad_norm: 2.5368
2026/09/26 15:32:45 - mmengine - INFO - Iter(train) [ 13350/100000]  base_lr: 5.3463e-04 lr: 5.3463e-05  eta: 17:26:45  time: 0.7334  data_time: 0.0168  memory: 11326  loss: 0.5977  loss_final: 0.2446  loss_rgb: 0.1024  loss_geometry: 0.1100  loss_reliability: 0.0139  loss_preserve: 0.0004  loss_equivariance: 0.0000  correction_scale: 0.0873  loss_correction_smoothness: 0.0001  loss_coarse: 0.0734  loss_boundary: 0.0423  loss_sdf: 0.0107  grad_norm: 2.4055
2026/09/26 15:33:21 - mmengine - INFO - Iter(train) [ 13400/100000]  base_lr: 5.3435e-04 lr: 5.3435e-05  eta: 17:26:10  time: 0.7362  data_time: 0.0158  memory: 11326  loss: 0.4238  loss_final: 0.1344  loss_rgb: 0.1023  loss_geometry: 0.0828  loss_reliability: 0.0040  loss_preserve: 0.0004  loss_equivariance: 0.0000  correction_scale: 0.0873  loss_correction_smoothness: 0.0001  loss_coarse: 0.0404  loss_boundary: 0.0524  loss_sdf: 0.0071  grad_norm: 2.2559
2026/09/26 15:33:57 - mmengine - INFO - Iter(train) [ 13450/100000]  base_lr: 5.3408e-04 lr: 5.3408e-05  eta: 17:25:30  time: 0.7024  data_time: 0.0166  memory: 11326  loss: 0.3438  loss_final: 0.1129  loss_rgb: 0.0600  loss_geometry: 0.0957  loss_reliability: 0.0111  loss_preserve: 0.0003  loss_equivariance: 0.0000  correction_scale: 0.0873  loss_correction_smoothness: 0.0000  loss_coarse: 0.0337  loss_boundary: 0.0262  loss_sdf: 0.0038  grad_norm: 1.9143
2026/09/26 15:34:33 - mmengine - INFO - Iter(train) [ 13500/100000]  base_lr: 5.3380e-04 lr: 5.3380e-05  eta: 17:24:53  time: 0.7142  data_time: 0.0162  memory: 11326  loss: 0.4099  loss_final: 0.1350  loss_rgb: 0.0811  loss_geometry: 0.0991  loss_reliability: 0.0130  loss_preserve: 0.0003  loss_equivariance: 0.0000  correction_scale: 0.0874  loss_correction_smoothness: 0.0001  loss_coarse: 0.0398  loss_boundary: 0.0372  loss_sdf: 0.0043  grad_norm: 1.8067
2026/09/26 15:35:09 - mmengine - INFO - Iter(train) [ 13550/100000]  base_lr: 5.3352e-04 lr: 5.3352e-05  eta: 17:24:17  time: 0.7348  data_time: 0.0174  memory: 11326  loss: 0.4898  loss_final: 0.1583  loss_rgb: 0.1161  loss_geometry: 0.0946  loss_reliability: 0.0140  loss_preserve: 0.0004  loss_equivariance: 0.0000  correction_scale: 0.0875  loss_correction_smoothness: 0.0001  loss_coarse: 0.0476  loss_boundary: 0.0520  loss_sdf: 0.0068  grad_norm: 2.0385
2026/09/26 15:35:45 - mmengine - INFO - Iter(train) [ 13600/100000]  base_lr: 5.3324e-04 lr: 5.3324e-05  eta: 17:23:40  time: 0.7168  data_time: 0.0156  memory: 11326  loss: 0.4928  loss_final: 0.1796  loss_rgb: 0.0970  loss_geometry: 0.1092  loss_reliability: 0.0086  loss_preserve: 0.0003  loss_equivariance: 0.0000  correction_scale: 0.0875  loss_correction_smoothness: 0.0001  loss_coarse: 0.0538  loss_boundary: 0.0371  loss_sdf: 0.0071  grad_norm: 2.6754
2026/09/26 15:36:21 - mmengine - INFO - Iter(train) [ 13650/100000]  base_lr: 5.3297e-04 lr: 5.3297e-05  eta: 17:23:03  time: 0.7171  data_time: 0.0156  memory: 11326  loss: 0.4873  loss_final: 0.1788  loss_rgb: 0.0873  loss_geometry: 0.1042  loss_reliability: 0.0131  loss_preserve: 0.0003  loss_equivariance: 0.0000  correction_scale: 0.0875  loss_correction_smoothness: 0.0001  loss_coarse: 0.0530  loss_boundary: 0.0419  loss_sdf: 0.0086  grad_norm: 2.3346
2026/09/26 15:36:57 - mmengine - INFO - Iter(train) [ 13700/100000]  base_lr: 5.3269e-04 lr: 5.3269e-05  eta: 17:22:25  time: 0.7242  data_time: 0.0157  memory: 11326  loss: 0.6376  loss_final: 0.2649  loss_rgb: 0.1049  loss_geometry: 0.1122  loss_reliability: 0.0156  loss_preserve: 0.0003  loss_equivariance: 0.0000  correction_scale: 0.0876  loss_correction_smoothness: 0.0001  loss_coarse: 0.0795  loss_boundary: 0.0468  loss_sdf: 0.0134  grad_norm: 2.5809
2026/09/26 15:37:33 - mmengine - INFO - Iter(train) [ 13750/100000]  base_lr: 5.3241e-04 lr: 5.3241e-05  eta: 17:21:47  time: 0.7244  data_time: 0.0156  memory: 11326  loss: 0.4617  loss_final: 0.1402  loss_rgb: 0.1106  loss_geometry: 0.0973  loss_reliability: 0.0101  loss_preserve: 0.0003  loss_equivariance: 0.0000  correction_scale: 0.0876  loss_correction_smoothness: 0.0001  loss_coarse: 0.0421  loss_boundary: 0.0531  loss_sdf: 0.0079  grad_norm: 3.1546
2026/09/26 15:38:09 - mmengine - INFO - Iter(train) [ 13800/100000]  base_lr: 5.3213e-04 lr: 5.3213e-05  eta: 17:21:11  time: 0.7329  data_time: 0.0158  memory: 11326  loss: 0.5927  loss_final: 0.2222  loss_rgb: 0.1087  loss_geometry: 0.1221  loss_reliability: 0.0135  loss_preserve: 0.0002  loss_equivariance: 0.0000  correction_scale: 0.0876  loss_correction_smoothness: 0.0000  loss_coarse: 0.0667  loss_boundary: 0.0475  loss_sdf: 0.0117  grad_norm: 2.1847
2026/09/26 15:38:46 - mmengine - INFO - Iter(train) [ 13850/100000]  base_lr: 5.3185e-04 lr: 5.3185e-05  eta: 17:20:35  time: 0.7266  data_time: 0.0159  memory: 11326  loss: 0.5133  loss_final: 0.1630  loss_rgb: 0.1217  loss_geometry: 0.0923  loss_reliability: 0.0245  loss_preserve: 0.0004  loss_equivariance: 0.0000  correction_scale: 0.0878  loss_correction_smoothness: 0.0001  loss_coarse: 0.0490  loss_boundary: 0.0526  loss_sdf: 0.0097  grad_norm: 2.2932
2026/09/26 15:39:22 - mmengine - INFO - Iter(train) [ 13900/100000]  base_lr: 5.3158e-04 lr: 5.3158e-05  eta: 17:19:57  time: 0.7260  data_time: 0.0166  memory: 11326  loss: 0.5391  loss_final: 0.1935  loss_rgb: 0.1143  loss_geometry: 0.0976  loss_reliability: 0.0107  loss_preserve: 0.0004  loss_equivariance: 0.0000  correction_scale: 0.0878  loss_correction_smoothness: 0.0001  loss_coarse: 0.0581  loss_boundary: 0.0530  loss_sdf: 0.0114  grad_norm: 1.8572
2026/09/26 15:39:58 - mmengine - INFO - Iter(train) [ 13950/100000]  base_lr: 5.3130e-04 lr: 5.3130e-05  eta: 17:19:20  time: 0.7252  data_time: 0.0163  memory: 11326  loss: 0.4883  loss_final: 0.1694  loss_rgb: 0.1175  loss_geometry: 0.0850  loss_reliability: 0.0049  loss_preserve: 0.0003  loss_equivariance: 0.0000  correction_scale: 0.0878  loss_correction_smoothness: 0.0001  loss_coarse: 0.0509  loss_boundary: 0.0524  loss_sdf: 0.0079  grad_norm: 1.5743
2026/09/26 15:40:34 - mmengine - INFO - Exp name: joint_20260926_115805
2026/09/26 15:40:34 - mmengine - INFO - Iter(train) [ 14000/100000]  base_lr: 5.3102e-04 lr: 5.3102e-05  eta: 17:18:44  time: 0.7446  data_time: 0.0158  memory: 11326  loss: 0.5130  loss_final: 0.1735  loss_rgb: 0.1050  loss_geometry: 0.1086  loss_reliability: 0.0127  loss_preserve: 0.0003  loss_equivariance: 0.0000  correction_scale: 0.0880  loss_correction_smoothness: 0.0001  loss_coarse: 0.0521  loss_boundary: 0.0524  loss_sdf: 0.0083  grad_norm: 1.8584
2026/09/26 15:40:34 - mmengine - INFO - Saving checkpoint at 14000 iterations
2026/09/26 15:41:40 - mmengine - INFO - Iter(val) [ 50/304]    eta: 0:05:25  time: 1.2725  data_time: 0.0218  memory: 1184  
2026/09/26 15:43:11 - mmengine - INFO - Iter(val) [100/304]    eta: 0:05:16  time: 1.7989  data_time: 0.0210  memory: 1184  
2026/09/26 15:44:37 - mmengine - INFO - Iter(val) [150/304]    eta: 0:04:07  time: 1.6792  data_time: 0.0210  memory: 1184  
2026/09/26 15:46:02 - mmengine - INFO - Iter(val) [200/304]    eta: 0:02:49  time: 1.7248  data_time: 0.0214  memory: 1184  
2026/09/26 15:47:25 - mmengine - INFO - Iter(val) [250/304]    eta: 0:01:28  time: 1.7575  data_time: 0.0220  memory: 1184  
2026/09/26 15:48:47 - mmengine - INFO - Iter(val) [300/304]    eta: 0:00:06  time: 1.6030  data_time: 0.0215  memory: 1184  
2026/09/26 15:48:54 - mmengine - INFO - per class results:
2026/09/26 15:48:54 - mmengine - INFO - 
+------------------+-------+-------+-------+--------+-----------+--------+
|      Class       |  IoU  |  Acc  |  Dice | Fscore | Precision | Recall |
+------------------+-------+-------+-------+--------+-----------+--------+
|    background    | 95.62 | 96.33 | 97.76 | 97.76  |   99.24   | 96.33  |
| wastewater_plant | 64.66 | 91.58 | 78.53 | 78.53  |   68.74   | 91.58  |
+------------------+-------+-------+-------+--------+-----------+--------+
2026/09/26 15:48:54 - mmengine - INFO - Iter(val) [304/304]    aAcc: 95.9500  mIoU: 80.1400  mAcc: 93.9600  mDice: 88.1500  mFscore: 88.1500  mPrecision: 83.9900  mRecall: 93.9600  binary/Foreground_IoU: 64.6556  binary/Dice: 78.5343  binary/F1: 78.5343  binary/Precision: 68.7395  binary/Recall: 91.5844  binary/Boundary_F1: 9.1711  binary/BFScore: 9.1711  binary/Boundary_Precision: 6.6319  binary/Boundary_Recall: 14.8610  binary/Hausdorff_px: 598.7847  binary/HD95_px: 470.4112  binary/Hausdorff_m: 299.3923  binary/HD95_m: 235.2056  data_time: 0.0231  time: 1.6376
2026/09/26 15:48:54 - mmengine - INFO - The previous best checkpoint /workspace/work_dirs/rpgv_v2_single_stage_fixed/single_stage/seed_42/progressive_rgr/joint/best_binary_Foreground_IoU_iter_4000.pth is removed
2026/09/26 15:48:55 - mmengine - INFO - The best checkpoint with 64.6556 binary/Foreground_IoU at 14000 iter is saved to best_binary_Foreground_IoU_iter_14000.pth.
2026/09/26 15:49:34 - mmengine - INFO - Iter(train) [ 14050/100000]  base_lr: 5.3074e-04 lr: 5.3074e-05  eta: 17:18:31  time: 0.7243  data_time: 0.0166  memory: 11326  loss: 0.3307  loss_final: 0.0812  loss_rgb: 0.0898  loss_geometry: 0.0843  loss_reliability: 0.0042  loss_preserve: 0.0003  loss_equivariance: 0.0000  correction_scale: 0.0880  loss_correction_smoothness: 0.0001  loss_coarse: 0.0244  loss_boundary: 0.0421  loss_sdf: 0.0042  grad_norm: 1.5942
2026/09/26 15:50:10 - mmengine - INFO - Iter(train) [ 14100/100000]  base_lr: 5.3046e-04 lr: 5.3046e-05  eta: 17:17:54  time: 0.7057  data_time: 0.0157  memory: 11326  loss: 0.3074  loss_final: 0.0664  loss_rgb: 0.0601  loss_geometry: 0.0953  loss_reliability: 0.0316  loss_preserve: 0.0003  loss_equivariance: 0.0000  correction_scale: 0.0880  loss_correction_smoothness: 0.0001  loss_coarse: 0.0198  loss_boundary: 0.0309  loss_sdf: 0.0028  grad_norm: 1.5975
2026/09/26 15:50:46 - mmengine - INFO - Iter(train) [ 14150/100000]  base_lr: 5.3019e-04 lr: 5.3019e-05  eta: 17:17:18  time: 0.7199  data_time: 0.0168  memory: 11326  loss: 0.3839  loss_final: 0.1032  loss_rgb: 0.0863  loss_geometry: 0.1054  loss_reliability: 0.0153  loss_preserve: 0.0002  loss_equivariance: 0.0000  correction_scale: 0.0880  loss_correction_smoothness: 0.0001  loss_coarse: 0.0309  loss_boundary: 0.0368  loss_sdf: 0.0056  grad_norm: 2.4816
2026/09/26 15:51:22 - mmengine - INFO - Iter(train) [ 14200/100000]  base_lr: 5.2991e-04 lr: 5.2991e-05  eta: 17:16:42  time: 0.7243  data_time: 0.0163  memory: 11326  loss: 0.3695  loss_final: 0.1041  loss_rgb: 0.0690  loss_geometry: 0.1042  loss_reliability: 0.0237  loss_preserve: 0.0003  loss_equivariance: 0.0000  correction_scale: 0.0881  loss_correction_smoothness: 0.0001  loss_coarse: 0.0312  loss_boundary: 0.0319  loss_sdf: 0.0052  grad_norm: 2.2043
2026/09/26 15:51:58 - mmengine - INFO - Iter(train) [ 14250/100000]  base_lr: 5.2963e-04 lr: 5.2963e-05  eta: 17:16:04  time: 0.7186  data_time: 0.0163  memory: 11326  loss: 0.4352  loss_final: 0.1312  loss_rgb: 0.0934  loss_geometry: 0.0962  loss_reliability: 0.0277  loss_preserve: 0.0003  loss_equivariance: 0.0000  correction_scale: 0.0881  loss_correction_smoothness: 0.0001  loss_coarse: 0.0393  loss_boundary: 0.0419  loss_sdf: 0.0051  grad_norm: 2.3781
2026/09/26 15:52:35 - mmengine - INFO - Iter(train) [ 14300/100000]  base_lr: 5.2935e-04 lr: 5.2935e-05  eta: 17:15:29  time: 0.7374  data_time: 0.0177  memory: 11326  loss: 0.5746  loss_final: 0.2069  loss_rgb: 0.1124  loss_geometry: 0.1055  loss_reliability: 0.0257  loss_preserve: 0.0002  loss_equivariance: 0.0000  correction_scale: 0.0882  loss_correction_smoothness: 0.0000  loss_coarse: 0.0621  loss_boundary: 0.0518  loss_sdf: 0.0100  grad_norm: 2.4678
2026/09/26 15:53:11 - mmengine - INFO - Iter(train) [ 14350/100000]  base_lr: 5.2908e-04 lr: 5.2908e-05  eta: 17:14:53  time: 0.7250  data_time: 0.0156  memory: 11326  loss: 0.4690  loss_final: 0.1543  loss_rgb: 0.1089  loss_geometry: 0.0906  loss_reliability: 0.0074  loss_preserve: 0.0004  loss_equivariance: 0.0000  correction_scale: 0.0883  loss_correction_smoothness: 0.0001  loss_coarse: 0.0464  loss_boundary: 0.0523  loss_sdf: 0.0085  grad_norm: 3.5397
2026/09/26 15:53:47 - mmengine - INFO - Iter(train) [ 14400/100000]  base_lr: 5.2880e-04 lr: 5.2880e-05  eta: 17:14:15  time: 0.7072  data_time: 0.0159  memory: 11326  loss: 0.5261  loss_final: 0.1969  loss_rgb: 0.0827  loss_geometry: 0.1187  loss_reliability: 0.0279  loss_preserve: 0.0003  loss_equivariance: 0.0000  correction_scale: 0.0883  loss_correction_smoothness: 0.0001  loss_coarse: 0.0568  loss_boundary: 0.0372  loss_sdf: 0.0054  grad_norm: 4.4095
2026/09/26 15:54:23 - mmengine - INFO - Iter(train) [ 14450/100000]  base_lr: 5.2852e-04 lr: 5.2852e-05  eta: 17:13:38  time: 0.7260  data_time: 0.0165  memory: 11326  loss: 0.4083  loss_final: 0.1368  loss_rgb: 0.0818  loss_geometry: 0.0955  loss_reliability: 0.0071  loss_preserve: 0.0003  loss_equivariance: 0.0000  correction_scale: 0.0883  loss_correction_smoothness: 0.0001  loss_coarse: 0.0410  loss_boundary: 0.0422  loss_sdf: 0.0035  grad_norm: 1.6676
2026/09/26 15:54:59 - mmengine - INFO - Iter(train) [ 14500/100000]  base_lr: 5.2824e-04 lr: 5.2824e-05  eta: 17:13:02  time: 0.7257  data_time: 0.0155  memory: 11326  loss: 0.4489  loss_final: 0.1270  loss_rgb: 0.1152  loss_geometry: 0.0980  loss_reliability: 0.0113  loss_preserve: 0.0003  loss_equivariance: 0.0000  correction_scale: 0.0883  loss_correction_smoothness: 0.0001  loss_coarse: 0.0382  loss_boundary: 0.0523  loss_sdf: 0.0067  grad_norm: 1.8538
2026/09/26 15:55:36 - mmengine - INFO - Iter(train) [ 14550/100000]  base_lr: 5.2796e-04 lr: 5.2796e-05  eta: 17:12:25  time: 0.7217  data_time: 0.0158  memory: 11326  loss: 0.4838  loss_final: 0.1674  loss_rgb: 0.1035  loss_geometry: 0.1031  loss_reliability: 0.0037  loss_preserve: 0.0003  loss_equivariance: 0.0000  correction_scale: 0.0883  loss_correction_smoothness: 0.0001  loss_coarse: 0.0503  loss_boundary: 0.0473  loss_sdf: 0.0081  grad_norm: 1.8475
2026/09/26 15:56:12 - mmengine - INFO - Iter(train) [ 14600/100000]  base_lr: 5.2768e-04 lr: 5.2768e-05  eta: 17:11:50  time: 0.7334  data_time: 0.0157  memory: 11326  loss: 0.6281  loss_final: 0.2537  loss_rgb: 0.1065  loss_geometry: 0.1157  loss_reliability: 0.0166  loss_preserve: 0.0003  loss_equivariance: 0.0000  correction_scale: 0.0884  loss_correction_smoothness: 0.0001  loss_coarse: 0.0761  loss_boundary: 0.0477  loss_sdf: 0.0114  grad_norm: 2.1553
2026/09/26 15:56:48 - mmengine - INFO - Iter(train) [ 14650/100000]  base_lr: 5.2741e-04 lr: 5.2741e-05  eta: 17:11:14  time: 0.7262  data_time: 0.0159  memory: 11326  loss: 0.4266  loss_final: 0.1268  loss_rgb: 0.1010  loss_geometry: 0.0942  loss_reliability: 0.0108  loss_preserve: 0.0005  loss_equivariance: 0.0000  correction_scale: 0.0884  loss_correction_smoothness: 0.0001  loss_coarse: 0.0381  loss_boundary: 0.0474  loss_sdf: 0.0077  grad_norm: 2.2437
2026/09/26 15:57:24 - mmengine - INFO - Iter(train) [ 14700/100000]  base_lr: 5.2713e-04 lr: 5.2713e-05  eta: 17:10:38  time: 0.7244  data_time: 0.0168  memory: 11326  loss: 0.4733  loss_final: 0.1464  loss_rgb: 0.1125  loss_geometry: 0.1063  loss_reliability: 0.0064  loss_preserve: 0.0002  loss_equivariance: 0.0000  correction_scale: 0.0884  loss_correction_smoothness: 0.0000  loss_coarse: 0.0440  loss_boundary: 0.0514  loss_sdf: 0.0061  grad_norm: 1.9108
2026/09/26 15:58:01 - mmengine - INFO - Iter(train) [ 14750/100000]  base_lr: 5.2685e-04 lr: 5.2685e-05  eta: 17:10:01  time: 0.7282  data_time: 0.0172  memory: 11326  loss: 0.5660  loss_final: 0.2136  loss_rgb: 0.1239  loss_geometry: 0.0980  loss_reliability: 0.0038  loss_preserve: 0.0004  loss_equivariance: 0.0000  correction_scale: 0.0885  loss_correction_smoothness: 0.0001  loss_coarse: 0.0642  loss_boundary: 0.0527  loss_sdf: 0.0094  grad_norm: 1.7038
2026/09/26 15:58:37 - mmengine - INFO - Iter(train) [ 14800/100000]  base_lr: 5.2657e-04 lr: 5.2657e-05  eta: 17:09:23  time: 0.7338  data_time: 0.0153  memory: 11326  loss: 0.5313  loss_final: 0.1886  loss_rgb: 0.1171  loss_geometry: 0.0892  loss_reliability: 0.0161  loss_preserve: 0.0004  loss_equivariance: 0.0000  correction_scale: 0.0885  loss_correction_smoothness: 0.0001  loss_coarse: 0.0566  loss_boundary: 0.0529  loss_sdf: 0.0102  grad_norm: 1.9398
2026/09/26 15:59:12 - mmengine - INFO - Iter(train) [ 14850/100000]  base_lr: 5.2629e-04 lr: 5.2629e-05  eta: 17:08:44  time: 0.7180  data_time: 0.0174  memory: 11326  loss: 0.3645  loss_final: 0.0951  loss_rgb: 0.0919  loss_geometry: 0.0922  loss_reliability: 0.0096  loss_preserve: 0.0003  loss_equivariance: 0.0000  correction_scale: 0.0886  loss_correction_smoothness: 0.0001  loss_coarse: 0.0280  loss_boundary: 0.0423  loss_sdf: 0.0051  grad_norm: 1.7681
2026/09/26 15:59:49 - mmengine - INFO - Iter(train) [ 14900/100000]  base_lr: 5.2602e-04 lr: 5.2602e-05  eta: 17:08:07  time: 0.7227  data_time: 0.0154  memory: 11326  loss: 0.3379  loss_final: 0.0673  loss_rgb: 0.0936  loss_geometry: 0.0815  loss_reliability: 0.0259  loss_preserve: 0.0002  loss_equivariance: 0.0000  correction_scale: 0.0886  loss_correction_smoothness: 0.0000  loss_coarse: 0.0202  loss_boundary: 0.0467  loss_sdf: 0.0025  grad_norm: 2.0156
2026/09/26 16:00:25 - mmengine - INFO - Iter(train) [ 14950/100000]  base_lr: 5.2574e-04 lr: 5.2574e-05  eta: 17:07:30  time: 0.7175  data_time: 0.0159  memory: 11326  loss: 0.5382  loss_final: 0.1945  loss_rgb: 0.1067  loss_geometry: 0.1111  loss_reliability: 0.0135  loss_preserve: 0.0004  loss_equivariance: 0.0000  correction_scale: 0.0887  loss_correction_smoothness: 0.0001  loss_coarse: 0.0583  loss_boundary: 0.0421  loss_sdf: 0.0114  grad_norm: 2.1562
2026/09/26 16:01:01 - mmengine - INFO - Exp name: joint_20260926_115805
2026/09/26 16:01:01 - mmengine - INFO - Iter(train) [ 15000/100000]  base_lr: 5.2546e-04 lr: 5.2546e-05  eta: 17:06:53  time: 0.7302  data_time: 0.0153  memory: 11326  loss: 0.4478  loss_final: 0.1469  loss_rgb: 0.0966  loss_geometry: 0.0914  loss_reliability: 0.0142  loss_preserve: 0.0003  loss_equivariance: 0.0000  correction_scale: 0.0887  loss_correction_smoothness: 0.0001  loss_coarse: 0.0441  loss_boundary: 0.0470  loss_sdf: 0.0072  grad_norm: 1.7236
2026/09/26 16:01:37 - mmengine - INFO - Iter(train) [ 15050/100000]  base_lr: 5.2518e-04 lr: 5.2518e-05  eta: 17:06:16  time: 0.7155  data_time: 0.0166  memory: 11326  loss: 0.3713  loss_final: 0.0938  loss_rgb: 0.0882  loss_geometry: 0.0900  loss_reliability: 0.0235  loss_preserve: 0.0003  loss_equivariance: 0.0000  correction_scale: 0.0887  loss_correction_smoothness: 0.0001  loss_coarse: 0.0281  loss_boundary: 0.0421  loss_sdf: 0.0052  grad_norm: 1.5685
2026/09/26 16:02:13 - mmengine - INFO - Iter(train) [ 15100/100000]  base_lr: 5.2490e-04 lr: 5.2490e-05  eta: 17:05:38  time: 0.7236  data_time: 0.0157  memory: 11326  loss: 0.3399  loss_final: 0.0727  loss_rgb: 0.1059  loss_geometry: 0.0723  loss_reliability: 0.0117  loss_preserve: 0.0004  loss_equivariance: 0.0000  correction_scale: 0.0888  loss_correction_smoothness: 0.0001  loss_coarse: 0.0219  loss_boundary: 0.0517  loss_sdf: 0.0031  grad_norm: 1.9871
2026/09/26 16:02:49 - mmengine - INFO - Iter(train) [ 15150/100000]  base_lr: 5.2463e-04 lr: 5.2463e-05  eta: 17:05:00  time: 0.7146  data_time: 0.0167  memory: 11326  loss: 0.4145  loss_final: 0.1316  loss_rgb: 0.0891  loss_geometry: 0.0982  loss_reliability: 0.0141  loss_preserve: 0.0003  loss_equivariance: 0.0000  correction_scale: 0.0888  loss_correction_smoothness: 0.0001  loss_coarse: 0.0394  loss_boundary: 0.0366  loss_sdf: 0.0052  grad_norm: 1.7608
2026/09/26 16:03:25 - mmengine - INFO - Iter(train) [ 15200/100000]  base_lr: 5.2435e-04 lr: 5.2435e-05  eta: 17:04:23  time: 0.7302  data_time: 0.0168  memory: 11326  loss: 0.5752  loss_final: 0.2188  loss_rgb: 0.1157  loss_geometry: 0.1055  loss_reliability: 0.0124  loss_preserve: 0.0003  loss_equivariance: 0.0000  correction_scale: 0.0889  loss_correction_smoothness: 0.0001  loss_coarse: 0.0656  loss_boundary: 0.0471  loss_sdf: 0.0095  grad_norm: 1.5714
2026/09/26 16:04:01 - mmengine - INFO - Iter(train) [ 15250/100000]  base_lr: 5.2407e-04 lr: 5.2407e-05  eta: 17:03:47  time: 0.7140  data_time: 0.0171  memory: 11326  loss: 0.4175  loss_final: 0.1397  loss_rgb: 0.0762  loss_geometry: 0.0931  loss_reliability: 0.0164  loss_preserve: 0.0004  loss_equivariance: 0.0000  correction_scale: 0.0890  loss_correction_smoothness: 0.0001  loss_coarse: 0.0419  loss_boundary: 0.0415  loss_sdf: 0.0080  grad_norm: 1.7768
2026/09/26 16:04:37 - mmengine - INFO - Iter(train) [ 15300/100000]  base_lr: 5.2379e-04 lr: 5.2379e-05  eta: 17:03:08  time: 0.7008  data_time: 0.0162  memory: 11326  loss: 0.2343  loss_final: 0.0416  loss_rgb: 0.0451  loss_geometry: 0.1067  loss_reliability: 0.0042  loss_preserve: 0.0002  loss_equivariance: 0.0000  correction_scale: 0.0890  loss_correction_smoothness: 0.0000  loss_coarse: 0.0124  loss_boundary: 0.0213  loss_sdf: 0.0028  grad_norm: 1.6411
2026/09/26 16:05:13 - mmengine - INFO - Iter(train) [ 15350/100000]  base_lr: 5.2351e-04 lr: 5.2351e-05  eta: 17:02:31  time: 0.7181  data_time: 0.0156  memory: 11326  loss: 0.4316  loss_final: 0.1250  loss_rgb: 0.0764  loss_geometry: 0.1131  loss_reliability: 0.0323  loss_preserve: 0.0004  loss_equivariance: 0.0000  correction_scale: 0.0891  loss_correction_smoothness: 0.0001  loss_coarse: 0.0375  loss_boundary: 0.0418  loss_sdf: 0.0050  grad_norm: 1.3530
2026/09/26 16:05:49 - mmengine - INFO - Iter(train) [ 15400/100000]  base_lr: 5.2323e-04 lr: 5.2323e-05  eta: 17:01:52  time: 0.7198  data_time: 0.0165  memory: 11326  loss: 0.7274  loss_final: 0.3726  loss_rgb: 0.0766  loss_geometry: 0.0966  loss_reliability: 0.0147  loss_preserve: 0.0003  loss_equivariance: 0.0000  correction_scale: 0.0892  loss_correction_smoothness: 0.0001  loss_coarse: 0.1118  loss_boundary: 0.0363  loss_sdf: 0.0185  grad_norm: 1.8651
2026/09/26 16:06:25 - mmengine - INFO - Iter(train) [ 15450/100000]  base_lr: 5.2296e-04 lr: 5.2296e-05  eta: 17:01:15  time: 0.7209  data_time: 0.0163  memory: 11326  loss: 0.4157  loss_final: 0.1260  loss_rgb: 0.1000  loss_geometry: 0.0852  loss_reliability: 0.0127  loss_preserve: 0.0004  loss_equivariance: 0.0000  correction_scale: 0.0892  loss_correction_smoothness: 0.0001  loss_coarse: 0.0379  loss_boundary: 0.0479  loss_sdf: 0.0056  grad_norm: 2.1793
2026/09/26 16:07:01 - mmengine - INFO - Iter(train) [ 15500/100000]  base_lr: 5.2268e-04 lr: 5.2268e-05  eta: 17:00:38  time: 0.7152  data_time: 0.0162  memory: 11326  loss: 0.4209  loss_final: 0.1363  loss_rgb: 0.0802  loss_geometry: 0.0989  loss_reliability: 0.0220  loss_preserve: 0.0004  loss_equivariance: 0.0000  correction_scale: 0.0892  loss_correction_smoothness: 0.0001  loss_coarse: 0.0408  loss_boundary: 0.0384  loss_sdf: 0.0040  grad_norm: 2.4789
2026/09/26 16:07:37 - mmengine - INFO - Iter(train) [ 15550/100000]  base_lr: 5.2240e-04 lr: 5.2240e-05  eta: 17:00:00  time: 0.7119  data_time: 0.0159  memory: 11326  loss: 0.4360  loss_final: 0.1640  loss_rgb: 0.0892  loss_geometry: 0.0854  loss_reliability: 0.0048  loss_preserve: 0.0004  loss_equivariance: 0.0000  correction_scale: 0.0893  loss_correction_smoothness: 0.0001  loss_coarse: 0.0492  loss_boundary: 0.0369  loss_sdf: 0.0060  grad_norm: 2.0727
2026/09/26 16:08:13 - mmengine - INFO - Iter(train) [ 15600/100000]  base_lr: 5.2212e-04 lr: 5.2212e-05  eta: 16:59:24  time: 0.7204  data_time: 0.0174  memory: 11326  loss: 0.4448  loss_final: 0.1525  loss_rgb: 0.0846  loss_geometry: 0.1176  loss_reliability: 0.0062  loss_preserve: 0.0004  loss_equivariance: 0.0000  correction_scale: 0.0894  loss_correction_smoothness: 0.0001  loss_coarse: 0.0457  loss_boundary: 0.0318  loss_sdf: 0.0058  grad_norm: inf
2026/09/26 16:08:49 - mmengine - INFO - Iter(train) [ 15650/100000]  base_lr: 5.2184e-04 lr: 5.2184e-05  eta: 16:58:47  time: 0.7132  data_time: 0.0158  memory: 11326  loss: 0.4187  loss_final: 0.1350  loss_rgb: 0.0883  loss_geometry: 0.0850  loss_reliability: 0.0244  loss_preserve: 0.0004  loss_equivariance: 0.0000  correction_scale: 0.0895  loss_correction_smoothness: 0.0001  loss_coarse: 0.0406  loss_boundary: 0.0411  loss_sdf: 0.0039  grad_norm: 1.8373
2026/09/26 16:09:25 - mmengine - INFO - Iter(train) [ 15700/100000]  base_lr: 5.2156e-04 lr: 5.2156e-05  eta: 16:58:11  time: 0.7137  data_time: 0.0167  memory: 11326  loss: 0.3824  loss_final: 0.1058  loss_rgb: 0.0941  loss_geometry: 0.0887  loss_reliability: 0.0149  loss_preserve: 0.0004  loss_equivariance: 0.0000  correction_scale: 0.0895  loss_correction_smoothness: 0.0001  loss_coarse: 0.0318  loss_boundary: 0.0416  loss_sdf: 0.0050  grad_norm: 1.8886
2026/09/26 16:10:02 - mmengine - INFO - Iter(train) [ 15750/100000]  base_lr: 5.2129e-04 lr: 5.2129e-05  eta: 16:57:34  time: 0.7318  data_time: 0.0168  memory: 11326  loss: 0.3822  loss_final: 0.1009  loss_rgb: 0.0865  loss_geometry: 0.0978  loss_reliability: 0.0118  loss_preserve: 0.0005  loss_equivariance: 0.0000  correction_scale: 0.0895  loss_correction_smoothness: 0.0001  loss_coarse: 0.0303  loss_boundary: 0.0469  loss_sdf: 0.0073  grad_norm: 1.8178
2026/09/26 16:10:38 - mmengine - INFO - Iter(train) [ 15800/100000]  base_lr: 5.2101e-04 lr: 5.2101e-05  eta: 16:56:57  time: 0.7300  data_time: 0.0159  memory: 11326  loss: 0.4551  loss_final: 0.1321  loss_rgb: 0.1097  loss_geometry: 0.1001  loss_reliability: 0.0136  loss_preserve: 0.0004  loss_equivariance: 0.0000  correction_scale: 0.0895  loss_correction_smoothness: 0.0001  loss_coarse: 0.0397  loss_boundary: 0.0526  loss_sdf: 0.0067  grad_norm: 1.4770
2026/09/26 16:11:14 - mmengine - INFO - Iter(train) [ 15850/100000]  base_lr: 5.2073e-04 lr: 5.2073e-05  eta: 16:56:20  time: 0.7179  data_time: 0.0158  memory: 11326  loss: 0.3889  loss_final: 0.1073  loss_rgb: 0.0918  loss_geometry: 0.0953  loss_reliability: 0.0134  loss_preserve: 0.0003  loss_equivariance: 0.0000  correction_scale: 0.0895  loss_correction_smoothness: 0.0001  loss_coarse: 0.0322  loss_boundary: 0.0426  loss_sdf: 0.0060  grad_norm: 1.7928
2026/09/26 16:11:50 - mmengine - INFO - Iter(train) [ 15900/100000]  base_lr: 5.2045e-04 lr: 5.2045e-05  eta: 16:55:44  time: 0.7166  data_time: 0.0163  memory: 11326  loss: 0.3746  loss_final: 0.1067  loss_rgb: 0.0768  loss_geometry: 0.0921  loss_reliability: 0.0231  loss_preserve: 0.0003  loss_equivariance: 0.0000  correction_scale: 0.0897  loss_correction_smoothness: 0.0001  loss_coarse: 0.0319  loss_boundary: 0.0370  loss_sdf: 0.0066  grad_norm: 2.1505
2026/09/26 16:12:26 - mmengine - INFO - Iter(train) [ 15950/100000]  base_lr: 5.2017e-04 lr: 5.2017e-05  eta: 16:55:07  time: 0.7302  data_time: 0.0166  memory: 11326  loss: 0.5634  loss_final: 0.1925  loss_rgb: 0.1171  loss_geometry: 0.1100  loss_reliability: 0.0216  loss_preserve: 0.0004  loss_equivariance: 0.0000  correction_scale: 0.0897  loss_correction_smoothness: 0.0001  loss_coarse: 0.0578  loss_boundary: 0.0526  loss_sdf: 0.0111  grad_norm: 1.9362
2026/09/26 16:13:02 - mmengine - INFO - Exp name: joint_20260926_115805
2026/09/26 16:13:02 - mmengine - INFO - Iter(train) [ 16000/100000]  base_lr: 5.1989e-04 lr: 5.1989e-05  eta: 16:54:29  time: 0.7292  data_time: 0.0171  memory: 11326  loss: 0.4615  loss_final: 0.1373  loss_rgb: 0.0969  loss_geometry: 0.1091  loss_reliability: 0.0277  loss_preserve: 0.0004  loss_equivariance: 0.0000  correction_scale: 0.0897  loss_correction_smoothness: 0.0001  loss_coarse: 0.0412  loss_boundary: 0.0421  loss_sdf: 0.0068  grad_norm: 1.8849
2026/09/26 16:13:02 - mmengine - INFO - Saving checkpoint at 16000 iterations
2026/09/26 16:14:08 - mmengine - INFO - Iter(val) [ 50/304]    eta: 0:05:24  time: 1.2682  data_time: 0.0203  memory: 1184  
2026/09/26 16:15:37 - mmengine - INFO - Iter(val) [100/304]    eta: 0:05:12  time: 1.7175  data_time: 0.0210  memory: 1184  
2026/09/26 16:17:03 - mmengine - INFO - Iter(val) [150/304]    eta: 0:04:05  time: 1.7040  data_time: 0.0209  memory: 1184  
2026/09/26 16:18:27 - mmengine - INFO - Iter(val) [200/304]    eta: 0:02:48  time: 1.6959  data_time: 0.0204  memory: 1184  
2026/09/26 16:19:51 - mmengine - INFO - Iter(val) [250/304]    eta: 0:01:27  time: 1.6654  data_time: 0.0203  memory: 1184  
2026/09/26 16:21:13 - mmengine - INFO - Iter(val) [300/304]    eta: 0:00:06  time: 1.6442  data_time: 0.0210  memory: 1184  
2026/09/26 16:21:20 - mmengine - INFO - per class results:
2026/09/26 16:21:20 - mmengine - INFO - 
+------------------+-------+-------+-------+--------+-----------+--------+
|      Class       |  IoU  |  Acc  |  Dice | Fscore | Precision | Recall |
+------------------+-------+-------+-------+--------+-----------+--------+
|    background    | 96.98 | 97.94 | 98.47 | 98.47  |    99.0   | 97.94  |
| wastewater_plant | 71.96 | 88.77 | 83.69 | 83.69  |   79.17   | 88.77  |
+------------------+-------+-------+-------+--------+-----------+--------+
2026/09/26 16:21:20 - mmengine - INFO - Iter(val) [304/304]    aAcc: 97.2000  mIoU: 84.4700  mAcc: 93.3500  mDice: 91.0800  mFscore: 91.0800  mPrecision: 89.0800  mRecall: 93.3500  binary/Foreground_IoU: 71.9575  binary/Dice: 83.6922  binary/F1: 83.6922  binary/Precision: 79.1671  binary/Recall: 88.7659  binary/Boundary_F1: 12.9729  binary/BFScore: 12.9729  binary/Boundary_Precision: 10.3917  binary/Boundary_Recall: 17.2603  binary/Hausdorff_px: 485.0363  binary/HD95_px: 370.1555  binary/Hausdorff_m: 242.5181  binary/HD95_m: 185.0777  data_time: 0.0225  time: 1.6324
2026/09/26 16:21:20 - mmengine - INFO - The previous best checkpoint /workspace/work_dirs/rpgv_v2_single_stage_fixed/single_stage/seed_42/progressive_rgr/joint/best_binary_Foreground_IoU_iter_14000.pth is removed
2026/09/26 16:21:21 - mmengine - INFO - The best checkpoint with 71.9575 binary/Foreground_IoU at 16000 iter is saved to best_binary_Foreground_IoU_iter_16000.pth.
2026/09/26 16:22:00 - mmengine - INFO - Iter(train) [ 16050/100000]  base_lr: 5.1961e-04 lr: 5.1961e-05  eta: 16:54:14  time: 0.7250  data_time: 0.0165  memory: 11326  loss: 0.3939  loss_final: 0.0986  loss_rgb: 0.1094  loss_geometry: 0.0868  loss_reliability: 0.0105  loss_preserve: 0.0002  loss_equivariance: 0.0000  correction_scale: 0.0898  loss_correction_smoothness: 0.0000  loss_coarse: 0.0297  loss_boundary: 0.0532  loss_sdf: 0.0056  grad_norm: 1.7062
2026/09/26 16:22:36 - mmengine - INFO - Iter(train) [ 16100/100000]  base_lr: 5.1934e-04 lr: 5.1934e-05  eta: 16:53:36  time: 0.7106  data_time: 0.0163  memory: 11326  loss: 0.4562  loss_final: 0.1453  loss_rgb: 0.0803  loss_geometry: 0.1296  loss_reliability: 0.0136  loss_preserve: 0.0003  loss_equivariance: 0.0000  correction_scale: 0.0898  loss_correction_smoothness: 0.0000  loss_coarse: 0.0436  loss_boundary: 0.0367  loss_sdf: 0.0067  grad_norm: 1.8002
2026/09/26 16:23:12 - mmengine - INFO - Iter(train) [ 16150/100000]  base_lr: 5.1906e-04 lr: 5.1906e-05  eta: 16:53:01  time: 0.7375  data_time: 0.0165  memory: 11326  loss: 0.4644  loss_final: 0.1678  loss_rgb: 0.1002  loss_geometry: 0.0776  loss_reliability: 0.0159  loss_preserve: 0.0004  loss_equivariance: 0.0000  correction_scale: 0.0898  loss_correction_smoothness: 0.0001  loss_coarse: 0.0504  loss_boundary: 0.0466  loss_sdf: 0.0055  grad_norm: 2.1092
2026/09/26 16:23:49 - mmengine - INFO - Iter(train) [ 16200/100000]  base_lr: 5.1878e-04 lr: 5.1878e-05  eta: 16:52:26  time: 0.7268  data_time: 0.0153  memory: 11326  loss: 0.4315  loss_final: 0.1334  loss_rgb: 0.0927  loss_geometry: 0.1028  loss_reliability: 0.0071  loss_preserve: 0.0002  loss_equivariance: 0.0000  correction_scale: 0.0899  loss_correction_smoothness: 0.0001  loss_coarse: 0.0401  loss_boundary: 0.0472  loss_sdf: 0.0079  grad_norm: 1.7482
2026/09/26 16:24:25 - mmengine - INFO - Iter(train) [ 16250/100000]  base_lr: 5.1850e-04 lr: 5.1850e-05  eta: 16:51:49  time: 0.7175  data_time: 0.0154  memory: 11326  loss: 0.4213  loss_final: 0.1391  loss_rgb: 0.0931  loss_geometry: 0.0820  loss_reliability: 0.0089  loss_preserve: 0.0003  loss_equivariance: 0.0000  correction_scale: 0.0900  loss_correction_smoothness: 0.0001  loss_coarse: 0.0418  loss_boundary: 0.0478  loss_sdf: 0.0084  grad_norm: 2.3970
2026/09/26 16:25:01 - mmengine - INFO - Iter(train) [ 16300/100000]  base_lr: 5.1822e-04 lr: 5.1822e-05  eta: 16:51:11  time: 0.7102  data_time: 0.0159  memory: 11326  loss: 0.6303  loss_final: 0.2345  loss_rgb: 0.1188  loss_geometry: 0.1381  loss_reliability: 0.0132  loss_preserve: 0.0003  loss_equivariance: 0.0000  correction_scale: 0.0901  loss_correction_smoothness: 0.0001  loss_coarse: 0.0704  loss_boundary: 0.0470  loss_sdf: 0.0077  grad_norm: 2.5766
2026/09/26 16:25:37 - mmengine - INFO - Iter(train) [ 16350/100000]  base_lr: 5.1794e-04 lr: 5.1794e-05  eta: 16:50:34  time: 0.7263  data_time: 0.0165  memory: 11326  loss: 0.4587  loss_final: 0.1471  loss_rgb: 0.1066  loss_geometry: 0.0939  loss_reliability: 0.0074  loss_preserve: 0.0004  loss_equivariance: 0.0000  correction_scale: 0.0901  loss_correction_smoothness: 0.0001  loss_coarse: 0.0442  loss_boundary: 0.0525  loss_sdf: 0.0065  grad_norm: 2.0915
2026/09/26 16:26:13 - mmengine - INFO - Iter(train) [ 16400/100000]  base_lr: 5.1766e-04 lr: 5.1766e-05  eta: 16:49:59  time: 0.7122  data_time: 0.0155  memory: 11326  loss: 0.3708  loss_final: 0.1394  loss_rgb: 0.0579  loss_geometry: 0.0928  loss_reliability: 0.0054  loss_preserve: 0.0003  loss_equivariance: 0.0000  correction_scale: 0.0902  loss_correction_smoothness: 0.0001  loss_coarse: 0.0417  loss_boundary: 0.0261  loss_sdf: 0.0071  grad_norm: 2.1803
2026/09/26 16:26:49 - mmengine - INFO - Iter(train) [ 16450/100000]  base_lr: 5.1739e-04 lr: 5.1739e-05  eta: 16:49:22  time: 0.7195  data_time: 0.0159  memory: 11326  loss: 0.4316  loss_final: 0.1291  loss_rgb: 0.0994  loss_geometry: 0.0958  loss_reliability: 0.0131  loss_preserve: 0.0004  loss_equivariance: 0.0000  correction_scale: 0.0902  loss_correction_smoothness: 0.0001  loss_coarse: 0.0388  loss_boundary: 0.0472  loss_sdf: 0.0078  grad_norm: 1.9698
2026/09/26 16:27:26 - mmengine - INFO - Iter(train) [ 16500/100000]  base_lr: 5.1711e-04 lr: 5.1711e-05  eta: 16:48:45  time: 0.7232  data_time: 0.0165  memory: 11326  loss: 0.3491  loss_final: 0.0934  loss_rgb: 0.0918  loss_geometry: 0.0775  loss_reliability: 0.0072  loss_preserve: 0.0004  loss_equivariance: 0.0000  correction_scale: 0.0902  loss_correction_smoothness: 0.0001  loss_coarse: 0.0281  loss_boundary: 0.0465  loss_sdf: 0.0041  grad_norm: 1.7135
2026/09/26 16:28:02 - mmengine - INFO - Iter(train) [ 16550/100000]  base_lr: 5.1683e-04 lr: 5.1683e-05  eta: 16:48:07  time: 0.7153  data_time: 0.0173  memory: 11326  loss: 0.5015  loss_final: 0.1744  loss_rgb: 0.1099  loss_geometry: 0.1037  loss_reliability: 0.0057  loss_preserve: 0.0005  loss_equivariance: 0.0000  correction_scale: 0.0902  loss_correction_smoothness: 0.0001  loss_coarse: 0.0524  loss_boundary: 0.0473  loss_sdf: 0.0075  grad_norm: 1.6779
2026/09/26 16:28:37 - mmengine - INFO - Iter(train) [ 16600/100000]  base_lr: 5.1655e-04 lr: 5.1655e-05  eta: 16:47:30  time: 0.7333  data_time: 0.0156  memory: 11326  loss: 0.4277  loss_final: 0.1461  loss_rgb: 0.0965  loss_geometry: 0.0782  loss_reliability: 0.0107  loss_preserve: 0.0003  loss_equivariance: 0.0000  correction_scale: 0.0903  loss_correction_smoothness: 0.0001  loss_coarse: 0.0438  loss_boundary: 0.0472  loss_sdf: 0.0049  grad_norm: 1.8838
2026/09/26 16:29:14 - mmengine - INFO - Iter(train) [ 16650/100000]  base_lr: 5.1627e-04 lr: 5.1627e-05  eta: 16:46:54  time: 0.7237  data_time: 0.0170  memory: 11326  loss: 0.3791  loss_final: 0.0936  loss_rgb: 0.0933  loss_geometry: 0.1026  loss_reliability: 0.0131  loss_preserve: 0.0002  loss_equivariance: 0.0000  correction_scale: 0.0903  loss_correction_smoothness: 0.0001  loss_coarse: 0.0281  loss_boundary: 0.0425  loss_sdf: 0.0055  grad_norm: 1.6963
2026/09/26 16:29:50 - mmengine - INFO - Iter(train) [ 16700/100000]  base_lr: 5.1599e-04 lr: 5.1599e-05  eta: 16:46:16  time: 0.7193  data_time: 0.0153  memory: 11326  loss: 0.4213  loss_final: 0.1460  loss_rgb: 0.0969  loss_geometry: 0.0711  loss_reliability: 0.0074  loss_preserve: 0.0005  loss_equivariance: 0.0000  correction_scale: 0.0903  loss_correction_smoothness: 0.0001  loss_coarse: 0.0438  loss_boundary: 0.0469  loss_sdf: 0.0086  grad_norm: 1.7658
2026/09/26 16:30:26 - mmengine - INFO - Iter(train) [ 16750/100000]  base_lr: 5.1571e-04 lr: 5.1571e-05  eta: 16:45:39  time: 0.7186  data_time: 0.0161  memory: 11326  loss: 0.3590  loss_final: 0.0904  loss_rgb: 0.0950  loss_geometry: 0.0866  loss_reliability: 0.0074  loss_preserve: 0.0003  loss_equivariance: 0.0000  correction_scale: 0.0904  loss_correction_smoothness: 0.0001  loss_coarse: 0.0272  loss_boundary: 0.0470  loss_sdf: 0.0053  grad_norm: 1.7557
2026/09/26 16:31:03 - mmengine - INFO - Iter(train) [ 16800/100000]  base_lr: 5.1543e-04 lr: 5.1543e-05  eta: 16:45:05  time: 0.7354  data_time: 0.0161  memory: 11326  loss: 0.5911  loss_final: 0.2320  loss_rgb: 0.1006  loss_geometry: 0.1146  loss_reliability: 0.0143  loss_preserve: 0.0001  loss_equivariance: 0.0000  correction_scale: 0.0905  loss_correction_smoothness: 0.0000  loss_coarse: 0.0696  loss_boundary: 0.0475  loss_sdf: 0.0123  grad_norm: 1.8451
2026/09/26 16:31:39 - mmengine - INFO - Iter(train) [ 16850/100000]  base_lr: 5.1516e-04 lr: 5.1516e-05  eta: 16:44:28  time: 0.7211  data_time: 0.0162  memory: 11326  loss: 0.4513  loss_final: 0.1564  loss_rgb: 0.0929  loss_geometry: 0.0877  loss_reliability: 0.0169  loss_preserve: 0.0004  loss_equivariance: 0.0000  correction_scale: 0.0906  loss_correction_smoothness: 0.0001  loss_coarse: 0.0469  loss_boundary: 0.0419  loss_sdf: 0.0080  grad_norm: 1.8641
2026/09/26 16:32:15 - mmengine - INFO - Iter(train) [ 16900/100000]  base_lr: 5.1488e-04 lr: 5.1488e-05  eta: 16:43:52  time: 0.7309  data_time: 0.0175  memory: 11326  loss: 0.4385  loss_final: 0.1321  loss_rgb: 0.1109  loss_geometry: 0.0819  loss_reliability: 0.0135  loss_preserve: 0.0005  loss_equivariance: 0.0000  correction_scale: 0.0906  loss_correction_smoothness: 0.0001  loss_coarse: 0.0397  loss_boundary: 0.0516  loss_sdf: 0.0081  grad_norm: 1.7678
2026/09/26 16:32:51 - mmengine - INFO - Iter(train) [ 16950/100000]  base_lr: 5.1460e-04 lr: 5.1460e-05  eta: 16:43:16  time: 0.7272  data_time: 0.0156  memory: 11326  loss: 0.4849  loss_final: 0.1743  loss_rgb: 0.1080  loss_geometry: 0.0803  loss_reliability: 0.0079  loss_preserve: 0.0004  loss_equivariance: 0.0000  correction_scale: 0.0907  loss_correction_smoothness: 0.0001  loss_coarse: 0.0524  loss_boundary: 0.0524  loss_sdf: 0.0091  grad_norm: 1.9045
2026/09/26 16:33:28 - mmengine - INFO - Exp name: joint_20260926_115805
2026/09/26 16:33:28 - mmengine - INFO - Iter(train) [ 17000/100000]  base_lr: 5.1432e-04 lr: 5.1432e-05  eta: 16:42:40  time: 0.7359  data_time: 0.0162  memory: 11326  loss: 0.4261  loss_final: 0.1449  loss_rgb: 0.0901  loss_geometry: 0.0801  loss_reliability: 0.0101  loss_preserve: 0.0004  loss_equivariance: 0.0000  correction_scale: 0.0908  loss_correction_smoothness: 0.0001  loss_coarse: 0.0435  loss_boundary: 0.0472  loss_sdf: 0.0098  grad_norm: 1.6652
2026/09/26 16:34:03 - mmengine - INFO - Iter(train) [ 17050/100000]  base_lr: 5.1404e-04 lr: 5.1404e-05  eta: 16:42:03  time: 0.7163  data_time: 0.0156  memory: 11326  loss: 0.4650  loss_final: 0.1502  loss_rgb: 0.1036  loss_geometry: 0.0929  loss_reliability: 0.0205  loss_preserve: 0.0003  loss_equivariance: 0.0000  correction_scale: 0.0908  loss_correction_smoothness: 0.0001  loss_coarse: 0.0451  loss_boundary: 0.0467  loss_sdf: 0.0056  grad_norm: 1.7615
2026/09/26 16:34:39 - mmengine - INFO - Iter(train) [ 17100/100000]  base_lr: 5.1376e-04 lr: 5.1376e-05  eta: 16:41:24  time: 0.7007  data_time: 0.0164  memory: 11326  loss: 0.3368  loss_final: 0.1084  loss_rgb: 0.0526  loss_geometry: 0.0935  loss_reliability: 0.0189  loss_preserve: 0.0003  loss_equivariance: 0.0000  correction_scale: 0.0909  loss_correction_smoothness: 0.0001  loss_coarse: 0.0325  loss_boundary: 0.0259  loss_sdf: 0.0047  grad_norm: 1.4399
2026/09/26 16:35:15 - mmengine - INFO - Iter(train) [ 17150/100000]  base_lr: 5.1348e-04 lr: 5.1348e-05  eta: 16:40:47  time: 0.7200  data_time: 0.0161  memory: 11326  loss: 0.3935  loss_final: 0.1167  loss_rgb: 0.0986  loss_geometry: 0.0869  loss_reliability: 0.0040  loss_preserve: 0.0003  loss_equivariance: 0.0000  correction_scale: 0.0910  loss_correction_smoothness: 0.0001  loss_coarse: 0.0351  loss_boundary: 0.0470  loss_sdf: 0.0050  grad_norm: 1.8934
2026/09/26 16:35:51 - mmengine - INFO - Iter(train) [ 17200/100000]  base_lr: 5.1320e-04 lr: 5.1320e-05  eta: 16:40:10  time: 0.7348  data_time: 0.0170  memory: 11326  loss: 0.3830  loss_final: 0.1106  loss_rgb: 0.0883  loss_geometry: 0.0780  loss_reliability: 0.0199  loss_preserve: 0.0004  loss_equivariance: 0.0000  correction_scale: 0.0911  loss_correction_smoothness: 0.0001  loss_coarse: 0.0333  loss_boundary: 0.0472  loss_sdf: 0.0053  grad_norm: 1.5571
2026/09/26 16:36:27 - mmengine - INFO - Iter(train) [ 17250/100000]  base_lr: 5.1292e-04 lr: 5.1292e-05  eta: 16:39:33  time: 0.7171  data_time: 0.0173  memory: 11326  loss: 0.3770  loss_final: 0.1085  loss_rgb: 0.0949  loss_geometry: 0.0792  loss_reliability: 0.0148  loss_preserve: 0.0003  loss_equivariance: 0.0000  correction_scale: 0.0911  loss_correction_smoothness: 0.0001  loss_coarse: 0.0326  loss_boundary: 0.0406  loss_sdf: 0.0059  grad_norm: 1.7346
2026/09/26 16:37:03 - mmengine - INFO - Iter(train) [ 17300/100000]  base_lr: 5.1265e-04 lr: 5.1265e-05  eta: 16:38:56  time: 0.7148  data_time: 0.0164  memory: 11326  loss: 0.3383  loss_final: 0.0916  loss_rgb: 0.0700  loss_geometry: 0.0954  loss_reliability: 0.0118  loss_preserve: 0.0003  loss_equivariance: 0.0000  correction_scale: 0.0912  loss_correction_smoothness: 0.0001  loss_coarse: 0.0275  loss_boundary: 0.0365  loss_sdf: 0.0051  grad_norm: 1.9840
2026/09/26 16:37:40 - mmengine - INFO - Iter(train) [ 17350/100000]  base_lr: 5.1237e-04 lr: 5.1237e-05  eta: 16:38:19  time: 0.7194  data_time: 0.0155  memory: 11326  loss: 0.3304  loss_final: 0.0813  loss_rgb: 0.0763  loss_geometry: 0.0885  loss_reliability: 0.0204  loss_preserve: 0.0002  loss_equivariance: 0.0000  correction_scale: 0.0912  loss_correction_smoothness: 0.0000  loss_coarse: 0.0244  loss_boundary: 0.0361  loss_sdf: 0.0033  grad_norm: 1.4887
2026/09/26 16:38:16 - mmengine - INFO - Iter(train) [ 17400/100000]  base_lr: 5.1209e-04 lr: 5.1209e-05  eta: 16:37:42  time: 0.7364  data_time: 0.0162  memory: 11326  loss: 0.4284  loss_final: 0.1075  loss_rgb: 0.1109  loss_geometry: 0.1126  loss_reliability: 0.0114  loss_preserve: 0.0004  loss_equivariance: 0.0000  correction_scale: 0.0912  loss_correction_smoothness: 0.0001  loss_coarse: 0.0323  loss_boundary: 0.0469  loss_sdf: 0.0063  grad_norm: 1.5766
2026/09/26 16:38:52 - mmengine - INFO - Iter(train) [ 17450/100000]  base_lr: 5.1181e-04 lr: 5.1181e-05  eta: 16:37:05  time: 0.7093  data_time: 0.0156  memory: 11326  loss: 0.3896  loss_final: 0.1200  loss_rgb: 0.0851  loss_geometry: 0.0904  loss_reliability: 0.0114  loss_preserve: 0.0005  loss_equivariance: 0.0000  correction_scale: 0.0914  loss_correction_smoothness: 0.0001  loss_coarse: 0.0360  loss_boundary: 0.0416  loss_sdf: 0.0045  grad_norm: 1.8035
2026/09/26 16:39:28 - mmengine - INFO - Iter(train) [ 17500/100000]  base_lr: 5.1153e-04 lr: 5.1153e-05  eta: 16:36:28  time: 0.7132  data_time: 0.0158  memory: 11326  loss: 0.3360  loss_final: 0.0868  loss_rgb: 0.0758  loss_geometry: 0.0944  loss_reliability: 0.0115  loss_preserve: 0.0005  loss_equivariance: 0.0000  correction_scale: 0.0915  loss_correction_smoothness: 0.0001  loss_coarse: 0.0261  loss_boundary: 0.0364  loss_sdf: 0.0045  grad_norm: 2.0571
2026/09/26 16:40:04 - mmengine - INFO - Iter(train) [ 17550/100000]  base_lr: 5.1125e-04 lr: 5.1125e-05  eta: 16:35:50  time: 0.7165  data_time: 0.0156  memory: 11326  loss: 0.3869  loss_final: 0.0967  loss_rgb: 0.1003  loss_geometry: 0.0948  loss_reliability: 0.0135  loss_preserve: 0.0004  loss_equivariance: 0.0000  correction_scale: 0.0916  loss_correction_smoothness: 0.0001  loss_coarse: 0.0291  loss_boundary: 0.0474  loss_sdf: 0.0047  grad_norm: 1.8335
2026/09/26 16:40:40 - mmengine - INFO - Iter(train) [ 17600/100000]  base_lr: 5.1097e-04 lr: 5.1097e-05  eta: 16:35:13  time: 0.7283  data_time: 0.0162  memory: 11326  loss: 0.5559  loss_final: 0.2213  loss_rgb: 0.1008  loss_geometry: 0.1057  loss_reliability: 0.0081  loss_preserve: 0.0004  loss_equivariance: 0.0000  correction_scale: 0.0916  loss_correction_smoothness: 0.0001  loss_coarse: 0.0664  loss_boundary: 0.0418  loss_sdf: 0.0114  grad_norm: 2.2484
2026/09/26 16:41:16 - mmengine - INFO - Iter(train) [ 17650/100000]  base_lr: 5.1069e-04 lr: 5.1069e-05  eta: 16:34:36  time: 0.7195  data_time: 0.0165  memory: 11326  loss: 0.5404  loss_final: 0.2143  loss_rgb: 0.0935  loss_geometry: 0.0935  loss_reliability: 0.0153  loss_preserve: 0.0005  loss_equivariance: 0.0000  correction_scale: 0.0916  loss_correction_smoothness: 0.0001  loss_coarse: 0.0643  loss_boundary: 0.0476  loss_sdf: 0.0114  grad_norm: 1.8923
2026/09/26 16:41:52 - mmengine - INFO - Iter(train) [ 17700/100000]  base_lr: 5.1041e-04 lr: 5.1041e-05  eta: 16:33:59  time: 0.7131  data_time: 0.0160  memory: 11326  loss: 0.2930  loss_final: 0.0495  loss_rgb: 0.0711  loss_geometry: 0.0967  loss_reliability: 0.0214  loss_preserve: 0.0002  loss_equivariance: 0.0000  correction_scale: 0.0917  loss_correction_smoothness: 0.0000  loss_coarse: 0.0148  loss_boundary: 0.0365  loss_sdf: 0.0027  grad_norm: 2.1737
2026/09/26 16:42:28 - mmengine - INFO - Iter(train) [ 17750/100000]  base_lr: 5.1013e-04 lr: 5.1013e-05  eta: 16:33:22  time: 0.7225  data_time: 0.0168  memory: 11326  loss: 0.4298  loss_final: 0.1276  loss_rgb: 0.1003  loss_geometry: 0.0989  loss_reliability: 0.0106  loss_preserve: 0.0003  loss_equivariance: 0.0000  correction_scale: 0.0918  loss_correction_smoothness: 0.0001  loss_coarse: 0.0383  loss_boundary: 0.0472  loss_sdf: 0.0064  grad_norm: 1.8497
2026/09/26 16:43:04 - mmengine - INFO - Iter(train) [ 17800/100000]  base_lr: 5.0986e-04 lr: 5.0986e-05  eta: 16:32:46  time: 0.7344  data_time: 0.0161  memory: 11326  loss: 0.3153  loss_final: 0.0744  loss_rgb: 0.0731  loss_geometry: 0.0958  loss_reliability: 0.0101  loss_preserve: 0.0002  loss_equivariance: 0.0000  correction_scale: 0.0919  loss_correction_smoothness: 0.0000  loss_coarse: 0.0223  loss_boundary: 0.0363  loss_sdf: 0.0030  grad_norm: 1.9069
2026/09/26 16:43:40 - mmengine - INFO - Iter(train) [ 17850/100000]  base_lr: 5.0958e-04 lr: 5.0958e-05  eta: 16:32:09  time: 0.7154  data_time: 0.0164  memory: 11326  loss: 0.3222  loss_final: 0.0657  loss_rgb: 0.0760  loss_geometry: 0.1043  loss_reliability: 0.0158  loss_preserve: 0.0002  loss_equivariance: 0.0000  correction_scale: 0.0919  loss_correction_smoothness: 0.0001  loss_coarse: 0.0197  loss_boundary: 0.0367  loss_sdf: 0.0038  grad_norm: 1.8448
2026/09/26 16:44:17 - mmengine - INFO - Iter(train) [ 17900/100000]  base_lr: 5.0930e-04 lr: 5.0930e-05  eta: 16:31:33  time: 0.7256  data_time: 0.0164  memory: 11326  loss: 0.5129  loss_final: 0.1809  loss_rgb: 0.1031  loss_geometry: 0.1008  loss_reliability: 0.0171  loss_preserve: 0.0005  loss_equivariance: 0.0000  correction_scale: 0.0919  loss_correction_smoothness: 0.0001  loss_coarse: 0.0543  loss_boundary: 0.0471  loss_sdf: 0.0090  grad_norm: 1.8209
2026/09/26 16:44:53 - mmengine - INFO - Iter(train) [ 17950/100000]  base_lr: 5.0902e-04 lr: 5.0902e-05  eta: 16:30:56  time: 0.7235  data_time: 0.0175  memory: 11326  loss: 0.4563  loss_final: 0.1590  loss_rgb: 0.0947  loss_geometry: 0.0842  loss_reliability: 0.0189  loss_preserve: 0.0005  loss_equivariance: 0.0000  correction_scale: 0.0920  loss_correction_smoothness: 0.0001  loss_coarse: 0.0477  loss_boundary: 0.0423  loss_sdf: 0.0089  grad_norm: 1.8567
2026/09/26 16:45:29 - mmengine - INFO - Exp name: joint_20260926_115805
2026/09/26 16:45:29 - mmengine - INFO - Iter(train) [ 18000/100000]  base_lr: 5.0874e-04 lr: 5.0874e-05  eta: 16:30:19  time: 0.7327  data_time: 0.0169  memory: 11326  loss: 0.3797  loss_final: 0.1088  loss_rgb: 0.0846  loss_geometry: 0.0836  loss_reliability: 0.0221  loss_preserve: 0.0004  loss_equivariance: 0.0000  correction_scale: 0.0920  loss_correction_smoothness: 0.0001  loss_coarse: 0.0327  loss_boundary: 0.0420  loss_sdf: 0.0055  grad_norm: 1.7849
2026/09/26 16:45:29 - mmengine - INFO - Saving checkpoint at 18000 iterations
2026/09/26 16:46:34 - mmengine - INFO - Iter(val) [ 50/304]    eta: 0:05:22  time: 1.2535  data_time: 0.0187  memory: 1184  
2026/09/26 16:48:04 - mmengine - INFO - Iter(val) [100/304]    eta: 0:05:13  time: 1.7634  data_time: 0.0213  memory: 1184  
2026/09/26 16:49:31 - mmengine - INFO - Iter(val) [150/304]    eta: 0:04:06  time: 1.7317  data_time: 0.0202  memory: 1184  
2026/09/26 16:50:55 - mmengine - INFO - Iter(val) [200/304]    eta: 0:02:48  time: 1.6629  data_time: 0.0208  memory: 1184  
2026/09/26 16:52:19 - mmengine - INFO - Iter(val) [250/304]    eta: 0:01:28  time: 1.7155  data_time: 0.0194  memory: 1184  
2026/09/26 16:53:41 - mmengine - INFO - Iter(val) [300/304]    eta: 0:00:06  time: 1.6375  data_time: 0.0213  memory: 1184  
2026/09/26 16:53:48 - mmengine - INFO - per class results:
2026/09/26 16:53:48 - mmengine - INFO - 
+------------------+-------+-------+-------+--------+-----------+--------+
|      Class       |  IoU  |  Acc  |  Dice | Fscore | Precision | Recall |
+------------------+-------+-------+-------+--------+-----------+--------+
|    background    | 96.33 | 97.01 | 98.13 | 98.13  |   99.28   | 97.01  |
| wastewater_plant | 68.66 |  92.0 | 81.42 | 81.42  |   73.02   |  92.0  |
+------------------+-------+-------+-------+--------+-----------+--------+
2026/09/26 16:53:48 - mmengine - INFO - Iter(val) [304/304]    aAcc: 96.6000  mIoU: 82.4900  mAcc: 94.5000  mDice: 89.7700  mFscore: 89.7700  mPrecision: 86.1500  mRecall: 94.5000  binary/Foreground_IoU: 68.6561  binary/Dice: 81.4155  binary/F1: 81.4155  binary/Precision: 73.0176  binary/Recall: 91.9962  binary/Boundary_F1: 10.0417  binary/BFScore: 10.0417  binary/Boundary_Precision: 7.5868  binary/Boundary_Recall: 14.8453  binary/Hausdorff_px: 552.8851  binary/HD95_px: 425.8187  binary/Hausdorff_m: 276.4426  binary/HD95_m: 212.9094  data_time: 0.0223  time: 1.6368
2026/09/26 16:54:24 - mmengine - INFO - Iter(train) [ 18050/100000]  base_lr: 5.0846e-04 lr: 5.0846e-05  eta: 16:29:43  time: 0.7228  data_time: 0.0155  memory: 11326  loss: 0.5049  loss_final: 0.1629  loss_rgb: 0.1161  loss_geometry: 0.0921  loss_reliability: 0.0191  loss_preserve: 0.0005  loss_equivariance: 0.0000  correction_scale: 0.0920  loss_correction_smoothness: 0.0001  loss_coarse: 0.0489  loss_boundary: 0.0537  loss_sdf: 0.0116  grad_norm: 1.8976
2026/09/26 16:55:00 - mmengine - INFO - Iter(train) [ 18100/100000]  base_lr: 5.0818e-04 lr: 5.0818e-05  eta: 16:29:07  time: 0.7252  data_time: 0.0163  memory: 11326  loss: 0.4711  loss_final: 0.1454  loss_rgb: 0.1118  loss_geometry: 0.0916  loss_reliability: 0.0160  loss_preserve: 0.0005  loss_equivariance: 0.0000  correction_scale: 0.0920  loss_correction_smoothness: 0.0001  loss_coarse: 0.0437  loss_boundary: 0.0523  loss_sdf: 0.0097  grad_norm: 1.8470
2026/09/26 16:55:37 - mmengine - INFO - Iter(train) [ 18150/100000]  base_lr: 5.0790e-04 lr: 5.0790e-05  eta: 16:28:30  time: 0.7260  data_time: 0.0153  memory: 11326  loss: 0.4850  loss_final: 0.1591  loss_rgb: 0.1153  loss_geometry: 0.0999  loss_reliability: 0.0047  loss_preserve: 0.0003  loss_equivariance: 0.0000  correction_scale: 0.0920  loss_correction_smoothness: 0.0001  loss_coarse: 0.0478  loss_boundary: 0.0521  loss_sdf: 0.0057  grad_norm: 2.1431
2026/09/26 16:56:13 - mmengine - INFO - Iter(train) [ 18200/100000]  base_lr: 5.0762e-04 lr: 5.0762e-05  eta: 16:27:56  time: 0.7362  data_time: 0.0164  memory: 11326  loss: 0.6206  loss_final: 0.2448  loss_rgb: 0.1177  loss_geometry: 0.0964  loss_reliability: 0.0182  loss_preserve: 0.0005  loss_equivariance: 0.0000  correction_scale: 0.0922  loss_correction_smoothness: 0.0002  loss_coarse: 0.0735  loss_boundary: 0.0520  loss_sdf: 0.0173  grad_norm: 6.0067
2026/09/26 16:56:49 - mmengine - INFO - Iter(train) [ 18250/100000]  base_lr: 5.0734e-04 lr: 5.0734e-05  eta: 16:27:19  time: 0.7232  data_time: 0.0155  memory: 11326  loss: 0.4676  loss_final: 0.1460  loss_rgb: 0.1063  loss_geometry: 0.0961  loss_reliability: 0.0188  loss_preserve: 0.0004  loss_equivariance: 0.0000  correction_scale: 0.0922  loss_correction_smoothness: 0.0001  loss_coarse: 0.0438  loss_boundary: 0.0471  loss_sdf: 0.0090  grad_norm: 6.2729
2026/09/26 16:57:26 - mmengine - INFO - Iter(train) [ 18300/100000]  base_lr: 5.0706e-04 lr: 5.0706e-05  eta: 16:26:43  time: 0.7175  data_time: 0.0157  memory: 11326  loss: 0.4919  loss_final: 0.1722  loss_rgb: 0.1066  loss_geometry: 0.1011  loss_reliability: 0.0054  loss_preserve: 0.0003  loss_equivariance: 0.0000  correction_scale: 0.0922  loss_correction_smoothness: 0.0001  loss_coarse: 0.0517  loss_boundary: 0.0469  loss_sdf: 0.0075  grad_norm: 2.2475
2026/09/26 16:58:02 - mmengine - INFO - Iter(train) [ 18350/100000]  base_lr: 5.0678e-04 lr: 5.0678e-05  eta: 16:26:06  time: 0.7163  data_time: 0.0160  memory: 11326  loss: 0.3140  loss_final: 0.0782  loss_rgb: 0.0706  loss_geometry: 0.0837  loss_reliability: 0.0164  loss_preserve: 0.0004  loss_equivariance: 0.0000  correction_scale: 0.0923  loss_correction_smoothness: 0.0001  loss_coarse: 0.0235  loss_boundary: 0.0368  loss_sdf: 0.0044  grad_norm: 2.1066
2026/09/26 16:58:38 - mmengine - INFO - Iter(train) [ 18400/100000]  base_lr: 5.0651e-04 lr: 5.0651e-05  eta: 16:25:30  time: 0.7298  data_time: 0.0156  memory: 11326  loss: 0.5032  loss_final: 0.1911  loss_rgb: 0.0937  loss_geometry: 0.1042  loss_reliability: 0.0042  loss_preserve: 0.0003  loss_equivariance: 0.0000  correction_scale: 0.0922  loss_correction_smoothness: 0.0001  loss_coarse: 0.0574  loss_boundary: 0.0419  loss_sdf: 0.0103  grad_norm: 1.9824
2026/09/26 16:59:14 - mmengine - INFO - Iter(train) [ 18450/100000]  base_lr: 5.0623e-04 lr: 5.0623e-05  eta: 16:24:54  time: 0.7071  data_time: 0.0155  memory: 11326  loss: 0.3699  loss_final: 0.1114  loss_rgb: 0.0760  loss_geometry: 0.0831  loss_reliability: 0.0229  loss_preserve: 0.0003  loss_equivariance: 0.0000  correction_scale: 0.0922  loss_correction_smoothness: 0.0001  loss_coarse: 0.0334  loss_boundary: 0.0370  loss_sdf: 0.0057  grad_norm: 2.0563
2026/09/26 16:59:50 - mmengine - INFO - Iter(train) [ 18500/100000]  base_lr: 5.0595e-04 lr: 5.0595e-05  eta: 16:24:16  time: 0.7239  data_time: 0.0157  memory: 11326  loss: 0.3761  loss_final: 0.1044  loss_rgb: 0.0967  loss_geometry: 0.0800  loss_reliability: 0.0118  loss_preserve: 0.0002  loss_equivariance: 0.0000  correction_scale: 0.0923  loss_correction_smoothness: 0.0001  loss_coarse: 0.0314  loss_boundary: 0.0465  loss_sdf: 0.0048  grad_norm: 1.7653
2026/09/26 17:00:26 - mmengine - INFO - Iter(train) [ 18550/100000]  base_lr: 5.0567e-04 lr: 5.0567e-05  eta: 16:23:40  time: 0.7252  data_time: 0.0150  memory: 11326  loss: 0.4062  loss_final: 0.1296  loss_rgb: 0.1011  loss_geometry: 0.0671  loss_reliability: 0.0102  loss_preserve: 0.0004  loss_equivariance: 0.0000  correction_scale: 0.0923  loss_correction_smoothness: 0.0001  loss_coarse: 0.0390  loss_boundary: 0.0517  loss_sdf: 0.0069  grad_norm: 1.8044
2026/09/26 17:01:02 - mmengine - INFO - Iter(train) [ 18600/100000]  base_lr: 5.0539e-04 lr: 5.0539e-05  eta: 16:23:03  time: 0.7314  data_time: 0.0159  memory: 11326  loss: 0.3992  loss_final: 0.1004  loss_rgb: 0.0972  loss_geometry: 0.1105  loss_reliability: 0.0100  loss_preserve: 0.0001  loss_equivariance: 0.0000  correction_scale: 0.0923  loss_correction_smoothness: 0.0000  loss_coarse: 0.0302  loss_boundary: 0.0465  loss_sdf: 0.0042  grad_norm: 1.9818
2026/09/26 17:01:39 - mmengine - INFO - Iter(train) [ 18650/100000]  base_lr: 5.0511e-04 lr: 5.0511e-05  eta: 16:22:27  time: 0.7169  data_time: 0.0160  memory: 11326  loss: 0.4230  loss_final: 0.1166  loss_rgb: 0.0997  loss_geometry: 0.1004  loss_reliability: 0.0190  loss_preserve: 0.0003  loss_equivariance: 0.0000  correction_scale: 0.0925  loss_correction_smoothness: 0.0001  loss_coarse: 0.0350  loss_boundary: 0.0468  loss_sdf: 0.0050  grad_norm: 2.1432
2026/09/26 17:02:15 - mmengine - INFO - Iter(train) [ 18700/100000]  base_lr: 5.0483e-04 lr: 5.0483e-05  eta: 16:21:51  time: 0.7230  data_time: 0.0169  memory: 11326  loss: 0.4502  loss_final: 0.1499  loss_rgb: 0.1056  loss_geometry: 0.0817  loss_reliability: 0.0123  loss_preserve: 0.0004  loss_equivariance: 0.0000  correction_scale: 0.0926  loss_correction_smoothness: 0.0001  loss_coarse: 0.0450  loss_boundary: 0.0479  loss_sdf: 0.0072  grad_norm: 2.3019
2026/09/26 17:02:51 - mmengine - INFO - Iter(train) [ 18750/100000]  base_lr: 5.0455e-04 lr: 5.0455e-05  eta: 16:21:14  time: 0.7229  data_time: 0.0161  memory: 11326  loss: 0.3968  loss_final: 0.1103  loss_rgb: 0.0867  loss_geometry: 0.0891  loss_reliability: 0.0237  loss_preserve: 0.0003  loss_equivariance: 0.0000  correction_scale: 0.0926  loss_correction_smoothness: 0.0001  loss_coarse: 0.0332  loss_boundary: 0.0467  loss_sdf: 0.0067  grad_norm: 2.8339
2026/09/26 17:03:27 - mmengine - INFO - Iter(train) [ 18800/100000]  base_lr: 5.0427e-04 lr: 5.0427e-05  eta: 16:20:38  time: 0.7322  data_time: 0.0170  memory: 11326  loss: 0.4119  loss_final: 0.1304  loss_rgb: 0.0898  loss_geometry: 0.0983  loss_reliability: 0.0071  loss_preserve: 0.0005  loss_equivariance: 0.0000  correction_scale: 0.0927  loss_correction_smoothness: 0.0001  loss_coarse: 0.0392  loss_boundary: 0.0423  loss_sdf: 0.0041  grad_norm: 2.4459
2026/09/26 17:04:03 - mmengine - INFO - Iter(train) [ 18850/100000]  base_lr: 5.0399e-04 lr: 5.0399e-05  eta: 16:20:00  time: 0.7196  data_time: 0.0156  memory: 11326  loss: 0.4439  loss_final: 0.1433  loss_rgb: 0.0996  loss_geometry: 0.0972  loss_reliability: 0.0123  loss_preserve: 0.0004  loss_equivariance: 0.0000  correction_scale: 0.0927  loss_correction_smoothness: 0.0001  loss_coarse: 0.0430  loss_boundary: 0.0417  loss_sdf: 0.0064  grad_norm: 1.9558
2026/09/26 17:04:39 - mmengine - INFO - Iter(train) [ 18900/100000]  base_lr: 5.0371e-04 lr: 5.0371e-05  eta: 16:19:24  time: 0.7199  data_time: 0.0157  memory: 11326  loss: 0.4176  loss_final: 0.1231  loss_rgb: 0.1007  loss_geometry: 0.0898  loss_reliability: 0.0143  loss_preserve: 0.0005  loss_equivariance: 0.0000  correction_scale: 0.0928  loss_correction_smoothness: 0.0001  loss_coarse: 0.0370  loss_boundary: 0.0473  loss_sdf: 0.0047  grad_norm: 2.4537
2026/09/26 17:05:15 - mmengine - INFO - Iter(train) [ 18950/100000]  base_lr: 5.0343e-04 lr: 5.0343e-05  eta: 16:18:47  time: 0.7121  data_time: 0.0152  memory: 11326  loss: 0.3571  loss_final: 0.1020  loss_rgb: 0.0802  loss_geometry: 0.0879  loss_reliability: 0.0139  loss_preserve: 0.0004  loss_equivariance: 0.0000  correction_scale: 0.0928  loss_correction_smoothness: 0.0001  loss_coarse: 0.0306  loss_boundary: 0.0366  loss_sdf: 0.0054  grad_norm: 2.2548
2026/09/26 17:05:52 - mmengine - INFO - Exp name: joint_20260926_115805
2026/09/26 17:05:52 - mmengine - INFO - Iter(train) [ 19000/100000]  base_lr: 5.0315e-04 lr: 5.0315e-05  eta: 16:18:10  time: 0.7247  data_time: 0.0157  memory: 11326  loss: 0.4849  loss_final: 0.1699  loss_rgb: 0.0872  loss_geometry: 0.1102  loss_reliability: 0.0147  loss_preserve: 0.0004  loss_equivariance: 0.0000  correction_scale: 0.0929  loss_correction_smoothness: 0.0001  loss_coarse: 0.0510  loss_boundary: 0.0416  loss_sdf: 0.0099  grad_norm: 2.3516
2026/09/26 17:06:28 - mmengine - INFO - Iter(train) [ 19050/100000]  base_lr: 5.0287e-04 lr: 5.0287e-05  eta: 16:17:33  time: 0.7246  data_time: 0.0166  memory: 11326  loss: 0.4648  loss_final: 0.1593  loss_rgb: 0.1103  loss_geometry: 0.0822  loss_reliability: 0.0067  loss_preserve: 0.0004  loss_equivariance: 0.0000  correction_scale: 0.0929  loss_correction_smoothness: 0.0001  loss_coarse: 0.0479  loss_boundary: 0.0523  loss_sdf: 0.0057  grad_norm: 2.0884
2026/09/26 17:07:04 - mmengine - INFO - Iter(train) [ 19100/100000]  base_lr: 5.0259e-04 lr: 5.0259e-05  eta: 16:16:57  time: 0.7186  data_time: 0.0173  memory: 11326  loss: 0.3963  loss_final: 0.1175  loss_rgb: 0.0921  loss_geometry: 0.0993  loss_reliability: 0.0034  loss_preserve: 0.0004  loss_equivariance: 0.0000  correction_scale: 0.0929  loss_correction_smoothness: 0.0001  loss_coarse: 0.0353  loss_boundary: 0.0420  loss_sdf: 0.0062  grad_norm: 2.7068
2026/09/26 17:07:40 - mmengine - INFO - Iter(train) [ 19150/100000]  base_lr: 5.0231e-04 lr: 5.0231e-05  eta: 16:16:20  time: 0.7234  data_time: 0.0159  memory: 11324  loss: 0.3741  loss_final: 0.1157  loss_rgb: 0.0929  loss_geometry: 0.0749  loss_reliability: 0.0038  loss_preserve: 0.0005  loss_equivariance: 0.0000  correction_scale: 0.0929  loss_correction_smoothness: 0.0001  loss_coarse: 0.0348  loss_boundary: 0.0462  loss_sdf: 0.0053  grad_norm: 2.1828
2026/09/26 17:08:16 - mmengine - INFO - Iter(train) [ 19200/100000]  base_lr: 5.0203e-04 lr: 5.0203e-05  eta: 16:15:44  time: 0.7232  data_time: 0.0169  memory: 11326  loss: 0.2675  loss_final: 0.0586  loss_rgb: 0.0630  loss_geometry: 0.0824  loss_reliability: 0.0109  loss_preserve: 0.0003  loss_equivariance: 0.0000  correction_scale: 0.0929  loss_correction_smoothness: 0.0001  loss_coarse: 0.0176  loss_boundary: 0.0312  loss_sdf: 0.0035  grad_norm: 1.6735
2026/09/26 17:08:52 - mmengine - INFO - Iter(train) [ 19250/100000]  base_lr: 5.0175e-04 lr: 5.0175e-05  eta: 16:15:07  time: 0.7166  data_time: 0.0156  memory: 11326  loss: 0.5186  loss_final: 0.1778  loss_rgb: 0.1096  loss_geometry: 0.0860  loss_reliability: 0.0365  loss_preserve: 0.0004  loss_equivariance: 0.0000  correction_scale: 0.0930  loss_correction_smoothness: 0.0001  loss_coarse: 0.0534  loss_boundary: 0.0458  loss_sdf: 0.0090  grad_norm: 2.3322
2026/09/26 17:09:29 - mmengine - INFO - Iter(train) [ 19300/100000]  base_lr: 5.0147e-04 lr: 5.0147e-05  eta: 16:14:31  time: 0.7174  data_time: 0.0159  memory: 11326  loss: 0.4431  loss_final: 0.1691  loss_rgb: 0.0687  loss_geometry: 0.0937  loss_reliability: 0.0104  loss_preserve: 0.0003  loss_equivariance: 0.0000  correction_scale: 0.0930  loss_correction_smoothness: 0.0001  loss_coarse: 0.0507  loss_boundary: 0.0373  loss_sdf: 0.0129  grad_norm: 2.4625
2026/09/26 17:10:05 - mmengine - INFO - Iter(train) [ 19350/100000]  base_lr: 5.0119e-04 lr: 5.0119e-05  eta: 16:13:55  time: 0.7192  data_time: 0.0163  memory: 11326  loss: 0.4753  loss_final: 0.1730  loss_rgb: 0.0933  loss_geometry: 0.0871  loss_reliability: 0.0148  loss_preserve: 0.0005  loss_equivariance: 0.0000  correction_scale: 0.0930  loss_correction_smoothness: 0.0001  loss_coarse: 0.0517  loss_boundary: 0.0473  loss_sdf: 0.0074  grad_norm: 2.5594
2026/09/26 17:10:41 - mmengine - INFO - Iter(train) [ 19400/100000]  base_lr: 5.0092e-04 lr: 5.0092e-05  eta: 16:13:18  time: 0.7380  data_time: 0.0182  memory: 11326  loss: 0.4701  loss_final: 0.1523  loss_rgb: 0.1053  loss_geometry: 0.1016  loss_reliability: 0.0106  loss_preserve: 0.0003  loss_equivariance: 0.0000  correction_scale: 0.0930  loss_correction_smoothness: 0.0001  loss_coarse: 0.0457  loss_boundary: 0.0471  loss_sdf: 0.0070  grad_norm: 2.0912
2026/09/26 17:11:17 - mmengine - INFO - Iter(train) [ 19450/100000]  base_lr: 5.0064e-04 lr: 5.0064e-05  eta: 16:12:41  time: 0.7183  data_time: 0.0155  memory: 11326  loss: 0.3543  loss_final: 0.0858  loss_rgb: 0.0974  loss_geometry: 0.0834  loss_reliability: 0.0119  loss_preserve: 0.0004  loss_equivariance: 0.0000  correction_scale: 0.0931  loss_correction_smoothness: 0.0001  loss_coarse: 0.0258  loss_boundary: 0.0466  loss_sdf: 0.0029  grad_norm: 2.2907
2026/09/26 17:11:53 - mmengine - INFO - Iter(train) [ 19500/100000]  base_lr: 5.0036e-04 lr: 5.0036e-05  eta: 16:12:03  time: 0.7087  data_time: 0.0166  memory: 11326  loss: 0.3266  loss_final: 0.1026  loss_rgb: 0.0674  loss_geometry: 0.0862  loss_reliability: 0.0033  loss_preserve: 0.0003  loss_equivariance: 0.0000  correction_scale: 0.0931  loss_correction_smoothness: 0.0001  loss_coarse: 0.0307  loss_boundary: 0.0310  loss_sdf: 0.0049  grad_norm: 1.9589
2026/09/26 17:12:29 - mmengine - INFO - Iter(train) [ 19550/100000]  base_lr: 5.0008e-04 lr: 5.0008e-05  eta: 16:11:26  time: 0.7243  data_time: 0.0166  memory: 11326  loss: 0.4095  loss_final: 0.1252  loss_rgb: 0.0930  loss_geometry: 0.0922  loss_reliability: 0.0130  loss_preserve: 0.0004  loss_equivariance: 0.0000  correction_scale: 0.0931  loss_correction_smoothness: 0.0001  loss_coarse: 0.0376  loss_boundary: 0.0418  loss_sdf: 0.0063  grad_norm: 1.7097
2026/09/26 17:13:05 - mmengine - INFO - Iter(train) [ 19600/100000]  base_lr: 4.9980e-04 lr: 4.9980e-05  eta: 16:10:49  time: 0.7366  data_time: 0.0165  memory: 11326  loss: 0.4821  loss_final: 0.1657  loss_rgb: 0.1099  loss_geometry: 0.0771  loss_reliability: 0.0203  loss_preserve: 0.0004  loss_equivariance: 0.0000  correction_scale: 0.0931  loss_correction_smoothness: 0.0001  loss_coarse: 0.0498  loss_boundary: 0.0521  loss_sdf: 0.0067  grad_norm: 1.9259
2026/09/26 17:13:41 - mmengine - INFO - Iter(train) [ 19650/100000]  base_lr: 4.9952e-04 lr: 4.9952e-05  eta: 16:10:13  time: 0.7238  data_time: 0.0153  memory: 11326  loss: 0.3549  loss_final: 0.0899  loss_rgb: 0.1039  loss_geometry: 0.0686  loss_reliability: 0.0077  loss_preserve: 0.0004  loss_equivariance: 0.0000  correction_scale: 0.0931  loss_correction_smoothness: 0.0001  loss_coarse: 0.0271  loss_boundary: 0.0518  loss_sdf: 0.0054  grad_norm: 2.0516
2026/09/26 17:14:17 - mmengine - INFO - Iter(train) [ 19700/100000]  base_lr: 4.9924e-04 lr: 4.9924e-05  eta: 16:09:37  time: 0.7164  data_time: 0.0158  memory: 11326  loss: 0.3194  loss_final: 0.0845  loss_rgb: 0.0815  loss_geometry: 0.0719  loss_reliability: 0.0100  loss_preserve: 0.0004  loss_equivariance: 0.0000  correction_scale: 0.0932  loss_correction_smoothness: 0.0001  loss_coarse: 0.0254  loss_boundary: 0.0411  loss_sdf: 0.0045  grad_norm: 1.9766
2026/09/26 17:14:53 - mmengine - INFO - Iter(train) [ 19750/100000]  base_lr: 4.9896e-04 lr: 4.9896e-05  eta: 16:09:00  time: 0.7182  data_time: 0.0169  memory: 11326  loss: 0.3882  loss_final: 0.1173  loss_rgb: 0.0975  loss_geometry: 0.0845  loss_reliability: 0.0041  loss_preserve: 0.0004  loss_equivariance: 0.0000  correction_scale: 0.0932  loss_correction_smoothness: 0.0001  loss_coarse: 0.0353  loss_boundary: 0.0460  loss_sdf: 0.0031  grad_norm: 1.9003
2026/09/26 17:15:29 - mmengine - INFO - Iter(train) [ 19800/100000]  base_lr: 4.9868e-04 lr: 4.9868e-05  eta: 16:08:23  time: 0.7260  data_time: 0.0166  memory: 11326  loss: 0.4445  loss_final: 0.1732  loss_rgb: 0.0759  loss_geometry: 0.1012  loss_reliability: 0.0049  loss_preserve: 0.0004  loss_equivariance: 0.0000  correction_scale: 0.0933  loss_correction_smoothness: 0.0001  loss_coarse: 0.0443  loss_boundary: 0.0371  loss_sdf: 0.0074  grad_norm: 5.4259
2026/09/26 17:16:05 - mmengine - INFO - Iter(train) [ 19850/100000]  base_lr: 4.9840e-04 lr: 4.9840e-05  eta: 16:07:46  time: 0.7267  data_time: 0.0168  memory: 11326  loss: 0.5204  loss_final: 0.1896  loss_rgb: 0.1048  loss_geometry: 0.0859  loss_reliability: 0.0251  loss_preserve: 0.0004  loss_equivariance: 0.0000  correction_scale: 0.0933  loss_correction_smoothness: 0.0001  loss_coarse: 0.0570  loss_boundary: 0.0476  loss_sdf: 0.0098  grad_norm: 5.8731
2026/09/26 17:16:41 - mmengine - INFO - Iter(train) [ 19900/100000]  base_lr: 4.9812e-04 lr: 4.9812e-05  eta: 16:07:08  time: 0.7162  data_time: 0.0169  memory: 11326  loss: 0.3030  loss_final: 0.0538  loss_rgb: 0.0791  loss_geometry: 0.0840  loss_reliability: 0.0264  loss_preserve: 0.0003  loss_equivariance: 0.0000  correction_scale: 0.0933  loss_correction_smoothness: 0.0001  loss_coarse: 0.0162  loss_boundary: 0.0406  loss_sdf: 0.0024  grad_norm: 2.0768
2026/09/26 17:17:18 - mmengine - INFO - Iter(train) [ 19950/100000]  base_lr: 4.9784e-04 lr: 4.9784e-05  eta: 16:06:32  time: 0.7126  data_time: 0.0167  memory: 11326  loss: 0.3404  loss_final: 0.0804  loss_rgb: 0.0810  loss_geometry: 0.0965  loss_reliability: 0.0182  loss_preserve: 0.0003  loss_equivariance: 0.0000  correction_scale: 0.0933  loss_correction_smoothness: 0.0001  loss_coarse: 0.0241  loss_boundary: 0.0368  loss_sdf: 0.0030  grad_norm: 1.7420
2026/09/26 17:17:54 - mmengine - INFO - Exp name: joint_20260926_115805
2026/09/26 17:17:54 - mmengine - INFO - Iter(train) [ 20000/100000]  base_lr: 4.9756e-04 lr: 4.9756e-05  eta: 16:05:56  time: 0.7339  data_time: 0.0175  memory: 11326  loss: 0.4413  loss_final: 0.1550  loss_rgb: 0.0997  loss_geometry: 0.0820  loss_reliability: 0.0046  loss_preserve: 0.0004  loss_equivariance: 0.0000  correction_scale: 0.0934  loss_correction_smoothness: 0.0001  loss_coarse: 0.0466  loss_boundary: 0.0469  loss_sdf: 0.0060  grad_norm: 1.7060
2026/09/26 17:17:54 - mmengine - INFO - Saving checkpoint at 20000 iterations
2026/09/26 17:19:00 - mmengine - INFO - Iter(val) [ 50/304]    eta: 0:05:24  time: 1.2660  data_time: 0.0187  memory: 1184  
2026/09/26 17:20:28 - mmengine - INFO - Iter(val) [100/304]    eta: 0:05:10  time: 1.7099  data_time: 0.0194  memory: 1184  
2026/09/26 17:21:53 - mmengine - INFO - Iter(val) [150/304]    eta: 0:04:03  time: 1.6663  data_time: 0.0201  memory: 1184  
2026/09/26 17:23:16 - mmengine - INFO - Iter(val) [200/304]    eta: 0:02:46  time: 1.6709  data_time: 0.0193  memory: 1184  
2026/09/26 17:24:39 - mmengine - INFO - Iter(val) [250/304]    eta: 0:01:27  time: 1.6778  data_time: 0.0196  memory: 1184  
2026/09/26 17:26:00 - mmengine - INFO - Iter(val) [300/304]    eta: 0:00:06  time: 1.5724  data_time: 0.0214  memory: 1184  
2026/09/26 17:26:07 - mmengine - INFO - per class results:
2026/09/26 17:26:07 - mmengine - INFO - 
+------------------+-------+-------+-------+--------+-----------+--------+
|      Class       |  IoU  |  Acc  |  Dice | Fscore | Precision | Recall |
+------------------+-------+-------+-------+--------+-----------+--------+
|    background    | 97.05 | 98.22 |  98.5 |  98.5  |   98.79   | 98.22  |
| wastewater_plant |  71.8 | 86.29 | 83.58 | 83.58  |   81.04   | 86.29  |
+------------------+-------+-------+-------+--------+-----------+--------+
2026/09/26 17:26:07 - mmengine - INFO - Iter(val) [304/304]    aAcc: 97.2600  mIoU: 84.4200  mAcc: 92.2600  mDice: 91.0400  mFscore: 91.0400  mPrecision: 89.9100  mRecall: 92.2600  binary/Foreground_IoU: 71.7964  binary/Dice: 83.5831  binary/F1: 83.5831  binary/Precision: 81.0366  binary/Recall: 86.2949  binary/Boundary_F1: 12.8015  binary/BFScore: 12.8015  binary/Boundary_Precision: 10.1108  binary/Boundary_Recall: 17.4434  binary/Hausdorff_px: 456.4592  binary/HD95_px: 351.4764  binary/Hausdorff_m: 228.2296  binary/HD95_m: 175.7382  data_time: 0.0221  time: 1.6181
2026/09/26 17:26:43 - mmengine - INFO - Iter(train) [ 20050/100000]  base_lr: 4.9728e-04 lr: 4.9728e-05  eta: 16:05:19  time: 0.7072  data_time: 0.0167  memory: 11326  loss: 0.2875  loss_final: 0.0604  loss_rgb: 0.0722  loss_geometry: 0.0903  loss_reliability: 0.0067  loss_preserve: 0.0003  loss_equivariance: 0.0000  correction_scale: 0.0935  loss_correction_smoothness: 0.0001  loss_coarse: 0.0181  loss_boundary: 0.0360  loss_sdf: 0.0033  grad_norm: 1.7468
2026/09/26 17:27:19 - mmengine - INFO - Iter(train) [ 20100/100000]  base_lr: 4.9700e-04 lr: 4.9700e-05  eta: 16:04:42  time: 0.7174  data_time: 0.0185  memory: 11326  loss: 0.3191  loss_final: 0.0835  loss_rgb: 0.0704  loss_geometry: 0.0863  loss_reliability: 0.0107  loss_preserve: 0.0004  loss_equivariance: 0.0000  correction_scale: 0.0936  loss_correction_smoothness: 0.0001  loss_coarse: 0.0250  loss_boundary: 0.0369  loss_sdf: 0.0058  grad_norm: 1.8107
2026/09/26 17:27:56 - mmengine - INFO - Iter(train) [ 20150/100000]  base_lr: 4.9672e-04 lr: 4.9672e-05  eta: 16:04:06  time: 0.7278  data_time: 0.0168  memory: 11326  loss: 0.4301  loss_final: 0.1196  loss_rgb: 0.1136  loss_geometry: 0.0863  loss_reliability: 0.0162  loss_preserve: 0.0004  loss_equivariance: 0.0000  correction_scale: 0.0936  loss_correction_smoothness: 0.0001  loss_coarse: 0.0360  loss_boundary: 0.0523  loss_sdf: 0.0057  grad_norm: 1.9741
2026/09/26 17:28:33 - mmengine - INFO - Iter(train) [ 20200/100000]  base_lr: 4.9644e-04 lr: 4.9644e-05  eta: 16:03:33  time: 0.7564  data_time: 0.0166  memory: 11326  loss: 0.3400  loss_final: 0.0953  loss_rgb: 0.0952  loss_geometry: 0.0648  loss_reliability: 0.0035  loss_preserve: 0.0004  loss_equivariance: 0.0000  correction_scale: 0.0937  loss_correction_smoothness: 0.0001  loss_coarse: 0.0286  loss_boundary: 0.0465  loss_sdf: 0.0055  grad_norm: 2.0600
2026/09/26 17:29:09 - mmengine - INFO - Iter(train) [ 20250/100000]  base_lr: 4.9616e-04 lr: 4.9616e-05  eta: 16:02:56  time: 0.7195  data_time: 0.0161  memory: 11326  loss: 0.4160  loss_final: 0.1331  loss_rgb: 0.0958  loss_geometry: 0.0926  loss_reliability: 0.0035  loss_preserve: 0.0003  loss_equivariance: 0.0000  correction_scale: 0.0938  loss_correction_smoothness: 0.0001  loss_coarse: 0.0399  loss_boundary: 0.0426  loss_sdf: 0.0081  grad_norm: inf
2026/09/26 17:29:45 - mmengine - INFO - Iter(train) [ 20300/100000]  base_lr: 4.9588e-04 lr: 4.9588e-05  eta: 16:02:21  time: 0.7267  data_time: 0.0158  memory: 11326  loss: 0.4242  loss_final: 0.1252  loss_rgb: 0.0980  loss_geometry: 0.0962  loss_reliability: 0.0126  loss_preserve: 0.0003  loss_equivariance: 0.0000  correction_scale: 0.0939  loss_correction_smoothness: 0.0001  loss_coarse: 0.0376  loss_boundary: 0.0470  loss_sdf: 0.0073  grad_norm: inf
2026/09/26 17:30:21 - mmengine - INFO - Iter(train) [ 20350/100000]  base_lr: 4.9560e-04 lr: 4.9560e-05  eta: 16:01:44  time: 0.7065  data_time: 0.0157  memory: 11326  loss: 0.2551  loss_final: 0.0541  loss_rgb: 0.0626  loss_geometry: 0.0813  loss_reliability: 0.0069  loss_preserve: 0.0004  loss_equivariance: 0.0000  correction_scale: 0.0939  loss_correction_smoothness: 0.0001  loss_coarse: 0.0162  loss_boundary: 0.0309  loss_sdf: 0.0027  grad_norm: 1.9945
2026/09/26 17:30:57 - mmengine - INFO - Iter(train) [ 20400/100000]  base_lr: 4.9532e-04 lr: 4.9532e-05  eta: 16:01:07  time: 0.7264  data_time: 0.0164  memory: 11326  loss: 0.3331  loss_final: 0.0930  loss_rgb: 0.0877  loss_geometry: 0.0731  loss_reliability: 0.0044  loss_preserve: 0.0004  loss_equivariance: 0.0000  correction_scale: 0.0939  loss_correction_smoothness: 0.0001  loss_coarse: 0.0279  loss_boundary: 0.0418  loss_sdf: 0.0047  grad_norm: 1.6671
2026/09/26 17:31:33 - mmengine - INFO - Iter(train) [ 20450/100000]  base_lr: 4.9504e-04 lr: 4.9504e-05  eta: 16:00:30  time: 0.7173  data_time: 0.0169  memory: 11326  loss: 0.3218  loss_final: 0.0879  loss_rgb: 0.0759  loss_geometry: 0.0840  loss_reliability: 0.0097  loss_preserve: 0.0003  loss_equivariance: 0.0000  correction_scale: 0.0938  loss_correction_smoothness: 0.0001  loss_coarse: 0.0263  loss_boundary: 0.0359  loss_sdf: 0.0016  grad_norm: 1.5220
2026/09/26 17:32:09 - mmengine - INFO - Iter(train) [ 20500/100000]  base_lr: 4.9476e-04 lr: 4.9476e-05  eta: 15:59:53  time: 0.7192  data_time: 0.0160  memory: 11326  loss: 0.3233  loss_final: 0.0761  loss_rgb: 0.0868  loss_geometry: 0.0716  loss_reliability: 0.0192  loss_preserve: 0.0005  loss_equivariance: 0.0000  correction_scale: 0.0938  loss_correction_smoothness: 0.0001  loss_coarse: 0.0229  loss_boundary: 0.0417  loss_sdf: 0.0042  grad_norm: 1.9645
2026/09/26 17:32:46 - mmengine - INFO - Iter(train) [ 20550/100000]  base_lr: 4.9448e-04 lr: 4.9448e-05  eta: 15:59:16  time: 0.7040  data_time: 0.0166  memory: 11326  loss: 0.2952  loss_final: 0.0808  loss_rgb: 0.0633  loss_geometry: 0.0889  loss_reliability: 0.0139  loss_preserve: 0.0003  loss_equivariance: 0.0000  correction_scale: 0.0939  loss_correction_smoothness: 0.0001  loss_coarse: 0.0190  loss_boundary: 0.0262  loss_sdf: 0.0027  grad_norm: 2.4064
2026/09/26 17:33:22 - mmengine - INFO - Iter(train) [ 20600/100000]  base_lr: 4.9420e-04 lr: 4.9420e-05  eta: 15:58:41  time: 0.7407  data_time: 0.0163  memory: 11326  loss: 0.5776  loss_final: 0.2188  loss_rgb: 0.1291  loss_geometry: 0.0901  loss_reliability: 0.0078  loss_preserve: 0.0004  loss_equivariance: 0.0000  correction_scale: 0.0939  loss_correction_smoothness: 0.0001  loss_coarse: 0.0657  loss_boundary: 0.0529  loss_sdf: 0.0126  grad_norm: 3.6698
2026/09/26 17:33:58 - mmengine - INFO - Iter(train) [ 20650/100000]  base_lr: 4.9392e-04 lr: 4.9392e-05  eta: 15:58:04  time: 0.7191  data_time: 0.0158  memory: 11326  loss: 0.3824  loss_final: 0.1016  loss_rgb: 0.0879  loss_geometry: 0.1065  loss_reliability: 0.0147  loss_preserve: 0.0005  loss_equivariance: 0.0000  correction_scale: 0.0941  loss_correction_smoothness: 0.0001  loss_coarse: 0.0305  loss_boundary: 0.0367  loss_sdf: 0.0040  grad_norm: 2.5474
2026/09/26 17:34:35 - mmengine - INFO - Iter(train) [ 20700/100000]  base_lr: 4.9364e-04 lr: 4.9364e-05  eta: 15:57:29  time: 0.7296  data_time: 0.0152  memory: 11326  loss: 0.4071  loss_final: 0.0998  loss_rgb: 0.1191  loss_geometry: 0.0902  loss_reliability: 0.0106  loss_preserve: 0.0004  loss_equivariance: 0.0000  correction_scale: 0.0941  loss_correction_smoothness: 0.0001  loss_coarse: 0.0300  loss_boundary: 0.0518  loss_sdf: 0.0050  grad_norm: 1.9946
2026/09/26 17:35:11 - mmengine - INFO - Iter(train) [ 20750/100000]  base_lr: 4.9336e-04 lr: 4.9336e-05  eta: 15:56:52  time: 0.7161  data_time: 0.0160  memory: 11326  loss: 0.3175  loss_final: 0.0823  loss_rgb: 0.0787  loss_geometry: 0.0835  loss_reliability: 0.0069  loss_preserve: 0.0004  loss_equivariance: 0.0000  correction_scale: 0.0942  loss_correction_smoothness: 0.0001  loss_coarse: 0.0247  loss_boundary: 0.0367  loss_sdf: 0.0042  grad_norm: 1.8733
2026/09/26 17:35:47 - mmengine - INFO - Iter(train) [ 20800/100000]  base_lr: 4.9308e-04 lr: 4.9308e-05  eta: 15:56:17  time: 0.7372  data_time: 0.0160  memory: 11326  loss: 0.4333  loss_final: 0.1372  loss_rgb: 0.1083  loss_geometry: 0.0808  loss_reliability: 0.0045  loss_preserve: 0.0005  loss_equivariance: 0.0000  correction_scale: 0.0942  loss_correction_smoothness: 0.0002  loss_coarse: 0.0413  loss_boundary: 0.0527  loss_sdf: 0.0078  grad_norm: 2.3432
2026/09/26 17:36:23 - mmengine - INFO - Iter(train) [ 20850/100000]  base_lr: 4.9280e-04 lr: 4.9280e-05  eta: 15:55:40  time: 0.7197  data_time: 0.0164  memory: 11326  loss: 0.4450  loss_final: 0.1551  loss_rgb: 0.0950  loss_geometry: 0.0930  loss_reliability: 0.0050  loss_preserve: 0.0003  loss_equivariance: 0.0000  correction_scale: 0.0942  loss_correction_smoothness: 0.0001  loss_coarse: 0.0466  loss_boundary: 0.0419  loss_sdf: 0.0082  grad_norm: 2.2184
2026/09/26 17:36:59 - mmengine - INFO - Iter(train) [ 20900/100000]  base_lr: 4.9252e-04 lr: 4.9252e-05  eta: 15:55:04  time: 0.7186  data_time: 0.0158  memory: 11326  loss: 0.3218  loss_final: 0.0673  loss_rgb: 0.0906  loss_geometry: 0.0878  loss_reliability: 0.0104  loss_preserve: 0.0004  loss_equivariance: 0.0000  correction_scale: 0.0942  loss_correction_smoothness: 0.0001  loss_coarse: 0.0202  loss_boundary: 0.0418  loss_sdf: 0.0033  grad_norm: 2.0083
2026/09/26 17:37:36 - mmengine - INFO - Iter(train) [ 20950/100000]  base_lr: 4.9224e-04 lr: 4.9224e-05  eta: 15:54:27  time: 0.7221  data_time: 0.0158  memory: 11326  loss: 0.3841  loss_final: 0.1061  loss_rgb: 0.0954  loss_geometry: 0.0788  loss_reliability: 0.0175  loss_preserve: 0.0006  loss_equivariance: 0.0000  correction_scale: 0.0942  loss_correction_smoothness: 0.0002  loss_coarse: 0.0319  loss_boundary: 0.0469  loss_sdf: 0.0066  grad_norm: 1.4805
2026/09/26 17:38:12 - mmengine - INFO - Exp name: joint_20260926_115805
2026/09/26 17:38:12 - mmengine - INFO - Iter(train) [ 21000/100000]  base_lr: 4.9196e-04 lr: 4.9196e-05  eta: 15:53:51  time: 0.7321  data_time: 0.0156  memory: 11326  loss: 0.4016  loss_final: 0.1199  loss_rgb: 0.1012  loss_geometry: 0.0826  loss_reliability: 0.0068  loss_preserve: 0.0004  loss_equivariance: 0.0000  correction_scale: 0.0942  loss_correction_smoothness: 0.0001  loss_coarse: 0.0360  loss_boundary: 0.0468  loss_sdf: 0.0077  grad_norm: 1.7173
2026/09/26 17:38:48 - mmengine - INFO - Iter(train) [ 21050/100000]  base_lr: 4.9168e-04 lr: 4.9168e-05  eta: 15:53:15  time: 0.7270  data_time: 0.0159  memory: 11326  loss: 0.3415  loss_final: 0.0968  loss_rgb: 0.0874  loss_geometry: 0.0640  loss_reliability: 0.0076  loss_preserve: 0.0005  loss_equivariance: 0.0000  correction_scale: 0.0942  loss_correction_smoothness: 0.0002  loss_coarse: 0.0291  loss_boundary: 0.0514  loss_sdf: 0.0046  grad_norm: 2.4545
2026/09/26 17:39:24 - mmengine - INFO - Iter(train) [ 21100/100000]  base_lr: 4.9140e-04 lr: 4.9140e-05  eta: 15:52:39  time: 0.7289  data_time: 0.0159  memory: 11326  loss: 0.5359  loss_final: 0.2152  loss_rgb: 0.0926  loss_geometry: 0.0630  loss_reliability: 0.0409  loss_preserve: 0.0004  loss_equivariance: 0.0000  correction_scale: 0.0942  loss_correction_smoothness: 0.0001  loss_coarse: 0.0646  loss_boundary: 0.0465  loss_sdf: 0.0125  grad_norm: 1.7686
2026/09/26 17:40:00 - mmengine - INFO - Iter(train) [ 21150/100000]  base_lr: 4.9112e-04 lr: 4.9112e-05  eta: 15:52:02  time: 0.7213  data_time: 0.0166  memory: 11326  loss: 0.3831  loss_final: 0.1222  loss_rgb: 0.0882  loss_geometry: 0.0765  loss_reliability: 0.0103  loss_preserve: 0.0003  loss_equivariance: 0.0000  correction_scale: 0.0942  loss_correction_smoothness: 0.0001  loss_coarse: 0.0367  loss_boundary: 0.0420  loss_sdf: 0.0069  grad_norm: 1.8749
2026/09/26 17:40:37 - mmengine - INFO - Iter(train) [ 21200/100000]  base_lr: 4.9084e-04 lr: 4.9084e-05  eta: 15:51:27  time: 0.7326  data_time: 0.0184  memory: 11326  loss: 0.3081  loss_final: 0.0745  loss_rgb: 0.0791  loss_geometry: 0.0799  loss_reliability: 0.0075  loss_preserve: 0.0003  loss_equivariance: 0.0000  correction_scale: 0.0943  loss_correction_smoothness: 0.0001  loss_coarse: 0.0224  loss_boundary: 0.0413  loss_sdf: 0.0032  grad_norm: 1.7930
2026/09/26 17:41:13 - mmengine - INFO - Iter(train) [ 21250/100000]  base_lr: 4.9056e-04 lr: 4.9056e-05  eta: 15:50:51  time: 0.7197  data_time: 0.0159  memory: 11326  loss: 0.3581  loss_final: 0.0831  loss_rgb: 0.0870  loss_geometry: 0.1060  loss_reliability: 0.0055  loss_preserve: 0.0005  loss_equivariance: 0.0000  correction_scale: 0.0944  loss_correction_smoothness: 0.0001  loss_coarse: 0.0250  loss_boundary: 0.0463  loss_sdf: 0.0045  grad_norm: 1.7990
2026/09/26 17:41:49 - mmengine - INFO - Iter(train) [ 21300/100000]  base_lr: 4.9028e-04 lr: 4.9028e-05  eta: 15:50:15  time: 0.7256  data_time: 0.0165  memory: 11326  loss: 0.4323  loss_final: 0.1491  loss_rgb: 0.0944  loss_geometry: 0.0754  loss_reliability: 0.0109  loss_preserve: 0.0005  loss_equivariance: 0.0000  correction_scale: 0.0945  loss_correction_smoothness: 0.0001  loss_coarse: 0.0448  loss_boundary: 0.0477  loss_sdf: 0.0095  grad_norm: 1.5107
2026/09/26 17:42:26 - mmengine - INFO - Iter(train) [ 21350/100000]  base_lr: 4.8999e-04 lr: 4.8999e-05  eta: 15:49:39  time: 0.7123  data_time: 0.0187  memory: 11326  loss: 0.3122  loss_final: 0.0773  loss_rgb: 0.0673  loss_geometry: 0.0901  loss_reliability: 0.0153  loss_preserve: 0.0004  loss_equivariance: 0.0000  correction_scale: 0.0945  loss_correction_smoothness: 0.0001  loss_coarse: 0.0232  loss_boundary: 0.0354  loss_sdf: 0.0031  grad_norm: 1.6731
2026/09/26 17:43:02 - mmengine - INFO - Iter(train) [ 21400/100000]  base_lr: 4.8971e-04 lr: 4.8971e-05  eta: 15:49:03  time: 0.7331  data_time: 0.0158  memory: 11326  loss: 0.3328  loss_final: 0.0855  loss_rgb: 0.0894  loss_geometry: 0.0728  loss_reliability: 0.0065  loss_preserve: 0.0006  loss_equivariance: 0.0000  correction_scale: 0.0946  loss_correction_smoothness: 0.0002  loss_coarse: 0.0257  loss_boundary: 0.0465  loss_sdf: 0.0056  grad_norm: 1.6731
2026/09/26 17:43:38 - mmengine - INFO - Iter(train) [ 21450/100000]  base_lr: 4.8943e-04 lr: 4.8943e-05  eta: 15:48:27  time: 0.7235  data_time: 0.0158  memory: 11326  loss: 0.4796  loss_final: 0.1731  loss_rgb: 0.1095  loss_geometry: 0.0807  loss_reliability: 0.0042  loss_preserve: 0.0003  loss_equivariance: 0.0000  correction_scale: 0.0945  loss_correction_smoothness: 0.0001  loss_coarse: 0.0520  loss_boundary: 0.0525  loss_sdf: 0.0072  grad_norm: 1.8268
2026/09/26 17:44:14 - mmengine - INFO - Iter(train) [ 21500/100000]  base_lr: 4.8915e-04 lr: 4.8915e-05  eta: 15:47:50  time: 0.7190  data_time: 0.0152  memory: 11326  loss: 0.3098  loss_final: 0.0775  loss_rgb: 0.0775  loss_geometry: 0.0705  loss_reliability: 0.0189  loss_preserve: 0.0003  loss_equivariance: 0.0000  correction_scale: 0.0946  loss_correction_smoothness: 0.0001  loss_coarse: 0.0233  loss_boundary: 0.0371  loss_sdf: 0.0047  grad_norm: 2.1373
2026/09/26 17:44:51 - mmengine - INFO - Iter(train) [ 21550/100000]  base_lr: 4.8887e-04 lr: 4.8887e-05  eta: 15:47:14  time: 0.7300  data_time: 0.0165  memory: 11326  loss: 0.4922  loss_final: 0.1677  loss_rgb: 0.1052  loss_geometry: 0.0971  loss_reliability: 0.0137  loss_preserve: 0.0005  loss_equivariance: 0.0000  correction_scale: 0.0947  loss_correction_smoothness: 0.0001  loss_coarse: 0.0503  loss_boundary: 0.0478  loss_sdf: 0.0098  grad_norm: 2.2483
2026/09/26 17:45:27 - mmengine - INFO - Iter(train) [ 21600/100000]  base_lr: 4.8859e-04 lr: 4.8859e-05  eta: 15:46:38  time: 0.7308  data_time: 0.0167  memory: 11326  loss: 0.5389  loss_final: 0.2178  loss_rgb: 0.1024  loss_geometry: 0.0875  loss_reliability: 0.0151  loss_preserve: 0.0005  loss_equivariance: 0.0000  correction_scale: 0.0947  loss_correction_smoothness: 0.0001  loss_coarse: 0.0653  loss_boundary: 0.0415  loss_sdf: 0.0087  grad_norm: 2.3826
2026/09/26 17:46:03 - mmengine - INFO - Iter(train) [ 21650/100000]  base_lr: 4.8831e-04 lr: 4.8831e-05  eta: 15:46:02  time: 0.7229  data_time: 0.0166  memory: 11326  loss: 0.4273  loss_final: 0.1317  loss_rgb: 0.0960  loss_geometry: 0.0850  loss_reliability: 0.0205  loss_preserve: 0.0004  loss_equivariance: 0.0000  correction_scale: 0.0948  loss_correction_smoothness: 0.0001  loss_coarse: 0.0396  loss_boundary: 0.0468  loss_sdf: 0.0072  grad_norm: 1.9616
2026/09/26 17:46:39 - mmengine - INFO - Iter(train) [ 21700/100000]  base_lr: 4.8803e-04 lr: 4.8803e-05  eta: 15:45:26  time: 0.7170  data_time: 0.0168  memory: 11326  loss: 0.3251  loss_final: 0.0870  loss_rgb: 0.0748  loss_geometry: 0.0815  loss_reliability: 0.0133  loss_preserve: 0.0003  loss_equivariance: 0.0000  correction_scale: 0.0948  loss_correction_smoothness: 0.0001  loss_coarse: 0.0261  loss_boundary: 0.0367  loss_sdf: 0.0052  grad_norm: 1.3232
2026/09/26 17:47:16 - mmengine - INFO - Iter(train) [ 21750/100000]  base_lr: 4.8775e-04 lr: 4.8775e-05  eta: 15:44:50  time: 0.7232  data_time: 0.0162  memory: 11326  loss: 0.4449  loss_final: 0.1640  loss_rgb: 0.0980  loss_geometry: 0.0786  loss_reliability: 0.0045  loss_preserve: 0.0004  loss_equivariance: 0.0000  correction_scale: 0.0949  loss_correction_smoothness: 0.0001  loss_coarse: 0.0493  loss_boundary: 0.0464  loss_sdf: 0.0036  grad_norm: 2.0967
2026/09/26 17:47:52 - mmengine - INFO - Iter(train) [ 21800/100000]  base_lr: 4.8747e-04 lr: 4.8747e-05  eta: 15:44:14  time: 0.7313  data_time: 0.0164  memory: 11326  loss: 0.3391  loss_final: 0.0829  loss_rgb: 0.0878  loss_geometry: 0.0854  loss_reliability: 0.0139  loss_preserve: 0.0002  loss_equivariance: 0.0000  correction_scale: 0.0948  loss_correction_smoothness: 0.0001  loss_coarse: 0.0249  loss_boundary: 0.0408  loss_sdf: 0.0031  grad_norm: 2.2943
2026/09/26 17:48:28 - mmengine - INFO - Iter(train) [ 21850/100000]  base_lr: 4.8719e-04 lr: 4.8719e-05  eta: 15:43:38  time: 0.7115  data_time: 0.0162  memory: 11326  loss: 0.3015  loss_final: 0.0707  loss_rgb: 0.0743  loss_geometry: 0.0894  loss_reliability: 0.0063  loss_preserve: 0.0002  loss_equivariance: 0.0000  correction_scale: 0.0949  loss_correction_smoothness: 0.0000  loss_coarse: 0.0213  loss_boundary: 0.0361  loss_sdf: 0.0031  grad_norm: 1.9487
2026/09/26 17:49:05 - mmengine - INFO - Iter(train) [ 21900/100000]  base_lr: 4.8691e-04 lr: 4.8691e-05  eta: 15:43:02  time: 0.7304  data_time: 0.0161  memory: 11326  loss: 0.4072  loss_final: 0.1131  loss_rgb: 0.1069  loss_geometry: 0.0812  loss_reliability: 0.0121  loss_preserve: 0.0005  loss_equivariance: 0.0000  correction_scale: 0.0949  loss_correction_smoothness: 0.0001  loss_coarse: 0.0340  loss_boundary: 0.0533  loss_sdf: 0.0061  grad_norm: 1.7800
2026/09/26 17:49:41 - mmengine - INFO - Iter(train) [ 21950/100000]  base_lr: 4.8663e-04 lr: 4.8663e-05  eta: 15:42:25  time: 0.7169  data_time: 0.0157  memory: 11326  loss: 0.4033  loss_final: 0.1240  loss_rgb: 0.0979  loss_geometry: 0.0731  loss_reliability: 0.0202  loss_preserve: 0.0004  loss_equivariance: 0.0000  correction_scale: 0.0950  loss_correction_smoothness: 0.0001  loss_coarse: 0.0372  loss_boundary: 0.0464  loss_sdf: 0.0039  grad_norm: 1.6505
2026/09/26 17:50:17 - mmengine - INFO - Exp name: joint_20260926_115805
2026/09/26 17:50:17 - mmengine - INFO - Iter(train) [ 22000/100000]  base_lr: 4.8635e-04 lr: 4.8635e-05  eta: 15:41:48  time: 0.7240  data_time: 0.0161  memory: 11326  loss: 0.4160  loss_final: 0.1439  loss_rgb: 0.0706  loss_geometry: 0.0923  loss_reliability: 0.0193  loss_preserve: 0.0006  loss_equivariance: 0.0000  correction_scale: 0.0950  loss_correction_smoothness: 0.0002  loss_coarse: 0.0432  loss_boundary: 0.0366  loss_sdf: 0.0095  grad_norm: 1.9501
2026/09/26 17:50:17 - mmengine - INFO - Saving checkpoint at 22000 iterations
2026/09/26 17:51:22 - mmengine - INFO - Iter(val) [ 50/304]    eta: 0:05:24  time: 1.2671  data_time: 0.0202  memory: 1184  
2026/09/26 17:52:53 - mmengine - INFO - Iter(val) [100/304]    eta: 0:05:16  time: 1.7653  data_time: 0.0217  memory: 1184  
2026/09/26 17:54:20 - mmengine - INFO - Iter(val) [150/304]    eta: 0:04:08  time: 1.6942  data_time: 0.0219  memory: 1184  
2026/09/26 17:55:45 - mmengine - INFO - Iter(val) [200/304]    eta: 0:02:50  time: 1.6955  data_time: 0.0206  memory: 1184  
2026/09/26 17:57:09 - mmengine - INFO - Iter(val) [250/304]    eta: 0:01:28  time: 1.6897  data_time: 0.0201  memory: 1184  
2026/09/26 17:58:31 - mmengine - INFO - Iter(val) [300/304]    eta: 0:00:06  time: 1.6207  data_time: 0.0210  memory: 1184  
2026/09/26 17:58:38 - mmengine - INFO - per class results:
2026/09/26 17:58:38 - mmengine - INFO - 
+------------------+-------+-------+-------+--------+-----------+--------+
|      Class       |  IoU  |  Acc  |  Dice | Fscore | Precision | Recall |
+------------------+-------+-------+-------+--------+-----------+--------+
|    background    | 95.22 | 95.74 | 97.55 | 97.55  |   99.44   | 95.74  |
| wastewater_plant | 63.25 | 93.85 | 77.49 | 77.49  |   65.98   | 93.85  |
+------------------+-------+-------+-------+--------+-----------+--------+
2026/09/26 17:58:38 - mmengine - INFO - Iter(val) [304/304]    aAcc: 95.5900  mIoU: 79.2400  mAcc: 94.7900  mDice: 87.5200  mFscore: 87.5200  mPrecision: 82.7100  mRecall: 94.7900  binary/Foreground_IoU: 63.2477  binary/Dice: 77.4868  binary/F1: 77.4868  binary/Precision: 65.9835  binary/Recall: 93.8477  binary/Boundary_F1: 10.4060  binary/BFScore: 10.4060  binary/Boundary_Precision: 7.4441  binary/Boundary_Recall: 17.2824  binary/Hausdorff_px: 612.0294  binary/HD95_px: 488.6766  binary/Hausdorff_m: 306.0147  binary/HD95_m: 244.3383  data_time: 0.0228  time: 1.6444
2026/09/26 17:59:14 - mmengine - INFO - Iter(train) [ 22050/100000]  base_lr: 4.8607e-04 lr: 4.8607e-05  eta: 15:41:13  time: 0.7156  data_time: 0.0157  memory: 11326  loss: 0.3468  loss_final: 0.0917  loss_rgb: 0.0840  loss_geometry: 0.0889  loss_reliability: 0.0125  loss_preserve: 0.0003  loss_equivariance: 0.0000  correction_scale: 0.0950  loss_correction_smoothness: 0.0001  loss_coarse: 0.0275  loss_boundary: 0.0363  loss_sdf: 0.0055  grad_norm: 2.3129
2026/09/26 17:59:51 - mmengine - INFO - Iter(train) [ 22100/100000]  base_lr: 4.8579e-04 lr: 4.8579e-05  eta: 15:40:36  time: 0.7213  data_time: 0.0157  memory: 11326  loss: 0.4311  loss_final: 0.1419  loss_rgb: 0.1018  loss_geometry: 0.0829  loss_reliability: 0.0072  loss_preserve: 0.0005  loss_equivariance: 0.0000  correction_scale: 0.0951  loss_correction_smoothness: 0.0001  loss_coarse: 0.0426  loss_boundary: 0.0474  loss_sdf: 0.0067  grad_norm: 2.3448
2026/09/26 18:00:27 - mmengine - INFO - Iter(train) [ 22150/100000]  base_lr: 4.8551e-04 lr: 4.8551e-05  eta: 15:40:00  time: 0.7223  data_time: 0.0160  memory: 11326  loss: 0.3475  loss_final: 0.0804  loss_rgb: 0.1006  loss_geometry: 0.0802  loss_reliability: 0.0100  loss_preserve: 0.0004  loss_equivariance: 0.0000  correction_scale: 0.0952  loss_correction_smoothness: 0.0001  loss_coarse: 0.0242  loss_boundary: 0.0475  loss_sdf: 0.0042  grad_norm: 1.4655
2026/09/26 18:01:04 - mmengine - INFO - Iter(train) [ 22200/100000]  base_lr: 4.8523e-04 lr: 4.8523e-05  eta: 15:39:26  time: 0.7348  data_time: 0.0158  memory: 11326  loss: 0.4929  loss_final: 0.1910  loss_rgb: 0.0881  loss_geometry: 0.0933  loss_reliability: 0.0075  loss_preserve: 0.0004  loss_equivariance: 0.0000  correction_scale: 0.0952  loss_correction_smoothness: 0.0001  loss_coarse: 0.0574  loss_boundary: 0.0417  loss_sdf: 0.0134  grad_norm: 1.6223
2026/09/26 18:01:40 - mmengine - INFO - Iter(train) [ 22250/100000]  base_lr: 4.8495e-04 lr: 4.8495e-05  eta: 15:38:49  time: 0.7222  data_time: 0.0160  memory: 11326  loss: 0.5383  loss_final: 0.2059  loss_rgb: 0.1090  loss_geometry: 0.0893  loss_reliability: 0.0144  loss_preserve: 0.0004  loss_equivariance: 0.0000  correction_scale: 0.0952  loss_correction_smoothness: 0.0001  loss_coarse: 0.0618  loss_boundary: 0.0461  loss_sdf: 0.0113  grad_norm: 1.9835
2026/09/26 18:02:16 - mmengine - INFO - Iter(train) [ 22300/100000]  base_lr: 4.8466e-04 lr: 4.8466e-05  eta: 15:38:13  time: 0.7138  data_time: 0.0160  memory: 11326  loss: 0.4015  loss_final: 0.1014  loss_rgb: 0.0941  loss_geometry: 0.0961  loss_reliability: 0.0322  loss_preserve: 0.0003  loss_equivariance: 0.0000  correction_scale: 0.0953  loss_correction_smoothness: 0.0001  loss_coarse: 0.0305  loss_boundary: 0.0420  loss_sdf: 0.0049  grad_norm: 1.7401
2026/09/26 18:02:52 - mmengine - INFO - Iter(train) [ 22350/100000]  base_lr: 4.8438e-04 lr: 4.8438e-05  eta: 15:37:36  time: 0.7232  data_time: 0.0162  memory: 11326  loss: 0.3636  loss_final: 0.1021  loss_rgb: 0.0856  loss_geometry: 0.0791  loss_reliability: 0.0184  loss_preserve: 0.0004  loss_equivariance: 0.0000  correction_scale: 0.0953  loss_correction_smoothness: 0.0001  loss_coarse: 0.0306  loss_boundary: 0.0412  loss_sdf: 0.0061  grad_norm: 2.0960
2026/09/26 18:03:28 - mmengine - INFO - Iter(train) [ 22400/100000]  base_lr: 4.8410e-04 lr: 4.8410e-05  eta: 15:37:00  time: 0.7327  data_time: 0.0160  memory: 11326  loss: 0.3379  loss_final: 0.0905  loss_rgb: 0.0759  loss_geometry: 0.0893  loss_reliability: 0.0071  loss_preserve: 0.0004  loss_equivariance: 0.0000  correction_scale: 0.0953  loss_correction_smoothness: 0.0001  loss_coarse: 0.0272  loss_boundary: 0.0418  loss_sdf: 0.0056  grad_norm: 1.8340
2026/09/26 18:04:05 - mmengine - INFO - Iter(train) [ 22450/100000]  base_lr: 4.8382e-04 lr: 4.8382e-05  eta: 15:36:24  time: 0.7205  data_time: 0.0177  memory: 11326  loss: 0.3605  loss_final: 0.1081  loss_rgb: 0.0706  loss_geometry: 0.0897  loss_reliability: 0.0166  loss_preserve: 0.0005  loss_equivariance: 0.0000  correction_scale: 0.0954  loss_correction_smoothness: 0.0001  loss_coarse: 0.0324  loss_boundary: 0.0365  loss_sdf: 0.0060  grad_norm: 2.0203
2026/09/26 18:04:41 - mmengine - INFO - Iter(train) [ 22500/100000]  base_lr: 4.8354e-04 lr: 4.8354e-05  eta: 15:35:47  time: 0.7250  data_time: 0.0160  memory: 11326  loss: 0.3728  loss_final: 0.0971  loss_rgb: 0.0966  loss_geometry: 0.0772  loss_reliability: 0.0193  loss_preserve: 0.0005  loss_equivariance: 0.0000  correction_scale: 0.0954  loss_correction_smoothness: 0.0001  loss_coarse: 0.0292  loss_boundary: 0.0472  loss_sdf: 0.0056  grad_norm: 1.7948
2026/09/26 18:05:17 - mmengine - INFO - Iter(train) [ 22550/100000]  base_lr: 4.8326e-04 lr: 4.8326e-05  eta: 15:35:11  time: 0.7263  data_time: 0.0188  memory: 11326  loss: 0.5501  loss_final: 0.2290  loss_rgb: 0.0980  loss_geometry: 0.0846  loss_reliability: 0.0134  loss_preserve: 0.0005  loss_equivariance: 0.0000  correction_scale: 0.0955  loss_correction_smoothness: 0.0001  loss_coarse: 0.0687  loss_boundary: 0.0471  loss_sdf: 0.0087  grad_norm: 1.8836
2026/09/26 18:05:53 - mmengine - INFO - Iter(train) [ 22600/100000]  base_lr: 4.8298e-04 lr: 4.8298e-05  eta: 15:34:35  time: 0.7307  data_time: 0.0165  memory: 11326  loss: 0.4285  loss_final: 0.1150  loss_rgb: 0.0901  loss_geometry: 0.0980  loss_reliability: 0.0363  loss_preserve: 0.0004  loss_equivariance: 0.0000  correction_scale: 0.0955  loss_correction_smoothness: 0.0001  loss_coarse: 0.0345  loss_boundary: 0.0472  loss_sdf: 0.0069  grad_norm: 1.7843
2026/09/26 18:06:29 - mmengine - INFO - Iter(train) [ 22650/100000]  base_lr: 4.8270e-04 lr: 4.8270e-05  eta: 15:33:58  time: 0.7140  data_time: 0.0159  memory: 11326  loss: 0.3146  loss_final: 0.0708  loss_rgb: 0.0778  loss_geometry: 0.0897  loss_reliability: 0.0153  loss_preserve: 0.0004  loss_equivariance: 0.0000  correction_scale: 0.0956  loss_correction_smoothness: 0.0001  loss_coarse: 0.0212  loss_boundary: 0.0359  loss_sdf: 0.0036  grad_norm: 1.8257
2026/09/26 18:07:06 - mmengine - INFO - Iter(train) [ 22700/100000]  base_lr: 4.8242e-04 lr: 4.8242e-05  eta: 15:33:23  time: 0.7258  data_time: 0.0155  memory: 11326  loss: 0.4846  loss_final: 0.1693  loss_rgb: 0.1139  loss_geometry: 0.0749  loss_reliability: 0.0133  loss_preserve: 0.0005  loss_equivariance: 0.0000  correction_scale: 0.0956  loss_correction_smoothness: 0.0001  loss_coarse: 0.0509  loss_boundary: 0.0525  loss_sdf: 0.0093  grad_norm: 1.9851
2026/09/26 18:07:42 - mmengine - INFO - Iter(train) [ 22750/100000]  base_lr: 4.8214e-04 lr: 4.8214e-05  eta: 15:32:45  time: 0.7063  data_time: 0.0160  memory: 11326  loss: 0.2281  loss_final: 0.0384  loss_rgb: 0.0435  loss_geometry: 0.1037  loss_reliability: 0.0041  loss_preserve: 0.0002  loss_equivariance: 0.0000  correction_scale: 0.0956  loss_correction_smoothness: 0.0000  loss_coarse: 0.0115  loss_boundary: 0.0255  loss_sdf: 0.0011  grad_norm: 3.0902
2026/09/26 18:08:18 - mmengine - INFO - Iter(train) [ 22800/100000]  base_lr: 4.8186e-04 lr: 4.8186e-05  eta: 15:32:09  time: 0.7351  data_time: 0.0168  memory: 11326  loss: 0.4066  loss_final: 0.1109  loss_rgb: 0.0981  loss_geometry: 0.0791  loss_reliability: 0.0310  loss_preserve: 0.0006  loss_equivariance: 0.0000  correction_scale: 0.0957  loss_correction_smoothness: 0.0002  loss_coarse: 0.0333  loss_boundary: 0.0472  loss_sdf: 0.0062  grad_norm: 1.7810
2026/09/26 18:08:54 - mmengine - INFO - Iter(train) [ 22850/100000]  base_lr: 4.8158e-04 lr: 4.8158e-05  eta: 15:31:33  time: 0.7066  data_time: 0.0162  memory: 11326  loss: 0.2189  loss_final: 0.0311  loss_rgb: 0.0530  loss_geometry: 0.0827  loss_reliability: 0.0095  loss_preserve: 0.0004  loss_equivariance: 0.0000  correction_scale: 0.0956  loss_correction_smoothness: 0.0001  loss_coarse: 0.0093  loss_boundary: 0.0314  loss_sdf: 0.0014  grad_norm: 1.9640
2026/09/26 18:09:30 - mmengine - INFO - Iter(train) [ 22900/100000]  base_lr: 4.8130e-04 lr: 4.8130e-05  eta: 15:30:56  time: 0.7246  data_time: 0.0160  memory: 11326  loss: 0.4688  loss_final: 0.1526  loss_rgb: 0.1028  loss_geometry: 0.0983  loss_reliability: 0.0094  loss_preserve: 0.0003  loss_equivariance: 0.0000  correction_scale: 0.0957  loss_correction_smoothness: 0.0001  loss_coarse: 0.0458  loss_boundary: 0.0528  loss_sdf: 0.0066  grad_norm: 4.9748
2026/09/26 18:10:07 - mmengine - INFO - Iter(train) [ 22950/100000]  base_lr: 4.8101e-04 lr: 4.8101e-05  eta: 15:30:21  time: 0.7235  data_time: 0.0161  memory: 11326  loss: 0.3405  loss_final: 0.0891  loss_rgb: 0.0972  loss_geometry: 0.0795  loss_reliability: 0.0036  loss_preserve: 0.0002  loss_equivariance: 0.0000  correction_scale: 0.0957  loss_correction_smoothness: 0.0001  loss_coarse: 0.0267  loss_boundary: 0.0410  loss_sdf: 0.0030  grad_norm: 1.9878
2026/09/26 18:10:43 - mmengine - INFO - Exp name: joint_20260926_115805
2026/09/26 18:10:43 - mmengine - INFO - Iter(train) [ 23000/100000]  base_lr: 4.8073e-04 lr: 4.8073e-05  eta: 15:29:45  time: 0.7270  data_time: 0.0166  memory: 11326  loss: 0.4275  loss_final: 0.1470  loss_rgb: 0.0758  loss_geometry: 0.0946  loss_reliability: 0.0163  loss_preserve: 0.0004  loss_equivariance: 0.0000  correction_scale: 0.0957  loss_correction_smoothness: 0.0001  loss_coarse: 0.0441  loss_boundary: 0.0414  loss_sdf: 0.0079  grad_norm: 2.0493
2026/09/26 18:11:19 - mmengine - INFO - Iter(train) [ 23050/100000]  base_lr: 4.8045e-04 lr: 4.8045e-05  eta: 15:29:09  time: 0.7083  data_time: 0.0158  memory: 11326  loss: 0.2711  loss_final: 0.0659  loss_rgb: 0.0645  loss_geometry: 0.0820  loss_reliability: 0.0042  loss_preserve: 0.0004  loss_equivariance: 0.0000  correction_scale: 0.0958  loss_correction_smoothness: 0.0001  loss_coarse: 0.0197  loss_boundary: 0.0311  loss_sdf: 0.0032  grad_norm: 2.1909
2026/09/26 18:11:56 - mmengine - INFO - Iter(train) [ 23100/100000]  base_lr: 4.8017e-04 lr: 4.8017e-05  eta: 15:28:33  time: 0.7238  data_time: 0.0156  memory: 11326  loss: 0.3538  loss_final: 0.0913  loss_rgb: 0.1072  loss_geometry: 0.0598  loss_reliability: 0.0125  loss_preserve: 0.0002  loss_equivariance: 0.0000  correction_scale: 0.0957  loss_correction_smoothness: 0.0000  loss_coarse: 0.0274  loss_boundary: 0.0512  loss_sdf: 0.0040  grad_norm: 2.4795
2026/09/26 18:12:32 - mmengine - INFO - Iter(train) [ 23150/100000]  base_lr: 4.7989e-04 lr: 4.7989e-05  eta: 15:27:57  time: 0.7262  data_time: 0.0163  memory: 11326  loss: 0.4686  loss_final: 0.1501  loss_rgb: 0.1213  loss_geometry: 0.0896  loss_reliability: 0.0042  loss_preserve: 0.0003  loss_equivariance: 0.0000  correction_scale: 0.0958  loss_correction_smoothness: 0.0001  loss_coarse: 0.0451  loss_boundary: 0.0521  loss_sdf: 0.0057  grad_norm: 2.2505
2026/09/26 18:13:08 - mmengine - INFO - Iter(train) [ 23200/100000]  base_lr: 4.7961e-04 lr: 4.7961e-05  eta: 15:27:20  time: 0.7290  data_time: 0.0166  memory: 11326  loss: 0.2817  loss_final: 0.0558  loss_rgb: 0.0734  loss_geometry: 0.0754  loss_reliability: 0.0208  loss_preserve: 0.0004  loss_equivariance: 0.0000  correction_scale: 0.0958  loss_correction_smoothness: 0.0001  loss_coarse: 0.0167  loss_boundary: 0.0367  loss_sdf: 0.0024  grad_norm: 1.5810
2026/09/26 18:13:44 - mmengine - INFO - Iter(train) [ 23250/100000]  base_lr: 4.7933e-04 lr: 4.7933e-05  eta: 15:26:43  time: 0.7178  data_time: 0.0158  memory: 11326  loss: 0.3814  loss_final: 0.0944  loss_rgb: 0.0910  loss_geometry: 0.0921  loss_reliability: 0.0292  loss_preserve: 0.0003  loss_equivariance: 0.0000  correction_scale: 0.0958  loss_correction_smoothness: 0.0001  loss_coarse: 0.0284  loss_boundary: 0.0413  loss_sdf: 0.0047  grad_norm: 1.8731
2026/09/26 18:14:20 - mmengine - INFO - Iter(train) [ 23300/100000]  base_lr: 4.7905e-04 lr: 4.7905e-05  eta: 15:26:07  time: 0.7249  data_time: 0.0164  memory: 11326  loss: 0.4084  loss_final: 0.1333  loss_rgb: 0.0976  loss_geometry: 0.0770  loss_reliability: 0.0073  loss_preserve: 0.0003  loss_equivariance: 0.0000  correction_scale: 0.0959  loss_correction_smoothness: 0.0001  loss_coarse: 0.0400  loss_boundary: 0.0462  loss_sdf: 0.0065  grad_norm: 1.8023
2026/09/26 18:14:56 - mmengine - INFO - Iter(train) [ 23350/100000]  base_lr: 4.7877e-04 lr: 4.7877e-05  eta: 15:25:31  time: 0.7263  data_time: 0.0172  memory: 11326  loss: 0.4392  loss_final: 0.1397  loss_rgb: 0.0924  loss_geometry: 0.0855  loss_reliability: 0.0189  loss_preserve: 0.0007  loss_equivariance: 0.0000  correction_scale: 0.0959  loss_correction_smoothness: 0.0002  loss_coarse: 0.0420  loss_boundary: 0.0516  loss_sdf: 0.0081  grad_norm: 1.6100
2026/09/26 18:15:33 - mmengine - INFO - Iter(train) [ 23400/100000]  base_lr: 4.7849e-04 lr: 4.7849e-05  eta: 15:24:56  time: 0.7373  data_time: 0.0177  memory: 11326  loss: 0.3597  loss_final: 0.1070  loss_rgb: 0.0906  loss_geometry: 0.0693  loss_reliability: 0.0133  loss_preserve: 0.0004  loss_equivariance: 0.0000  correction_scale: 0.0959  loss_correction_smoothness: 0.0001  loss_coarse: 0.0321  loss_boundary: 0.0415  loss_sdf: 0.0054  grad_norm: 1.6050
2026/09/26 18:16:09 - mmengine - INFO - Iter(train) [ 23450/100000]  base_lr: 4.7820e-04 lr: 4.7820e-05  eta: 15:24:19  time: 0.7115  data_time: 0.0171  memory: 11326  loss: 0.3089  loss_final: 0.0996  loss_rgb: 0.0588  loss_geometry: 0.0799  loss_reliability: 0.0037  loss_preserve: 0.0003  loss_equivariance: 0.0000  correction_scale: 0.0960  loss_correction_smoothness: 0.0001  loss_coarse: 0.0299  loss_boundary: 0.0302  loss_sdf: 0.0064  grad_norm: 1.5057
2026/09/26 18:16:45 - mmengine - INFO - Iter(train) [ 23500/100000]  base_lr: 4.7792e-04 lr: 4.7792e-05  eta: 15:23:43  time: 0.7238  data_time: 0.0179  memory: 11326  loss: 0.4981  loss_final: 0.1939  loss_rgb: 0.1021  loss_geometry: 0.0843  loss_reliability: 0.0042  loss_preserve: 0.0003  loss_equivariance: 0.0000  correction_scale: 0.0960  loss_correction_smoothness: 0.0001  loss_coarse: 0.0574  loss_boundary: 0.0468  loss_sdf: 0.0088  grad_norm: 1.8428
2026/09/26 18:17:22 - mmengine - INFO - Iter(train) [ 23550/100000]  base_lr: 4.7764e-04 lr: 4.7764e-05  eta: 15:23:07  time: 0.7205  data_time: 0.0170  memory: 11326  loss: 0.3428  loss_final: 0.0867  loss_rgb: 0.0833  loss_geometry: 0.0651  loss_reliability: 0.0276  loss_preserve: 0.0006  loss_equivariance: 0.0000  correction_scale: 0.0961  loss_correction_smoothness: 0.0002  loss_coarse: 0.0260  loss_boundary: 0.0475  loss_sdf: 0.0057  grad_norm: 2.3668
2026/09/26 18:17:58 - mmengine - INFO - Iter(train) [ 23600/100000]  base_lr: 4.7736e-04 lr: 4.7736e-05  eta: 15:22:30  time: 0.7277  data_time: 0.0154  memory: 11326  loss: 0.3171  loss_final: 0.0806  loss_rgb: 0.0880  loss_geometry: 0.0677  loss_reliability: 0.0108  loss_preserve: 0.0003  loss_equivariance: 0.0000  correction_scale: 0.0961  loss_correction_smoothness: 0.0001  loss_coarse: 0.0242  loss_boundary: 0.0417  loss_sdf: 0.0038  grad_norm: 1.6425
2026/09/26 18:18:34 - mmengine - INFO - Iter(train) [ 23650/100000]  base_lr: 4.7708e-04 lr: 4.7708e-05  eta: 15:21:54  time: 0.7320  data_time: 0.0162  memory: 11326  loss: 0.3366  loss_final: 0.0763  loss_rgb: 0.1015  loss_geometry: 0.0712  loss_reliability: 0.0143  loss_preserve: 0.0004  loss_equivariance: 0.0000  correction_scale: 0.0961  loss_correction_smoothness: 0.0001  loss_coarse: 0.0229  loss_boundary: 0.0464  loss_sdf: 0.0036  grad_norm: 1.4364
2026/09/26 18:19:10 - mmengine - INFO - Iter(train) [ 23700/100000]  base_lr: 4.7680e-04 lr: 4.7680e-05  eta: 15:21:18  time: 0.7204  data_time: 0.0165  memory: 11326  loss: 0.4331  loss_final: 0.1462  loss_rgb: 0.0890  loss_geometry: 0.0924  loss_reliability: 0.0094  loss_preserve: 0.0003  loss_equivariance: 0.0000  correction_scale: 0.0961  loss_correction_smoothness: 0.0001  loss_coarse: 0.0437  loss_boundary: 0.0463  loss_sdf: 0.0057  grad_norm: 1.6764
2026/09/26 18:19:46 - mmengine - INFO - Iter(train) [ 23750/100000]  base_lr: 4.7652e-04 lr: 4.7652e-05  eta: 15:20:41  time: 0.7189  data_time: 0.0162  memory: 11326  loss: 0.4405  loss_final: 0.1433  loss_rgb: 0.1012  loss_geometry: 0.0896  loss_reliability: 0.0145  loss_preserve: 0.0004  loss_equivariance: 0.0000  correction_scale: 0.0962  loss_correction_smoothness: 0.0001  loss_coarse: 0.0430  loss_boundary: 0.0417  loss_sdf: 0.0065  grad_norm: 1.8007
2026/09/26 18:20:23 - mmengine - INFO - Iter(train) [ 23800/100000]  base_lr: 4.7624e-04 lr: 4.7624e-05  eta: 15:20:05  time: 0.7342  data_time: 0.0171  memory: 11326  loss: 0.5064  loss_final: 0.1988  loss_rgb: 0.0952  loss_geometry: 0.0832  loss_reliability: 0.0101  loss_preserve: 0.0004  loss_equivariance: 0.0000  correction_scale: 0.0962  loss_correction_smoothness: 0.0001  loss_coarse: 0.0597  loss_boundary: 0.0466  loss_sdf: 0.0122  grad_norm: 1.7650
2026/09/26 18:20:59 - mmengine - INFO - Iter(train) [ 23850/100000]  base_lr: 4.7595e-04 lr: 4.7595e-05  eta: 15:19:28  time: 0.7137  data_time: 0.0159  memory: 11326  loss: 0.3268  loss_final: 0.0775  loss_rgb: 0.0845  loss_geometry: 0.0873  loss_reliability: 0.0066  loss_preserve: 0.0004  loss_equivariance: 0.0000  correction_scale: 0.0962  loss_correction_smoothness: 0.0001  loss_coarse: 0.0233  loss_boundary: 0.0424  loss_sdf: 0.0048  grad_norm: 1.5785
2026/09/26 18:21:35 - mmengine - INFO - Iter(train) [ 23900/100000]  base_lr: 4.7567e-04 lr: 4.7567e-05  eta: 15:18:52  time: 0.7164  data_time: 0.0160  memory: 11326  loss: 0.3632  loss_final: 0.1225  loss_rgb: 0.0804  loss_geometry: 0.0722  loss_reliability: 0.0044  loss_preserve: 0.0003  loss_equivariance: 0.0000  correction_scale: 0.0962  loss_correction_smoothness: 0.0001  loss_coarse: 0.0368  loss_boundary: 0.0407  loss_sdf: 0.0059  grad_norm: 1.6657
2026/09/26 18:22:11 - mmengine - INFO - Iter(train) [ 23950/100000]  base_lr: 4.7539e-04 lr: 4.7539e-05  eta: 15:18:15  time: 0.7158  data_time: 0.0162  memory: 11326  loss: 0.4120  loss_final: 0.1299  loss_rgb: 0.0922  loss_geometry: 0.0915  loss_reliability: 0.0135  loss_preserve: 0.0004  loss_equivariance: 0.0000  correction_scale: 0.0963  loss_correction_smoothness: 0.0001  loss_coarse: 0.0390  loss_boundary: 0.0407  loss_sdf: 0.0047  grad_norm: 1.7433
2026/09/26 18:22:47 - mmengine - INFO - Exp name: joint_20260926_115805
2026/09/26 18:22:47 - mmengine - INFO - Iter(train) [ 24000/100000]  base_lr: 4.7511e-04 lr: 4.7511e-05  eta: 15:17:39  time: 0.7304  data_time: 0.0168  memory: 11326  loss: 0.3386  loss_final: 0.1041  loss_rgb: 0.0807  loss_geometry: 0.0712  loss_reliability: 0.0038  loss_preserve: 0.0002  loss_equivariance: 0.0000  correction_scale: 0.0963  loss_correction_smoothness: 0.0001  loss_coarse: 0.0313  loss_boundary: 0.0419  loss_sdf: 0.0053  grad_norm: 1.5066
2026/09/26 18:22:47 - mmengine - INFO - Saving checkpoint at 24000 iterations
2026/09/26 18:23:52 - mmengine - INFO - Iter(val) [ 50/304]    eta: 0:05:23  time: 1.2635  data_time: 0.0198  memory: 1184  
2026/09/26 18:25:22 - mmengine - INFO - Iter(val) [100/304]    eta: 0:05:12  time: 1.7608  data_time: 0.0197  memory: 1184  
2026/09/26 18:26:46 - mmengine - INFO - Iter(val) [150/304]    eta: 0:04:04  time: 1.6965  data_time: 0.0198  memory: 1184  
2026/09/26 18:28:10 - mmengine - INFO - Iter(val) [200/304]    eta: 0:02:47  time: 1.6735  data_time: 0.0197  memory: 1184  
2026/09/26 18:29:32 - mmengine - INFO - Iter(val) [250/304]    eta: 0:01:27  time: 1.6486  data_time: 0.0210  memory: 1184  
2026/09/26 18:30:54 - mmengine - INFO - Iter(val) [300/304]    eta: 0:00:06  time: 1.6465  data_time: 0.0207  memory: 1184  
2026/09/26 18:31:00 - mmengine - INFO - per class results:
2026/09/26 18:31:00 - mmengine - INFO - 
+------------------+-------+-------+-------+--------+-----------+--------+
|      Class       |  IoU  |  Acc  |  Dice | Fscore | Precision | Recall |
+------------------+-------+-------+-------+--------+-----------+--------+
|    background    |  97.1 | 97.97 | 98.53 | 98.53  |    99.1   | 97.97  |
| wastewater_plant | 73.05 | 89.91 | 84.42 | 84.42  |   79.57   | 89.91  |
+------------------+-------+-------+-------+--------+-----------+--------+
2026/09/26 18:31:00 - mmengine - INFO - Iter(val) [304/304]    aAcc: 97.3100  mIoU: 85.0700  mAcc: 93.9400  mDice: 91.4800  mFscore: 91.4800  mPrecision: 89.3300  mRecall: 93.9400  binary/Foreground_IoU: 73.0456  binary/Dice: 84.4235  binary/F1: 84.4235  binary/Precision: 79.5663  binary/Recall: 89.9123  binary/Boundary_F1: 13.5274  binary/BFScore: 13.5274  binary/Boundary_Precision: 10.8442  binary/Boundary_Recall: 17.9751  binary/Hausdorff_px: 436.7914  binary/HD95_px: 328.7838  binary/Hausdorff_m: 218.3957  binary/HD95_m: 164.3919  data_time: 0.0223  time: 1.6185
2026/09/26 18:31:00 - mmengine - INFO - The previous best checkpoint /workspace/work_dirs/rpgv_v2_single_stage_fixed/single_stage/seed_42/progressive_rgr/joint/best_binary_Foreground_IoU_iter_16000.pth is removed
2026/09/26 18:31:02 - mmengine - INFO - The best checkpoint with 73.0456 binary/Foreground_IoU at 24000 iter is saved to best_binary_Foreground_IoU_iter_24000.pth.
2026/09/26 18:31:41 - mmengine - INFO - Iter(train) [ 24050/100000]  base_lr: 4.7483e-04 lr: 4.7483e-05  eta: 15:17:17  time: 0.7232  data_time: 0.0160  memory: 11326  loss: 0.4274  loss_final: 0.1431  loss_rgb: 0.0948  loss_geometry: 0.0781  loss_reliability: 0.0131  loss_preserve: 0.0005  loss_equivariance: 0.0000  correction_scale: 0.0963  loss_correction_smoothness: 0.0001  loss_coarse: 0.0430  loss_boundary: 0.0470  loss_sdf: 0.0076  grad_norm: 1.5492
2026/09/26 18:32:18 - mmengine - INFO - Iter(train) [ 24100/100000]  base_lr: 4.7455e-04 lr: 4.7455e-05  eta: 15:16:41  time: 0.7283  data_time: 0.0158  memory: 11326  loss: 0.4326  loss_final: 0.1397  loss_rgb: 0.0981  loss_geometry: 0.0692  loss_reliability: 0.0265  loss_preserve: 0.0005  loss_equivariance: 0.0000  correction_scale: 0.0962  loss_correction_smoothness: 0.0001  loss_coarse: 0.0420  loss_boundary: 0.0518  loss_sdf: 0.0048  grad_norm: 1.6955
2026/09/26 18:32:53 - mmengine - INFO - Iter(train) [ 24150/100000]  base_lr: 4.7427e-04 lr: 4.7427e-05  eta: 15:16:04  time: 0.7024  data_time: 0.0157  memory: 11326  loss: 0.2270  loss_final: 0.0388  loss_rgb: 0.0520  loss_geometry: 0.0894  loss_reliability: 0.0073  loss_preserve: 0.0003  loss_equivariance: 0.0000  correction_scale: 0.0963  loss_correction_smoothness: 0.0001  loss_coarse: 0.0116  loss_boundary: 0.0257  loss_sdf: 0.0019  grad_norm: 1.7723
2026/09/26 18:33:30 - mmengine - INFO - Iter(train) [ 24200/100000]  base_lr: 4.7399e-04 lr: 4.7399e-05  eta: 15:15:27  time: 0.7328  data_time: 0.0164  memory: 11326  loss: 0.3442  loss_final: 0.0864  loss_rgb: 0.0858  loss_geometry: 0.0870  loss_reliability: 0.0136  loss_preserve: 0.0002  loss_equivariance: 0.0000  correction_scale: 0.0963  loss_correction_smoothness: 0.0001  loss_coarse: 0.0259  loss_boundary: 0.0415  loss_sdf: 0.0037  grad_norm: 1.8337
2026/09/26 18:34:06 - mmengine - INFO - Iter(train) [ 24250/100000]  base_lr: 4.7370e-04 lr: 4.7370e-05  eta: 15:14:51  time: 0.7438  data_time: 0.0159  memory: 11326  loss: 0.3833  loss_final: 0.1221  loss_rgb: 0.0962  loss_geometry: 0.0716  loss_reliability: 0.0033  loss_preserve: 0.0003  loss_equivariance: 0.0000  correction_scale: 0.0963  loss_correction_smoothness: 0.0001  loss_coarse: 0.0367  loss_boundary: 0.0469  loss_sdf: 0.0060  grad_norm: 2.0399
2026/09/26 18:34:42 - mmengine - INFO - Iter(train) [ 24300/100000]  base_lr: 4.7342e-04 lr: 4.7342e-05  eta: 15:14:14  time: 0.7023  data_time: 0.0155  memory: 11326  loss: 0.3185  loss_final: 0.1043  loss_rgb: 0.0520  loss_geometry: 0.0899  loss_reliability: 0.0085  loss_preserve: 0.0004  loss_equivariance: 0.0000  correction_scale: 0.0964  loss_correction_smoothness: 0.0001  loss_coarse: 0.0313  loss_boundary: 0.0267  loss_sdf: 0.0055  grad_norm: 2.1226
2026/09/26 18:35:18 - mmengine - INFO - Iter(train) [ 24350/100000]  base_lr: 4.7314e-04 lr: 4.7314e-05  eta: 15:13:37  time: 0.7198  data_time: 0.0160  memory: 11326  loss: 0.4024  loss_final: 0.1075  loss_rgb: 0.0957  loss_geometry: 0.0932  loss_reliability: 0.0198  loss_preserve: 0.0004  loss_equivariance: 0.0000  correction_scale: 0.0964  loss_correction_smoothness: 0.0001  loss_coarse: 0.0323  loss_boundary: 0.0468  loss_sdf: 0.0065  grad_norm: 2.3847
2026/09/26 18:35:54 - mmengine - INFO - Iter(train) [ 24400/100000]  base_lr: 4.7286e-04 lr: 4.7286e-05  eta: 15:13:01  time: 0.7352  data_time: 0.0155  memory: 11326  loss: 0.3772  loss_final: 0.1223  loss_rgb: 0.0916  loss_geometry: 0.0590  loss_reliability: 0.0078  loss_preserve: 0.0005  loss_equivariance: 0.0000  correction_scale: 0.0964  loss_correction_smoothness: 0.0001  loss_coarse: 0.0368  loss_boundary: 0.0515  loss_sdf: 0.0076  grad_norm: 2.1553
2026/09/26 18:36:30 - mmengine - INFO - Iter(train) [ 24450/100000]  base_lr: 4.7258e-04 lr: 4.7258e-05  eta: 15:12:25  time: 0.7161  data_time: 0.0168  memory: 11326  loss: 0.3034  loss_final: 0.0727  loss_rgb: 0.0668  loss_geometry: 0.0904  loss_reliability: 0.0100  loss_preserve: 0.0004  loss_equivariance: 0.0000  correction_scale: 0.0965  loss_correction_smoothness: 0.0001  loss_coarse: 0.0218  loss_boundary: 0.0366  loss_sdf: 0.0046  grad_norm: 1.3969
2026/09/26 18:37:07 - mmengine - INFO - Iter(train) [ 24500/100000]  base_lr: 4.7230e-04 lr: 4.7230e-05  eta: 15:11:49  time: 0.7168  data_time: 0.0171  memory: 11326  loss: 0.4436  loss_final: 0.1589  loss_rgb: 0.0783  loss_geometry: 0.0999  loss_reliability: 0.0122  loss_preserve: 0.0003  loss_equivariance: 0.0000  correction_scale: 0.0966  loss_correction_smoothness: 0.0001  loss_coarse: 0.0477  loss_boundary: 0.0368  loss_sdf: 0.0094  grad_norm: 1.5729
2026/09/26 18:37:43 - mmengine - INFO - Iter(train) [ 24550/100000]  base_lr: 4.7202e-04 lr: 4.7202e-05  eta: 15:11:12  time: 0.7172  data_time: 0.0171  memory: 11326  loss: 0.4796  loss_final: 0.1828  loss_rgb: 0.0890  loss_geometry: 0.0886  loss_reliability: 0.0149  loss_preserve: 0.0004  loss_equivariance: 0.0000  correction_scale: 0.0966  loss_correction_smoothness: 0.0001  loss_coarse: 0.0549  loss_boundary: 0.0416  loss_sdf: 0.0073  grad_norm: 1.8800
2026/09/26 18:38:19 - mmengine - INFO - Iter(train) [ 24600/100000]  base_lr: 4.7173e-04 lr: 4.7173e-05  eta: 15:10:35  time: 0.7304  data_time: 0.0153  memory: 11326  loss: 0.4693  loss_final: 0.1281  loss_rgb: 0.1085  loss_geometry: 0.1023  loss_reliability: 0.0369  loss_preserve: 0.0005  loss_equivariance: 0.0000  correction_scale: 0.0967  loss_correction_smoothness: 0.0001  loss_coarse: 0.0385  loss_boundary: 0.0471  loss_sdf: 0.0073  grad_norm: 1.7044
2026/09/26 18:38:55 - mmengine - INFO - Iter(train) [ 24650/100000]  base_lr: 4.7145e-04 lr: 4.7145e-05  eta: 15:09:59  time: 0.7156  data_time: 0.0157  memory: 11326  loss: 0.4441  loss_final: 0.1614  loss_rgb: 0.0953  loss_geometry: 0.0747  loss_reliability: 0.0090  loss_preserve: 0.0004  loss_equivariance: 0.0000  correction_scale: 0.0968  loss_correction_smoothness: 0.0001  loss_coarse: 0.0484  loss_boundary: 0.0464  loss_sdf: 0.0082  grad_norm: 1.7484
2026/09/26 18:39:31 - mmengine - INFO - Iter(train) [ 24700/100000]  base_lr: 4.7117e-04 lr: 4.7117e-05  eta: 15:09:23  time: 0.7289  data_time: 0.0164  memory: 11326  loss: 0.3437  loss_final: 0.0833  loss_rgb: 0.0937  loss_geometry: 0.0697  loss_reliability: 0.0202  loss_preserve: 0.0005  loss_equivariance: 0.0000  correction_scale: 0.0967  loss_correction_smoothness: 0.0001  loss_coarse: 0.0251  loss_boundary: 0.0466  loss_sdf: 0.0045  grad_norm: 2.2075
2026/09/26 18:40:07 - mmengine - INFO - Iter(train) [ 24750/100000]  base_lr: 4.7089e-04 lr: 4.7089e-05  eta: 15:08:46  time: 0.7213  data_time: 0.0174  memory: 11326  loss: 0.4041  loss_final: 0.1283  loss_rgb: 0.0824  loss_geometry: 0.0902  loss_reliability: 0.0191  loss_preserve: 0.0004  loss_equivariance: 0.0000  correction_scale: 0.0967  loss_correction_smoothness: 0.0001  loss_coarse: 0.0385  loss_boundary: 0.0374  loss_sdf: 0.0077  grad_norm: 1.8299
2026/09/26 18:40:43 - mmengine - INFO - Iter(train) [ 24800/100000]  base_lr: 4.7061e-04 lr: 4.7061e-05  eta: 15:08:09  time: 0.7364  data_time: 0.0175  memory: 11326  loss: 0.3198  loss_final: 0.0847  loss_rgb: 0.0842  loss_geometry: 0.0720  loss_reliability: 0.0035  loss_preserve: 0.0003  loss_equivariance: 0.0000  correction_scale: 0.0967  loss_correction_smoothness: 0.0001  loss_coarse: 0.0255  loss_boundary: 0.0464  loss_sdf: 0.0032  grad_norm: 1.7006
2026/09/26 18:41:20 - mmengine - INFO - Iter(train) [ 24850/100000]  base_lr: 4.7033e-04 lr: 4.7033e-05  eta: 15:07:33  time: 0.7294  data_time: 0.0179  memory: 11326  loss: 0.4957  loss_final: 0.1828  loss_rgb: 0.1099  loss_geometry: 0.0753  loss_reliability: 0.0095  loss_preserve: 0.0004  loss_equivariance: 0.0000  correction_scale: 0.0967  loss_correction_smoothness: 0.0001  loss_coarse: 0.0549  loss_boundary: 0.0526  loss_sdf: 0.0102  grad_norm: 1.6724
2026/09/26 18:41:56 - mmengine - INFO - Iter(train) [ 24900/100000]  base_lr: 4.7004e-04 lr: 4.7004e-05  eta: 15:06:56  time: 0.7154  data_time: 0.0174  memory: 11326  loss: 0.3442  loss_final: 0.0894  loss_rgb: 0.0809  loss_geometry: 0.0931  loss_reliability: 0.0116  loss_preserve: 0.0002  loss_equivariance: 0.0000  correction_scale: 0.0968  loss_correction_smoothness: 0.0001  loss_coarse: 0.0268  loss_boundary: 0.0369  loss_sdf: 0.0053  grad_norm: 2.0205
2026/09/26 18:42:32 - mmengine - INFO - Iter(train) [ 24950/100000]  base_lr: 4.6976e-04 lr: 4.6976e-05  eta: 15:06:20  time: 0.7183  data_time: 0.0161  memory: 11326  loss: 0.3438  loss_final: 0.0884  loss_rgb: 0.0881  loss_geometry: 0.0846  loss_reliability: 0.0084  loss_preserve: 0.0004  loss_equivariance: 0.0000  correction_scale: 0.0968  loss_correction_smoothness: 0.0001  loss_coarse: 0.0265  loss_boundary: 0.0417  loss_sdf: 0.0056  grad_norm: 1.7959
2026/09/26 18:43:08 - mmengine - INFO - Exp name: joint_20260926_115805
2026/09/26 18:43:08 - mmengine - INFO - Iter(train) [ 25000/100000]  base_lr: 4.6948e-04 lr: 4.6948e-05  eta: 15:05:44  time: 0.7368  data_time: 0.0159  memory: 11326  loss: 0.5174  loss_final: 0.1873  loss_rgb: 0.1167  loss_geometry: 0.0869  loss_reliability: 0.0075  loss_preserve: 0.0003  loss_equivariance: 0.0000  correction_scale: 0.0969  loss_correction_smoothness: 0.0001  loss_coarse: 0.0563  loss_boundary: 0.0524  loss_sdf: 0.0100  grad_norm: 2.2479
2026/09/26 18:43:44 - mmengine - INFO - Iter(train) [ 25050/100000]  base_lr: 4.6920e-04 lr: 4.6920e-05  eta: 15:05:06  time: 0.7007  data_time: 0.0158  memory: 11326  loss: 0.2607  loss_final: 0.0584  loss_rgb: 0.0492  loss_geometry: 0.0877  loss_reliability: 0.0190  loss_preserve: 0.0002  loss_equivariance: 0.0000  correction_scale: 0.0969  loss_correction_smoothness: 0.0001  loss_coarse: 0.0175  loss_boundary: 0.0258  loss_sdf: 0.0028  grad_norm: 1.8186
2026/09/26 18:44:20 - mmengine - INFO - Iter(train) [ 25100/100000]  base_lr: 4.6892e-04 lr: 4.6892e-05  eta: 15:04:29  time: 0.7206  data_time: 0.0163  memory: 11326  loss: 0.4470  loss_final: 0.1551  loss_rgb: 0.1004  loss_geometry: 0.0862  loss_reliability: 0.0039  loss_preserve: 0.0004  loss_equivariance: 0.0000  correction_scale: 0.0969  loss_correction_smoothness: 0.0001  loss_coarse: 0.0466  loss_boundary: 0.0471  loss_sdf: 0.0072  grad_norm: 2.1175
2026/09/26 18:44:56 - mmengine - INFO - Iter(train) [ 25150/100000]  base_lr: 4.6864e-04 lr: 4.6864e-05  eta: 15:03:53  time: 0.7209  data_time: 0.0174  memory: 11326  loss: 0.3227  loss_final: 0.0898  loss_rgb: 0.0722  loss_geometry: 0.0742  loss_reliability: 0.0100  loss_preserve: 0.0006  loss_equivariance: 0.0000  correction_scale: 0.0969  loss_correction_smoothness: 0.0002  loss_coarse: 0.0270  loss_boundary: 0.0422  loss_sdf: 0.0066  grad_norm: 1.8476
2026/09/26 18:45:32 - mmengine - INFO - Iter(train) [ 25200/100000]  base_lr: 4.6835e-04 lr: 4.6835e-05  eta: 15:03:16  time: 0.7258  data_time: 0.0154  memory: 11326  loss: 0.4772  loss_final: 0.1592  loss_rgb: 0.0937  loss_geometry: 0.1015  loss_reliability: 0.0252  loss_preserve: 0.0004  loss_equivariance: 0.0000  correction_scale: 0.0970  loss_correction_smoothness: 0.0001  loss_coarse: 0.0477  loss_boundary: 0.0426  loss_sdf: 0.0068  grad_norm: 1.9776
2026/09/26 18:46:08 - mmengine - INFO - Iter(train) [ 25250/100000]  base_lr: 4.6807e-04 lr: 4.6807e-05  eta: 15:02:39  time: 0.7138  data_time: 0.0150  memory: 11326  loss: 0.3372  loss_final: 0.0804  loss_rgb: 0.0927  loss_geometry: 0.0809  loss_reliability: 0.0086  loss_preserve: 0.0004  loss_equivariance: 0.0000  correction_scale: 0.0970  loss_correction_smoothness: 0.0001  loss_coarse: 0.0242  loss_boundary: 0.0461  loss_sdf: 0.0040  grad_norm: 2.6064
2026/09/26 18:46:44 - mmengine - INFO - Iter(train) [ 25300/100000]  base_lr: 4.6779e-04 lr: 4.6779e-05  eta: 15:02:02  time: 0.7241  data_time: 0.0167  memory: 11326  loss: 0.3483  loss_final: 0.1134  loss_rgb: 0.0843  loss_geometry: 0.0582  loss_reliability: 0.0049  loss_preserve: 0.0005  loss_equivariance: 0.0000  correction_scale: 0.0972  loss_correction_smoothness: 0.0002  loss_coarse: 0.0341  loss_boundary: 0.0473  loss_sdf: 0.0054  grad_norm: 2.3902
2026/09/26 18:47:20 - mmengine - INFO - Iter(train) [ 25350/100000]  base_lr: 4.6751e-04 lr: 4.6751e-05  eta: 15:01:25  time: 0.7179  data_time: 0.0162  memory: 11326  loss: 0.4094  loss_final: 0.1252  loss_rgb: 0.1030  loss_geometry: 0.0845  loss_reliability: 0.0045  loss_preserve: 0.0004  loss_equivariance: 0.0000  correction_scale: 0.0971  loss_correction_smoothness: 0.0001  loss_coarse: 0.0376  loss_boundary: 0.0470  loss_sdf: 0.0070  grad_norm: 1.9603
2026/09/26 18:47:56 - mmengine - INFO - Iter(train) [ 25400/100000]  base_lr: 4.6723e-04 lr: 4.6723e-05  eta: 15:00:48  time: 0.7244  data_time: 0.0161  memory: 11326  loss: 0.4580  loss_final: 0.1461  loss_rgb: 0.0912  loss_geometry: 0.1102  loss_reliability: 0.0176  loss_preserve: 0.0003  loss_equivariance: 0.0000  correction_scale: 0.0970  loss_correction_smoothness: 0.0001  loss_coarse: 0.0439  loss_boundary: 0.0414  loss_sdf: 0.0073  grad_norm: 1.5945
2026/09/26 18:48:32 - mmengine - INFO - Iter(train) [ 25450/100000]  base_lr: 4.6694e-04 lr: 4.6694e-05  eta: 15:00:11  time: 0.7286  data_time: 0.0166  memory: 11326  loss: 0.3101  loss_final: 0.0776  loss_rgb: 0.0698  loss_geometry: 0.0732  loss_reliability: 0.0239  loss_preserve: 0.0004  loss_equivariance: 0.0000  correction_scale: 0.0971  loss_correction_smoothness: 0.0001  loss_coarse: 0.0233  loss_boundary: 0.0372  loss_sdf: 0.0045  grad_norm: 1.3500
2026/09/26 18:49:08 - mmengine - INFO - Iter(train) [ 25500/100000]  base_lr: 4.6666e-04 lr: 4.6666e-05  eta: 14:59:35  time: 0.7190  data_time: 0.0157  memory: 11326  loss: 0.3091  loss_final: 0.0806  loss_rgb: 0.0865  loss_geometry: 0.0595  loss_reliability: 0.0079  loss_preserve: 0.0006  loss_equivariance: 0.0000  correction_scale: 0.0972  loss_correction_smoothness: 0.0002  loss_coarse: 0.0242  loss_boundary: 0.0461  loss_sdf: 0.0036  grad_norm: 1.2733
2026/09/26 18:49:45 - mmengine - INFO - Iter(train) [ 25550/100000]  base_lr: 4.6638e-04 lr: 4.6638e-05  eta: 14:59:00  time: 0.7279  data_time: 0.0157  memory: 11326  loss: 0.3601  loss_final: 0.0874  loss_rgb: 0.0966  loss_geometry: 0.0724  loss_reliability: 0.0266  loss_preserve: 0.0005  loss_equivariance: 0.0000  correction_scale: 0.0972  loss_correction_smoothness: 0.0001  loss_coarse: 0.0263  loss_boundary: 0.0459  loss_sdf: 0.0043  grad_norm: 1.4264
2026/09/26 18:50:21 - mmengine - INFO - Iter(train) [ 25600/100000]  base_lr: 4.6610e-04 lr: 4.6610e-05  eta: 14:58:23  time: 0.7428  data_time: 0.0176  memory: 11326  loss: 0.3102  loss_final: 0.0685  loss_rgb: 0.0829  loss_geometry: 0.0664  loss_reliability: 0.0212  loss_preserve: 0.0005  loss_equivariance: 0.0000  correction_scale: 0.0972  loss_correction_smoothness: 0.0001  loss_coarse: 0.0206  loss_boundary: 0.0464  loss_sdf: 0.0036  grad_norm: 1.4416
2026/09/26 18:50:57 - mmengine - INFO - Iter(train) [ 25650/100000]  base_lr: 4.6582e-04 lr: 4.6582e-05  eta: 14:57:47  time: 0.7214  data_time: 0.0162  memory: 11326  loss: 0.5004  loss_final: 0.1676  loss_rgb: 0.1075  loss_geometry: 0.0982  loss_reliability: 0.0206  loss_preserve: 0.0003  loss_equivariance: 0.0000  correction_scale: 0.0972  loss_correction_smoothness: 0.0001  loss_coarse: 0.0503  loss_boundary: 0.0469  loss_sdf: 0.0090  grad_norm: 2.3185
2026/09/26 18:51:33 - mmengine - INFO - Iter(train) [ 25700/100000]  base_lr: 4.6554e-04 lr: 4.6554e-05  eta: 14:57:10  time: 0.7147  data_time: 0.0164  memory: 11326  loss: 0.2924  loss_final: 0.0764  loss_rgb: 0.0731  loss_geometry: 0.0721  loss_reliability: 0.0073  loss_preserve: 0.0002  loss_equivariance: 0.0000  correction_scale: 0.0972  loss_correction_smoothness: 0.0001  loss_coarse: 0.0230  loss_boundary: 0.0365  loss_sdf: 0.0037  grad_norm: 1.8622
2026/09/26 18:52:10 - mmengine - INFO - Iter(train) [ 25750/100000]  base_lr: 4.6525e-04 lr: 4.6525e-05  eta: 14:56:34  time: 0.7277  data_time: 0.0161  memory: 11326  loss: 0.5946  loss_final: 0.2385  loss_rgb: 0.1158  loss_geometry: 0.0957  loss_reliability: 0.0066  loss_preserve: 0.0005  loss_equivariance: 0.0000  correction_scale: 0.0972  loss_correction_smoothness: 0.0001  loss_coarse: 0.0716  loss_boundary: 0.0524  loss_sdf: 0.0133  grad_norm: 2.1527
2026/09/26 18:52:46 - mmengine - INFO - Iter(train) [ 25800/100000]  base_lr: 4.6497e-04 lr: 4.6497e-05  eta: 14:55:57  time: 0.7268  data_time: 0.0168  memory: 11326  loss: 0.3586  loss_final: 0.1074  loss_rgb: 0.0842  loss_geometry: 0.0718  loss_reliability: 0.0164  loss_preserve: 0.0003  loss_equivariance: 0.0000  correction_scale: 0.0972  loss_correction_smoothness: 0.0001  loss_coarse: 0.0323  loss_boundary: 0.0415  loss_sdf: 0.0048  grad_norm: 2.8013
2026/09/26 18:53:22 - mmengine - INFO - Iter(train) [ 25850/100000]  base_lr: 4.6469e-04 lr: 4.6469e-05  eta: 14:55:21  time: 0.7137  data_time: 0.0158  memory: 11326  loss: 0.2617  loss_final: 0.0516  loss_rgb: 0.0693  loss_geometry: 0.0659  loss_reliability: 0.0196  loss_preserve: 0.0005  loss_equivariance: 0.0000  correction_scale: 0.0973  loss_correction_smoothness: 0.0001  loss_coarse: 0.0155  loss_boundary: 0.0363  loss_sdf: 0.0029  grad_norm: 2.3973
2026/09/26 18:53:58 - mmengine - INFO - Iter(train) [ 25900/100000]  base_lr: 4.6441e-04 lr: 4.6441e-05  eta: 14:54:44  time: 0.7176  data_time: 0.0171  memory: 11326  loss: 0.2931  loss_final: 0.0702  loss_rgb: 0.0656  loss_geometry: 0.0823  loss_reliability: 0.0122  loss_preserve: 0.0005  loss_equivariance: 0.0000  correction_scale: 0.0974  loss_correction_smoothness: 0.0002  loss_coarse: 0.0210  loss_boundary: 0.0360  loss_sdf: 0.0050  grad_norm: 1.9229
2026/09/26 18:54:34 - mmengine - INFO - Iter(train) [ 25950/100000]  base_lr: 4.6413e-04 lr: 4.6413e-05  eta: 14:54:07  time: 0.7216  data_time: 0.0166  memory: 11326  loss: 0.3997  loss_final: 0.1004  loss_rgb: 0.1014  loss_geometry: 0.0868  loss_reliability: 0.0246  loss_preserve: 0.0005  loss_equivariance: 0.0000  correction_scale: 0.0974  loss_correction_smoothness: 0.0001  loss_coarse: 0.0302  loss_boundary: 0.0519  loss_sdf: 0.0039  grad_norm: 1.8299
2026/09/26 18:55:10 - mmengine - INFO - Exp name: joint_20260926_115805
2026/09/26 18:55:10 - mmengine - INFO - Iter(train) [ 26000/100000]  base_lr: 4.6384e-04 lr: 4.6384e-05  eta: 14:53:30  time: 0.7203  data_time: 0.0166  memory: 11326  loss: 0.2982  loss_final: 0.0624  loss_rgb: 0.0754  loss_geometry: 0.0874  loss_reliability: 0.0152  loss_preserve: 0.0003  loss_equivariance: 0.0000  correction_scale: 0.0974  loss_correction_smoothness: 0.0001  loss_coarse: 0.0188  loss_boundary: 0.0359  loss_sdf: 0.0028  grad_norm: 1.5504
2026/09/26 18:55:10 - mmengine - INFO - Saving checkpoint at 26000 iterations
2026/09/26 18:56:15 - mmengine - INFO - Iter(val) [ 50/304]    eta: 0:05:24  time: 1.2722  data_time: 0.0206  memory: 1184  
2026/09/26 18:57:46 - mmengine - INFO - Iter(val) [100/304]    eta: 0:05:14  time: 1.7641  data_time: 0.0211  memory: 1184  
2026/09/26 18:59:10 - mmengine - INFO - Iter(val) [150/304]    eta: 0:04:04  time: 1.6466  data_time: 0.0221  memory: 1184  
2026/09/26 19:00:34 - mmengine - INFO - Iter(val) [200/304]    eta: 0:02:47  time: 1.6867  data_time: 0.0198  memory: 1184  
2026/09/26 19:01:56 - mmengine - INFO - Iter(val) [250/304]    eta: 0:01:27  time: 1.6711  data_time: 0.0209  memory: 1184  
2026/09/26 19:03:17 - mmengine - INFO - Iter(val) [300/304]    eta: 0:00:06  time: 1.5612  data_time: 0.0223  memory: 1184  
2026/09/26 19:03:24 - mmengine - INFO - per class results:
2026/09/26 19:03:24 - mmengine - INFO - 
+------------------+-------+-------+-------+--------+-----------+--------+
|      Class       |  IoU  |  Acc  |  Dice | Fscore | Precision | Recall |
+------------------+-------+-------+-------+--------+-----------+--------+
|    background    | 97.24 | 98.51 |  98.6 |  98.6  |   98.69   | 98.51  |
| wastewater_plant | 72.88 |  85.2 | 84.32 | 84.32  |   83.45   |  85.2  |
+------------------+-------+-------+-------+--------+-----------+--------+
2026/09/26 19:03:24 - mmengine - INFO - Iter(val) [304/304]    aAcc: 97.4300  mIoU: 85.0600  mAcc: 91.8600  mDice: 91.4600  mFscore: 91.4600  mPrecision: 91.0700  mRecall: 91.8600  binary/Foreground_IoU: 72.8842  binary/Dice: 84.3157  binary/F1: 84.3157  binary/Precision: 83.4473  binary/Recall: 85.2022  binary/Boundary_F1: 13.7437  binary/BFScore: 13.7437  binary/Boundary_Precision: 11.3345  binary/Boundary_Recall: 17.4535  binary/Hausdorff_px: 469.3982  binary/HD95_px: 353.5445  binary/Hausdorff_m: 234.6991  binary/HD95_m: 176.7722  data_time: 0.0230  time: 1.6203
2026/09/26 19:04:00 - mmengine - INFO - Iter(train) [ 26050/100000]  base_lr: 4.6356e-04 lr: 4.6356e-05  eta: 14:52:55  time: 0.7340  data_time: 0.0172  memory: 11326  loss: 0.4761  loss_final: 0.1649  loss_rgb: 0.1082  loss_geometry: 0.0823  loss_reliability: 0.0084  loss_preserve: 0.0005  loss_equivariance: 0.0000  correction_scale: 0.0974  loss_correction_smoothness: 0.0001  loss_coarse: 0.0495  loss_boundary: 0.0522  loss_sdf: 0.0099  grad_norm: 1.4447
2026/09/26 19:04:36 - mmengine - INFO - Iter(train) [ 26100/100000]  base_lr: 4.6328e-04 lr: 4.6328e-05  eta: 14:52:19  time: 0.7229  data_time: 0.0169  memory: 11326  loss: 0.3801  loss_final: 0.1034  loss_rgb: 0.0963  loss_geometry: 0.0873  loss_reliability: 0.0104  loss_preserve: 0.0002  loss_equivariance: 0.0000  correction_scale: 0.0974  loss_correction_smoothness: 0.0001  loss_coarse: 0.0311  loss_boundary: 0.0467  loss_sdf: 0.0047  grad_norm: 1.7759
2026/09/26 19:05:13 - mmengine - INFO - Iter(train) [ 26150/100000]  base_lr: 4.6300e-04 lr: 4.6300e-05  eta: 14:51:44  time: 0.7419  data_time: 0.0178  memory: 11326  loss: 0.4673  loss_final: 0.1635  loss_rgb: 0.0979  loss_geometry: 0.0715  loss_reliability: 0.0286  loss_preserve: 0.0004  loss_equivariance: 0.0000  correction_scale: 0.0975  loss_correction_smoothness: 0.0001  loss_coarse: 0.0491  loss_boundary: 0.0468  loss_sdf: 0.0093  grad_norm: 1.9130
2026/09/26 19:05:50 - mmengine - INFO - Iter(train) [ 26200/100000]  base_lr: 4.6271e-04 lr: 4.6271e-05  eta: 14:51:08  time: 0.7357  data_time: 0.0159  memory: 11326  loss: 0.3300  loss_final: 0.0849  loss_rgb: 0.0806  loss_geometry: 0.0862  loss_reliability: 0.0041  loss_preserve: 0.0004  loss_equivariance: 0.0000  correction_scale: 0.0976  loss_correction_smoothness: 0.0001  loss_coarse: 0.0255  loss_boundary: 0.0421  loss_sdf: 0.0061  grad_norm: 1.4741
2026/09/26 19:06:26 - mmengine - INFO - Iter(train) [ 26250/100000]  base_lr: 4.6243e-04 lr: 4.6243e-05  eta: 14:50:32  time: 0.7107  data_time: 0.0169  memory: 11326  loss: 0.4417  loss_final: 0.1869  loss_rgb: 0.0671  loss_geometry: 0.0735  loss_reliability: 0.0114  loss_preserve: 0.0004  loss_equivariance: 0.0000  correction_scale: 0.0977  loss_correction_smoothness: 0.0001  loss_coarse: 0.0561  loss_boundary: 0.0358  loss_sdf: 0.0103  grad_norm: 1.9379
2026/09/26 19:07:02 - mmengine - INFO - Iter(train) [ 26300/100000]  base_lr: 4.6215e-04 lr: 4.6215e-05  eta: 14:49:55  time: 0.7149  data_time: 0.0157  memory: 11326  loss: 0.4482  loss_final: 0.1314  loss_rgb: 0.0827  loss_geometry: 0.1069  loss_reliability: 0.0358  loss_preserve: 0.0004  loss_equivariance: 0.0000  correction_scale: 0.0978  loss_correction_smoothness: 0.0001  loss_coarse: 0.0394  loss_boundary: 0.0420  loss_sdf: 0.0096  grad_norm: 1.8861
2026/09/26 19:07:38 - mmengine - INFO - Iter(train) [ 26350/100000]  base_lr: 4.6187e-04 lr: 4.6187e-05  eta: 14:49:18  time: 0.7126  data_time: 0.0165  memory: 11326  loss: 0.2944  loss_final: 0.0770  loss_rgb: 0.0612  loss_geometry: 0.0717  loss_reliability: 0.0202  loss_preserve: 0.0006  loss_equivariance: 0.0000  correction_scale: 0.0978  loss_correction_smoothness: 0.0002  loss_coarse: 0.0231  loss_boundary: 0.0359  loss_sdf: 0.0045  grad_norm: 1.5762
2026/09/26 19:08:14 - mmengine - INFO - Iter(train) [ 26400/100000]  base_lr: 4.6159e-04 lr: 4.6159e-05  eta: 14:48:42  time: 0.7322  data_time: 0.0153  memory: 11326  loss: 0.3906  loss_final: 0.1095  loss_rgb: 0.0950  loss_geometry: 0.0969  loss_reliability: 0.0044  loss_preserve: 0.0003  loss_equivariance: 0.0000  correction_scale: 0.0978  loss_correction_smoothness: 0.0001  loss_coarse: 0.0329  loss_boundary: 0.0466  loss_sdf: 0.0050  grad_norm: 2.3619
2026/09/26 19:08:50 - mmengine - INFO - Iter(train) [ 26450/100000]  base_lr: 4.6130e-04 lr: 4.6130e-05  eta: 14:48:06  time: 0.7241  data_time: 0.0175  memory: 11326  loss: 0.4961  loss_final: 0.1711  loss_rgb: 0.1072  loss_geometry: 0.0913  loss_reliability: 0.0196  loss_preserve: 0.0005  loss_equivariance: 0.0000  correction_scale: 0.0979  loss_correction_smoothness: 0.0001  loss_coarse: 0.0514  loss_boundary: 0.0474  loss_sdf: 0.0074  grad_norm: 2.2079
2026/09/26 19:09:26 - mmengine - INFO - Iter(train) [ 26500/100000]  base_lr: 4.6102e-04 lr: 4.6102e-05  eta: 14:47:29  time: 0.7251  data_time: 0.0154  memory: 11326  loss: 0.3489  loss_final: 0.0949  loss_rgb: 0.1056  loss_geometry: 0.0551  loss_reliability: 0.0076  loss_preserve: 0.0005  loss_equivariance: 0.0000  correction_scale: 0.0980  loss_correction_smoothness: 0.0002  loss_coarse: 0.0285  loss_boundary: 0.0516  loss_sdf: 0.0050  grad_norm: 1.7611
2026/09/26 19:10:02 - mmengine - INFO - Iter(train) [ 26550/100000]  base_lr: 4.6074e-04 lr: 4.6074e-05  eta: 14:46:52  time: 0.7246  data_time: 0.0165  memory: 11326  loss: 0.3961  loss_final: 0.1073  loss_rgb: 0.0990  loss_geometry: 0.0678  loss_reliability: 0.0311  loss_preserve: 0.0005  loss_equivariance: 0.0000  correction_scale: 0.0980  loss_correction_smoothness: 0.0002  loss_coarse: 0.0322  loss_boundary: 0.0523  loss_sdf: 0.0056  grad_norm: 1.5938
2026/09/26 19:10:38 - mmengine - INFO - Iter(train) [ 26600/100000]  base_lr: 4.6046e-04 lr: 4.6046e-05  eta: 14:46:15  time: 0.7256  data_time: 0.0159  memory: 11326  loss: 0.3284  loss_final: 0.0700  loss_rgb: 0.0972  loss_geometry: 0.0710  loss_reliability: 0.0137  loss_preserve: 0.0005  loss_equivariance: 0.0000  correction_scale: 0.0980  loss_correction_smoothness: 0.0001  loss_coarse: 0.0211  loss_boundary: 0.0515  loss_sdf: 0.0033  grad_norm: 1.5127
2026/09/26 19:11:14 - mmengine - INFO - Iter(train) [ 26650/100000]  base_lr: 4.6017e-04 lr: 4.6017e-05  eta: 14:45:38  time: 0.7257  data_time: 0.0163  memory: 11326  loss: 0.4063  loss_final: 0.1181  loss_rgb: 0.1033  loss_geometry: 0.0751  loss_reliability: 0.0176  loss_preserve: 0.0004  loss_equivariance: 0.0000  correction_scale: 0.0980  loss_correction_smoothness: 0.0001  loss_coarse: 0.0355  loss_boundary: 0.0509  loss_sdf: 0.0053  grad_norm: 1.4654
2026/09/26 19:11:50 - mmengine - INFO - Iter(train) [ 26700/100000]  base_lr: 4.5989e-04 lr: 4.5989e-05  eta: 14:45:01  time: 0.7158  data_time: 0.0162  memory: 11326  loss: 0.3764  loss_final: 0.1212  loss_rgb: 0.0732  loss_geometry: 0.0841  loss_reliability: 0.0127  loss_preserve: 0.0004  loss_equivariance: 0.0000  correction_scale: 0.0980  loss_correction_smoothness: 0.0001  loss_coarse: 0.0364  loss_boundary: 0.0414  loss_sdf: 0.0069  grad_norm: 2.6300
2026/09/26 19:12:26 - mmengine - INFO - Iter(train) [ 26750/100000]  base_lr: 4.5961e-04 lr: 4.5961e-05  eta: 14:44:25  time: 0.7245  data_time: 0.0166  memory: 11326  loss: 0.5277  loss_final: 0.2198  loss_rgb: 0.0923  loss_geometry: 0.0773  loss_reliability: 0.0117  loss_preserve: 0.0006  loss_equivariance: 0.0000  correction_scale: 0.0981  loss_correction_smoothness: 0.0002  loss_coarse: 0.0660  loss_boundary: 0.0468  loss_sdf: 0.0130  grad_norm: 2.7035
2026/09/26 19:13:03 - mmengine - INFO - Iter(train) [ 26800/100000]  base_lr: 4.5933e-04 lr: 4.5933e-05  eta: 14:43:49  time: 0.7196  data_time: 0.0169  memory: 11326  loss: 0.4017  loss_final: 0.1326  loss_rgb: 0.0805  loss_geometry: 0.1036  loss_reliability: 0.0068  loss_preserve: 0.0003  loss_equivariance: 0.0000  correction_scale: 0.0981  loss_correction_smoothness: 0.0001  loss_coarse: 0.0376  loss_boundary: 0.0363  loss_sdf: 0.0038  grad_norm: 3.8112
2026/09/26 19:13:39 - mmengine - INFO - Iter(train) [ 26850/100000]  base_lr: 4.5905e-04 lr: 4.5905e-05  eta: 14:43:13  time: 0.7311  data_time: 0.0164  memory: 11326  loss: 0.3792  loss_final: 0.1051  loss_rgb: 0.0949  loss_geometry: 0.0694  loss_reliability: 0.0254  loss_preserve: 0.0004  loss_equivariance: 0.0000  correction_scale: 0.0981  loss_correction_smoothness: 0.0001  loss_coarse: 0.0316  loss_boundary: 0.0468  loss_sdf: 0.0054  grad_norm: 2.8320
2026/09/26 19:14:15 - mmengine - INFO - Iter(train) [ 26900/100000]  base_lr: 4.5876e-04 lr: 4.5876e-05  eta: 14:42:36  time: 0.7135  data_time: 0.0170  memory: 11326  loss: 0.3757  loss_final: 0.1250  loss_rgb: 0.0850  loss_geometry: 0.0795  loss_reliability: 0.0045  loss_preserve: 0.0004  loss_equivariance: 0.0000  correction_scale: 0.0981  loss_correction_smoothness: 0.0001  loss_coarse: 0.0374  loss_boundary: 0.0368  loss_sdf: 0.0070  grad_norm: 2.2983
2026/09/26 19:14:51 - mmengine - INFO - Iter(train) [ 26950/100000]  base_lr: 4.5848e-04 lr: 4.5848e-05  eta: 14:41:59  time: 0.7208  data_time: 0.0164  memory: 11326  loss: 0.4455  loss_final: 0.1562  loss_rgb: 0.0966  loss_geometry: 0.0856  loss_reliability: 0.0041  loss_preserve: 0.0004  loss_equivariance: 0.0000  correction_scale: 0.0981  loss_correction_smoothness: 0.0001  loss_coarse: 0.0469  loss_boundary: 0.0466  loss_sdf: 0.0090  grad_norm: 2.2403
2026/09/26 19:15:27 - mmengine - INFO - Exp name: joint_20260926_115805
2026/09/26 19:15:27 - mmengine - INFO - Iter(train) [ 27000/100000]  base_lr: 4.5820e-04 lr: 4.5820e-05  eta: 14:41:23  time: 0.7314  data_time: 0.0178  memory: 11326  loss: 0.3215  loss_final: 0.0863  loss_rgb: 0.0663  loss_geometry: 0.0855  loss_reliability: 0.0139  loss_preserve: 0.0004  loss_equivariance: 0.0000  correction_scale: 0.0981  loss_correction_smoothness: 0.0001  loss_coarse: 0.0259  loss_boundary: 0.0369  loss_sdf: 0.0062  grad_norm: 2.3645
2026/09/26 19:16:03 - mmengine - INFO - Iter(train) [ 27050/100000]  base_lr: 4.5792e-04 lr: 4.5792e-05  eta: 14:40:47  time: 0.7273  data_time: 0.0162  memory: 11326  loss: 0.4871  loss_final: 0.1673  loss_rgb: 0.1061  loss_geometry: 0.0927  loss_reliability: 0.0090  loss_preserve: 0.0004  loss_equivariance: 0.0000  correction_scale: 0.0982  loss_correction_smoothness: 0.0001  loss_coarse: 0.0502  loss_boundary: 0.0530  loss_sdf: 0.0083  grad_norm: 2.1535
2026/09/26 19:16:40 - mmengine - INFO - Iter(train) [ 27100/100000]  base_lr: 4.5763e-04 lr: 4.5763e-05  eta: 14:40:11  time: 0.7232  data_time: 0.0170  memory: 11326  loss: 0.4954  loss_final: 0.1978  loss_rgb: 0.1019  loss_geometry: 0.0818  loss_reliability: 0.0035  loss_preserve: 0.0003  loss_equivariance: 0.0000  correction_scale: 0.0982  loss_correction_smoothness: 0.0001  loss_coarse: 0.0594  loss_boundary: 0.0449  loss_sdf: 0.0057  grad_norm: 2.2753
2026/09/26 19:17:16 - mmengine - INFO - Iter(train) [ 27150/100000]  base_lr: 4.5735e-04 lr: 4.5735e-05  eta: 14:39:35  time: 0.7179  data_time: 0.0159  memory: 11326  loss: 0.3773  loss_final: 0.1150  loss_rgb: 0.0857  loss_geometry: 0.0799  loss_reliability: 0.0107  loss_preserve: 0.0004  loss_equivariance: 0.0000  correction_scale: 0.0983  loss_correction_smoothness: 0.0001  loss_coarse: 0.0345  loss_boundary: 0.0426  loss_sdf: 0.0084  grad_norm: 2.0603
2026/09/26 19:17:52 - mmengine - INFO - Iter(train) [ 27200/100000]  base_lr: 4.5707e-04 lr: 4.5707e-05  eta: 14:38:58  time: 0.7347  data_time: 0.0171  memory: 11326  loss: 0.4530  loss_final: 0.1499  loss_rgb: 0.1054  loss_geometry: 0.0872  loss_reliability: 0.0111  loss_preserve: 0.0004  loss_equivariance: 0.0000  correction_scale: 0.0983  loss_correction_smoothness: 0.0001  loss_coarse: 0.0450  loss_boundary: 0.0463  loss_sdf: 0.0074  grad_norm: 2.0888
2026/09/26 19:18:28 - mmengine - INFO - Iter(train) [ 27250/100000]  base_lr: 4.5679e-04 lr: 4.5679e-05  eta: 14:38:22  time: 0.7193  data_time: 0.0154  memory: 11326  loss: 0.4617  loss_final: 0.1274  loss_rgb: 0.1088  loss_geometry: 0.1055  loss_reliability: 0.0271  loss_preserve: 0.0004  loss_equivariance: 0.0000  correction_scale: 0.0983  loss_correction_smoothness: 0.0001  loss_coarse: 0.0383  loss_boundary: 0.0469  loss_sdf: 0.0073  grad_norm: 2.0325
2026/09/26 19:19:04 - mmengine - INFO - Iter(train) [ 27300/100000]  base_lr: 4.5650e-04 lr: 4.5650e-05  eta: 14:37:45  time: 0.7226  data_time: 0.0166  memory: 11326  loss: 0.4039  loss_final: 0.1328  loss_rgb: 0.0963  loss_geometry: 0.0557  loss_reliability: 0.0233  loss_preserve: 0.0004  loss_equivariance: 0.0000  correction_scale: 0.0984  loss_correction_smoothness: 0.0001  loss_coarse: 0.0399  loss_boundary: 0.0485  loss_sdf: 0.0068  grad_norm: 1.7947
2026/09/26 19:19:40 - mmengine - INFO - Iter(train) [ 27350/100000]  base_lr: 4.5622e-04 lr: 4.5622e-05  eta: 14:37:08  time: 0.7073  data_time: 0.0156  memory: 11326  loss: 0.2720  loss_final: 0.0598  loss_rgb: 0.0659  loss_geometry: 0.0769  loss_reliability: 0.0118  loss_preserve: 0.0003  loss_equivariance: 0.0000  correction_scale: 0.0983  loss_correction_smoothness: 0.0001  loss_coarse: 0.0180  loss_boundary: 0.0364  loss_sdf: 0.0028  grad_norm: 3.9437
2026/09/26 19:20:16 - mmengine - INFO - Iter(train) [ 27400/100000]  base_lr: 4.5594e-04 lr: 4.5594e-05  eta: 14:36:32  time: 0.7353  data_time: 0.0169  memory: 11326  loss: 0.3446  loss_final: 0.0867  loss_rgb: 0.1038  loss_geometry: 0.0623  loss_reliability: 0.0088  loss_preserve: 0.0004  loss_equivariance: 0.0000  correction_scale: 0.0983  loss_correction_smoothness: 0.0001  loss_coarse: 0.0261  loss_boundary: 0.0531  loss_sdf: 0.0033  grad_norm: 1.8867
2026/09/26 19:20:53 - mmengine - INFO - Iter(train) [ 27450/100000]  base_lr: 4.5566e-04 lr: 4.5566e-05  eta: 14:35:55  time: 0.7220  data_time: 0.0167  memory: 11326  loss: 0.3692  loss_final: 0.1219  loss_rgb: 0.0896  loss_geometry: 0.0573  loss_reliability: 0.0107  loss_preserve: 0.0004  loss_equivariance: 0.0000  correction_scale: 0.0983  loss_correction_smoothness: 0.0001  loss_coarse: 0.0366  loss_boundary: 0.0468  loss_sdf: 0.0057  grad_norm: 1.7223
2026/09/26 19:21:29 - mmengine - INFO - Iter(train) [ 27500/100000]  base_lr: 4.5537e-04 lr: 4.5537e-05  eta: 14:35:18  time: 0.7195  data_time: 0.0173  memory: 11326  loss: 0.3328  loss_final: 0.0873  loss_rgb: 0.0694  loss_geometry: 0.0960  loss_reliability: 0.0117  loss_preserve: 0.0002  loss_equivariance: 0.0000  correction_scale: 0.0984  loss_correction_smoothness: 0.0001  loss_coarse: 0.0262  loss_boundary: 0.0362  loss_sdf: 0.0057  grad_norm: 1.5209
2026/09/26 19:22:04 - mmengine - INFO - Iter(train) [ 27550/100000]  base_lr: 4.5509e-04 lr: 4.5509e-05  eta: 14:34:41  time: 0.7252  data_time: 0.0167  memory: 11326  loss: 0.3745  loss_final: 0.1211  loss_rgb: 0.0782  loss_geometry: 0.0846  loss_reliability: 0.0062  loss_preserve: 0.0003  loss_equivariance: 0.0000  correction_scale: 0.0984  loss_correction_smoothness: 0.0001  loss_coarse: 0.0364  loss_boundary: 0.0406  loss_sdf: 0.0070  grad_norm: 1.3489
2026/09/26 19:22:41 - mmengine - INFO - Iter(train) [ 27600/100000]  base_lr: 4.5481e-04 lr: 4.5481e-05  eta: 14:34:06  time: 0.7349  data_time: 0.0177  memory: 11326  loss: 0.3546  loss_final: 0.0794  loss_rgb: 0.0929  loss_geometry: 0.0789  loss_reliability: 0.0278  loss_preserve: 0.0004  loss_equivariance: 0.0000  correction_scale: 0.0985  loss_correction_smoothness: 0.0001  loss_coarse: 0.0239  loss_boundary: 0.0469  loss_sdf: 0.0043  grad_norm: 1.5174
2026/09/26 19:23:17 - mmengine - INFO - Iter(train) [ 27650/100000]  base_lr: 4.5452e-04 lr: 4.5452e-05  eta: 14:33:29  time: 0.7161  data_time: 0.0165  memory: 11326  loss: 0.4486  loss_final: 0.1760  loss_rgb: 0.0740  loss_geometry: 0.0820  loss_reliability: 0.0155  loss_preserve: 0.0005  loss_equivariance: 0.0000  correction_scale: 0.0986  loss_correction_smoothness: 0.0001  loss_coarse: 0.0528  loss_boundary: 0.0407  loss_sdf: 0.0070  grad_norm: 2.3449
2026/09/26 19:23:53 - mmengine - INFO - Iter(train) [ 27700/100000]  base_lr: 4.5424e-04 lr: 4.5424e-05  eta: 14:32:52  time: 0.7186  data_time: 0.0165  memory: 11326  loss: 0.3445  loss_final: 0.0804  loss_rgb: 0.0926  loss_geometry: 0.0821  loss_reliability: 0.0156  loss_preserve: 0.0003  loss_equivariance: 0.0000  correction_scale: 0.0986  loss_correction_smoothness: 0.0001  loss_coarse: 0.0242  loss_boundary: 0.0463  loss_sdf: 0.0029  grad_norm: 2.2486
2026/09/26 19:24:29 - mmengine - INFO - Iter(train) [ 27750/100000]  base_lr: 4.5396e-04 lr: 4.5396e-05  eta: 14:32:15  time: 0.7161  data_time: 0.0163  memory: 11326  loss: 0.3937  loss_final: 0.1124  loss_rgb: 0.0854  loss_geometry: 0.0903  loss_reliability: 0.0247  loss_preserve: 0.0003  loss_equivariance: 0.0000  correction_scale: 0.0986  loss_correction_smoothness: 0.0001  loss_coarse: 0.0337  loss_boundary: 0.0421  loss_sdf: 0.0046  grad_norm: 1.4355
2026/09/26 19:25:05 - mmengine - INFO - Iter(train) [ 27800/100000]  base_lr: 4.5368e-04 lr: 4.5368e-05  eta: 14:31:39  time: 0.7277  data_time: 0.0161  memory: 11326  loss: 0.3023  loss_final: 0.0656  loss_rgb: 0.0832  loss_geometry: 0.0705  loss_reliability: 0.0180  loss_preserve: 0.0004  loss_equivariance: 0.0000  correction_scale: 0.0988  loss_correction_smoothness: 0.0001  loss_coarse: 0.0197  loss_boundary: 0.0415  loss_sdf: 0.0033  grad_norm: 2.1587
2026/09/26 19:25:41 - mmengine - INFO - Iter(train) [ 27850/100000]  base_lr: 4.5339e-04 lr: 4.5339e-05  eta: 14:31:02  time: 0.7139  data_time: 0.0171  memory: 11326  loss: 0.3556  loss_final: 0.1127  loss_rgb: 0.0783  loss_geometry: 0.0803  loss_reliability: 0.0066  loss_preserve: 0.0004  loss_equivariance: 0.0000  correction_scale: 0.0988  loss_correction_smoothness: 0.0001  loss_coarse: 0.0338  loss_boundary: 0.0366  loss_sdf: 0.0068  grad_norm: 1.7860
2026/09/26 19:26:17 - mmengine - INFO - Iter(train) [ 27900/100000]  base_lr: 4.5311e-04 lr: 4.5311e-05  eta: 14:30:26  time: 0.7178  data_time: 0.0169  memory: 11326  loss: 0.4982  loss_final: 0.1830  loss_rgb: 0.0927  loss_geometry: 0.1066  loss_reliability: 0.0077  loss_preserve: 0.0005  loss_equivariance: 0.0000  correction_scale: 0.0988  loss_correction_smoothness: 0.0001  loss_coarse: 0.0549  loss_boundary: 0.0421  loss_sdf: 0.0106  grad_norm: 2.1463
2026/09/26 19:26:54 - mmengine - INFO - Iter(train) [ 27950/100000]  base_lr: 4.5283e-04 lr: 4.5283e-05  eta: 14:29:50  time: 0.7270  data_time: 0.0161  memory: 11326  loss: 0.4247  loss_final: 0.1377  loss_rgb: 0.0981  loss_geometry: 0.0823  loss_reliability: 0.0079  loss_preserve: 0.0005  loss_equivariance: 0.0000  correction_scale: 0.0988  loss_correction_smoothness: 0.0001  loss_coarse: 0.0414  loss_boundary: 0.0472  loss_sdf: 0.0096  grad_norm: 1.7061
2026/09/26 19:27:30 - mmengine - INFO - Exp name: joint_20260926_115805
2026/09/26 19:27:30 - mmengine - INFO - Iter(train) [ 28000/100000]  base_lr: 4.5255e-04 lr: 4.5255e-05  eta: 14:29:13  time: 0.7275  data_time: 0.0167  memory: 11326  loss: 0.3224  loss_final: 0.0876  loss_rgb: 0.0824  loss_geometry: 0.0733  loss_reliability: 0.0065  loss_preserve: 0.0004  loss_equivariance: 0.0000  correction_scale: 0.0988  loss_correction_smoothness: 0.0001  loss_coarse: 0.0263  loss_boundary: 0.0416  loss_sdf: 0.0041  grad_norm: 1.5514
2026/09/26 19:27:30 - mmengine - INFO - Saving checkpoint at 28000 iterations
2026/09/26 19:28:35 - mmengine - INFO - Iter(val) [ 50/304]    eta: 0:05:23  time: 1.2636  data_time: 0.0197  memory: 1184  
2026/09/26 19:30:06 - mmengine - INFO - Iter(val) [100/304]    eta: 0:05:14  time: 1.7656  data_time: 0.0193  memory: 1184  
2026/09/26 19:31:31 - mmengine - INFO - Iter(val) [150/304]    eta: 0:04:05  time: 1.6728  data_time: 0.0190  memory: 1184  
2026/09/26 19:32:55 - mmengine - INFO - Iter(val) [200/304]    eta: 0:02:48  time: 1.6883  data_time: 0.0198  memory: 1184  
2026/09/26 19:34:19 - mmengine - INFO - Iter(val) [250/304]    eta: 0:01:27  time: 1.6830  data_time: 0.0218  memory: 1184  
2026/09/26 19:35:42 - mmengine - INFO - Iter(val) [300/304]    eta: 0:00:06  time: 1.6640  data_time: 0.0205  memory: 1184  
2026/09/26 19:35:49 - mmengine - INFO - per class results:
2026/09/26 19:35:49 - mmengine - INFO - 
+------------------+-------+-------+-------+--------+-----------+--------+
|      Class       |  IoU  |  Acc  |  Dice | Fscore | Precision | Recall |
+------------------+-------+-------+-------+--------+-----------+--------+
|    background    | 96.22 | 96.78 | 98.07 | 98.07  |    99.4   | 96.78  |
| wastewater_plant | 68.37 | 93.39 | 81.22 | 81.22  |   71.85   | 93.39  |
+------------------+-------+-------+-------+--------+-----------+--------+
2026/09/26 19:35:49 - mmengine - INFO - Iter(val) [304/304]    aAcc: 96.5000  mIoU: 82.2900  mAcc: 95.0800  mDice: 89.6400  mFscore: 89.6400  mPrecision: 85.6300  mRecall: 95.0800  binary/Foreground_IoU: 68.3719  binary/Dice: 81.2154  binary/F1: 81.2154  binary/Precision: 71.8478  binary/Recall: 93.3918  binary/Boundary_F1: 11.9468  binary/BFScore: 11.9468  binary/Boundary_Precision: 8.8728  binary/Boundary_Recall: 18.2799  binary/Hausdorff_px: 559.2776  binary/HD95_px: 448.4879  binary/Hausdorff_m: 279.6388  binary/HD95_m: 224.2440  data_time: 0.0216  time: 1.6369
2026/09/26 19:36:25 - mmengine - INFO - Iter(train) [ 28050/100000]  base_lr: 4.5226e-04 lr: 4.5226e-05  eta: 14:28:38  time: 0.7196  data_time: 0.0170  memory: 11326  loss: 0.3987  loss_final: 0.1337  loss_rgb: 0.0946  loss_geometry: 0.0756  loss_reliability: 0.0064  loss_preserve: 0.0004  loss_equivariance: 0.0000  correction_scale: 0.0989  loss_correction_smoothness: 0.0001  loss_coarse: 0.0402  loss_boundary: 0.0412  loss_sdf: 0.0065  grad_norm: 1.6850
2026/09/26 19:37:02 - mmengine - INFO - Iter(train) [ 28100/100000]  base_lr: 4.5198e-04 lr: 4.5198e-05  eta: 14:28:02  time: 0.7203  data_time: 0.0167  memory: 11326  loss: 0.4218  loss_final: 0.1298  loss_rgb: 0.1055  loss_geometry: 0.0702  loss_reliability: 0.0218  loss_preserve: 0.0003  loss_equivariance: 0.0000  correction_scale: 0.0989  loss_correction_smoothness: 0.0001  loss_coarse: 0.0390  loss_boundary: 0.0517  loss_sdf: 0.0034  grad_norm: 1.7198
2026/09/26 19:37:38 - mmengine - INFO - Iter(train) [ 28150/100000]  base_lr: 4.5170e-04 lr: 4.5170e-05  eta: 14:27:26  time: 0.7305  data_time: 0.0169  memory: 11326  loss: 0.4164  loss_final: 0.1226  loss_rgb: 0.1022  loss_geometry: 0.0733  loss_reliability: 0.0235  loss_preserve: 0.0004  loss_equivariance: 0.0000  correction_scale: 0.0989  loss_correction_smoothness: 0.0001  loss_coarse: 0.0369  loss_boundary: 0.0515  loss_sdf: 0.0060  grad_norm: 1.7594
2026/09/26 19:38:15 - mmengine - INFO - Iter(train) [ 28200/100000]  base_lr: 4.5141e-04 lr: 4.5141e-05  eta: 14:26:50  time: 0.7271  data_time: 0.0171  memory: 11326  loss: 0.3824  loss_final: 0.1214  loss_rgb: 0.0894  loss_geometry: 0.0746  loss_reliability: 0.0140  loss_preserve: 0.0004  loss_equivariance: 0.0000  correction_scale: 0.0989  loss_correction_smoothness: 0.0001  loss_coarse: 0.0365  loss_boundary: 0.0417  loss_sdf: 0.0041  grad_norm: 1.8073
2026/09/26 19:38:50 - mmengine - INFO - Iter(train) [ 28250/100000]  base_lr: 4.5113e-04 lr: 4.5113e-05  eta: 14:26:13  time: 0.7239  data_time: 0.0177  memory: 11326  loss: 0.3068  loss_final: 0.0771  loss_rgb: 0.0690  loss_geometry: 0.0678  loss_reliability: 0.0283  loss_preserve: 0.0005  loss_equivariance: 0.0000  correction_scale: 0.0990  loss_correction_smoothness: 0.0001  loss_coarse: 0.0232  loss_boundary: 0.0361  loss_sdf: 0.0047  grad_norm: 1.7533
2026/09/26 19:39:27 - mmengine - INFO - Iter(train) [ 28300/100000]  base_lr: 4.5085e-04 lr: 4.5085e-05  eta: 14:25:37  time: 0.7192  data_time: 0.0176  memory: 11326  loss: 0.3340  loss_final: 0.0783  loss_rgb: 0.0807  loss_geometry: 0.0899  loss_reliability: 0.0177  loss_preserve: 0.0004  loss_equivariance: 0.0000  correction_scale: 0.0991  loss_correction_smoothness: 0.0001  loss_coarse: 0.0235  loss_boundary: 0.0398  loss_sdf: 0.0035  grad_norm: 1.8302
2026/09/26 19:40:03 - mmengine - INFO - Iter(train) [ 28350/100000]  base_lr: 4.5056e-04 lr: 4.5056e-05  eta: 14:25:00  time: 0.7136  data_time: 0.0156  memory: 11326  loss: 0.3459  loss_final: 0.1101  loss_rgb: 0.0829  loss_geometry: 0.0635  loss_reliability: 0.0071  loss_preserve: 0.0005  loss_equivariance: 0.0000  correction_scale: 0.0991  loss_correction_smoothness: 0.0001  loss_coarse: 0.0331  loss_boundary: 0.0420  loss_sdf: 0.0066  grad_norm: 1.9465
2026/09/26 19:40:39 - mmengine - INFO - Iter(train) [ 28400/100000]  base_lr: 4.5028e-04 lr: 4.5028e-05  eta: 14:24:24  time: 0.7331  data_time: 0.0166  memory: 11326  loss: 0.4882  loss_final: 0.1827  loss_rgb: 0.1005  loss_geometry: 0.0769  loss_reliability: 0.0150  loss_preserve: 0.0004  loss_equivariance: 0.0000  correction_scale: 0.0991  loss_correction_smoothness: 0.0001  loss_coarse: 0.0549  loss_boundary: 0.0473  loss_sdf: 0.0104  grad_norm: 2.2070
2026/09/26 19:41:15 - mmengine - INFO - Iter(train) [ 28450/100000]  base_lr: 4.5000e-04 lr: 4.5000e-05  eta: 14:23:47  time: 0.7230  data_time: 0.0155  memory: 11326  loss: 0.3416  loss_final: 0.0886  loss_rgb: 0.0905  loss_geometry: 0.0683  loss_reliability: 0.0138  loss_preserve: 0.0006  loss_equivariance: 0.0000  correction_scale: 0.0991  loss_correction_smoothness: 0.0002  loss_coarse: 0.0266  loss_boundary: 0.0475  loss_sdf: 0.0055  grad_norm: 1.8910
2026/09/26 19:41:51 - mmengine - INFO - Iter(train) [ 28500/100000]  base_lr: 4.4972e-04 lr: 4.4972e-05  eta: 14:23:10  time: 0.7249  data_time: 0.0175  memory: 11326  loss: 0.3464  loss_final: 0.1042  loss_rgb: 0.0890  loss_geometry: 0.0639  loss_reliability: 0.0037  loss_preserve: 0.0005  loss_equivariance: 0.0000  correction_scale: 0.0991  loss_correction_smoothness: 0.0001  loss_coarse: 0.0313  loss_boundary: 0.0478  loss_sdf: 0.0058  grad_norm: 1.4000
2026/09/26 19:42:27 - mmengine - INFO - Iter(train) [ 28550/100000]  base_lr: 4.4943e-04 lr: 4.4943e-05  eta: 14:22:35  time: 0.7216  data_time: 0.0161  memory: 11326  loss: 0.4367  loss_final: 0.1290  loss_rgb: 0.1146  loss_geometry: 0.0770  loss_reliability: 0.0185  loss_preserve: 0.0005  loss_equivariance: 0.0000  correction_scale: 0.0992  loss_correction_smoothness: 0.0001  loss_coarse: 0.0388  loss_boundary: 0.0520  loss_sdf: 0.0062  grad_norm: 2.1910
2026/09/26 19:43:04 - mmengine - INFO - Iter(train) [ 28600/100000]  base_lr: 4.4915e-04 lr: 4.4915e-05  eta: 14:21:59  time: 0.7373  data_time: 0.0171  memory: 11326  loss: 0.3416  loss_final: 0.0866  loss_rgb: 0.0850  loss_geometry: 0.0823  loss_reliability: 0.0104  loss_preserve: 0.0003  loss_equivariance: 0.0000  correction_scale: 0.0992  loss_correction_smoothness: 0.0001  loss_coarse: 0.0260  loss_boundary: 0.0467  loss_sdf: 0.0041  grad_norm: 2.1483
2026/09/26 19:43:40 - mmengine - INFO - Iter(train) [ 28650/100000]  base_lr: 4.4887e-04 lr: 4.4887e-05  eta: 14:21:23  time: 0.7255  data_time: 0.0175  memory: 11326  loss: 0.4002  loss_final: 0.1231  loss_rgb: 0.0937  loss_geometry: 0.0694  loss_reliability: 0.0237  loss_preserve: 0.0004  loss_equivariance: 0.0000  correction_scale: 0.0992  loss_correction_smoothness: 0.0001  loss_coarse: 0.0369  loss_boundary: 0.0474  loss_sdf: 0.0054  grad_norm: 2.0894
2026/09/26 19:44:16 - mmengine - INFO - Iter(train) [ 28700/100000]  base_lr: 4.4858e-04 lr: 4.4858e-05  eta: 14:20:47  time: 0.7245  data_time: 0.0161  memory: 11326  loss: 0.3604  loss_final: 0.0923  loss_rgb: 0.0984  loss_geometry: 0.0751  loss_reliability: 0.0145  loss_preserve: 0.0003  loss_equivariance: 0.0000  correction_scale: 0.0992  loss_correction_smoothness: 0.0001  loss_coarse: 0.0277  loss_boundary: 0.0470  loss_sdf: 0.0050  grad_norm: 1.4479
2026/09/26 19:44:52 - mmengine - INFO - Iter(train) [ 28750/100000]  base_lr: 4.4830e-04 lr: 4.4830e-05  eta: 14:20:10  time: 0.7122  data_time: 0.0169  memory: 11326  loss: 0.2813  loss_final: 0.0603  loss_rgb: 0.0672  loss_geometry: 0.0968  loss_reliability: 0.0040  loss_preserve: 0.0005  loss_equivariance: 0.0000  correction_scale: 0.0993  loss_correction_smoothness: 0.0001  loss_coarse: 0.0181  loss_boundary: 0.0314  loss_sdf: 0.0029  grad_norm: 3.0790
2026/09/26 19:45:28 - mmengine - INFO - Iter(train) [ 28800/100000]  base_lr: 4.4802e-04 lr: 4.4802e-05  eta: 14:19:33  time: 0.7331  data_time: 0.0157  memory: 11326  loss: 0.4596  loss_final: 0.1555  loss_rgb: 0.1176  loss_geometry: 0.0747  loss_reliability: 0.0069  loss_preserve: 0.0005  loss_equivariance: 0.0000  correction_scale: 0.0994  loss_correction_smoothness: 0.0001  loss_coarse: 0.0467  loss_boundary: 0.0523  loss_sdf: 0.0053  grad_norm: 2.9674
2026/09/26 19:46:04 - mmengine - INFO - Iter(train) [ 28850/100000]  base_lr: 4.4773e-04 lr: 4.4773e-05  eta: 14:18:57  time: 0.7140  data_time: 0.0159  memory: 11326  loss: 0.2810  loss_final: 0.0612  loss_rgb: 0.0816  loss_geometry: 0.0699  loss_reliability: 0.0042  loss_preserve: 0.0004  loss_equivariance: 0.0000  correction_scale: 0.0994  loss_correction_smoothness: 0.0001  loss_coarse: 0.0184  loss_boundary: 0.0415  loss_sdf: 0.0037  grad_norm: 1.6893
2026/09/26 19:46:40 - mmengine - INFO - Iter(train) [ 28900/100000]  base_lr: 4.4745e-04 lr: 4.4745e-05  eta: 14:18:19  time: 0.7213  data_time: 0.0161  memory: 11326  loss: 0.4040  loss_final: 0.1375  loss_rgb: 0.0883  loss_geometry: 0.0757  loss_reliability: 0.0109  loss_preserve: 0.0005  loss_equivariance: 0.0000  correction_scale: 0.0994  loss_correction_smoothness: 0.0001  loss_coarse: 0.0413  loss_boundary: 0.0419  loss_sdf: 0.0077  grad_norm: 1.9676
2026/09/26 19:47:16 - mmengine - INFO - Iter(train) [ 28950/100000]  base_lr: 4.4717e-04 lr: 4.4717e-05  eta: 14:17:43  time: 0.7154  data_time: 0.0156  memory: 11326  loss: 0.2998  loss_final: 0.0582  loss_rgb: 0.0871  loss_geometry: 0.0716  loss_reliability: 0.0159  loss_preserve: 0.0004  loss_equivariance: 0.0000  correction_scale: 0.0995  loss_correction_smoothness: 0.0001  loss_coarse: 0.0175  loss_boundary: 0.0465  loss_sdf: 0.0024  grad_norm: 1.7024
2026/09/26 19:47:53 - mmengine - INFO - Exp name: joint_20260926_115805
2026/09/26 19:47:53 - mmengine - INFO - Iter(train) [ 29000/100000]  base_lr: 4.4688e-04 lr: 4.4688e-05  eta: 14:17:07  time: 0.7387  data_time: 0.0175  memory: 11326  loss: 0.4126  loss_final: 0.1200  loss_rgb: 0.1012  loss_geometry: 0.0818  loss_reliability: 0.0212  loss_preserve: 0.0004  loss_equivariance: 0.0000  correction_scale: 0.0995  loss_correction_smoothness: 0.0001  loss_coarse: 0.0360  loss_boundary: 0.0466  loss_sdf: 0.0052  grad_norm: 1.8677
2026/09/26 19:48:29 - mmengine - INFO - Iter(train) [ 29050/100000]  base_lr: 4.4660e-04 lr: 4.4660e-05  eta: 14:16:31  time: 0.7256  data_time: 0.0159  memory: 11326  loss: 0.4865  loss_final: 0.1717  loss_rgb: 0.1135  loss_geometry: 0.0830  loss_reliability: 0.0079  loss_preserve: 0.0005  loss_equivariance: 0.0000  correction_scale: 0.0996  loss_correction_smoothness: 0.0001  loss_coarse: 0.0515  loss_boundary: 0.0523  loss_sdf: 0.0058  grad_norm: 2.3420
2026/09/26 19:49:05 - mmengine - INFO - Iter(train) [ 29100/100000]  base_lr: 4.4632e-04 lr: 4.4632e-05  eta: 14:15:54  time: 0.7083  data_time: 0.0161  memory: 11326  loss: 0.2795  loss_final: 0.0675  loss_rgb: 0.0655  loss_geometry: 0.0908  loss_reliability: 0.0019  loss_preserve: 0.0001  loss_equivariance: 0.0000  correction_scale: 0.0996  loss_correction_smoothness: 0.0000  loss_coarse: 0.0203  loss_boundary: 0.0308  loss_sdf: 0.0025  grad_norm: 1.6815
2026/09/26 19:49:41 - mmengine - INFO - Iter(train) [ 29150/100000]  base_lr: 4.4603e-04 lr: 4.4603e-05  eta: 14:15:17  time: 0.7166  data_time: 0.0177  memory: 11326  loss: 0.3083  loss_final: 0.0875  loss_rgb: 0.0673  loss_geometry: 0.0707  loss_reliability: 0.0102  loss_preserve: 0.0005  loss_equivariance: 0.0000  correction_scale: 0.0997  loss_correction_smoothness: 0.0001  loss_coarse: 0.0263  loss_boundary: 0.0408  loss_sdf: 0.0049  grad_norm: 2.2062
2026/09/26 19:50:17 - mmengine - INFO - Iter(train) [ 29200/100000]  base_lr: 4.4575e-04 lr: 4.4575e-05  eta: 14:14:41  time: 0.7277  data_time: 0.0171  memory: 11326  loss: 0.4076  loss_final: 0.1392  loss_rgb: 0.0961  loss_geometry: 0.0722  loss_reliability: 0.0067  loss_preserve: 0.0004  loss_equivariance: 0.0000  correction_scale: 0.0997  loss_correction_smoothness: 0.0001  loss_coarse: 0.0417  loss_boundary: 0.0465  loss_sdf: 0.0046  grad_norm: 2.0649
2026/09/26 19:50:53 - mmengine - INFO - Iter(train) [ 29250/100000]  base_lr: 4.4547e-04 lr: 4.4547e-05  eta: 14:14:05  time: 0.7196  data_time: 0.0159  memory: 11326  loss: 0.4511  loss_final: 0.1609  loss_rgb: 0.0963  loss_geometry: 0.0678  loss_reliability: 0.0299  loss_preserve: 0.0003  loss_equivariance: 0.0000  correction_scale: 0.0997  loss_correction_smoothness: 0.0001  loss_coarse: 0.0439  loss_boundary: 0.0457  loss_sdf: 0.0062  grad_norm: 4.0076
2026/09/26 19:51:29 - mmengine - INFO - Iter(train) [ 29300/100000]  base_lr: 4.4518e-04 lr: 4.4518e-05  eta: 14:13:27  time: 0.7104  data_time: 0.0163  memory: 11326  loss: 0.2875  loss_final: 0.0741  loss_rgb: 0.0635  loss_geometry: 0.0900  loss_reliability: 0.0037  loss_preserve: 0.0003  loss_equivariance: 0.0000  correction_scale: 0.0997  loss_correction_smoothness: 0.0001  loss_coarse: 0.0222  loss_boundary: 0.0308  loss_sdf: 0.0027  grad_norm: 3.7823
2026/09/26 19:52:05 - mmengine - INFO - Iter(train) [ 29350/100000]  base_lr: 4.4490e-04 lr: 4.4490e-05  eta: 14:12:52  time: 0.7168  data_time: 0.0163  memory: 11326  loss: 0.2949  loss_final: 0.0612  loss_rgb: 0.0916  loss_geometry: 0.0681  loss_reliability: 0.0066  loss_preserve: 0.0003  loss_equivariance: 0.0000  correction_scale: 0.0997  loss_correction_smoothness: 0.0001  loss_coarse: 0.0184  loss_boundary: 0.0452  loss_sdf: 0.0033  grad_norm: 2.1323
2026/09/26 19:52:42 - mmengine - INFO - Iter(train) [ 29400/100000]  base_lr: 4.4462e-04 lr: 4.4462e-05  eta: 14:12:15  time: 0.7170  data_time: 0.0157  memory: 11326  loss: 0.3025  loss_final: 0.0878  loss_rgb: 0.0520  loss_geometry: 0.1008  loss_reliability: 0.0051  loss_preserve: 0.0001  loss_equivariance: 0.0000  correction_scale: 0.0997  loss_correction_smoothness: 0.0000  loss_coarse: 0.0263  loss_boundary: 0.0262  loss_sdf: 0.0042  grad_norm: 2.0461
2026/09/26 19:53:18 - mmengine - INFO - Iter(train) [ 29450/100000]  base_lr: 4.4433e-04 lr: 4.4433e-05  eta: 14:11:39  time: 0.7222  data_time: 0.0159  memory: 11326  loss: 0.3711  loss_final: 0.0945  loss_rgb: 0.0940  loss_geometry: 0.0871  loss_reliability: 0.0152  loss_preserve: 0.0002  loss_equivariance: 0.0000  correction_scale: 0.0998  loss_correction_smoothness: 0.0000  loss_coarse: 0.0282  loss_boundary: 0.0468  loss_sdf: 0.0052  grad_norm: 1.9975
2026/09/26 19:53:54 - mmengine - INFO - Iter(train) [ 29500/100000]  base_lr: 4.4405e-04 lr: 4.4405e-05  eta: 14:11:02  time: 0.7248  data_time: 0.0159  memory: 11326  loss: 0.4440  loss_final: 0.1384  loss_rgb: 0.1081  loss_geometry: 0.0832  loss_reliability: 0.0122  loss_preserve: 0.0003  loss_equivariance: 0.0000  correction_scale: 0.0999  loss_correction_smoothness: 0.0001  loss_coarse: 0.0416  loss_boundary: 0.0522  loss_sdf: 0.0078  grad_norm: 1.5918
2026/09/26 19:54:30 - mmengine - INFO - Iter(train) [ 29550/100000]  base_lr: 4.4377e-04 lr: 4.4377e-05  eta: 14:10:25  time: 0.7169  data_time: 0.0174  memory: 11326  loss: 0.3775  loss_final: 0.1128  loss_rgb: 0.0827  loss_geometry: 0.0905  loss_reliability: 0.0100  loss_preserve: 0.0003  loss_equivariance: 0.0000  correction_scale: 0.0999  loss_correction_smoothness: 0.0001  loss_coarse: 0.0339  loss_boundary: 0.0411  loss_sdf: 0.0062  grad_norm: 1.5751
2026/09/26 19:55:06 - mmengine - INFO - Iter(train) [ 29600/100000]  base_lr: 4.4348e-04 lr: 4.4348e-05  eta: 14:09:49  time: 0.7254  data_time: 0.0154  memory: 11326  loss: 0.3105  loss_final: 0.0828  loss_rgb: 0.0800  loss_geometry: 0.0742  loss_reliability: 0.0040  loss_preserve: 0.0003  loss_equivariance: 0.0000  correction_scale: 0.0999  loss_correction_smoothness: 0.0001  loss_coarse: 0.0249  loss_boundary: 0.0415  loss_sdf: 0.0026  grad_norm: 2.0861
2026/09/26 19:55:42 - mmengine - INFO - Iter(train) [ 29650/100000]  base_lr: 4.4320e-04 lr: 4.4320e-05  eta: 14:09:13  time: 0.7227  data_time: 0.0167  memory: 11326  loss: 0.4617  loss_final: 0.1590  loss_rgb: 0.1031  loss_geometry: 0.0730  loss_reliability: 0.0229  loss_preserve: 0.0006  loss_equivariance: 0.0000  correction_scale: 0.1000  loss_correction_smoothness: 0.0002  loss_coarse: 0.0478  loss_boundary: 0.0472  loss_sdf: 0.0080  grad_norm: 1.7647
2026/09/26 19:56:18 - mmengine - INFO - Iter(train) [ 29700/100000]  base_lr: 4.4292e-04 lr: 4.4292e-05  eta: 14:08:37  time: 0.7288  data_time: 0.0172  memory: 11326  loss: 0.2961  loss_final: 0.0786  loss_rgb: 0.0760  loss_geometry: 0.0627  loss_reliability: 0.0029  loss_preserve: 0.0005  loss_equivariance: 0.0000  correction_scale: 0.1000  loss_correction_smoothness: 0.0001  loss_coarse: 0.0236  loss_boundary: 0.0472  loss_sdf: 0.0044  grad_norm: 2.0688
2026/09/26 19:56:55 - mmengine - INFO - Iter(train) [ 29750/100000]  base_lr: 4.4263e-04 lr: 4.4263e-05  eta: 14:08:01  time: 0.7224  data_time: 0.0174  memory: 11326  loss: 0.3402  loss_final: 0.0908  loss_rgb: 0.0815  loss_geometry: 0.0760  loss_reliability: 0.0183  loss_preserve: 0.0004  loss_equivariance: 0.0000  correction_scale: 0.1000  loss_correction_smoothness: 0.0001  loss_coarse: 0.0273  loss_boundary: 0.0411  loss_sdf: 0.0048  grad_norm: 2.4473
2026/09/26 19:57:31 - mmengine - INFO - Iter(train) [ 29800/100000]  base_lr: 4.4235e-04 lr: 4.4235e-05  eta: 14:07:25  time: 0.7423  data_time: 0.0165  memory: 11326  loss: 0.4290  loss_final: 0.1169  loss_rgb: 0.1125  loss_geometry: 0.0846  loss_reliability: 0.0201  loss_preserve: 0.0005  loss_equivariance: 0.0000  correction_scale: 0.1000  loss_correction_smoothness: 0.0001  loss_coarse: 0.0351  loss_boundary: 0.0525  loss_sdf: 0.0066  grad_norm: 2.0891
2026/09/26 19:58:07 - mmengine - INFO - Iter(train) [ 29850/100000]  base_lr: 4.4207e-04 lr: 4.4207e-05  eta: 14:06:49  time: 0.7265  data_time: 0.0179  memory: 11326  loss: 0.4140  loss_final: 0.1115  loss_rgb: 0.1038  loss_geometry: 0.0882  loss_reliability: 0.0260  loss_preserve: 0.0006  loss_equivariance: 0.0000  correction_scale: 0.1001  loss_correction_smoothness: 0.0002  loss_coarse: 0.0335  loss_boundary: 0.0466  loss_sdf: 0.0035  grad_norm: 1.9681
2026/09/26 19:58:44 - mmengine - INFO - Iter(train) [ 29900/100000]  base_lr: 4.4178e-04 lr: 4.4178e-05  eta: 14:06:13  time: 0.7209  data_time: 0.0156  memory: 11326  loss: 0.4718  loss_final: 0.1725  loss_rgb: 0.0988  loss_geometry: 0.0758  loss_reliability: 0.0151  loss_preserve: 0.0005  loss_equivariance: 0.0000  correction_scale: 0.1001  loss_correction_smoothness: 0.0001  loss_coarse: 0.0518  loss_boundary: 0.0507  loss_sdf: 0.0064  grad_norm: 1.4874
2026/09/26 19:59:20 - mmengine - INFO - Iter(train) [ 29950/100000]  base_lr: 4.4150e-04 lr: 4.4150e-05  eta: 14:05:36  time: 0.7160  data_time: 0.0158  memory: 11326  loss: 0.3340  loss_final: 0.0818  loss_rgb: 0.0938  loss_geometry: 0.0748  loss_reliability: 0.0071  loss_preserve: 0.0004  loss_equivariance: 0.0000  correction_scale: 0.1002  loss_correction_smoothness: 0.0001  loss_coarse: 0.0246  loss_boundary: 0.0470  loss_sdf: 0.0043  grad_norm: 1.9093
2026/09/26 19:59:56 - mmengine - INFO - Exp name: joint_20260926_115805
2026/09/26 19:59:56 - mmengine - INFO - Iter(train) [ 30000/100000]  base_lr: 4.4122e-04 lr: 4.4122e-05  eta: 14:04:59  time: 0.7212  data_time: 0.0166  memory: 11326  loss: 0.3055  loss_final: 0.0670  loss_rgb: 0.0649  loss_geometry: 0.0938  loss_reliability: 0.0258  loss_preserve: 0.0003  loss_equivariance: 0.0000  correction_scale: 0.1002  loss_correction_smoothness: 0.0001  loss_coarse: 0.0201  loss_boundary: 0.0303  loss_sdf: 0.0031  grad_norm: 1.5572
2026/09/26 19:59:56 - mmengine - INFO - Saving checkpoint at 30000 iterations
2026/09/26 20:01:01 - mmengine - INFO - Iter(val) [ 50/304]    eta: 0:05:23  time: 1.2597  data_time: 0.0202  memory: 1184  
2026/09/26 20:02:31 - mmengine - INFO - Iter(val) [100/304]    eta: 0:05:12  time: 1.7267  data_time: 0.0198  memory: 1184  
2026/09/26 20:03:56 - mmengine - INFO - Iter(val) [150/304]    eta: 0:04:04  time: 1.6953  data_time: 0.0213  memory: 1184  
2026/09/26 20:05:20 - mmengine - INFO - Iter(val) [200/304]    eta: 0:02:47  time: 1.6602  data_time: 0.0231  memory: 1184  
2026/09/26 20:06:42 - mmengine - INFO - Iter(val) [250/304]    eta: 0:01:27  time: 1.6701  data_time: 0.0209  memory: 1184  
2026/09/26 20:08:04 - mmengine - INFO - Iter(val) [300/304]    eta: 0:00:06  time: 1.6411  data_time: 0.0220  memory: 1184  
2026/09/26 20:08:11 - mmengine - INFO - per class results:
2026/09/26 20:08:11 - mmengine - INFO - 
+------------------+-------+-------+-------+--------+-----------+--------+
|      Class       |  IoU  |  Acc  |  Dice | Fscore | Precision | Recall |
+------------------+-------+-------+-------+--------+-----------+--------+
|    background    | 96.94 | 97.62 | 98.45 | 98.45  |   99.29   | 97.62  |
| wastewater_plant | 72.47 | 92.08 | 84.03 | 84.03  |   77.28   | 92.08  |
+------------------+-------+-------+-------+--------+-----------+--------+
2026/09/26 20:08:11 - mmengine - INFO - Iter(val) [304/304]    aAcc: 97.1700  mIoU: 84.7000  mAcc: 94.8500  mDice: 91.2400  mFscore: 91.2400  mPrecision: 88.2900  mRecall: 94.8500  binary/Foreground_IoU: 72.4650  binary/Dice: 84.0345  binary/F1: 84.0345  binary/Precision: 77.2796  binary/Recall: 92.0833  binary/Boundary_F1: 13.0976  binary/BFScore: 13.0976  binary/Boundary_Precision: 10.3460  binary/Boundary_Recall: 17.8430  binary/Hausdorff_px: 445.8197  binary/HD95_px: 351.7774  binary/Hausdorff_m: 222.9098  binary/HD95_m: 175.8887  data_time: 0.0228  time: 1.6233
2026/09/26 20:08:47 - mmengine - INFO - Iter(train) [ 30050/100000]  base_lr: 4.4093e-04 lr: 4.4093e-05  eta: 14:04:24  time: 0.7300  data_time: 0.0163  memory: 11326  loss: 0.5117  loss_final: 0.1860  loss_rgb: 0.1128  loss_geometry: 0.0926  loss_reliability: 0.0031  loss_preserve: 0.0004  loss_equivariance: 0.0000  correction_scale: 0.1002  loss_correction_smoothness: 0.0001  loss_coarse: 0.0559  loss_boundary: 0.0521  loss_sdf: 0.0088  grad_norm: 1.6543
2026/09/26 20:09:23 - mmengine - INFO - Iter(train) [ 30100/100000]  base_lr: 4.4065e-04 lr: 4.4065e-05  eta: 14:03:48  time: 0.7144  data_time: 0.0160  memory: 11326  loss: 0.3442  loss_final: 0.0916  loss_rgb: 0.0715  loss_geometry: 0.0964  loss_reliability: 0.0084  loss_preserve: 0.0003  loss_equivariance: 0.0000  correction_scale: 0.1002  loss_correction_smoothness: 0.0001  loss_coarse: 0.0275  loss_boundary: 0.0417  loss_sdf: 0.0066  grad_norm: 1.9225
2026/09/26 20:10:00 - mmengine - INFO - Iter(train) [ 30150/100000]  base_lr: 4.4036e-04 lr: 4.4036e-05  eta: 14:03:11  time: 0.7238  data_time: 0.0173  memory: 11326  loss: 0.3985  loss_final: 0.1348  loss_rgb: 0.0913  loss_geometry: 0.0718  loss_reliability: 0.0113  loss_preserve: 0.0003  loss_equivariance: 0.0000  correction_scale: 0.1002  loss_correction_smoothness: 0.0001  loss_coarse: 0.0405  loss_boundary: 0.0417  loss_sdf: 0.0066  grad_norm: 1.4704
2026/09/26 20:10:36 - mmengine - INFO - Iter(train) [ 30200/100000]  base_lr: 4.4008e-04 lr: 4.4008e-05  eta: 14:02:37  time: 0.7340  data_time: 0.0173  memory: 11326  loss: 0.3208  loss_final: 0.0813  loss_rgb: 0.0828  loss_geometry: 0.0745  loss_reliability: 0.0119  loss_preserve: 0.0004  loss_equivariance: 0.0000  correction_scale: 0.1002  loss_correction_smoothness: 0.0001  loss_coarse: 0.0244  loss_boundary: 0.0415  loss_sdf: 0.0039  grad_norm: 1.8910
2026/09/26 20:11:13 - mmengine - INFO - Iter(train) [ 30250/100000]  base_lr: 4.3980e-04 lr: 4.3980e-05  eta: 14:02:01  time: 0.7252  data_time: 0.0166  memory: 11326  loss: 0.3713  loss_final: 0.1043  loss_rgb: 0.0974  loss_geometry: 0.0776  loss_reliability: 0.0097  loss_preserve: 0.0003  loss_equivariance: 0.0000  correction_scale: 0.1002  loss_correction_smoothness: 0.0001  loss_coarse: 0.0313  loss_boundary: 0.0458  loss_sdf: 0.0049  grad_norm: 1.8094
2026/09/26 20:11:49 - mmengine - INFO - Iter(train) [ 30300/100000]  base_lr: 4.3951e-04 lr: 4.3951e-05  eta: 14:01:25  time: 0.7267  data_time: 0.0193  memory: 11326  loss: 0.3023  loss_final: 0.0680  loss_rgb: 0.0846  loss_geometry: 0.0784  loss_reliability: 0.0056  loss_preserve: 0.0003  loss_equivariance: 0.0000  correction_scale: 0.1003  loss_correction_smoothness: 0.0001  loss_coarse: 0.0204  loss_boundary: 0.0418  loss_sdf: 0.0032  grad_norm: 1.6458
2026/09/26 20:12:26 - mmengine - INFO - Iter(train) [ 30350/100000]  base_lr: 4.3923e-04 lr: 4.3923e-05  eta: 14:00:49  time: 0.7229  data_time: 0.0167  memory: 11326  loss: 0.2745  loss_final: 0.0595  loss_rgb: 0.0794  loss_geometry: 0.0647  loss_reliability: 0.0097  loss_preserve: 0.0004  loss_equivariance: 0.0000  correction_scale: 0.1003  loss_correction_smoothness: 0.0001  loss_coarse: 0.0179  loss_boundary: 0.0397  loss_sdf: 0.0030  grad_norm: 1.4215
2026/09/26 20:13:02 - mmengine - INFO - Iter(train) [ 30400/100000]  base_lr: 4.3895e-04 lr: 4.3895e-05  eta: 14:00:13  time: 0.7339  data_time: 0.0160  memory: 11326  loss: 0.4297  loss_final: 0.1253  loss_rgb: 0.1090  loss_geometry: 0.0788  loss_reliability: 0.0193  loss_preserve: 0.0004  loss_equivariance: 0.0000  correction_scale: 0.1003  loss_correction_smoothness: 0.0001  loss_coarse: 0.0377  loss_boundary: 0.0523  loss_sdf: 0.0066  grad_norm: 1.5882
2026/09/26 20:13:38 - mmengine - INFO - Iter(train) [ 30450/100000]  base_lr: 4.3866e-04 lr: 4.3866e-05  eta: 13:59:36  time: 0.7150  data_time: 0.0171  memory: 11326  loss: 0.3505  loss_final: 0.1081  loss_rgb: 0.0828  loss_geometry: 0.0730  loss_reliability: 0.0058  loss_preserve: 0.0004  loss_equivariance: 0.0000  correction_scale: 0.1004  loss_correction_smoothness: 0.0001  loss_coarse: 0.0325  loss_boundary: 0.0417  loss_sdf: 0.0060  grad_norm: 2.2076
2026/09/26 20:14:14 - mmengine - INFO - Iter(train) [ 30500/100000]  base_lr: 4.3838e-04 lr: 4.3838e-05  eta: 13:58:59  time: 0.7170  data_time: 0.0164  memory: 11326  loss: 0.4855  loss_final: 0.1694  loss_rgb: 0.0996  loss_geometry: 0.0873  loss_reliability: 0.0242  loss_preserve: 0.0005  loss_equivariance: 0.0000  correction_scale: 0.1004  loss_correction_smoothness: 0.0001  loss_coarse: 0.0509  loss_boundary: 0.0462  loss_sdf: 0.0073  grad_norm: 1.6941
2026/09/26 20:14:50 - mmengine - INFO - Iter(train) [ 30550/100000]  base_lr: 4.3809e-04 lr: 4.3809e-05  eta: 13:58:23  time: 0.7277  data_time: 0.0170  memory: 11326  loss: 0.3352  loss_final: 0.0727  loss_rgb: 0.0864  loss_geometry: 0.0650  loss_reliability: 0.0373  loss_preserve: 0.0005  loss_equivariance: 0.0000  correction_scale: 0.1004  loss_correction_smoothness: 0.0002  loss_coarse: 0.0219  loss_boundary: 0.0467  loss_sdf: 0.0044  grad_norm: 1.6966
2026/09/26 20:15:26 - mmengine - INFO - Iter(train) [ 30600/100000]  base_lr: 4.3781e-04 lr: 4.3781e-05  eta: 13:57:47  time: 0.7307  data_time: 0.0171  memory: 11326  loss: 0.4220  loss_final: 0.1399  loss_rgb: 0.0938  loss_geometry: 0.0774  loss_reliability: 0.0137  loss_preserve: 0.0005  loss_equivariance: 0.0000  correction_scale: 0.1004  loss_correction_smoothness: 0.0001  loss_coarse: 0.0420  loss_boundary: 0.0470  loss_sdf: 0.0075  grad_norm: 1.4425
2026/09/26 20:16:02 - mmengine - INFO - Iter(train) [ 30650/100000]  base_lr: 4.3753e-04 lr: 4.3753e-05  eta: 13:57:11  time: 0.7226  data_time: 0.0170  memory: 11326  loss: 0.3286  loss_final: 0.0715  loss_rgb: 0.0969  loss_geometry: 0.0736  loss_reliability: 0.0111  loss_preserve: 0.0004  loss_equivariance: 0.0000  correction_scale: 0.1004  loss_correction_smoothness: 0.0001  loss_coarse: 0.0215  loss_boundary: 0.0497  loss_sdf: 0.0038  grad_norm: 1.4045
2026/09/26 20:16:38 - mmengine - INFO - Iter(train) [ 30700/100000]  base_lr: 4.3724e-04 lr: 4.3724e-05  eta: 13:56:33  time: 0.7093  data_time: 0.0163  memory: 11326  loss: 0.4852  loss_final: 0.1953  loss_rgb: 0.0686  loss_geometry: 0.0902  loss_reliability: 0.0258  loss_preserve: 0.0005  loss_equivariance: 0.0000  correction_scale: 0.1005  loss_correction_smoothness: 0.0001  loss_coarse: 0.0586  loss_boundary: 0.0361  loss_sdf: 0.0098  grad_norm: 1.3697
2026/09/26 20:17:14 - mmengine - INFO - Iter(train) [ 30750/100000]  base_lr: 4.3696e-04 lr: 4.3696e-05  eta: 13:55:56  time: 0.7142  data_time: 0.0155  memory: 11326  loss: 0.4681  loss_final: 0.1684  loss_rgb: 0.0825  loss_geometry: 0.0997  loss_reliability: 0.0215  loss_preserve: 0.0006  loss_equivariance: 0.0000  correction_scale: 0.1006  loss_correction_smoothness: 0.0002  loss_coarse: 0.0506  loss_boundary: 0.0363  loss_sdf: 0.0082  grad_norm: 1.4473
2026/09/26 20:17:50 - mmengine - INFO - Iter(train) [ 30800/100000]  base_lr: 4.3667e-04 lr: 4.3667e-05  eta: 13:55:21  time: 0.7358  data_time: 0.0166  memory: 11326  loss: 0.3929  loss_final: 0.1172  loss_rgb: 0.1000  loss_geometry: 0.0669  loss_reliability: 0.0210  loss_preserve: 0.0004  loss_equivariance: 0.0000  correction_scale: 0.1006  loss_correction_smoothness: 0.0001  loss_coarse: 0.0352  loss_boundary: 0.0471  loss_sdf: 0.0050  grad_norm: 1.8793
2026/09/26 20:18:27 - mmengine - INFO - Iter(train) [ 30850/100000]  base_lr: 4.3639e-04 lr: 4.3639e-05  eta: 13:54:44  time: 0.7224  data_time: 0.0160  memory: 11326  loss: 0.5229  loss_final: 0.2032  loss_rgb: 0.1053  loss_geometry: 0.0842  loss_reliability: 0.0151  loss_preserve: 0.0004  loss_equivariance: 0.0000  correction_scale: 0.1006  loss_correction_smoothness: 0.0001  loss_coarse: 0.0610  loss_boundary: 0.0462  loss_sdf: 0.0074  grad_norm: 1.9841
2026/09/26 20:19:03 - mmengine - INFO - Iter(train) [ 30900/100000]  base_lr: 4.3611e-04 lr: 4.3611e-05  eta: 13:54:08  time: 0.7061  data_time: 0.0168  memory: 11326  loss: 0.3128  loss_final: 0.0756  loss_rgb: 0.0649  loss_geometry: 0.0894  loss_reliability: 0.0254  loss_preserve: 0.0003  loss_equivariance: 0.0000  correction_scale: 0.1006  loss_correction_smoothness: 0.0001  loss_coarse: 0.0227  loss_boundary: 0.0311  loss_sdf: 0.0033  grad_norm: 2.3278
2026/09/26 20:19:39 - mmengine - INFO - Iter(train) [ 30950/100000]  base_lr: 4.3582e-04 lr: 4.3582e-05  eta: 13:53:32  time: 0.7271  data_time: 0.0161  memory: 11326  loss: 0.4075  loss_final: 0.1318  loss_rgb: 0.0996  loss_geometry: 0.0821  loss_reliability: 0.0037  loss_preserve: 0.0003  loss_equivariance: 0.0000  correction_scale: 0.1006  loss_correction_smoothness: 0.0001  loss_coarse: 0.0396  loss_boundary: 0.0457  loss_sdf: 0.0045  grad_norm: 1.5607
2026/09/26 20:20:15 - mmengine - INFO - Exp name: joint_20260926_115805
2026/09/26 20:20:15 - mmengine - INFO - Iter(train) [ 31000/100000]  base_lr: 4.3554e-04 lr: 4.3554e-05  eta: 13:52:56  time: 0.7256  data_time: 0.0162  memory: 11326  loss: 0.3665  loss_final: 0.1107  loss_rgb: 0.0833  loss_geometry: 0.0750  loss_reliability: 0.0191  loss_preserve: 0.0004  loss_equivariance: 0.0000  correction_scale: 0.1006  loss_correction_smoothness: 0.0001  loss_coarse: 0.0333  loss_boundary: 0.0411  loss_sdf: 0.0035  grad_norm: 1.6094
2026/09/26 20:20:51 - mmengine - INFO - Iter(train) [ 31050/100000]  base_lr: 4.3525e-04 lr: 4.3525e-05  eta: 13:52:20  time: 0.7287  data_time: 0.0164  memory: 11326  loss: 0.3481  loss_final: 0.0882  loss_rgb: 0.0936  loss_geometry: 0.0765  loss_reliability: 0.0119  loss_preserve: 0.0004  loss_equivariance: 0.0000  correction_scale: 0.1006  loss_correction_smoothness: 0.0001  loss_coarse: 0.0265  loss_boundary: 0.0473  loss_sdf: 0.0036  grad_norm: 1.6927
2026/09/26 20:21:28 - mmengine - INFO - Iter(train) [ 31100/100000]  base_lr: 4.3497e-04 lr: 4.3497e-05  eta: 13:51:43  time: 0.7234  data_time: 0.0169  memory: 11326  loss: 0.2697  loss_final: 0.0410  loss_rgb: 0.0758  loss_geometry: 0.0753  loss_reliability: 0.0229  loss_preserve: 0.0003  loss_equivariance: 0.0000  correction_scale: 0.1007  loss_correction_smoothness: 0.0001  loss_coarse: 0.0124  loss_boundary: 0.0402  loss_sdf: 0.0018  grad_norm: 1.5248
2026/09/26 20:22:04 - mmengine - INFO - Iter(train) [ 31150/100000]  base_lr: 4.3469e-04 lr: 4.3469e-05  eta: 13:51:07  time: 0.7286  data_time: 0.0168  memory: 11326  loss: 0.3846  loss_final: 0.0938  loss_rgb: 0.1048  loss_geometry: 0.0699  loss_reliability: 0.0320  loss_preserve: 0.0004  loss_equivariance: 0.0000  correction_scale: 0.1006  loss_correction_smoothness: 0.0001  loss_coarse: 0.0282  loss_boundary: 0.0506  loss_sdf: 0.0047  grad_norm: 1.7743
2026/09/26 20:22:40 - mmengine - INFO - Iter(train) [ 31200/100000]  base_lr: 4.3440e-04 lr: 4.3440e-05  eta: 13:50:31  time: 0.7291  data_time: 0.0158  memory: 11326  loss: 0.3543  loss_final: 0.1000  loss_rgb: 0.0915  loss_geometry: 0.0790  loss_reliability: 0.0063  loss_preserve: 0.0005  loss_equivariance: 0.0000  correction_scale: 0.1006  loss_correction_smoothness: 0.0001  loss_coarse: 0.0300  loss_boundary: 0.0419  loss_sdf: 0.0049  grad_norm: 1.7374
2026/09/26 20:23:16 - mmengine - INFO - Iter(train) [ 31250/100000]  base_lr: 4.3412e-04 lr: 4.3412e-05  eta: 13:49:54  time: 0.7095  data_time: 0.0172  memory: 11326  loss: 0.3306  loss_final: 0.1010  loss_rgb: 0.0664  loss_geometry: 0.0898  loss_reliability: 0.0073  loss_preserve: 0.0004  loss_equivariance: 0.0000  correction_scale: 0.1007  loss_correction_smoothness: 0.0001  loss_coarse: 0.0303  loss_boundary: 0.0315  loss_sdf: 0.0037  grad_norm: 2.0951
2026/09/26 20:23:53 - mmengine - INFO - Iter(train) [ 31300/100000]  base_lr: 4.3383e-04 lr: 4.3383e-05  eta: 13:49:18  time: 0.7202  data_time: 0.0161  memory: 11326  loss: 0.3092  loss_final: 0.0793  loss_rgb: 0.0853  loss_geometry: 0.0712  loss_reliability: 0.0043  loss_preserve: 0.0004  loss_equivariance: 0.0000  correction_scale: 0.1007  loss_correction_smoothness: 0.0001  loss_coarse: 0.0238  loss_boundary: 0.0409  loss_sdf: 0.0038  grad_norm: 2.0085
2026/09/26 20:24:29 - mmengine - INFO - Iter(train) [ 31350/100000]  base_lr: 4.3355e-04 lr: 4.3355e-05  eta: 13:48:42  time: 0.7101  data_time: 0.0162  memory: 11326  loss: 0.2472  loss_final: 0.0597  loss_rgb: 0.0503  loss_geometry: 0.0819  loss_reliability: 0.0073  loss_preserve: 0.0004  loss_equivariance: 0.0000  correction_scale: 0.1008  loss_correction_smoothness: 0.0001  loss_coarse: 0.0179  loss_boundary: 0.0262  loss_sdf: 0.0033  grad_norm: 2.3168
2026/09/26 20:25:05 - mmengine - INFO - Iter(train) [ 31400/100000]  base_lr: 4.3327e-04 lr: 4.3327e-05  eta: 13:48:07  time: 0.7356  data_time: 0.0172  memory: 11326  loss: 0.3222  loss_final: 0.0787  loss_rgb: 0.0862  loss_geometry: 0.0728  loss_reliability: 0.0144  loss_preserve: 0.0003  loss_equivariance: 0.0000  correction_scale: 0.1008  loss_correction_smoothness: 0.0001  loss_coarse: 0.0237  loss_boundary: 0.0416  loss_sdf: 0.0042  grad_norm: 1.5046
2026/09/26 20:25:42 - mmengine - INFO - Iter(train) [ 31450/100000]  base_lr: 4.3298e-04 lr: 4.3298e-05  eta: 13:47:31  time: 0.7305  data_time: 0.0163  memory: 11326  loss: 0.3834  loss_final: 0.1106  loss_rgb: 0.0958  loss_geometry: 0.0717  loss_reliability: 0.0122  loss_preserve: 0.0003  loss_equivariance: 0.0000  correction_scale: 0.1008  loss_correction_smoothness: 0.0001  loss_coarse: 0.0333  loss_boundary: 0.0528  loss_sdf: 0.0067  grad_norm: 1.6912
2026/09/26 20:26:18 - mmengine - INFO - Iter(train) [ 31500/100000]  base_lr: 4.3270e-04 lr: 4.3270e-05  eta: 13:46:54  time: 0.7271  data_time: 0.0158  memory: 11326  loss: 0.5706  loss_final: 0.2374  loss_rgb: 0.0959  loss_geometry: 0.0897  loss_reliability: 0.0158  loss_preserve: 0.0007  loss_equivariance: 0.0000  correction_scale: 0.1009  loss_correction_smoothness: 0.0002  loss_coarse: 0.0713  loss_boundary: 0.0470  loss_sdf: 0.0127  grad_norm: 1.6744
2026/09/26 20:26:54 - mmengine - INFO - Iter(train) [ 31550/100000]  base_lr: 4.3241e-04 lr: 4.3241e-05  eta: 13:46:18  time: 0.7159  data_time: 0.0160  memory: 11326  loss: 0.3029  loss_final: 0.0719  loss_rgb: 0.0701  loss_geometry: 0.0965  loss_reliability: 0.0069  loss_preserve: 0.0004  loss_equivariance: 0.0000  correction_scale: 0.1009  loss_correction_smoothness: 0.0001  loss_coarse: 0.0216  loss_boundary: 0.0313  loss_sdf: 0.0041  grad_norm: 2.7666
2026/09/26 20:27:30 - mmengine - INFO - Iter(train) [ 31600/100000]  base_lr: 4.3213e-04 lr: 4.3213e-05  eta: 13:45:42  time: 0.7310  data_time: 0.0154  memory: 11326  loss: 0.4423  loss_final: 0.1327  loss_rgb: 0.0984  loss_geometry: 0.0924  loss_reliability: 0.0240  loss_preserve: 0.0005  loss_equivariance: 0.0000  correction_scale: 0.1009  loss_correction_smoothness: 0.0001  loss_coarse: 0.0399  loss_boundary: 0.0473  loss_sdf: 0.0069  grad_norm: 2.0540
2026/09/26 20:28:06 - mmengine - INFO - Iter(train) [ 31650/100000]  base_lr: 4.3184e-04 lr: 4.3184e-05  eta: 13:45:05  time: 0.7295  data_time: 0.0167  memory: 11326  loss: 0.3479  loss_final: 0.0774  loss_rgb: 0.1028  loss_geometry: 0.0857  loss_reliability: 0.0064  loss_preserve: 0.0005  loss_equivariance: 0.0000  correction_scale: 0.1010  loss_correction_smoothness: 0.0001  loss_coarse: 0.0233  loss_boundary: 0.0473  loss_sdf: 0.0045  grad_norm: 3.5957
2026/09/26 20:28:43 - mmengine - INFO - Iter(train) [ 31700/100000]  base_lr: 4.3156e-04 lr: 4.3156e-05  eta: 13:44:30  time: 0.7280  data_time: 0.0158  memory: 11326  loss: 0.3577  loss_final: 0.0932  loss_rgb: 0.1024  loss_geometry: 0.0640  loss_reliability: 0.0125  loss_preserve: 0.0004  loss_equivariance: 0.0000  correction_scale: 0.1010  loss_correction_smoothness: 0.0001  loss_coarse: 0.0280  loss_boundary: 0.0522  loss_sdf: 0.0048  grad_norm: 3.9867
2026/09/26 20:29:19 - mmengine - INFO - Iter(train) [ 31750/100000]  base_lr: 4.3128e-04 lr: 4.3128e-05  eta: 13:43:54  time: 0.7285  data_time: 0.0174  memory: 11326  loss: 0.3643  loss_final: 0.0997  loss_rgb: 0.0999  loss_geometry: 0.0747  loss_reliability: 0.0075  loss_preserve: 0.0005  loss_equivariance: 0.0000  correction_scale: 0.1011  loss_correction_smoothness: 0.0001  loss_coarse: 0.0300  loss_boundary: 0.0467  loss_sdf: 0.0053  grad_norm: 2.8019
2026/09/26 20:29:56 - mmengine - INFO - Iter(train) [ 31800/100000]  base_lr: 4.3099e-04 lr: 4.3099e-05  eta: 13:43:18  time: 0.7355  data_time: 0.0160  memory: 11326  loss: 0.3731  loss_final: 0.0986  loss_rgb: 0.1023  loss_geometry: 0.0789  loss_reliability: 0.0127  loss_preserve: 0.0003  loss_equivariance: 0.0000  correction_scale: 0.1011  loss_correction_smoothness: 0.0001  loss_coarse: 0.0296  loss_boundary: 0.0464  loss_sdf: 0.0042  grad_norm: 1.8801
2026/09/26 20:30:32 - mmengine - INFO - Iter(train) [ 31850/100000]  base_lr: 4.3071e-04 lr: 4.3071e-05  eta: 13:42:42  time: 0.7255  data_time: 0.0156  memory: 11326  loss: 0.4685  loss_final: 0.1645  loss_rgb: 0.1159  loss_geometry: 0.0731  loss_reliability: 0.0070  loss_preserve: 0.0005  loss_equivariance: 0.0000  correction_scale: 0.1011  loss_correction_smoothness: 0.0001  loss_coarse: 0.0494  loss_boundary: 0.0522  loss_sdf: 0.0058  grad_norm: 1.6257
2026/09/26 20:31:08 - mmengine - INFO - Iter(train) [ 31900/100000]  base_lr: 4.3042e-04 lr: 4.3042e-05  eta: 13:42:06  time: 0.7223  data_time: 0.0171  memory: 11326  loss: 0.2822  loss_final: 0.0652  loss_rgb: 0.0768  loss_geometry: 0.0653  loss_reliability: 0.0099  loss_preserve: 0.0004  loss_equivariance: 0.0000  correction_scale: 0.1011  loss_correction_smoothness: 0.0001  loss_coarse: 0.0196  loss_boundary: 0.0414  loss_sdf: 0.0036  grad_norm: 1.4681
2026/09/26 20:31:44 - mmengine - INFO - Iter(train) [ 31950/100000]  base_lr: 4.3014e-04 lr: 4.3014e-05  eta: 13:41:30  time: 0.7235  data_time: 0.0168  memory: 11326  loss: 0.4608  loss_final: 0.1530  loss_rgb: 0.1133  loss_geometry: 0.0888  loss_reliability: 0.0049  loss_preserve: 0.0003  loss_equivariance: 0.0000  correction_scale: 0.1011  loss_correction_smoothness: 0.0001  loss_coarse: 0.0459  loss_boundary: 0.0475  loss_sdf: 0.0069  grad_norm: 1.8416
2026/09/26 20:32:21 - mmengine - INFO - Exp name: joint_20260926_115805
2026/09/26 20:32:21 - mmengine - INFO - Iter(train) [ 32000/100000]  base_lr: 4.2985e-04 lr: 4.2985e-05  eta: 13:40:54  time: 0.7464  data_time: 0.0168  memory: 11326  loss: 0.5347  loss_final: 0.1919  loss_rgb: 0.1224  loss_geometry: 0.0920  loss_reliability: 0.0101  loss_preserve: 0.0003  loss_equivariance: 0.0000  correction_scale: 0.1012  loss_correction_smoothness: 0.0001  loss_coarse: 0.0576  loss_boundary: 0.0527  loss_sdf: 0.0076  grad_norm: 2.6109
2026/09/26 20:32:21 - mmengine - INFO - Saving checkpoint at 32000 iterations
2026/09/26 20:33:26 - mmengine - INFO - Iter(val) [ 50/304]    eta: 0:05:24  time: 1.2619  data_time: 0.0209  memory: 1184  
2026/09/26 20:34:55 - mmengine - INFO - Iter(val) [100/304]    eta: 0:05:11  time: 1.7314  data_time: 0.0236  memory: 1184  
2026/09/26 20:36:19 - mmengine - INFO - Iter(val) [150/304]    eta: 0:04:02  time: 1.6514  data_time: 0.0206  memory: 1184  
2026/09/26 20:37:42 - mmengine - INFO - Iter(val) [200/304]    eta: 0:02:46  time: 1.6741  data_time: 0.0205  memory: 1184  
2026/09/26 20:39:04 - mmengine - INFO - Iter(val) [250/304]    eta: 0:01:26  time: 1.6355  data_time: 0.0195  memory: 1184  
2026/09/26 20:40:25 - mmengine - INFO - Iter(val) [300/304]    eta: 0:00:06  time: 1.5951  data_time: 0.0202  memory: 1184  
2026/09/26 20:40:31 - mmengine - INFO - per class results:
2026/09/26 20:40:31 - mmengine - INFO - 
+------------------+-------+-------+-------+--------+-----------+--------+
|      Class       |  IoU  |  Acc  |  Dice | Fscore | Precision | Recall |
+------------------+-------+-------+-------+--------+-----------+--------+
|    background    | 97.49 | 98.52 | 98.73 | 98.73  |   98.94   | 98.52  |
| wastewater_plant | 75.32 | 88.01 | 85.92 | 85.92  |   83.93   | 88.01  |
+------------------+-------+-------+-------+--------+-----------+--------+
2026/09/26 20:40:31 - mmengine - INFO - Iter(val) [304/304]    aAcc: 97.6700  mIoU: 86.4000  mAcc: 93.2600  mDice: 92.3200  mFscore: 92.3200  mPrecision: 91.4300  mRecall: 93.2600  binary/Foreground_IoU: 75.3152  binary/Dice: 85.9198  binary/F1: 85.9198  binary/Precision: 83.9296  binary/Recall: 88.0066  binary/Boundary_F1: 15.2155  binary/BFScore: 15.2155  binary/Boundary_Precision: 13.0486  binary/Boundary_Recall: 18.2455  binary/Hausdorff_px: 332.3399  binary/HD95_px: 250.6813  binary/Hausdorff_m: 166.1700  binary/HD95_m: 125.3406  data_time: 0.0230  time: 1.6078
2026/09/26 20:40:31 - mmengine - INFO - The previous best checkpoint /workspace/work_dirs/rpgv_v2_single_stage_fixed/single_stage/seed_42/progressive_rgr/joint/best_binary_Foreground_IoU_iter_24000.pth is removed
2026/09/26 20:40:32 - mmengine - INFO - The best checkpoint with 75.3152 binary/Foreground_IoU at 32000 iter is saved to best_binary_Foreground_IoU_iter_32000.pth.
2026/09/26 20:41:12 - mmengine - INFO - Iter(train) [ 32050/100000]  base_lr: 4.2957e-04 lr: 4.2957e-05  eta: 13:40:27  time: 0.7251  data_time: 0.0176  memory: 11326  loss: 0.3594  loss_final: 0.1046  loss_rgb: 0.0779  loss_geometry: 0.0841  loss_reliability: 0.0132  loss_preserve: 0.0004  loss_equivariance: 0.0000  correction_scale: 0.1013  loss_correction_smoothness: 0.0001  loss_coarse: 0.0314  loss_boundary: 0.0415  loss_sdf: 0.0061  grad_norm: 1.7696
2026/09/26 20:41:48 - mmengine - INFO - Iter(train) [ 32100/100000]  base_lr: 4.2928e-04 lr: 4.2928e-05  eta: 13:39:51  time: 0.7037  data_time: 0.0171  memory: 11326  loss: 0.2872  loss_final: 0.0570  loss_rgb: 0.0713  loss_geometry: 0.0947  loss_reliability: 0.0134  loss_preserve: 0.0003  loss_equivariance: 0.0000  correction_scale: 0.1013  loss_correction_smoothness: 0.0001  loss_coarse: 0.0171  loss_boundary: 0.0307  loss_sdf: 0.0027  grad_norm: 2.0192
2026/09/26 20:42:24 - mmengine - INFO - Iter(train) [ 32150/100000]  base_lr: 4.2900e-04 lr: 4.2900e-05  eta: 13:39:14  time: 0.7263  data_time: 0.0165  memory: 11326  loss: 0.4198  loss_final: 0.1328  loss_rgb: 0.1089  loss_geometry: 0.0804  loss_reliability: 0.0031  loss_preserve: 0.0004  loss_equivariance: 0.0000  correction_scale: 0.1013  loss_correction_smoothness: 0.0001  loss_coarse: 0.0399  loss_boundary: 0.0476  loss_sdf: 0.0065  grad_norm: 1.6613
2026/09/26 20:43:01 - mmengine - INFO - Iter(train) [ 32200/100000]  base_lr: 4.2872e-04 lr: 4.2872e-05  eta: 13:38:39  time: 0.7288  data_time: 0.0160  memory: 11326  loss: 0.3077  loss_final: 0.0764  loss_rgb: 0.0779  loss_geometry: 0.0674  loss_reliability: 0.0178  loss_preserve: 0.0005  loss_equivariance: 0.0000  correction_scale: 0.1013  loss_correction_smoothness: 0.0001  loss_coarse: 0.0230  loss_boundary: 0.0413  loss_sdf: 0.0033  grad_norm: 1.6022
2026/09/26 20:43:37 - mmengine - INFO - Iter(train) [ 32250/100000]  base_lr: 4.2843e-04 lr: 4.2843e-05  eta: 13:38:03  time: 0.7188  data_time: 0.0158  memory: 11326  loss: 0.3426  loss_final: 0.0886  loss_rgb: 0.0933  loss_geometry: 0.0688  loss_reliability: 0.0130  loss_preserve: 0.0005  loss_equivariance: 0.0000  correction_scale: 0.1013  loss_correction_smoothness: 0.0001  loss_coarse: 0.0266  loss_boundary: 0.0470  loss_sdf: 0.0046  grad_norm: 1.8849
2026/09/26 20:44:13 - mmengine - INFO - Iter(train) [ 32300/100000]  base_lr: 4.2815e-04 lr: 4.2815e-05  eta: 13:37:26  time: 0.7233  data_time: 0.0169  memory: 11326  loss: 0.3778  loss_final: 0.1134  loss_rgb: 0.0866  loss_geometry: 0.0815  loss_reliability: 0.0123  loss_preserve: 0.0004  loss_equivariance: 0.0000  correction_scale: 0.1013  loss_correction_smoothness: 0.0001  loss_coarse: 0.0341  loss_boundary: 0.0465  loss_sdf: 0.0028  grad_norm: 1.8946
2026/09/26 20:44:49 - mmengine - INFO - Iter(train) [ 32350/100000]  base_lr: 4.2786e-04 lr: 4.2786e-05  eta: 13:36:49  time: 0.7292  data_time: 0.0160  memory: 11326  loss: 0.4710  loss_final: 0.1429  loss_rgb: 0.0989  loss_geometry: 0.0862  loss_reliability: 0.0483  loss_preserve: 0.0003  loss_equivariance: 0.0000  correction_scale: 0.1013  loss_correction_smoothness: 0.0001  loss_coarse: 0.0429  loss_boundary: 0.0466  loss_sdf: 0.0047  grad_norm: 1.6166
2026/09/26 20:45:25 - mmengine - INFO - Iter(train) [ 32400/100000]  base_lr: 4.2758e-04 lr: 4.2758e-05  eta: 13:36:14  time: 0.7361  data_time: 0.0159  memory: 11326  loss: 0.3285  loss_final: 0.0777  loss_rgb: 0.0863  loss_geometry: 0.0585  loss_reliability: 0.0373  loss_preserve: 0.0004  loss_equivariance: 0.0000  correction_scale: 0.1013  loss_correction_smoothness: 0.0001  loss_coarse: 0.0234  loss_boundary: 0.0413  loss_sdf: 0.0035  grad_norm: 1.6296
2026/09/26 20:46:02 - mmengine - INFO - Iter(train) [ 32450/100000]  base_lr: 4.2729e-04 lr: 4.2729e-05  eta: 13:35:37  time: 0.7156  data_time: 0.0174  memory: 11326  loss: 0.3469  loss_final: 0.1103  loss_rgb: 0.0785  loss_geometry: 0.0750  loss_reliability: 0.0078  loss_preserve: 0.0005  loss_equivariance: 0.0000  correction_scale: 0.1013  loss_correction_smoothness: 0.0001  loss_coarse: 0.0331  loss_boundary: 0.0367  loss_sdf: 0.0049  grad_norm: 1.9353
2026/09/26 20:46:38 - mmengine - INFO - Iter(train) [ 32500/100000]  base_lr: 4.2701e-04 lr: 4.2701e-05  eta: 13:35:01  time: 0.7229  data_time: 0.0165  memory: 11326  loss: 0.3442  loss_final: 0.1020  loss_rgb: 0.0791  loss_geometry: 0.0807  loss_reliability: 0.0047  loss_preserve: 0.0004  loss_equivariance: 0.0000  correction_scale: 0.1013  loss_correction_smoothness: 0.0001  loss_coarse: 0.0307  loss_boundary: 0.0416  loss_sdf: 0.0049  grad_norm: 1.5053
2026/09/26 20:47:14 - mmengine - INFO - Iter(train) [ 32550/100000]  base_lr: 4.2672e-04 lr: 4.2672e-05  eta: 13:34:25  time: 0.7103  data_time: 0.0154  memory: 11326  loss: 0.3153  loss_final: 0.0844  loss_rgb: 0.0642  loss_geometry: 0.0888  loss_reliability: 0.0160  loss_preserve: 0.0003  loss_equivariance: 0.0000  correction_scale: 0.1013  loss_correction_smoothness: 0.0001  loss_coarse: 0.0253  loss_boundary: 0.0316  loss_sdf: 0.0046  grad_norm: 1.8560
2026/09/26 20:47:50 - mmengine - INFO - Iter(train) [ 32600/100000]  base_lr: 4.2644e-04 lr: 4.2644e-05  eta: 13:33:49  time: 0.7299  data_time: 0.0159  memory: 11326  loss: 0.3833  loss_final: 0.1131  loss_rgb: 0.0905  loss_geometry: 0.0712  loss_reliability: 0.0215  loss_preserve: 0.0005  loss_equivariance: 0.0000  correction_scale: 0.1014  loss_correction_smoothness: 0.0001  loss_coarse: 0.0340  loss_boundary: 0.0469  loss_sdf: 0.0055  grad_norm: 2.0726
2026/09/26 20:48:26 - mmengine - INFO - Iter(train) [ 32650/100000]  base_lr: 4.2615e-04 lr: 4.2615e-05  eta: 13:33:12  time: 0.7156  data_time: 0.0154  memory: 11326  loss: 0.3779  loss_final: 0.1230  loss_rgb: 0.0908  loss_geometry: 0.0634  loss_reliability: 0.0106  loss_preserve: 0.0005  loss_equivariance: 0.0000  correction_scale: 0.1014  loss_correction_smoothness: 0.0001  loss_coarse: 0.0370  loss_boundary: 0.0467  loss_sdf: 0.0058  grad_norm: 2.3289
2026/09/26 20:49:02 - mmengine - INFO - Iter(train) [ 32700/100000]  base_lr: 4.2587e-04 lr: 4.2587e-05  eta: 13:32:35  time: 0.7142  data_time: 0.0164  memory: 11326  loss: 0.2804  loss_final: 0.0667  loss_rgb: 0.0608  loss_geometry: 0.0797  loss_reliability: 0.0132  loss_preserve: 0.0004  loss_equivariance: 0.0000  correction_scale: 0.1015  loss_correction_smoothness: 0.0001  loss_coarse: 0.0201  loss_boundary: 0.0356  loss_sdf: 0.0038  grad_norm: 2.2718
2026/09/26 20:49:39 - mmengine - INFO - Iter(train) [ 32750/100000]  base_lr: 4.2558e-04 lr: 4.2558e-05  eta: 13:31:59  time: 0.7245  data_time: 0.0165  memory: 11326  loss: 0.3504  loss_final: 0.0777  loss_rgb: 0.0922  loss_geometry: 0.0874  loss_reliability: 0.0190  loss_preserve: 0.0005  loss_equivariance: 0.0000  correction_scale: 0.1016  loss_correction_smoothness: 0.0001  loss_coarse: 0.0234  loss_boundary: 0.0466  loss_sdf: 0.0034  grad_norm: 1.8832
2026/09/26 20:50:15 - mmengine - INFO - Iter(train) [ 32800/100000]  base_lr: 4.2530e-04 lr: 4.2530e-05  eta: 13:31:24  time: 0.7379  data_time: 0.0164  memory: 11326  loss: 0.4776  loss_final: 0.1816  loss_rgb: 0.0960  loss_geometry: 0.0767  loss_reliability: 0.0108  loss_preserve: 0.0005  loss_equivariance: 0.0000  correction_scale: 0.1015  loss_correction_smoothness: 0.0001  loss_coarse: 0.0545  loss_boundary: 0.0475  loss_sdf: 0.0098  grad_norm: 2.7051
2026/09/26 20:50:51 - mmengine - INFO - Iter(train) [ 32850/100000]  base_lr: 4.2501e-04 lr: 4.2501e-05  eta: 13:30:47  time: 0.7245  data_time: 0.0161  memory: 11326  loss: 0.4116  loss_final: 0.1230  loss_rgb: 0.0994  loss_geometry: 0.0799  loss_reliability: 0.0165  loss_preserve: 0.0005  loss_equivariance: 0.0000  correction_scale: 0.1016  loss_correction_smoothness: 0.0001  loss_coarse: 0.0370  loss_boundary: 0.0484  loss_sdf: 0.0068  grad_norm: 2.4674
2026/09/26 20:51:27 - mmengine - INFO - Iter(train) [ 32900/100000]  base_lr: 4.2473e-04 lr: 4.2473e-05  eta: 13:30:11  time: 0.7165  data_time: 0.0159  memory: 11326  loss: 0.3369  loss_final: 0.0935  loss_rgb: 0.0794  loss_geometry: 0.0838  loss_reliability: 0.0111  loss_preserve: 0.0004  loss_equivariance: 0.0000  correction_scale: 0.1016  loss_correction_smoothness: 0.0001  loss_coarse: 0.0281  loss_boundary: 0.0367  loss_sdf: 0.0038  grad_norm: 1.6521
2026/09/26 20:52:04 - mmengine - INFO - Iter(train) [ 32950/100000]  base_lr: 4.2445e-04 lr: 4.2445e-05  eta: 13:29:34  time: 0.7233  data_time: 0.0159  memory: 11326  loss: 0.4073  loss_final: 0.1248  loss_rgb: 0.1101  loss_geometry: 0.0658  loss_reliability: 0.0107  loss_preserve: 0.0005  loss_equivariance: 0.0000  correction_scale: 0.1016  loss_correction_smoothness: 0.0001  loss_coarse: 0.0375  loss_boundary: 0.0526  loss_sdf: 0.0051  grad_norm: 2.3072
2026/09/26 20:52:40 - mmengine - INFO - Exp name: joint_20260926_115805
2026/09/26 20:52:40 - mmengine - INFO - Iter(train) [ 33000/100000]  base_lr: 4.2416e-04 lr: 4.2416e-05  eta: 13:28:59  time: 0.7428  data_time: 0.0174  memory: 11326  loss: 0.3775  loss_final: 0.1019  loss_rgb: 0.0929  loss_geometry: 0.0814  loss_reliability: 0.0190  loss_preserve: 0.0006  loss_equivariance: 0.0000  correction_scale: 0.1016  loss_correction_smoothness: 0.0002  loss_coarse: 0.0306  loss_boundary: 0.0460  loss_sdf: 0.0048  grad_norm: 2.7292
2026/09/26 20:53:16 - mmengine - INFO - Iter(train) [ 33050/100000]  base_lr: 4.2388e-04 lr: 4.2388e-05  eta: 13:28:22  time: 0.7146  data_time: 0.0171  memory: 11326  loss: 0.3677  loss_final: 0.1032  loss_rgb: 0.0915  loss_geometry: 0.0895  loss_reliability: 0.0037  loss_preserve: 0.0004  loss_equivariance: 0.0000  correction_scale: 0.1016  loss_correction_smoothness: 0.0001  loss_coarse: 0.0310  loss_boundary: 0.0416  loss_sdf: 0.0068  grad_norm: 2.2756
2026/09/26 20:53:53 - mmengine - INFO - Iter(train) [ 33100/100000]  base_lr: 4.2359e-04 lr: 4.2359e-05  eta: 13:27:46  time: 0.7180  data_time: 0.0161  memory: 11326  loss: 0.4247  loss_final: 0.1191  loss_rgb: 0.1007  loss_geometry: 0.0938  loss_reliability: 0.0250  loss_preserve: 0.0004  loss_equivariance: 0.0000  correction_scale: 0.1016  loss_correction_smoothness: 0.0001  loss_coarse: 0.0358  loss_boundary: 0.0462  loss_sdf: 0.0036  grad_norm: 1.9740
2026/09/26 20:54:28 - mmengine - INFO - Iter(train) [ 33150/100000]  base_lr: 4.2331e-04 lr: 4.2331e-05  eta: 13:27:09  time: 0.7120  data_time: 0.0168  memory: 11326  loss: 0.2481  loss_final: 0.0452  loss_rgb: 0.0646  loss_geometry: 0.0847  loss_reliability: 0.0072  loss_preserve: 0.0001  loss_equivariance: 0.0000  correction_scale: 0.1016  loss_correction_smoothness: 0.0000  loss_coarse: 0.0136  loss_boundary: 0.0306  loss_sdf: 0.0020  grad_norm: 1.8677
2026/09/26 20:55:05 - mmengine - INFO - Iter(train) [ 33200/100000]  base_lr: 4.2302e-04 lr: 4.2302e-05  eta: 13:26:34  time: 0.7419  data_time: 0.0169  memory: 11326  loss: 0.3983  loss_final: 0.1221  loss_rgb: 0.1026  loss_geometry: 0.0592  loss_reliability: 0.0206  loss_preserve: 0.0004  loss_equivariance: 0.0000  correction_scale: 0.1017  loss_correction_smoothness: 0.0001  loss_coarse: 0.0367  loss_boundary: 0.0512  loss_sdf: 0.0054  grad_norm: 1.8227
2026/09/26 20:55:41 - mmengine - INFO - Iter(train) [ 33250/100000]  base_lr: 4.2274e-04 lr: 4.2274e-05  eta: 13:25:58  time: 0.7247  data_time: 0.0155  memory: 11326  loss: 0.3136  loss_final: 0.0716  loss_rgb: 0.0865  loss_geometry: 0.0626  loss_reliability: 0.0183  loss_preserve: 0.0006  loss_equivariance: 0.0000  correction_scale: 0.1017  loss_correction_smoothness: 0.0002  loss_coarse: 0.0215  loss_boundary: 0.0475  loss_sdf: 0.0047  grad_norm: 1.7101
2026/09/26 20:56:17 - mmengine - INFO - Iter(train) [ 33300/100000]  base_lr: 4.2245e-04 lr: 4.2245e-05  eta: 13:25:22  time: 0.7186  data_time: 0.0172  memory: 11326  loss: 0.4013  loss_final: 0.1336  loss_rgb: 0.0903  loss_geometry: 0.0835  loss_reliability: 0.0076  loss_preserve: 0.0003  loss_equivariance: 0.0000  correction_scale: 0.1017  loss_correction_smoothness: 0.0001  loss_coarse: 0.0401  loss_boundary: 0.0413  loss_sdf: 0.0044  grad_norm: 1.6780
2026/09/26 20:56:54 - mmengine - INFO - Iter(train) [ 33350/100000]  base_lr: 4.2217e-04 lr: 4.2217e-05  eta: 13:24:45  time: 0.7154  data_time: 0.0154  memory: 11326  loss: 0.3479  loss_final: 0.0988  loss_rgb: 0.0793  loss_geometry: 0.0846  loss_reliability: 0.0073  loss_preserve: 0.0005  loss_equivariance: 0.0000  correction_scale: 0.1017  loss_correction_smoothness: 0.0001  loss_coarse: 0.0297  loss_boundary: 0.0413  loss_sdf: 0.0062  grad_norm: 1.7510
2026/09/26 20:57:30 - mmengine - INFO - Iter(train) [ 33400/100000]  base_lr: 4.2188e-04 lr: 4.2188e-05  eta: 13:24:09  time: 0.7335  data_time: 0.0153  memory: 11326  loss: 0.5000  loss_final: 0.1796  loss_rgb: 0.1031  loss_geometry: 0.0946  loss_reliability: 0.0086  loss_preserve: 0.0004  loss_equivariance: 0.0000  correction_scale: 0.1017  loss_correction_smoothness: 0.0001  loss_coarse: 0.0539  loss_boundary: 0.0509  loss_sdf: 0.0088  grad_norm: 1.8793
2026/09/26 20:58:06 - mmengine - INFO - Iter(train) [ 33450/100000]  base_lr: 4.2160e-04 lr: 4.2160e-05  eta: 13:23:32  time: 0.7187  data_time: 0.0165  memory: 11326  loss: 0.3069  loss_final: 0.0725  loss_rgb: 0.0902  loss_geometry: 0.0664  loss_reliability: 0.0047  loss_preserve: 0.0006  loss_equivariance: 0.0000  correction_scale: 0.1018  loss_correction_smoothness: 0.0002  loss_coarse: 0.0218  loss_boundary: 0.0467  loss_sdf: 0.0039  grad_norm: 1.6025
2026/09/26 20:58:42 - mmengine - INFO - Iter(train) [ 33500/100000]  base_lr: 4.2131e-04 lr: 4.2131e-05  eta: 13:22:56  time: 0.7328  data_time: 0.0179  memory: 11326  loss: 0.3605  loss_final: 0.1030  loss_rgb: 0.0960  loss_geometry: 0.0630  loss_reliability: 0.0098  loss_preserve: 0.0006  loss_equivariance: 0.0000  correction_scale: 0.1018  loss_correction_smoothness: 0.0002  loss_coarse: 0.0310  loss_boundary: 0.0515  loss_sdf: 0.0054  grad_norm: 2.5456
2026/09/26 20:59:18 - mmengine - INFO - Iter(train) [ 33550/100000]  base_lr: 4.2103e-04 lr: 4.2103e-05  eta: 13:22:20  time: 0.7107  data_time: 0.0156  memory: 11326  loss: 0.2948  loss_final: 0.0723  loss_rgb: 0.0725  loss_geometry: 0.0794  loss_reliability: 0.0069  loss_preserve: 0.0004  loss_equivariance: 0.0000  correction_scale: 0.1018  loss_correction_smoothness: 0.0001  loss_coarse: 0.0217  loss_boundary: 0.0369  loss_sdf: 0.0046  grad_norm: 3.1274
2026/09/26 20:59:54 - mmengine - INFO - Iter(train) [ 33600/100000]  base_lr: 4.2074e-04 lr: 4.2074e-05  eta: 13:21:43  time: 0.7256  data_time: 0.0159  memory: 11326  loss: 0.3343  loss_final: 0.0800  loss_rgb: 0.0884  loss_geometry: 0.0750  loss_reliability: 0.0225  loss_preserve: 0.0002  loss_equivariance: 0.0000  correction_scale: 0.1018  loss_correction_smoothness: 0.0001  loss_coarse: 0.0240  loss_boundary: 0.0409  loss_sdf: 0.0032  grad_norm: 1.6089
2026/09/26 21:00:30 - mmengine - INFO - Iter(train) [ 33650/100000]  base_lr: 4.2045e-04 lr: 4.2045e-05  eta: 13:21:06  time: 0.7167  data_time: 0.0161  memory: 11326  loss: 0.3330  loss_final: 0.1108  loss_rgb: 0.0666  loss_geometry: 0.0757  loss_reliability: 0.0066  loss_preserve: 0.0005  loss_equivariance: 0.0000  correction_scale: 0.1018  loss_correction_smoothness: 0.0001  loss_coarse: 0.0332  loss_boundary: 0.0364  loss_sdf: 0.0032  grad_norm: 2.3374
2026/09/26 21:01:06 - mmengine - INFO - Iter(train) [ 33700/100000]  base_lr: 4.2017e-04 lr: 4.2017e-05  eta: 13:20:30  time: 0.7238  data_time: 0.0178  memory: 11326  loss: 0.3448  loss_final: 0.0826  loss_rgb: 0.0908  loss_geometry: 0.0716  loss_reliability: 0.0247  loss_preserve: 0.0003  loss_equivariance: 0.0000  correction_scale: 0.1018  loss_correction_smoothness: 0.0001  loss_coarse: 0.0249  loss_boundary: 0.0462  loss_sdf: 0.0037  grad_norm: 1.3325
2026/09/26 21:01:42 - mmengine - INFO - Iter(train) [ 33750/100000]  base_lr: 4.1988e-04 lr: 4.1988e-05  eta: 13:19:53  time: 0.7170  data_time: 0.0160  memory: 11326  loss: 0.3179  loss_final: 0.0878  loss_rgb: 0.0842  loss_geometry: 0.0690  loss_reliability: 0.0037  loss_preserve: 0.0003  loss_equivariance: 0.0000  correction_scale: 0.1018  loss_correction_smoothness: 0.0001  loss_coarse: 0.0264  loss_boundary: 0.0413  loss_sdf: 0.0050  grad_norm: 1.6130
2026/09/26 21:02:19 - mmengine - INFO - Iter(train) [ 33800/100000]  base_lr: 4.1960e-04 lr: 4.1960e-05  eta: 13:19:18  time: 0.7339  data_time: 0.0167  memory: 11326  loss: 0.3636  loss_final: 0.1192  loss_rgb: 0.0836  loss_geometry: 0.0665  loss_reliability: 0.0051  loss_preserve: 0.0005  loss_equivariance: 0.0000  correction_scale: 0.1019  loss_correction_smoothness: 0.0001  loss_coarse: 0.0358  loss_boundary: 0.0455  loss_sdf: 0.0073  grad_norm: 2.5461
2026/09/26 21:02:55 - mmengine - INFO - Iter(train) [ 33850/100000]  base_lr: 4.1931e-04 lr: 4.1931e-05  eta: 13:18:42  time: 0.7291  data_time: 0.0167  memory: 11326  loss: 0.3627  loss_final: 0.0960  loss_rgb: 0.0996  loss_geometry: 0.0744  loss_reliability: 0.0107  loss_preserve: 0.0005  loss_equivariance: 0.0000  correction_scale: 0.1018  loss_correction_smoothness: 0.0001  loss_coarse: 0.0289  loss_boundary: 0.0472  loss_sdf: 0.0054  grad_norm: 2.6218
2026/09/26 21:03:31 - mmengine - INFO - Iter(train) [ 33900/100000]  base_lr: 4.1903e-04 lr: 4.1903e-05  eta: 13:18:05  time: 0.7145  data_time: 0.0161  memory: 11326  loss: 0.2928  loss_final: 0.0708  loss_rgb: 0.0769  loss_geometry: 0.0706  loss_reliability: 0.0069  loss_preserve: 0.0005  loss_equivariance: 0.0000  correction_scale: 0.1018  loss_correction_smoothness: 0.0001  loss_coarse: 0.0213  loss_boundary: 0.0418  loss_sdf: 0.0040  grad_norm: 1.7112
2026/09/26 21:04:07 - mmengine - INFO - Iter(train) [ 33950/100000]  base_lr: 4.1874e-04 lr: 4.1874e-05  eta: 13:17:29  time: 0.7089  data_time: 0.0173  memory: 11326  loss: 0.3094  loss_final: 0.0876  loss_rgb: 0.0648  loss_geometry: 0.0879  loss_reliability: 0.0071  loss_preserve: 0.0003  loss_equivariance: 0.0000  correction_scale: 0.1019  loss_correction_smoothness: 0.0001  loss_coarse: 0.0263  loss_boundary: 0.0308  loss_sdf: 0.0045  grad_norm: 1.6035
2026/09/26 21:04:44 - mmengine - INFO - Exp name: joint_20260926_115805
2026/09/26 21:04:44 - mmengine - INFO - Iter(train) [ 34000/100000]  base_lr: 4.1846e-04 lr: 4.1846e-05  eta: 13:16:52  time: 0.7286  data_time: 0.0153  memory: 11326  loss: 0.3504  loss_final: 0.0836  loss_rgb: 0.0854  loss_geometry: 0.0976  loss_reliability: 0.0122  loss_preserve: 0.0002  loss_equivariance: 0.0000  correction_scale: 0.1019  loss_correction_smoothness: 0.0001  loss_coarse: 0.0251  loss_boundary: 0.0417  loss_sdf: 0.0045  grad_norm: 1.6872
2026/09/26 21:04:44 - mmengine - INFO - Saving checkpoint at 34000 iterations
2026/09/26 21:05:49 - mmengine - INFO - Iter(val) [ 50/304]    eta: 0:05:25  time: 1.2654  data_time: 0.0214  memory: 1184  
2026/09/26 21:07:19 - mmengine - INFO - Iter(val) [100/304]    eta: 0:05:12  time: 1.7324  data_time: 0.0220  memory: 1184  
2026/09/26 21:08:45 - mmengine - INFO - Iter(val) [150/304]    eta: 0:04:05  time: 1.7035  data_time: 0.0220  memory: 1184  
2026/09/26 21:10:08 - mmengine - INFO - Iter(val) [200/304]    eta: 0:02:47  time: 1.6414  data_time: 0.0218  memory: 1184  
2026/09/26 21:11:31 - mmengine - INFO - Iter(val) [250/304]    eta: 0:01:27  time: 1.6711  data_time: 0.0204  memory: 1184  
2026/09/26 21:12:53 - mmengine - INFO - Iter(val) [300/304]    eta: 0:00:06  time: 1.5916  data_time: 0.0208  memory: 1184  
2026/09/26 21:13:00 - mmengine - INFO - per class results:
2026/09/26 21:13:00 - mmengine - INFO - 
+------------------+-------+-------+-------+--------+-----------+--------+
|      Class       |  IoU  |  Acc  |  Dice | Fscore | Precision | Recall |
+------------------+-------+-------+-------+--------+-----------+--------+
|    background    |  97.4 | 98.34 | 98.68 | 98.68  |   99.03   | 98.34  |
| wastewater_plant | 74.94 | 89.04 | 85.68 | 85.68  |   82.56   | 89.04  |
+------------------+-------+-------+-------+--------+-----------+--------+
2026/09/26 21:13:00 - mmengine - INFO - Iter(val) [304/304]    aAcc: 97.5900  mIoU: 86.1700  mAcc: 93.6900  mDice: 92.1800  mFscore: 92.1800  mPrecision: 90.7900  mRecall: 93.6900  binary/Foreground_IoU: 74.9420  binary/Dice: 85.6764  binary/F1: 85.6764  binary/Precision: 82.5586  binary/Recall: 89.0390  binary/Boundary_F1: 15.8328  binary/BFScore: 15.8328  binary/Boundary_Precision: 13.2295  binary/Boundary_Recall: 19.7117  binary/Hausdorff_px: 379.1383  binary/HD95_px: 294.4600  binary/Hausdorff_m: 189.5692  binary/HD95_m: 147.2300  data_time: 0.0235  time: 1.6274
2026/09/26 21:13:36 - mmengine - INFO - Iter(train) [ 34050/100000]  base_lr: 4.1817e-04 lr: 4.1817e-05  eta: 13:16:17  time: 0.7206  data_time: 0.0166  memory: 11326  loss: 0.3671  loss_final: 0.1079  loss_rgb: 0.0941  loss_geometry: 0.0725  loss_reliability: 0.0070  loss_preserve: 0.0004  loss_equivariance: 0.0000  correction_scale: 0.1019  loss_correction_smoothness: 0.0001  loss_coarse: 0.0324  loss_boundary: 0.0466  loss_sdf: 0.0059  grad_norm: 1.3751
2026/09/26 21:14:12 - mmengine - INFO - Iter(train) [ 34100/100000]  base_lr: 4.1789e-04 lr: 4.1789e-05  eta: 13:15:40  time: 0.7211  data_time: 0.0166  memory: 11326  loss: 0.3076  loss_final: 0.0761  loss_rgb: 0.0830  loss_geometry: 0.0670  loss_reliability: 0.0070  loss_preserve: 0.0006  loss_equivariance: 0.0000  correction_scale: 0.1019  loss_correction_smoothness: 0.0002  loss_coarse: 0.0229  loss_boundary: 0.0466  loss_sdf: 0.0041  grad_norm: 1.3614
2026/09/26 21:14:48 - mmengine - INFO - Iter(train) [ 34150/100000]  base_lr: 4.1760e-04 lr: 4.1760e-05  eta: 13:15:03  time: 0.7052  data_time: 0.0162  memory: 11326  loss: 0.2846  loss_final: 0.0709  loss_rgb: 0.0554  loss_geometry: 0.0952  loss_reliability: 0.0121  loss_preserve: 0.0003  loss_equivariance: 0.0000  correction_scale: 0.1019  loss_correction_smoothness: 0.0001  loss_coarse: 0.0213  loss_boundary: 0.0265  loss_sdf: 0.0030  grad_norm: 1.4092
2026/09/26 21:15:25 - mmengine - INFO - Iter(train) [ 34200/100000]  base_lr: 4.1732e-04 lr: 4.1732e-05  eta: 13:14:28  time: 0.7403  data_time: 0.0168  memory: 11326  loss: 0.3478  loss_final: 0.0819  loss_rgb: 0.0992  loss_geometry: 0.0721  loss_reliability: 0.0177  loss_preserve: 0.0004  loss_equivariance: 0.0000  correction_scale: 0.1019  loss_correction_smoothness: 0.0001  loss_coarse: 0.0246  loss_boundary: 0.0473  loss_sdf: 0.0044  grad_norm: 1.4754
2026/09/26 21:16:02 - mmengine - INFO - Iter(train) [ 34250/100000]  base_lr: 4.1703e-04 lr: 4.1703e-05  eta: 13:13:52  time: 0.7234  data_time: 0.0158  memory: 11326  loss: 0.3606  loss_final: 0.0960  loss_rgb: 0.0907  loss_geometry: 0.0789  loss_reliability: 0.0148  loss_preserve: 0.0004  loss_equivariance: 0.0000  correction_scale: 0.1020  loss_correction_smoothness: 0.0001  loss_coarse: 0.0289  loss_boundary: 0.0467  loss_sdf: 0.0041  grad_norm: 1.4328
2026/09/26 21:16:38 - mmengine - INFO - Iter(train) [ 34300/100000]  base_lr: 4.1675e-04 lr: 4.1675e-05  eta: 13:13:16  time: 0.7280  data_time: 0.0167  memory: 11326  loss: 0.5514  loss_final: 0.2124  loss_rgb: 0.1126  loss_geometry: 0.0822  loss_reliability: 0.0190  loss_preserve: 0.0004  loss_equivariance: 0.0000  correction_scale: 0.1019  loss_correction_smoothness: 0.0001  loss_coarse: 0.0638  loss_boundary: 0.0523  loss_sdf: 0.0086  grad_norm: 2.0219
2026/09/26 21:17:14 - mmengine - INFO - Iter(train) [ 34350/100000]  base_lr: 4.1646e-04 lr: 4.1646e-05  eta: 13:12:40  time: 0.7304  data_time: 0.0169  memory: 11326  loss: 0.3481  loss_final: 0.0863  loss_rgb: 0.0876  loss_geometry: 0.0813  loss_reliability: 0.0140  loss_preserve: 0.0007  loss_equivariance: 0.0000  correction_scale: 0.1021  loss_correction_smoothness: 0.0002  loss_coarse: 0.0259  loss_boundary: 0.0471  loss_sdf: 0.0050  grad_norm: 1.9828
2026/09/26 21:17:50 - mmengine - INFO - Iter(train) [ 34400/100000]  base_lr: 4.1618e-04 lr: 4.1618e-05  eta: 13:12:03  time: 0.7309  data_time: 0.0167  memory: 11326  loss: 0.3227  loss_final: 0.0950  loss_rgb: 0.0745  loss_geometry: 0.0606  loss_reliability: 0.0194  loss_preserve: 0.0003  loss_equivariance: 0.0000  correction_scale: 0.1021  loss_correction_smoothness: 0.0001  loss_coarse: 0.0286  loss_boundary: 0.0399  loss_sdf: 0.0043  grad_norm: 1.5995
2026/09/26 21:18:26 - mmengine - INFO - Iter(train) [ 34450/100000]  base_lr: 4.1589e-04 lr: 4.1589e-05  eta: 13:11:27  time: 0.7252  data_time: 0.0176  memory: 11326  loss: 0.5524  loss_final: 0.2058  loss_rgb: 0.1089  loss_geometry: 0.1012  loss_reliability: 0.0153  loss_preserve: 0.0006  loss_equivariance: 0.0000  correction_scale: 0.1021  loss_correction_smoothness: 0.0002  loss_coarse: 0.0618  loss_boundary: 0.0471  loss_sdf: 0.0117  grad_norm: 1.6072
2026/09/26 21:19:03 - mmengine - INFO - Iter(train) [ 34500/100000]  base_lr: 4.1560e-04 lr: 4.1560e-05  eta: 13:10:51  time: 0.7252  data_time: 0.0163  memory: 11326  loss: 0.4325  loss_final: 0.1244  loss_rgb: 0.1015  loss_geometry: 0.0767  loss_reliability: 0.0333  loss_preserve: 0.0004  loss_equivariance: 0.0000  correction_scale: 0.1022  loss_correction_smoothness: 0.0001  loss_coarse: 0.0374  loss_boundary: 0.0527  loss_sdf: 0.0061  grad_norm: 1.6782
2026/09/26 21:19:39 - mmengine - INFO - Iter(train) [ 34550/100000]  base_lr: 4.1532e-04 lr: 4.1532e-05  eta: 13:10:15  time: 0.7276  data_time: 0.0163  memory: 11326  loss: 0.3491  loss_final: 0.0994  loss_rgb: 0.0803  loss_geometry: 0.0751  loss_reliability: 0.0192  loss_preserve: 0.0005  loss_equivariance: 0.0000  correction_scale: 0.1022  loss_correction_smoothness: 0.0001  loss_coarse: 0.0299  loss_boundary: 0.0409  loss_sdf: 0.0038  grad_norm: 1.5281
2026/09/26 21:20:15 - mmengine - INFO - Iter(train) [ 34600/100000]  base_lr: 4.1503e-04 lr: 4.1503e-05  eta: 13:09:39  time: 0.7318  data_time: 0.0172  memory: 11326  loss: 0.3142  loss_final: 0.0698  loss_rgb: 0.0743  loss_geometry: 0.0895  loss_reliability: 0.0173  loss_preserve: 0.0005  loss_equivariance: 0.0000  correction_scale: 0.1022  loss_correction_smoothness: 0.0001  loss_coarse: 0.0210  loss_boundary: 0.0372  loss_sdf: 0.0045  grad_norm: 1.4561
2026/09/26 21:20:52 - mmengine - INFO - Iter(train) [ 34650/100000]  base_lr: 4.1475e-04 lr: 4.1475e-05  eta: 13:09:03  time: 0.7161  data_time: 0.0153  memory: 11326  loss: 0.2865  loss_final: 0.0574  loss_rgb: 0.0666  loss_geometry: 0.0961  loss_reliability: 0.0107  loss_preserve: 0.0003  loss_equivariance: 0.0000  correction_scale: 0.1022  loss_correction_smoothness: 0.0001  loss_coarse: 0.0172  loss_boundary: 0.0359  loss_sdf: 0.0023  grad_norm: 1.5876
2026/09/26 21:21:28 - mmengine - INFO - Iter(train) [ 34700/100000]  base_lr: 4.1446e-04 lr: 4.1446e-05  eta: 13:08:26  time: 0.7271  data_time: 0.0174  memory: 11326  loss: 0.4799  loss_final: 0.1678  loss_rgb: 0.1047  loss_geometry: 0.0926  loss_reliability: 0.0101  loss_preserve: 0.0004  loss_equivariance: 0.0000  correction_scale: 0.1023  loss_correction_smoothness: 0.0001  loss_coarse: 0.0504  loss_boundary: 0.0474  loss_sdf: 0.0064  grad_norm: 2.4995
2026/09/26 21:22:04 - mmengine - INFO - Iter(train) [ 34750/100000]  base_lr: 4.1418e-04 lr: 4.1418e-05  eta: 13:07:50  time: 0.7168  data_time: 0.0157  memory: 11326  loss: 0.3484  loss_final: 0.0997  loss_rgb: 0.0735  loss_geometry: 0.0935  loss_reliability: 0.0096  loss_preserve: 0.0003  loss_equivariance: 0.0000  correction_scale: 0.1023  loss_correction_smoothness: 0.0001  loss_coarse: 0.0299  loss_boundary: 0.0366  loss_sdf: 0.0053  grad_norm: 2.0352
2026/09/26 21:22:40 - mmengine - INFO - Iter(train) [ 34800/100000]  base_lr: 4.1389e-04 lr: 4.1389e-05  eta: 13:07:14  time: 0.7429  data_time: 0.0172  memory: 11326  loss: 0.4178  loss_final: 0.1314  loss_rgb: 0.0992  loss_geometry: 0.0844  loss_reliability: 0.0085  loss_preserve: 0.0004  loss_equivariance: 0.0000  correction_scale: 0.1023  loss_correction_smoothness: 0.0001  loss_coarse: 0.0395  loss_boundary: 0.0472  loss_sdf: 0.0070  grad_norm: 1.7962
2026/09/26 21:23:16 - mmengine - INFO - Iter(train) [ 34850/100000]  base_lr: 4.1360e-04 lr: 4.1360e-05  eta: 13:06:38  time: 0.7072  data_time: 0.0163  memory: 11326  loss: 0.3830  loss_final: 0.1118  loss_rgb: 0.0722  loss_geometry: 0.1006  loss_reliability: 0.0252  loss_preserve: 0.0003  loss_equivariance: 0.0000  correction_scale: 0.1023  loss_correction_smoothness: 0.0001  loss_coarse: 0.0335  loss_boundary: 0.0362  loss_sdf: 0.0031  grad_norm: 1.4535
2026/09/26 21:23:53 - mmengine - INFO - Iter(train) [ 34900/100000]  base_lr: 4.1332e-04 lr: 4.1332e-05  eta: 13:06:01  time: 0.7158  data_time: 0.0165  memory: 11326  loss: 0.2446  loss_final: 0.0455  loss_rgb: 0.0602  loss_geometry: 0.0791  loss_reliability: 0.0087  loss_preserve: 0.0003  loss_equivariance: 0.0000  correction_scale: 0.1023  loss_correction_smoothness: 0.0001  loss_coarse: 0.0137  loss_boundary: 0.0352  loss_sdf: 0.0018  grad_norm: 1.2304
2026/09/26 21:24:29 - mmengine - INFO - Iter(train) [ 34950/100000]  base_lr: 4.1303e-04 lr: 4.1303e-05  eta: 13:05:25  time: 0.7131  data_time: 0.0157  memory: 11326  loss: 0.3834  loss_final: 0.1233  loss_rgb: 0.0857  loss_geometry: 0.0841  loss_reliability: 0.0034  loss_preserve: 0.0002  loss_equivariance: 0.0000  correction_scale: 0.1024  loss_correction_smoothness: 0.0001  loss_coarse: 0.0370  loss_boundary: 0.0420  loss_sdf: 0.0076  grad_norm: 1.5915
2026/09/26 21:25:05 - mmengine - INFO - Exp name: joint_20260926_115805
2026/09/26 21:25:05 - mmengine - INFO - Iter(train) [ 35000/100000]  base_lr: 4.1275e-04 lr: 4.1275e-05  eta: 13:04:49  time: 0.7353  data_time: 0.0157  memory: 11326  loss: 0.3210  loss_final: 0.0857  loss_rgb: 0.0945  loss_geometry: 0.0501  loss_reliability: 0.0078  loss_preserve: 0.0004  loss_equivariance: 0.0000  correction_scale: 0.1024  loss_correction_smoothness: 0.0001  loss_coarse: 0.0258  loss_boundary: 0.0515  loss_sdf: 0.0051  grad_norm: 2.7439
2026/09/26 21:25:41 - mmengine - INFO - Iter(train) [ 35050/100000]  base_lr: 4.1246e-04 lr: 4.1246e-05  eta: 13:04:13  time: 0.7214  data_time: 0.0166  memory: 11326  loss: 0.3088  loss_final: 0.0742  loss_rgb: 0.0805  loss_geometry: 0.0582  loss_reliability: 0.0229  loss_preserve: 0.0004  loss_equivariance: 0.0000  correction_scale: 0.1024  loss_correction_smoothness: 0.0001  loss_coarse: 0.0223  loss_boundary: 0.0469  loss_sdf: 0.0033  grad_norm: 2.0309
2026/09/26 21:26:17 - mmengine - INFO - Iter(train) [ 35100/100000]  base_lr: 4.1218e-04 lr: 4.1218e-05  eta: 13:03:36  time: 0.7124  data_time: 0.0171  memory: 11326  loss: 0.3465  loss_final: 0.0821  loss_rgb: 0.0912  loss_geometry: 0.0896  loss_reliability: 0.0147  loss_preserve: 0.0004  loss_equivariance: 0.0000  correction_scale: 0.1024  loss_correction_smoothness: 0.0001  loss_coarse: 0.0217  loss_boundary: 0.0421  loss_sdf: 0.0045  grad_norm: 3.0162
2026/09/26 21:26:54 - mmengine - INFO - Iter(train) [ 35150/100000]  base_lr: 4.1189e-04 lr: 4.1189e-05  eta: 13:03:00  time: 0.7214  data_time: 0.0178  memory: 11326  loss: 0.3413  loss_final: 0.0939  loss_rgb: 0.0852  loss_geometry: 0.0792  loss_reliability: 0.0065  loss_preserve: 0.0006  loss_equivariance: 0.0000  correction_scale: 0.1024  loss_correction_smoothness: 0.0002  loss_coarse: 0.0282  loss_boundary: 0.0414  loss_sdf: 0.0061  grad_norm: 2.5351
2026/09/26 21:27:30 - mmengine - INFO - Iter(train) [ 35200/100000]  base_lr: 4.1160e-04 lr: 4.1160e-05  eta: 13:02:24  time: 0.7350  data_time: 0.0190  memory: 11326  loss: 0.4137  loss_final: 0.1401  loss_rgb: 0.0702  loss_geometry: 0.1006  loss_reliability: 0.0174  loss_preserve: 0.0007  loss_equivariance: 0.0000  correction_scale: 0.1025  loss_correction_smoothness: 0.0002  loss_coarse: 0.0420  loss_boundary: 0.0317  loss_sdf: 0.0108  grad_norm: 2.7694
2026/09/26 21:28:06 - mmengine - INFO - Iter(train) [ 35250/100000]  base_lr: 4.1132e-04 lr: 4.1132e-05  eta: 13:01:48  time: 0.7106  data_time: 0.0168  memory: 11326  loss: 0.2296  loss_final: 0.0408  loss_rgb: 0.0448  loss_geometry: 0.0821  loss_reliability: 0.0202  loss_preserve: 0.0002  loss_equivariance: 0.0000  correction_scale: 0.1025  loss_correction_smoothness: 0.0000  loss_coarse: 0.0122  loss_boundary: 0.0267  loss_sdf: 0.0026  grad_norm: 2.3778
2026/09/26 21:28:42 - mmengine - INFO - Iter(train) [ 35300/100000]  base_lr: 4.1103e-04 lr: 4.1103e-05  eta: 13:01:11  time: 0.7081  data_time: 0.0180  memory: 11326  loss: 0.2257  loss_final: 0.0373  loss_rgb: 0.0491  loss_geometry: 0.0908  loss_reliability: 0.0100  loss_preserve: 0.0002  loss_equivariance: 0.0000  correction_scale: 0.1025  loss_correction_smoothness: 0.0001  loss_coarse: 0.0112  loss_boundary: 0.0251  loss_sdf: 0.0017  grad_norm: 1.3742
2026/09/26 21:29:19 - mmengine - INFO - Iter(train) [ 35350/100000]  base_lr: 4.1075e-04 lr: 4.1075e-05  eta: 13:00:35  time: 0.7180  data_time: 0.0160  memory: 11326  loss: 0.3744  loss_final: 0.0987  loss_rgb: 0.0849  loss_geometry: 0.0887  loss_reliability: 0.0254  loss_preserve: 0.0004  loss_equivariance: 0.0000  correction_scale: 0.1026  loss_correction_smoothness: 0.0001  loss_coarse: 0.0296  loss_boundary: 0.0419  loss_sdf: 0.0047  grad_norm: 1.2826
2026/09/26 21:29:55 - mmengine - INFO - Iter(train) [ 35400/100000]  base_lr: 4.1046e-04 lr: 4.1046e-05  eta: 12:59:59  time: 0.7382  data_time: 0.0166  memory: 11326  loss: 0.3629  loss_final: 0.0992  loss_rgb: 0.0971  loss_geometry: 0.0786  loss_reliability: 0.0066  loss_preserve: 0.0003  loss_equivariance: 0.0000  correction_scale: 0.1027  loss_correction_smoothness: 0.0001  loss_coarse: 0.0298  loss_boundary: 0.0466  loss_sdf: 0.0047  grad_norm: 1.4087
2026/09/26 21:30:31 - mmengine - INFO - Iter(train) [ 35450/100000]  base_lr: 4.1018e-04 lr: 4.1018e-05  eta: 12:59:23  time: 0.7191  data_time: 0.0156  memory: 11326  loss: 0.3151  loss_final: 0.0881  loss_rgb: 0.0723  loss_geometry: 0.0816  loss_reliability: 0.0044  loss_preserve: 0.0003  loss_equivariance: 0.0000  correction_scale: 0.1027  loss_correction_smoothness: 0.0001  loss_coarse: 0.0265  loss_boundary: 0.0360  loss_sdf: 0.0059  grad_norm: 1.4429
2026/09/26 21:31:07 - mmengine - INFO - Iter(train) [ 35500/100000]  base_lr: 4.0989e-04 lr: 4.0989e-05  eta: 12:58:47  time: 0.7082  data_time: 0.0152  memory: 11326  loss: 0.2704  loss_final: 0.0575  loss_rgb: 0.0647  loss_geometry: 0.0816  loss_reliability: 0.0158  loss_preserve: 0.0003  loss_equivariance: 0.0000  correction_scale: 0.1027  loss_correction_smoothness: 0.0001  loss_coarse: 0.0173  loss_boundary: 0.0304  loss_sdf: 0.0028  grad_norm: 1.9383
2026/09/26 21:31:44 - mmengine - INFO - Iter(train) [ 35550/100000]  base_lr: 4.0960e-04 lr: 4.0960e-05  eta: 12:58:11  time: 0.7242  data_time: 0.0159  memory: 11326  loss: 0.4095  loss_final: 0.1165  loss_rgb: 0.1173  loss_geometry: 0.0800  loss_reliability: 0.0139  loss_preserve: 0.0004  loss_equivariance: 0.0000  correction_scale: 0.1027  loss_correction_smoothness: 0.0001  loss_coarse: 0.0350  loss_boundary: 0.0413  loss_sdf: 0.0049  grad_norm: 1.3248
2026/09/26 21:32:20 - mmengine - INFO - Iter(train) [ 35600/100000]  base_lr: 4.0932e-04 lr: 4.0932e-05  eta: 12:57:35  time: 0.7350  data_time: 0.0173  memory: 11326  loss: 0.4110  loss_final: 0.1099  loss_rgb: 0.1145  loss_geometry: 0.0795  loss_reliability: 0.0168  loss_preserve: 0.0005  loss_equivariance: 0.0000  correction_scale: 0.1027  loss_correction_smoothness: 0.0001  loss_coarse: 0.0330  loss_boundary: 0.0510  loss_sdf: 0.0056  grad_norm: 1.5280
2026/09/26 21:32:57 - mmengine - INFO - Iter(train) [ 35650/100000]  base_lr: 4.0903e-04 lr: 4.0903e-05  eta: 12:56:59  time: 0.7284  data_time: 0.0157  memory: 11326  loss: 0.4938  loss_final: 0.1882  loss_rgb: 0.1029  loss_geometry: 0.0784  loss_reliability: 0.0039  loss_preserve: 0.0004  loss_equivariance: 0.0000  correction_scale: 0.1027  loss_correction_smoothness: 0.0001  loss_coarse: 0.0565  loss_boundary: 0.0523  loss_sdf: 0.0109  grad_norm: 1.4469
2026/09/26 21:33:33 - mmengine - INFO - Iter(train) [ 35700/100000]  base_lr: 4.0875e-04 lr: 4.0875e-05  eta: 12:56:22  time: 0.7302  data_time: 0.0167  memory: 11326  loss: 0.3572  loss_final: 0.0889  loss_rgb: 0.0969  loss_geometry: 0.0723  loss_reliability: 0.0200  loss_preserve: 0.0005  loss_equivariance: 0.0000  correction_scale: 0.1027  loss_correction_smoothness: 0.0001  loss_coarse: 0.0267  loss_boundary: 0.0471  loss_sdf: 0.0046  grad_norm: 1.6231
2026/09/26 21:34:09 - mmengine - INFO - Iter(train) [ 35750/100000]  base_lr: 4.0846e-04 lr: 4.0846e-05  eta: 12:55:46  time: 0.7180  data_time: 0.0166  memory: 11326  loss: 0.3429  loss_final: 0.0825  loss_rgb: 0.0889  loss_geometry: 0.0841  loss_reliability: 0.0170  loss_preserve: 0.0003  loss_equivariance: 0.0000  correction_scale: 0.1028  loss_correction_smoothness: 0.0001  loss_coarse: 0.0248  loss_boundary: 0.0413  loss_sdf: 0.0040  grad_norm: 1.2728
2026/09/26 21:34:45 - mmengine - INFO - Iter(train) [ 35800/100000]  base_lr: 4.0817e-04 lr: 4.0817e-05  eta: 12:55:10  time: 0.7410  data_time: 0.0173  memory: 11326  loss: 0.4940  loss_final: 0.1913  loss_rgb: 0.0980  loss_geometry: 0.0854  loss_reliability: 0.0059  loss_preserve: 0.0005  loss_equivariance: 0.0000  correction_scale: 0.1028  loss_correction_smoothness: 0.0001  loss_coarse: 0.0575  loss_boundary: 0.0464  loss_sdf: 0.0089  grad_norm: 1.5997
2026/09/26 21:35:21 - mmengine - INFO - Iter(train) [ 35850/100000]  base_lr: 4.0789e-04 lr: 4.0789e-05  eta: 12:54:34  time: 0.7240  data_time: 0.0173  memory: 11326  loss: 0.3328  loss_final: 0.0859  loss_rgb: 0.0910  loss_geometry: 0.0758  loss_reliability: 0.0069  loss_preserve: 0.0005  loss_equivariance: 0.0000  correction_scale: 0.1028  loss_correction_smoothness: 0.0001  loss_coarse: 0.0258  loss_boundary: 0.0411  loss_sdf: 0.0056  grad_norm: 1.8167
2026/09/26 21:35:58 - mmengine - INFO - Iter(train) [ 35900/100000]  base_lr: 4.0760e-04 lr: 4.0760e-05  eta: 12:53:58  time: 0.7092  data_time: 0.0157  memory: 11326  loss: 0.3993  loss_final: 0.1260  loss_rgb: 0.0838  loss_geometry: 0.1005  loss_reliability: 0.0086  loss_preserve: 0.0004  loss_equivariance: 0.0000  correction_scale: 0.1028  loss_correction_smoothness: 0.0001  loss_coarse: 0.0378  loss_boundary: 0.0363  loss_sdf: 0.0056  grad_norm: 2.0613
2026/09/26 21:36:34 - mmengine - INFO - Iter(train) [ 35950/100000]  base_lr: 4.0731e-04 lr: 4.0731e-05  eta: 12:53:22  time: 0.7300  data_time: 0.0163  memory: 11326  loss: 0.3437  loss_final: 0.0758  loss_rgb: 0.0991  loss_geometry: 0.0803  loss_reliability: 0.0107  loss_preserve: 0.0004  loss_equivariance: 0.0000  correction_scale: 0.1028  loss_correction_smoothness: 0.0001  loss_coarse: 0.0228  loss_boundary: 0.0510  loss_sdf: 0.0033  grad_norm: 1.7847
2026/09/26 21:37:10 - mmengine - INFO - Exp name: joint_20260926_115805
2026/09/26 21:37:10 - mmengine - INFO - Iter(train) [ 36000/100000]  base_lr: 4.0703e-04 lr: 4.0703e-05  eta: 12:52:45  time: 0.7266  data_time: 0.0165  memory: 11326  loss: 0.3800  loss_final: 0.1316  loss_rgb: 0.0795  loss_geometry: 0.0827  loss_reliability: 0.0045  loss_preserve: 0.0004  loss_equivariance: 0.0000  correction_scale: 0.1028  loss_correction_smoothness: 0.0001  loss_coarse: 0.0395  loss_boundary: 0.0358  loss_sdf: 0.0058  grad_norm: 1.2609
2026/09/26 21:37:10 - mmengine - INFO - Saving checkpoint at 36000 iterations
2026/09/26 21:38:15 - mmengine - INFO - Iter(val) [ 50/304]    eta: 0:05:23  time: 1.2614  data_time: 0.0197  memory: 1184  
2026/09/26 21:39:44 - mmengine - INFO - Iter(val) [100/304]    eta: 0:05:11  time: 1.7640  data_time: 0.0200  memory: 1184  
2026/09/26 21:41:08 - mmengine - INFO - Iter(val) [150/304]    eta: 0:04:02  time: 1.6872  data_time: 0.0207  memory: 1184  
2026/09/26 21:42:32 - mmengine - INFO - Iter(val) [200/304]    eta: 0:02:46  time: 1.6521  data_time: 0.0200  memory: 1184  
2026/09/26 21:43:55 - mmengine - INFO - Iter(val) [250/304]    eta: 0:01:27  time: 1.6905  data_time: 0.0206  memory: 1184  
2026/09/26 21:45:17 - mmengine - INFO - Iter(val) [300/304]    eta: 0:00:06  time: 1.5944  data_time: 0.0201  memory: 1184  
2026/09/26 21:45:24 - mmengine - INFO - per class results:
2026/09/26 21:45:24 - mmengine - INFO - 
+------------------+-------+-------+-------+--------+-----------+--------+
|      Class       |  IoU  |  Acc  |  Dice | Fscore | Precision | Recall |
+------------------+-------+-------+-------+--------+-----------+--------+
|    background    | 97.45 | 98.38 | 98.71 | 98.71  |   99.04   | 98.38  |
| wastewater_plant | 75.34 | 89.17 | 85.94 | 85.94  |   82.93   | 89.17  |
+------------------+-------+-------+-------+--------+-----------+--------+
2026/09/26 21:45:24 - mmengine - INFO - Iter(val) [304/304]    aAcc: 97.6400  mIoU: 86.4000  mAcc: 93.7800  mDice: 92.3200  mFscore: 92.3200  mPrecision: 90.9800  mRecall: 93.7800  binary/Foreground_IoU: 75.3395  binary/Dice: 85.9355  binary/F1: 85.9355  binary/Precision: 82.9281  binary/Recall: 89.1693  binary/Boundary_F1: 15.2976  binary/BFScore: 15.2976  binary/Boundary_Precision: 12.7435  binary/Boundary_Recall: 19.1322  binary/Hausdorff_px: 382.0141  binary/HD95_px: 287.6590  binary/Hausdorff_m: 191.0071  binary/HD95_m: 143.8295  data_time: 0.0224  time: 1.6184
2026/09/26 21:45:24 - mmengine - INFO - The previous best checkpoint /workspace/work_dirs/rpgv_v2_single_stage_fixed/single_stage/seed_42/progressive_rgr/joint/best_binary_Foreground_IoU_iter_32000.pth is removed
2026/09/26 21:45:25 - mmengine - INFO - The best checkpoint with 75.3395 binary/Foreground_IoU at 36000 iter is saved to best_binary_Foreground_IoU_iter_36000.pth.
2026/09/26 21:46:05 - mmengine - INFO - Iter(train) [ 36050/100000]  base_lr: 4.0674e-04 lr: 4.0674e-05  eta: 12:52:18  time: 0.7315  data_time: 0.0162  memory: 11326  loss: 0.4849  loss_final: 0.1745  loss_rgb: 0.1046  loss_geometry: 0.0854  loss_reliability: 0.0069  loss_preserve: 0.0006  loss_equivariance: 0.0000  correction_scale: 0.1028  loss_correction_smoothness: 0.0002  loss_coarse: 0.0517  loss_boundary: 0.0526  loss_sdf: 0.0086  grad_norm: 1.3691
2026/09/26 21:46:41 - mmengine - INFO - Iter(train) [ 36100/100000]  base_lr: 4.0646e-04 lr: 4.0646e-05  eta: 12:51:41  time: 0.7286  data_time: 0.0163  memory: 11326  loss: 0.3432  loss_final: 0.0858  loss_rgb: 0.0935  loss_geometry: 0.0680  loss_reliability: 0.0168  loss_preserve: 0.0004  loss_equivariance: 0.0000  correction_scale: 0.1029  loss_correction_smoothness: 0.0001  loss_coarse: 0.0258  loss_boundary: 0.0477  loss_sdf: 0.0053  grad_norm: 1.7851
2026/09/26 21:47:17 - mmengine - INFO - Iter(train) [ 36150/100000]  base_lr: 4.0617e-04 lr: 4.0617e-05  eta: 12:51:05  time: 0.7220  data_time: 0.0161  memory: 11326  loss: 0.3249  loss_final: 0.0893  loss_rgb: 0.0864  loss_geometry: 0.0644  loss_reliability: 0.0060  loss_preserve: 0.0003  loss_equivariance: 0.0000  correction_scale: 0.1029  loss_correction_smoothness: 0.0001  loss_coarse: 0.0269  loss_boundary: 0.0469  loss_sdf: 0.0046  grad_norm: 1.7171
2026/09/26 21:47:54 - mmengine - INFO - Iter(train) [ 36200/100000]  base_lr: 4.0588e-04 lr: 4.0588e-05  eta: 12:50:29  time: 0.7359  data_time: 0.0165  memory: 11326  loss: 0.3280  loss_final: 0.0747  loss_rgb: 0.0898  loss_geometry: 0.0858  loss_reliability: 0.0090  loss_preserve: 0.0003  loss_equivariance: 0.0000  correction_scale: 0.1030  loss_correction_smoothness: 0.0001  loss_coarse: 0.0225  loss_boundary: 0.0417  loss_sdf: 0.0041  grad_norm: 1.7173
2026/09/26 21:48:30 - mmengine - INFO - Iter(train) [ 36250/100000]  base_lr: 4.0560e-04 lr: 4.0560e-05  eta: 12:49:53  time: 0.7273  data_time: 0.0165  memory: 11326  loss: 0.3514  loss_final: 0.0850  loss_rgb: 0.0961  loss_geometry: 0.0768  loss_reliability: 0.0161  loss_preserve: 0.0003  loss_equivariance: 0.0000  correction_scale: 0.1030  loss_correction_smoothness: 0.0001  loss_coarse: 0.0255  loss_boundary: 0.0473  loss_sdf: 0.0042  grad_norm: 1.6736
2026/09/26 21:49:06 - mmengine - INFO - Iter(train) [ 36300/100000]  base_lr: 4.0531e-04 lr: 4.0531e-05  eta: 12:49:17  time: 0.7210  data_time: 0.0162  memory: 11324  loss: 0.3933  loss_final: 0.1268  loss_rgb: 0.0890  loss_geometry: 0.0879  loss_reliability: 0.0027  loss_preserve: 0.0005  loss_equivariance: 0.0000  correction_scale: 0.1030  loss_correction_smoothness: 0.0001  loss_coarse: 0.0381  loss_boundary: 0.0418  loss_sdf: 0.0064  grad_norm: 1.6651
2026/09/26 21:49:42 - mmengine - INFO - Iter(train) [ 36350/100000]  base_lr: 4.0502e-04 lr: 4.0502e-05  eta: 12:48:41  time: 0.7169  data_time: 0.0154  memory: 11326  loss: 0.2454  loss_final: 0.0501  loss_rgb: 0.0749  loss_geometry: 0.0466  loss_reliability: 0.0112  loss_preserve: 0.0005  loss_equivariance: 0.0000  correction_scale: 0.1031  loss_correction_smoothness: 0.0001  loss_coarse: 0.0151  loss_boundary: 0.0450  loss_sdf: 0.0018  grad_norm: 1.8156
2026/09/26 21:50:19 - mmengine - INFO - Iter(train) [ 36400/100000]  base_lr: 4.0474e-04 lr: 4.0474e-05  eta: 12:48:05  time: 0.7287  data_time: 0.0167  memory: 11326  loss: 0.3943  loss_final: 0.1050  loss_rgb: 0.1015  loss_geometry: 0.0806  loss_reliability: 0.0231  loss_preserve: 0.0005  loss_equivariance: 0.0000  correction_scale: 0.1031  loss_correction_smoothness: 0.0001  loss_coarse: 0.0316  loss_boundary: 0.0473  loss_sdf: 0.0045  grad_norm: 1.4943
2026/09/26 21:50:55 - mmengine - INFO - Iter(train) [ 36450/100000]  base_lr: 4.0445e-04 lr: 4.0445e-05  eta: 12:47:29  time: 0.7324  data_time: 0.0171  memory: 11326  loss: 0.3448  loss_final: 0.1015  loss_rgb: 0.0946  loss_geometry: 0.0574  loss_reliability: 0.0045  loss_preserve: 0.0005  loss_equivariance: 0.0000  correction_scale: 0.1031  loss_correction_smoothness: 0.0001  loss_coarse: 0.0305  loss_boundary: 0.0509  loss_sdf: 0.0049  grad_norm: 1.6563
2026/09/26 21:51:31 - mmengine - INFO - Iter(train) [ 36500/100000]  base_lr: 4.0417e-04 lr: 4.0417e-05  eta: 12:46:52  time: 0.7267  data_time: 0.0171  memory: 11326  loss: 0.3003  loss_final: 0.0743  loss_rgb: 0.0903  loss_geometry: 0.0584  loss_reliability: 0.0042  loss_preserve: 0.0005  loss_equivariance: 0.0000  correction_scale: 0.1031  loss_correction_smoothness: 0.0001  loss_coarse: 0.0223  loss_boundary: 0.0469  loss_sdf: 0.0033  grad_norm: 1.6961
2026/09/26 21:52:08 - mmengine - INFO - Iter(train) [ 36550/100000]  base_lr: 4.0388e-04 lr: 4.0388e-05  eta: 12:46:16  time: 0.7216  data_time: 0.0158  memory: 11326  loss: 0.3366  loss_final: 0.0807  loss_rgb: 0.0839  loss_geometry: 0.0763  loss_reliability: 0.0226  loss_preserve: 0.0005  loss_equivariance: 0.0000  correction_scale: 0.1032  loss_correction_smoothness: 0.0001  loss_coarse: 0.0243  loss_boundary: 0.0427  loss_sdf: 0.0054  grad_norm: 1.8308
2026/09/26 21:52:44 - mmengine - INFO - Iter(train) [ 36600/100000]  base_lr: 4.0359e-04 lr: 4.0359e-05  eta: 12:45:40  time: 0.7324  data_time: 0.0169  memory: 11326  loss: 0.3987  loss_final: 0.1260  loss_rgb: 0.0874  loss_geometry: 0.0802  loss_reliability: 0.0182  loss_preserve: 0.0003  loss_equivariance: 0.0000  correction_scale: 0.1032  loss_correction_smoothness: 0.0001  loss_coarse: 0.0378  loss_boundary: 0.0418  loss_sdf: 0.0068  grad_norm: 2.0547
2026/09/26 21:53:20 - mmengine - INFO - Iter(train) [ 36650/100000]  base_lr: 4.0331e-04 lr: 4.0331e-05  eta: 12:45:04  time: 0.7086  data_time: 0.0163  memory: 11326  loss: 0.3181  loss_final: 0.0821  loss_rgb: 0.0658  loss_geometry: 0.0943  loss_reliability: 0.0147  loss_preserve: 0.0002  loss_equivariance: 0.0000  correction_scale: 0.1032  loss_correction_smoothness: 0.0000  loss_coarse: 0.0247  loss_boundary: 0.0314  loss_sdf: 0.0049  grad_norm: 1.9401
2026/09/26 21:53:56 - mmengine - INFO - Iter(train) [ 36700/100000]  base_lr: 4.0302e-04 lr: 4.0302e-05  eta: 12:44:27  time: 0.7323  data_time: 0.0160  memory: 11326  loss: 0.4947  loss_final: 0.1919  loss_rgb: 0.1075  loss_geometry: 0.0676  loss_reliability: 0.0098  loss_preserve: 0.0004  loss_equivariance: 0.0000  correction_scale: 0.1033  loss_correction_smoothness: 0.0001  loss_coarse: 0.0576  loss_boundary: 0.0523  loss_sdf: 0.0075  grad_norm: 1.5457
2026/09/26 21:54:33 - mmengine - INFO - Iter(train) [ 36750/100000]  base_lr: 4.0273e-04 lr: 4.0273e-05  eta: 12:43:52  time: 0.7335  data_time: 0.0161  memory: 11326  loss: 0.3856  loss_final: 0.1267  loss_rgb: 0.0885  loss_geometry: 0.0613  loss_reliability: 0.0167  loss_preserve: 0.0004  loss_equivariance: 0.0000  correction_scale: 0.1033  loss_correction_smoothness: 0.0001  loss_coarse: 0.0381  loss_boundary: 0.0473  loss_sdf: 0.0064  grad_norm: 2.2702
2026/09/26 21:55:09 - mmengine - INFO - Iter(train) [ 36800/100000]  base_lr: 4.0245e-04 lr: 4.0245e-05  eta: 12:43:16  time: 0.7457  data_time: 0.0161  memory: 11326  loss: 0.4452  loss_final: 0.1444  loss_rgb: 0.1036  loss_geometry: 0.0708  loss_reliability: 0.0218  loss_preserve: 0.0005  loss_equivariance: 0.0000  correction_scale: 0.1033  loss_correction_smoothness: 0.0001  loss_coarse: 0.0434  loss_boundary: 0.0527  loss_sdf: 0.0079  grad_norm: 2.4824
2026/09/26 21:55:45 - mmengine - INFO - Iter(train) [ 36850/100000]  base_lr: 4.0216e-04 lr: 4.0216e-05  eta: 12:42:40  time: 0.7187  data_time: 0.0153  memory: 11326  loss: 0.3129  loss_final: 0.0717  loss_rgb: 0.0839  loss_geometry: 0.0771  loss_reliability: 0.0129  loss_preserve: 0.0003  loss_equivariance: 0.0000  correction_scale: 0.1033  loss_correction_smoothness: 0.0001  loss_coarse: 0.0216  loss_boundary: 0.0416  loss_sdf: 0.0037  grad_norm: 1.8362
2026/09/26 21:56:21 - mmengine - INFO - Iter(train) [ 36900/100000]  base_lr: 4.0187e-04 lr: 4.0187e-05  eta: 12:42:03  time: 0.7240  data_time: 0.0164  memory: 11326  loss: 0.5304  loss_final: 0.2200  loss_rgb: 0.1005  loss_geometry: 0.0757  loss_reliability: 0.0105  loss_preserve: 0.0004  loss_equivariance: 0.0000  correction_scale: 0.1033  loss_correction_smoothness: 0.0001  loss_coarse: 0.0661  loss_boundary: 0.0473  loss_sdf: 0.0098  grad_norm: 1.5062
2026/09/26 21:56:58 - mmengine - INFO - Iter(train) [ 36950/100000]  base_lr: 4.0159e-04 lr: 4.0159e-05  eta: 12:41:27  time: 0.7210  data_time: 0.0172  memory: 11326  loss: 0.3424  loss_final: 0.1021  loss_rgb: 0.0808  loss_geometry: 0.0736  loss_reliability: 0.0079  loss_preserve: 0.0004  loss_equivariance: 0.0000  correction_scale: 0.1034  loss_correction_smoothness: 0.0001  loss_coarse: 0.0307  loss_boundary: 0.0416  loss_sdf: 0.0053  grad_norm: 1.5222
2026/09/26 21:57:34 - mmengine - INFO - Exp name: joint_20260926_115805
2026/09/26 21:57:34 - mmengine - INFO - Iter(train) [ 37000/100000]  base_lr: 4.0130e-04 lr: 4.0130e-05  eta: 12:40:51  time: 0.7256  data_time: 0.0166  memory: 11326  loss: 0.3758  loss_final: 0.1359  loss_rgb: 0.0723  loss_geometry: 0.0696  loss_reliability: 0.0218  loss_preserve: 0.0005  loss_equivariance: 0.0000  correction_scale: 0.1035  loss_correction_smoothness: 0.0001  loss_coarse: 0.0343  loss_boundary: 0.0366  loss_sdf: 0.0046  grad_norm: 4.4254
2026/09/26 21:58:10 - mmengine - INFO - Iter(train) [ 37050/100000]  base_lr: 4.0101e-04 lr: 4.0101e-05  eta: 12:40:14  time: 0.7221  data_time: 0.0162  memory: 11326  loss: 0.3664  loss_final: 0.1061  loss_rgb: 0.0838  loss_geometry: 0.0858  loss_reliability: 0.0108  loss_preserve: 0.0004  loss_equivariance: 0.0000  correction_scale: 0.1035  loss_correction_smoothness: 0.0001  loss_coarse: 0.0319  loss_boundary: 0.0416  loss_sdf: 0.0059  grad_norm: 4.7421
2026/09/26 21:58:46 - mmengine - INFO - Iter(train) [ 37100/100000]  base_lr: 4.0073e-04 lr: 4.0073e-05  eta: 12:39:38  time: 0.7244  data_time: 0.0157  memory: 11326  loss: 0.3568  loss_final: 0.0999  loss_rgb: 0.0931  loss_geometry: 0.0666  loss_reliability: 0.0165  loss_preserve: 0.0003  loss_equivariance: 0.0000  correction_scale: 0.1035  loss_correction_smoothness: 0.0001  loss_coarse: 0.0300  loss_boundary: 0.0454  loss_sdf: 0.0050  grad_norm: 2.4296
2026/09/26 21:59:23 - mmengine - INFO - Iter(train) [ 37150/100000]  base_lr: 4.0044e-04 lr: 4.0044e-05  eta: 12:39:02  time: 0.7097  data_time: 0.0155  memory: 11326  loss: 0.2953  loss_final: 0.0711  loss_rgb: 0.0745  loss_geometry: 0.0666  loss_reliability: 0.0214  loss_preserve: 0.0005  loss_equivariance: 0.0000  correction_scale: 0.1035  loss_correction_smoothness: 0.0001  loss_coarse: 0.0214  loss_boundary: 0.0363  loss_sdf: 0.0034  grad_norm: 1.9828
2026/09/26 21:59:59 - mmengine - INFO - Iter(train) [ 37200/100000]  base_lr: 4.0015e-04 lr: 4.0015e-05  eta: 12:38:25  time: 0.7325  data_time: 0.0154  memory: 11326  loss: 0.3520  loss_final: 0.0944  loss_rgb: 0.0960  loss_geometry: 0.0687  loss_reliability: 0.0134  loss_preserve: 0.0004  loss_equivariance: 0.0000  correction_scale: 0.1035  loss_correction_smoothness: 0.0001  loss_coarse: 0.0284  loss_boundary: 0.0462  loss_sdf: 0.0044  grad_norm: 1.6546
2026/09/26 22:00:35 - mmengine - INFO - Iter(train) [ 37250/100000]  base_lr: 3.9987e-04 lr: 3.9987e-05  eta: 12:37:50  time: 0.7117  data_time: 0.0170  memory: 11326  loss: 0.2736  loss_final: 0.0547  loss_rgb: 0.0691  loss_geometry: 0.0856  loss_reliability: 0.0082  loss_preserve: 0.0001  loss_equivariance: 0.0000  correction_scale: 0.1036  loss_correction_smoothness: 0.0000  loss_coarse: 0.0165  loss_boundary: 0.0366  loss_sdf: 0.0028  grad_norm: 1.6413
2026/09/26 22:01:12 - mmengine - INFO - Iter(train) [ 37300/100000]  base_lr: 3.9958e-04 lr: 3.9958e-05  eta: 12:37:14  time: 0.7166  data_time: 0.0160  memory: 11326  loss: 0.2924  loss_final: 0.0675  loss_rgb: 0.0624  loss_geometry: 0.0967  loss_reliability: 0.0115  loss_preserve: 0.0003  loss_equivariance: 0.0000  correction_scale: 0.1036  loss_correction_smoothness: 0.0001  loss_coarse: 0.0203  loss_boundary: 0.0307  loss_sdf: 0.0029  grad_norm: 1.7494
2026/09/26 22:01:48 - mmengine - INFO - Iter(train) [ 37350/100000]  base_lr: 3.9929e-04 lr: 3.9929e-05  eta: 12:36:38  time: 0.7274  data_time: 0.0163  memory: 11326  loss: 0.4803  loss_final: 0.1947  loss_rgb: 0.0925  loss_geometry: 0.0743  loss_reliability: 0.0064  loss_preserve: 0.0004  loss_equivariance: 0.0000  correction_scale: 0.1036  loss_correction_smoothness: 0.0001  loss_coarse: 0.0585  loss_boundary: 0.0454  loss_sdf: 0.0080  grad_norm: 2.4445
2026/09/26 22:02:24 - mmengine - INFO - Iter(train) [ 37400/100000]  base_lr: 3.9901e-04 lr: 3.9901e-05  eta: 12:36:02  time: 0.7381  data_time: 0.0172  memory: 11326  loss: 0.4480  loss_final: 0.1593  loss_rgb: 0.0990  loss_geometry: 0.0805  loss_reliability: 0.0045  loss_preserve: 0.0004  loss_equivariance: 0.0000  correction_scale: 0.1036  loss_correction_smoothness: 0.0001  loss_coarse: 0.0479  loss_boundary: 0.0476  loss_sdf: 0.0087  grad_norm: 2.1660
2026/09/26 22:03:01 - mmengine - INFO - Iter(train) [ 37450/100000]  base_lr: 3.9872e-04 lr: 3.9872e-05  eta: 12:35:26  time: 0.7170  data_time: 0.0155  memory: 11326  loss: 0.3941  loss_final: 0.1178  loss_rgb: 0.1007  loss_geometry: 0.0786  loss_reliability: 0.0086  loss_preserve: 0.0004  loss_equivariance: 0.0000  correction_scale: 0.1036  loss_correction_smoothness: 0.0001  loss_coarse: 0.0354  loss_boundary: 0.0470  loss_sdf: 0.0054  grad_norm: 1.8620
2026/09/26 22:03:37 - mmengine - INFO - Iter(train) [ 37500/100000]  base_lr: 3.9843e-04 lr: 3.9843e-05  eta: 12:34:49  time: 0.7098  data_time: 0.0159  memory: 11326  loss: 0.2428  loss_final: 0.0475  loss_rgb: 0.0621  loss_geometry: 0.0776  loss_reliability: 0.0067  loss_preserve: 0.0003  loss_equivariance: 0.0000  correction_scale: 0.1036  loss_correction_smoothness: 0.0001  loss_coarse: 0.0143  loss_boundary: 0.0313  loss_sdf: 0.0029  grad_norm: 2.0115
2026/09/26 22:04:13 - mmengine - INFO - Iter(train) [ 37550/100000]  base_lr: 3.9815e-04 lr: 3.9815e-05  eta: 12:34:13  time: 0.7190  data_time: 0.0164  memory: 11326  loss: 0.3048  loss_final: 0.0744  loss_rgb: 0.0844  loss_geometry: 0.0718  loss_reliability: 0.0061  loss_preserve: 0.0006  loss_equivariance: 0.0000  correction_scale: 0.1037  loss_correction_smoothness: 0.0002  loss_coarse: 0.0224  loss_boundary: 0.0413  loss_sdf: 0.0036  grad_norm: 1.7943
2026/09/26 22:04:49 - mmengine - INFO - Iter(train) [ 37600/100000]  base_lr: 3.9786e-04 lr: 3.9786e-05  eta: 12:33:37  time: 0.7340  data_time: 0.0178  memory: 11326  loss: 0.2879  loss_final: 0.0730  loss_rgb: 0.0763  loss_geometry: 0.0705  loss_reliability: 0.0058  loss_preserve: 0.0003  loss_equivariance: 0.0000  correction_scale: 0.1036  loss_correction_smoothness: 0.0001  loss_coarse: 0.0219  loss_boundary: 0.0362  loss_sdf: 0.0039  grad_norm: 1.8310
2026/09/26 22:05:26 - mmengine - INFO - Iter(train) [ 37650/100000]  base_lr: 3.9757e-04 lr: 3.9757e-05  eta: 12:33:01  time: 0.7180  data_time: 0.0156  memory: 11326  loss: 0.3632  loss_final: 0.1079  loss_rgb: 0.0839  loss_geometry: 0.0835  loss_reliability: 0.0076  loss_preserve: 0.0004  loss_equivariance: 0.0000  correction_scale: 0.1037  loss_correction_smoothness: 0.0001  loss_coarse: 0.0324  loss_boundary: 0.0416  loss_sdf: 0.0060  grad_norm: 1.8762
2026/09/26 22:06:02 - mmengine - INFO - Iter(train) [ 37700/100000]  base_lr: 3.9728e-04 lr: 3.9728e-05  eta: 12:32:24  time: 0.7135  data_time: 0.0163  memory: 11326  loss: 0.2803  loss_final: 0.0626  loss_rgb: 0.0707  loss_geometry: 0.0803  loss_reliability: 0.0080  loss_preserve: 0.0005  loss_equivariance: 0.0000  correction_scale: 0.1037  loss_correction_smoothness: 0.0001  loss_coarse: 0.0188  loss_boundary: 0.0359  loss_sdf: 0.0034  grad_norm: 1.7495
2026/09/26 22:06:38 - mmengine - INFO - Iter(train) [ 37750/100000]  base_lr: 3.9700e-04 lr: 3.9700e-05  eta: 12:31:48  time: 0.7239  data_time: 0.0169  memory: 11326  loss: 0.3119  loss_final: 0.0782  loss_rgb: 0.0717  loss_geometry: 0.0639  loss_reliability: 0.0276  loss_preserve: 0.0004  loss_equivariance: 0.0000  correction_scale: 0.1037  loss_correction_smoothness: 0.0001  loss_coarse: 0.0235  loss_boundary: 0.0417  loss_sdf: 0.0048  grad_norm: 1.9631
2026/09/26 22:07:14 - mmengine - INFO - Iter(train) [ 37800/100000]  base_lr: 3.9671e-04 lr: 3.9671e-05  eta: 12:31:12  time: 0.7323  data_time: 0.0161  memory: 11326  loss: 0.3921  loss_final: 0.1142  loss_rgb: 0.0860  loss_geometry: 0.0891  loss_reliability: 0.0192  loss_preserve: 0.0005  loss_equivariance: 0.0000  correction_scale: 0.1038  loss_correction_smoothness: 0.0001  loss_coarse: 0.0343  loss_boundary: 0.0420  loss_sdf: 0.0068  grad_norm: 4.8849
2026/09/26 22:07:51 - mmengine - INFO - Iter(train) [ 37850/100000]  base_lr: 3.9642e-04 lr: 3.9642e-05  eta: 12:30:36  time: 0.7253  data_time: 0.0169  memory: 11326  loss: 0.4425  loss_final: 0.1235  loss_rgb: 0.1118  loss_geometry: 0.0861  loss_reliability: 0.0316  loss_preserve: 0.0005  loss_equivariance: 0.0000  correction_scale: 0.1038  loss_correction_smoothness: 0.0001  loss_coarse: 0.0371  loss_boundary: 0.0479  loss_sdf: 0.0039  grad_norm: 1.5171
2026/09/26 22:08:27 - mmengine - INFO - Iter(train) [ 37900/100000]  base_lr: 3.9614e-04 lr: 3.9614e-05  eta: 12:30:00  time: 0.7323  data_time: 0.0165  memory: 11326  loss: 0.4565  loss_final: 0.1463  loss_rgb: 0.1121  loss_geometry: 0.0759  loss_reliability: 0.0168  loss_preserve: 0.0006  loss_equivariance: 0.0000  correction_scale: 0.1038  loss_correction_smoothness: 0.0002  loss_coarse: 0.0440  loss_boundary: 0.0511  loss_sdf: 0.0095  grad_norm: 1.5120
2026/09/26 22:09:03 - mmengine - INFO - Iter(train) [ 37950/100000]  base_lr: 3.9585e-04 lr: 3.9585e-05  eta: 12:29:24  time: 0.7298  data_time: 0.0165  memory: 11326  loss: 0.3682  loss_final: 0.1106  loss_rgb: 0.1035  loss_geometry: 0.0532  loss_reliability: 0.0115  loss_preserve: 0.0004  loss_equivariance: 0.0000  correction_scale: 0.1038  loss_correction_smoothness: 0.0001  loss_coarse: 0.0332  loss_boundary: 0.0514  loss_sdf: 0.0042  grad_norm: 1.4997
2026/09/26 22:09:40 - mmengine - INFO - Exp name: joint_20260926_115805
2026/09/26 22:09:40 - mmengine - INFO - Iter(train) [ 38000/100000]  base_lr: 3.9556e-04 lr: 3.9556e-05  eta: 12:28:48  time: 0.7397  data_time: 0.0167  memory: 11326  loss: 0.3606  loss_final: 0.0870  loss_rgb: 0.0941  loss_geometry: 0.0811  loss_reliability: 0.0190  loss_preserve: 0.0005  loss_equivariance: 0.0000  correction_scale: 0.1039  loss_correction_smoothness: 0.0001  loss_coarse: 0.0262  loss_boundary: 0.0476  loss_sdf: 0.0050  grad_norm: 1.2934
2026/09/26 22:09:40 - mmengine - INFO - Saving checkpoint at 38000 iterations
2026/09/26 22:10:45 - mmengine - INFO - Iter(val) [ 50/304]    eta: 0:05:24  time: 1.2727  data_time: 0.0226  memory: 1184  
2026/09/26 22:12:15 - mmengine - INFO - Iter(val) [100/304]    eta: 0:05:12  time: 1.7711  data_time: 0.0208  memory: 1184  
2026/09/26 22:13:40 - mmengine - INFO - Iter(val) [150/304]    eta: 0:04:04  time: 1.6657  data_time: 0.0206  memory: 1184  
2026/09/26 22:15:03 - mmengine - INFO - Iter(val) [200/304]    eta: 0:02:47  time: 1.6703  data_time: 0.0208  memory: 1184  
2026/09/26 22:16:26 - mmengine - INFO - Iter(val) [250/304]    eta: 0:01:27  time: 1.6754  data_time: 0.0204  memory: 1184  
2026/09/26 22:17:47 - mmengine - INFO - Iter(val) [300/304]    eta: 0:00:06  time: 1.5743  data_time: 0.0215  memory: 1184  
2026/09/26 22:17:54 - mmengine - INFO - per class results:
2026/09/26 22:17:54 - mmengine - INFO - 
+------------------+-------+-------+-------+--------+-----------+--------+
|      Class       |  IoU  |  Acc  |  Dice | Fscore | Precision | Recall |
+------------------+-------+-------+-------+--------+-----------+--------+
|    background    | 97.12 | 97.83 | 98.54 | 98.54  |   99.26   | 97.83  |
| wastewater_plant | 73.55 | 91.68 | 84.76 | 84.76  |   78.82   | 91.68  |
+------------------+-------+-------+-------+--------+-----------+--------+
2026/09/26 22:17:54 - mmengine - INFO - Iter(val) [304/304]    aAcc: 97.3300  mIoU: 85.3300  mAcc: 94.7500  mDice: 91.6500  mFscore: 91.6500  mPrecision: 89.0400  mRecall: 94.7500  binary/Foreground_IoU: 73.5519  binary/Dice: 84.7607  binary/F1: 84.7607  binary/Precision: 78.8154  binary/Recall: 91.6761  binary/Boundary_F1: 14.3099  binary/BFScore: 14.3099  binary/Boundary_Precision: 11.6451  binary/Boundary_Recall: 18.5561  binary/Hausdorff_px: 408.0912  binary/HD95_px: 310.8987  binary/Hausdorff_m: 204.0456  binary/HD95_m: 155.4494  data_time: 0.0226  time: 1.6209
2026/09/26 22:18:30 - mmengine - INFO - Iter(train) [ 38050/100000]  base_lr: 3.9528e-04 lr: 3.9528e-05  eta: 12:28:12  time: 0.7314  data_time: 0.0180  memory: 11326  loss: 0.4967  loss_final: 0.1661  loss_rgb: 0.1117  loss_geometry: 0.0944  loss_reliability: 0.0136  loss_preserve: 0.0005  loss_equivariance: 0.0000  correction_scale: 0.1039  loss_correction_smoothness: 0.0001  loss_coarse: 0.0499  loss_boundary: 0.0525  loss_sdf: 0.0078  grad_norm: 1.4400
2026/09/26 22:19:07 - mmengine - INFO - Iter(train) [ 38100/100000]  base_lr: 3.9499e-04 lr: 3.9499e-05  eta: 12:27:36  time: 0.7474  data_time: 0.0169  memory: 11326  loss: 0.3745  loss_final: 0.0933  loss_rgb: 0.1066  loss_geometry: 0.0698  loss_reliability: 0.0190  loss_preserve: 0.0004  loss_equivariance: 0.0000  correction_scale: 0.1039  loss_correction_smoothness: 0.0001  loss_coarse: 0.0280  loss_boundary: 0.0524  loss_sdf: 0.0049  grad_norm: 1.8888
2026/09/26 22:19:44 - mmengine - INFO - Iter(train) [ 38150/100000]  base_lr: 3.9470e-04 lr: 3.9470e-05  eta: 12:27:01  time: 0.7355  data_time: 0.0173  memory: 11326  loss: 0.3624  loss_final: 0.1092  loss_rgb: 0.1017  loss_geometry: 0.0563  loss_reliability: 0.0039  loss_preserve: 0.0006  loss_equivariance: 0.0000  correction_scale: 0.1039  loss_correction_smoothness: 0.0002  loss_coarse: 0.0328  loss_boundary: 0.0521  loss_sdf: 0.0056  grad_norm: 2.2521
2026/09/26 22:20:20 - mmengine - INFO - Iter(train) [ 38200/100000]  base_lr: 3.9441e-04 lr: 3.9441e-05  eta: 12:26:25  time: 0.7195  data_time: 0.0155  memory: 11326  loss: 0.2949  loss_final: 0.0838  loss_rgb: 0.0613  loss_geometry: 0.0854  loss_reliability: 0.0067  loss_preserve: 0.0002  loss_equivariance: 0.0000  correction_scale: 0.1039  loss_correction_smoothness: 0.0000  loss_coarse: 0.0251  loss_boundary: 0.0306  loss_sdf: 0.0017  grad_norm: 2.3376
2026/09/26 22:20:56 - mmengine - INFO - Iter(train) [ 38250/100000]  base_lr: 3.9413e-04 lr: 3.9413e-05  eta: 12:25:49  time: 0.7234  data_time: 0.0157  memory: 11326  loss: 0.4824  loss_final: 0.1874  loss_rgb: 0.1049  loss_geometry: 0.0770  loss_reliability: 0.0031  loss_preserve: 0.0002  loss_equivariance: 0.0000  correction_scale: 0.1039  loss_correction_smoothness: 0.0001  loss_coarse: 0.0563  loss_boundary: 0.0468  loss_sdf: 0.0067  grad_norm: 2.0489
2026/09/26 22:21:33 - mmengine - INFO - Iter(train) [ 38300/100000]  base_lr: 3.9384e-04 lr: 3.9384e-05  eta: 12:25:13  time: 0.7292  data_time: 0.0179  memory: 11326  loss: 0.3268  loss_final: 0.0856  loss_rgb: 0.0835  loss_geometry: 0.0603  loss_reliability: 0.0200  loss_preserve: 0.0005  loss_equivariance: 0.0000  correction_scale: 0.1039  loss_correction_smoothness: 0.0001  loss_coarse: 0.0257  loss_boundary: 0.0467  loss_sdf: 0.0043  grad_norm: 1.9025
2026/09/26 22:22:09 - mmengine - INFO - Iter(train) [ 38350/100000]  base_lr: 3.9355e-04 lr: 3.9355e-05  eta: 12:24:36  time: 0.7273  data_time: 0.0161  memory: 11326  loss: 0.4528  loss_final: 0.1467  loss_rgb: 0.1034  loss_geometry: 0.0874  loss_reliability: 0.0166  loss_preserve: 0.0004  loss_equivariance: 0.0000  correction_scale: 0.1040  loss_correction_smoothness: 0.0001  loss_coarse: 0.0441  loss_boundary: 0.0471  loss_sdf: 0.0071  grad_norm: 1.6361
2026/09/26 22:22:45 - mmengine - INFO - Iter(train) [ 38400/100000]  base_lr: 3.9326e-04 lr: 3.9326e-05  eta: 12:24:00  time: 0.7322  data_time: 0.0166  memory: 11326  loss: 0.2867  loss_final: 0.0664  loss_rgb: 0.0781  loss_geometry: 0.0655  loss_reliability: 0.0145  loss_preserve: 0.0002  loss_equivariance: 0.0000  correction_scale: 0.1040  loss_correction_smoothness: 0.0001  loss_coarse: 0.0200  loss_boundary: 0.0391  loss_sdf: 0.0028  grad_norm: 1.4330
2026/09/26 22:23:21 - mmengine - INFO - Iter(train) [ 38450/100000]  base_lr: 3.9298e-04 lr: 3.9298e-05  eta: 12:23:23  time: 0.7140  data_time: 0.0160  memory: 11326  loss: 0.2832  loss_final: 0.0819  loss_rgb: 0.0722  loss_geometry: 0.0586  loss_reliability: 0.0055  loss_preserve: 0.0004  loss_equivariance: 0.0000  correction_scale: 0.1041  loss_correction_smoothness: 0.0001  loss_coarse: 0.0246  loss_boundary: 0.0363  loss_sdf: 0.0035  grad_norm: 1.3169
2026/09/26 22:23:57 - mmengine - INFO - Iter(train) [ 38500/100000]  base_lr: 3.9269e-04 lr: 3.9269e-05  eta: 12:22:47  time: 0.7206  data_time: 0.0158  memory: 11326  loss: 0.3421  loss_final: 0.0895  loss_rgb: 0.0955  loss_geometry: 0.0608  loss_reliability: 0.0174  loss_preserve: 0.0003  loss_equivariance: 0.0000  correction_scale: 0.1041  loss_correction_smoothness: 0.0001  loss_coarse: 0.0269  loss_boundary: 0.0470  loss_sdf: 0.0045  grad_norm: 1.3536
2026/09/26 22:24:33 - mmengine - INFO - Iter(train) [ 38550/100000]  base_lr: 3.9240e-04 lr: 3.9240e-05  eta: 12:22:11  time: 0.6998  data_time: 0.0159  memory: 11326  loss: 0.2172  loss_final: 0.0606  loss_rgb: 0.0419  loss_geometry: 0.0680  loss_reliability: 0.0040  loss_preserve: 0.0003  loss_equivariance: 0.0000  correction_scale: 0.1041  loss_correction_smoothness: 0.0001  loss_coarse: 0.0182  loss_boundary: 0.0206  loss_sdf: 0.0034  grad_norm: 1.4156
2026/09/26 22:25:10 - mmengine - INFO - Iter(train) [ 38600/100000]  base_lr: 3.9212e-04 lr: 3.9212e-05  eta: 12:21:35  time: 0.7421  data_time: 0.0163  memory: 11326  loss: 0.3983  loss_final: 0.1103  loss_rgb: 0.0971  loss_geometry: 0.0861  loss_reliability: 0.0122  loss_preserve: 0.0004  loss_equivariance: 0.0000  correction_scale: 0.1042  loss_correction_smoothness: 0.0001  loss_coarse: 0.0332  loss_boundary: 0.0515  loss_sdf: 0.0075  grad_norm: 2.0365
2026/09/26 22:25:46 - mmengine - INFO - Iter(train) [ 38650/100000]  base_lr: 3.9183e-04 lr: 3.9183e-05  eta: 12:20:58  time: 0.7113  data_time: 0.0167  memory: 11326  loss: 0.2782  loss_final: 0.0808  loss_rgb: 0.0622  loss_geometry: 0.0698  loss_reliability: 0.0034  loss_preserve: 0.0002  loss_equivariance: 0.0000  correction_scale: 0.1041  loss_correction_smoothness: 0.0001  loss_coarse: 0.0243  loss_boundary: 0.0319  loss_sdf: 0.0055  grad_norm: 2.3314
2026/09/26 22:26:22 - mmengine - INFO - Iter(train) [ 38700/100000]  base_lr: 3.9154e-04 lr: 3.9154e-05  eta: 12:20:22  time: 0.7229  data_time: 0.0174  memory: 11326  loss: 0.3169  loss_final: 0.0830  loss_rgb: 0.0852  loss_geometry: 0.0665  loss_reliability: 0.0125  loss_preserve: 0.0002  loss_equivariance: 0.0000  correction_scale: 0.1042  loss_correction_smoothness: 0.0001  loss_coarse: 0.0250  loss_boundary: 0.0413  loss_sdf: 0.0033  grad_norm: 1.8020
2026/09/26 22:26:59 - mmengine - INFO - Iter(train) [ 38750/100000]  base_lr: 3.9125e-04 lr: 3.9125e-05  eta: 12:19:46  time: 0.7199  data_time: 0.0166  memory: 11326  loss: 0.3252  loss_final: 0.0841  loss_rgb: 0.0930  loss_geometry: 0.0681  loss_reliability: 0.0094  loss_preserve: 0.0004  loss_equivariance: 0.0000  correction_scale: 0.1042  loss_correction_smoothness: 0.0001  loss_coarse: 0.0253  loss_boundary: 0.0414  loss_sdf: 0.0035  grad_norm: 1.7768
2026/09/26 22:27:35 - mmengine - INFO - Iter(train) [ 38800/100000]  base_lr: 3.9097e-04 lr: 3.9097e-05  eta: 12:19:10  time: 0.7320  data_time: 0.0177  memory: 11326  loss: 0.2920  loss_final: 0.0587  loss_rgb: 0.0834  loss_geometry: 0.0682  loss_reliability: 0.0182  loss_preserve: 0.0005  loss_equivariance: 0.0000  correction_scale: 0.1043  loss_correction_smoothness: 0.0001  loss_coarse: 0.0176  loss_boundary: 0.0416  loss_sdf: 0.0037  grad_norm: 2.1202
2026/09/26 22:28:11 - mmengine - INFO - Iter(train) [ 38850/100000]  base_lr: 3.9068e-04 lr: 3.9068e-05  eta: 12:18:34  time: 0.7234  data_time: 0.0164  memory: 11326  loss: 0.4248  loss_final: 0.1414  loss_rgb: 0.1023  loss_geometry: 0.0726  loss_reliability: 0.0037  loss_preserve: 0.0005  loss_equivariance: 0.0000  correction_scale: 0.1043  loss_correction_smoothness: 0.0001  loss_coarse: 0.0425  loss_boundary: 0.0524  loss_sdf: 0.0093  grad_norm: 2.3698
2026/09/26 22:28:48 - mmengine - INFO - Iter(train) [ 38900/100000]  base_lr: 3.9039e-04 lr: 3.9039e-05  eta: 12:17:58  time: 0.7266  data_time: 0.0166  memory: 11326  loss: 0.4213  loss_final: 0.1388  loss_rgb: 0.1054  loss_geometry: 0.0681  loss_reliability: 0.0080  loss_preserve: 0.0004  loss_equivariance: 0.0000  correction_scale: 0.1044  loss_correction_smoothness: 0.0001  loss_coarse: 0.0417  loss_boundary: 0.0518  loss_sdf: 0.0070  grad_norm: 1.7991
2026/09/26 22:29:24 - mmengine - INFO - Iter(train) [ 38950/100000]  base_lr: 3.9010e-04 lr: 3.9010e-05  eta: 12:17:22  time: 0.7177  data_time: 0.0157  memory: 11326  loss: 0.3547  loss_final: 0.1071  loss_rgb: 0.0912  loss_geometry: 0.0653  loss_reliability: 0.0057  loss_preserve: 0.0003  loss_equivariance: 0.0000  correction_scale: 0.1044  loss_correction_smoothness: 0.0001  loss_coarse: 0.0322  loss_boundary: 0.0471  loss_sdf: 0.0057  grad_norm: 1.4761
2026/09/26 22:30:00 - mmengine - INFO - Exp name: joint_20260926_115805
2026/09/26 22:30:00 - mmengine - INFO - Iter(train) [ 39000/100000]  base_lr: 3.8982e-04 lr: 3.8982e-05  eta: 12:16:46  time: 0.7197  data_time: 0.0157  memory: 11326  loss: 0.2454  loss_final: 0.0566  loss_rgb: 0.0666  loss_geometry: 0.0585  loss_reliability: 0.0111  loss_preserve: 0.0003  loss_equivariance: 0.0000  correction_scale: 0.1044  loss_correction_smoothness: 0.0001  loss_coarse: 0.0170  loss_boundary: 0.0319  loss_sdf: 0.0033  grad_norm: 1.4842
2026/09/26 22:30:37 - mmengine - INFO - Iter(train) [ 39050/100000]  base_lr: 3.8953e-04 lr: 3.8953e-05  eta: 12:16:10  time: 0.7165  data_time: 0.0154  memory: 11326  loss: 0.3423  loss_final: 0.0859  loss_rgb: 0.0856  loss_geometry: 0.0877  loss_reliability: 0.0099  loss_preserve: 0.0004  loss_equivariance: 0.0000  correction_scale: 0.1045  loss_correction_smoothness: 0.0001  loss_coarse: 0.0258  loss_boundary: 0.0417  loss_sdf: 0.0052  grad_norm: 1.3846
2026/09/26 22:31:13 - mmengine - INFO - Iter(train) [ 39100/100000]  base_lr: 3.8924e-04 lr: 3.8924e-05  eta: 12:15:33  time: 0.7299  data_time: 0.0159  memory: 11326  loss: 0.3151  loss_final: 0.0792  loss_rgb: 0.0949  loss_geometry: 0.0628  loss_reliability: 0.0030  loss_preserve: 0.0005  loss_equivariance: 0.0000  correction_scale: 0.1045  loss_correction_smoothness: 0.0001  loss_coarse: 0.0238  loss_boundary: 0.0464  loss_sdf: 0.0044  grad_norm: 2.0589
2026/09/26 22:31:49 - mmengine - INFO - Iter(train) [ 39150/100000]  base_lr: 3.8895e-04 lr: 3.8895e-05  eta: 12:14:57  time: 0.7147  data_time: 0.0159  memory: 11326  loss: 0.3212  loss_final: 0.1008  loss_rgb: 0.0810  loss_geometry: 0.0626  loss_reliability: 0.0067  loss_preserve: 0.0003  loss_equivariance: 0.0000  correction_scale: 0.1046  loss_correction_smoothness: 0.0001  loss_coarse: 0.0303  loss_boundary: 0.0367  loss_sdf: 0.0027  grad_norm: 1.6918
2026/09/26 22:32:25 - mmengine - INFO - Iter(train) [ 39200/100000]  base_lr: 3.8867e-04 lr: 3.8867e-05  eta: 12:14:21  time: 0.7363  data_time: 0.0164  memory: 11326  loss: 0.3634  loss_final: 0.1143  loss_rgb: 0.0868  loss_geometry: 0.0657  loss_reliability: 0.0080  loss_preserve: 0.0006  loss_equivariance: 0.0000  correction_scale: 0.1047  loss_correction_smoothness: 0.0002  loss_coarse: 0.0343  loss_boundary: 0.0472  loss_sdf: 0.0064  grad_norm: 1.8005
2026/09/26 22:33:02 - mmengine - INFO - Iter(train) [ 39250/100000]  base_lr: 3.8838e-04 lr: 3.8838e-05  eta: 12:13:44  time: 0.7227  data_time: 0.0174  memory: 11326  loss: 0.3731  loss_final: 0.1238  loss_rgb: 0.0791  loss_geometry: 0.0675  loss_reliability: 0.0213  loss_preserve: 0.0003  loss_equivariance: 0.0000  correction_scale: 0.1047  loss_correction_smoothness: 0.0001  loss_coarse: 0.0372  loss_boundary: 0.0409  loss_sdf: 0.0029  grad_norm: 1.7188
2026/09/26 22:33:38 - mmengine - INFO - Iter(train) [ 39300/100000]  base_lr: 3.8809e-04 lr: 3.8809e-05  eta: 12:13:08  time: 0.7173  data_time: 0.0160  memory: 11326  loss: 0.2419  loss_final: 0.0494  loss_rgb: 0.0703  loss_geometry: 0.0617  loss_reliability: 0.0066  loss_preserve: 0.0003  loss_equivariance: 0.0000  correction_scale: 0.1048  loss_correction_smoothness: 0.0001  loss_coarse: 0.0149  loss_boundary: 0.0363  loss_sdf: 0.0022  grad_norm: nan
2026/09/26 22:34:14 - mmengine - INFO - Iter(train) [ 39350/100000]  base_lr: 3.8780e-04 lr: 3.8780e-05  eta: 12:12:32  time: 0.7304  data_time: 0.0180  memory: 11326  loss: 0.4134  loss_final: 0.1044  loss_rgb: 0.1069  loss_geometry: 0.0871  loss_reliability: 0.0251  loss_preserve: 0.0008  loss_equivariance: 0.0000  correction_scale: 0.1048  loss_correction_smoothness: 0.0002  loss_coarse: 0.0314  loss_boundary: 0.0514  loss_sdf: 0.0060  grad_norm: nan
2026/09/26 22:34:50 - mmengine - INFO - Iter(train) [ 39400/100000]  base_lr: 3.8751e-04 lr: 3.8751e-05  eta: 12:11:56  time: 0.7327  data_time: 0.0163  memory: 11326  loss: 0.4062  loss_final: 0.1356  loss_rgb: 0.0919  loss_geometry: 0.0604  loss_reliability: 0.0245  loss_preserve: 0.0003  loss_equivariance: 0.0000  correction_scale: 0.1048  loss_correction_smoothness: 0.0001  loss_coarse: 0.0407  loss_boundary: 0.0464  loss_sdf: 0.0062  grad_norm: 1.4332
2026/09/26 22:35:27 - mmengine - INFO - Iter(train) [ 39450/100000]  base_lr: 3.8723e-04 lr: 3.8723e-05  eta: 12:11:20  time: 0.7153  data_time: 0.0166  memory: 11326  loss: 0.2661  loss_final: 0.0578  loss_rgb: 0.0806  loss_geometry: 0.0665  loss_reliability: 0.0039  loss_preserve: 0.0005  loss_equivariance: 0.0000  correction_scale: 0.1047  loss_correction_smoothness: 0.0002  loss_coarse: 0.0174  loss_boundary: 0.0361  loss_sdf: 0.0031  grad_norm: 1.5503
2026/09/26 22:36:03 - mmengine - INFO - Iter(train) [ 39500/100000]  base_lr: 3.8694e-04 lr: 3.8694e-05  eta: 12:10:44  time: 0.7375  data_time: 0.0175  memory: 11326  loss: 0.4118  loss_final: 0.1322  loss_rgb: 0.1016  loss_geometry: 0.0784  loss_reliability: 0.0057  loss_preserve: 0.0004  loss_equivariance: 0.0000  correction_scale: 0.1047  loss_correction_smoothness: 0.0001  loss_coarse: 0.0397  loss_boundary: 0.0469  loss_sdf: 0.0068  grad_norm: 1.9874
2026/09/26 22:36:39 - mmengine - INFO - Iter(train) [ 39550/100000]  base_lr: 3.8665e-04 lr: 3.8665e-05  eta: 12:10:08  time: 0.7194  data_time: 0.0161  memory: 11326  loss: 0.2894  loss_final: 0.0548  loss_rgb: 0.0840  loss_geometry: 0.0643  loss_reliability: 0.0208  loss_preserve: 0.0005  loss_equivariance: 0.0000  correction_scale: 0.1047  loss_correction_smoothness: 0.0001  loss_coarse: 0.0165  loss_boundary: 0.0453  loss_sdf: 0.0030  grad_norm: 1.9116
2026/09/26 22:37:16 - mmengine - INFO - Iter(train) [ 39600/100000]  base_lr: 3.8636e-04 lr: 3.8636e-05  eta: 12:09:32  time: 0.7346  data_time: 0.0161  memory: 11326  loss: 0.3252  loss_final: 0.0912  loss_rgb: 0.0814  loss_geometry: 0.0583  loss_reliability: 0.0139  loss_preserve: 0.0007  loss_equivariance: 0.0000  correction_scale: 0.1047  loss_correction_smoothness: 0.0002  loss_coarse: 0.0274  loss_boundary: 0.0463  loss_sdf: 0.0057  grad_norm: 1.4540
2026/09/26 22:37:52 - mmengine - INFO - Iter(train) [ 39650/100000]  base_lr: 3.8608e-04 lr: 3.8608e-05  eta: 12:08:55  time: 0.7208  data_time: 0.0160  memory: 11326  loss: 0.5259  loss_final: 0.1953  loss_rgb: 0.1055  loss_geometry: 0.0908  loss_reliability: 0.0229  loss_preserve: 0.0005  loss_equivariance: 0.0000  correction_scale: 0.1048  loss_correction_smoothness: 0.0001  loss_coarse: 0.0586  loss_boundary: 0.0433  loss_sdf: 0.0087  grad_norm: 4.2739
2026/09/26 22:38:28 - mmengine - INFO - Iter(train) [ 39700/100000]  base_lr: 3.8579e-04 lr: 3.8579e-05  eta: 12:08:19  time: 0.7228  data_time: 0.0166  memory: 11326  loss: 0.5400  loss_final: 0.2182  loss_rgb: 0.1099  loss_geometry: 0.0765  loss_reliability: 0.0146  loss_preserve: 0.0003  loss_equivariance: 0.0000  correction_scale: 0.1049  loss_correction_smoothness: 0.0001  loss_coarse: 0.0655  loss_boundary: 0.0488  loss_sdf: 0.0060  grad_norm: 2.9877
2026/09/26 22:39:04 - mmengine - INFO - Iter(train) [ 39750/100000]  base_lr: 3.8550e-04 lr: 3.8550e-05  eta: 12:07:43  time: 0.7299  data_time: 0.0177  memory: 11326  loss: 0.4524  loss_final: 0.1512  loss_rgb: 0.0980  loss_geometry: 0.0868  loss_reliability: 0.0134  loss_preserve: 0.0003  loss_equivariance: 0.0000  correction_scale: 0.1049  loss_correction_smoothness: 0.0001  loss_coarse: 0.0454  loss_boundary: 0.0474  loss_sdf: 0.0097  grad_norm: 3.0497
2026/09/26 22:39:41 - mmengine - INFO - Iter(train) [ 39800/100000]  base_lr: 3.8521e-04 lr: 3.8521e-05  eta: 12:07:07  time: 0.7251  data_time: 0.0180  memory: 11326  loss: 0.4476  loss_final: 0.1688  loss_rgb: 0.0782  loss_geometry: 0.0792  loss_reliability: 0.0303  loss_preserve: 0.0002  loss_equivariance: 0.0000  correction_scale: 0.1049  loss_correction_smoothness: 0.0001  loss_coarse: 0.0507  loss_boundary: 0.0359  loss_sdf: 0.0041  grad_norm: 1.7093
2026/09/26 22:40:17 - mmengine - INFO - Iter(train) [ 39850/100000]  base_lr: 3.8492e-04 lr: 3.8492e-05  eta: 12:06:30  time: 0.7071  data_time: 0.0159  memory: 11326  loss: 0.2595  loss_final: 0.0824  loss_rgb: 0.0616  loss_geometry: 0.0409  loss_reliability: 0.0135  loss_preserve: 0.0004  loss_equivariance: 0.0000  correction_scale: 0.1050  loss_correction_smoothness: 0.0001  loss_coarse: 0.0247  loss_boundary: 0.0316  loss_sdf: 0.0044  grad_norm: 1.4573
2026/09/26 22:40:53 - mmengine - INFO - Iter(train) [ 39900/100000]  base_lr: 3.8464e-04 lr: 3.8464e-05  eta: 12:05:54  time: 0.7169  data_time: 0.0171  memory: 11326  loss: 0.2812  loss_final: 0.0718  loss_rgb: 0.0821  loss_geometry: 0.0530  loss_reliability: 0.0096  loss_preserve: 0.0003  loss_equivariance: 0.0000  correction_scale: 0.1050  loss_correction_smoothness: 0.0001  loss_coarse: 0.0216  loss_boundary: 0.0408  loss_sdf: 0.0019  grad_norm: 1.7604
2026/09/26 22:41:29 - mmengine - INFO - Iter(train) [ 39950/100000]  base_lr: 3.8435e-04 lr: 3.8435e-05  eta: 12:05:17  time: 0.7297  data_time: 0.0166  memory: 11326  loss: 0.4544  loss_final: 0.1664  loss_rgb: 0.1068  loss_geometry: 0.0609  loss_reliability: 0.0068  loss_preserve: 0.0005  loss_equivariance: 0.0000  correction_scale: 0.1050  loss_correction_smoothness: 0.0001  loss_coarse: 0.0500  loss_boundary: 0.0527  loss_sdf: 0.0101  grad_norm: 1.6258
2026/09/26 22:42:05 - mmengine - INFO - Exp name: joint_20260926_115805
2026/09/26 22:42:05 - mmengine - INFO - Iter(train) [ 40000/100000]  base_lr: 3.8406e-04 lr: 3.8406e-05  eta: 12:04:41  time: 0.7309  data_time: 0.0170  memory: 11326  loss: 0.3048  loss_final: 0.0929  loss_rgb: 0.0752  loss_geometry: 0.0527  loss_reliability: 0.0105  loss_preserve: 0.0004  loss_equivariance: 0.0000  correction_scale: 0.1051  loss_correction_smoothness: 0.0001  loss_coarse: 0.0279  loss_boundary: 0.0403  loss_sdf: 0.0048  grad_norm: 1.7001
2026/09/26 22:42:05 - mmengine - INFO - Saving checkpoint at 40000 iterations
2026/09/26 22:43:11 - mmengine - INFO - Iter(val) [ 50/304]    eta: 0:05:25  time: 1.2658  data_time: 0.0208  memory: 1184  
2026/09/26 22:44:40 - mmengine - INFO - Iter(val) [100/304]    eta: 0:05:11  time: 1.7185  data_time: 0.0211  memory: 1184  
2026/09/26 22:46:06 - mmengine - INFO - Iter(val) [150/304]    eta: 0:04:04  time: 1.6695  data_time: 0.0198  memory: 1184  
2026/09/26 22:47:29 - mmengine - INFO - Iter(val) [200/304]    eta: 0:02:47  time: 1.6526  data_time: 0.0232  memory: 1184  
2026/09/26 22:48:52 - mmengine - INFO - Iter(val) [250/304]    eta: 0:01:27  time: 1.6544  data_time: 0.0200  memory: 1184  
2026/09/26 22:50:13 - mmengine - INFO - Iter(val) [300/304]    eta: 0:00:06  time: 1.5815  data_time: 0.0209  memory: 1184  
2026/09/26 22:50:20 - mmengine - INFO - per class results:
2026/09/26 22:50:20 - mmengine - INFO - 
+------------------+-------+-------+-------+--------+-----------+--------+
|      Class       |  IoU  |  Acc  |  Dice | Fscore | Precision | Recall |
+------------------+-------+-------+-------+--------+-----------+--------+
|    background    | 96.97 | 97.68 | 98.46 | 98.46  |   99.25   | 97.68  |
| wastewater_plant | 72.55 | 91.63 | 84.09 | 84.09  |   77.69   | 91.63  |
+------------------+-------+-------+-------+--------+-----------+--------+
2026/09/26 22:50:20 - mmengine - INFO - Iter(val) [304/304]    aAcc: 97.1900  mIoU: 84.7600  mAcc: 94.6600  mDice: 91.2800  mFscore: 91.2800  mPrecision: 88.4700  mRecall: 94.6600  binary/Foreground_IoU: 72.5486  binary/Dice: 84.0907  binary/F1: 84.0907  binary/Precision: 77.6948  binary/Recall: 91.6340  binary/Boundary_F1: 14.0983  binary/BFScore: 14.0983  binary/Boundary_Precision: 11.2634  binary/Boundary_Recall: 18.8404  binary/Hausdorff_px: 457.0279  binary/HD95_px: 341.8242  binary/Hausdorff_m: 228.5139  binary/HD95_m: 170.9121  data_time: 0.0228  time: 1.6229
2026/09/26 22:50:57 - mmengine - INFO - Iter(train) [ 40050/100000]  base_lr: 3.8377e-04 lr: 3.8377e-05  eta: 12:04:05  time: 0.7277  data_time: 0.0159  memory: 11326  loss: 0.3550  loss_final: 0.0986  loss_rgb: 0.0938  loss_geometry: 0.0629  loss_reliability: 0.0185  loss_preserve: 0.0003  loss_equivariance: 0.0000  correction_scale: 0.1053  loss_correction_smoothness: 0.0001  loss_coarse: 0.0297  loss_boundary: 0.0466  loss_sdf: 0.0044  grad_norm: 1.5261
2026/09/26 22:51:33 - mmengine - INFO - Iter(train) [ 40100/100000]  base_lr: 3.8348e-04 lr: 3.8348e-05  eta: 12:03:30  time: 0.7430  data_time: 0.0179  memory: 11326  loss: 0.3267  loss_final: 0.0837  loss_rgb: 0.0883  loss_geometry: 0.0623  loss_reliability: 0.0155  loss_preserve: 0.0006  loss_equivariance: 0.0000  correction_scale: 0.1054  loss_correction_smoothness: 0.0002  loss_coarse: 0.0252  loss_boundary: 0.0466  loss_sdf: 0.0043  grad_norm: 1.6065
2026/09/26 22:52:09 - mmengine - INFO - Iter(train) [ 40150/100000]  base_lr: 3.8320e-04 lr: 3.8320e-05  eta: 12:02:53  time: 0.7214  data_time: 0.0164  memory: 11326  loss: 0.3824  loss_final: 0.1035  loss_rgb: 0.0955  loss_geometry: 0.0591  loss_reliability: 0.0351  loss_preserve: 0.0005  loss_equivariance: 0.0000  correction_scale: 0.1054  loss_correction_smoothness: 0.0002  loss_coarse: 0.0311  loss_boundary: 0.0520  loss_sdf: 0.0054  grad_norm: 1.6305
2026/09/26 22:52:45 - mmengine - INFO - Iter(train) [ 40200/100000]  base_lr: 3.8291e-04 lr: 3.8291e-05  eta: 12:02:17  time: 0.7280  data_time: 0.0167  memory: 11326  loss: 0.2372  loss_final: 0.0545  loss_rgb: 0.0709  loss_geometry: 0.0499  loss_reliability: 0.0056  loss_preserve: 0.0004  loss_equivariance: 0.0000  correction_scale: 0.1055  loss_correction_smoothness: 0.0001  loss_coarse: 0.0164  loss_boundary: 0.0364  loss_sdf: 0.0029  grad_norm: 1.5176
2026/09/26 22:53:22 - mmengine - INFO - Iter(train) [ 40250/100000]  base_lr: 3.8262e-04 lr: 3.8262e-05  eta: 12:01:41  time: 0.7235  data_time: 0.0160  memory: 11326  loss: 0.4436  loss_final: 0.1527  loss_rgb: 0.0980  loss_geometry: 0.0667  loss_reliability: 0.0175  loss_preserve: 0.0005  loss_equivariance: 0.0000  correction_scale: 0.1055  loss_correction_smoothness: 0.0002  loss_coarse: 0.0459  loss_boundary: 0.0531  loss_sdf: 0.0090  grad_norm: 1.2447
2026/09/26 22:53:58 - mmengine - INFO - Iter(train) [ 40300/100000]  base_lr: 3.8233e-04 lr: 3.8233e-05  eta: 12:01:04  time: 0.7183  data_time: 0.0161  memory: 11326  loss: 0.3097  loss_final: 0.0754  loss_rgb: 0.0761  loss_geometry: 0.0734  loss_reliability: 0.0107  loss_preserve: 0.0004  loss_equivariance: 0.0000  correction_scale: 0.1055  loss_correction_smoothness: 0.0001  loss_coarse: 0.0227  loss_boundary: 0.0467  loss_sdf: 0.0041  grad_norm: 1.5361
2026/09/26 22:54:34 - mmengine - INFO - Iter(train) [ 40350/100000]  base_lr: 3.8204e-04 lr: 3.8204e-05  eta: 12:00:28  time: 0.7184  data_time: 0.0156  memory: 11326  loss: 0.3934  loss_final: 0.1433  loss_rgb: 0.0856  loss_geometry: 0.0549  loss_reliability: 0.0173  loss_preserve: 0.0003  loss_equivariance: 0.0000  correction_scale: 0.1056  loss_correction_smoothness: 0.0001  loss_coarse: 0.0431  loss_boundary: 0.0416  loss_sdf: 0.0071  grad_norm: 1.2151
2026/09/26 22:55:10 - mmengine - INFO - Iter(train) [ 40400/100000]  base_lr: 3.8175e-04 lr: 3.8175e-05  eta: 11:59:52  time: 0.7349  data_time: 0.0167  memory: 11326  loss: 0.3318  loss_final: 0.0941  loss_rgb: 0.0814  loss_geometry: 0.0593  loss_reliability: 0.0161  loss_preserve: 0.0006  loss_equivariance: 0.0000  correction_scale: 0.1056  loss_correction_smoothness: 0.0002  loss_coarse: 0.0283  loss_boundary: 0.0462  loss_sdf: 0.0056  grad_norm: 1.9688
2026/09/26 22:55:46 - mmengine - INFO - Iter(train) [ 40450/100000]  base_lr: 3.8147e-04 lr: 3.8147e-05  eta: 11:59:15  time: 0.7208  data_time: 0.0154  memory: 11326  loss: 0.3942  loss_final: 0.1278  loss_rgb: 0.0936  loss_geometry: 0.0742  loss_reliability: 0.0043  loss_preserve: 0.0004  loss_equivariance: 0.0000  correction_scale: 0.1057  loss_correction_smoothness: 0.0001  loss_coarse: 0.0384  loss_boundary: 0.0478  loss_sdf: 0.0075  grad_norm: 1.3596
2026/09/26 22:56:23 - mmengine - INFO - Iter(train) [ 40500/100000]  base_lr: 3.8118e-04 lr: 3.8118e-05  eta: 11:58:39  time: 0.7334  data_time: 0.0168  memory: 11326  loss: 0.3179  loss_final: 0.0768  loss_rgb: 0.0935  loss_geometry: 0.0564  loss_reliability: 0.0101  loss_preserve: 0.0008  loss_equivariance: 0.0000  correction_scale: 0.1057  loss_correction_smoothness: 0.0002  loss_coarse: 0.0231  loss_boundary: 0.0520  loss_sdf: 0.0050  grad_norm: 1.3109
2026/09/26 22:56:59 - mmengine - INFO - Iter(train) [ 40550/100000]  base_lr: 3.8089e-04 lr: 3.8089e-05  eta: 11:58:03  time: 0.7294  data_time: 0.0177  memory: 11326  loss: 0.3770  loss_final: 0.1009  loss_rgb: 0.0963  loss_geometry: 0.0835  loss_reliability: 0.0136  loss_preserve: 0.0003  loss_equivariance: 0.0000  correction_scale: 0.1057  loss_correction_smoothness: 0.0001  loss_coarse: 0.0304  loss_boundary: 0.0471  loss_sdf: 0.0047  grad_norm: 1.5262
2026/09/26 22:57:35 - mmengine - INFO - Iter(train) [ 40600/100000]  base_lr: 3.8060e-04 lr: 3.8060e-05  eta: 11:57:27  time: 0.7427  data_time: 0.0168  memory: 11326  loss: 0.4278  loss_final: 0.1402  loss_rgb: 0.1026  loss_geometry: 0.0687  loss_reliability: 0.0171  loss_preserve: 0.0007  loss_equivariance: 0.0000  correction_scale: 0.1057  loss_correction_smoothness: 0.0002  loss_coarse: 0.0421  loss_boundary: 0.0493  loss_sdf: 0.0068  grad_norm: 1.2977
2026/09/26 22:58:11 - mmengine - INFO - Iter(train) [ 40650/100000]  base_lr: 3.8031e-04 lr: 3.8031e-05  eta: 11:56:51  time: 0.7272  data_time: 0.0162  memory: 11326  loss: 0.3950  loss_final: 0.1127  loss_rgb: 0.1087  loss_geometry: 0.0650  loss_reliability: 0.0166  loss_preserve: 0.0006  loss_equivariance: 0.0000  correction_scale: 0.1057  loss_correction_smoothness: 0.0002  loss_coarse: 0.0339  loss_boundary: 0.0518  loss_sdf: 0.0056  grad_norm: 1.3738
2026/09/26 22:58:48 - mmengine - INFO - Iter(train) [ 40700/100000]  base_lr: 3.8002e-04 lr: 3.8002e-05  eta: 11:56:15  time: 0.7298  data_time: 0.0164  memory: 11326  loss: 0.4911  loss_final: 0.1835  loss_rgb: 0.1064  loss_geometry: 0.0805  loss_reliability: 0.0066  loss_preserve: 0.0004  loss_equivariance: 0.0000  correction_scale: 0.1057  loss_correction_smoothness: 0.0001  loss_coarse: 0.0546  loss_boundary: 0.0523  loss_sdf: 0.0066  grad_norm: 1.6851
2026/09/26 22:59:24 - mmengine - INFO - Iter(train) [ 40750/100000]  base_lr: 3.7974e-04 lr: 3.7974e-05  eta: 11:55:38  time: 0.7226  data_time: 0.0162  memory: 11326  loss: 0.3728  loss_final: 0.1220  loss_rgb: 0.0861  loss_geometry: 0.0567  loss_reliability: 0.0156  loss_preserve: 0.0007  loss_equivariance: 0.0000  correction_scale: 0.1057  loss_correction_smoothness: 0.0002  loss_coarse: 0.0366  loss_boundary: 0.0471  loss_sdf: 0.0077  grad_norm: 1.8817
2026/09/26 23:00:01 - mmengine - INFO - Iter(train) [ 40800/100000]  base_lr: 3.7945e-04 lr: 3.7945e-05  eta: 11:55:02  time: 0.7282  data_time: 0.0164  memory: 11326  loss: 0.2526  loss_final: 0.0443  loss_rgb: 0.0686  loss_geometry: 0.0681  loss_reliability: 0.0149  loss_preserve: 0.0003  loss_equivariance: 0.0000  correction_scale: 0.1057  loss_correction_smoothness: 0.0001  loss_coarse: 0.0133  loss_boundary: 0.0404  loss_sdf: 0.0025  grad_norm: 1.5881
2026/09/26 23:00:37 - mmengine - INFO - Iter(train) [ 40850/100000]  base_lr: 3.7916e-04 lr: 3.7916e-05  eta: 11:54:26  time: 0.7148  data_time: 0.0168  memory: 11326  loss: 0.2074  loss_final: 0.0500  loss_rgb: 0.0590  loss_geometry: 0.0386  loss_reliability: 0.0104  loss_preserve: 0.0004  loss_equivariance: 0.0000  correction_scale: 0.1057  loss_correction_smoothness: 0.0001  loss_coarse: 0.0150  loss_boundary: 0.0315  loss_sdf: 0.0024  grad_norm: 1.7339
2026/09/26 23:01:13 - mmengine - INFO - Iter(train) [ 40900/100000]  base_lr: 3.7887e-04 lr: 3.7887e-05  eta: 11:53:50  time: 0.7315  data_time: 0.0178  memory: 11326  loss: 0.3297  loss_final: 0.0805  loss_rgb: 0.1005  loss_geometry: 0.0647  loss_reliability: 0.0098  loss_preserve: 0.0002  loss_equivariance: 0.0000  correction_scale: 0.1057  loss_correction_smoothness: 0.0001  loss_coarse: 0.0242  loss_boundary: 0.0448  loss_sdf: 0.0050  grad_norm: 2.1482
2026/09/26 23:01:49 - mmengine - INFO - Iter(train) [ 40950/100000]  base_lr: 3.7858e-04 lr: 3.7858e-05  eta: 11:53:13  time: 0.7241  data_time: 0.0171  memory: 11326  loss: 0.3183  loss_final: 0.0741  loss_rgb: 0.0780  loss_geometry: 0.0743  loss_reliability: 0.0261  loss_preserve: 0.0002  loss_equivariance: 0.0000  correction_scale: 0.1057  loss_correction_smoothness: 0.0001  loss_coarse: 0.0223  loss_boundary: 0.0399  loss_sdf: 0.0032  grad_norm: 2.7550
2026/09/26 23:02:25 - mmengine - INFO - Exp name: joint_20260926_115805
2026/09/26 23:02:25 - mmengine - INFO - Iter(train) [ 41000/100000]  base_lr: 3.7829e-04 lr: 3.7829e-05  eta: 11:52:37  time: 0.7368  data_time: 0.0178  memory: 11326  loss: 0.3238  loss_final: 0.1044  loss_rgb: 0.0841  loss_geometry: 0.0471  loss_reliability: 0.0038  loss_preserve: 0.0004  loss_equivariance: 0.0000  correction_scale: 0.1057  loss_correction_smoothness: 0.0001  loss_coarse: 0.0314  loss_boundary: 0.0469  loss_sdf: 0.0056  grad_norm: 1.7989
2026/09/26 23:03:02 - mmengine - INFO - Iter(train) [ 41050/100000]  base_lr: 3.7801e-04 lr: 3.7801e-05  eta: 11:52:01  time: 0.7235  data_time: 0.0169  memory: 11326  loss: 0.5611  loss_final: 0.2024  loss_rgb: 0.1031  loss_geometry: 0.1055  loss_reliability: 0.0268  loss_preserve: 0.0005  loss_equivariance: 0.0000  correction_scale: 0.1057  loss_correction_smoothness: 0.0002  loss_coarse: 0.0607  loss_boundary: 0.0522  loss_sdf: 0.0097  grad_norm: 2.8034
2026/09/26 23:03:38 - mmengine - INFO - Iter(train) [ 41100/100000]  base_lr: 3.7772e-04 lr: 3.7772e-05  eta: 11:51:25  time: 0.7243  data_time: 0.0165  memory: 11326  loss: 0.3354  loss_final: 0.1070  loss_rgb: 0.0867  loss_geometry: 0.0521  loss_reliability: 0.0093  loss_preserve: 0.0003  loss_equivariance: 0.0000  correction_scale: 0.1057  loss_correction_smoothness: 0.0001  loss_coarse: 0.0321  loss_boundary: 0.0416  loss_sdf: 0.0061  grad_norm: 1.6706
2026/09/26 23:04:15 - mmengine - INFO - Iter(train) [ 41150/100000]  base_lr: 3.7743e-04 lr: 3.7743e-05  eta: 11:50:49  time: 0.7336  data_time: 0.0190  memory: 11326  loss: 0.4785  loss_final: 0.1737  loss_rgb: 0.1022  loss_geometry: 0.0761  loss_reliability: 0.0125  loss_preserve: 0.0007  loss_equivariance: 0.0000  correction_scale: 0.1057  loss_correction_smoothness: 0.0002  loss_coarse: 0.0520  loss_boundary: 0.0529  loss_sdf: 0.0081  grad_norm: 1.6890
2026/09/26 23:04:51 - mmengine - INFO - Iter(train) [ 41200/100000]  base_lr: 3.7714e-04 lr: 3.7714e-05  eta: 11:50:13  time: 0.7385  data_time: 0.0173  memory: 11326  loss: 0.3294  loss_final: 0.0892  loss_rgb: 0.0836  loss_geometry: 0.0695  loss_reliability: 0.0070  loss_preserve: 0.0004  loss_equivariance: 0.0000  correction_scale: 0.1058  loss_correction_smoothness: 0.0001  loss_coarse: 0.0268  loss_boundary: 0.0477  loss_sdf: 0.0052  grad_norm: 1.7984
2026/09/26 23:05:27 - mmengine - INFO - Iter(train) [ 41250/100000]  base_lr: 3.7685e-04 lr: 3.7685e-05  eta: 11:49:37  time: 0.7281  data_time: 0.0165  memory: 11326  loss: 0.4410  loss_final: 0.1429  loss_rgb: 0.1058  loss_geometry: 0.0876  loss_reliability: 0.0073  loss_preserve: 0.0004  loss_equivariance: 0.0000  correction_scale: 0.1058  loss_correction_smoothness: 0.0001  loss_coarse: 0.0430  loss_boundary: 0.0472  loss_sdf: 0.0067  grad_norm: 1.8960
2026/09/26 23:06:03 - mmengine - INFO - Iter(train) [ 41300/100000]  base_lr: 3.7656e-04 lr: 3.7656e-05  eta: 11:49:00  time: 0.7117  data_time: 0.0161  memory: 11326  loss: 0.2690  loss_final: 0.0790  loss_rgb: 0.0630  loss_geometry: 0.0438  loss_reliability: 0.0163  loss_preserve: 0.0003  loss_equivariance: 0.0000  correction_scale: 0.1058  loss_correction_smoothness: 0.0001  loss_coarse: 0.0238  loss_boundary: 0.0370  loss_sdf: 0.0058  grad_norm: 2.0233
2026/09/26 23:06:40 - mmengine - INFO - Iter(train) [ 41350/100000]  base_lr: 3.7627e-04 lr: 3.7627e-05  eta: 11:48:24  time: 0.7199  data_time: 0.0162  memory: 11326  loss: 0.2639  loss_final: 0.0649  loss_rgb: 0.0763  loss_geometry: 0.0517  loss_reliability: 0.0063  loss_preserve: 0.0003  loss_equivariance: 0.0000  correction_scale: 0.1058  loss_correction_smoothness: 0.0001  loss_coarse: 0.0195  loss_boundary: 0.0417  loss_sdf: 0.0032  grad_norm: 2.6554
2026/09/26 23:07:16 - mmengine - INFO - Iter(train) [ 41400/100000]  base_lr: 3.7598e-04 lr: 3.7598e-05  eta: 11:47:49  time: 0.7335  data_time: 0.0159  memory: 11326  loss: 0.4261  loss_final: 0.1234  loss_rgb: 0.1118  loss_geometry: 0.0741  loss_reliability: 0.0231  loss_preserve: 0.0005  loss_equivariance: 0.0000  correction_scale: 0.1060  loss_correction_smoothness: 0.0001  loss_coarse: 0.0371  loss_boundary: 0.0518  loss_sdf: 0.0042  grad_norm: 2.2324
2026/09/26 23:07:52 - mmengine - INFO - Iter(train) [ 41450/100000]  base_lr: 3.7570e-04 lr: 3.7570e-05  eta: 11:47:12  time: 0.7172  data_time: 0.0158  memory: 11326  loss: 0.3603  loss_final: 0.1248  loss_rgb: 0.0786  loss_geometry: 0.0660  loss_reliability: 0.0062  loss_preserve: 0.0004  loss_equivariance: 0.0000  correction_scale: 0.1060  loss_correction_smoothness: 0.0001  loss_coarse: 0.0375  loss_boundary: 0.0420  loss_sdf: 0.0047  grad_norm: 1.3974
2026/09/26 23:08:28 - mmengine - INFO - Iter(train) [ 41500/100000]  base_lr: 3.7541e-04 lr: 3.7541e-05  eta: 11:46:36  time: 0.7043  data_time: 0.0156  memory: 11326  loss: 0.2031  loss_final: 0.0453  loss_rgb: 0.0456  loss_geometry: 0.0510  loss_reliability: 0.0190  loss_preserve: 0.0005  loss_equivariance: 0.0000  correction_scale: 0.1060  loss_correction_smoothness: 0.0001  loss_coarse: 0.0136  loss_boundary: 0.0257  loss_sdf: 0.0022  grad_norm: 1.8070
2026/09/26 23:09:04 - mmengine - INFO - Iter(train) [ 41550/100000]  base_lr: 3.7512e-04 lr: 3.7512e-05  eta: 11:45:59  time: 0.7134  data_time: 0.0159  memory: 11326  loss: 0.3090  loss_final: 0.0867  loss_rgb: 0.0766  loss_geometry: 0.0602  loss_reliability: 0.0149  loss_preserve: 0.0003  loss_equivariance: 0.0000  correction_scale: 0.1060  loss_correction_smoothness: 0.0001  loss_coarse: 0.0261  loss_boundary: 0.0406  loss_sdf: 0.0035  grad_norm: 2.1930
2026/09/26 23:09:41 - mmengine - INFO - Iter(train) [ 41600/100000]  base_lr: 3.7483e-04 lr: 3.7483e-05  eta: 11:45:23  time: 0.7353  data_time: 0.0166  memory: 11326  loss: 0.5090  loss_final: 0.1967  loss_rgb: 0.0986  loss_geometry: 0.0697  loss_reliability: 0.0303  loss_preserve: 0.0003  loss_equivariance: 0.0000  correction_scale: 0.1061  loss_correction_smoothness: 0.0001  loss_coarse: 0.0591  loss_boundary: 0.0468  loss_sdf: 0.0074  grad_norm: 1.3624
2026/09/26 23:10:17 - mmengine - INFO - Iter(train) [ 41650/100000]  base_lr: 3.7454e-04 lr: 3.7454e-05  eta: 11:44:47  time: 0.7132  data_time: 0.0166  memory: 11326  loss: 0.3865  loss_final: 0.1355  loss_rgb: 0.0751  loss_geometry: 0.0656  loss_reliability: 0.0256  loss_preserve: 0.0006  loss_equivariance: 0.0000  correction_scale: 0.1061  loss_correction_smoothness: 0.0002  loss_coarse: 0.0407  loss_boundary: 0.0359  loss_sdf: 0.0074  grad_norm: 1.4193
2026/09/26 23:10:53 - mmengine - INFO - Iter(train) [ 41700/100000]  base_lr: 3.7425e-04 lr: 3.7425e-05  eta: 11:44:10  time: 0.7205  data_time: 0.0168  memory: 11326  loss: 0.3422  loss_final: 0.1034  loss_rgb: 0.0900  loss_geometry: 0.0638  loss_reliability: 0.0050  loss_preserve: 0.0006  loss_equivariance: 0.0000  correction_scale: 0.1061  loss_correction_smoothness: 0.0002  loss_coarse: 0.0311  loss_boundary: 0.0419  loss_sdf: 0.0063  grad_norm: 1.5111
2026/09/26 23:11:29 - mmengine - INFO - Iter(train) [ 41750/100000]  base_lr: 3.7396e-04 lr: 3.7396e-05  eta: 11:43:34  time: 0.7122  data_time: 0.0175  memory: 11326  loss: 0.3983  loss_final: 0.1302  loss_rgb: 0.0741  loss_geometry: 0.0856  loss_reliability: 0.0221  loss_preserve: 0.0005  loss_equivariance: 0.0000  correction_scale: 0.1061  loss_correction_smoothness: 0.0002  loss_coarse: 0.0391  loss_boundary: 0.0367  loss_sdf: 0.0097  grad_norm: 1.6782
2026/09/26 23:12:05 - mmengine - INFO - Iter(train) [ 41800/100000]  base_lr: 3.7367e-04 lr: 3.7367e-05  eta: 11:42:58  time: 0.7289  data_time: 0.0181  memory: 11326  loss: 0.2480  loss_final: 0.0535  loss_rgb: 0.0809  loss_geometry: 0.0419  loss_reliability: 0.0111  loss_preserve: 0.0004  loss_equivariance: 0.0000  correction_scale: 0.1061  loss_correction_smoothness: 0.0001  loss_coarse: 0.0161  loss_boundary: 0.0413  loss_sdf: 0.0027  grad_norm: 1.8463
2026/09/26 23:12:42 - mmengine - INFO - Iter(train) [ 41850/100000]  base_lr: 3.7339e-04 lr: 3.7339e-05  eta: 11:42:21  time: 0.7318  data_time: 0.0166  memory: 11326  loss: 0.3805  loss_final: 0.1063  loss_rgb: 0.1027  loss_geometry: 0.0710  loss_reliability: 0.0126  loss_preserve: 0.0003  loss_equivariance: 0.0000  correction_scale: 0.1061  loss_correction_smoothness: 0.0001  loss_coarse: 0.0320  loss_boundary: 0.0503  loss_sdf: 0.0051  grad_norm: 1.7134
2026/09/26 23:13:18 - mmengine - INFO - Iter(train) [ 41900/100000]  base_lr: 3.7310e-04 lr: 3.7310e-05  eta: 11:41:45  time: 0.7231  data_time: 0.0161  memory: 11326  loss: 0.3832  loss_final: 0.1154  loss_rgb: 0.0974  loss_geometry: 0.0661  loss_reliability: 0.0102  loss_preserve: 0.0005  loss_equivariance: 0.0000  correction_scale: 0.1061  loss_correction_smoothness: 0.0001  loss_coarse: 0.0347  loss_boundary: 0.0521  loss_sdf: 0.0068  grad_norm: 1.8396
2026/09/26 23:13:54 - mmengine - INFO - Iter(train) [ 41950/100000]  base_lr: 3.7281e-04 lr: 3.7281e-05  eta: 11:41:09  time: 0.7258  data_time: 0.0160  memory: 11326  loss: 0.2556  loss_final: 0.0621  loss_rgb: 0.0715  loss_geometry: 0.0480  loss_reliability: 0.0123  loss_preserve: 0.0003  loss_equivariance: 0.0000  correction_scale: 0.1061  loss_correction_smoothness: 0.0001  loss_coarse: 0.0187  loss_boundary: 0.0400  loss_sdf: 0.0026  grad_norm: 1.7760
2026/09/26 23:14:30 - mmengine - INFO - Exp name: joint_20260926_115805
2026/09/26 23:14:30 - mmengine - INFO - Iter(train) [ 42000/100000]  base_lr: 3.7252e-04 lr: 3.7252e-05  eta: 11:40:33  time: 0.7252  data_time: 0.0159  memory: 11326  loss: 0.2986  loss_final: 0.0893  loss_rgb: 0.0708  loss_geometry: 0.0644  loss_reliability: 0.0069  loss_preserve: 0.0003  loss_equivariance: 0.0000  correction_scale: 0.1061  loss_correction_smoothness: 0.0001  loss_coarse: 0.0268  loss_boundary: 0.0358  loss_sdf: 0.0041  grad_norm: 1.3326
2026/09/26 23:14:30 - mmengine - INFO - Saving checkpoint at 42000 iterations
2026/09/26 23:15:36 - mmengine - INFO - Iter(val) [ 50/304]    eta: 0:05:23  time: 1.2649  data_time: 0.0208  memory: 1184  
2026/09/26 23:17:04 - mmengine - INFO - Iter(val) [100/304]    eta: 0:05:09  time: 1.7826  data_time: 0.0213  memory: 1184  
2026/09/26 23:18:29 - mmengine - INFO - Iter(val) [150/304]    eta: 0:04:02  time: 1.6841  data_time: 0.0200  memory: 1184  
2026/09/26 23:19:52 - mmengine - INFO - Iter(val) [200/304]    eta: 0:02:46  time: 1.6698  data_time: 0.0195  memory: 1184  
2026/09/26 23:21:16 - mmengine - INFO - Iter(val) [250/304]    eta: 0:01:27  time: 1.6961  data_time: 0.0199  memory: 1184  
2026/09/26 23:22:38 - mmengine - INFO - Iter(val) [300/304]    eta: 0:00:06  time: 1.5877  data_time: 0.0205  memory: 1184  
2026/09/26 23:22:45 - mmengine - INFO - per class results:
2026/09/26 23:22:45 - mmengine - INFO - 
+------------------+-------+-------+-------+--------+-----------+--------+
|      Class       |  IoU  |  Acc  |  Dice | Fscore | Precision | Recall |
+------------------+-------+-------+-------+--------+-----------+--------+
|    background    | 97.54 | 98.37 | 98.76 | 98.76  |   99.14   | 98.37  |
| wastewater_plant | 76.25 | 90.33 | 86.52 | 86.52  |   83.02   | 90.33  |
+------------------+-------+-------+-------+--------+-----------+--------+
2026/09/26 23:22:45 - mmengine - INFO - Iter(val) [304/304]    aAcc: 97.7200  mIoU: 86.9000  mAcc: 94.3500  mDice: 92.6400  mFscore: 92.6400  mPrecision: 91.0800  mRecall: 94.3500  binary/Foreground_IoU: 76.2482  binary/Dice: 86.5237  binary/F1: 86.5237  binary/Precision: 83.0249  binary/Recall: 90.3303  binary/Boundary_F1: 15.6658  binary/BFScore: 15.6658  binary/Boundary_Precision: 13.2898  binary/Boundary_Recall: 19.0764  binary/Hausdorff_px: 379.5135  binary/HD95_px: 270.1601  binary/Hausdorff_m: 189.7568  binary/HD95_m: 135.0800  data_time: 0.0225  time: 1.6227
2026/09/26 23:22:45 - mmengine - INFO - The previous best checkpoint /workspace/work_dirs/rpgv_v2_single_stage_fixed/single_stage/seed_42/progressive_rgr/joint/best_binary_Foreground_IoU_iter_36000.pth is removed
2026/09/26 23:22:46 - mmengine - INFO - The best checkpoint with 76.2482 binary/Foreground_IoU at 42000 iter is saved to best_binary_Foreground_IoU_iter_42000.pth.
2026/09/26 23:23:26 - mmengine - INFO - Iter(train) [ 42050/100000]  base_lr: 3.7223e-04 lr: 3.7223e-05  eta: 11:40:03  time: 0.7251  data_time: 0.0163  memory: 11326  loss: 0.2989  loss_final: 0.0623  loss_rgb: 0.0887  loss_geometry: 0.0606  loss_reliability: 0.0201  loss_preserve: 0.0004  loss_equivariance: 0.0000  correction_scale: 0.1061  loss_correction_smoothness: 0.0001  loss_coarse: 0.0187  loss_boundary: 0.0453  loss_sdf: 0.0027  grad_norm: 1.4888
2026/09/26 23:24:02 - mmengine - INFO - Iter(train) [ 42100/100000]  base_lr: 3.7194e-04 lr: 3.7194e-05  eta: 11:39:27  time: 0.7253  data_time: 0.0182  memory: 11326  loss: 0.1808  loss_final: 0.0400  loss_rgb: 0.0567  loss_geometry: 0.0296  loss_reliability: 0.0085  loss_preserve: 0.0005  loss_equivariance: 0.0000  correction_scale: 0.1062  loss_correction_smoothness: 0.0001  loss_coarse: 0.0120  loss_boundary: 0.0309  loss_sdf: 0.0023  grad_norm: 1.6226
2026/09/26 23:24:39 - mmengine - INFO - Iter(train) [ 42150/100000]  base_lr: 3.7165e-04 lr: 3.7165e-05  eta: 11:38:51  time: 0.7383  data_time: 0.0167  memory: 11326  loss: 0.3027  loss_final: 0.0984  loss_rgb: 0.0777  loss_geometry: 0.0512  loss_reliability: 0.0053  loss_preserve: 0.0003  loss_equivariance: 0.0000  correction_scale: 0.1063  loss_correction_smoothness: 0.0001  loss_coarse: 0.0296  loss_boundary: 0.0358  loss_sdf: 0.0044  grad_norm: 1.4129
2026/09/26 23:25:15 - mmengine - INFO - Iter(train) [ 42200/100000]  base_lr: 3.7136e-04 lr: 3.7136e-05  eta: 11:38:15  time: 0.7361  data_time: 0.0170  memory: 11326  loss: 0.3070  loss_final: 0.0862  loss_rgb: 0.0690  loss_geometry: 0.0695  loss_reliability: 0.0105  loss_preserve: 0.0003  loss_equivariance: 0.0000  correction_scale: 0.1063  loss_correction_smoothness: 0.0001  loss_coarse: 0.0259  loss_boundary: 0.0415  loss_sdf: 0.0040  grad_norm: 1.6381
2026/09/26 23:25:52 - mmengine - INFO - Iter(train) [ 42250/100000]  base_lr: 3.7107e-04 lr: 3.7107e-05  eta: 11:37:39  time: 0.7187  data_time: 0.0167  memory: 11326  loss: 0.3407  loss_final: 0.1088  loss_rgb: 0.0727  loss_geometry: 0.0669  loss_reliability: 0.0145  loss_preserve: 0.0003  loss_equivariance: 0.0000  correction_scale: 0.1063  loss_correction_smoothness: 0.0001  loss_coarse: 0.0327  loss_boundary: 0.0417  loss_sdf: 0.0030  grad_norm: 1.7041
2026/09/26 23:26:28 - mmengine - INFO - Iter(train) [ 42300/100000]  base_lr: 3.7078e-04 lr: 3.7078e-05  eta: 11:37:03  time: 0.7261  data_time: 0.0168  memory: 11326  loss: 0.2869  loss_final: 0.0724  loss_rgb: 0.0864  loss_geometry: 0.0516  loss_reliability: 0.0039  loss_preserve: 0.0007  loss_equivariance: 0.0000  correction_scale: 0.1062  loss_correction_smoothness: 0.0002  loss_coarse: 0.0218  loss_boundary: 0.0460  loss_sdf: 0.0039  grad_norm: 1.6532
2026/09/26 23:27:05 - mmengine - INFO - Iter(train) [ 42350/100000]  base_lr: 3.7049e-04 lr: 3.7049e-05  eta: 11:36:27  time: 0.7240  data_time: 0.0159  memory: 11326  loss: 0.3805  loss_final: 0.1103  loss_rgb: 0.0889  loss_geometry: 0.0848  loss_reliability: 0.0093  loss_preserve: 0.0006  loss_equivariance: 0.0000  correction_scale: 0.1062  loss_correction_smoothness: 0.0002  loss_coarse: 0.0332  loss_boundary: 0.0474  loss_sdf: 0.0058  grad_norm: 1.9571
2026/09/26 23:27:41 - mmengine - INFO - Iter(train) [ 42400/100000]  base_lr: 3.7021e-04 lr: 3.7021e-05  eta: 11:35:51  time: 0.7372  data_time: 0.0165  memory: 11326  loss: 0.3387  loss_final: 0.0846  loss_rgb: 0.0955  loss_geometry: 0.0648  loss_reliability: 0.0137  loss_preserve: 0.0003  loss_equivariance: 0.0000  correction_scale: 0.1063  loss_correction_smoothness: 0.0001  loss_coarse: 0.0255  loss_boundary: 0.0505  loss_sdf: 0.0037  grad_norm: 1.8212
2026/09/26 23:28:17 - mmengine - INFO - Iter(train) [ 42450/100000]  base_lr: 3.6992e-04 lr: 3.6992e-05  eta: 11:35:15  time: 0.7194  data_time: 0.0165  memory: 11326  loss: 0.3851  loss_final: 0.1435  loss_rgb: 0.0888  loss_geometry: 0.0510  loss_reliability: 0.0106  loss_preserve: 0.0006  loss_equivariance: 0.0000  correction_scale: 0.1063  loss_correction_smoothness: 0.0002  loss_coarse: 0.0431  loss_boundary: 0.0416  loss_sdf: 0.0056  grad_norm: 1.3474
2026/09/26 23:28:54 - mmengine - INFO - Iter(train) [ 42500/100000]  base_lr: 3.6963e-04 lr: 3.6963e-05  eta: 11:34:38  time: 0.7305  data_time: 0.0155  memory: 11326  loss: 0.3650  loss_final: 0.0993  loss_rgb: 0.0999  loss_geometry: 0.0658  loss_reliability: 0.0133  loss_preserve: 0.0004  loss_equivariance: 0.0000  correction_scale: 0.1063  loss_correction_smoothness: 0.0001  loss_coarse: 0.0299  loss_boundary: 0.0519  loss_sdf: 0.0043  grad_norm: 1.2659
2026/09/26 23:29:30 - mmengine - INFO - Iter(train) [ 42550/100000]  base_lr: 3.6934e-04 lr: 3.6934e-05  eta: 11:34:02  time: 0.7263  data_time: 0.0166  memory: 11326  loss: 0.3650  loss_final: 0.1011  loss_rgb: 0.1061  loss_geometry: 0.0679  loss_reliability: 0.0054  loss_preserve: 0.0006  loss_equivariance: 0.0000  correction_scale: 0.1063  loss_correction_smoothness: 0.0002  loss_coarse: 0.0304  loss_boundary: 0.0476  loss_sdf: 0.0056  grad_norm: 2.1905
2026/09/26 23:30:06 - mmengine - INFO - Iter(train) [ 42600/100000]  base_lr: 3.6905e-04 lr: 3.6905e-05  eta: 11:33:26  time: 0.7353  data_time: 0.0161  memory: 11326  loss: 0.3238  loss_final: 0.0849  loss_rgb: 0.0945  loss_geometry: 0.0633  loss_reliability: 0.0048  loss_preserve: 0.0004  loss_equivariance: 0.0000  correction_scale: 0.1063  loss_correction_smoothness: 0.0001  loss_coarse: 0.0255  loss_boundary: 0.0463  loss_sdf: 0.0040  grad_norm: 1.7446
2026/09/26 23:30:42 - mmengine - INFO - Iter(train) [ 42650/100000]  base_lr: 3.6876e-04 lr: 3.6876e-05  eta: 11:32:50  time: 0.7216  data_time: 0.0157  memory: 11326  loss: 0.2729  loss_final: 0.0676  loss_rgb: 0.0792  loss_geometry: 0.0383  loss_reliability: 0.0203  loss_preserve: 0.0005  loss_equivariance: 0.0000  correction_scale: 0.1063  loss_correction_smoothness: 0.0001  loss_coarse: 0.0203  loss_boundary: 0.0422  loss_sdf: 0.0044  grad_norm: 1.7616
2026/09/26 23:31:18 - mmengine - INFO - Iter(train) [ 42700/100000]  base_lr: 3.6847e-04 lr: 3.6847e-05  eta: 11:32:13  time: 0.7380  data_time: 0.0166  memory: 11326  loss: 0.3884  loss_final: 0.1147  loss_rgb: 0.1004  loss_geometry: 0.0593  loss_reliability: 0.0203  loss_preserve: 0.0007  loss_equivariance: 0.0000  correction_scale: 0.1063  loss_correction_smoothness: 0.0002  loss_coarse: 0.0345  loss_boundary: 0.0518  loss_sdf: 0.0064  grad_norm: 2.2043
2026/09/26 23:31:55 - mmengine - INFO - Iter(train) [ 42750/100000]  base_lr: 3.6818e-04 lr: 3.6818e-05  eta: 11:31:37  time: 0.7354  data_time: 0.0176  memory: 11326  loss: 0.4137  loss_final: 0.1314  loss_rgb: 0.1013  loss_geometry: 0.0690  loss_reliability: 0.0136  loss_preserve: 0.0006  loss_equivariance: 0.0000  correction_scale: 0.1064  loss_correction_smoothness: 0.0002  loss_coarse: 0.0395  loss_boundary: 0.0518  loss_sdf: 0.0062  grad_norm: 2.5206
2026/09/26 23:32:31 - mmengine - INFO - Iter(train) [ 42800/100000]  base_lr: 3.6789e-04 lr: 3.6789e-05  eta: 11:31:01  time: 0.7234  data_time: 0.0163  memory: 11326  loss: 0.3958  loss_final: 0.1647  loss_rgb: 0.0682  loss_geometry: 0.0640  loss_reliability: 0.0096  loss_preserve: 0.0005  loss_equivariance: 0.0000  correction_scale: 0.1064  loss_correction_smoothness: 0.0001  loss_coarse: 0.0494  loss_boundary: 0.0315  loss_sdf: 0.0077  grad_norm: 1.7293
2026/09/26 23:33:08 - mmengine - INFO - Iter(train) [ 42850/100000]  base_lr: 3.6760e-04 lr: 3.6760e-05  eta: 11:30:25  time: 0.7202  data_time: 0.0183  memory: 11326  loss: 0.2484  loss_final: 0.0810  loss_rgb: 0.0594  loss_geometry: 0.0343  loss_reliability: 0.0134  loss_preserve: 0.0003  loss_equivariance: 0.0000  correction_scale: 0.1064  loss_correction_smoothness: 0.0001  loss_coarse: 0.0243  loss_boundary: 0.0313  loss_sdf: 0.0042  grad_norm: 1.5155
2026/09/26 23:33:44 - mmengine - INFO - Iter(train) [ 42900/100000]  base_lr: 3.6731e-04 lr: 3.6731e-05  eta: 11:29:49  time: 0.7119  data_time: 0.0168  memory: 11326  loss: 0.2168  loss_final: 0.0425  loss_rgb: 0.0548  loss_geometry: 0.0467  loss_reliability: 0.0211  loss_preserve: 0.0004  loss_equivariance: 0.0000  correction_scale: 0.1065  loss_correction_smoothness: 0.0001  loss_coarse: 0.0128  loss_boundary: 0.0359  loss_sdf: 0.0025  grad_norm: 1.9210
2026/09/26 23:34:20 - mmengine - INFO - Iter(train) [ 42950/100000]  base_lr: 3.6702e-04 lr: 3.6702e-05  eta: 11:29:13  time: 0.7244  data_time: 0.0171  memory: 11326  loss: 0.3279  loss_final: 0.0942  loss_rgb: 0.0928  loss_geometry: 0.0513  loss_reliability: 0.0101  loss_preserve: 0.0005  loss_equivariance: 0.0000  correction_scale: 0.1065  loss_correction_smoothness: 0.0002  loss_coarse: 0.0283  loss_boundary: 0.0467  loss_sdf: 0.0037  grad_norm: 1.6391
2026/09/26 23:34:57 - mmengine - INFO - Exp name: joint_20260926_115805
2026/09/26 23:34:57 - mmengine - INFO - Iter(train) [ 43000/100000]  base_lr: 3.6673e-04 lr: 3.6673e-05  eta: 11:28:37  time: 0.7434  data_time: 0.0158  memory: 11326  loss: 0.3545  loss_final: 0.0781  loss_rgb: 0.0993  loss_geometry: 0.0611  loss_reliability: 0.0352  loss_preserve: 0.0004  loss_equivariance: 0.0000  correction_scale: 0.1065  loss_correction_smoothness: 0.0001  loss_coarse: 0.0235  loss_boundary: 0.0523  loss_sdf: 0.0043  grad_norm: 1.8061
2026/09/26 23:35:33 - mmengine - INFO - Iter(train) [ 43050/100000]  base_lr: 3.6644e-04 lr: 3.6644e-05  eta: 11:28:01  time: 0.7256  data_time: 0.0167  memory: 11326  loss: 0.4557  loss_final: 0.1451  loss_rgb: 0.1055  loss_geometry: 0.0901  loss_reliability: 0.0113  loss_preserve: 0.0004  loss_equivariance: 0.0000  correction_scale: 0.1065  loss_correction_smoothness: 0.0001  loss_coarse: 0.0436  loss_boundary: 0.0518  loss_sdf: 0.0077  grad_norm: 2.2727
2026/09/26 23:36:09 - mmengine - INFO - Iter(train) [ 43100/100000]  base_lr: 3.6615e-04 lr: 3.6615e-05  eta: 11:27:24  time: 0.7239  data_time: 0.0165  memory: 11326  loss: 0.3878  loss_final: 0.1242  loss_rgb: 0.0940  loss_geometry: 0.0627  loss_reliability: 0.0194  loss_preserve: 0.0004  loss_equivariance: 0.0000  correction_scale: 0.1066  loss_correction_smoothness: 0.0001  loss_coarse: 0.0373  loss_boundary: 0.0458  loss_sdf: 0.0039  grad_norm: 1.8044
2026/09/26 23:36:46 - mmengine - INFO - Iter(train) [ 43150/100000]  base_lr: 3.6586e-04 lr: 3.6586e-05  eta: 11:26:48  time: 0.7229  data_time: 0.0160  memory: 11326  loss: 0.2312  loss_final: 0.0472  loss_rgb: 0.0731  loss_geometry: 0.0481  loss_reliability: 0.0037  loss_preserve: 0.0004  loss_equivariance: 0.0000  correction_scale: 0.1066  loss_correction_smoothness: 0.0001  loss_coarse: 0.0142  loss_boundary: 0.0416  loss_sdf: 0.0027  grad_norm: 1.5102
2026/09/26 23:37:22 - mmengine - INFO - Iter(train) [ 43200/100000]  base_lr: 3.6557e-04 lr: 3.6557e-05  eta: 11:26:12  time: 0.7370  data_time: 0.0158  memory: 11326  loss: 0.3645  loss_final: 0.0802  loss_rgb: 0.0985  loss_geometry: 0.0896  loss_reliability: 0.0161  loss_preserve: 0.0003  loss_equivariance: 0.0000  correction_scale: 0.1066  loss_correction_smoothness: 0.0001  loss_coarse: 0.0241  loss_boundary: 0.0512  loss_sdf: 0.0044  grad_norm: 1.8994
2026/09/26 23:37:58 - mmengine - INFO - Iter(train) [ 43250/100000]  base_lr: 3.6529e-04 lr: 3.6529e-05  eta: 11:25:36  time: 0.7250  data_time: 0.0160  memory: 11326  loss: 0.2727  loss_final: 0.0712  loss_rgb: 0.0699  loss_geometry: 0.0514  loss_reliability: 0.0122  loss_preserve: 0.0006  loss_equivariance: 0.0000  correction_scale: 0.1068  loss_correction_smoothness: 0.0002  loss_coarse: 0.0214  loss_boundary: 0.0415  loss_sdf: 0.0042  grad_norm: 1.8953
2026/09/26 23:38:34 - mmengine - INFO - Iter(train) [ 43300/100000]  base_lr: 3.6500e-04 lr: 3.6500e-05  eta: 11:25:00  time: 0.7234  data_time: 0.0162  memory: 11326  loss: 0.4049  loss_final: 0.1491  loss_rgb: 0.0907  loss_geometry: 0.0627  loss_reliability: 0.0030  loss_preserve: 0.0005  loss_equivariance: 0.0000  correction_scale: 0.1068  loss_correction_smoothness: 0.0001  loss_coarse: 0.0448  loss_boundary: 0.0464  loss_sdf: 0.0076  grad_norm: 1.6811
2026/09/26 23:39:11 - mmengine - INFO - Iter(train) [ 43350/100000]  base_lr: 3.6471e-04 lr: 3.6471e-05  eta: 11:24:24  time: 0.7259  data_time: 0.0159  memory: 11326  loss: 0.3342  loss_final: 0.0724  loss_rgb: 0.1021  loss_geometry: 0.0777  loss_reliability: 0.0091  loss_preserve: 0.0003  loss_equivariance: 0.0000  correction_scale: 0.1068  loss_correction_smoothness: 0.0001  loss_coarse: 0.0218  loss_boundary: 0.0467  loss_sdf: 0.0039  grad_norm: 1.6709
2026/09/26 23:39:47 - mmengine - INFO - Iter(train) [ 43400/100000]  base_lr: 3.6442e-04 lr: 3.6442e-05  eta: 11:23:47  time: 0.7229  data_time: 0.0162  memory: 11326  loss: 0.2031  loss_final: 0.0423  loss_rgb: 0.0591  loss_geometry: 0.0475  loss_reliability: 0.0082  loss_preserve: 0.0003  loss_equivariance: 0.0000  correction_scale: 0.1069  loss_correction_smoothness: 0.0001  loss_coarse: 0.0127  loss_boundary: 0.0305  loss_sdf: 0.0025  grad_norm: 1.6765
2026/09/26 23:40:23 - mmengine - INFO - Iter(train) [ 43450/100000]  base_lr: 3.6413e-04 lr: 3.6413e-05  eta: 11:23:11  time: 0.7173  data_time: 0.0160  memory: 11326  loss: 0.3582  loss_final: 0.1106  loss_rgb: 0.0892  loss_geometry: 0.0597  loss_reliability: 0.0170  loss_preserve: 0.0005  loss_equivariance: 0.0000  correction_scale: 0.1069  loss_correction_smoothness: 0.0001  loss_coarse: 0.0332  loss_boundary: 0.0418  loss_sdf: 0.0060  grad_norm: 1.8771
2026/09/26 23:40:59 - mmengine - INFO - Iter(train) [ 43500/100000]  base_lr: 3.6384e-04 lr: 3.6384e-05  eta: 11:22:34  time: 0.7189  data_time: 0.0158  memory: 11326  loss: 0.3622  loss_final: 0.1076  loss_rgb: 0.0888  loss_geometry: 0.0568  loss_reliability: 0.0275  loss_preserve: 0.0004  loss_equivariance: 0.0000  correction_scale: 0.1069  loss_correction_smoothness: 0.0001  loss_coarse: 0.0316  loss_boundary: 0.0434  loss_sdf: 0.0059  grad_norm: 2.1665
2026/09/26 23:41:36 - mmengine - INFO - Iter(train) [ 43550/100000]  base_lr: 3.6355e-04 lr: 3.6355e-05  eta: 11:21:58  time: 0.7239  data_time: 0.0161  memory: 11326  loss: 0.2992  loss_final: 0.0651  loss_rgb: 0.0806  loss_geometry: 0.0756  loss_reliability: 0.0139  loss_preserve: 0.0004  loss_equivariance: 0.0000  correction_scale: 0.1069  loss_correction_smoothness: 0.0001  loss_coarse: 0.0196  loss_boundary: 0.0407  loss_sdf: 0.0032  grad_norm: 2.5283
2026/09/26 23:42:12 - mmengine - INFO - Iter(train) [ 43600/100000]  base_lr: 3.6326e-04 lr: 3.6326e-05  eta: 11:21:22  time: 0.7363  data_time: 0.0167  memory: 11304  loss: 0.2748  loss_final: 0.0714  loss_rgb: 0.0822  loss_geometry: 0.0485  loss_reliability: 0.0047  loss_preserve: 0.0006  loss_equivariance: 0.0000  correction_scale: 0.1070  loss_correction_smoothness: 0.0001  loss_coarse: 0.0215  loss_boundary: 0.0422  loss_sdf: 0.0036  grad_norm: 1.9918
2026/09/26 23:42:48 - mmengine - INFO - Iter(train) [ 43650/100000]  base_lr: 3.6297e-04 lr: 3.6297e-05  eta: 11:20:46  time: 0.7306  data_time: 0.0172  memory: 11326  loss: 0.3178  loss_final: 0.0689  loss_rgb: 0.0988  loss_geometry: 0.0635  loss_reliability: 0.0091  loss_preserve: 0.0006  loss_equivariance: 0.0000  correction_scale: 0.1070  loss_correction_smoothness: 0.0002  loss_coarse: 0.0207  loss_boundary: 0.0522  loss_sdf: 0.0039  grad_norm: 1.4762
2026/09/26 23:43:24 - mmengine - INFO - Iter(train) [ 43700/100000]  base_lr: 3.6268e-04 lr: 3.6268e-05  eta: 11:20:10  time: 0.7144  data_time: 0.0194  memory: 11326  loss: 0.2255  loss_final: 0.0541  loss_rgb: 0.0691  loss_geometry: 0.0431  loss_reliability: 0.0043  loss_preserve: 0.0004  loss_equivariance: 0.0000  correction_scale: 0.1070  loss_correction_smoothness: 0.0001  loss_coarse: 0.0163  loss_boundary: 0.0360  loss_sdf: 0.0021  grad_norm: 1.9229
2026/09/26 23:44:01 - mmengine - INFO - Iter(train) [ 43750/100000]  base_lr: 3.6239e-04 lr: 3.6239e-05  eta: 11:19:34  time: 0.7289  data_time: 0.0165  memory: 11326  loss: 0.2942  loss_final: 0.0634  loss_rgb: 0.0828  loss_geometry: 0.0549  loss_reliability: 0.0250  loss_preserve: 0.0003  loss_equivariance: 0.0000  correction_scale: 0.1071  loss_correction_smoothness: 0.0001  loss_coarse: 0.0191  loss_boundary: 0.0457  loss_sdf: 0.0028  grad_norm: 2.0198
2026/09/26 23:44:37 - mmengine - INFO - Iter(train) [ 43800/100000]  base_lr: 3.6210e-04 lr: 3.6210e-05  eta: 11:18:58  time: 0.7375  data_time: 0.0170  memory: 11326  loss: 0.2727  loss_final: 0.0573  loss_rgb: 0.0929  loss_geometry: 0.0451  loss_reliability: 0.0105  loss_preserve: 0.0004  loss_equivariance: 0.0000  correction_scale: 0.1071  loss_correction_smoothness: 0.0001  loss_coarse: 0.0173  loss_boundary: 0.0464  loss_sdf: 0.0027  grad_norm: 2.1388
2026/09/26 23:45:14 - mmengine - INFO - Iter(train) [ 43850/100000]  base_lr: 3.6181e-04 lr: 3.6181e-05  eta: 11:18:22  time: 0.7276  data_time: 0.0163  memory: 11326  loss: 0.3934  loss_final: 0.1041  loss_rgb: 0.1039  loss_geometry: 0.0764  loss_reliability: 0.0191  loss_preserve: 0.0004  loss_equivariance: 0.0000  correction_scale: 0.1071  loss_correction_smoothness: 0.0001  loss_coarse: 0.0313  loss_boundary: 0.0516  loss_sdf: 0.0065  grad_norm: 2.1220
2026/09/26 23:45:50 - mmengine - INFO - Iter(train) [ 43900/100000]  base_lr: 3.6152e-04 lr: 3.6152e-05  eta: 11:17:46  time: 0.7223  data_time: 0.0155  memory: 11326  loss: 0.2778  loss_final: 0.0511  loss_rgb: 0.0765  loss_geometry: 0.0792  loss_reliability: 0.0107  loss_preserve: 0.0005  loss_equivariance: 0.0000  correction_scale: 0.1072  loss_correction_smoothness: 0.0002  loss_coarse: 0.0153  loss_boundary: 0.0418  loss_sdf: 0.0026  grad_norm: 1.3749
2026/09/26 23:46:26 - mmengine - INFO - Iter(train) [ 43950/100000]  base_lr: 3.6123e-04 lr: 3.6123e-05  eta: 11:17:09  time: 0.7239  data_time: 0.0158  memory: 11326  loss: 0.3480  loss_final: 0.0832  loss_rgb: 0.0978  loss_geometry: 0.0771  loss_reliability: 0.0101  loss_preserve: 0.0004  loss_equivariance: 0.0000  correction_scale: 0.1072  loss_correction_smoothness: 0.0001  loss_coarse: 0.0250  loss_boundary: 0.0508  loss_sdf: 0.0034  grad_norm: 1.2714
2026/09/26 23:47:02 - mmengine - INFO - Exp name: joint_20260926_115805
2026/09/26 23:47:02 - mmengine - INFO - Iter(train) [ 44000/100000]  base_lr: 3.6094e-04 lr: 3.6094e-05  eta: 11:16:33  time: 0.7283  data_time: 0.0160  memory: 11326  loss: 0.3143  loss_final: 0.1063  loss_rgb: 0.0750  loss_geometry: 0.0582  loss_reliability: 0.0039  loss_preserve: 0.0003  loss_equivariance: 0.0000  correction_scale: 0.1072  loss_correction_smoothness: 0.0001  loss_coarse: 0.0319  loss_boundary: 0.0359  loss_sdf: 0.0027  grad_norm: 1.4555
2026/09/26 23:47:02 - mmengine - INFO - Saving checkpoint at 44000 iterations
2026/09/26 23:48:08 - mmengine - INFO - Iter(val) [ 50/304]    eta: 0:05:23  time: 1.2668  data_time: 0.0194  memory: 1184  
2026/09/26 23:49:36 - mmengine - INFO - Iter(val) [100/304]    eta: 0:05:10  time: 1.7245  data_time: 0.0220  memory: 1184  
2026/09/26 23:51:02 - mmengine - INFO - Iter(val) [150/304]    eta: 0:04:03  time: 1.6762  data_time: 0.0203  memory: 1184  
2026/09/26 23:52:26 - mmengine - INFO - Iter(val) [200/304]    eta: 0:02:47  time: 1.6765  data_time: 0.0199  memory: 1184  
2026/09/26 23:53:49 - mmengine - INFO - Iter(val) [250/304]    eta: 0:01:27  time: 1.6718  data_time: 0.0204  memory: 1184  
2026/09/26 23:55:10 - mmengine - INFO - Iter(val) [300/304]    eta: 0:00:06  time: 1.6122  data_time: 0.0203  memory: 1184  
2026/09/26 23:55:17 - mmengine - INFO - per class results:
2026/09/26 23:55:17 - mmengine - INFO - 
+------------------+-------+-------+-------+--------+-----------+--------+
|      Class       |  IoU  |  Acc  |  Dice | Fscore | Precision | Recall |
+------------------+-------+-------+-------+--------+-----------+--------+
|    background    | 97.34 |  98.1 | 98.65 | 98.65  |   99.22   |  98.1  |
| wastewater_plant | 74.99 | 91.21 | 85.71 | 85.71  |   80.83   | 91.21  |
+------------------+-------+-------+-------+--------+-----------+--------+
2026/09/26 23:55:17 - mmengine - INFO - Iter(val) [304/304]    aAcc: 97.5400  mIoU: 86.1600  mAcc: 94.6500  mDice: 92.1800  mFscore: 92.1800  mPrecision: 90.0200  mRecall: 94.6500  binary/Foreground_IoU: 74.9864  binary/Dice: 85.7054  binary/F1: 85.7054  binary/Precision: 80.8300  binary/Recall: 91.2067  binary/Boundary_F1: 15.5525  binary/BFScore: 15.5525  binary/Boundary_Precision: 12.7193  binary/Boundary_Recall: 20.0097  binary/Hausdorff_px: 398.4222  binary/HD95_px: 316.3198  binary/Hausdorff_m: 199.2111  binary/HD95_m: 158.1599  data_time: 0.0227  time: 1.6219
2026/09/26 23:55:53 - mmengine - INFO - Iter(train) [ 44050/100000]  base_lr: 3.6065e-04 lr: 3.6065e-05  eta: 11:15:57  time: 0.7284  data_time: 0.0171  memory: 11326  loss: 0.3844  loss_final: 0.1081  loss_rgb: 0.0909  loss_geometry: 0.0865  loss_reliability: 0.0099  loss_preserve: 0.0004  loss_equivariance: 0.0000  correction_scale: 0.1072  loss_correction_smoothness: 0.0001  loss_coarse: 0.0325  loss_boundary: 0.0501  loss_sdf: 0.0058  grad_norm: 2.0948
2026/09/26 23:56:30 - mmengine - INFO - Iter(train) [ 44100/100000]  base_lr: 3.6036e-04 lr: 3.6036e-05  eta: 11:15:21  time: 0.7246  data_time: 0.0165  memory: 11326  loss: 0.4228  loss_final: 0.1533  loss_rgb: 0.0858  loss_geometry: 0.0784  loss_reliability: 0.0049  loss_preserve: 0.0002  loss_equivariance: 0.0000  correction_scale: 0.1072  loss_correction_smoothness: 0.0000  loss_coarse: 0.0460  loss_boundary: 0.0460  loss_sdf: 0.0082  grad_norm: 1.9922
2026/09/26 23:57:06 - mmengine - INFO - Iter(train) [ 44150/100000]  base_lr: 3.6007e-04 lr: 3.6007e-05  eta: 11:14:45  time: 0.7261  data_time: 0.0176  memory: 11326  loss: 0.3048  loss_final: 0.0748  loss_rgb: 0.0955  loss_geometry: 0.0493  loss_reliability: 0.0120  loss_preserve: 0.0005  loss_equivariance: 0.0000  correction_scale: 0.1072  loss_correction_smoothness: 0.0002  loss_coarse: 0.0225  loss_boundary: 0.0463  loss_sdf: 0.0037  grad_norm: 2.1593
2026/09/26 23:57:43 - mmengine - INFO - Iter(train) [ 44200/100000]  base_lr: 3.5978e-04 lr: 3.5978e-05  eta: 11:14:09  time: 0.7324  data_time: 0.0160  memory: 11326  loss: 0.3524  loss_final: 0.0995  loss_rgb: 0.0953  loss_geometry: 0.0522  loss_reliability: 0.0228  loss_preserve: 0.0005  loss_equivariance: 0.0000  correction_scale: 0.1072  loss_correction_smoothness: 0.0002  loss_coarse: 0.0299  loss_boundary: 0.0467  loss_sdf: 0.0053  grad_norm: 1.8386
2026/09/26 23:58:19 - mmengine - INFO - Iter(train) [ 44250/100000]  base_lr: 3.5949e-04 lr: 3.5949e-05  eta: 11:13:33  time: 0.7195  data_time: 0.0157  memory: 11326  loss: 0.3235  loss_final: 0.1143  loss_rgb: 0.0712  loss_geometry: 0.0489  loss_reliability: 0.0054  loss_preserve: 0.0004  loss_equivariance: 0.0000  correction_scale: 0.1073  loss_correction_smoothness: 0.0001  loss_coarse: 0.0344  loss_boundary: 0.0424  loss_sdf: 0.0065  grad_norm: 1.9842
2026/09/26 23:58:55 - mmengine - INFO - Iter(train) [ 44300/100000]  base_lr: 3.5920e-04 lr: 3.5920e-05  eta: 11:12:56  time: 0.7118  data_time: 0.0162  memory: 11326  loss: 0.2290  loss_final: 0.0436  loss_rgb: 0.0681  loss_geometry: 0.0585  loss_reliability: 0.0112  loss_preserve: 0.0003  loss_equivariance: 0.0000  correction_scale: 0.1073  loss_correction_smoothness: 0.0001  loss_coarse: 0.0131  loss_boundary: 0.0317  loss_sdf: 0.0024  grad_norm: 1.7798
2026/09/26 23:59:32 - mmengine - INFO - Iter(train) [ 44350/100000]  base_lr: 3.5891e-04 lr: 3.5891e-05  eta: 11:12:20  time: 0.7234  data_time: 0.0157  memory: 11326  loss: 0.3343  loss_final: 0.0767  loss_rgb: 0.1008  loss_geometry: 0.0613  loss_reliability: 0.0204  loss_preserve: 0.0006  loss_equivariance: 0.0000  correction_scale: 0.1074  loss_correction_smoothness: 0.0002  loss_coarse: 0.0231  loss_boundary: 0.0469  loss_sdf: 0.0042  grad_norm: 1.6352
2026/09/27 00:00:08 - mmengine - INFO - Iter(train) [ 44400/100000]  base_lr: 3.5862e-04 lr: 3.5862e-05  eta: 11:11:44  time: 0.7299  data_time: 0.0173  memory: 11326  loss: 0.3118  loss_final: 0.0942  loss_rgb: 0.0630  loss_geometry: 0.0502  loss_reliability: 0.0322  loss_preserve: 0.0004  loss_equivariance: 0.0000  correction_scale: 0.1074  loss_correction_smoothness: 0.0001  loss_coarse: 0.0283  loss_boundary: 0.0402  loss_sdf: 0.0033  grad_norm: 1.4779
2026/09/27 00:00:44 - mmengine - INFO - Iter(train) [ 44450/100000]  base_lr: 3.5833e-04 lr: 3.5833e-05  eta: 11:11:08  time: 0.7218  data_time: 0.0171  memory: 11326  loss: 0.2993  loss_final: 0.0881  loss_rgb: 0.0710  loss_geometry: 0.0645  loss_reliability: 0.0083  loss_preserve: 0.0003  loss_equivariance: 0.0000  correction_scale: 0.1074  loss_correction_smoothness: 0.0001  loss_coarse: 0.0265  loss_boundary: 0.0364  loss_sdf: 0.0043  grad_norm: 1.5621
2026/09/27 00:01:20 - mmengine - INFO - Iter(train) [ 44500/100000]  base_lr: 3.5804e-04 lr: 3.5804e-05  eta: 11:10:31  time: 0.7212  data_time: 0.0159  memory: 11326  loss: 0.3961  loss_final: 0.1200  loss_rgb: 0.0801  loss_geometry: 0.0744  loss_reliability: 0.0292  loss_preserve: 0.0005  loss_equivariance: 0.0000  correction_scale: 0.1074  loss_correction_smoothness: 0.0002  loss_coarse: 0.0360  loss_boundary: 0.0516  loss_sdf: 0.0041  grad_norm: 1.3335
2026/09/27 00:01:57 - mmengine - INFO - Iter(train) [ 44550/100000]  base_lr: 3.5775e-04 lr: 3.5775e-05  eta: 11:09:55  time: 0.7437  data_time: 0.0167  memory: 11326  loss: 0.4140  loss_final: 0.1096  loss_rgb: 0.1068  loss_geometry: 0.0726  loss_reliability: 0.0327  loss_preserve: 0.0003  loss_equivariance: 0.0000  correction_scale: 0.1074  loss_correction_smoothness: 0.0001  loss_coarse: 0.0329  loss_boundary: 0.0528  loss_sdf: 0.0063  grad_norm: 1.6865
2026/09/27 00:02:33 - mmengine - INFO - Iter(train) [ 44600/100000]  base_lr: 3.5746e-04 lr: 3.5746e-05  eta: 11:09:19  time: 0.7254  data_time: 0.0159  memory: 11326  loss: 0.2520  loss_final: 0.0641  loss_rgb: 0.0665  loss_geometry: 0.0529  loss_reliability: 0.0107  loss_preserve: 0.0004  loss_equivariance: 0.0000  correction_scale: 0.1074  loss_correction_smoothness: 0.0001  loss_coarse: 0.0193  loss_boundary: 0.0355  loss_sdf: 0.0025  grad_norm: 1.3680
2026/09/27 00:03:09 - mmengine - INFO - Iter(train) [ 44650/100000]  base_lr: 3.5716e-04 lr: 3.5716e-05  eta: 11:08:43  time: 0.7227  data_time: 0.0171  memory: 11326  loss: 0.3413  loss_final: 0.1009  loss_rgb: 0.0788  loss_geometry: 0.0657  loss_reliability: 0.0188  loss_preserve: 0.0003  loss_equivariance: 0.0000  correction_scale: 0.1074  loss_correction_smoothness: 0.0001  loss_coarse: 0.0303  loss_boundary: 0.0409  loss_sdf: 0.0055  grad_norm: 1.5669
2026/09/27 00:03:45 - mmengine - INFO - Iter(train) [ 44700/100000]  base_lr: 3.5687e-04 lr: 3.5687e-05  eta: 11:08:07  time: 0.7227  data_time: 0.0154  memory: 11326  loss: 0.3760  loss_final: 0.1150  loss_rgb: 0.0940  loss_geometry: 0.0699  loss_reliability: 0.0104  loss_preserve: 0.0005  loss_equivariance: 0.0000  correction_scale: 0.1074  loss_correction_smoothness: 0.0001  loss_coarse: 0.0346  loss_boundary: 0.0467  loss_sdf: 0.0048  grad_norm: 1.8395
2026/09/27 00:04:22 - mmengine - INFO - Iter(train) [ 44750/100000]  base_lr: 3.5658e-04 lr: 3.5658e-05  eta: 11:07:31  time: 0.7250  data_time: 0.0154  memory: 11326  loss: 0.2783  loss_final: 0.0491  loss_rgb: 0.0946  loss_geometry: 0.0538  loss_reliability: 0.0168  loss_preserve: 0.0003  loss_equivariance: 0.0000  correction_scale: 0.1075  loss_correction_smoothness: 0.0001  loss_coarse: 0.0148  loss_boundary: 0.0466  loss_sdf: 0.0022  grad_norm: 2.0337
2026/09/27 00:04:58 - mmengine - INFO - Iter(train) [ 44800/100000]  base_lr: 3.5629e-04 lr: 3.5629e-05  eta: 11:06:55  time: 0.7366  data_time: 0.0170  memory: 11326  loss: 0.5115  loss_final: 0.1851  loss_rgb: 0.1035  loss_geometry: 0.0909  loss_reliability: 0.0171  loss_preserve: 0.0003  loss_equivariance: 0.0000  correction_scale: 0.1075  loss_correction_smoothness: 0.0001  loss_coarse: 0.0556  loss_boundary: 0.0511  loss_sdf: 0.0078  grad_norm: 1.5138
2026/09/27 00:05:34 - mmengine - INFO - Iter(train) [ 44850/100000]  base_lr: 3.5600e-04 lr: 3.5600e-05  eta: 11:06:18  time: 0.7173  data_time: 0.0164  memory: 11326  loss: 0.3679  loss_final: 0.1380  loss_rgb: 0.0764  loss_geometry: 0.0611  loss_reliability: 0.0059  loss_preserve: 0.0003  loss_equivariance: 0.0000  correction_scale: 0.1075  loss_correction_smoothness: 0.0001  loss_coarse: 0.0414  loss_boundary: 0.0400  loss_sdf: 0.0045  grad_norm: 1.6375
2026/09/27 00:06:11 - mmengine - INFO - Iter(train) [ 44900/100000]  base_lr: 3.5571e-04 lr: 3.5571e-05  eta: 11:05:42  time: 0.7365  data_time: 0.0166  memory: 11326  loss: 0.3711  loss_final: 0.1088  loss_rgb: 0.1008  loss_geometry: 0.0592  loss_reliability: 0.0099  loss_preserve: 0.0005  loss_equivariance: 0.0000  correction_scale: 0.1075  loss_correction_smoothness: 0.0001  loss_coarse: 0.0327  loss_boundary: 0.0525  loss_sdf: 0.0065  grad_norm: 2.3800
2026/09/27 00:06:47 - mmengine - INFO - Iter(train) [ 44950/100000]  base_lr: 3.5542e-04 lr: 3.5542e-05  eta: 11:05:06  time: 0.7206  data_time: 0.0168  memory: 11326  loss: 0.2537  loss_final: 0.0653  loss_rgb: 0.0689  loss_geometry: 0.0452  loss_reliability: 0.0139  loss_preserve: 0.0007  loss_equivariance: 0.0000  correction_scale: 0.1075  loss_correction_smoothness: 0.0002  loss_coarse: 0.0196  loss_boundary: 0.0364  loss_sdf: 0.0034  grad_norm: 1.9580
2026/09/27 00:07:24 - mmengine - INFO - Exp name: joint_20260926_115805
2026/09/27 00:07:24 - mmengine - INFO - Iter(train) [ 45000/100000]  base_lr: 3.5513e-04 lr: 3.5513e-05  eta: 11:04:30  time: 0.7405  data_time: 0.0164  memory: 11326  loss: 0.3044  loss_final: 0.0744  loss_rgb: 0.0911  loss_geometry: 0.0573  loss_reliability: 0.0045  loss_preserve: 0.0004  loss_equivariance: 0.0000  correction_scale: 0.1075  loss_correction_smoothness: 0.0001  loss_coarse: 0.0224  loss_boundary: 0.0508  loss_sdf: 0.0033  grad_norm: 1.6561
2026/09/27 00:08:00 - mmengine - INFO - Iter(train) [ 45050/100000]  base_lr: 3.5484e-04 lr: 3.5484e-05  eta: 11:03:54  time: 0.7284  data_time: 0.0165  memory: 11326  loss: 0.3332  loss_final: 0.1004  loss_rgb: 0.0916  loss_geometry: 0.0488  loss_reliability: 0.0065  loss_preserve: 0.0007  loss_equivariance: 0.0000  correction_scale: 0.1075  loss_correction_smoothness: 0.0002  loss_coarse: 0.0302  loss_boundary: 0.0501  loss_sdf: 0.0047  grad_norm: 1.5116
2026/09/27 00:08:37 - mmengine - INFO - Iter(train) [ 45100/100000]  base_lr: 3.5455e-04 lr: 3.5455e-05  eta: 11:03:18  time: 0.7296  data_time: 0.0168  memory: 11326  loss: 0.3353  loss_final: 0.0961  loss_rgb: 0.0907  loss_geometry: 0.0581  loss_reliability: 0.0094  loss_preserve: 0.0005  loss_equivariance: 0.0000  correction_scale: 0.1074  loss_correction_smoothness: 0.0001  loss_coarse: 0.0289  loss_boundary: 0.0466  loss_sdf: 0.0049  grad_norm: 1.6600
2026/09/27 00:09:13 - mmengine - INFO - Iter(train) [ 45150/100000]  base_lr: 3.5426e-04 lr: 3.5426e-05  eta: 11:02:42  time: 0.7349  data_time: 0.0171  memory: 11326  loss: 0.2836  loss_final: 0.0748  loss_rgb: 0.0777  loss_geometry: 0.0502  loss_reliability: 0.0092  loss_preserve: 0.0004  loss_equivariance: 0.0000  correction_scale: 0.1074  loss_correction_smoothness: 0.0001  loss_coarse: 0.0225  loss_boundary: 0.0455  loss_sdf: 0.0031  grad_norm: 1.4241
2026/09/27 00:09:50 - mmengine - INFO - Iter(train) [ 45200/100000]  base_lr: 3.5397e-04 lr: 3.5397e-05  eta: 11:02:06  time: 0.7368  data_time: 0.0164  memory: 11326  loss: 0.3290  loss_final: 0.0873  loss_rgb: 0.0938  loss_geometry: 0.0660  loss_reliability: 0.0036  loss_preserve: 0.0003  loss_equivariance: 0.0000  correction_scale: 0.1075  loss_correction_smoothness: 0.0001  loss_coarse: 0.0263  loss_boundary: 0.0471  loss_sdf: 0.0046  grad_norm: 1.2258
2026/09/27 00:10:26 - mmengine - INFO - Iter(train) [ 45250/100000]  base_lr: 3.5368e-04 lr: 3.5368e-05  eta: 11:01:30  time: 0.7224  data_time: 0.0165  memory: 11326  loss: 0.3515  loss_final: 0.1209  loss_rgb: 0.0908  loss_geometry: 0.0409  loss_reliability: 0.0104  loss_preserve: 0.0004  loss_equivariance: 0.0000  correction_scale: 0.1075  loss_correction_smoothness: 0.0001  loss_coarse: 0.0363  loss_boundary: 0.0463  loss_sdf: 0.0054  grad_norm: 1.3749
2026/09/27 00:11:02 - mmengine - INFO - Iter(train) [ 45300/100000]  base_lr: 3.5339e-04 lr: 3.5339e-05  eta: 11:00:54  time: 0.7322  data_time: 0.0168  memory: 11326  loss: 0.3779  loss_final: 0.1118  loss_rgb: 0.0830  loss_geometry: 0.0887  loss_reliability: 0.0065  loss_preserve: 0.0006  loss_equivariance: 0.0000  correction_scale: 0.1075  loss_correction_smoothness: 0.0002  loss_coarse: 0.0336  loss_boundary: 0.0465  loss_sdf: 0.0071  grad_norm: 2.2559
2026/09/27 00:11:39 - mmengine - INFO - Iter(train) [ 45350/100000]  base_lr: 3.5310e-04 lr: 3.5310e-05  eta: 11:00:18  time: 0.7251  data_time: 0.0167  memory: 11326  loss: 0.3597  loss_final: 0.1072  loss_rgb: 0.0926  loss_geometry: 0.0631  loss_reliability: 0.0065  loss_preserve: 0.0003  loss_equivariance: 0.0000  correction_scale: 0.1075  loss_correction_smoothness: 0.0001  loss_coarse: 0.0322  loss_boundary: 0.0519  loss_sdf: 0.0057  grad_norm: 2.3686
2026/09/27 00:12:15 - mmengine - INFO - Iter(train) [ 45400/100000]  base_lr: 3.5281e-04 lr: 3.5281e-05  eta: 10:59:42  time: 0.7206  data_time: 0.0161  memory: 11326  loss: 0.1952  loss_final: 0.0472  loss_rgb: 0.0481  loss_geometry: 0.0357  loss_reliability: 0.0164  loss_preserve: 0.0003  loss_equivariance: 0.0000  correction_scale: 0.1075  loss_correction_smoothness: 0.0001  loss_coarse: 0.0142  loss_boundary: 0.0306  loss_sdf: 0.0025  grad_norm: 2.6287
2026/09/27 00:12:51 - mmengine - INFO - Iter(train) [ 45450/100000]  base_lr: 3.5252e-04 lr: 3.5252e-05  eta: 10:59:05  time: 0.7059  data_time: 0.0167  memory: 11326  loss: 0.2856  loss_final: 0.1057  loss_rgb: 0.0590  loss_geometry: 0.0445  loss_reliability: 0.0063  loss_preserve: 0.0008  loss_equivariance: 0.0000  correction_scale: 0.1076  loss_correction_smoothness: 0.0002  loss_coarse: 0.0317  loss_boundary: 0.0309  loss_sdf: 0.0064  grad_norm: 1.7737
2026/09/27 00:13:28 - mmengine - INFO - Iter(train) [ 45500/100000]  base_lr: 3.5222e-04 lr: 3.5222e-05  eta: 10:58:29  time: 0.7255  data_time: 0.0163  memory: 11326  loss: 0.2957  loss_final: 0.0813  loss_rgb: 0.0764  loss_geometry: 0.0527  loss_reliability: 0.0129  loss_preserve: 0.0006  loss_equivariance: 0.0000  correction_scale: 0.1076  loss_correction_smoothness: 0.0002  loss_coarse: 0.0245  loss_boundary: 0.0415  loss_sdf: 0.0056  grad_norm: 1.5682
2026/09/27 00:14:04 - mmengine - INFO - Iter(train) [ 45550/100000]  base_lr: 3.5193e-04 lr: 3.5193e-05  eta: 10:57:53  time: 0.7120  data_time: 0.0161  memory: 11326  loss: 0.2763  loss_final: 0.0547  loss_rgb: 0.0799  loss_geometry: 0.0722  loss_reliability: 0.0144  loss_preserve: 0.0004  loss_equivariance: 0.0000  correction_scale: 0.1077  loss_correction_smoothness: 0.0001  loss_coarse: 0.0165  loss_boundary: 0.0353  loss_sdf: 0.0029  grad_norm: 3.1055
2026/09/27 00:14:40 - mmengine - INFO - Iter(train) [ 45600/100000]  base_lr: 3.5164e-04 lr: 3.5164e-05  eta: 10:57:17  time: 0.7320  data_time: 0.0164  memory: 11326  loss: 0.2996  loss_final: 0.0979  loss_rgb: 0.0779  loss_geometry: 0.0406  loss_reliability: 0.0067  loss_preserve: 0.0006  loss_equivariance: 0.0000  correction_scale: 0.1077  loss_correction_smoothness: 0.0002  loss_coarse: 0.0294  loss_boundary: 0.0413  loss_sdf: 0.0050  grad_norm: 3.1398
2026/09/27 00:15:16 - mmengine - INFO - Iter(train) [ 45650/100000]  base_lr: 3.5135e-04 lr: 3.5135e-05  eta: 10:56:40  time: 0.7317  data_time: 0.0171  memory: 11326  loss: 0.4071  loss_final: 0.1151  loss_rgb: 0.1138  loss_geometry: 0.0780  loss_reliability: 0.0065  loss_preserve: 0.0005  loss_equivariance: 0.0000  correction_scale: 0.1077  loss_correction_smoothness: 0.0001  loss_coarse: 0.0346  loss_boundary: 0.0526  loss_sdf: 0.0059  grad_norm: 2.1619
2026/09/27 00:15:52 - mmengine - INFO - Iter(train) [ 45700/100000]  base_lr: 3.5106e-04 lr: 3.5106e-05  eta: 10:56:04  time: 0.7248  data_time: 0.0168  memory: 11326  loss: 0.3108  loss_final: 0.0928  loss_rgb: 0.0796  loss_geometry: 0.0549  loss_reliability: 0.0088  loss_preserve: 0.0003  loss_equivariance: 0.0000  correction_scale: 0.1077  loss_correction_smoothness: 0.0001  loss_coarse: 0.0279  loss_boundary: 0.0406  loss_sdf: 0.0059  grad_norm: 1.9443
2026/09/27 00:16:29 - mmengine - INFO - Iter(train) [ 45750/100000]  base_lr: 3.5077e-04 lr: 3.5077e-05  eta: 10:55:28  time: 0.7568  data_time: 0.0167  memory: 11326  loss: 0.3629  loss_final: 0.1042  loss_rgb: 0.0899  loss_geometry: 0.0752  loss_reliability: 0.0040  loss_preserve: 0.0006  loss_equivariance: 0.0000  correction_scale: 0.1077  loss_correction_smoothness: 0.0002  loss_coarse: 0.0313  loss_boundary: 0.0522  loss_sdf: 0.0053  grad_norm: 1.5055
2026/09/27 00:17:05 - mmengine - INFO - Iter(train) [ 45800/100000]  base_lr: 3.5048e-04 lr: 3.5048e-05  eta: 10:54:52  time: 0.7345  data_time: 0.0158  memory: 11326  loss: 0.3499  loss_final: 0.1131  loss_rgb: 0.0835  loss_geometry: 0.0651  loss_reliability: 0.0047  loss_preserve: 0.0007  loss_equivariance: 0.0000  correction_scale: 0.1077  loss_correction_smoothness: 0.0002  loss_coarse: 0.0340  loss_boundary: 0.0417  loss_sdf: 0.0070  grad_norm: 1.8255
2026/09/27 00:17:41 - mmengine - INFO - Iter(train) [ 45850/100000]  base_lr: 3.5019e-04 lr: 3.5019e-05  eta: 10:54:15  time: 0.7147  data_time: 0.0179  memory: 11326  loss: 0.2220  loss_final: 0.0495  loss_rgb: 0.0628  loss_geometry: 0.0494  loss_reliability: 0.0105  loss_preserve: 0.0006  loss_equivariance: 0.0000  correction_scale: 0.1078  loss_correction_smoothness: 0.0002  loss_coarse: 0.0149  loss_boundary: 0.0313  loss_sdf: 0.0027  grad_norm: 1.6112
2026/09/27 00:18:18 - mmengine - INFO - Iter(train) [ 45900/100000]  base_lr: 3.4990e-04 lr: 3.4990e-05  eta: 10:53:39  time: 0.7180  data_time: 0.0163  memory: 11326  loss: 0.2795  loss_final: 0.0640  loss_rgb: 0.0807  loss_geometry: 0.0495  loss_reliability: 0.0202  loss_preserve: 0.0004  loss_equivariance: 0.0000  correction_scale: 0.1078  loss_correction_smoothness: 0.0001  loss_coarse: 0.0193  loss_boundary: 0.0415  loss_sdf: 0.0037  grad_norm: 1.5944
2026/09/27 00:18:54 - mmengine - INFO - Iter(train) [ 45950/100000]  base_lr: 3.4961e-04 lr: 3.4961e-05  eta: 10:53:03  time: 0.7124  data_time: 0.0166  memory: 11326  loss: 0.2307  loss_final: 0.0538  loss_rgb: 0.0676  loss_geometry: 0.0334  loss_reliability: 0.0207  loss_preserve: 0.0004  loss_equivariance: 0.0000  correction_scale: 0.1079  loss_correction_smoothness: 0.0001  loss_coarse: 0.0162  loss_boundary: 0.0361  loss_sdf: 0.0024  grad_norm: 1.3950
2026/09/27 00:19:30 - mmengine - INFO - Exp name: joint_20260926_115805
2026/09/27 00:19:30 - mmengine - INFO - Iter(train) [ 46000/100000]  base_lr: 3.4931e-04 lr: 3.4931e-05  eta: 10:52:27  time: 0.7522  data_time: 0.0173  memory: 11326  loss: 0.3535  loss_final: 0.0985  loss_rgb: 0.0980  loss_geometry: 0.0624  loss_reliability: 0.0060  loss_preserve: 0.0006  loss_equivariance: 0.0000  correction_scale: 0.1079  loss_correction_smoothness: 0.0002  loss_coarse: 0.0296  loss_boundary: 0.0522  loss_sdf: 0.0060  grad_norm: 1.2424
2026/09/27 00:19:30 - mmengine - INFO - Saving checkpoint at 46000 iterations
2026/09/27 00:20:36 - mmengine - INFO - Iter(val) [ 50/304]    eta: 0:05:25  time: 1.2663  data_time: 0.0209  memory: 1184  
2026/09/27 00:22:05 - mmengine - INFO - Iter(val) [100/304]    eta: 0:05:12  time: 1.7320  data_time: 0.0206  memory: 1184  
2026/09/27 00:23:30 - mmengine - INFO - Iter(val) [150/304]    eta: 0:04:03  time: 1.6900  data_time: 0.0205  memory: 1184  
2026/09/27 00:24:54 - mmengine - INFO - Iter(val) [200/304]    eta: 0:02:47  time: 1.6913  data_time: 0.0209  memory: 1184  
2026/09/27 00:26:16 - mmengine - INFO - Iter(val) [250/304]    eta: 0:01:27  time: 1.6681  data_time: 0.0196  memory: 1184  
2026/09/27 00:27:38 - mmengine - INFO - Iter(val) [300/304]    eta: 0:00:06  time: 1.6499  data_time: 0.0216  memory: 1184  
2026/09/27 00:27:45 - mmengine - INFO - per class results:
2026/09/27 00:27:45 - mmengine - INFO - 
+------------------+-------+-------+-------+--------+-----------+--------+
|      Class       |  IoU  |  Acc  |  Dice | Fscore | Precision | Recall |
+------------------+-------+-------+-------+--------+-----------+--------+
|    background    | 97.48 | 98.22 | 98.73 | 98.73  |   99.24   | 98.22  |
| wastewater_plant | 76.05 | 91.45 |  86.4 |  86.4  |   81.87   | 91.45  |
+------------------+-------+-------+-------+--------+-----------+--------+
2026/09/27 00:27:45 - mmengine - INFO - Iter(val) [304/304]    aAcc: 97.6700  mIoU: 86.7700  mAcc: 94.8300  mDice: 92.5600  mFscore: 92.5600  mPrecision: 90.5600  mRecall: 94.8300  binary/Foreground_IoU: 76.0520  binary/Dice: 86.3972  binary/F1: 86.3972  binary/Precision: 81.8711  binary/Recall: 91.4530  binary/Boundary_F1: 15.1173  binary/BFScore: 15.1173  binary/Boundary_Precision: 12.7236  binary/Boundary_Recall: 18.6204  binary/Hausdorff_px: 404.9641  binary/HD95_px: 311.4698  binary/Hausdorff_m: 202.4821  binary/HD95_m: 155.7349  data_time: 0.0231  time: 1.6219
2026/09/27 00:28:21 - mmengine - INFO - Iter(train) [ 46050/100000]  base_lr: 3.4902e-04 lr: 3.4902e-05  eta: 10:51:51  time: 0.7278  data_time: 0.0173  memory: 11326  loss: 0.3270  loss_final: 0.0911  loss_rgb: 0.0910  loss_geometry: 0.0574  loss_reliability: 0.0091  loss_preserve: 0.0003  loss_equivariance: 0.0000  correction_scale: 0.1079  loss_correction_smoothness: 0.0001  loss_coarse: 0.0274  loss_boundary: 0.0465  loss_sdf: 0.0040  grad_norm: 1.3433
2026/09/27 00:28:58 - mmengine - INFO - Iter(train) [ 46100/100000]  base_lr: 3.4873e-04 lr: 3.4873e-05  eta: 10:51:15  time: 0.7297  data_time: 0.0164  memory: 11326  loss: 0.3761  loss_final: 0.1169  loss_rgb: 0.0887  loss_geometry: 0.0712  loss_reliability: 0.0171  loss_preserve: 0.0003  loss_equivariance: 0.0000  correction_scale: 0.1079  loss_correction_smoothness: 0.0001  loss_coarse: 0.0351  loss_boundary: 0.0405  loss_sdf: 0.0062  grad_norm: 2.1760
2026/09/27 00:29:34 - mmengine - INFO - Iter(train) [ 46150/100000]  base_lr: 3.4844e-04 lr: 3.4844e-05  eta: 10:50:39  time: 0.7227  data_time: 0.0160  memory: 11326  loss: 0.3093  loss_final: 0.0670  loss_rgb: 0.0858  loss_geometry: 0.0733  loss_reliability: 0.0183  loss_preserve: 0.0005  loss_equivariance: 0.0000  correction_scale: 0.1080  loss_correction_smoothness: 0.0002  loss_coarse: 0.0202  loss_boundary: 0.0412  loss_sdf: 0.0028  grad_norm: 1.8093
2026/09/27 00:30:11 - mmengine - INFO - Iter(train) [ 46200/100000]  base_lr: 3.4815e-04 lr: 3.4815e-05  eta: 10:50:03  time: 0.7361  data_time: 0.0163  memory: 11326  loss: 0.3712  loss_final: 0.1164  loss_rgb: 0.0940  loss_geometry: 0.0670  loss_reliability: 0.0032  loss_preserve: 0.0006  loss_equivariance: 0.0000  correction_scale: 0.1080  loss_correction_smoothness: 0.0002  loss_coarse: 0.0350  loss_boundary: 0.0507  loss_sdf: 0.0041  grad_norm: 5.1485
2026/09/27 00:30:47 - mmengine - INFO - Iter(train) [ 46250/100000]  base_lr: 3.4786e-04 lr: 3.4786e-05  eta: 10:49:26  time: 0.7286  data_time: 0.0168  memory: 11326  loss: 0.3667  loss_final: 0.0878  loss_rgb: 0.1029  loss_geometry: 0.0802  loss_reliability: 0.0189  loss_preserve: 0.0005  loss_equivariance: 0.0000  correction_scale: 0.1080  loss_correction_smoothness: 0.0001  loss_coarse: 0.0264  loss_boundary: 0.0460  loss_sdf: 0.0039  grad_norm: 1.4845
2026/09/27 00:31:23 - mmengine - INFO - Iter(train) [ 46300/100000]  base_lr: 3.4757e-04 lr: 3.4757e-05  eta: 10:48:50  time: 0.7282  data_time: 0.0170  memory: 11326  loss: 0.3430  loss_final: 0.0970  loss_rgb: 0.0855  loss_geometry: 0.0551  loss_reliability: 0.0237  loss_preserve: 0.0007  loss_equivariance: 0.0000  correction_scale: 0.1081  loss_correction_smoothness: 0.0002  loss_coarse: 0.0292  loss_boundary: 0.0466  loss_sdf: 0.0049  grad_norm: 1.5883
2026/09/27 00:31:59 - mmengine - INFO - Iter(train) [ 46350/100000]  base_lr: 3.4728e-04 lr: 3.4728e-05  eta: 10:48:14  time: 0.7283  data_time: 0.0176  memory: 11326  loss: 0.3219  loss_final: 0.0889  loss_rgb: 0.0911  loss_geometry: 0.0641  loss_reliability: 0.0027  loss_preserve: 0.0005  loss_equivariance: 0.0000  correction_scale: 0.1081  loss_correction_smoothness: 0.0001  loss_coarse: 0.0267  loss_boundary: 0.0427  loss_sdf: 0.0050  grad_norm: 1.5793
2026/09/27 00:32:36 - mmengine - INFO - Iter(train) [ 46400/100000]  base_lr: 3.4699e-04 lr: 3.4699e-05  eta: 10:47:38  time: 0.7292  data_time: 0.0160  memory: 11326  loss: 0.3560  loss_final: 0.1170  loss_rgb: 0.0754  loss_geometry: 0.0700  loss_reliability: 0.0080  loss_preserve: 0.0005  loss_equivariance: 0.0000  correction_scale: 0.1081  loss_correction_smoothness: 0.0001  loss_coarse: 0.0352  loss_boundary: 0.0422  loss_sdf: 0.0076  grad_norm: 1.7934
2026/09/27 00:33:12 - mmengine - INFO - Iter(train) [ 46450/100000]  base_lr: 3.4669e-04 lr: 3.4669e-05  eta: 10:47:02  time: 0.7209  data_time: 0.0159  memory: 11326  loss: 0.3529  loss_final: 0.1052  loss_rgb: 0.0934  loss_geometry: 0.0627  loss_reliability: 0.0065  loss_preserve: 0.0004  loss_equivariance: 0.0000  correction_scale: 0.1081  loss_correction_smoothness: 0.0001  loss_coarse: 0.0316  loss_boundary: 0.0466  loss_sdf: 0.0061  grad_norm: 1.7712
2026/09/27 00:33:48 - mmengine - INFO - Iter(train) [ 46500/100000]  base_lr: 3.4640e-04 lr: 3.4640e-05  eta: 10:46:25  time: 0.7232  data_time: 0.0162  memory: 11326  loss: 0.2993  loss_final: 0.0629  loss_rgb: 0.0914  loss_geometry: 0.0685  loss_reliability: 0.0070  loss_preserve: 0.0004  loss_equivariance: 0.0000  correction_scale: 0.1081  loss_correction_smoothness: 0.0001  loss_coarse: 0.0189  loss_boundary: 0.0467  loss_sdf: 0.0033  grad_norm: 1.6010
2026/09/27 00:34:24 - mmengine - INFO - Iter(train) [ 46550/100000]  base_lr: 3.4611e-04 lr: 3.4611e-05  eta: 10:45:49  time: 0.7185  data_time: 0.0156  memory: 11326  loss: 0.2448  loss_final: 0.0539  loss_rgb: 0.0752  loss_geometry: 0.0536  loss_reliability: 0.0067  loss_preserve: 0.0005  loss_equivariance: 0.0000  correction_scale: 0.1081  loss_correction_smoothness: 0.0002  loss_coarse: 0.0162  loss_boundary: 0.0360  loss_sdf: 0.0025  grad_norm: 1.3325
2026/09/27 00:35:01 - mmengine - INFO - Iter(train) [ 46600/100000]  base_lr: 3.4582e-04 lr: 3.4582e-05  eta: 10:45:13  time: 0.7345  data_time: 0.0168  memory: 11326  loss: 0.4696  loss_final: 0.1814  loss_rgb: 0.0957  loss_geometry: 0.0697  loss_reliability: 0.0091  loss_preserve: 0.0005  loss_equivariance: 0.0000  correction_scale: 0.1081  loss_correction_smoothness: 0.0001  loss_coarse: 0.0544  loss_boundary: 0.0518  loss_sdf: 0.0069  grad_norm: 1.7217
2026/09/27 00:35:37 - mmengine - INFO - Iter(train) [ 46650/100000]  base_lr: 3.4553e-04 lr: 3.4553e-05  eta: 10:44:36  time: 0.7346  data_time: 0.0174  memory: 11326  loss: 0.3937  loss_final: 0.1322  loss_rgb: 0.0925  loss_geometry: 0.0580  loss_reliability: 0.0111  loss_preserve: 0.0004  loss_equivariance: 0.0000  correction_scale: 0.1082  loss_correction_smoothness: 0.0001  loss_coarse: 0.0398  loss_boundary: 0.0521  loss_sdf: 0.0075  grad_norm: 1.8343
2026/09/27 00:36:13 - mmengine - INFO - Iter(train) [ 46700/100000]  base_lr: 3.4524e-04 lr: 3.4524e-05  eta: 10:44:00  time: 0.7284  data_time: 0.0158  memory: 11326  loss: 0.3347  loss_final: 0.0750  loss_rgb: 0.0896  loss_geometry: 0.0709  loss_reliability: 0.0259  loss_preserve: 0.0002  loss_equivariance: 0.0000  correction_scale: 0.1082  loss_correction_smoothness: 0.0001  loss_coarse: 0.0226  loss_boundary: 0.0467  loss_sdf: 0.0037  grad_norm: 1.4279
2026/09/27 00:36:50 - mmengine - INFO - Iter(train) [ 46750/100000]  base_lr: 3.4495e-04 lr: 3.4495e-05  eta: 10:43:24  time: 0.7398  data_time: 0.0178  memory: 11326  loss: 0.3007  loss_final: 0.0647  loss_rgb: 0.1025  loss_geometry: 0.0513  loss_reliability: 0.0079  loss_preserve: 0.0005  loss_equivariance: 0.0000  correction_scale: 0.1082  loss_correction_smoothness: 0.0002  loss_coarse: 0.0195  loss_boundary: 0.0510  loss_sdf: 0.0032  grad_norm: 1.2834
2026/09/27 00:37:26 - mmengine - INFO - Iter(train) [ 46800/100000]  base_lr: 3.4465e-04 lr: 3.4465e-05  eta: 10:42:48  time: 0.7340  data_time: 0.0164  memory: 11326  loss: 0.3000  loss_final: 0.0774  loss_rgb: 0.0838  loss_geometry: 0.0579  loss_reliability: 0.0103  loss_preserve: 0.0005  loss_equivariance: 0.0000  correction_scale: 0.1082  loss_correction_smoothness: 0.0002  loss_coarse: 0.0233  loss_boundary: 0.0421  loss_sdf: 0.0046  grad_norm: 1.7244
2026/09/27 00:38:02 - mmengine - INFO - Iter(train) [ 46850/100000]  base_lr: 3.4436e-04 lr: 3.4436e-05  eta: 10:42:12  time: 0.7193  data_time: 0.0177  memory: 11326  loss: 0.2680  loss_final: 0.0563  loss_rgb: 0.0700  loss_geometry: 0.0756  loss_reliability: 0.0055  loss_preserve: 0.0002  loss_equivariance: 0.0000  correction_scale: 0.1082  loss_correction_smoothness: 0.0001  loss_coarse: 0.0170  loss_boundary: 0.0415  loss_sdf: 0.0020  grad_norm: 1.4891
2026/09/27 00:38:39 - mmengine - INFO - Iter(train) [ 46900/100000]  base_lr: 3.4407e-04 lr: 3.4407e-05  eta: 10:41:36  time: 0.7261  data_time: 0.0160  memory: 11326  loss: 0.4170  loss_final: 0.1577  loss_rgb: 0.0956  loss_geometry: 0.0503  loss_reliability: 0.0144  loss_preserve: 0.0005  loss_equivariance: 0.0000  correction_scale: 0.1082  loss_correction_smoothness: 0.0001  loss_coarse: 0.0474  loss_boundary: 0.0465  loss_sdf: 0.0044  grad_norm: 1.4736
2026/09/27 00:39:15 - mmengine - INFO - Iter(train) [ 46950/100000]  base_lr: 3.4378e-04 lr: 3.4378e-05  eta: 10:40:59  time: 0.7090  data_time: 0.0168  memory: 11326  loss: 0.3114  loss_final: 0.0959  loss_rgb: 0.0713  loss_geometry: 0.0561  loss_reliability: 0.0243  loss_preserve: 0.0004  loss_equivariance: 0.0000  correction_scale: 0.1083  loss_correction_smoothness: 0.0001  loss_coarse: 0.0285  loss_boundary: 0.0319  loss_sdf: 0.0029  grad_norm: 1.7924
2026/09/27 00:39:51 - mmengine - INFO - Exp name: joint_20260926_115805
2026/09/27 00:39:51 - mmengine - INFO - Iter(train) [ 47000/100000]  base_lr: 3.4349e-04 lr: 3.4349e-05  eta: 10:40:23  time: 0.7380  data_time: 0.0158  memory: 11326  loss: 0.3869  loss_final: 0.1144  loss_rgb: 0.0999  loss_geometry: 0.0576  loss_reliability: 0.0219  loss_preserve: 0.0005  loss_equivariance: 0.0000  correction_scale: 0.1083  loss_correction_smoothness: 0.0002  loss_coarse: 0.0344  loss_boundary: 0.0522  loss_sdf: 0.0058  grad_norm: 1.2752
2026/09/27 00:40:27 - mmengine - INFO - Iter(train) [ 47050/100000]  base_lr: 3.4320e-04 lr: 3.4320e-05  eta: 10:39:47  time: 0.7182  data_time: 0.0157  memory: 11326  loss: 0.2983  loss_final: 0.0834  loss_rgb: 0.0766  loss_geometry: 0.0626  loss_reliability: 0.0032  loss_preserve: 0.0005  loss_equivariance: 0.0000  correction_scale: 0.1083  loss_correction_smoothness: 0.0002  loss_coarse: 0.0251  loss_boundary: 0.0417  loss_sdf: 0.0050  grad_norm: 1.5893
2026/09/27 00:41:04 - mmengine - INFO - Iter(train) [ 47100/100000]  base_lr: 3.4290e-04 lr: 3.4290e-05  eta: 10:39:11  time: 0.7221  data_time: 0.0159  memory: 11326  loss: 0.3759  loss_final: 0.1161  loss_rgb: 0.0886  loss_geometry: 0.0712  loss_reliability: 0.0129  loss_preserve: 0.0004  loss_equivariance: 0.0000  correction_scale: 0.1083  loss_correction_smoothness: 0.0001  loss_coarse: 0.0349  loss_boundary: 0.0466  loss_sdf: 0.0051  grad_norm: 1.7167
2026/09/27 00:41:40 - mmengine - INFO - Iter(train) [ 47150/100000]  base_lr: 3.4261e-04 lr: 3.4261e-05  eta: 10:38:34  time: 0.7259  data_time: 0.0176  memory: 11326  loss: 0.3093  loss_final: 0.0638  loss_rgb: 0.0963  loss_geometry: 0.0516  loss_reliability: 0.0292  loss_preserve: 0.0004  loss_equivariance: 0.0000  correction_scale: 0.1083  loss_correction_smoothness: 0.0001  loss_coarse: 0.0192  loss_boundary: 0.0465  loss_sdf: 0.0022  grad_norm: 2.0337
2026/09/27 00:42:16 - mmengine - INFO - Iter(train) [ 47200/100000]  base_lr: 3.4232e-04 lr: 3.4232e-05  eta: 10:37:58  time: 0.7293  data_time: 0.0171  memory: 11326  loss: 0.2639  loss_final: 0.0553  loss_rgb: 0.0747  loss_geometry: 0.0729  loss_reliability: 0.0033  loss_preserve: 0.0003  loss_equivariance: 0.0000  correction_scale: 0.1083  loss_correction_smoothness: 0.0001  loss_coarse: 0.0166  loss_boundary: 0.0378  loss_sdf: 0.0030  grad_norm: 1.5069
2026/09/27 00:42:53 - mmengine - INFO - Iter(train) [ 47250/100000]  base_lr: 3.4203e-04 lr: 3.4203e-05  eta: 10:37:22  time: 0.7339  data_time: 0.0176  memory: 11326  loss: 0.4478  loss_final: 0.1584  loss_rgb: 0.1073  loss_geometry: 0.0710  loss_reliability: 0.0029  loss_preserve: 0.0005  loss_equivariance: 0.0000  correction_scale: 0.1083  loss_correction_smoothness: 0.0001  loss_coarse: 0.0476  loss_boundary: 0.0528  loss_sdf: 0.0072  grad_norm: 1.5995
2026/09/27 00:43:29 - mmengine - INFO - Iter(train) [ 47300/100000]  base_lr: 3.4174e-04 lr: 3.4174e-05  eta: 10:36:46  time: 0.7379  data_time: 0.0161  memory: 11326  loss: 0.3547  loss_final: 0.0997  loss_rgb: 0.1043  loss_geometry: 0.0595  loss_reliability: 0.0032  loss_preserve: 0.0003  loss_equivariance: 0.0000  correction_scale: 0.1083  loss_correction_smoothness: 0.0001  loss_coarse: 0.0300  loss_boundary: 0.0523  loss_sdf: 0.0053  grad_norm: 1.6816
2026/09/27 00:44:06 - mmengine - INFO - Iter(train) [ 47350/100000]  base_lr: 3.4145e-04 lr: 3.4145e-05  eta: 10:36:10  time: 0.7321  data_time: 0.0171  memory: 11326  loss: 0.2611  loss_final: 0.0712  loss_rgb: 0.0780  loss_geometry: 0.0386  loss_reliability: 0.0064  loss_preserve: 0.0004  loss_equivariance: 0.0000  correction_scale: 0.1083  loss_correction_smoothness: 0.0001  loss_coarse: 0.0214  loss_boundary: 0.0404  loss_sdf: 0.0046  grad_norm: 1.1827
2026/09/27 00:44:42 - mmengine - INFO - Iter(train) [ 47400/100000]  base_lr: 3.4115e-04 lr: 3.4115e-05  eta: 10:35:34  time: 0.7359  data_time: 0.0175  memory: 11326  loss: 0.2862  loss_final: 0.0858  loss_rgb: 0.0711  loss_geometry: 0.0492  loss_reliability: 0.0076  loss_preserve: 0.0006  loss_equivariance: 0.0000  correction_scale: 0.1083  loss_correction_smoothness: 0.0002  loss_coarse: 0.0258  loss_boundary: 0.0412  loss_sdf: 0.0048  grad_norm: 1.4252
2026/09/27 00:45:18 - mmengine - INFO - Iter(train) [ 47450/100000]  base_lr: 3.4086e-04 lr: 3.4086e-05  eta: 10:34:58  time: 0.7223  data_time: 0.0167  memory: 11326  loss: 0.3689  loss_final: 0.1192  loss_rgb: 0.0878  loss_geometry: 0.0681  loss_reliability: 0.0087  loss_preserve: 0.0004  loss_equivariance: 0.0000  correction_scale: 0.1083  loss_correction_smoothness: 0.0001  loss_coarse: 0.0358  loss_boundary: 0.0411  loss_sdf: 0.0077  grad_norm: 1.5138
2026/09/27 00:45:55 - mmengine - INFO - Iter(train) [ 47500/100000]  base_lr: 3.4057e-04 lr: 3.4057e-05  eta: 10:34:22  time: 0.7299  data_time: 0.0177  memory: 11326  loss: 0.3622  loss_final: 0.0908  loss_rgb: 0.0952  loss_geometry: 0.0748  loss_reliability: 0.0191  loss_preserve: 0.0004  loss_equivariance: 0.0000  correction_scale: 0.1084  loss_correction_smoothness: 0.0001  loss_coarse: 0.0273  loss_boundary: 0.0506  loss_sdf: 0.0038  grad_norm: 1.5566
2026/09/27 00:46:31 - mmengine - INFO - Iter(train) [ 47550/100000]  base_lr: 3.4028e-04 lr: 3.4028e-05  eta: 10:33:46  time: 0.7330  data_time: 0.0170  memory: 11326  loss: 0.3438  loss_final: 0.1013  loss_rgb: 0.0968  loss_geometry: 0.0542  loss_reliability: 0.0044  loss_preserve: 0.0004  loss_equivariance: 0.0000  correction_scale: 0.1084  loss_correction_smoothness: 0.0001  loss_coarse: 0.0305  loss_boundary: 0.0516  loss_sdf: 0.0044  grad_norm: 1.6991
2026/09/27 00:47:08 - mmengine - INFO - Iter(train) [ 47600/100000]  base_lr: 3.3999e-04 lr: 3.3999e-05  eta: 10:33:10  time: 0.7368  data_time: 0.0170  memory: 11326  loss: 0.3711  loss_final: 0.1048  loss_rgb: 0.0898  loss_geometry: 0.0858  loss_reliability: 0.0119  loss_preserve: 0.0002  loss_equivariance: 0.0000  correction_scale: 0.1084  loss_correction_smoothness: 0.0001  loss_coarse: 0.0315  loss_boundary: 0.0413  loss_sdf: 0.0058  grad_norm: 1.8162
2026/09/27 00:47:44 - mmengine - INFO - Iter(train) [ 47650/100000]  base_lr: 3.3969e-04 lr: 3.3969e-05  eta: 10:32:34  time: 0.7308  data_time: 0.0163  memory: 11326  loss: 0.4599  loss_final: 0.1596  loss_rgb: 0.1082  loss_geometry: 0.0667  loss_reliability: 0.0188  loss_preserve: 0.0004  loss_equivariance: 0.0000  correction_scale: 0.1085  loss_correction_smoothness: 0.0001  loss_coarse: 0.0480  loss_boundary: 0.0514  loss_sdf: 0.0068  grad_norm: 1.8842
2026/09/27 00:48:20 - mmengine - INFO - Iter(train) [ 47700/100000]  base_lr: 3.3940e-04 lr: 3.3940e-05  eta: 10:31:57  time: 0.7185  data_time: 0.0157  memory: 11326  loss: 0.2955  loss_final: 0.0868  loss_rgb: 0.0692  loss_geometry: 0.0504  loss_reliability: 0.0206  loss_preserve: 0.0004  loss_equivariance: 0.0000  correction_scale: 0.1085  loss_correction_smoothness: 0.0001  loss_coarse: 0.0261  loss_boundary: 0.0368  loss_sdf: 0.0051  grad_norm: 1.8821
2026/09/27 00:48:57 - mmengine - INFO - Iter(train) [ 47750/100000]  base_lr: 3.3911e-04 lr: 3.3911e-05  eta: 10:31:21  time: 0.7248  data_time: 0.0177  memory: 11326  loss: 0.3298  loss_final: 0.1036  loss_rgb: 0.0813  loss_geometry: 0.0528  loss_reliability: 0.0120  loss_preserve: 0.0006  loss_equivariance: 0.0000  correction_scale: 0.1085  loss_correction_smoothness: 0.0002  loss_coarse: 0.0311  loss_boundary: 0.0418  loss_sdf: 0.0066  grad_norm: 1.6035
2026/09/27 00:49:33 - mmengine - INFO - Iter(train) [ 47800/100000]  base_lr: 3.3882e-04 lr: 3.3882e-05  eta: 10:30:45  time: 0.7301  data_time: 0.0166  memory: 11326  loss: 0.2216  loss_final: 0.0559  loss_rgb: 0.0645  loss_geometry: 0.0330  loss_reliability: 0.0119  loss_preserve: 0.0003  loss_equivariance: 0.0000  correction_scale: 0.1085  loss_correction_smoothness: 0.0001  loss_coarse: 0.0168  loss_boundary: 0.0362  loss_sdf: 0.0028  grad_norm: 1.9042
2026/09/27 00:50:10 - mmengine - INFO - Iter(train) [ 47850/100000]  base_lr: 3.3853e-04 lr: 3.3853e-05  eta: 10:30:09  time: 0.7289  data_time: 0.0194  memory: 11326  loss: 0.3116  loss_final: 0.0827  loss_rgb: 0.0890  loss_geometry: 0.0664  loss_reliability: 0.0031  loss_preserve: 0.0004  loss_equivariance: 0.0000  correction_scale: 0.1085  loss_correction_smoothness: 0.0001  loss_coarse: 0.0249  loss_boundary: 0.0413  loss_sdf: 0.0036  grad_norm: 1.4498
2026/09/27 00:50:46 - mmengine - INFO - Iter(train) [ 47900/100000]  base_lr: 3.3823e-04 lr: 3.3823e-05  eta: 10:29:33  time: 0.7184  data_time: 0.0159  memory: 11326  loss: 0.2023  loss_final: 0.0437  loss_rgb: 0.0671  loss_geometry: 0.0361  loss_reliability: 0.0040  loss_preserve: 0.0004  loss_equivariance: 0.0000  correction_scale: 0.1085  loss_correction_smoothness: 0.0001  loss_coarse: 0.0131  loss_boundary: 0.0355  loss_sdf: 0.0024  grad_norm: 1.3255
2026/09/27 00:51:22 - mmengine - INFO - Iter(train) [ 47950/100000]  base_lr: 3.3794e-04 lr: 3.3794e-05  eta: 10:28:56  time: 0.7197  data_time: 0.0179  memory: 11326  loss: 0.2710  loss_final: 0.0758  loss_rgb: 0.0699  loss_geometry: 0.0487  loss_reliability: 0.0141  loss_preserve: 0.0003  loss_equivariance: 0.0000  correction_scale: 0.1086  loss_correction_smoothness: 0.0001  loss_coarse: 0.0228  loss_boundary: 0.0360  loss_sdf: 0.0034  grad_norm: 1.3506
2026/09/27 00:51:58 - mmengine - INFO - Exp name: joint_20260926_115805
2026/09/27 00:51:58 - mmengine - INFO - Iter(train) [ 48000/100000]  base_lr: 3.3765e-04 lr: 3.3765e-05  eta: 10:28:20  time: 0.7360  data_time: 0.0167  memory: 11326  loss: 0.3987  loss_final: 0.1336  loss_rgb: 0.0939  loss_geometry: 0.0568  loss_reliability: 0.0184  loss_preserve: 0.0005  loss_equivariance: 0.0000  correction_scale: 0.1086  loss_correction_smoothness: 0.0001  loss_coarse: 0.0400  loss_boundary: 0.0509  loss_sdf: 0.0046  grad_norm: 1.3985
2026/09/27 00:51:58 - mmengine - INFO - Saving checkpoint at 48000 iterations
2026/09/27 00:53:04 - mmengine - INFO - Iter(val) [ 50/304]    eta: 0:05:23  time: 1.2653  data_time: 0.0205  memory: 1184  
2026/09/27 00:54:33 - mmengine - INFO - Iter(val) [100/304]    eta: 0:05:10  time: 1.7331  data_time: 0.0213  memory: 1184  
2026/09/27 00:55:57 - mmengine - INFO - Iter(val) [150/304]    eta: 0:04:03  time: 1.6492  data_time: 0.0197  memory: 1184  
2026/09/27 00:57:20 - mmengine - INFO - Iter(val) [200/304]    eta: 0:02:46  time: 1.6616  data_time: 0.0218  memory: 1184  
2026/09/27 00:58:43 - mmengine - INFO - Iter(val) [250/304]    eta: 0:01:26  time: 1.6523  data_time: 0.0204  memory: 1184  
2026/09/27 01:00:04 - mmengine - INFO - Iter(val) [300/304]    eta: 0:00:06  time: 1.5872  data_time: 0.0203  memory: 1184  
2026/09/27 01:00:11 - mmengine - INFO - per class results:
2026/09/27 01:00:11 - mmengine - INFO - 
+------------------+-------+-------+-------+--------+-----------+--------+
|      Class       |  IoU  |  Acc  |  Dice | Fscore | Precision | Recall |
+------------------+-------+-------+-------+--------+-----------+--------+
|    background    | 97.63 | 98.54 |  98.8 |  98.8  |   99.06   | 98.54  |
| wastewater_plant | 76.66 | 89.39 | 86.79 | 86.79  |   84.34   | 89.39  |
+------------------+-------+-------+-------+--------+-----------+--------+
2026/09/27 01:00:11 - mmengine - INFO - Iter(val) [304/304]    aAcc: 97.8000  mIoU: 87.1400  mAcc: 93.9600  mDice: 92.7900  mFscore: 92.7900  mPrecision: 91.7000  mRecall: 93.9600  binary/Foreground_IoU: 76.6634  binary/Dice: 86.7904  binary/F1: 86.7904  binary/Precision: 84.3371  binary/Recall: 89.3907  binary/Boundary_F1: 16.8465  binary/BFScore: 16.8465  binary/Boundary_Precision: 14.3898  binary/Boundary_Recall: 20.3146  binary/Hausdorff_px: 369.7842  binary/HD95_px: 269.5618  binary/Hausdorff_m: 184.8921  binary/HD95_m: 134.7809  data_time: 0.0229  time: 1.6142
2026/09/27 01:00:11 - mmengine - INFO - The previous best checkpoint /workspace/work_dirs/rpgv_v2_single_stage_fixed/single_stage/seed_42/progressive_rgr/joint/best_binary_Foreground_IoU_iter_42000.pth is removed
2026/09/27 01:00:12 - mmengine - INFO - The best checkpoint with 76.6634 binary/Foreground_IoU at 48000 iter is saved to best_binary_Foreground_IoU_iter_48000.pth.
2026/09/27 01:00:51 - mmengine - INFO - Iter(train) [ 48050/100000]  base_lr: 3.3736e-04 lr: 3.3736e-05  eta: 10:27:49  time: 0.7219  data_time: 0.0169  memory: 11326  loss: 0.2804  loss_final: 0.0824  loss_rgb: 0.0672  loss_geometry: 0.0512  loss_reliability: 0.0089  loss_preserve: 0.0003  loss_equivariance: 0.0000  correction_scale: 0.1086  loss_correction_smoothness: 0.0001  loss_coarse: 0.0248  loss_boundary: 0.0402  loss_sdf: 0.0053  grad_norm: 1.5410
2026/09/27 01:01:28 - mmengine - INFO - Iter(train) [ 48100/100000]  base_lr: 3.3706e-04 lr: 3.3706e-05  eta: 10:27:13  time: 0.7239  data_time: 0.0173  memory: 11326  loss: 0.2780  loss_final: 0.0694  loss_rgb: 0.0682  loss_geometry: 0.0664  loss_reliability: 0.0123  loss_preserve: 0.0003  loss_equivariance: 0.0000  correction_scale: 0.1086  loss_correction_smoothness: 0.0001  loss_coarse: 0.0209  loss_boundary: 0.0370  loss_sdf: 0.0035  grad_norm: 1.5607
2026/09/27 01:02:04 - mmengine - INFO - Iter(train) [ 48150/100000]  base_lr: 3.3677e-04 lr: 3.3677e-05  eta: 10:26:37  time: 0.7335  data_time: 0.0168  memory: 11326  loss: 0.4081  loss_final: 0.1197  loss_rgb: 0.1064  loss_geometry: 0.0711  loss_reliability: 0.0145  loss_preserve: 0.0004  loss_equivariance: 0.0000  correction_scale: 0.1086  loss_correction_smoothness: 0.0001  loss_coarse: 0.0360  loss_boundary: 0.0523  loss_sdf: 0.0075  grad_norm: 1.4272
2026/09/27 01:02:41 - mmengine - INFO - Iter(train) [ 48200/100000]  base_lr: 3.3648e-04 lr: 3.3648e-05  eta: 10:26:01  time: 0.7397  data_time: 0.0164  memory: 11326  loss: 0.3634  loss_final: 0.1134  loss_rgb: 0.0861  loss_geometry: 0.0720  loss_reliability: 0.0032  loss_preserve: 0.0005  loss_equivariance: 0.0000  correction_scale: 0.1086  loss_correction_smoothness: 0.0001  loss_coarse: 0.0341  loss_boundary: 0.0470  loss_sdf: 0.0069  grad_norm: 1.4027
2026/09/27 01:03:17 - mmengine - INFO - Iter(train) [ 48250/100000]  base_lr: 3.3619e-04 lr: 3.3619e-05  eta: 10:25:25  time: 0.7335  data_time: 0.0178  memory: 11326  loss: 0.4647  loss_final: 0.1559  loss_rgb: 0.0945  loss_geometry: 0.0950  loss_reliability: 0.0134  loss_preserve: 0.0006  loss_equivariance: 0.0000  correction_scale: 0.1086  loss_correction_smoothness: 0.0002  loss_coarse: 0.0468  loss_boundary: 0.0522  loss_sdf: 0.0061  grad_norm: 1.6955
2026/09/27 01:03:54 - mmengine - INFO - Iter(train) [ 48300/100000]  base_lr: 3.3590e-04 lr: 3.3590e-05  eta: 10:24:49  time: 0.7201  data_time: 0.0161  memory: 11326  loss: 0.3540  loss_final: 0.0879  loss_rgb: 0.0906  loss_geometry: 0.0891  loss_reliability: 0.0067  loss_preserve: 0.0005  loss_equivariance: 0.0000  correction_scale: 0.1086  loss_correction_smoothness: 0.0001  loss_coarse: 0.0264  loss_boundary: 0.0475  loss_sdf: 0.0053  grad_norm: 6.3576
2026/09/27 01:04:30 - mmengine - INFO - Iter(train) [ 48350/100000]  base_lr: 3.3560e-04 lr: 3.3560e-05  eta: 10:24:12  time: 0.7281  data_time: 0.0172  memory: 11326  loss: 0.2759  loss_final: 0.0688  loss_rgb: 0.0922  loss_geometry: 0.0449  loss_reliability: 0.0032  loss_preserve: 0.0005  loss_equivariance: 0.0000  correction_scale: 0.1086  loss_correction_smoothness: 0.0001  loss_coarse: 0.0207  loss_boundary: 0.0421  loss_sdf: 0.0034  grad_norm: 1.4855
2026/09/27 01:05:06 - mmengine - INFO - Iter(train) [ 48400/100000]  base_lr: 3.3531e-04 lr: 3.3531e-05  eta: 10:23:36  time: 0.7361  data_time: 0.0167  memory: 11326  loss: 0.2631  loss_final: 0.0512  loss_rgb: 0.0770  loss_geometry: 0.0396  loss_reliability: 0.0360  loss_preserve: 0.0003  loss_equivariance: 0.0000  correction_scale: 0.1086  loss_correction_smoothness: 0.0001  loss_coarse: 0.0154  loss_boundary: 0.0412  loss_sdf: 0.0024  grad_norm: 1.2458
2026/09/27 01:05:42 - mmengine - INFO - Iter(train) [ 48450/100000]  base_lr: 3.3502e-04 lr: 3.3502e-05  eta: 10:22:59  time: 0.7029  data_time: 0.0162  memory: 11326  loss: 0.2135  loss_final: 0.0389  loss_rgb: 0.0611  loss_geometry: 0.0654  loss_reliability: 0.0071  loss_preserve: 0.0002  loss_equivariance: 0.0000  correction_scale: 0.1086  loss_correction_smoothness: 0.0001  loss_coarse: 0.0096  loss_boundary: 0.0296  loss_sdf: 0.0015  grad_norm: 2.2115
2026/09/27 01:06:18 - mmengine - INFO - Iter(train) [ 48500/100000]  base_lr: 3.3473e-04 lr: 3.3473e-05  eta: 10:22:23  time: 0.7264  data_time: 0.0162  memory: 11326  loss: 0.3028  loss_final: 0.0933  loss_rgb: 0.0817  loss_geometry: 0.0451  loss_reliability: 0.0038  loss_preserve: 0.0004  loss_equivariance: 0.0000  correction_scale: 0.1086  loss_correction_smoothness: 0.0001  loss_coarse: 0.0281  loss_boundary: 0.0464  loss_sdf: 0.0039  grad_norm: 2.4383
2026/09/27 01:06:54 - mmengine - INFO - Iter(train) [ 48550/100000]  base_lr: 3.3443e-04 lr: 3.3443e-05  eta: 10:21:47  time: 0.7232  data_time: 0.0169  memory: 11326  loss: 0.3374  loss_final: 0.0963  loss_rgb: 0.0848  loss_geometry: 0.0636  loss_reliability: 0.0166  loss_preserve: 0.0004  loss_equivariance: 0.0000  correction_scale: 0.1086  loss_correction_smoothness: 0.0001  loss_coarse: 0.0289  loss_boundary: 0.0415  loss_sdf: 0.0051  grad_norm: 2.7228
2026/09/27 01:07:31 - mmengine - INFO - Iter(train) [ 48600/100000]  base_lr: 3.3414e-04 lr: 3.3414e-05  eta: 10:21:11  time: 0.7330  data_time: 0.0184  memory: 11326  loss: 0.2573  loss_final: 0.0576  loss_rgb: 0.0736  loss_geometry: 0.0414  loss_reliability: 0.0232  loss_preserve: 0.0005  loss_equivariance: 0.0000  correction_scale: 0.1086  loss_correction_smoothness: 0.0001  loss_coarse: 0.0173  loss_boundary: 0.0411  loss_sdf: 0.0025  grad_norm: 2.2320
2026/09/27 01:08:07 - mmengine - INFO - Iter(train) [ 48650/100000]  base_lr: 3.3385e-04 lr: 3.3385e-05  eta: 10:20:35  time: 0.7310  data_time: 0.0165  memory: 11326  loss: 0.3343  loss_final: 0.0746  loss_rgb: 0.0981  loss_geometry: 0.0792  loss_reliability: 0.0038  loss_preserve: 0.0005  loss_equivariance: 0.0000  correction_scale: 0.1086  loss_correction_smoothness: 0.0002  loss_coarse: 0.0224  loss_boundary: 0.0511  loss_sdf: 0.0044  grad_norm: 2.8075
2026/09/27 01:08:44 - mmengine - INFO - Iter(train) [ 48700/100000]  base_lr: 3.3356e-04 lr: 3.3356e-05  eta: 10:19:58  time: 0.7285  data_time: 0.0159  memory: 11326  loss: 0.3138  loss_final: 0.0819  loss_rgb: 0.0900  loss_geometry: 0.0584  loss_reliability: 0.0068  loss_preserve: 0.0004  loss_equivariance: 0.0000  correction_scale: 0.1086  loss_correction_smoothness: 0.0001  loss_coarse: 0.0246  loss_boundary: 0.0468  loss_sdf: 0.0048  grad_norm: 2.4752
2026/09/27 01:09:20 - mmengine - INFO - Iter(train) [ 48750/100000]  base_lr: 3.3326e-04 lr: 3.3326e-05  eta: 10:19:22  time: 0.7250  data_time: 0.0165  memory: 11326  loss: 0.3493  loss_final: 0.1127  loss_rgb: 0.0834  loss_geometry: 0.0602  loss_reliability: 0.0123  loss_preserve: 0.0004  loss_equivariance: 0.0000  correction_scale: 0.1086  loss_correction_smoothness: 0.0001  loss_coarse: 0.0339  loss_boundary: 0.0414  loss_sdf: 0.0050  grad_norm: 1.6540
2026/09/27 01:09:57 - mmengine - INFO - Iter(train) [ 48800/100000]  base_lr: 3.3297e-04 lr: 3.3297e-05  eta: 10:18:47  time: 0.7329  data_time: 0.0157  memory: 11326  loss: 0.2641  loss_final: 0.0669  loss_rgb: 0.0770  loss_geometry: 0.0389  loss_reliability: 0.0162  loss_preserve: 0.0005  loss_equivariance: 0.0000  correction_scale: 0.1086  loss_correction_smoothness: 0.0001  loss_coarse: 0.0201  loss_boundary: 0.0407  loss_sdf: 0.0037  grad_norm: 1.6055
2026/09/27 01:10:33 - mmengine - INFO - Iter(train) [ 48850/100000]  base_lr: 3.3268e-04 lr: 3.3268e-05  eta: 10:18:10  time: 0.7251  data_time: 0.0165  memory: 11326  loss: 0.3350  loss_final: 0.0941  loss_rgb: 0.0871  loss_geometry: 0.0554  loss_reliability: 0.0165  loss_preserve: 0.0005  loss_equivariance: 0.0000  correction_scale: 0.1087  loss_correction_smoothness: 0.0001  loss_coarse: 0.0283  loss_boundary: 0.0466  loss_sdf: 0.0064  grad_norm: 2.6950
2026/09/27 01:11:09 - mmengine - INFO - Iter(train) [ 48900/100000]  base_lr: 3.3239e-04 lr: 3.3239e-05  eta: 10:17:34  time: 0.7321  data_time: 0.0174  memory: 11326  loss: 0.2212  loss_final: 0.0404  loss_rgb: 0.0634  loss_geometry: 0.0509  loss_reliability: 0.0099  loss_preserve: 0.0004  loss_equivariance: 0.0000  correction_scale: 0.1087  loss_correction_smoothness: 0.0001  loss_coarse: 0.0122  loss_boundary: 0.0412  loss_sdf: 0.0026  grad_norm: 2.0882
2026/09/27 01:11:46 - mmengine - INFO - Iter(train) [ 48950/100000]  base_lr: 3.3209e-04 lr: 3.3209e-05  eta: 10:16:58  time: 0.7224  data_time: 0.0169  memory: 11326  loss: 0.2933  loss_final: 0.0697  loss_rgb: 0.0776  loss_geometry: 0.0619  loss_reliability: 0.0235  loss_preserve: 0.0004  loss_equivariance: 0.0000  correction_scale: 0.1087  loss_correction_smoothness: 0.0001  loss_coarse: 0.0209  loss_boundary: 0.0362  loss_sdf: 0.0030  grad_norm: 1.3916
2026/09/27 01:12:22 - mmengine - INFO - Exp name: joint_20260926_115805
2026/09/27 01:12:22 - mmengine - INFO - Iter(train) [ 49000/100000]  base_lr: 3.3180e-04 lr: 3.3180e-05  eta: 10:16:22  time: 0.7354  data_time: 0.0170  memory: 11326  loss: 0.2850  loss_final: 0.0641  loss_rgb: 0.0906  loss_geometry: 0.0593  loss_reliability: 0.0070  loss_preserve: 0.0002  loss_equivariance: 0.0000  correction_scale: 0.1088  loss_correction_smoothness: 0.0001  loss_coarse: 0.0193  loss_boundary: 0.0413  loss_sdf: 0.0032  grad_norm: 1.1707
2026/09/27 01:12:59 - mmengine - INFO - Iter(train) [ 49050/100000]  base_lr: 3.3151e-04 lr: 3.3151e-05  eta: 10:15:46  time: 0.7219  data_time: 0.0156  memory: 11326  loss: 0.3284  loss_final: 0.0789  loss_rgb: 0.0877  loss_geometry: 0.0536  loss_reliability: 0.0330  loss_preserve: 0.0007  loss_equivariance: 0.0000  correction_scale: 0.1088  loss_correction_smoothness: 0.0002  loss_coarse: 0.0237  loss_boundary: 0.0461  loss_sdf: 0.0044  grad_norm: 1.4871
2026/09/27 01:13:35 - mmengine - INFO - Iter(train) [ 49100/100000]  base_lr: 3.3121e-04 lr: 3.3121e-05  eta: 10:15:10  time: 0.7236  data_time: 0.0163  memory: 11326  loss: 0.2911  loss_final: 0.0502  loss_rgb: 0.0871  loss_geometry: 0.0777  loss_reliability: 0.0112  loss_preserve: 0.0005  loss_equivariance: 0.0000  correction_scale: 0.1089  loss_correction_smoothness: 0.0002  loss_coarse: 0.0151  loss_boundary: 0.0459  loss_sdf: 0.0032  grad_norm: 1.6569
2026/09/27 01:14:11 - mmengine - INFO - Iter(train) [ 49150/100000]  base_lr: 3.3092e-04 lr: 3.3092e-05  eta: 10:14:34  time: 0.7347  data_time: 0.0185  memory: 11326  loss: 0.3369  loss_final: 0.0819  loss_rgb: 0.0958  loss_geometry: 0.0697  loss_reliability: 0.0133  loss_preserve: 0.0005  loss_equivariance: 0.0000  correction_scale: 0.1090  loss_correction_smoothness: 0.0002  loss_coarse: 0.0246  loss_boundary: 0.0466  loss_sdf: 0.0043  grad_norm: 1.4060
2026/09/27 01:14:48 - mmengine - INFO - Iter(train) [ 49200/100000]  base_lr: 3.3063e-04 lr: 3.3063e-05  eta: 10:13:58  time: 0.7469  data_time: 0.0175  memory: 11326  loss: 0.3974  loss_final: 0.1138  loss_rgb: 0.0996  loss_geometry: 0.0703  loss_reliability: 0.0201  loss_preserve: 0.0004  loss_equivariance: 0.0000  correction_scale: 0.1090  loss_correction_smoothness: 0.0001  loss_coarse: 0.0342  loss_boundary: 0.0522  loss_sdf: 0.0065  grad_norm: 1.4841
2026/09/27 01:15:24 - mmengine - INFO - Iter(train) [ 49250/100000]  base_lr: 3.3034e-04 lr: 3.3034e-05  eta: 10:13:21  time: 0.7220  data_time: 0.0157  memory: 11326  loss: 0.3922  loss_final: 0.1158  loss_rgb: 0.0956  loss_geometry: 0.0722  loss_reliability: 0.0246  loss_preserve: 0.0005  loss_equivariance: 0.0000  correction_scale: 0.1091  loss_correction_smoothness: 0.0001  loss_coarse: 0.0348  loss_boundary: 0.0421  loss_sdf: 0.0065  grad_norm: 2.1766
2026/09/27 01:16:01 - mmengine - INFO - Iter(train) [ 49300/100000]  base_lr: 3.3004e-04 lr: 3.3004e-05  eta: 10:12:45  time: 0.7274  data_time: 0.0161  memory: 11326  loss: 0.3220  loss_final: 0.0770  loss_rgb: 0.0792  loss_geometry: 0.0886  loss_reliability: 0.0039  loss_preserve: 0.0003  loss_equivariance: 0.0000  correction_scale: 0.1091  loss_correction_smoothness: 0.0001  loss_coarse: 0.0232  loss_boundary: 0.0461  loss_sdf: 0.0036  grad_norm: 1.8301
2026/09/27 01:16:37 - mmengine - INFO - Iter(train) [ 49350/100000]  base_lr: 3.2975e-04 lr: 3.2975e-05  eta: 10:12:09  time: 0.7101  data_time: 0.0159  memory: 11326  loss: 0.4134  loss_final: 0.1668  loss_rgb: 0.0755  loss_geometry: 0.0652  loss_reliability: 0.0111  loss_preserve: 0.0005  loss_equivariance: 0.0000  correction_scale: 0.1091  loss_correction_smoothness: 0.0001  loss_coarse: 0.0501  loss_boundary: 0.0371  loss_sdf: 0.0070  grad_norm: 1.8860
2026/09/27 01:17:13 - mmengine - INFO - Iter(train) [ 49400/100000]  base_lr: 3.2946e-04 lr: 3.2946e-05  eta: 10:11:33  time: 0.7294  data_time: 0.0152  memory: 11326  loss: 0.3034  loss_final: 0.0789  loss_rgb: 0.0872  loss_geometry: 0.0443  loss_reliability: 0.0191  loss_preserve: 0.0004  loss_equivariance: 0.0000  correction_scale: 0.1091  loss_correction_smoothness: 0.0001  loss_coarse: 0.0237  loss_boundary: 0.0462  loss_sdf: 0.0035  grad_norm: 1.9434
2026/09/27 01:17:49 - mmengine - INFO - Iter(train) [ 49450/100000]  base_lr: 3.2916e-04 lr: 3.2916e-05  eta: 10:10:56  time: 0.7261  data_time: 0.0170  memory: 11326  loss: 0.3352  loss_final: 0.0976  loss_rgb: 0.0843  loss_geometry: 0.0715  loss_reliability: 0.0072  loss_preserve: 0.0004  loss_equivariance: 0.0000  correction_scale: 0.1091  loss_correction_smoothness: 0.0001  loss_coarse: 0.0293  loss_boundary: 0.0412  loss_sdf: 0.0035  grad_norm: nan
2026/09/27 01:18:26 - mmengine - INFO - Iter(train) [ 49500/100000]  base_lr: 3.2887e-04 lr: 3.2887e-05  eta: 10:10:20  time: 0.7305  data_time: 0.0166  memory: 11326  loss: 0.5527  loss_final: 0.2219  loss_rgb: 0.1099  loss_geometry: 0.0647  loss_reliability: 0.0232  loss_preserve: 0.0006  loss_equivariance: 0.0000  correction_scale: 0.1091  loss_correction_smoothness: 0.0002  loss_coarse: 0.0667  loss_boundary: 0.0523  loss_sdf: 0.0132  grad_norm: nan
2026/09/27 01:19:02 - mmengine - INFO - Iter(train) [ 49550/100000]  base_lr: 3.2858e-04 lr: 3.2858e-05  eta: 10:09:44  time: 0.7240  data_time: 0.0167  memory: 11326  loss: 0.3826  loss_final: 0.1241  loss_rgb: 0.0860  loss_geometry: 0.0638  loss_reliability: 0.0227  loss_preserve: 0.0004  loss_equivariance: 0.0000  correction_scale: 0.1091  loss_correction_smoothness: 0.0001  loss_coarse: 0.0373  loss_boundary: 0.0414  loss_sdf: 0.0067  grad_norm: 2.1770
2026/09/27 01:19:38 - mmengine - INFO - Iter(train) [ 49600/100000]  base_lr: 3.2828e-04 lr: 3.2828e-05  eta: 10:09:08  time: 0.7391  data_time: 0.0179  memory: 11326  loss: 0.3583  loss_final: 0.0978  loss_rgb: 0.1005  loss_geometry: 0.0536  loss_reliability: 0.0200  loss_preserve: 0.0005  loss_equivariance: 0.0000  correction_scale: 0.1091  loss_correction_smoothness: 0.0001  loss_coarse: 0.0294  loss_boundary: 0.0513  loss_sdf: 0.0051  grad_norm: 1.4884
2026/09/27 01:20:14 - mmengine - INFO - Iter(train) [ 49650/100000]  base_lr: 3.2799e-04 lr: 3.2799e-05  eta: 10:08:31  time: 0.7098  data_time: 0.0157  memory: 11326  loss: 0.2393  loss_final: 0.0499  loss_rgb: 0.0679  loss_geometry: 0.0650  loss_reliability: 0.0031  loss_preserve: 0.0003  loss_equivariance: 0.0000  correction_scale: 0.1091  loss_correction_smoothness: 0.0001  loss_coarse: 0.0150  loss_boundary: 0.0361  loss_sdf: 0.0020  grad_norm: 1.1965
2026/09/27 01:20:50 - mmengine - INFO - Iter(train) [ 49700/100000]  base_lr: 3.2770e-04 lr: 3.2770e-05  eta: 10:07:55  time: 0.7328  data_time: 0.0165  memory: 11326  loss: 0.4699  loss_final: 0.1643  loss_rgb: 0.1026  loss_geometry: 0.0784  loss_reliability: 0.0182  loss_preserve: 0.0006  loss_equivariance: 0.0000  correction_scale: 0.1091  loss_correction_smoothness: 0.0002  loss_coarse: 0.0494  loss_boundary: 0.0461  loss_sdf: 0.0102  grad_norm: 1.8032
2026/09/27 01:21:27 - mmengine - INFO - Iter(train) [ 49750/100000]  base_lr: 3.2740e-04 lr: 3.2740e-05  eta: 10:07:19  time: 0.7339  data_time: 0.0175  memory: 11326  loss: 0.4871  loss_final: 0.1637  loss_rgb: 0.1170  loss_geometry: 0.0851  loss_reliability: 0.0126  loss_preserve: 0.0004  loss_equivariance: 0.0000  correction_scale: 0.1091  loss_correction_smoothness: 0.0001  loss_coarse: 0.0492  loss_boundary: 0.0516  loss_sdf: 0.0073  grad_norm: 1.6835
2026/09/27 01:22:04 - mmengine - INFO - Iter(train) [ 49800/100000]  base_lr: 3.2711e-04 lr: 3.2711e-05  eta: 10:06:43  time: 0.7478  data_time: 0.0172  memory: 11326  loss: 0.3159  loss_final: 0.0759  loss_rgb: 0.1018  loss_geometry: 0.0556  loss_reliability: 0.0039  loss_preserve: 0.0008  loss_equivariance: 0.0000  correction_scale: 0.1091  loss_correction_smoothness: 0.0002  loss_coarse: 0.0228  loss_boundary: 0.0510  loss_sdf: 0.0038  grad_norm: 1.6739
2026/09/27 01:22:40 - mmengine - INFO - Iter(train) [ 49850/100000]  base_lr: 3.2682e-04 lr: 3.2682e-05  eta: 10:06:07  time: 0.7271  data_time: 0.0161  memory: 11326  loss: 0.2740  loss_final: 0.0876  loss_rgb: 0.0714  loss_geometry: 0.0342  loss_reliability: 0.0037  loss_preserve: 0.0004  loss_equivariance: 0.0000  correction_scale: 0.1091  loss_correction_smoothness: 0.0001  loss_coarse: 0.0264  loss_boundary: 0.0455  loss_sdf: 0.0047  grad_norm: 1.5576
2026/09/27 01:23:17 - mmengine - INFO - Iter(train) [ 49900/100000]  base_lr: 3.2653e-04 lr: 3.2653e-05  eta: 10:05:31  time: 0.7281  data_time: 0.0159  memory: 11326  loss: 0.3707  loss_final: 0.1241  loss_rgb: 0.0851  loss_geometry: 0.0663  loss_reliability: 0.0037  loss_preserve: 0.0004  loss_equivariance: 0.0000  correction_scale: 0.1091  loss_correction_smoothness: 0.0001  loss_coarse: 0.0373  loss_boundary: 0.0462  loss_sdf: 0.0073  grad_norm: 1.6511
2026/09/27 01:23:53 - mmengine - INFO - Iter(train) [ 49950/100000]  base_lr: 3.2623e-04 lr: 3.2623e-05  eta: 10:04:55  time: 0.7188  data_time: 0.0166  memory: 11326  loss: 0.2869  loss_final: 0.0716  loss_rgb: 0.0811  loss_geometry: 0.0610  loss_reliability: 0.0066  loss_preserve: 0.0003  loss_equivariance: 0.0000  correction_scale: 0.1091  loss_correction_smoothness: 0.0001  loss_coarse: 0.0216  loss_boundary: 0.0414  loss_sdf: 0.0031  grad_norm: 1.5913
2026/09/27 01:24:29 - mmengine - INFO - Exp name: joint_20260926_115805
2026/09/27 01:24:29 - mmengine - INFO - Iter(train) [ 50000/100000]  base_lr: 3.2594e-04 lr: 3.2594e-05  eta: 10:04:18  time: 0.7210  data_time: 0.0161  memory: 11326  loss: 0.1953  loss_final: 0.0475  loss_rgb: 0.0516  loss_geometry: 0.0387  loss_reliability: 0.0089  loss_preserve: 0.0005  loss_equivariance: 0.0000  correction_scale: 0.1091  loss_correction_smoothness: 0.0001  loss_coarse: 0.0143  loss_boundary: 0.0311  loss_sdf: 0.0027  grad_norm: 1.5671
2026/09/27 01:24:29 - mmengine - INFO - Saving checkpoint at 50000 iterations
2026/09/27 01:25:35 - mmengine - INFO - Iter(val) [ 50/304]    eta: 0:05:24  time: 1.2655  data_time: 0.0201  memory: 1184  
2026/09/27 01:27:03 - mmengine - INFO - Iter(val) [100/304]    eta: 0:05:10  time: 1.7165  data_time: 0.0213  memory: 1184  
2026/09/27 01:28:28 - mmengine - INFO - Iter(val) [150/304]    eta: 0:04:03  time: 1.7025  data_time: 0.0209  memory: 1184  
2026/09/27 01:29:51 - mmengine - INFO - Iter(val) [200/304]    eta: 0:02:46  time: 1.6437  data_time: 0.0204  memory: 1184  
2026/09/27 01:31:13 - mmengine - INFO - Iter(val) [250/304]    eta: 0:01:26  time: 1.6571  data_time: 0.0215  memory: 1184  
2026/09/27 01:32:36 - mmengine - INFO - Iter(val) [300/304]    eta: 0:00:06  time: 1.6227  data_time: 0.0212  memory: 1184  
2026/09/27 01:32:43 - mmengine - INFO - per class results:
2026/09/27 01:32:43 - mmengine - INFO - 
+------------------+-------+-------+-------+--------+-----------+--------+
|      Class       |  IoU  |  Acc  |  Dice | Fscore | Precision | Recall |
+------------------+-------+-------+-------+--------+-----------+--------+
|    background    | 97.85 | 98.82 | 98.91 | 98.91  |   99.01   | 98.82  |
| wastewater_plant | 78.27 | 88.76 | 87.81 | 87.81  |   86.89   | 88.76  |
+------------------+-------+-------+-------+--------+-----------+--------+
2026/09/27 01:32:43 - mmengine - INFO - Iter(val) [304/304]    aAcc: 98.0100  mIoU: 88.0600  mAcc: 93.7900  mDice: 93.3600  mFscore: 93.3600  mPrecision: 92.9500  mRecall: 93.7900  binary/Foreground_IoU: 78.2713  binary/Dice: 87.8114  binary/F1: 87.8114  binary/Precision: 86.8875  binary/Recall: 88.7552  binary/Boundary_F1: 17.0547  binary/BFScore: 17.0547  binary/Boundary_Precision: 14.8026  binary/Boundary_Recall: 20.1150  binary/Hausdorff_px: 317.9953  binary/HD95_px: 228.8213  binary/Hausdorff_m: 158.9976  binary/HD95_m: 114.4107  data_time: 0.0229  time: 1.6181
2026/09/27 01:32:43 - mmengine - INFO - The previous best checkpoint /workspace/work_dirs/rpgv_v2_single_stage_fixed/single_stage/seed_42/progressive_rgr/joint/best_binary_Foreground_IoU_iter_48000.pth is removed
2026/09/27 01:32:44 - mmengine - INFO - The best checkpoint with 78.2713 binary/Foreground_IoU at 50000 iter is saved to best_binary_Foreground_IoU_iter_50000.pth.
2026/09/27 01:33:23 - mmengine - INFO - Iter(train) [ 50050/100000]  base_lr: 3.2565e-04 lr: 3.2565e-05  eta: 10:03:46  time: 0.7188  data_time: 0.0166  memory: 11326  loss: 0.2387  loss_final: 0.0475  loss_rgb: 0.0682  loss_geometry: 0.0593  loss_reliability: 0.0096  loss_preserve: 0.0005  loss_equivariance: 0.0000  correction_scale: 0.1091  loss_correction_smoothness: 0.0001  loss_coarse: 0.0143  loss_boundary: 0.0366  loss_sdf: 0.0026  grad_norm: 1.5545
2026/09/27 01:33:59 - mmengine - INFO - Iter(train) [ 50100/100000]  base_lr: 3.2535e-04 lr: 3.2535e-05  eta: 10:03:10  time: 0.7175  data_time: 0.0170  memory: 11326  loss: 0.2772  loss_final: 0.0614  loss_rgb: 0.0733  loss_geometry: 0.0649  loss_reliability: 0.0194  loss_preserve: 0.0003  loss_equivariance: 0.0000  correction_scale: 0.1092  loss_correction_smoothness: 0.0001  loss_coarse: 0.0184  loss_boundary: 0.0364  loss_sdf: 0.0031  grad_norm: 1.5642
2026/09/27 01:34:35 - mmengine - INFO - Iter(train) [ 50150/100000]  base_lr: 3.2506e-04 lr: 3.2506e-05  eta: 10:02:34  time: 0.7315  data_time: 0.0166  memory: 11326  loss: 0.4035  loss_final: 0.1085  loss_rgb: 0.1130  loss_geometry: 0.0731  loss_reliability: 0.0190  loss_preserve: 0.0004  loss_equivariance: 0.0000  correction_scale: 0.1092  loss_correction_smoothness: 0.0001  loss_coarse: 0.0326  loss_boundary: 0.0515  loss_sdf: 0.0053  grad_norm: 1.5392
2026/09/27 01:35:12 - mmengine - INFO - Iter(train) [ 50200/100000]  base_lr: 3.2476e-04 lr: 3.2476e-05  eta: 10:01:58  time: 0.7410  data_time: 0.0174  memory: 11326  loss: 0.4092  loss_final: 0.1327  loss_rgb: 0.0958  loss_geometry: 0.0776  loss_reliability: 0.0054  loss_preserve: 0.0005  loss_equivariance: 0.0000  correction_scale: 0.1092  loss_correction_smoothness: 0.0001  loss_coarse: 0.0399  loss_boundary: 0.0516  loss_sdf: 0.0057  grad_norm: 2.2790
2026/09/27 01:35:48 - mmengine - INFO - Iter(train) [ 50250/100000]  base_lr: 3.2447e-04 lr: 3.2447e-05  eta: 10:01:21  time: 0.7203  data_time: 0.0175  memory: 11326  loss: 0.3289  loss_final: 0.0859  loss_rgb: 0.0911  loss_geometry: 0.0616  loss_reliability: 0.0126  loss_preserve: 0.0004  loss_equivariance: 0.0000  correction_scale: 0.1093  loss_correction_smoothness: 0.0001  loss_coarse: 0.0258  loss_boundary: 0.0462  loss_sdf: 0.0050  grad_norm: 2.3688
2026/09/27 01:36:24 - mmengine - INFO - Iter(train) [ 50300/100000]  base_lr: 3.2418e-04 lr: 3.2418e-05  eta: 10:00:45  time: 0.7103  data_time: 0.0160  memory: 11326  loss: 0.2404  loss_final: 0.0613  loss_rgb: 0.0635  loss_geometry: 0.0479  loss_reliability: 0.0132  loss_preserve: 0.0005  loss_equivariance: 0.0000  correction_scale: 0.1093  loss_correction_smoothness: 0.0001  loss_coarse: 0.0184  loss_boundary: 0.0313  loss_sdf: 0.0042  grad_norm: 1.3354
2026/09/27 01:37:00 - mmengine - INFO - Iter(train) [ 50350/100000]  base_lr: 3.2388e-04 lr: 3.2388e-05  eta: 10:00:08  time: 0.7084  data_time: 0.0159  memory: 11326  loss: 0.2463  loss_final: 0.0633  loss_rgb: 0.0668  loss_geometry: 0.0537  loss_reliability: 0.0032  loss_preserve: 0.0005  loss_equivariance: 0.0000  correction_scale: 0.1093  loss_correction_smoothness: 0.0002  loss_coarse: 0.0190  loss_boundary: 0.0362  loss_sdf: 0.0034  grad_norm: 1.5782
2026/09/27 01:37:37 - mmengine - INFO - Iter(train) [ 50400/100000]  base_lr: 3.2359e-04 lr: 3.2359e-05  eta: 9:59:32  time: 0.7285  data_time: 0.0156  memory: 11326  loss: 0.3551  loss_final: 0.1158  loss_rgb: 0.0756  loss_geometry: 0.0670  loss_reliability: 0.0162  loss_preserve: 0.0003  loss_equivariance: 0.0000  correction_scale: 0.1093  loss_correction_smoothness: 0.0001  loss_coarse: 0.0348  loss_boundary: 0.0409  loss_sdf: 0.0044  grad_norm: 1.7803
2026/09/27 01:38:13 - mmengine - INFO - Iter(train) [ 50450/100000]  base_lr: 3.2330e-04 lr: 3.2330e-05  eta: 9:58:56  time: 0.7105  data_time: 0.0162  memory: 11326  loss: 0.3080  loss_final: 0.0975  loss_rgb: 0.0779  loss_geometry: 0.0466  loss_reliability: 0.0099  loss_preserve: 0.0004  loss_equivariance: 0.0000  correction_scale: 0.1093  loss_correction_smoothness: 0.0001  loss_coarse: 0.0293  loss_boundary: 0.0409  loss_sdf: 0.0054  grad_norm: 1.6116
2026/09/27 01:38:49 - mmengine - INFO - Iter(train) [ 50500/100000]  base_lr: 3.2300e-04 lr: 3.2300e-05  eta: 9:58:20  time: 0.7228  data_time: 0.0170  memory: 11326  loss: 0.3597  loss_final: 0.1326  loss_rgb: 0.0714  loss_geometry: 0.0683  loss_reliability: 0.0051  loss_preserve: 0.0003  loss_equivariance: 0.0000  correction_scale: 0.1093  loss_correction_smoothness: 0.0001  loss_coarse: 0.0398  loss_boundary: 0.0360  loss_sdf: 0.0062  grad_norm: 1.4366
2026/09/27 01:39:26 - mmengine - INFO - Iter(train) [ 50550/100000]  base_lr: 3.2271e-04 lr: 3.2271e-05  eta: 9:57:44  time: 0.7305  data_time: 0.0178  memory: 11326  loss: 0.5103  loss_final: 0.2052  loss_rgb: 0.0997  loss_geometry: 0.0699  loss_reliability: 0.0121  loss_preserve: 0.0003  loss_equivariance: 0.0000  correction_scale: 0.1093  loss_correction_smoothness: 0.0001  loss_coarse: 0.0616  loss_boundary: 0.0511  loss_sdf: 0.0103  grad_norm: 1.7004
2026/09/27 01:40:02 - mmengine - INFO - Iter(train) [ 50600/100000]  base_lr: 3.2242e-04 lr: 3.2242e-05  eta: 9:57:08  time: 0.7448  data_time: 0.0164  memory: 11326  loss: 0.3732  loss_final: 0.0965  loss_rgb: 0.1062  loss_geometry: 0.0690  loss_reliability: 0.0139  loss_preserve: 0.0005  loss_equivariance: 0.0000  correction_scale: 0.1093  loss_correction_smoothness: 0.0002  loss_coarse: 0.0290  loss_boundary: 0.0528  loss_sdf: 0.0050  grad_norm: 2.0786
2026/09/27 01:40:38 - mmengine - INFO - Iter(train) [ 50650/100000]  base_lr: 3.2212e-04 lr: 3.2212e-05  eta: 9:56:31  time: 0.7233  data_time: 0.0179  memory: 11326  loss: 0.2421  loss_final: 0.0475  loss_rgb: 0.0714  loss_geometry: 0.0536  loss_reliability: 0.0131  loss_preserve: 0.0004  loss_equivariance: 0.0000  correction_scale: 0.1094  loss_correction_smoothness: 0.0001  loss_coarse: 0.0143  loss_boundary: 0.0397  loss_sdf: 0.0021  grad_norm: 1.6804
2026/09/27 01:41:15 - mmengine - INFO - Iter(train) [ 50700/100000]  base_lr: 3.2183e-04 lr: 3.2183e-05  eta: 9:55:55  time: 0.7234  data_time: 0.0162  memory: 11326  loss: 0.2991  loss_final: 0.0628  loss_rgb: 0.0893  loss_geometry: 0.0594  loss_reliability: 0.0178  loss_preserve: 0.0004  loss_equivariance: 0.0000  correction_scale: 0.1094  loss_correction_smoothness: 0.0001  loss_coarse: 0.0189  loss_boundary: 0.0466  loss_sdf: 0.0039  grad_norm: 1.6174
2026/09/27 01:41:51 - mmengine - INFO - Iter(train) [ 50750/100000]  base_lr: 3.2153e-04 lr: 3.2153e-05  eta: 9:55:19  time: 0.7176  data_time: 0.0166  memory: 11326  loss: 0.1871  loss_final: 0.0334  loss_rgb: 0.0675  loss_geometry: 0.0347  loss_reliability: 0.0036  loss_preserve: 0.0004  loss_equivariance: 0.0000  correction_scale: 0.1094  loss_correction_smoothness: 0.0001  loss_coarse: 0.0101  loss_boundary: 0.0357  loss_sdf: 0.0016  grad_norm: 1.6708
2026/09/27 01:42:27 - mmengine - INFO - Iter(train) [ 50800/100000]  base_lr: 3.2124e-04 lr: 3.2124e-05  eta: 9:54:43  time: 0.7275  data_time: 0.0168  memory: 11326  loss: 0.2474  loss_final: 0.0584  loss_rgb: 0.0670  loss_geometry: 0.0516  loss_reliability: 0.0119  loss_preserve: 0.0005  loss_equivariance: 0.0000  correction_scale: 0.1094  loss_correction_smoothness: 0.0001  loss_coarse: 0.0176  loss_boundary: 0.0367  loss_sdf: 0.0037  grad_norm: 1.4855
2026/09/27 01:43:04 - mmengine - INFO - Iter(train) [ 50850/100000]  base_lr: 3.2095e-04 lr: 3.2095e-05  eta: 9:54:06  time: 0.7233  data_time: 0.0169  memory: 11326  loss: 0.3318  loss_final: 0.0739  loss_rgb: 0.0933  loss_geometry: 0.0827  loss_reliability: 0.0077  loss_preserve: 0.0004  loss_equivariance: 0.0000  correction_scale: 0.1094  loss_correction_smoothness: 0.0001  loss_coarse: 0.0222  loss_boundary: 0.0474  loss_sdf: 0.0040  grad_norm: 1.2454
2026/09/27 01:43:40 - mmengine - INFO - Iter(train) [ 50900/100000]  base_lr: 3.2065e-04 lr: 3.2065e-05  eta: 9:53:30  time: 0.7422  data_time: 0.0161  memory: 11326  loss: 0.3073  loss_final: 0.0868  loss_rgb: 0.0809  loss_geometry: 0.0520  loss_reliability: 0.0151  loss_preserve: 0.0004  loss_equivariance: 0.0000  correction_scale: 0.1094  loss_correction_smoothness: 0.0001  loss_coarse: 0.0261  loss_boundary: 0.0419  loss_sdf: 0.0040  grad_norm: 1.2733
2026/09/27 01:44:16 - mmengine - INFO - Iter(train) [ 50950/100000]  base_lr: 3.2036e-04 lr: 3.2036e-05  eta: 9:52:54  time: 0.7237  data_time: 0.0163  memory: 11326  loss: 0.3507  loss_final: 0.1033  loss_rgb: 0.0868  loss_geometry: 0.0589  loss_reliability: 0.0235  loss_preserve: 0.0005  loss_equivariance: 0.0000  correction_scale: 0.1094  loss_correction_smoothness: 0.0002  loss_coarse: 0.0311  loss_boundary: 0.0414  loss_sdf: 0.0050  grad_norm: 1.6232
2026/09/27 01:44:53 - mmengine - INFO - Exp name: joint_20260926_115805
2026/09/27 01:44:53 - mmengine - INFO - Iter(train) [ 51000/100000]  base_lr: 3.2007e-04 lr: 3.2007e-05  eta: 9:52:18  time: 0.7376  data_time: 0.0177  memory: 11326  loss: 0.3187  loss_final: 0.0678  loss_rgb: 0.0935  loss_geometry: 0.0687  loss_reliability: 0.0183  loss_preserve: 0.0003  loss_equivariance: 0.0000  correction_scale: 0.1094  loss_correction_smoothness: 0.0001  loss_coarse: 0.0204  loss_boundary: 0.0467  loss_sdf: 0.0029  grad_norm: 1.7681
2026/09/27 01:45:29 - mmengine - INFO - Iter(train) [ 51050/100000]  base_lr: 3.1977e-04 lr: 3.1977e-05  eta: 9:51:41  time: 0.7319  data_time: 0.0169  memory: 11326  loss: 0.3276  loss_final: 0.0847  loss_rgb: 0.0883  loss_geometry: 0.0477  loss_reliability: 0.0304  loss_preserve: 0.0005  loss_equivariance: 0.0000  correction_scale: 0.1094  loss_correction_smoothness: 0.0002  loss_coarse: 0.0255  loss_boundary: 0.0463  loss_sdf: 0.0039  grad_norm: 1.3649
2026/09/27 01:46:05 - mmengine - INFO - Iter(train) [ 51100/100000]  base_lr: 3.1948e-04 lr: 3.1948e-05  eta: 9:51:05  time: 0.7191  data_time: 0.0174  memory: 11326  loss: 0.3065  loss_final: 0.0959  loss_rgb: 0.0635  loss_geometry: 0.0494  loss_reliability: 0.0222  loss_preserve: 0.0005  loss_equivariance: 0.0000  correction_scale: 0.1095  loss_correction_smoothness: 0.0001  loss_coarse: 0.0288  loss_boundary: 0.0407  loss_sdf: 0.0053  grad_norm: 1.1499
2026/09/27 01:46:41 - mmengine - INFO - Iter(train) [ 51150/100000]  base_lr: 3.1918e-04 lr: 3.1918e-05  eta: 9:50:29  time: 0.7229  data_time: 0.0161  memory: 11326  loss: 0.3000  loss_final: 0.0766  loss_rgb: 0.0844  loss_geometry: 0.0493  loss_reliability: 0.0145  loss_preserve: 0.0007  loss_equivariance: 0.0000  correction_scale: 0.1095  loss_correction_smoothness: 0.0002  loss_coarse: 0.0230  loss_boundary: 0.0473  loss_sdf: 0.0039  grad_norm: 1.2628
2026/09/27 01:47:18 - mmengine - INFO - Iter(train) [ 51200/100000]  base_lr: 3.1889e-04 lr: 3.1889e-05  eta: 9:49:53  time: 0.7232  data_time: 0.0171  memory: 11326  loss: 0.3204  loss_final: 0.1175  loss_rgb: 0.0593  loss_geometry: 0.0499  loss_reliability: 0.0162  loss_preserve: 0.0003  loss_equivariance: 0.0000  correction_scale: 0.1095  loss_correction_smoothness: 0.0001  loss_coarse: 0.0353  loss_boundary: 0.0363  loss_sdf: 0.0055  grad_norm: 1.6134
2026/09/27 01:47:54 - mmengine - INFO - Iter(train) [ 51250/100000]  base_lr: 3.1860e-04 lr: 3.1860e-05  eta: 9:49:16  time: 0.7176  data_time: 0.0170  memory: 11326  loss: 0.3389  loss_final: 0.1219  loss_rgb: 0.0753  loss_geometry: 0.0462  loss_reliability: 0.0137  loss_preserve: 0.0005  loss_equivariance: 0.0000  correction_scale: 0.1095  loss_correction_smoothness: 0.0002  loss_coarse: 0.0366  loss_boundary: 0.0366  loss_sdf: 0.0080  grad_norm: 1.4960
2026/09/27 01:48:30 - mmengine - INFO - Iter(train) [ 51300/100000]  base_lr: 3.1830e-04 lr: 3.1830e-05  eta: 9:48:40  time: 0.7323  data_time: 0.0164  memory: 11326  loss: 0.4307  loss_final: 0.1327  loss_rgb: 0.1100  loss_geometry: 0.0849  loss_reliability: 0.0051  loss_preserve: 0.0004  loss_equivariance: 0.0000  correction_scale: 0.1095  loss_correction_smoothness: 0.0001  loss_coarse: 0.0399  loss_boundary: 0.0511  loss_sdf: 0.0064  grad_norm: 1.6408
2026/09/27 01:49:07 - mmengine - INFO - Iter(train) [ 51350/100000]  base_lr: 3.1801e-04 lr: 3.1801e-05  eta: 9:48:04  time: 0.7290  data_time: 0.0178  memory: 11326  loss: 0.2772  loss_final: 0.0782  loss_rgb: 0.0763  loss_geometry: 0.0486  loss_reliability: 0.0057  loss_preserve: 0.0004  loss_equivariance: 0.0000  correction_scale: 0.1095  loss_correction_smoothness: 0.0001  loss_coarse: 0.0236  loss_boundary: 0.0403  loss_sdf: 0.0039  grad_norm: 1.6782
2026/09/27 01:49:43 - mmengine - INFO - Iter(train) [ 51400/100000]  base_lr: 3.1771e-04 lr: 3.1771e-05  eta: 9:47:28  time: 0.7447  data_time: 0.0176  memory: 11326  loss: 0.2439  loss_final: 0.0525  loss_rgb: 0.0821  loss_geometry: 0.0377  loss_reliability: 0.0060  loss_preserve: 0.0005  loss_equivariance: 0.0000  correction_scale: 0.1096  loss_correction_smoothness: 0.0002  loss_coarse: 0.0158  loss_boundary: 0.0465  loss_sdf: 0.0026  grad_norm: 1.5132
2026/09/27 01:50:19 - mmengine - INFO - Iter(train) [ 51450/100000]  base_lr: 3.1742e-04 lr: 3.1742e-05  eta: 9:46:52  time: 0.7215  data_time: 0.0170  memory: 11326  loss: 0.1713  loss_final: 0.0335  loss_rgb: 0.0543  loss_geometry: 0.0350  loss_reliability: 0.0060  loss_preserve: 0.0003  loss_equivariance: 0.0000  correction_scale: 0.1097  loss_correction_smoothness: 0.0001  loss_coarse: 0.0101  loss_boundary: 0.0303  loss_sdf: 0.0016  grad_norm: 1.2224
2026/09/27 01:50:56 - mmengine - INFO - Iter(train) [ 51500/100000]  base_lr: 3.1712e-04 lr: 3.1712e-05  eta: 9:46:16  time: 0.7449  data_time: 0.0173  memory: 11326  loss: 0.4723  loss_final: 0.1606  loss_rgb: 0.1056  loss_geometry: 0.0744  loss_reliability: 0.0220  loss_preserve: 0.0006  loss_equivariance: 0.0000  correction_scale: 0.1097  loss_correction_smoothness: 0.0002  loss_coarse: 0.0482  loss_boundary: 0.0519  loss_sdf: 0.0088  grad_norm: 1.3019
2026/09/27 01:51:33 - mmengine - INFO - Iter(train) [ 51550/100000]  base_lr: 3.1683e-04 lr: 3.1683e-05  eta: 9:45:40  time: 0.7314  data_time: 0.0171  memory: 11326  loss: 0.2388  loss_final: 0.0524  loss_rgb: 0.0759  loss_geometry: 0.0429  loss_reliability: 0.0082  loss_preserve: 0.0004  loss_equivariance: 0.0000  correction_scale: 0.1097  loss_correction_smoothness: 0.0001  loss_coarse: 0.0158  loss_boundary: 0.0409  loss_sdf: 0.0021  grad_norm: 1.4970
2026/09/27 01:52:10 - mmengine - INFO - Iter(train) [ 51600/100000]  base_lr: 3.1654e-04 lr: 3.1654e-05  eta: 9:45:04  time: 0.7430  data_time: 0.0167  memory: 11326  loss: 0.4064  loss_final: 0.1403  loss_rgb: 0.0981  loss_geometry: 0.0588  loss_reliability: 0.0132  loss_preserve: 0.0006  loss_equivariance: 0.0000  correction_scale: 0.1097  loss_correction_smoothness: 0.0002  loss_coarse: 0.0422  loss_boundary: 0.0470  loss_sdf: 0.0061  grad_norm: 1.4257
2026/09/27 01:52:46 - mmengine - INFO - Iter(train) [ 51650/100000]  base_lr: 3.1624e-04 lr: 3.1624e-05  eta: 9:44:28  time: 0.7344  data_time: 0.0172  memory: 11326  loss: 0.2919  loss_final: 0.0842  loss_rgb: 0.0769  loss_geometry: 0.0477  loss_reliability: 0.0111  loss_preserve: 0.0005  loss_equivariance: 0.0000  correction_scale: 0.1098  loss_correction_smoothness: 0.0002  loss_coarse: 0.0253  loss_boundary: 0.0419  loss_sdf: 0.0040  grad_norm: 1.5487
2026/09/27 01:53:23 - mmengine - INFO - Iter(train) [ 51700/100000]  base_lr: 3.1595e-04 lr: 3.1595e-05  eta: 9:43:52  time: 0.7244  data_time: 0.0168  memory: 11326  loss: 0.3425  loss_final: 0.0669  loss_rgb: 0.0998  loss_geometry: 0.0880  loss_reliability: 0.0177  loss_preserve: 0.0003  loss_equivariance: 0.0000  correction_scale: 0.1098  loss_correction_smoothness: 0.0001  loss_coarse: 0.0201  loss_boundary: 0.0465  loss_sdf: 0.0030  grad_norm: 1.3875
2026/09/27 01:53:59 - mmengine - INFO - Iter(train) [ 51750/100000]  base_lr: 3.1565e-04 lr: 3.1565e-05  eta: 9:43:16  time: 0.7282  data_time: 0.0168  memory: 11326  loss: 0.3440  loss_final: 0.0916  loss_rgb: 0.0779  loss_geometry: 0.0731  loss_reliability: 0.0275  loss_preserve: 0.0004  loss_equivariance: 0.0000  correction_scale: 0.1098  loss_correction_smoothness: 0.0001  loss_coarse: 0.0275  loss_boundary: 0.0407  loss_sdf: 0.0052  grad_norm: 1.1068
2026/09/27 01:54:37 - mmengine - INFO - Iter(train) [ 51800/100000]  base_lr: 3.1536e-04 lr: 3.1536e-05  eta: 9:42:41  time: 0.8231  data_time: 0.0211  memory: 11326  loss: 0.2550  loss_final: 0.0688  loss_rgb: 0.0658  loss_geometry: 0.0358  loss_reliability: 0.0228  loss_preserve: 0.0005  loss_equivariance: 0.0000  correction_scale: 0.1098  loss_correction_smoothness: 0.0001  loss_coarse: 0.0207  loss_boundary: 0.0360  loss_sdf: 0.0045  grad_norm: 1.3106
2026/09/27 01:55:20 - mmengine - INFO - Iter(train) [ 51850/100000]  base_lr: 3.1506e-04 lr: 3.1506e-05  eta: 9:42:11  time: 0.8359  data_time: 0.0240  memory: 11326  loss: 0.3542  loss_final: 0.1263  loss_rgb: 0.0734  loss_geometry: 0.0525  loss_reliability: 0.0184  loss_preserve: 0.0004  loss_equivariance: 0.0000  correction_scale: 0.1098  loss_correction_smoothness: 0.0001  loss_coarse: 0.0379  loss_boundary: 0.0410  loss_sdf: 0.0041  grad_norm: 1.5692
2026/09/27 01:56:02 - mmengine - INFO - Iter(train) [ 51900/100000]  base_lr: 3.1477e-04 lr: 3.1477e-05  eta: 9:41:41  time: 0.8364  data_time: 0.0205  memory: 11326  loss: 0.2845  loss_final: 0.0720  loss_rgb: 0.0822  loss_geometry: 0.0374  loss_reliability: 0.0196  loss_preserve: 0.0005  loss_equivariance: 0.0000  correction_scale: 0.1098  loss_correction_smoothness: 0.0001  loss_coarse: 0.0217  loss_boundary: 0.0471  loss_sdf: 0.0039  grad_norm: 1.4327
2026/09/27 01:56:46 - mmengine - INFO - Iter(train) [ 51950/100000]  base_lr: 3.1448e-04 lr: 3.1448e-05  eta: 9:41:11  time: 0.9014  data_time: 0.0256  memory: 11326  loss: 0.3827  loss_final: 0.1000  loss_rgb: 0.1042  loss_geometry: 0.0794  loss_reliability: 0.0156  loss_preserve: 0.0004  loss_equivariance: 0.0000  correction_scale: 0.1098  loss_correction_smoothness: 0.0001  loss_coarse: 0.0301  loss_boundary: 0.0468  loss_sdf: 0.0061  grad_norm: 1.4010
2026/09/27 01:57:29 - mmengine - INFO - Exp name: joint_20260926_115805
2026/09/27 01:57:29 - mmengine - INFO - Iter(train) [ 52000/100000]  base_lr: 3.1418e-04 lr: 3.1418e-05  eta: 9:40:41  time: 0.8724  data_time: 0.0245  memory: 11326  loss: 0.2970  loss_final: 0.0611  loss_rgb: 0.0838  loss_geometry: 0.0625  loss_reliability: 0.0248  loss_preserve: 0.0005  loss_equivariance: 0.0000  correction_scale: 0.1098  loss_correction_smoothness: 0.0001  loss_coarse: 0.0184  loss_boundary: 0.0420  loss_sdf: 0.0037  grad_norm: 1.6719
2026/09/27 01:57:29 - mmengine - INFO - Saving checkpoint at 52000 iterations
2026/09/27 01:58:40 - mmengine - INFO - Iter(val) [ 50/304]    eta: 0:05:46  time: 1.3218  data_time: 0.0279  memory: 1184  
2026/09/27 02:00:17 - mmengine - INFO - Iter(val) [100/304]    eta: 0:05:37  time: 1.8805  data_time: 0.0288  memory: 1184  
2026/09/27 02:01:49 - mmengine - INFO - Iter(val) [150/304]    eta: 0:04:24  time: 1.9061  data_time: 0.0341  memory: 1184  
2026/09/27 02:03:20 - mmengine - INFO - Iter(val) [200/304]    eta: 0:03:01  time: 1.7849  data_time: 0.0292  memory: 1184  
2026/09/27 02:04:52 - mmengine - INFO - Iter(val) [250/304]    eta: 0:01:35  time: 1.8995  data_time: 0.0304  memory: 1184  
2026/09/27 02:06:23 - mmengine - INFO - Iter(val) [300/304]    eta: 0:00:07  time: 1.8458  data_time: 0.0324  memory: 1184  
2026/09/27 02:06:30 - mmengine - INFO - per class results:
2026/09/27 02:06:30 - mmengine - INFO - 
+------------------+-------+-------+-------+--------+-----------+--------+
|      Class       |  IoU  |  Acc  |  Dice | Fscore | Precision | Recall |
+------------------+-------+-------+-------+--------+-----------+--------+
|    background    |  97.5 | 98.34 | 98.73 | 98.73  |   99.13   | 98.34  |
| wastewater_plant | 75.91 | 90.17 |  86.3 |  86.3  |   82.75   | 90.17  |
+------------------+-------+-------+-------+--------+-----------+--------+
2026/09/27 02:06:30 - mmengine - INFO - Iter(val) [304/304]    aAcc: 97.6800  mIoU: 86.7000  mAcc: 94.2600  mDice: 92.5200  mFscore: 92.5200  mPrecision: 90.9400  mRecall: 94.2600  binary/Foreground_IoU: 75.9083  binary/Dice: 86.3044  binary/F1: 86.3044  binary/Precision: 82.7531  binary/Recall: 90.1741  binary/Boundary_F1: 15.8216  binary/BFScore: 15.8216  binary/Boundary_Precision: 13.1891  binary/Boundary_Recall: 19.7670  binary/Hausdorff_px: 362.5713  binary/HD95_px: 265.0317  binary/Hausdorff_m: 181.2856  binary/HD95_m: 132.5158  data_time: 0.0326  time: 1.7725
2026/09/27 02:07:14 - mmengine - INFO - Iter(train) [ 52050/100000]  base_lr: 3.1389e-04 lr: 3.1389e-05  eta: 9:40:12  time: 0.8569  data_time: 0.0250  memory: 11326  loss: 0.2675  loss_final: 0.0594  loss_rgb: 0.0799  loss_geometry: 0.0489  loss_reliability: 0.0169  loss_preserve: 0.0003  loss_equivariance: 0.0000  correction_scale: 0.1098  loss_correction_smoothness: 0.0001  loss_coarse: 0.0179  loss_boundary: 0.0409  loss_sdf: 0.0033  grad_norm: 2.0464
2026/09/27 02:07:53 - mmengine - INFO - Iter(train) [ 52100/100000]  base_lr: 3.1359e-04 lr: 3.1359e-05  eta: 9:39:38  time: 0.7364  data_time: 0.0175  memory: 11326  loss: 0.4411  loss_final: 0.1308  loss_rgb: 0.1136  loss_geometry: 0.0879  loss_reliability: 0.0114  loss_preserve: 0.0004  loss_equivariance: 0.0000  correction_scale: 0.1099  loss_correction_smoothness: 0.0001  loss_coarse: 0.0393  loss_boundary: 0.0515  loss_sdf: 0.0062  grad_norm: 1.7199
2026/09/27 02:08:31 - mmengine - INFO - Iter(train) [ 52150/100000]  base_lr: 3.1330e-04 lr: 3.1330e-05  eta: 9:39:03  time: 0.7419  data_time: 0.0175  memory: 11326  loss: 0.4034  loss_final: 0.1161  loss_rgb: 0.0992  loss_geometry: 0.0794  loss_reliability: 0.0131  loss_preserve: 0.0006  loss_equivariance: 0.0000  correction_scale: 0.1099  loss_correction_smoothness: 0.0002  loss_coarse: 0.0349  loss_boundary: 0.0515  loss_sdf: 0.0083  grad_norm: 1.6762
2026/09/27 02:09:08 - mmengine - INFO - Iter(train) [ 52200/100000]  base_lr: 3.1300e-04 lr: 3.1300e-05  eta: 9:38:28  time: 0.7517  data_time: 0.0189  memory: 11326  loss: 0.3876  loss_final: 0.1039  loss_rgb: 0.1063  loss_geometry: 0.0574  loss_reliability: 0.0314  loss_preserve: 0.0007  loss_equivariance: 0.0000  correction_scale: 0.1099  loss_correction_smoothness: 0.0002  loss_coarse: 0.0312  loss_boundary: 0.0512  loss_sdf: 0.0051  grad_norm: 1.8503
2026/09/27 02:09:45 - mmengine - INFO - Iter(train) [ 52250/100000]  base_lr: 3.1271e-04 lr: 3.1271e-05  eta: 9:37:52  time: 0.7330  data_time: 0.0166  memory: 11326  loss: 0.3345  loss_final: 0.0982  loss_rgb: 0.0927  loss_geometry: 0.0555  loss_reliability: 0.0056  loss_preserve: 0.0006  loss_equivariance: 0.0000  correction_scale: 0.1099  loss_correction_smoothness: 0.0002  loss_coarse: 0.0295  loss_boundary: 0.0468  loss_sdf: 0.0053  grad_norm: 1.6224
2026/09/27 02:10:22 - mmengine - INFO - Iter(train) [ 52300/100000]  base_lr: 3.1241e-04 lr: 3.1241e-05  eta: 9:37:16  time: 0.7363  data_time: 0.0175  memory: 11326  loss: 0.2824  loss_final: 0.0717  loss_rgb: 0.0725  loss_geometry: 0.0618  loss_reliability: 0.0108  loss_preserve: 0.0004  loss_equivariance: 0.0000  correction_scale: 0.1099  loss_correction_smoothness: 0.0001  loss_coarse: 0.0216  loss_boundary: 0.0412  loss_sdf: 0.0023  grad_norm: 1.4340
2026/09/27 02:11:00 - mmengine - INFO - Iter(train) [ 52350/100000]  base_lr: 3.1212e-04 lr: 3.1212e-05  eta: 9:36:41  time: 0.7474  data_time: 0.0192  memory: 11326  loss: 0.2593  loss_final: 0.0753  loss_rgb: 0.0737  loss_geometry: 0.0367  loss_reliability: 0.0100  loss_preserve: 0.0005  loss_equivariance: 0.0000  correction_scale: 0.1099  loss_correction_smoothness: 0.0001  loss_coarse: 0.0226  loss_boundary: 0.0362  loss_sdf: 0.0041  grad_norm: 1.6358
2026/09/27 02:11:38 - mmengine - INFO - Iter(train) [ 52400/100000]  base_lr: 3.1182e-04 lr: 3.1182e-05  eta: 9:36:07  time: 0.7775  data_time: 0.0208  memory: 11326  loss: 0.3226  loss_final: 0.0735  loss_rgb: 0.0942  loss_geometry: 0.0617  loss_reliability: 0.0196  loss_preserve: 0.0004  loss_equivariance: 0.0000  correction_scale: 0.1099  loss_correction_smoothness: 0.0001  loss_coarse: 0.0221  loss_boundary: 0.0469  loss_sdf: 0.0042  grad_norm: 1.5872
2026/09/27 02:12:16 - mmengine - INFO - Iter(train) [ 52450/100000]  base_lr: 3.1153e-04 lr: 3.1153e-05  eta: 9:35:32  time: 0.7346  data_time: 0.0161  memory: 11326  loss: 0.3343  loss_final: 0.0859  loss_rgb: 0.0984  loss_geometry: 0.0581  loss_reliability: 0.0107  loss_preserve: 0.0005  loss_equivariance: 0.0000  correction_scale: 0.1099  loss_correction_smoothness: 0.0001  loss_coarse: 0.0258  loss_boundary: 0.0511  loss_sdf: 0.0035  grad_norm: 1.4029
2026/09/27 02:12:53 - mmengine - INFO - Iter(train) [ 52500/100000]  base_lr: 3.1123e-04 lr: 3.1123e-05  eta: 9:34:56  time: 0.7247  data_time: 0.0164  memory: 11326  loss: 0.2423  loss_final: 0.0407  loss_rgb: 0.0871  loss_geometry: 0.0524  loss_reliability: 0.0077  loss_preserve: 0.0004  loss_equivariance: 0.0000  correction_scale: 0.1099  loss_correction_smoothness: 0.0001  loss_coarse: 0.0123  loss_boundary: 0.0398  loss_sdf: 0.0017  grad_norm: 1.5351
2026/09/27 02:13:29 - mmengine - INFO - Iter(train) [ 52550/100000]  base_lr: 3.1094e-04 lr: 3.1094e-05  eta: 9:34:19  time: 0.7212  data_time: 0.0172  memory: 11326  loss: 0.2327  loss_final: 0.0409  loss_rgb: 0.0689  loss_geometry: 0.0581  loss_reliability: 0.0102  loss_preserve: 0.0003  loss_equivariance: 0.0000  correction_scale: 0.1099  loss_correction_smoothness: 0.0001  loss_coarse: 0.0123  loss_boundary: 0.0399  loss_sdf: 0.0020  grad_norm: 1.3391
2026/09/27 02:14:05 - mmengine - INFO - Iter(train) [ 52600/100000]  base_lr: 3.1064e-04 lr: 3.1064e-05  eta: 9:33:43  time: 0.7327  data_time: 0.0158  memory: 11326  loss: 0.4033  loss_final: 0.1252  loss_rgb: 0.0847  loss_geometry: 0.0904  loss_reliability: 0.0177  loss_preserve: 0.0003  loss_equivariance: 0.0000  correction_scale: 0.1099  loss_correction_smoothness: 0.0001  loss_coarse: 0.0376  loss_boundary: 0.0417  loss_sdf: 0.0056  grad_norm: 1.2476
2026/09/27 02:14:41 - mmengine - INFO - Iter(train) [ 52650/100000]  base_lr: 3.1035e-04 lr: 3.1035e-05  eta: 9:33:07  time: 0.7178  data_time: 0.0160  memory: 11326  loss: 0.2585  loss_final: 0.0537  loss_rgb: 0.0763  loss_geometry: 0.0630  loss_reliability: 0.0047  loss_preserve: 0.0004  loss_equivariance: 0.0000  correction_scale: 0.1099  loss_correction_smoothness: 0.0001  loss_coarse: 0.0162  loss_boundary: 0.0410  loss_sdf: 0.0031  grad_norm: 1.5077
2026/09/27 02:15:18 - mmengine - INFO - Iter(train) [ 52700/100000]  base_lr: 3.1005e-04 lr: 3.1005e-05  eta: 9:32:31  time: 0.7210  data_time: 0.0157  memory: 11326  loss: 0.3009  loss_final: 0.0780  loss_rgb: 0.0837  loss_geometry: 0.0467  loss_reliability: 0.0212  loss_preserve: 0.0004  loss_equivariance: 0.0000  correction_scale: 0.1099  loss_correction_smoothness: 0.0001  loss_coarse: 0.0235  loss_boundary: 0.0423  loss_sdf: 0.0050  grad_norm: 1.5891
2026/09/27 02:15:54 - mmengine - INFO - Iter(train) [ 52750/100000]  base_lr: 3.0976e-04 lr: 3.0976e-05  eta: 9:31:54  time: 0.7211  data_time: 0.0160  memory: 11326  loss: 0.3268  loss_final: 0.1021  loss_rgb: 0.0788  loss_geometry: 0.0472  loss_reliability: 0.0185  loss_preserve: 0.0005  loss_equivariance: 0.0000  correction_scale: 0.1100  loss_correction_smoothness: 0.0001  loss_coarse: 0.0307  loss_boundary: 0.0424  loss_sdf: 0.0064  grad_norm: 2.3004
2026/09/27 02:16:30 - mmengine - INFO - Iter(train) [ 52800/100000]  base_lr: 3.0946e-04 lr: 3.0946e-05  eta: 9:31:18  time: 0.7299  data_time: 0.0166  memory: 11326  loss: 0.2352  loss_final: 0.0552  loss_rgb: 0.0684  loss_geometry: 0.0416  loss_reliability: 0.0153  loss_preserve: 0.0004  loss_equivariance: 0.0000  correction_scale: 0.1100  loss_correction_smoothness: 0.0001  loss_coarse: 0.0166  loss_boundary: 0.0350  loss_sdf: 0.0026  grad_norm: 1.6385
2026/09/27 02:17:07 - mmengine - INFO - Iter(train) [ 52850/100000]  base_lr: 3.0917e-04 lr: 3.0917e-05  eta: 9:30:42  time: 0.7134  data_time: 0.0166  memory: 11326  loss: 0.1822  loss_final: 0.0282  loss_rgb: 0.0531  loss_geometry: 0.0582  loss_reliability: 0.0030  loss_preserve: 0.0002  loss_equivariance: 0.0000  correction_scale: 0.1100  loss_correction_smoothness: 0.0000  loss_coarse: 0.0085  loss_boundary: 0.0297  loss_sdf: 0.0013  grad_norm: 1.6576
2026/09/27 02:17:43 - mmengine - INFO - Iter(train) [ 52900/100000]  base_lr: 3.0887e-04 lr: 3.0887e-05  eta: 9:30:06  time: 0.7320  data_time: 0.0181  memory: 11326  loss: 0.3097  loss_final: 0.0716  loss_rgb: 0.0889  loss_geometry: 0.0638  loss_reliability: 0.0142  loss_preserve: 0.0003  loss_equivariance: 0.0000  correction_scale: 0.1100  loss_correction_smoothness: 0.0001  loss_coarse: 0.0216  loss_boundary: 0.0458  loss_sdf: 0.0033  grad_norm: 5.4099
2026/09/27 02:18:20 - mmengine - INFO - Iter(train) [ 52950/100000]  base_lr: 3.0858e-04 lr: 3.0858e-05  eta: 9:29:29  time: 0.7270  data_time: 0.0169  memory: 11326  loss: 0.3902  loss_final: 0.1176  loss_rgb: 0.1022  loss_geometry: 0.0711  loss_reliability: 0.0032  loss_preserve: 0.0006  loss_equivariance: 0.0000  correction_scale: 0.1100  loss_correction_smoothness: 0.0002  loss_coarse: 0.0354  loss_boundary: 0.0530  loss_sdf: 0.0069  grad_norm: 5.6179
2026/09/27 02:18:56 - mmengine - INFO - Exp name: joint_20260926_115805
2026/09/27 02:18:56 - mmengine - INFO - Iter(train) [ 53000/100000]  base_lr: 3.0828e-04 lr: 3.0828e-05  eta: 9:28:53  time: 0.7338  data_time: 0.0175  memory: 11326  loss: 0.2980  loss_final: 0.0649  loss_rgb: 0.0874  loss_geometry: 0.0610  loss_reliability: 0.0192  loss_preserve: 0.0005  loss_equivariance: 0.0000  correction_scale: 0.1100  loss_correction_smoothness: 0.0001  loss_coarse: 0.0195  loss_boundary: 0.0416  loss_sdf: 0.0038  grad_norm: 1.7488
2026/09/27 02:19:33 - mmengine - INFO - Iter(train) [ 53050/100000]  base_lr: 3.0799e-04 lr: 3.0799e-05  eta: 9:28:17  time: 0.7431  data_time: 0.0161  memory: 11326  loss: 0.2314  loss_final: 0.0594  loss_rgb: 0.0583  loss_geometry: 0.0398  loss_reliability: 0.0102  loss_preserve: 0.0004  loss_equivariance: 0.0000  correction_scale: 0.1100  loss_correction_smoothness: 0.0001  loss_coarse: 0.0179  loss_boundary: 0.0413  loss_sdf: 0.0038  grad_norm: 1.5739
2026/09/27 02:20:09 - mmengine - INFO - Iter(train) [ 53100/100000]  base_lr: 3.0769e-04 lr: 3.0769e-05  eta: 9:27:41  time: 0.7317  data_time: 0.0169  memory: 11326  loss: 0.3092  loss_final: 0.0949  loss_rgb: 0.0826  loss_geometry: 0.0369  loss_reliability: 0.0135  loss_preserve: 0.0005  loss_equivariance: 0.0000  correction_scale: 0.1100  loss_correction_smoothness: 0.0002  loss_coarse: 0.0285  loss_boundary: 0.0471  loss_sdf: 0.0050  grad_norm: 1.5845
2026/09/27 02:20:45 - mmengine - INFO - Iter(train) [ 53150/100000]  base_lr: 3.0740e-04 lr: 3.0740e-05  eta: 9:27:04  time: 0.7216  data_time: 0.0160  memory: 11326  loss: 0.3489  loss_final: 0.1037  loss_rgb: 0.0788  loss_geometry: 0.0688  loss_reliability: 0.0189  loss_preserve: 0.0003  loss_equivariance: 0.0000  correction_scale: 0.1101  loss_correction_smoothness: 0.0001  loss_coarse: 0.0312  loss_boundary: 0.0416  loss_sdf: 0.0055  grad_norm: 2.1871
2026/09/27 02:21:22 - mmengine - INFO - Iter(train) [ 53200/100000]  base_lr: 3.0710e-04 lr: 3.0710e-05  eta: 9:26:28  time: 0.7340  data_time: 0.0178  memory: 11326  loss: 0.3407  loss_final: 0.1099  loss_rgb: 0.0881  loss_geometry: 0.0501  loss_reliability: 0.0123  loss_preserve: 0.0005  loss_equivariance: 0.0000  correction_scale: 0.1103  loss_correction_smoothness: 0.0001  loss_coarse: 0.0330  loss_boundary: 0.0413  loss_sdf: 0.0053  grad_norm: 1.8747
2026/09/27 02:21:58 - mmengine - INFO - Iter(train) [ 53250/100000]  base_lr: 3.0681e-04 lr: 3.0681e-05  eta: 9:25:52  time: 0.7135  data_time: 0.0171  memory: 11326  loss: 0.2656  loss_final: 0.0748  loss_rgb: 0.0560  loss_geometry: 0.0726  loss_reliability: 0.0097  loss_preserve: 0.0002  loss_equivariance: 0.0000  correction_scale: 0.1103  loss_correction_smoothness: 0.0001  loss_coarse: 0.0225  loss_boundary: 0.0263  loss_sdf: 0.0035  grad_norm: 1.4793
2026/09/27 02:22:34 - mmengine - INFO - Iter(train) [ 53300/100000]  base_lr: 3.0651e-04 lr: 3.0651e-05  eta: 9:25:15  time: 0.7284  data_time: 0.0166  memory: 11326  loss: 0.3618  loss_final: 0.1152  loss_rgb: 0.0904  loss_geometry: 0.0560  loss_reliability: 0.0161  loss_preserve: 0.0005  loss_equivariance: 0.0000  correction_scale: 0.1104  loss_correction_smoothness: 0.0002  loss_coarse: 0.0346  loss_boundary: 0.0418  loss_sdf: 0.0070  grad_norm: 1.2677
2026/09/27 02:23:11 - mmengine - INFO - Iter(train) [ 53350/100000]  base_lr: 3.0622e-04 lr: 3.0622e-05  eta: 9:24:39  time: 0.7181  data_time: 0.0162  memory: 11326  loss: 0.2454  loss_final: 0.0553  loss_rgb: 0.0709  loss_geometry: 0.0296  loss_reliability: 0.0362  loss_preserve: 0.0003  loss_equivariance: 0.0000  correction_scale: 0.1104  loss_correction_smoothness: 0.0001  loss_coarse: 0.0166  loss_boundary: 0.0339  loss_sdf: 0.0025  grad_norm: 1.2042
2026/09/27 02:23:47 - mmengine - INFO - Iter(train) [ 53400/100000]  base_lr: 3.0592e-04 lr: 3.0592e-05  eta: 9:24:03  time: 0.7317  data_time: 0.0166  memory: 11326  loss: 0.3314  loss_final: 0.1074  loss_rgb: 0.0755  loss_geometry: 0.0515  loss_reliability: 0.0217  loss_preserve: 0.0005  loss_equivariance: 0.0000  correction_scale: 0.1104  loss_correction_smoothness: 0.0001  loss_coarse: 0.0322  loss_boundary: 0.0375  loss_sdf: 0.0048  grad_norm: 2.4727
2026/09/27 02:24:24 - mmengine - INFO - Iter(train) [ 53450/100000]  base_lr: 3.0563e-04 lr: 3.0563e-05  eta: 9:23:27  time: 0.7178  data_time: 0.0170  memory: 11326  loss: 0.2051  loss_final: 0.0396  loss_rgb: 0.0556  loss_geometry: 0.0493  loss_reliability: 0.0146  loss_preserve: 0.0005  loss_equivariance: 0.0000  correction_scale: 0.1104  loss_correction_smoothness: 0.0001  loss_coarse: 0.0119  loss_boundary: 0.0313  loss_sdf: 0.0021  grad_norm: 2.5855
2026/09/27 02:25:00 - mmengine - INFO - Iter(train) [ 53500/100000]  base_lr: 3.0533e-04 lr: 3.0533e-05  eta: 9:22:51  time: 0.7231  data_time: 0.0180  memory: 11326  loss: 0.2994  loss_final: 0.0746  loss_rgb: 0.0747  loss_geometry: 0.0610  loss_reliability: 0.0249  loss_preserve: 0.0004  loss_equivariance: 0.0000  correction_scale: 0.1104  loss_correction_smoothness: 0.0001  loss_coarse: 0.0224  loss_boundary: 0.0367  loss_sdf: 0.0045  grad_norm: 1.2906
2026/09/27 02:25:37 - mmengine - INFO - Iter(train) [ 53550/100000]  base_lr: 3.0504e-04 lr: 3.0504e-05  eta: 9:22:15  time: 0.7236  data_time: 0.0167  memory: 11326  loss: 0.2567  loss_final: 0.0712  loss_rgb: 0.0734  loss_geometry: 0.0410  loss_reliability: 0.0057  loss_preserve: 0.0003  loss_equivariance: 0.0000  correction_scale: 0.1104  loss_correction_smoothness: 0.0001  loss_coarse: 0.0214  loss_boundary: 0.0410  loss_sdf: 0.0026  grad_norm: 1.4529
2026/09/27 02:26:13 - mmengine - INFO - Iter(train) [ 53600/100000]  base_lr: 3.0474e-04 lr: 3.0474e-05  eta: 9:21:38  time: 0.7278  data_time: 0.0172  memory: 11326  loss: 0.2472  loss_final: 0.0679  loss_rgb: 0.0688  loss_geometry: 0.0377  loss_reliability: 0.0067  loss_preserve: 0.0005  loss_equivariance: 0.0000  correction_scale: 0.1104  loss_correction_smoothness: 0.0002  loss_coarse: 0.0204  loss_boundary: 0.0410  loss_sdf: 0.0040  grad_norm: 1.5245
2026/09/27 02:26:50 - mmengine - INFO - Iter(train) [ 53650/100000]  base_lr: 3.0444e-04 lr: 3.0444e-05  eta: 9:21:02  time: 0.7277  data_time: 0.0167  memory: 11326  loss: 0.4339  loss_final: 0.1571  loss_rgb: 0.0986  loss_geometry: 0.0632  loss_reliability: 0.0109  loss_preserve: 0.0006  loss_equivariance: 0.0000  correction_scale: 0.1104  loss_correction_smoothness: 0.0002  loss_coarse: 0.0472  loss_boundary: 0.0473  loss_sdf: 0.0088  grad_norm: 1.4807
2026/09/27 02:27:26 - mmengine - INFO - Iter(train) [ 53700/100000]  base_lr: 3.0415e-04 lr: 3.0415e-05  eta: 9:20:26  time: 0.7439  data_time: 0.0185  memory: 11326  loss: 0.3350  loss_final: 0.0843  loss_rgb: 0.1020  loss_geometry: 0.0605  loss_reliability: 0.0060  loss_preserve: 0.0005  loss_equivariance: 0.0000  correction_scale: 0.1105  loss_correction_smoothness: 0.0001  loss_coarse: 0.0254  loss_boundary: 0.0512  loss_sdf: 0.0049  grad_norm: 1.4665
2026/09/27 02:28:02 - mmengine - INFO - Iter(train) [ 53750/100000]  base_lr: 3.0385e-04 lr: 3.0385e-05  eta: 9:19:50  time: 0.7277  data_time: 0.0162  memory: 11326  loss: 0.2884  loss_final: 0.0735  loss_rgb: 0.0857  loss_geometry: 0.0509  loss_reliability: 0.0063  loss_preserve: 0.0005  loss_equivariance: 0.0000  correction_scale: 0.1105  loss_correction_smoothness: 0.0002  loss_coarse: 0.0221  loss_boundary: 0.0461  loss_sdf: 0.0031  grad_norm: 1.3318
2026/09/27 02:28:39 - mmengine - INFO - Iter(train) [ 53800/100000]  base_lr: 3.0356e-04 lr: 3.0356e-05  eta: 9:19:13  time: 0.7373  data_time: 0.0170  memory: 11326  loss: 0.2949  loss_final: 0.0712  loss_rgb: 0.0854  loss_geometry: 0.0538  loss_reliability: 0.0118  loss_preserve: 0.0004  loss_equivariance: 0.0000  correction_scale: 0.1105  loss_correction_smoothness: 0.0001  loss_coarse: 0.0214  loss_boundary: 0.0469  loss_sdf: 0.0038  grad_norm: 1.3803
2026/09/27 02:29:15 - mmengine - INFO - Iter(train) [ 53850/100000]  base_lr: 3.0326e-04 lr: 3.0326e-05  eta: 9:18:37  time: 0.7367  data_time: 0.0179  memory: 11326  loss: 0.3464  loss_final: 0.0840  loss_rgb: 0.1058  loss_geometry: 0.0696  loss_reliability: 0.0036  loss_preserve: 0.0005  loss_equivariance: 0.0000  correction_scale: 0.1105  loss_correction_smoothness: 0.0001  loss_coarse: 0.0253  loss_boundary: 0.0523  loss_sdf: 0.0052  grad_norm: 1.6771
2026/09/27 02:29:52 - mmengine - INFO - Iter(train) [ 53900/100000]  base_lr: 3.0297e-04 lr: 3.0297e-05  eta: 9:18:01  time: 0.7223  data_time: 0.0177  memory: 11326  loss: 0.2583  loss_final: 0.0533  loss_rgb: 0.0768  loss_geometry: 0.0527  loss_reliability: 0.0146  loss_preserve: 0.0006  loss_equivariance: 0.0000  correction_scale: 0.1105  loss_correction_smoothness: 0.0002  loss_coarse: 0.0160  loss_boundary: 0.0414  loss_sdf: 0.0028  grad_norm: 1.3011
2026/09/27 02:30:28 - mmengine - INFO - Iter(train) [ 53950/100000]  base_lr: 3.0267e-04 lr: 3.0267e-05  eta: 9:17:25  time: 0.7266  data_time: 0.0166  memory: 11326  loss: 0.3636  loss_final: 0.1038  loss_rgb: 0.0989  loss_geometry: 0.0633  loss_reliability: 0.0124  loss_preserve: 0.0003  loss_equivariance: 0.0000  correction_scale: 0.1105  loss_correction_smoothness: 0.0001  loss_coarse: 0.0312  loss_boundary: 0.0475  loss_sdf: 0.0061  grad_norm: 1.2070
2026/09/27 02:31:05 - mmengine - INFO - Exp name: joint_20260926_115805
2026/09/27 02:31:05 - mmengine - INFO - Iter(train) [ 54000/100000]  base_lr: 3.0237e-04 lr: 3.0237e-05  eta: 9:16:49  time: 0.7412  data_time: 0.0176  memory: 11326  loss: 0.3229  loss_final: 0.0901  loss_rgb: 0.0862  loss_geometry: 0.0541  loss_reliability: 0.0131  loss_preserve: 0.0005  loss_equivariance: 0.0000  correction_scale: 0.1105  loss_correction_smoothness: 0.0002  loss_coarse: 0.0271  loss_boundary: 0.0465  loss_sdf: 0.0051  grad_norm: 1.3577
2026/09/27 02:31:05 - mmengine - INFO - Saving checkpoint at 54000 iterations
2026/09/27 02:32:10 - mmengine - INFO - Iter(val) [ 50/304]    eta: 0:05:24  time: 1.2666  data_time: 0.0192  memory: 1184  
2026/09/27 02:33:40 - mmengine - INFO - Iter(val) [100/304]    eta: 0:05:12  time: 1.7295  data_time: 0.0208  memory: 1184  
2026/09/27 02:35:05 - mmengine - INFO - Iter(val) [150/304]    eta: 0:04:05  time: 1.6613  data_time: 0.0211  memory: 1184  
2026/09/27 02:36:30 - mmengine - INFO - Iter(val) [200/304]    eta: 0:02:48  time: 1.6780  data_time: 0.0201  memory: 1184  
2026/09/27 02:37:54 - mmengine - INFO - Iter(val) [250/304]    eta: 0:01:27  time: 1.6888  data_time: 0.0234  memory: 1184  
2026/09/27 02:39:14 - mmengine - INFO - Iter(val) [300/304]    eta: 0:00:06  time: 1.5986  data_time: 0.0220  memory: 1184  
2026/09/27 02:39:21 - mmengine - INFO - per class results:
2026/09/27 02:39:21 - mmengine - INFO - 
+------------------+-------+-------+-------+--------+-----------+--------+
|      Class       |  IoU  |  Acc  |  Dice | Fscore | Precision | Recall |
+------------------+-------+-------+-------+--------+-----------+--------+
|    background    | 97.21 | 97.85 | 98.59 | 98.59  |   99.33   | 97.85  |
| wastewater_plant | 74.39 | 92.54 | 85.31 | 85.31  |   79.14   | 92.54  |
+------------------+-------+-------+-------+--------+-----------+--------+
2026/09/27 02:39:21 - mmengine - INFO - Iter(val) [304/304]    aAcc: 97.4200  mIoU: 85.8000  mAcc: 95.1900  mDice: 91.9500  mFscore: 91.9500  mPrecision: 89.2300  mRecall: 95.1900  binary/Foreground_IoU: 74.3891  binary/Dice: 85.3140  binary/F1: 85.3140  binary/Precision: 79.1366  binary/Recall: 92.5374  binary/Boundary_F1: 14.2390  binary/BFScore: 14.2390  binary/Boundary_Precision: 11.3317  binary/Boundary_Recall: 19.1531  binary/Hausdorff_px: 430.5854  binary/HD95_px: 319.1268  binary/Hausdorff_m: 215.2927  binary/HD95_m: 159.5634  data_time: 0.0227  time: 1.6291
2026/09/27 02:39:57 - mmengine - INFO - Iter(train) [ 54050/100000]  base_lr: 3.0208e-04 lr: 3.0208e-05  eta: 9:16:12  time: 0.7221  data_time: 0.0163  memory: 11326  loss: 0.3631  loss_final: 0.1008  loss_rgb: 0.1050  loss_geometry: 0.0670  loss_reliability: 0.0039  loss_preserve: 0.0005  loss_equivariance: 0.0000  correction_scale: 0.1105  loss_correction_smoothness: 0.0002  loss_coarse: 0.0288  loss_boundary: 0.0510  loss_sdf: 0.0059  grad_norm: 1.4752
2026/09/27 02:40:34 - mmengine - INFO - Iter(train) [ 54100/100000]  base_lr: 3.0178e-04 lr: 3.0178e-05  eta: 9:15:36  time: 0.7337  data_time: 0.0174  memory: 11326  loss: 0.3718  loss_final: 0.1249  loss_rgb: 0.0860  loss_geometry: 0.0575  loss_reliability: 0.0148  loss_preserve: 0.0006  loss_equivariance: 0.0000  correction_scale: 0.1105  loss_correction_smoothness: 0.0002  loss_coarse: 0.0375  loss_boundary: 0.0464  loss_sdf: 0.0040  grad_norm: 1.9352
2026/09/27 02:41:10 - mmengine - INFO - Iter(train) [ 54150/100000]  base_lr: 3.0149e-04 lr: 3.0149e-05  eta: 9:15:00  time: 0.7206  data_time: 0.0165  memory: 11326  loss: 0.3218  loss_final: 0.0883  loss_rgb: 0.0850  loss_geometry: 0.0650  loss_reliability: 0.0095  loss_preserve: 0.0004  loss_equivariance: 0.0000  correction_scale: 0.1105  loss_correction_smoothness: 0.0001  loss_coarse: 0.0266  loss_boundary: 0.0417  loss_sdf: 0.0053  grad_norm: 1.4242
2026/09/27 02:41:47 - mmengine - INFO - Iter(train) [ 54200/100000]  base_lr: 3.0119e-04 lr: 3.0119e-05  eta: 9:14:24  time: 0.7411  data_time: 0.0183  memory: 11326  loss: 0.3202  loss_final: 0.0816  loss_rgb: 0.0813  loss_geometry: 0.0680  loss_reliability: 0.0111  loss_preserve: 0.0005  loss_equivariance: 0.0000  correction_scale: 0.1105  loss_correction_smoothness: 0.0002  loss_coarse: 0.0245  loss_boundary: 0.0473  loss_sdf: 0.0056  grad_norm: 1.6306
2026/09/27 02:42:23 - mmengine - INFO - Iter(train) [ 54250/100000]  base_lr: 3.0089e-04 lr: 3.0089e-05  eta: 9:13:47  time: 0.7306  data_time: 0.0165  memory: 11326  loss: 0.3574  loss_final: 0.0922  loss_rgb: 0.1052  loss_geometry: 0.0576  loss_reliability: 0.0162  loss_preserve: 0.0007  loss_equivariance: 0.0000  correction_scale: 0.1105  loss_correction_smoothness: 0.0002  loss_coarse: 0.0277  loss_boundary: 0.0528  loss_sdf: 0.0048  grad_norm: 1.6104
2026/09/27 02:43:00 - mmengine - INFO - Iter(train) [ 54300/100000]  base_lr: 3.0060e-04 lr: 3.0060e-05  eta: 9:13:11  time: 0.7230  data_time: 0.0159  memory: 11326  loss: 0.2353  loss_final: 0.0374  loss_rgb: 0.0818  loss_geometry: 0.0529  loss_reliability: 0.0091  loss_preserve: 0.0003  loss_equivariance: 0.0000  correction_scale: 0.1105  loss_correction_smoothness: 0.0001  loss_coarse: 0.0113  loss_boundary: 0.0412  loss_sdf: 0.0014  grad_norm: 1.2625
2026/09/27 02:43:36 - mmengine - INFO - Iter(train) [ 54350/100000]  base_lr: 3.0030e-04 lr: 3.0030e-05  eta: 9:12:35  time: 0.7339  data_time: 0.0173  memory: 11326  loss: 0.3227  loss_final: 0.0679  loss_rgb: 0.0970  loss_geometry: 0.0630  loss_reliability: 0.0247  loss_preserve: 0.0004  loss_equivariance: 0.0000  correction_scale: 0.1105  loss_correction_smoothness: 0.0001  loss_coarse: 0.0205  loss_boundary: 0.0462  loss_sdf: 0.0030  grad_norm: 1.1614
2026/09/27 02:44:13 - mmengine - INFO - Iter(train) [ 54400/100000]  base_lr: 3.0001e-04 lr: 3.0001e-05  eta: 9:11:59  time: 0.7395  data_time: 0.0163  memory: 11326  loss: 0.3315  loss_final: 0.0741  loss_rgb: 0.0963  loss_geometry: 0.0601  loss_reliability: 0.0232  loss_preserve: 0.0006  loss_equivariance: 0.0000  correction_scale: 0.1105  loss_correction_smoothness: 0.0002  loss_coarse: 0.0223  loss_boundary: 0.0506  loss_sdf: 0.0042  grad_norm: 1.4382
2026/09/27 02:44:49 - mmengine - INFO - Iter(train) [ 54450/100000]  base_lr: 2.9971e-04 lr: 2.9971e-05  eta: 9:11:23  time: 0.7233  data_time: 0.0167  memory: 11326  loss: 0.3041  loss_final: 0.0969  loss_rgb: 0.0756  loss_geometry: 0.0494  loss_reliability: 0.0113  loss_preserve: 0.0004  loss_equivariance: 0.0000  correction_scale: 0.1105  loss_correction_smoothness: 0.0001  loss_coarse: 0.0291  loss_boundary: 0.0360  loss_sdf: 0.0051  grad_norm: 1.4759
2026/09/27 02:45:25 - mmengine - INFO - Iter(train) [ 54500/100000]  base_lr: 2.9941e-04 lr: 2.9941e-05  eta: 9:10:46  time: 0.7325  data_time: 0.0159  memory: 11326  loss: 0.3321  loss_final: 0.0743  loss_rgb: 0.0935  loss_geometry: 0.0691  loss_reliability: 0.0179  loss_preserve: 0.0004  loss_equivariance: 0.0000  correction_scale: 0.1106  loss_correction_smoothness: 0.0001  loss_coarse: 0.0223  loss_boundary: 0.0499  loss_sdf: 0.0044  grad_norm: 1.8909
2026/09/27 02:46:02 - mmengine - INFO - Iter(train) [ 54550/100000]  base_lr: 2.9912e-04 lr: 2.9912e-05  eta: 9:10:10  time: 0.7228  data_time: 0.0163  memory: 11326  loss: 0.3310  loss_final: 0.0951  loss_rgb: 0.0911  loss_geometry: 0.0546  loss_reliability: 0.0112  loss_preserve: 0.0005  loss_equivariance: 0.0000  correction_scale: 0.1106  loss_correction_smoothness: 0.0001  loss_coarse: 0.0286  loss_boundary: 0.0458  loss_sdf: 0.0040  grad_norm: 1.5639
2026/09/27 02:46:38 - mmengine - INFO - Iter(train) [ 54600/100000]  base_lr: 2.9882e-04 lr: 2.9882e-05  eta: 9:09:34  time: 0.7358  data_time: 0.0160  memory: 11326  loss: 0.3302  loss_final: 0.1020  loss_rgb: 0.0718  loss_geometry: 0.0505  loss_reliability: 0.0317  loss_preserve: 0.0004  loss_equivariance: 0.0000  correction_scale: 0.1106  loss_correction_smoothness: 0.0001  loss_coarse: 0.0306  loss_boundary: 0.0367  loss_sdf: 0.0063  grad_norm: 3.5912
2026/09/27 02:47:15 - mmengine - INFO - Iter(train) [ 54650/100000]  base_lr: 2.9853e-04 lr: 2.9853e-05  eta: 9:08:57  time: 0.7203  data_time: 0.0160  memory: 11326  loss: 0.3268  loss_final: 0.0923  loss_rgb: 0.0912  loss_geometry: 0.0541  loss_reliability: 0.0060  loss_preserve: 0.0006  loss_equivariance: 0.0000  correction_scale: 0.1107  loss_correction_smoothness: 0.0002  loss_coarse: 0.0278  loss_boundary: 0.0507  loss_sdf: 0.0038  grad_norm: 5.2928
2026/09/27 02:47:51 - mmengine - INFO - Iter(train) [ 54700/100000]  base_lr: 2.9823e-04 lr: 2.9823e-05  eta: 9:08:21  time: 0.7420  data_time: 0.0169  memory: 11326  loss: 0.3962  loss_final: 0.1207  loss_rgb: 0.1055  loss_geometry: 0.0632  loss_reliability: 0.0105  loss_preserve: 0.0005  loss_equivariance: 0.0000  correction_scale: 0.1107  loss_correction_smoothness: 0.0002  loss_coarse: 0.0363  loss_boundary: 0.0528  loss_sdf: 0.0065  grad_norm: 1.2876
2026/09/27 02:48:27 - mmengine - INFO - Iter(train) [ 54750/100000]  base_lr: 2.9793e-04 lr: 2.9793e-05  eta: 9:07:45  time: 0.7107  data_time: 0.0168  memory: 11326  loss: 0.2133  loss_final: 0.0562  loss_rgb: 0.0626  loss_geometry: 0.0394  loss_reliability: 0.0039  loss_preserve: 0.0004  loss_equivariance: 0.0000  correction_scale: 0.1107  loss_correction_smoothness: 0.0001  loss_coarse: 0.0169  loss_boundary: 0.0309  loss_sdf: 0.0029  grad_norm: 1.3513
2026/09/27 02:49:04 - mmengine - INFO - Iter(train) [ 54800/100000]  base_lr: 2.9764e-04 lr: 2.9764e-05  eta: 9:07:09  time: 0.7409  data_time: 0.0167  memory: 11326  loss: 0.3157  loss_final: 0.0670  loss_rgb: 0.1000  loss_geometry: 0.0658  loss_reliability: 0.0067  loss_preserve: 0.0004  loss_equivariance: 0.0000  correction_scale: 0.1107  loss_correction_smoothness: 0.0001  loss_coarse: 0.0202  loss_boundary: 0.0519  loss_sdf: 0.0036  grad_norm: 1.2769
2026/09/27 02:49:40 - mmengine - INFO - Iter(train) [ 54850/100000]  base_lr: 2.9734e-04 lr: 2.9734e-05  eta: 9:06:33  time: 0.7283  data_time: 0.0182  memory: 11326  loss: 0.3941  loss_final: 0.1284  loss_rgb: 0.0930  loss_geometry: 0.0579  loss_reliability: 0.0222  loss_preserve: 0.0003  loss_equivariance: 0.0000  correction_scale: 0.1107  loss_correction_smoothness: 0.0001  loss_coarse: 0.0386  loss_boundary: 0.0470  loss_sdf: 0.0066  grad_norm: 1.2603
2026/09/27 02:50:17 - mmengine - INFO - Iter(train) [ 54900/100000]  base_lr: 2.9704e-04 lr: 2.9704e-05  eta: 9:05:56  time: 0.7260  data_time: 0.0173  memory: 11326  loss: 0.3499  loss_final: 0.0897  loss_rgb: 0.0921  loss_geometry: 0.0623  loss_reliability: 0.0260  loss_preserve: 0.0004  loss_equivariance: 0.0000  correction_scale: 0.1107  loss_correction_smoothness: 0.0001  loss_coarse: 0.0270  loss_boundary: 0.0468  loss_sdf: 0.0055  grad_norm: 1.4968
2026/09/27 02:50:53 - mmengine - INFO - Iter(train) [ 54950/100000]  base_lr: 2.9675e-04 lr: 2.9675e-05  eta: 9:05:20  time: 0.7327  data_time: 0.0173  memory: 11326  loss: 0.3280  loss_final: 0.0815  loss_rgb: 0.0931  loss_geometry: 0.0511  loss_reliability: 0.0220  loss_preserve: 0.0004  loss_equivariance: 0.0000  correction_scale: 0.1107  loss_correction_smoothness: 0.0001  loss_coarse: 0.0245  loss_boundary: 0.0518  loss_sdf: 0.0036  grad_norm: 3.5193
2026/09/27 02:51:29 - mmengine - INFO - Exp name: joint_20260926_115805
2026/09/27 02:51:29 - mmengine - INFO - Iter(train) [ 55000/100000]  base_lr: 2.9645e-04 lr: 2.9645e-05  eta: 9:04:44  time: 0.7178  data_time: 0.0165  memory: 11326  loss: 0.1551  loss_final: 0.0339  loss_rgb: 0.0499  loss_geometry: 0.0235  loss_reliability: 0.0093  loss_preserve: 0.0004  loss_equivariance: 0.0000  correction_scale: 0.1107  loss_correction_smoothness: 0.0001  loss_coarse: 0.0102  loss_boundary: 0.0260  loss_sdf: 0.0019  grad_norm: 2.2457
2026/09/27 02:52:06 - mmengine - INFO - Iter(train) [ 55050/100000]  base_lr: 2.9616e-04 lr: 2.9616e-05  eta: 9:04:07  time: 0.7289  data_time: 0.0163  memory: 11326  loss: 0.3026  loss_final: 0.0935  loss_rgb: 0.0777  loss_geometry: 0.0476  loss_reliability: 0.0034  loss_preserve: 0.0005  loss_equivariance: 0.0000  correction_scale: 0.1107  loss_correction_smoothness: 0.0001  loss_coarse: 0.0281  loss_boundary: 0.0462  loss_sdf: 0.0054  grad_norm: 1.8832
2026/09/27 02:52:42 - mmengine - INFO - Iter(train) [ 55100/100000]  base_lr: 2.9586e-04 lr: 2.9586e-05  eta: 9:03:31  time: 0.7191  data_time: 0.0175  memory: 11326  loss: 0.2742  loss_final: 0.0733  loss_rgb: 0.0739  loss_geometry: 0.0460  loss_reliability: 0.0186  loss_preserve: 0.0005  loss_equivariance: 0.0000  correction_scale: 0.1107  loss_correction_smoothness: 0.0001  loss_coarse: 0.0220  loss_boundary: 0.0363  loss_sdf: 0.0035  grad_norm: 1.3858
2026/09/27 02:53:18 - mmengine - INFO - Iter(train) [ 55150/100000]  base_lr: 2.9556e-04 lr: 2.9556e-05  eta: 9:02:55  time: 0.7220  data_time: 0.0167  memory: 11326  loss: 0.3043  loss_final: 0.0729  loss_rgb: 0.0919  loss_geometry: 0.0616  loss_reliability: 0.0055  loss_preserve: 0.0004  loss_equivariance: 0.0000  correction_scale: 0.1107  loss_correction_smoothness: 0.0001  loss_coarse: 0.0219  loss_boundary: 0.0464  loss_sdf: 0.0036  grad_norm: 1.7643
2026/09/27 02:53:55 - mmengine - INFO - Iter(train) [ 55200/100000]  base_lr: 2.9527e-04 lr: 2.9527e-05  eta: 9:02:18  time: 0.7356  data_time: 0.0165  memory: 11326  loss: 0.2938  loss_final: 0.0954  loss_rgb: 0.0731  loss_geometry: 0.0418  loss_reliability: 0.0070  loss_preserve: 0.0006  loss_equivariance: 0.0000  correction_scale: 0.1107  loss_correction_smoothness: 0.0002  loss_coarse: 0.0287  loss_boundary: 0.0411  loss_sdf: 0.0059  grad_norm: 2.1765
2026/09/27 02:54:31 - mmengine - INFO - Iter(train) [ 55250/100000]  base_lr: 2.9497e-04 lr: 2.9497e-05  eta: 9:01:42  time: 0.7281  data_time: 0.0166  memory: 11326  loss: 0.2871  loss_final: 0.0685  loss_rgb: 0.0868  loss_geometry: 0.0528  loss_reliability: 0.0076  loss_preserve: 0.0006  loss_equivariance: 0.0000  correction_scale: 0.1107  loss_correction_smoothness: 0.0002  loss_coarse: 0.0206  loss_boundary: 0.0458  loss_sdf: 0.0043  grad_norm: 2.3421
2026/09/27 02:55:08 - mmengine - INFO - Iter(train) [ 55300/100000]  base_lr: 2.9467e-04 lr: 2.9467e-05  eta: 9:01:06  time: 0.7278  data_time: 0.0167  memory: 11326  loss: 0.4154  loss_final: 0.1306  loss_rgb: 0.0890  loss_geometry: 0.0807  loss_reliability: 0.0172  loss_preserve: 0.0006  loss_equivariance: 0.0000  correction_scale: 0.1108  loss_correction_smoothness: 0.0002  loss_coarse: 0.0392  loss_boundary: 0.0480  loss_sdf: 0.0098  grad_norm: 1.5841
2026/09/27 02:55:44 - mmengine - INFO - Iter(train) [ 55350/100000]  base_lr: 2.9438e-04 lr: 2.9438e-05  eta: 9:00:30  time: 0.7152  data_time: 0.0161  memory: 11326  loss: 0.3312  loss_final: 0.1230  loss_rgb: 0.0766  loss_geometry: 0.0445  loss_reliability: 0.0071  loss_preserve: 0.0003  loss_equivariance: 0.0000  correction_scale: 0.1108  loss_correction_smoothness: 0.0001  loss_coarse: 0.0363  loss_boundary: 0.0409  loss_sdf: 0.0023  grad_norm: 1.6592
2026/09/27 02:56:20 - mmengine - INFO - Iter(train) [ 55400/100000]  base_lr: 2.9408e-04 lr: 2.9408e-05  eta: 8:59:53  time: 0.7334  data_time: 0.0163  memory: 11326  loss: 0.3012  loss_final: 0.0693  loss_rgb: 0.0908  loss_geometry: 0.0576  loss_reliability: 0.0131  loss_preserve: 0.0003  loss_equivariance: 0.0000  correction_scale: 0.1108  loss_correction_smoothness: 0.0001  loss_coarse: 0.0209  loss_boundary: 0.0461  loss_sdf: 0.0031  grad_norm: 1.3680
2026/09/27 02:56:56 - mmengine - INFO - Iter(train) [ 55450/100000]  base_lr: 2.9378e-04 lr: 2.9378e-05  eta: 8:59:17  time: 0.7243  data_time: 0.0163  memory: 11326  loss: 0.3597  loss_final: 0.1116  loss_rgb: 0.0909  loss_geometry: 0.0614  loss_reliability: 0.0118  loss_preserve: 0.0004  loss_equivariance: 0.0000  correction_scale: 0.1108  loss_correction_smoothness: 0.0001  loss_coarse: 0.0335  loss_boundary: 0.0460  loss_sdf: 0.0040  grad_norm: 1.6772
2026/09/27 02:57:32 - mmengine - INFO - Iter(train) [ 55500/100000]  base_lr: 2.9349e-04 lr: 2.9349e-05  eta: 8:58:40  time: 0.7224  data_time: 0.0157  memory: 11326  loss: 0.2854  loss_final: 0.0734  loss_rgb: 0.0806  loss_geometry: 0.0359  loss_reliability: 0.0226  loss_preserve: 0.0004  loss_equivariance: 0.0000  correction_scale: 0.1108  loss_correction_smoothness: 0.0001  loss_coarse: 0.0221  loss_boundary: 0.0465  loss_sdf: 0.0037  grad_norm: 1.8727
2026/09/27 02:58:09 - mmengine - INFO - Iter(train) [ 55550/100000]  base_lr: 2.9319e-04 lr: 2.9319e-05  eta: 8:58:04  time: 0.7240  data_time: 0.0171  memory: 11326  loss: 0.2783  loss_final: 0.0858  loss_rgb: 0.0630  loss_geometry: 0.0505  loss_reliability: 0.0129  loss_preserve: 0.0003  loss_equivariance: 0.0000  correction_scale: 0.1108  loss_correction_smoothness: 0.0001  loss_coarse: 0.0258  loss_boundary: 0.0356  loss_sdf: 0.0043  grad_norm: 1.5965
2026/09/27 02:58:45 - mmengine - INFO - Iter(train) [ 55600/100000]  base_lr: 2.9289e-04 lr: 2.9289e-05  eta: 8:57:28  time: 0.7358  data_time: 0.0159  memory: 11326  loss: 0.2949  loss_final: 0.0686  loss_rgb: 0.0919  loss_geometry: 0.0483  loss_reliability: 0.0094  loss_preserve: 0.0005  loss_equivariance: 0.0000  correction_scale: 0.1108  loss_correction_smoothness: 0.0001  loss_coarse: 0.0207  loss_boundary: 0.0521  loss_sdf: 0.0032  grad_norm: 1.5781
2026/09/27 02:59:22 - mmengine - INFO - Iter(train) [ 55650/100000]  base_lr: 2.9259e-04 lr: 2.9259e-05  eta: 8:56:52  time: 0.7230  data_time: 0.0162  memory: 11326  loss: 0.3627  loss_final: 0.1073  loss_rgb: 0.0870  loss_geometry: 0.0674  loss_reliability: 0.0135  loss_preserve: 0.0004  loss_equivariance: 0.0000  correction_scale: 0.1108  loss_correction_smoothness: 0.0001  loss_coarse: 0.0323  loss_boundary: 0.0475  loss_sdf: 0.0071  grad_norm: 1.4525
2026/09/27 02:59:58 - mmengine - INFO - Iter(train) [ 55700/100000]  base_lr: 2.9230e-04 lr: 2.9230e-05  eta: 8:56:15  time: 0.7346  data_time: 0.0170  memory: 11326  loss: 0.4156  loss_final: 0.1377  loss_rgb: 0.1027  loss_geometry: 0.0643  loss_reliability: 0.0116  loss_preserve: 0.0004  loss_equivariance: 0.0000  correction_scale: 0.1108  loss_correction_smoothness: 0.0001  loss_coarse: 0.0414  loss_boundary: 0.0507  loss_sdf: 0.0066  grad_norm: 1.6228
2026/09/27 03:00:34 - mmengine - INFO - Iter(train) [ 55750/100000]  base_lr: 2.9200e-04 lr: 2.9200e-05  eta: 8:55:39  time: 0.7246  data_time: 0.0164  memory: 11326  loss: 0.3024  loss_final: 0.0700  loss_rgb: 0.0865  loss_geometry: 0.0616  loss_reliability: 0.0126  loss_preserve: 0.0006  loss_equivariance: 0.0000  correction_scale: 0.1108  loss_correction_smoothness: 0.0002  loss_coarse: 0.0211  loss_boundary: 0.0459  loss_sdf: 0.0038  grad_norm: 1.5809
2026/09/27 03:01:11 - mmengine - INFO - Iter(train) [ 55800/100000]  base_lr: 2.9170e-04 lr: 2.9170e-05  eta: 8:55:03  time: 0.7393  data_time: 0.0174  memory: 11326  loss: 0.3818  loss_final: 0.1188  loss_rgb: 0.0791  loss_geometry: 0.0862  loss_reliability: 0.0190  loss_preserve: 0.0001  loss_equivariance: 0.0000  correction_scale: 0.1108  loss_correction_smoothness: 0.0000  loss_coarse: 0.0357  loss_boundary: 0.0395  loss_sdf: 0.0033  grad_norm: 1.6809
2026/09/27 03:01:47 - mmengine - INFO - Iter(train) [ 55850/100000]  base_lr: 2.9141e-04 lr: 2.9141e-05  eta: 8:54:27  time: 0.7204  data_time: 0.0167  memory: 11326  loss: 0.3896  loss_final: 0.1291  loss_rgb: 0.0891  loss_geometry: 0.0710  loss_reliability: 0.0139  loss_preserve: 0.0003  loss_equivariance: 0.0000  correction_scale: 0.1108  loss_correction_smoothness: 0.0001  loss_coarse: 0.0389  loss_boundary: 0.0420  loss_sdf: 0.0053  grad_norm: 1.9960
2026/09/27 03:02:24 - mmengine - INFO - Iter(train) [ 55900/100000]  base_lr: 2.9111e-04 lr: 2.9111e-05  eta: 8:53:51  time: 0.7331  data_time: 0.0166  memory: 11326  loss: 0.3260  loss_final: 0.0699  loss_rgb: 0.0901  loss_geometry: 0.0692  loss_reliability: 0.0249  loss_preserve: 0.0006  loss_equivariance: 0.0000  correction_scale: 0.1108  loss_correction_smoothness: 0.0002  loss_coarse: 0.0210  loss_boundary: 0.0462  loss_sdf: 0.0038  grad_norm: 2.1261
2026/09/27 03:03:00 - mmengine - INFO - Iter(train) [ 55950/100000]  base_lr: 2.9081e-04 lr: 2.9081e-05  eta: 8:53:14  time: 0.7163  data_time: 0.0163  memory: 11326  loss: 0.2341  loss_final: 0.0648  loss_rgb: 0.0627  loss_geometry: 0.0350  loss_reliability: 0.0063  loss_preserve: 0.0006  loss_equivariance: 0.0000  correction_scale: 0.1108  loss_correction_smoothness: 0.0002  loss_coarse: 0.0195  loss_boundary: 0.0411  loss_sdf: 0.0040  grad_norm: 2.6265
2026/09/27 03:03:37 - mmengine - INFO - Exp name: joint_20260926_115805
2026/09/27 03:03:37 - mmengine - INFO - Iter(train) [ 56000/100000]  base_lr: 2.9052e-04 lr: 2.9052e-05  eta: 8:52:38  time: 0.7290  data_time: 0.0173  memory: 11326  loss: 0.3521  loss_final: 0.1068  loss_rgb: 0.0851  loss_geometry: 0.0670  loss_reliability: 0.0169  loss_preserve: 0.0004  loss_equivariance: 0.0000  correction_scale: 0.1108  loss_correction_smoothness: 0.0001  loss_coarse: 0.0321  loss_boundary: 0.0411  loss_sdf: 0.0025  grad_norm: 2.2594
2026/09/27 03:03:37 - mmengine - INFO - Saving checkpoint at 56000 iterations
2026/09/27 03:04:42 - mmengine - INFO - Iter(val) [ 50/304]    eta: 0:05:23  time: 1.2650  data_time: 0.0208  memory: 1184  
2026/09/27 03:06:11 - mmengine - INFO - Iter(val) [100/304]    eta: 0:05:10  time: 1.7221  data_time: 0.0212  memory: 1184  
2026/09/27 03:07:35 - mmengine - INFO - Iter(val) [150/304]    eta: 0:04:02  time: 1.6870  data_time: 0.0210  memory: 1184  
2026/09/27 03:08:58 - mmengine - INFO - Iter(val) [200/304]    eta: 0:02:46  time: 1.6898  data_time: 0.0206  memory: 1184  
2026/09/27 03:10:21 - mmengine - INFO - Iter(val) [250/304]    eta: 0:01:26  time: 1.6397  data_time: 0.0206  memory: 1184  
2026/09/27 03:11:42 - mmengine - INFO - Iter(val) [300/304]    eta: 0:00:06  time: 1.6158  data_time: 0.0207  memory: 1184  
2026/09/27 03:11:49 - mmengine - INFO - per class results:
2026/09/27 03:11:49 - mmengine - INFO - 
+------------------+-------+-------+-------+--------+-----------+--------+
|      Class       |  IoU  |  Acc  |  Dice | Fscore | Precision | Recall |
+------------------+-------+-------+-------+--------+-----------+--------+
|    background    | 97.79 | 98.72 | 98.88 | 98.88  |   99.04   | 98.72  |
| wastewater_plant | 77.86 | 89.15 | 87.55 | 87.55  |   86.01   | 89.15  |
+------------------+-------+-------+-------+--------+-----------+--------+
2026/09/27 03:11:49 - mmengine - INFO - Iter(val) [304/304]    aAcc: 97.9500  mIoU: 87.8200  mAcc: 93.9300  mDice: 93.2200  mFscore: 93.2200  mPrecision: 92.5300  mRecall: 93.9300  binary/Foreground_IoU: 77.8590  binary/Dice: 87.5514  binary/F1: 87.5514  binary/Precision: 86.0126  binary/Recall: 89.1462  binary/Boundary_F1: 17.0410  binary/BFScore: 17.0410  binary/Boundary_Precision: 14.9104  binary/Boundary_Recall: 19.8820  binary/Hausdorff_px: 311.3278  binary/HD95_px: 211.2858  binary/Hausdorff_m: 155.6639  binary/HD95_m: 105.6429  data_time: 0.0230  time: 1.6141
2026/09/27 03:12:25 - mmengine - INFO - Iter(train) [ 56050/100000]  base_lr: 2.9022e-04 lr: 2.9022e-05  eta: 8:52:02  time: 0.7255  data_time: 0.0170  memory: 11326  loss: 0.2729  loss_final: 0.0622  loss_rgb: 0.0859  loss_geometry: 0.0539  loss_reliability: 0.0042  loss_preserve: 0.0004  loss_equivariance: 0.0000  correction_scale: 0.1108  loss_correction_smoothness: 0.0001  loss_coarse: 0.0187  loss_boundary: 0.0445  loss_sdf: 0.0029  grad_norm: 1.5800
2026/09/27 03:13:02 - mmengine - INFO - Iter(train) [ 56100/100000]  base_lr: 2.8992e-04 lr: 2.8992e-05  eta: 8:51:26  time: 0.7282  data_time: 0.0164  memory: 11326  loss: 0.3232  loss_final: 0.0917  loss_rgb: 0.0917  loss_geometry: 0.0489  loss_reliability: 0.0059  loss_preserve: 0.0007  loss_equivariance: 0.0000  correction_scale: 0.1108  loss_correction_smoothness: 0.0002  loss_coarse: 0.0276  loss_boundary: 0.0512  loss_sdf: 0.0052  grad_norm: 1.7878
2026/09/27 03:13:38 - mmengine - INFO - Iter(train) [ 56150/100000]  base_lr: 2.8962e-04 lr: 2.8962e-05  eta: 8:50:49  time: 0.7199  data_time: 0.0158  memory: 11326  loss: 0.4070  loss_final: 0.1339  loss_rgb: 0.0987  loss_geometry: 0.0715  loss_reliability: 0.0106  loss_preserve: 0.0005  loss_equivariance: 0.0000  correction_scale: 0.1108  loss_correction_smoothness: 0.0001  loss_coarse: 0.0403  loss_boundary: 0.0463  loss_sdf: 0.0052  grad_norm: 1.3579
2026/09/27 03:14:15 - mmengine - INFO - Iter(train) [ 56200/100000]  base_lr: 2.8933e-04 lr: 2.8933e-05  eta: 8:50:13  time: 0.7350  data_time: 0.0176  memory: 11326  loss: 0.3689  loss_final: 0.1189  loss_rgb: 0.0826  loss_geometry: 0.0629  loss_reliability: 0.0169  loss_preserve: 0.0004  loss_equivariance: 0.0000  correction_scale: 0.1108  loss_correction_smoothness: 0.0001  loss_coarse: 0.0356  loss_boundary: 0.0469  loss_sdf: 0.0046  grad_norm: 1.4972
2026/09/27 03:14:52 - mmengine - INFO - Iter(train) [ 56250/100000]  base_lr: 2.8903e-04 lr: 2.8903e-05  eta: 8:49:37  time: 0.7313  data_time: 0.0173  memory: 11326  loss: 0.3825  loss_final: 0.0960  loss_rgb: 0.1038  loss_geometry: 0.0805  loss_reliability: 0.0163  loss_preserve: 0.0003  loss_equivariance: 0.0000  correction_scale: 0.1108  loss_correction_smoothness: 0.0001  loss_coarse: 0.0289  loss_boundary: 0.0516  loss_sdf: 0.0049  grad_norm: 1.4427
2026/09/27 03:15:28 - mmengine - INFO - Iter(train) [ 56300/100000]  base_lr: 2.8873e-04 lr: 2.8873e-05  eta: 8:49:01  time: 0.7312  data_time: 0.0180  memory: 11326  loss: 0.3111  loss_final: 0.0743  loss_rgb: 0.0689  loss_geometry: 0.0789  loss_reliability: 0.0139  loss_preserve: 0.0006  loss_equivariance: 0.0000  correction_scale: 0.1108  loss_correction_smoothness: 0.0002  loss_coarse: 0.0223  loss_boundary: 0.0472  loss_sdf: 0.0048  grad_norm: 1.3166
2026/09/27 03:16:04 - mmengine - INFO - Iter(train) [ 56350/100000]  base_lr: 2.8844e-04 lr: 2.8844e-05  eta: 8:48:25  time: 0.7241  data_time: 0.0158  memory: 11326  loss: 0.2686  loss_final: 0.0670  loss_rgb: 0.0720  loss_geometry: 0.0527  loss_reliability: 0.0110  loss_preserve: 0.0003  loss_equivariance: 0.0000  correction_scale: 0.1109  loss_correction_smoothness: 0.0001  loss_coarse: 0.0202  loss_boundary: 0.0415  loss_sdf: 0.0037  grad_norm: 1.3091
2026/09/27 03:16:41 - mmengine - INFO - Iter(train) [ 56400/100000]  base_lr: 2.8814e-04 lr: 2.8814e-05  eta: 8:47:49  time: 0.7457  data_time: 0.0174  memory: 11326  loss: 0.3123  loss_final: 0.0893  loss_rgb: 0.0803  loss_geometry: 0.0581  loss_reliability: 0.0115  loss_preserve: 0.0004  loss_equivariance: 0.0000  correction_scale: 0.1109  loss_correction_smoothness: 0.0001  loss_coarse: 0.0268  loss_boundary: 0.0416  loss_sdf: 0.0042  grad_norm: 1.4933
2026/09/27 03:17:18 - mmengine - INFO - Iter(train) [ 56450/100000]  base_lr: 2.8784e-04 lr: 2.8784e-05  eta: 8:47:13  time: 0.7197  data_time: 0.0168  memory: 11326  loss: 0.3607  loss_final: 0.1115  loss_rgb: 0.0882  loss_geometry: 0.0655  loss_reliability: 0.0157  loss_preserve: 0.0004  loss_equivariance: 0.0000  correction_scale: 0.1108  loss_correction_smoothness: 0.0001  loss_coarse: 0.0335  loss_boundary: 0.0405  loss_sdf: 0.0054  grad_norm: 1.6442
2026/09/27 03:17:55 - mmengine - INFO - Iter(train) [ 56500/100000]  base_lr: 2.8754e-04 lr: 2.8754e-05  eta: 8:46:37  time: 0.7205  data_time: 0.0174  memory: 11326  loss: 0.3469  loss_final: 0.1012  loss_rgb: 0.0820  loss_geometry: 0.0581  loss_reliability: 0.0195  loss_preserve: 0.0008  loss_equivariance: 0.0000  correction_scale: 0.1109  loss_correction_smoothness: 0.0002  loss_coarse: 0.0304  loss_boundary: 0.0477  loss_sdf: 0.0068  grad_norm: 2.5554
2026/09/27 03:18:31 - mmengine - INFO - Iter(train) [ 56550/100000]  base_lr: 2.8725e-04 lr: 2.8725e-05  eta: 8:46:01  time: 0.7300  data_time: 0.0189  memory: 11326  loss: 0.3203  loss_final: 0.0904  loss_rgb: 0.0757  loss_geometry: 0.0605  loss_reliability: 0.0192  loss_preserve: 0.0004  loss_equivariance: 0.0000  correction_scale: 0.1109  loss_correction_smoothness: 0.0001  loss_coarse: 0.0272  loss_boundary: 0.0421  loss_sdf: 0.0048  grad_norm: 3.0168
2026/09/27 03:19:08 - mmengine - INFO - Iter(train) [ 56600/100000]  base_lr: 2.8695e-04 lr: 2.8695e-05  eta: 8:45:24  time: 0.7361  data_time: 0.0163  memory: 11326  loss: 0.3430  loss_final: 0.0976  loss_rgb: 0.0903  loss_geometry: 0.0690  loss_reliability: 0.0053  loss_preserve: 0.0004  loss_equivariance: 0.0000  correction_scale: 0.1109  loss_correction_smoothness: 0.0001  loss_coarse: 0.0293  loss_boundary: 0.0457  loss_sdf: 0.0055  grad_norm: 1.9544
2026/09/27 03:19:44 - mmengine - INFO - Iter(train) [ 56650/100000]  base_lr: 2.8665e-04 lr: 2.8665e-05  eta: 8:44:48  time: 0.7331  data_time: 0.0185  memory: 11326  loss: 0.3509  loss_final: 0.1019  loss_rgb: 0.0963  loss_geometry: 0.0596  loss_reliability: 0.0095  loss_preserve: 0.0004  loss_equivariance: 0.0000  correction_scale: 0.1109  loss_correction_smoothness: 0.0001  loss_coarse: 0.0306  loss_boundary: 0.0471  loss_sdf: 0.0054  grad_norm: 2.5988
2026/09/27 03:20:20 - mmengine - INFO - Iter(train) [ 56700/100000]  base_lr: 2.8635e-04 lr: 2.8635e-05  eta: 8:44:12  time: 0.7244  data_time: 0.0161  memory: 11326  loss: 0.4118  loss_final: 0.1630  loss_rgb: 0.0896  loss_geometry: 0.0496  loss_reliability: 0.0052  loss_preserve: 0.0005  loss_equivariance: 0.0000  correction_scale: 0.1110  loss_correction_smoothness: 0.0001  loss_coarse: 0.0490  loss_boundary: 0.0468  loss_sdf: 0.0079  grad_norm: 2.8390
2026/09/27 03:20:57 - mmengine - INFO - Iter(train) [ 56750/100000]  base_lr: 2.8606e-04 lr: 2.8606e-05  eta: 8:43:36  time: 0.7278  data_time: 0.0177  memory: 11326  loss: 0.4074  loss_final: 0.1422  loss_rgb: 0.1027  loss_geometry: 0.0581  loss_reliability: 0.0035  loss_preserve: 0.0006  loss_equivariance: 0.0000  correction_scale: 0.1110  loss_correction_smoothness: 0.0002  loss_coarse: 0.0427  loss_boundary: 0.0517  loss_sdf: 0.0057  grad_norm: 1.5805
2026/09/27 03:21:33 - mmengine - INFO - Iter(train) [ 56800/100000]  base_lr: 2.8576e-04 lr: 2.8576e-05  eta: 8:42:59  time: 0.7378  data_time: 0.0164  memory: 11326  loss: 0.3087  loss_final: 0.0779  loss_rgb: 0.0851  loss_geometry: 0.0628  loss_reliability: 0.0139  loss_preserve: 0.0004  loss_equivariance: 0.0000  correction_scale: 0.1110  loss_correction_smoothness: 0.0001  loss_coarse: 0.0234  loss_boundary: 0.0409  loss_sdf: 0.0043  grad_norm: 1.5280
2026/09/27 03:22:10 - mmengine - INFO - Iter(train) [ 56850/100000]  base_lr: 2.8546e-04 lr: 2.8546e-05  eta: 8:42:23  time: 0.7303  data_time: 0.0163  memory: 11326  loss: 0.3674  loss_final: 0.1124  loss_rgb: 0.0950  loss_geometry: 0.0553  loss_reliability: 0.0165  loss_preserve: 0.0006  loss_equivariance: 0.0000  correction_scale: 0.1110  loss_correction_smoothness: 0.0002  loss_coarse: 0.0338  loss_boundary: 0.0470  loss_sdf: 0.0066  grad_norm: 1.6391
2026/09/27 03:22:46 - mmengine - INFO - Iter(train) [ 56900/100000]  base_lr: 2.8516e-04 lr: 2.8516e-05  eta: 8:41:47  time: 0.7222  data_time: 0.0170  memory: 11326  loss: 0.2558  loss_final: 0.0697  loss_rgb: 0.0766  loss_geometry: 0.0350  loss_reliability: 0.0062  loss_preserve: 0.0005  loss_equivariance: 0.0000  correction_scale: 0.1110  loss_correction_smoothness: 0.0002  loss_coarse: 0.0210  loss_boundary: 0.0421  loss_sdf: 0.0045  grad_norm: 1.6643
2026/09/27 03:23:22 - mmengine - INFO - Iter(train) [ 56950/100000]  base_lr: 2.8486e-04 lr: 2.8486e-05  eta: 8:41:10  time: 0.7368  data_time: 0.0163  memory: 11326  loss: 0.3908  loss_final: 0.1185  loss_rgb: 0.1068  loss_geometry: 0.0578  loss_reliability: 0.0117  loss_preserve: 0.0005  loss_equivariance: 0.0000  correction_scale: 0.1110  loss_correction_smoothness: 0.0002  loss_coarse: 0.0356  loss_boundary: 0.0521  loss_sdf: 0.0077  grad_norm: 1.4109
2026/09/27 03:23:58 - mmengine - INFO - Exp name: joint_20260926_115805
2026/09/27 03:23:58 - mmengine - INFO - Iter(train) [ 57000/100000]  base_lr: 2.8457e-04 lr: 2.8457e-05  eta: 8:40:34  time: 0.7247  data_time: 0.0167  memory: 11326  loss: 0.2229  loss_final: 0.0580  loss_rgb: 0.0540  loss_geometry: 0.0467  loss_reliability: 0.0135  loss_preserve: 0.0003  loss_equivariance: 0.0000  correction_scale: 0.1110  loss_correction_smoothness: 0.0001  loss_coarse: 0.0174  loss_boundary: 0.0296  loss_sdf: 0.0033  grad_norm: 2.9761
2026/09/27 03:24:35 - mmengine - INFO - Iter(train) [ 57050/100000]  base_lr: 2.8427e-04 lr: 2.8427e-05  eta: 8:39:58  time: 0.7200  data_time: 0.0160  memory: 11326  loss: 0.2992  loss_final: 0.0801  loss_rgb: 0.0856  loss_geometry: 0.0435  loss_reliability: 0.0146  loss_preserve: 0.0005  loss_equivariance: 0.0000  correction_scale: 0.1110  loss_correction_smoothness: 0.0001  loss_coarse: 0.0241  loss_boundary: 0.0463  loss_sdf: 0.0043  grad_norm: nan
2026/09/27 03:25:11 - mmengine - INFO - Iter(train) [ 57100/100000]  base_lr: 2.8397e-04 lr: 2.8397e-05  eta: 8:39:21  time: 0.7261  data_time: 0.0169  memory: 11326  loss: 0.3098  loss_final: 0.0750  loss_rgb: 0.0933  loss_geometry: 0.0544  loss_reliability: 0.0149  loss_preserve: 0.0004  loss_equivariance: 0.0000  correction_scale: 0.1110  loss_correction_smoothness: 0.0001  loss_coarse: 0.0226  loss_boundary: 0.0461  loss_sdf: 0.0030  grad_norm: nan
2026/09/27 03:25:47 - mmengine - INFO - Iter(train) [ 57150/100000]  base_lr: 2.8367e-04 lr: 2.8367e-05  eta: 8:38:45  time: 0.7147  data_time: 0.0163  memory: 11326  loss: 0.2724  loss_final: 0.0595  loss_rgb: 0.0866  loss_geometry: 0.0494  loss_reliability: 0.0102  loss_preserve: 0.0003  loss_equivariance: 0.0000  correction_scale: 0.1110  loss_correction_smoothness: 0.0001  loss_coarse: 0.0179  loss_boundary: 0.0459  loss_sdf: 0.0026  grad_norm: 1.7835
2026/09/27 03:26:24 - mmengine - INFO - Iter(train) [ 57200/100000]  base_lr: 2.8338e-04 lr: 2.8338e-05  eta: 8:38:09  time: 0.7391  data_time: 0.0183  memory: 11326  loss: 0.3307  loss_final: 0.1014  loss_rgb: 0.0893  loss_geometry: 0.0570  loss_reliability: 0.0069  loss_preserve: 0.0004  loss_equivariance: 0.0000  correction_scale: 0.1110  loss_correction_smoothness: 0.0001  loss_coarse: 0.0305  loss_boundary: 0.0400  loss_sdf: 0.0051  grad_norm: 2.2638
2026/09/27 03:27:00 - mmengine - INFO - Iter(train) [ 57250/100000]  base_lr: 2.8308e-04 lr: 2.8308e-05  eta: 8:37:32  time: 0.7132  data_time: 0.0161  memory: 11326  loss: 0.2893  loss_final: 0.0870  loss_rgb: 0.0732  loss_geometry: 0.0518  loss_reliability: 0.0131  loss_preserve: 0.0003  loss_equivariance: 0.0000  correction_scale: 0.1110  loss_correction_smoothness: 0.0001  loss_coarse: 0.0261  loss_boundary: 0.0349  loss_sdf: 0.0029  grad_norm: 2.3339
2026/09/27 03:27:36 - mmengine - INFO - Iter(train) [ 57300/100000]  base_lr: 2.8278e-04 lr: 2.8278e-05  eta: 8:36:56  time: 0.7237  data_time: 0.0165  memory: 11326  loss: 0.2575  loss_final: 0.0363  loss_rgb: 0.0836  loss_geometry: 0.0778  loss_reliability: 0.0073  loss_preserve: 0.0002  loss_equivariance: 0.0000  correction_scale: 0.1111  loss_correction_smoothness: 0.0001  loss_coarse: 0.0110  loss_boundary: 0.0398  loss_sdf: 0.0014  grad_norm: 1.9444
2026/09/27 03:28:12 - mmengine - INFO - Iter(train) [ 57350/100000]  base_lr: 2.8248e-04 lr: 2.8248e-05  eta: 8:36:19  time: 0.7175  data_time: 0.0158  memory: 11326  loss: 0.3053  loss_final: 0.0857  loss_rgb: 0.0876  loss_geometry: 0.0543  loss_reliability: 0.0067  loss_preserve: 0.0005  loss_equivariance: 0.0000  correction_scale: 0.1111  loss_correction_smoothness: 0.0001  loss_coarse: 0.0258  loss_boundary: 0.0409  loss_sdf: 0.0038  grad_norm: 0.9760
2026/09/27 03:28:49 - mmengine - INFO - Iter(train) [ 57400/100000]  base_lr: 2.8218e-04 lr: 2.8218e-05  eta: 8:35:43  time: 0.7437  data_time: 0.0161  memory: 11326  loss: 0.3921  loss_final: 0.1237  loss_rgb: 0.0932  loss_geometry: 0.0610  loss_reliability: 0.0164  loss_preserve: 0.0007  loss_equivariance: 0.0000  correction_scale: 0.1111  loss_correction_smoothness: 0.0002  loss_coarse: 0.0372  loss_boundary: 0.0513  loss_sdf: 0.0084  grad_norm: 1.3556
2026/09/27 03:29:25 - mmengine - INFO - Iter(train) [ 57450/100000]  base_lr: 2.8189e-04 lr: 2.8189e-05  eta: 8:35:07  time: 0.7282  data_time: 0.0167  memory: 11326  loss: 0.3881  loss_final: 0.1185  loss_rgb: 0.0944  loss_geometry: 0.0730  loss_reliability: 0.0103  loss_preserve: 0.0006  loss_equivariance: 0.0000  correction_scale: 0.1111  loss_correction_smoothness: 0.0002  loss_coarse: 0.0356  loss_boundary: 0.0472  loss_sdf: 0.0083  grad_norm: 1.7747
2026/09/27 03:30:02 - mmengine - INFO - Iter(train) [ 57500/100000]  base_lr: 2.8159e-04 lr: 2.8159e-05  eta: 8:34:31  time: 0.7293  data_time: 0.0176  memory: 11326  loss: 0.4730  loss_final: 0.1573  loss_rgb: 0.1079  loss_geometry: 0.0970  loss_reliability: 0.0067  loss_preserve: 0.0003  loss_equivariance: 0.0000  correction_scale: 0.1111  loss_correction_smoothness: 0.0001  loss_coarse: 0.0473  loss_boundary: 0.0512  loss_sdf: 0.0052  grad_norm: 2.8534
2026/09/27 03:30:38 - mmengine - INFO - Iter(train) [ 57550/100000]  base_lr: 2.8129e-04 lr: 2.8129e-05  eta: 8:33:54  time: 0.7192  data_time: 0.0166  memory: 11326  loss: 0.2692  loss_final: 0.0638  loss_rgb: 0.0788  loss_geometry: 0.0538  loss_reliability: 0.0134  loss_preserve: 0.0005  loss_equivariance: 0.0000  correction_scale: 0.1111  loss_correction_smoothness: 0.0001  loss_coarse: 0.0192  loss_boundary: 0.0360  loss_sdf: 0.0036  grad_norm: 3.5567
2026/09/27 03:31:14 - mmengine - INFO - Iter(train) [ 57600/100000]  base_lr: 2.8099e-04 lr: 2.8099e-05  eta: 8:33:18  time: 0.7251  data_time: 0.0199  memory: 11326  loss: 0.1681  loss_final: 0.0362  loss_rgb: 0.0478  loss_geometry: 0.0212  loss_reliability: 0.0243  loss_preserve: 0.0003  loss_equivariance: 0.0000  correction_scale: 0.1111  loss_correction_smoothness: 0.0001  loss_coarse: 0.0109  loss_boundary: 0.0260  loss_sdf: 0.0013  grad_norm: 1.4861
2026/09/27 03:31:50 - mmengine - INFO - Iter(train) [ 57650/100000]  base_lr: 2.8069e-04 lr: 2.8069e-05  eta: 8:32:42  time: 0.7200  data_time: 0.0169  memory: 11326  loss: 0.3341  loss_final: 0.0939  loss_rgb: 0.0817  loss_geometry: 0.0713  loss_reliability: 0.0101  loss_preserve: 0.0005  loss_equivariance: 0.0000  correction_scale: 0.1111  loss_correction_smoothness: 0.0002  loss_coarse: 0.0282  loss_boundary: 0.0423  loss_sdf: 0.0058  grad_norm: 1.9063
2026/09/27 03:32:27 - mmengine - INFO - Iter(train) [ 57700/100000]  base_lr: 2.8039e-04 lr: 2.8039e-05  eta: 8:32:05  time: 0.7228  data_time: 0.0174  memory: 11326  loss: 0.2755  loss_final: 0.0746  loss_rgb: 0.0819  loss_geometry: 0.0423  loss_reliability: 0.0090  loss_preserve: 0.0005  loss_equivariance: 0.0000  correction_scale: 0.1111  loss_correction_smoothness: 0.0002  loss_coarse: 0.0225  loss_boundary: 0.0411  loss_sdf: 0.0034  grad_norm: 1.9658
2026/09/27 03:33:03 - mmengine - INFO - Iter(train) [ 57750/100000]  base_lr: 2.8010e-04 lr: 2.8010e-05  eta: 8:31:29  time: 0.7305  data_time: 0.0169  memory: 11326  loss: 0.3933  loss_final: 0.1075  loss_rgb: 0.0991  loss_geometry: 0.0778  loss_reliability: 0.0223  loss_preserve: 0.0004  loss_equivariance: 0.0000  correction_scale: 0.1111  loss_correction_smoothness: 0.0001  loss_coarse: 0.0321  loss_boundary: 0.0516  loss_sdf: 0.0025  grad_norm: 1.8732
2026/09/27 03:33:40 - mmengine - INFO - Iter(train) [ 57800/100000]  base_lr: 2.7980e-04 lr: 2.7980e-05  eta: 8:30:53  time: 0.7379  data_time: 0.0167  memory: 11326  loss: 0.3192  loss_final: 0.0779  loss_rgb: 0.0992  loss_geometry: 0.0631  loss_reliability: 0.0044  loss_preserve: 0.0005  loss_equivariance: 0.0000  correction_scale: 0.1112  loss_correction_smoothness: 0.0001  loss_coarse: 0.0234  loss_boundary: 0.0471  loss_sdf: 0.0034  grad_norm: 1.6362
2026/09/27 03:34:16 - mmengine - INFO - Iter(train) [ 57850/100000]  base_lr: 2.7950e-04 lr: 2.7950e-05  eta: 8:30:16  time: 0.7207  data_time: 0.0179  memory: 11326  loss: 0.2541  loss_final: 0.0597  loss_rgb: 0.0821  loss_geometry: 0.0354  loss_reliability: 0.0142  loss_preserve: 0.0004  loss_equivariance: 0.0000  correction_scale: 0.1113  loss_correction_smoothness: 0.0001  loss_coarse: 0.0180  loss_boundary: 0.0414  loss_sdf: 0.0028  grad_norm: 1.3143
2026/09/27 03:34:52 - mmengine - INFO - Iter(train) [ 57900/100000]  base_lr: 2.7920e-04 lr: 2.7920e-05  eta: 8:29:40  time: 0.7231  data_time: 0.0165  memory: 11326  loss: 0.3628  loss_final: 0.1298  loss_rgb: 0.0817  loss_geometry: 0.0450  loss_reliability: 0.0166  loss_preserve: 0.0005  loss_equivariance: 0.0000  correction_scale: 0.1113  loss_correction_smoothness: 0.0002  loss_coarse: 0.0390  loss_boundary: 0.0426  loss_sdf: 0.0074  grad_norm: 1.3977
2026/09/27 03:35:29 - mmengine - INFO - Iter(train) [ 57950/100000]  base_lr: 2.7890e-04 lr: 2.7890e-05  eta: 8:29:04  time: 0.7191  data_time: 0.0168  memory: 11326  loss: 0.3456  loss_final: 0.1068  loss_rgb: 0.0759  loss_geometry: 0.0587  loss_reliability: 0.0265  loss_preserve: 0.0003  loss_equivariance: 0.0000  correction_scale: 0.1113  loss_correction_smoothness: 0.0001  loss_coarse: 0.0321  loss_boundary: 0.0409  loss_sdf: 0.0043  grad_norm: 1.5191
2026/09/27 03:36:05 - mmengine - INFO - Exp name: joint_20260926_115805
2026/09/27 03:36:05 - mmengine - INFO - Iter(train) [ 58000/100000]  base_lr: 2.7860e-04 lr: 2.7860e-05  eta: 8:28:28  time: 0.7444  data_time: 0.0185  memory: 11326  loss: 0.4017  loss_final: 0.1340  loss_rgb: 0.1002  loss_geometry: 0.0662  loss_reliability: 0.0026  loss_preserve: 0.0004  loss_equivariance: 0.0000  correction_scale: 0.1113  loss_correction_smoothness: 0.0001  loss_coarse: 0.0402  loss_boundary: 0.0513  loss_sdf: 0.0066  grad_norm: 1.5710
2026/09/27 03:36:05 - mmengine - INFO - Saving checkpoint at 58000 iterations
2026/09/27 03:37:11 - mmengine - INFO - Iter(val) [ 50/304]    eta: 0:05:23  time: 1.2626  data_time: 0.0189  memory: 1184  
2026/09/27 03:38:39 - mmengine - INFO - Iter(val) [100/304]    eta: 0:05:09  time: 1.7175  data_time: 0.0196  memory: 1184  
2026/09/27 03:40:04 - mmengine - INFO - Iter(val) [150/304]    eta: 0:04:03  time: 1.6856  data_time: 0.0193  memory: 1184  
2026/09/27 03:41:27 - mmengine - INFO - Iter(val) [200/304]    eta: 0:02:46  time: 1.6436  data_time: 0.0215  memory: 1184  
2026/09/27 03:42:50 - mmengine - INFO - Iter(val) [250/304]    eta: 0:01:27  time: 1.6719  data_time: 0.0210  memory: 1184  
2026/09/27 03:44:11 - mmengine - INFO - Iter(val) [300/304]    eta: 0:00:06  time: 1.5924  data_time: 0.0203  memory: 1184  
2026/09/27 03:44:18 - mmengine - INFO - per class results:
2026/09/27 03:44:18 - mmengine - INFO - 
+------------------+-------+-------+-------+--------+-----------+--------+
|      Class       |  IoU  |  Acc  |  Dice | Fscore | Precision | Recall |
+------------------+-------+-------+-------+--------+-----------+--------+
|    background    | 97.59 | 98.37 | 98.78 | 98.78  |    99.2   | 98.37  |
| wastewater_plant | 76.76 | 90.98 | 86.85 | 86.85  |   83.09   | 90.98  |
+------------------+-------+-------+-------+--------+-----------+--------+
2026/09/27 03:44:18 - mmengine - INFO - Iter(val) [304/304]    aAcc: 97.7700  mIoU: 87.1800  mAcc: 94.6800  mDice: 92.8200  mFscore: 92.8200  mPrecision: 91.1400  mRecall: 94.6800  binary/Foreground_IoU: 76.7642  binary/Dice: 86.8549  binary/F1: 86.8549  binary/Precision: 83.0866  binary/Recall: 90.9813  binary/Boundary_F1: 16.1458  binary/BFScore: 16.1458  binary/Boundary_Precision: 13.4671  binary/Boundary_Recall: 20.1549  binary/Hausdorff_px: 381.1227  binary/HD95_px: 280.4441  binary/Hausdorff_m: 190.5613  binary/HD95_m: 140.2220  data_time: 0.0224  time: 1.6155
2026/09/27 03:44:54 - mmengine - INFO - Iter(train) [ 58050/100000]  base_lr: 2.7831e-04 lr: 2.7831e-05  eta: 8:27:51  time: 0.7283  data_time: 0.0166  memory: 11326  loss: 0.4330  loss_final: 0.1504  loss_rgb: 0.0982  loss_geometry: 0.0637  loss_reliability: 0.0210  loss_preserve: 0.0005  loss_equivariance: 0.0000  correction_scale: 0.1114  loss_correction_smoothness: 0.0001  loss_coarse: 0.0452  loss_boundary: 0.0471  loss_sdf: 0.0067  grad_norm: 1.4955
2026/09/27 03:45:30 - mmengine - INFO - Iter(train) [ 58100/100000]  base_lr: 2.7801e-04 lr: 2.7801e-05  eta: 8:27:15  time: 0.7072  data_time: 0.0170  memory: 11326  loss: 0.2556  loss_final: 0.0648  loss_rgb: 0.0640  loss_geometry: 0.0517  loss_reliability: 0.0220  loss_preserve: 0.0003  loss_equivariance: 0.0000  correction_scale: 0.1114  loss_correction_smoothness: 0.0001  loss_coarse: 0.0195  loss_boundary: 0.0304  loss_sdf: 0.0027  grad_norm: 1.3734
2026/09/27 03:46:06 - mmengine - INFO - Iter(train) [ 58150/100000]  base_lr: 2.7771e-04 lr: 2.7771e-05  eta: 8:26:38  time: 0.7166  data_time: 0.0164  memory: 11326  loss: 0.2528  loss_final: 0.0762  loss_rgb: 0.0624  loss_geometry: 0.0425  loss_reliability: 0.0066  loss_preserve: 0.0004  loss_equivariance: 0.0000  correction_scale: 0.1114  loss_correction_smoothness: 0.0001  loss_coarse: 0.0229  loss_boundary: 0.0364  loss_sdf: 0.0052  grad_norm: 1.3722
2026/09/27 03:46:43 - mmengine - INFO - Iter(train) [ 58200/100000]  base_lr: 2.7741e-04 lr: 2.7741e-05  eta: 8:26:02  time: 0.7408  data_time: 0.0169  memory: 11326  loss: 0.3636  loss_final: 0.0888  loss_rgb: 0.0992  loss_geometry: 0.0724  loss_reliability: 0.0181  loss_preserve: 0.0005  loss_equivariance: 0.0000  correction_scale: 0.1115  loss_correction_smoothness: 0.0001  loss_coarse: 0.0267  loss_boundary: 0.0520  loss_sdf: 0.0057  grad_norm: 1.2613
2026/09/27 03:47:19 - mmengine - INFO - Iter(train) [ 58250/100000]  base_lr: 2.7711e-04 lr: 2.7711e-05  eta: 8:25:26  time: 0.7265  data_time: 0.0172  memory: 11326  loss: 0.3317  loss_final: 0.0894  loss_rgb: 0.0877  loss_geometry: 0.0639  loss_reliability: 0.0123  loss_preserve: 0.0004  loss_equivariance: 0.0000  correction_scale: 0.1115  loss_correction_smoothness: 0.0001  loss_coarse: 0.0269  loss_boundary: 0.0457  loss_sdf: 0.0053  grad_norm: 1.3500
2026/09/27 03:47:55 - mmengine - INFO - Iter(train) [ 58300/100000]  base_lr: 2.7681e-04 lr: 2.7681e-05  eta: 8:24:49  time: 0.7166  data_time: 0.0166  memory: 11326  loss: 0.2879  loss_final: 0.0854  loss_rgb: 0.0769  loss_geometry: 0.0495  loss_reliability: 0.0101  loss_preserve: 0.0005  loss_equivariance: 0.0000  correction_scale: 0.1114  loss_correction_smoothness: 0.0001  loss_coarse: 0.0257  loss_boundary: 0.0357  loss_sdf: 0.0040  grad_norm: 1.2638
2026/09/27 03:48:32 - mmengine - INFO - Iter(train) [ 58350/100000]  base_lr: 2.7651e-04 lr: 2.7651e-05  eta: 8:24:13  time: 0.7275  data_time: 0.0184  memory: 11326  loss: 0.2786  loss_final: 0.0643  loss_rgb: 0.0775  loss_geometry: 0.0582  loss_reliability: 0.0088  loss_preserve: 0.0003  loss_equivariance: 0.0000  correction_scale: 0.1114  loss_correction_smoothness: 0.0001  loss_coarse: 0.0193  loss_boundary: 0.0464  loss_sdf: 0.0036  grad_norm: 1.4023
2026/09/27 03:49:08 - mmengine - INFO - Iter(train) [ 58400/100000]  base_lr: 2.7621e-04 lr: 2.7621e-05  eta: 8:23:37  time: 0.7364  data_time: 0.0166  memory: 11326  loss: 0.3405  loss_final: 0.1144  loss_rgb: 0.0873  loss_geometry: 0.0442  loss_reliability: 0.0067  loss_preserve: 0.0005  loss_equivariance: 0.0000  correction_scale: 0.1114  loss_correction_smoothness: 0.0002  loss_coarse: 0.0344  loss_boundary: 0.0467  loss_sdf: 0.0060  grad_norm: 1.7058
2026/09/27 03:49:44 - mmengine - INFO - Iter(train) [ 58450/100000]  base_lr: 2.7592e-04 lr: 2.7592e-05  eta: 8:23:00  time: 0.7259  data_time: 0.0155  memory: 11326  loss: 0.3247  loss_final: 0.0795  loss_rgb: 0.0993  loss_geometry: 0.0476  loss_reliability: 0.0172  loss_preserve: 0.0007  loss_equivariance: 0.0000  correction_scale: 0.1114  loss_correction_smoothness: 0.0002  loss_coarse: 0.0240  loss_boundary: 0.0525  loss_sdf: 0.0038  grad_norm: 1.6998
2026/09/27 03:50:20 - mmengine - INFO - Iter(train) [ 58500/100000]  base_lr: 2.7562e-04 lr: 2.7562e-05  eta: 8:22:24  time: 0.7177  data_time: 0.0163  memory: 11326  loss: 0.2654  loss_final: 0.0561  loss_rgb: 0.0843  loss_geometry: 0.0487  loss_reliability: 0.0148  loss_preserve: 0.0004  loss_equivariance: 0.0000  correction_scale: 0.1115  loss_correction_smoothness: 0.0001  loss_coarse: 0.0169  loss_boundary: 0.0411  loss_sdf: 0.0031  grad_norm: 1.5707
2026/09/27 03:50:56 - mmengine - INFO - Iter(train) [ 58550/100000]  base_lr: 2.7532e-04 lr: 2.7532e-05  eta: 8:21:47  time: 0.7197  data_time: 0.0162  memory: 11326  loss: 0.3218  loss_final: 0.0839  loss_rgb: 0.0753  loss_geometry: 0.0747  loss_reliability: 0.0154  loss_preserve: 0.0003  loss_equivariance: 0.0000  correction_scale: 0.1115  loss_correction_smoothness: 0.0001  loss_coarse: 0.0252  loss_boundary: 0.0424  loss_sdf: 0.0046  grad_norm: 5.1812
2026/09/27 03:51:33 - mmengine - INFO - Iter(train) [ 58600/100000]  base_lr: 2.7502e-04 lr: 2.7502e-05  eta: 8:21:11  time: 0.7456  data_time: 0.0181  memory: 11326  loss: 0.3445  loss_final: 0.0891  loss_rgb: 0.0929  loss_geometry: 0.0614  loss_reliability: 0.0165  loss_preserve: 0.0007  loss_equivariance: 0.0000  correction_scale: 0.1115  loss_correction_smoothness: 0.0002  loss_coarse: 0.0268  loss_boundary: 0.0516  loss_sdf: 0.0052  grad_norm: 1.5402
2026/09/27 03:52:09 - mmengine - INFO - Iter(train) [ 58650/100000]  base_lr: 2.7472e-04 lr: 2.7472e-05  eta: 8:20:35  time: 0.7204  data_time: 0.0181  memory: 11326  loss: 0.2650  loss_final: 0.0576  loss_rgb: 0.0767  loss_geometry: 0.0587  loss_reliability: 0.0099  loss_preserve: 0.0003  loss_equivariance: 0.0000  correction_scale: 0.1115  loss_correction_smoothness: 0.0001  loss_coarse: 0.0173  loss_boundary: 0.0410  loss_sdf: 0.0032  grad_norm: 1.5780
2026/09/27 03:52:46 - mmengine - INFO - Iter(train) [ 58700/100000]  base_lr: 2.7442e-04 lr: 2.7442e-05  eta: 8:19:59  time: 0.7173  data_time: 0.0157  memory: 11326  loss: 0.2964  loss_final: 0.0693  loss_rgb: 0.0930  loss_geometry: 0.0547  loss_reliability: 0.0084  loss_preserve: 0.0004  loss_equivariance: 0.0000  correction_scale: 0.1115  loss_correction_smoothness: 0.0001  loss_coarse: 0.0209  loss_boundary: 0.0465  loss_sdf: 0.0031  grad_norm: 1.6620
2026/09/27 03:53:22 - mmengine - INFO - Iter(train) [ 58750/100000]  base_lr: 2.7412e-04 lr: 2.7412e-05  eta: 8:19:22  time: 0.7301  data_time: 0.0163  memory: 11326  loss: 0.3452  loss_final: 0.1010  loss_rgb: 0.0959  loss_geometry: 0.0481  loss_reliability: 0.0128  loss_preserve: 0.0006  loss_equivariance: 0.0000  correction_scale: 0.1115  loss_correction_smoothness: 0.0002  loss_coarse: 0.0304  loss_boundary: 0.0515  loss_sdf: 0.0048  grad_norm: 1.8226
2026/09/27 03:53:59 - mmengine - INFO - Iter(train) [ 58800/100000]  base_lr: 2.7382e-04 lr: 2.7382e-05  eta: 8:18:46  time: 0.7407  data_time: 0.0172  memory: 11326  loss: 0.3678  loss_final: 0.1179  loss_rgb: 0.0991  loss_geometry: 0.0502  loss_reliability: 0.0043  loss_preserve: 0.0006  loss_equivariance: 0.0000  correction_scale: 0.1115  loss_correction_smoothness: 0.0002  loss_coarse: 0.0354  loss_boundary: 0.0528  loss_sdf: 0.0074  grad_norm: 1.2506
2026/09/27 03:54:35 - mmengine - INFO - Iter(train) [ 58850/100000]  base_lr: 2.7352e-04 lr: 2.7352e-05  eta: 8:18:10  time: 0.7328  data_time: 0.0163  memory: 11326  loss: 0.3073  loss_final: 0.0718  loss_rgb: 0.0953  loss_geometry: 0.0472  loss_reliability: 0.0147  loss_preserve: 0.0007  loss_equivariance: 0.0000  correction_scale: 0.1115  loss_correction_smoothness: 0.0002  loss_coarse: 0.0216  loss_boundary: 0.0517  loss_sdf: 0.0041  grad_norm: 1.5924
2026/09/27 03:55:11 - mmengine - INFO - Iter(train) [ 58900/100000]  base_lr: 2.7322e-04 lr: 2.7322e-05  eta: 8:17:34  time: 0.7072  data_time: 0.0166  memory: 11326  loss: 0.1747  loss_final: 0.0402  loss_rgb: 0.0498  loss_geometry: 0.0278  loss_reliability: 0.0120  loss_preserve: 0.0006  loss_equivariance: 0.0000  correction_scale: 0.1115  loss_correction_smoothness: 0.0002  loss_coarse: 0.0121  loss_boundary: 0.0301  loss_sdf: 0.0020  grad_norm: 1.5464
2026/09/27 03:55:47 - mmengine - INFO - Iter(train) [ 58950/100000]  base_lr: 2.7293e-04 lr: 2.7293e-05  eta: 8:16:57  time: 0.7133  data_time: 0.0177  memory: 11326  loss: 0.2136  loss_final: 0.0412  loss_rgb: 0.0681  loss_geometry: 0.0414  loss_reliability: 0.0175  loss_preserve: 0.0004  loss_equivariance: 0.0000  correction_scale: 0.1115  loss_correction_smoothness: 0.0001  loss_coarse: 0.0124  loss_boundary: 0.0308  loss_sdf: 0.0016  grad_norm: 1.1774
2026/09/27 03:56:23 - mmengine - INFO - Exp name: joint_20260926_115805
2026/09/27 03:56:23 - mmengine - INFO - Iter(train) [ 59000/100000]  base_lr: 2.7263e-04 lr: 2.7263e-05  eta: 8:16:21  time: 0.7331  data_time: 0.0168  memory: 11326  loss: 0.2260  loss_final: 0.0551  loss_rgb: 0.0651  loss_geometry: 0.0467  loss_reliability: 0.0038  loss_preserve: 0.0004  loss_equivariance: 0.0000  correction_scale: 0.1115  loss_correction_smoothness: 0.0001  loss_coarse: 0.0166  loss_boundary: 0.0350  loss_sdf: 0.0031  grad_norm: 1.8936
2026/09/27 03:57:00 - mmengine - INFO - Iter(train) [ 59050/100000]  base_lr: 2.7233e-04 lr: 2.7233e-05  eta: 8:15:44  time: 0.7189  data_time: 0.0167  memory: 11326  loss: 0.2770  loss_final: 0.0695  loss_rgb: 0.0751  loss_geometry: 0.0642  loss_reliability: 0.0060  loss_preserve: 0.0003  loss_equivariance: 0.0000  correction_scale: 0.1115  loss_correction_smoothness: 0.0001  loss_coarse: 0.0209  loss_boundary: 0.0366  loss_sdf: 0.0043  grad_norm: 1.2058
2026/09/27 03:57:36 - mmengine - INFO - Iter(train) [ 59100/100000]  base_lr: 2.7203e-04 lr: 2.7203e-05  eta: 8:15:08  time: 0.7310  data_time: 0.0179  memory: 11326  loss: 0.3525  loss_final: 0.0854  loss_rgb: 0.0833  loss_geometry: 0.0776  loss_reliability: 0.0276  loss_preserve: 0.0008  loss_equivariance: 0.0000  correction_scale: 0.1115  loss_correction_smoothness: 0.0002  loss_coarse: 0.0256  loss_boundary: 0.0459  loss_sdf: 0.0060  grad_norm: 1.6801
2026/09/27 03:58:13 - mmengine - INFO - Iter(train) [ 59150/100000]  base_lr: 2.7173e-04 lr: 2.7173e-05  eta: 8:14:32  time: 0.7301  data_time: 0.0165  memory: 11326  loss: 0.3384  loss_final: 0.0871  loss_rgb: 0.1029  loss_geometry: 0.0569  loss_reliability: 0.0081  loss_preserve: 0.0005  loss_equivariance: 0.0000  correction_scale: 0.1115  loss_correction_smoothness: 0.0002  loss_coarse: 0.0262  loss_boundary: 0.0520  loss_sdf: 0.0044  grad_norm: 1.7161
2026/09/27 03:58:49 - mmengine - INFO - Iter(train) [ 59200/100000]  base_lr: 2.7143e-04 lr: 2.7143e-05  eta: 8:13:56  time: 0.7386  data_time: 0.0165  memory: 11326  loss: 0.3192  loss_final: 0.0861  loss_rgb: 0.0949  loss_geometry: 0.0547  loss_reliability: 0.0056  loss_preserve: 0.0005  loss_equivariance: 0.0000  correction_scale: 0.1115  loss_correction_smoothness: 0.0001  loss_coarse: 0.0259  loss_boundary: 0.0470  loss_sdf: 0.0044  grad_norm: 1.4974
2026/09/27 03:59:26 - mmengine - INFO - Iter(train) [ 59250/100000]  base_lr: 2.7113e-04 lr: 2.7113e-05  eta: 8:13:20  time: 0.7365  data_time: 0.0164  memory: 11326  loss: 0.3417  loss_final: 0.0743  loss_rgb: 0.0894  loss_geometry: 0.0842  loss_reliability: 0.0196  loss_preserve: 0.0004  loss_equivariance: 0.0000  correction_scale: 0.1115  loss_correction_smoothness: 0.0001  loss_coarse: 0.0223  loss_boundary: 0.0473  loss_sdf: 0.0041  grad_norm: 1.2228
2026/09/27 04:00:03 - mmengine - INFO - Iter(train) [ 59300/100000]  base_lr: 2.7083e-04 lr: 2.7083e-05  eta: 8:12:44  time: 0.7227  data_time: 0.0159  memory: 11326  loss: 0.2832  loss_final: 0.0566  loss_rgb: 0.0718  loss_geometry: 0.0872  loss_reliability: 0.0064  loss_preserve: 0.0002  loss_equivariance: 0.0000  correction_scale: 0.1115  loss_correction_smoothness: 0.0001  loss_coarse: 0.0170  loss_boundary: 0.0408  loss_sdf: 0.0031  grad_norm: 1.4533
2026/09/27 04:00:39 - mmengine - INFO - Iter(train) [ 59350/100000]  base_lr: 2.7053e-04 lr: 2.7053e-05  eta: 8:12:07  time: 0.7430  data_time: 0.0175  memory: 11326  loss: 0.2881  loss_final: 0.0642  loss_rgb: 0.0849  loss_geometry: 0.0513  loss_reliability: 0.0179  loss_preserve: 0.0006  loss_equivariance: 0.0000  correction_scale: 0.1115  loss_correction_smoothness: 0.0002  loss_coarse: 0.0193  loss_boundary: 0.0463  loss_sdf: 0.0033  grad_norm: 1.4444
2026/09/27 04:01:16 - mmengine - INFO - Iter(train) [ 59400/100000]  base_lr: 2.7023e-04 lr: 2.7023e-05  eta: 8:11:32  time: 0.7374  data_time: 0.0188  memory: 11326  loss: 0.2556  loss_final: 0.0566  loss_rgb: 0.0720  loss_geometry: 0.0598  loss_reliability: 0.0064  loss_preserve: 0.0004  loss_equivariance: 0.0000  correction_scale: 0.1116  loss_correction_smoothness: 0.0001  loss_coarse: 0.0170  loss_boundary: 0.0410  loss_sdf: 0.0024  grad_norm: 1.5097
2026/09/27 04:01:53 - mmengine - INFO - Iter(train) [ 59450/100000]  base_lr: 2.6993e-04 lr: 2.6993e-05  eta: 8:10:55  time: 0.7175  data_time: 0.0175  memory: 11326  loss: 0.2477  loss_final: 0.0688  loss_rgb: 0.0655  loss_geometry: 0.0462  loss_reliability: 0.0065  loss_preserve: 0.0004  loss_equivariance: 0.0000  correction_scale: 0.1116  loss_correction_smoothness: 0.0001  loss_coarse: 0.0207  loss_boundary: 0.0361  loss_sdf: 0.0034  grad_norm: 1.5503
2026/09/27 04:02:29 - mmengine - INFO - Iter(train) [ 59500/100000]  base_lr: 2.6963e-04 lr: 2.6963e-05  eta: 8:10:19  time: 0.7274  data_time: 0.0169  memory: 11326  loss: 0.2593  loss_final: 0.0688  loss_rgb: 0.0678  loss_geometry: 0.0358  loss_reliability: 0.0260  loss_preserve: 0.0006  loss_equivariance: 0.0000  correction_scale: 0.1116  loss_correction_smoothness: 0.0002  loss_coarse: 0.0207  loss_boundary: 0.0360  loss_sdf: 0.0035  grad_norm: 1.3038
2026/09/27 04:03:06 - mmengine - INFO - Iter(train) [ 59550/100000]  base_lr: 2.6933e-04 lr: 2.6933e-05  eta: 8:09:43  time: 0.7128  data_time: 0.0170  memory: 11326  loss: 0.2192  loss_final: 0.0544  loss_rgb: 0.0478  loss_geometry: 0.0561  loss_reliability: 0.0100  loss_preserve: 0.0005  loss_equivariance: 0.0000  correction_scale: 0.1116  loss_correction_smoothness: 0.0001  loss_coarse: 0.0164  loss_boundary: 0.0303  loss_sdf: 0.0035  grad_norm: 1.2115
2026/09/27 04:03:42 - mmengine - INFO - Iter(train) [ 59600/100000]  base_lr: 2.6903e-04 lr: 2.6903e-05  eta: 8:09:07  time: 0.7421  data_time: 0.0169  memory: 11326  loss: 0.3199  loss_final: 0.0714  loss_rgb: 0.0881  loss_geometry: 0.0611  loss_reliability: 0.0272  loss_preserve: 0.0005  loss_equivariance: 0.0000  correction_scale: 0.1116  loss_correction_smoothness: 0.0001  loss_coarse: 0.0215  loss_boundary: 0.0461  loss_sdf: 0.0037  grad_norm: 1.6129
2026/09/27 04:04:19 - mmengine - INFO - Iter(train) [ 59650/100000]  base_lr: 2.6873e-04 lr: 2.6873e-05  eta: 8:08:30  time: 0.7269  data_time: 0.0168  memory: 11326  loss: 0.3103  loss_final: 0.0745  loss_rgb: 0.0954  loss_geometry: 0.0577  loss_reliability: 0.0109  loss_preserve: 0.0005  loss_equivariance: 0.0000  correction_scale: 0.1116  loss_correction_smoothness: 0.0001  loss_coarse: 0.0224  loss_boundary: 0.0454  loss_sdf: 0.0034  grad_norm: 1.9191
2026/09/27 04:04:55 - mmengine - INFO - Iter(train) [ 59700/100000]  base_lr: 2.6843e-04 lr: 2.6843e-05  eta: 8:07:54  time: 0.7311  data_time: 0.0169  memory: 11326  loss: 0.4250  loss_final: 0.1224  loss_rgb: 0.1122  loss_geometry: 0.0938  loss_reliability: 0.0035  loss_preserve: 0.0003  loss_equivariance: 0.0000  correction_scale: 0.1116  loss_correction_smoothness: 0.0001  loss_coarse: 0.0368  loss_boundary: 0.0521  loss_sdf: 0.0036  grad_norm: 1.6284
2026/09/27 04:05:32 - mmengine - INFO - Iter(train) [ 59750/100000]  base_lr: 2.6813e-04 lr: 2.6813e-05  eta: 8:07:18  time: 0.7312  data_time: 0.0167  memory: 11326  loss: 0.3033  loss_final: 0.0776  loss_rgb: 0.0856  loss_geometry: 0.0558  loss_reliability: 0.0092  loss_preserve: 0.0003  loss_equivariance: 0.0000  correction_scale: 0.1117  loss_correction_smoothness: 0.0001  loss_coarse: 0.0233  loss_boundary: 0.0475  loss_sdf: 0.0039  grad_norm: 1.9341
2026/09/27 04:06:08 - mmengine - INFO - Iter(train) [ 59800/100000]  base_lr: 2.6783e-04 lr: 2.6783e-05  eta: 8:06:42  time: 0.7296  data_time: 0.0166  memory: 11326  loss: 0.3423  loss_final: 0.1043  loss_rgb: 0.0706  loss_geometry: 0.0771  loss_reliability: 0.0140  loss_preserve: 0.0008  loss_equivariance: 0.0000  correction_scale: 0.1117  loss_correction_smoothness: 0.0002  loss_coarse: 0.0313  loss_boundary: 0.0370  loss_sdf: 0.0070  grad_norm: 1.8732
2026/09/27 04:06:45 - mmengine - INFO - Iter(train) [ 59850/100000]  base_lr: 2.6753e-04 lr: 2.6753e-05  eta: 8:06:06  time: 0.7241  data_time: 0.0165  memory: 11326  loss: 0.2958  loss_final: 0.0674  loss_rgb: 0.0821  loss_geometry: 0.0653  loss_reliability: 0.0149  loss_preserve: 0.0003  loss_equivariance: 0.0000  correction_scale: 0.1117  loss_correction_smoothness: 0.0001  loss_coarse: 0.0203  loss_boundary: 0.0416  loss_sdf: 0.0039  grad_norm: 1.4865
2026/09/27 04:07:21 - mmengine - INFO - Iter(train) [ 59900/100000]  base_lr: 2.6723e-04 lr: 2.6723e-05  eta: 8:05:29  time: 0.7177  data_time: 0.0161  memory: 11326  loss: 0.4372  loss_final: 0.1453  loss_rgb: 0.0934  loss_geometry: 0.0908  loss_reliability: 0.0157  loss_preserve: 0.0004  loss_equivariance: 0.0000  correction_scale: 0.1117  loss_correction_smoothness: 0.0001  loss_coarse: 0.0436  loss_boundary: 0.0416  loss_sdf: 0.0062  grad_norm: 1.4748
2026/09/27 04:07:57 - mmengine - INFO - Iter(train) [ 59950/100000]  base_lr: 2.6693e-04 lr: 2.6693e-05  eta: 8:04:53  time: 0.7280  data_time: 0.0167  memory: 11326  loss: 0.2942  loss_final: 0.0718  loss_rgb: 0.0952  loss_geometry: 0.0425  loss_reliability: 0.0071  loss_preserve: 0.0005  loss_equivariance: 0.0000  correction_scale: 0.1117  loss_correction_smoothness: 0.0002  loss_coarse: 0.0216  loss_boundary: 0.0515  loss_sdf: 0.0037  grad_norm: 1.5926
2026/09/27 04:08:34 - mmengine - INFO - Exp name: joint_20260926_115805
2026/09/27 04:08:34 - mmengine - INFO - Iter(train) [ 60000/100000]  base_lr: 2.6663e-04 lr: 2.6663e-05  eta: 8:04:17  time: 0.7377  data_time: 0.0163  memory: 11326  loss: 0.3195  loss_final: 0.0958  loss_rgb: 0.0766  loss_geometry: 0.0405  loss_reliability: 0.0244  loss_preserve: 0.0006  loss_equivariance: 0.0000  correction_scale: 0.1117  loss_correction_smoothness: 0.0002  loss_coarse: 0.0288  loss_boundary: 0.0462  loss_sdf: 0.0064  grad_norm: 1.4031
2026/09/27 04:08:34 - mmengine - INFO - Saving checkpoint at 60000 iterations
2026/09/27 04:09:40 - mmengine - INFO - Iter(val) [ 50/304]    eta: 0:05:26  time: 1.2727  data_time: 0.0224  memory: 1184  
2026/09/27 04:11:09 - mmengine - INFO - Iter(val) [100/304]    eta: 0:05:13  time: 1.7280  data_time: 0.0209  memory: 1184  
2026/09/27 04:12:34 - mmengine - INFO - Iter(val) [150/304]    eta: 0:04:04  time: 1.6621  data_time: 0.0210  memory: 1184  
2026/09/27 04:13:57 - mmengine - INFO - Iter(val) [200/304]    eta: 0:02:47  time: 1.6779  data_time: 0.0231  memory: 1184  
2026/09/27 04:15:19 - mmengine - INFO - Iter(val) [250/304]    eta: 0:01:27  time: 1.6744  data_time: 0.0218  memory: 1184  
2026/09/27 04:16:40 - mmengine - INFO - Iter(val) [300/304]    eta: 0:00:06  time: 1.5800  data_time: 0.0244  memory: 1184  
2026/09/27 04:16:47 - mmengine - INFO - per class results:
2026/09/27 04:16:47 - mmengine - INFO - 
+------------------+-------+-------+-------+--------+-----------+--------+
|      Class       |  IoU  |  Acc  |  Dice | Fscore | Precision | Recall |
+------------------+-------+-------+-------+--------+-----------+--------+
|    background    | 97.46 | 98.16 | 98.71 | 98.71  |   99.28   | 98.16  |
| wastewater_plant | 75.98 | 91.87 | 86.35 | 86.35  |   81.46   | 91.87  |
+------------------+-------+-------+-------+--------+-----------+--------+
2026/09/27 04:16:47 - mmengine - INFO - Iter(val) [304/304]    aAcc: 97.6500  mIoU: 86.7200  mAcc: 95.0200  mDice: 92.5300  mFscore: 92.5300  mPrecision: 90.3700  mRecall: 95.0200  binary/Foreground_IoU: 75.9813  binary/Dice: 86.3516  binary/F1: 86.3516  binary/Precision: 81.4551  binary/Recall: 91.8744  binary/Boundary_F1: 15.6541  binary/BFScore: 15.6541  binary/Boundary_Precision: 12.7864  binary/Boundary_Recall: 20.1799  binary/Hausdorff_px: 413.2445  binary/HD95_px: 319.2731  binary/Hausdorff_m: 206.6223  binary/HD95_m: 159.6365  data_time: 0.0242  time: 1.6174
2026/09/27 04:16:47 - mmengine - INFO - the monitored metric did not improve in the last 5 records. best score: 78.271. 
