2026/09/24 14:11:05 - mmengine - INFO - 
------------------------------------------------------------
System environment:
    sys.platform: linux
    Python: 3.10.13 (main, Sep 11 2023, 13:44:35) [GCC 11.2.0]
    CUDA available: True
    MUSA available: False
    numpy_random_seed: 42
    GPU 0: NVIDIA L4
    CUDA_HOME: /usr/local/cuda
    NVCC: Cuda compilation tools, release 12.1, V12.1.105
    GCC: gcc (Ubuntu 9.4.0-1ubuntu1~20.04.2) 9.4.0
    PyTorch: 2.1.2
    PyTorch compiling details: PyTorch built with:
  - GCC 9.3
  - C++ Version: 201703
  - Intel(R) oneAPI Math Kernel Library Version 2023.1-Product Build 20230303 for Intel(R) 64 architecture applications
  - Intel(R) MKL-DNN v3.1.1 (Git Hash 64f6bcbcbab628e96f33a62c3e975f8535a7bde4)
  - OpenMP 201511 (a.k.a. OpenMP 4.5)
  - LAPACK is enabled (usually provided by MKL)
  - NNPACK is enabled
  - CPU capability usage: AVX512
  - CUDA Runtime 12.1
  - NVCC architecture flags: -gencode;arch=compute_50,code=sm_50;-gencode;arch=compute_60,code=sm_60;-gencode;arch=compute_61,code=sm_61;-gencode;arch=compute_70,code=sm_70;-gencode;arch=compute_75,code=sm_75;-gencode;arch=compute_80,code=sm_80;-gencode;arch=compute_86,code=sm_86;-gencode;arch=compute_90,code=sm_90
  - CuDNN 8.9.2
  - Magma 2.6.1
  - Build settings: BLAS_INFO=mkl, BUILD_TYPE=Release, CUDA_VERSION=12.1, CUDNN_VERSION=8.9.2, CXX_COMPILER=/opt/rh/devtoolset-9/root/usr/bin/c++, CXX_FLAGS= -D_GLIBCXX_USE_CXX11_ABI=0 -fabi-version=11 -fvisibility-inlines-hidden -DUSE_PTHREADPOOL -DNDEBUG -DUSE_KINETO -DLIBKINETO_NOROCTRACER -DUSE_FBGEMM -DUSE_QNNPACK -DUSE_PYTORCH_QNNPACK -DUSE_XNNPACK -DSYMBOLICATE_MOBILE_DEBUG_HANDLE -O2 -fPIC -Wall -Wextra -Werror=return-type -Werror=non-virtual-dtor -Werror=bool-operation -Wnarrowing -Wno-missing-field-initializers -Wno-type-limits -Wno-array-bounds -Wno-unknown-pragmas -Wno-unused-parameter -Wno-unused-function -Wno-unused-result -Wno-strict-overflow -Wno-strict-aliasing -Wno-stringop-overflow -Wno-psabi -Wno-error=pedantic -Wno-error=old-style-cast -Wno-invalid-partial-specialization -Wno-unused-private-field -Wno-aligned-allocation-unavailable -Wno-missing-braces -fdiagnostics-color=always -faligned-new -Wno-unused-but-set-variable -Wno-maybe-uninitialized -fno-math-errno -fno-trapping-math -Werror=format -Werror=cast-function-type -Wno-stringop-overflow, LAPACK_INFO=mkl, PERF_WITH_AVX=1, PERF_WITH_AVX2=1, PERF_WITH_AVX512=1, TORCH_DISABLE_GPU_ASSERTS=ON, TORCH_VERSION=2.1.2, USE_CUDA=ON, USE_CUDNN=ON, USE_EXCEPTION_PTR=1, USE_GFLAGS=OFF, USE_GLOG=OFF, USE_MKL=ON, USE_MKLDNN=ON, USE_MPI=OFF, USE_NCCL=ON, USE_NNPACK=ON, USE_OPENMP=ON, USE_ROCM=OFF, 

    TorchVision: 0.16.2
    OpenCV: 4.9.0
    MMEngine: 0.10.7

Runtime environment:
    cudnn_benchmark: True
    mp_cfg: {'mp_start_method': 'fork', 'opencv_num_threads': 0}
    dist_cfg: {'backend': 'nccl'}
    seed: 42
    deterministic: False
    Distributed launcher: none
    Distributed training: False
    GPU number: 1
------------------------------------------------------------

2026/09/24 14:11:06 - mmengine - INFO - Config:
auto_scale_lr = dict(base_batch_size=16, enable=False)
crop_size = (
    512,
    512,
)
custom_hooks = []
custom_imports = dict(
    allow_failed_imports=False, imports=[
        'wwtpseg',
        'mmdet.models',
    ])
data_preprocessor = dict(
    bgr_to_rgb=True,
    mean=[
        123.675,
        116.28,
        103.53,
    ],
    pad_val=0,
    seg_pad_val=255,
    size=(
        512,
        512,
    ),
    std=[
        58.395,
        57.12,
        57.375,
    ],
    test_cfg=dict(size_divisor=32),
    type='SegDataPreProcessor')
data_root = '/workspace/wwtp_semantic_dataset'
dataset_type = 'WWTPDataset'
default_hooks = dict(
    checkpoint=dict(
        by_epoch=False,
        interval=1000,
        max_keep_ckpts=3,
        rule='greater',
        save_best='binary/Foreground_IoU',
        type='CheckpointHook'),
    logger=dict(interval=50, log_metric_by_epoch=False, type='LoggerHook'),
    param_scheduler=dict(type='ParamSchedulerHook'),
    sampler_seed=dict(type='DistSamplerSeedHook'),
    timer=dict(type='IterTimerHook'),
    visualization=dict(type='SegVisualizationHook'))
default_scope = 'mmseg'
env_cfg = dict(
    cudnn_benchmark=True,
    dist_cfg=dict(backend='nccl'),
    mp_cfg=dict(mp_start_method='fork', opencv_num_threads=0))
launcher = 'none'
load_from = 'work_dirs/mask2former_extended/iter_8000.pth'
log_level = 'INFO'
log_processor = dict(by_epoch=False)
metrics = [
    dict(
        iou_metrics=[
            'mIoU',
            'mDice',
            'mFscore',
        ],
        nan_to_num=0,
        type='IoUMetric'),
    dict(boundary_tolerance=3, pixel_size_m=0.5, type='BinaryBoundaryMetric'),
]
model = dict(
    backbone=dict(
        attn_drop_rate=0.0,
        depths=[
            2,
            2,
            6,
            2,
        ],
        drop_path_rate=0.3,
        drop_rate=0.0,
        embed_dims=96,
        frozen_stages=-1,
        init_cfg=dict(
            checkpoint=
            'https://download.openmmlab.com/mmsegmentation/v0.5/pretrain/swin/swin_tiny_patch4_window7_224_20220317-1cdeb081.pth',
            type='Pretrained'),
        mlp_ratio=4,
        num_heads=[
            3,
            6,
            12,
            24,
        ],
        out_indices=(
            0,
            1,
            2,
            3,
        ),
        patch_norm=True,
        qk_scale=None,
        qkv_bias=True,
        type='SwinTransformer',
        window_size=7,
        with_cp=False),
    data_preprocessor=dict(
        bgr_to_rgb=True,
        mean=[
            123.675,
            116.28,
            103.53,
        ],
        pad_val=0,
        seg_pad_val=255,
        size=(
            512,
            512,
        ),
        std=[
            58.395,
            57.12,
            57.375,
        ],
        test_cfg=dict(size_divisor=32),
        type='SegDataPreProcessor'),
    decode_head=dict(
        align_corners=False,
        enforce_decoder_input_project=False,
        feat_channels=256,
        in_channels=[
            96,
            192,
            384,
            768,
        ],
        loss_cls=dict(
            class_weight=[
                1.0,
                1.0,
                0.1,
            ],
            loss_weight=2.0,
            reduction='mean',
            type='mmdet.CrossEntropyLoss',
            use_sigmoid=False),
        loss_dice=dict(
            activate=True,
            eps=1.0,
            loss_weight=5.0,
            naive_dice=True,
            reduction='mean',
            type='mmdet.DiceLoss',
            use_sigmoid=True),
        loss_mask=dict(
            loss_weight=5.0,
            reduction='mean',
            type='mmdet.CrossEntropyLoss',
            use_sigmoid=True),
        num_classes=2,
        num_queries=100,
        num_transformer_feat_level=3,
        out_channels=256,
        pixel_decoder=dict(
            act_cfg=dict(type='ReLU'),
            encoder=dict(
                init_cfg=None,
                layer_cfg=dict(
                    ffn_cfg=dict(
                        act_cfg=dict(inplace=True, type='ReLU'),
                        embed_dims=256,
                        feedforward_channels=1024,
                        ffn_drop=0.0,
                        num_fcs=2),
                    self_attn_cfg=dict(
                        batch_first=True,
                        dropout=0.0,
                        embed_dims=256,
                        im2col_step=64,
                        init_cfg=None,
                        norm_cfg=None,
                        num_heads=8,
                        num_levels=3,
                        num_points=4)),
                num_layers=6),
            init_cfg=None,
            norm_cfg=dict(num_groups=32, type='GN'),
            num_outs=3,
            positional_encoding=dict(normalize=True, num_feats=128),
            type='mmdet.MSDeformAttnPixelDecoder'),
        positional_encoding=dict(normalize=True, num_feats=128),
        strides=[
            4,
            8,
            16,
            32,
        ],
        train_cfg=dict(
            assigner=dict(
                match_costs=[
                    dict(type='mmdet.ClassificationCost', weight=2.0),
                    dict(
                        type='mmdet.CrossEntropyLossCost',
                        use_sigmoid=True,
                        weight=5.0),
                    dict(
                        eps=1.0,
                        pred_act=True,
                        type='mmdet.DiceCost',
                        weight=5.0),
                ],
                type='mmdet.HungarianAssigner'),
            importance_sample_ratio=0.75,
            num_points=12544,
            oversample_ratio=3.0,
            sampler=dict(type='mmdet.MaskPseudoSampler')),
        transformer_decoder=dict(
            init_cfg=None,
            layer_cfg=dict(
                cross_attn_cfg=dict(
                    attn_drop=0.0,
                    batch_first=True,
                    dropout_layer=None,
                    embed_dims=256,
                    num_heads=8,
                    proj_drop=0.0),
                ffn_cfg=dict(
                    act_cfg=dict(inplace=True, type='ReLU'),
                    add_identity=True,
                    dropout_layer=None,
                    embed_dims=256,
                    feedforward_channels=2048,
                    ffn_drop=0.0,
                    num_fcs=2),
                self_attn_cfg=dict(
                    attn_drop=0.0,
                    batch_first=True,
                    dropout_layer=None,
                    embed_dims=256,
                    num_heads=8,
                    proj_drop=0.0)),
            num_layers=9,
            return_intermediate=True),
        type='Mask2FormerHead'),
    test_cfg=dict(crop_size=(
        512,
        512,
    ), mode='slide', stride=(
        384,
        384,
    )),
    train_cfg=dict(),
    type='EncoderDecoder')
norm_cfg = dict(requires_grad=True, type='SyncBN')
num_classes = 2
optim_wrapper = dict(
    clip_grad=dict(max_norm=0.01, norm_type=2),
    optimizer=dict(
        betas=(
            0.9,
            0.999,
        ),
        eps=1e-08,
        lr=0.0001,
        type='AdamW',
        weight_decay=0.05),
    paramwise_cfg=dict(
        custom_keys=dict(
            backbone=dict(decay_mult=1.0, lr_mult=0.1),
            level_embed=dict(decay_mult=0.0, lr_mult=1.0),
            query_embed=dict(decay_mult=0.0, lr_mult=1.0),
            query_feat=dict(decay_mult=0.0, lr_mult=1.0),
            relative_position_bias_table=dict(decay_mult=0.0, lr_mult=0.1)),
        norm_decay_mult=0.0),
    type='OptimWrapper')
param_scheduler = [
    dict(
        begin=3000,
        by_epoch=False,
        end=3500,
        start_factor=0.001,
        type='LinearLR'),
    dict(
        begin=3500,
        by_epoch=False,
        end=20000,
        eta_min=0.0,
        power=0.9,
        type='PolyLR'),
]
pretrained = 'https://download.openmmlab.com/mmsegmentation/v0.5/pretrain/swin/swin_tiny_patch4_window7_224_20220317-1cdeb081.pth'
randomness = dict(deterministic=False, seed=42)
resume = True
test_cfg = dict(type='TestLoop')
test_dataloader = dict(
    batch_size=1,
    dataset=dict(
        data_prefix=dict(
            img_path='images/test', seg_map_path='annotations/test'),
        data_root='/workspace/wwtp_semantic_dataset',
        pipeline=[
            dict(type='LoadImageFromFile'),
            dict(type='LoadAnnotations'),
            dict(type='PackSegInputs'),
        ],
        type='WWTPDataset'),
    num_workers=2,
    persistent_workers=True,
    sampler=dict(shuffle=False, type='DefaultSampler'))
test_evaluator = [
    dict(
        iou_metrics=[
            'mIoU',
            'mDice',
            'mFscore',
        ],
        nan_to_num=0,
        type='IoUMetric'),
    dict(boundary_tolerance=3, pixel_size_m=0.5, type='BinaryBoundaryMetric'),
]
test_pipeline = [
    dict(type='LoadImageFromFile'),
    dict(type='LoadAnnotations'),
    dict(type='PackSegInputs'),
]
train_cfg = dict(max_iters=20000, type='IterBasedTrainLoop', val_interval=1000)
train_dataloader = dict(
    batch_size=4,
    dataset=dict(
        data_prefix=dict(
            img_path='images/train', seg_map_path='annotations/train'),
        data_root='/workspace/wwtp_semantic_dataset',
        pipeline=[
            dict(type='LoadImageFromFile'),
            dict(type='LoadAnnotations'),
            dict(
                keep_ratio=True,
                ratio_range=(
                    0.5,
                    1.5,
                ),
                scale=(
                    2048,
                    2048,
                ),
                type='RandomResize'),
            dict(
                degree=180,
                pad_val=0,
                prob=0.5,
                seg_pad_val=255,
                type='RandomRotate'),
            dict(
                crop_size=(
                    512,
                    512,
                ),
                edge_margin_ratio=0.15,
                foreground_label=1,
                foreground_prob=0.8,
                min_foreground_pixels=64,
                type='RandomForegroundCrop'),
            dict(
                direction=[
                    'horizontal',
                    'vertical',
                    'diagonal',
                ],
                prob=0.75,
                type='RandomFlip'),
            dict(type='PhotoMetricDistortion'),
            dict(type='PackSegInputs'),
        ],
        type='WWTPDataset'),
    num_workers=4,
    persistent_workers=True,
    sampler=dict(shuffle=True, type='InfiniteSampler'))
train_pipeline = [
    dict(type='LoadImageFromFile'),
    dict(type='LoadAnnotations'),
    dict(
        keep_ratio=True,
        ratio_range=(
            0.5,
            1.5,
        ),
        scale=(
            2048,
            2048,
        ),
        type='RandomResize'),
    dict(
        degree=180, pad_val=0, prob=0.5, seg_pad_val=255, type='RandomRotate'),
    dict(
        crop_size=(
            512,
            512,
        ),
        edge_margin_ratio=0.15,
        foreground_label=1,
        foreground_prob=0.8,
        min_foreground_pixels=64,
        type='RandomForegroundCrop'),
    dict(
        direction=[
            'horizontal',
            'vertical',
            'diagonal',
        ],
        prob=0.75,
        type='RandomFlip'),
    dict(type='PhotoMetricDistortion'),
    dict(type='PackSegInputs'),
]
val_cfg = dict(type='ValLoop')
val_dataloader = dict(
    batch_size=1,
    dataset=dict(
        data_prefix=dict(
            img_path='images/val', seg_map_path='annotations/val'),
        data_root='/workspace/wwtp_semantic_dataset',
        pipeline=[
            dict(type='LoadImageFromFile'),
            dict(type='LoadAnnotations'),
            dict(type='PackSegInputs'),
        ],
        type='WWTPDataset'),
    num_workers=2,
    persistent_workers=True,
    sampler=dict(shuffle=False, type='DefaultSampler'))
val_evaluator = [
    dict(
        iou_metrics=[
            'mIoU',
            'mDice',
            'mFscore',
        ],
        nan_to_num=0,
        type='IoUMetric'),
    dict(boundary_tolerance=3, pixel_size_m=0.5, type='BinaryBoundaryMetric'),
]
vis_backends = [
    dict(type='LocalVisBackend'),
]
visualizer = dict(
    name='visualizer',
    type='SegLocalVisualizer',
    vis_backends=[
        dict(type='LocalVisBackend'),
    ])
work_dir = 'work_dirs/mask2former_extended'

2026/09/24 14:11:07 - mmengine - INFO - Distributed training is not used, all SyncBatchNorm (SyncBN) layers in the model will be automatically reverted to BatchNormXd layers if they are used.
2026/09/24 14:11:07 - mmengine - INFO - Hooks will be executed in the following order:
before_run:
(VERY_HIGH   ) RuntimeInfoHook                    
(BELOW_NORMAL) LoggerHook                         
 -------------------- 
before_train:
(VERY_HIGH   ) RuntimeInfoHook                    
(NORMAL      ) IterTimerHook                      
(VERY_LOW    ) CheckpointHook                     
 -------------------- 
before_train_epoch:
(VERY_HIGH   ) RuntimeInfoHook                    
(NORMAL      ) IterTimerHook                      
(NORMAL      ) DistSamplerSeedHook                
 -------------------- 
before_train_iter:
(VERY_HIGH   ) RuntimeInfoHook                    
(NORMAL      ) IterTimerHook                      
 -------------------- 
after_train_iter:
(VERY_HIGH   ) RuntimeInfoHook                    
(NORMAL      ) IterTimerHook                      
(NORMAL      ) SegVisualizationHook               
(BELOW_NORMAL) LoggerHook                         
(LOW         ) ParamSchedulerHook                 
(VERY_LOW    ) CheckpointHook                     
 -------------------- 
after_train_epoch:
(NORMAL      ) IterTimerHook                      
(LOW         ) ParamSchedulerHook                 
(VERY_LOW    ) CheckpointHook                     
 -------------------- 
before_val:
(VERY_HIGH   ) RuntimeInfoHook                    
 -------------------- 
before_val_epoch:
(NORMAL      ) IterTimerHook                      
 -------------------- 
before_val_iter:
(NORMAL      ) IterTimerHook                      
 -------------------- 
after_val_iter:
(NORMAL      ) IterTimerHook                      
(NORMAL      ) SegVisualizationHook               
(BELOW_NORMAL) LoggerHook                         
 -------------------- 
after_val_epoch:
(VERY_HIGH   ) RuntimeInfoHook                    
(NORMAL      ) IterTimerHook                      
(BELOW_NORMAL) LoggerHook                         
(LOW         ) ParamSchedulerHook                 
(VERY_LOW    ) CheckpointHook                     
 -------------------- 
after_val:
(VERY_HIGH   ) RuntimeInfoHook                    
 -------------------- 
after_train:
(VERY_HIGH   ) RuntimeInfoHook                    
(VERY_LOW    ) CheckpointHook                     
 -------------------- 
before_test:
(VERY_HIGH   ) RuntimeInfoHook                    
 -------------------- 
before_test_epoch:
(NORMAL      ) IterTimerHook                      
 -------------------- 
before_test_iter:
(NORMAL      ) IterTimerHook                      
 -------------------- 
after_test_iter:
(NORMAL      ) IterTimerHook                      
(NORMAL      ) SegVisualizationHook               
(BELOW_NORMAL) LoggerHook                         
 -------------------- 
after_test_epoch:
(VERY_HIGH   ) RuntimeInfoHook                    
(NORMAL      ) IterTimerHook                      
(BELOW_NORMAL) LoggerHook                         
 -------------------- 
after_test:
(VERY_HIGH   ) RuntimeInfoHook                    
 -------------------- 
after_run:
(BELOW_NORMAL) LoggerHook                         
 -------------------- 
2026/09/24 14:11:08 - mmengine - INFO - paramwise_options -- backbone.patch_embed.projection.weight:lr=1e-05
2026/09/24 14:11:08 - mmengine - INFO - paramwise_options -- backbone.patch_embed.projection.weight:weight_decay=0.05
2026/09/24 14:11:08 - mmengine - INFO - paramwise_options -- backbone.patch_embed.projection.weight:lr_mult=0.1
2026/09/24 14:11:08 - mmengine - INFO - paramwise_options -- backbone.patch_embed.projection.weight:decay_mult=1.0
2026/09/24 14:11:08 - mmengine - INFO - paramwise_options -- backbone.patch_embed.projection.bias:lr=1e-05
2026/09/24 14:11:08 - mmengine - INFO - paramwise_options -- backbone.patch_embed.projection.bias:weight_decay=0.05
2026/09/24 14:11:08 - mmengine - INFO - paramwise_options -- backbone.patch_embed.projection.bias:lr_mult=0.1
2026/09/24 14:11:08 - mmengine - INFO - paramwise_options -- backbone.patch_embed.projection.bias:decay_mult=1.0
2026/09/24 14:11:08 - mmengine - INFO - paramwise_options -- backbone.patch_embed.norm.weight:lr=1e-05
2026/09/24 14:11:08 - mmengine - INFO - paramwise_options -- backbone.patch_embed.norm.weight:weight_decay=0.05
2026/09/24 14:11:08 - mmengine - INFO - paramwise_options -- backbone.patch_embed.norm.weight:lr_mult=0.1
2026/09/24 14:11:08 - mmengine - INFO - paramwise_options -- backbone.patch_embed.norm.weight:decay_mult=1.0
2026/09/24 14:11:08 - mmengine - INFO - paramwise_options -- backbone.patch_embed.norm.bias:lr=1e-05
2026/09/24 14:11:08 - mmengine - INFO - paramwise_options -- backbone.patch_embed.norm.bias:weight_decay=0.05
2026/09/24 14:11:08 - mmengine - INFO - paramwise_options -- backbone.patch_embed.norm.bias:lr_mult=0.1
2026/09/24 14:11:08 - mmengine - INFO - paramwise_options -- backbone.patch_embed.norm.bias:decay_mult=1.0
2026/09/24 14:11:08 - mmengine - INFO - paramwise_options -- backbone.stages.0.blocks.0.norm1.weight:lr=1e-05
2026/09/24 14:11:08 - mmengine - INFO - paramwise_options -- backbone.stages.0.blocks.0.norm1.weight:weight_decay=0.05
2026/09/24 14:11:08 - mmengine - INFO - paramwise_options -- backbone.stages.0.blocks.0.norm1.weight:lr_mult=0.1
2026/09/24 14:11:08 - mmengine - INFO - paramwise_options -- backbone.stages.0.blocks.0.norm1.weight:decay_mult=1.0
2026/09/24 14:11:08 - mmengine - INFO - paramwise_options -- backbone.stages.0.blocks.0.norm1.bias:lr=1e-05
2026/09/24 14:11:08 - mmengine - INFO - paramwise_options -- backbone.stages.0.blocks.0.norm1.bias:weight_decay=0.05
2026/09/24 14:11:08 - mmengine - INFO - paramwise_options -- backbone.stages.0.blocks.0.norm1.bias:lr_mult=0.1
2026/09/24 14:11:08 - mmengine - INFO - paramwise_options -- backbone.stages.0.blocks.0.norm1.bias:decay_mult=1.0
2026/09/24 14:11:08 - mmengine - INFO - paramwise_options -- backbone.stages.0.blocks.0.attn.w_msa.relative_position_bias_table:lr=1e-05
2026/09/24 14:11:08 - mmengine - INFO - paramwise_options -- backbone.stages.0.blocks.0.attn.w_msa.relative_position_bias_table:weight_decay=0.0
2026/09/24 14:11:08 - mmengine - INFO - paramwise_options -- backbone.stages.0.blocks.0.attn.w_msa.relative_position_bias_table:lr_mult=0.1
2026/09/24 14:11:08 - mmengine - INFO - paramwise_options -- backbone.stages.0.blocks.0.attn.w_msa.relative_position_bias_table:decay_mult=0.0
2026/09/24 14:11:08 - mmengine - INFO - paramwise_options -- backbone.stages.0.blocks.0.attn.w_msa.qkv.weight:lr=1e-05
2026/09/24 14:11:08 - mmengine - INFO - paramwise_options -- backbone.stages.0.blocks.0.attn.w_msa.qkv.weight:weight_decay=0.05
2026/09/24 14:11:08 - mmengine - INFO - paramwise_options -- backbone.stages.0.blocks.0.attn.w_msa.qkv.weight:lr_mult=0.1
2026/09/24 14:11:08 - mmengine - INFO - paramwise_options -- backbone.stages.0.blocks.0.attn.w_msa.qkv.weight:decay_mult=1.0
2026/09/24 14:11:08 - mmengine - INFO - paramwise_options -- backbone.stages.0.blocks.0.attn.w_msa.qkv.bias:lr=1e-05
2026/09/24 14:11:08 - mmengine - INFO - paramwise_options -- backbone.stages.0.blocks.0.attn.w_msa.qkv.bias:weight_decay=0.05
2026/09/24 14:11:08 - mmengine - INFO - paramwise_options -- backbone.stages.0.blocks.0.attn.w_msa.qkv.bias:lr_mult=0.1
2026/09/24 14:11:08 - mmengine - INFO - paramwise_options -- backbone.stages.0.blocks.0.attn.w_msa.qkv.bias:decay_mult=1.0
2026/09/24 14:11:08 - mmengine - INFO - paramwise_options -- backbone.stages.0.blocks.0.attn.w_msa.proj.weight:lr=1e-05
2026/09/24 14:11:08 - mmengine - INFO - paramwise_options -- backbone.stages.0.blocks.0.attn.w_msa.proj.weight:weight_decay=0.05
2026/09/24 14:11:08 - mmengine - INFO - paramwise_options -- backbone.stages.0.blocks.0.attn.w_msa.proj.weight:lr_mult=0.1
2026/09/24 14:11:08 - mmengine - INFO - paramwise_options -- backbone.stages.0.blocks.0.attn.w_msa.proj.weight:decay_mult=1.0
2026/09/24 14:11:08 - mmengine - INFO - paramwise_options -- backbone.stages.0.blocks.0.attn.w_msa.proj.bias:lr=1e-05
2026/09/24 14:11:08 - mmengine - INFO - paramwise_options -- backbone.stages.0.blocks.0.attn.w_msa.proj.bias:weight_decay=0.05
2026/09/24 14:11:08 - mmengine - INFO - paramwise_options -- backbone.stages.0.blocks.0.attn.w_msa.proj.bias:lr_mult=0.1
2026/09/24 14:11:08 - mmengine - INFO - paramwise_options -- backbone.stages.0.blocks.0.attn.w_msa.proj.bias:decay_mult=1.0
2026/09/24 14:11:08 - mmengine - INFO - paramwise_options -- backbone.stages.0.blocks.0.norm2.weight:lr=1e-05
2026/09/24 14:11:08 - mmengine - INFO - paramwise_options -- backbone.stages.0.blocks.0.norm2.weight:weight_decay=0.05
2026/09/24 14:11:08 - mmengine - INFO - paramwise_options -- backbone.stages.0.blocks.0.norm2.weight:lr_mult=0.1
2026/09/24 14:11:08 - mmengine - INFO - paramwise_options -- backbone.stages.0.blocks.0.norm2.weight:decay_mult=1.0
2026/09/24 14:11:08 - mmengine - INFO - paramwise_options -- backbone.stages.0.blocks.0.norm2.bias:lr=1e-05
2026/09/24 14:11:08 - mmengine - INFO - paramwise_options -- backbone.stages.0.blocks.0.norm2.bias:weight_decay=0.05
2026/09/24 14:11:08 - mmengine - INFO - paramwise_options -- backbone.stages.0.blocks.0.norm2.bias:lr_mult=0.1
2026/09/24 14:11:08 - mmengine - INFO - paramwise_options -- backbone.stages.0.blocks.0.norm2.bias:decay_mult=1.0
2026/09/24 14:11:08 - mmengine - INFO - paramwise_options -- backbone.stages.0.blocks.0.ffn.layers.0.0.weight:lr=1e-05
2026/09/24 14:11:08 - mmengine - INFO - paramwise_options -- backbone.stages.0.blocks.0.ffn.layers.0.0.weight:weight_decay=0.05
2026/09/24 14:11:08 - mmengine - INFO - paramwise_options -- backbone.stages.0.blocks.0.ffn.layers.0.0.weight:lr_mult=0.1
2026/09/24 14:11:08 - mmengine - INFO - paramwise_options -- backbone.stages.0.blocks.0.ffn.layers.0.0.weight:decay_mult=1.0
2026/09/24 14:11:08 - mmengine - INFO - paramwise_options -- backbone.stages.0.blocks.0.ffn.layers.0.0.bias:lr=1e-05
2026/09/24 14:11:08 - mmengine - INFO - paramwise_options -- backbone.stages.0.blocks.0.ffn.layers.0.0.bias:weight_decay=0.05
2026/09/24 14:11:08 - mmengine - INFO - paramwise_options -- backbone.stages.0.blocks.0.ffn.layers.0.0.bias:lr_mult=0.1
2026/09/24 14:11:08 - mmengine - INFO - paramwise_options -- backbone.stages.0.blocks.0.ffn.layers.0.0.bias:decay_mult=1.0
2026/09/24 14:11:08 - mmengine - INFO - paramwise_options -- backbone.stages.0.blocks.0.ffn.layers.1.weight:lr=1e-05
2026/09/24 14:11:08 - mmengine - INFO - paramwise_options -- backbone.stages.0.blocks.0.ffn.layers.1.weight:weight_decay=0.05
2026/09/24 14:11:08 - mmengine - INFO - paramwise_options -- backbone.stages.0.blocks.0.ffn.layers.1.weight:lr_mult=0.1
2026/09/24 14:11:08 - mmengine - INFO - paramwise_options -- backbone.stages.0.blocks.0.ffn.layers.1.weight:decay_mult=1.0
2026/09/24 14:11:08 - mmengine - INFO - paramwise_options -- backbone.stages.0.blocks.0.ffn.layers.1.bias:lr=1e-05
2026/09/24 14:11:08 - mmengine - INFO - paramwise_options -- backbone.stages.0.blocks.0.ffn.layers.1.bias:weight_decay=0.05
2026/09/24 14:11:08 - mmengine - INFO - paramwise_options -- backbone.stages.0.blocks.0.ffn.layers.1.bias:lr_mult=0.1
2026/09/24 14:11:08 - mmengine - INFO - paramwise_options -- backbone.stages.0.blocks.0.ffn.layers.1.bias:decay_mult=1.0
2026/09/24 14:11:08 - mmengine - INFO - paramwise_options -- backbone.stages.0.blocks.1.norm1.weight:lr=1e-05
2026/09/24 14:11:08 - mmengine - INFO - paramwise_options -- backbone.stages.0.blocks.1.norm1.weight:weight_decay=0.05
2026/09/24 14:11:08 - mmengine - INFO - paramwise_options -- backbone.stages.0.blocks.1.norm1.weight:lr_mult=0.1
2026/09/24 14:11:08 - mmengine - INFO - paramwise_options -- backbone.stages.0.blocks.1.norm1.weight:decay_mult=1.0
2026/09/24 14:11:08 - mmengine - INFO - paramwise_options -- backbone.stages.0.blocks.1.norm1.bias:lr=1e-05
2026/09/24 14:11:08 - mmengine - INFO - paramwise_options -- backbone.stages.0.blocks.1.norm1.bias:weight_decay=0.05
2026/09/24 14:11:08 - mmengine - INFO - paramwise_options -- backbone.stages.0.blocks.1.norm1.bias:lr_mult=0.1
2026/09/24 14:11:08 - mmengine - INFO - paramwise_options -- backbone.stages.0.blocks.1.norm1.bias:decay_mult=1.0
2026/09/24 14:11:08 - mmengine - INFO - paramwise_options -- backbone.stages.0.blocks.1.attn.w_msa.relative_position_bias_table:lr=1e-05
2026/09/24 14:11:08 - mmengine - INFO - paramwise_options -- backbone.stages.0.blocks.1.attn.w_msa.relative_position_bias_table:weight_decay=0.0
2026/09/24 14:11:08 - mmengine - INFO - paramwise_options -- backbone.stages.0.blocks.1.attn.w_msa.relative_position_bias_table:lr_mult=0.1
2026/09/24 14:11:08 - mmengine - INFO - paramwise_options -- backbone.stages.0.blocks.1.attn.w_msa.relative_position_bias_table:decay_mult=0.0
2026/09/24 14:11:08 - mmengine - INFO - paramwise_options -- backbone.stages.0.blocks.1.attn.w_msa.qkv.weight:lr=1e-05
2026/09/24 14:11:08 - mmengine - INFO - paramwise_options -- backbone.stages.0.blocks.1.attn.w_msa.qkv.weight:weight_decay=0.05
2026/09/24 14:11:08 - mmengine - INFO - paramwise_options -- backbone.stages.0.blocks.1.attn.w_msa.qkv.weight:lr_mult=0.1
2026/09/24 14:11:08 - mmengine - INFO - paramwise_options -- backbone.stages.0.blocks.1.attn.w_msa.qkv.weight:decay_mult=1.0
2026/09/24 14:11:08 - mmengine - INFO - paramwise_options -- backbone.stages.0.blocks.1.attn.w_msa.qkv.bias:lr=1e-05
2026/09/24 14:11:08 - mmengine - INFO - paramwise_options -- backbone.stages.0.blocks.1.attn.w_msa.qkv.bias:weight_decay=0.05
2026/09/24 14:11:08 - mmengine - INFO - paramwise_options -- backbone.stages.0.blocks.1.attn.w_msa.qkv.bias:lr_mult=0.1
2026/09/24 14:11:08 - mmengine - INFO - paramwise_options -- backbone.stages.0.blocks.1.attn.w_msa.qkv.bias:decay_mult=1.0
2026/09/24 14:11:08 - mmengine - INFO - paramwise_options -- backbone.stages.0.blocks.1.attn.w_msa.proj.weight:lr=1e-05
2026/09/24 14:11:08 - mmengine - INFO - paramwise_options -- backbone.stages.0.blocks.1.attn.w_msa.proj.weight:weight_decay=0.05
2026/09/24 14:11:08 - mmengine - INFO - paramwise_options -- backbone.stages.0.blocks.1.attn.w_msa.proj.weight:lr_mult=0.1
2026/09/24 14:11:08 - mmengine - INFO - paramwise_options -- backbone.stages.0.blocks.1.attn.w_msa.proj.weight:decay_mult=1.0
2026/09/24 14:11:08 - mmengine - INFO - paramwise_options -- backbone.stages.0.blocks.1.attn.w_msa.proj.bias:lr=1e-05
2026/09/24 14:11:08 - mmengine - INFO - paramwise_options -- backbone.stages.0.blocks.1.attn.w_msa.proj.bias:weight_decay=0.05
2026/09/24 14:11:08 - mmengine - INFO - paramwise_options -- backbone.stages.0.blocks.1.attn.w_msa.proj.bias:lr_mult=0.1
2026/09/24 14:11:08 - mmengine - INFO - paramwise_options -- backbone.stages.0.blocks.1.attn.w_msa.proj.bias:decay_mult=1.0
2026/09/24 14:11:08 - mmengine - INFO - paramwise_options -- backbone.stages.0.blocks.1.norm2.weight:lr=1e-05
2026/09/24 14:11:08 - mmengine - INFO - paramwise_options -- backbone.stages.0.blocks.1.norm2.weight:weight_decay=0.05
2026/09/24 14:11:08 - mmengine - INFO - paramwise_options -- backbone.stages.0.blocks.1.norm2.weight:lr_mult=0.1
2026/09/24 14:11:08 - mmengine - INFO - paramwise_options -- backbone.stages.0.blocks.1.norm2.weight:decay_mult=1.0
2026/09/24 14:11:08 - mmengine - INFO - paramwise_options -- backbone.stages.0.blocks.1.norm2.bias:lr=1e-05
2026/09/24 14:11:08 - mmengine - INFO - paramwise_options -- backbone.stages.0.blocks.1.norm2.bias:weight_decay=0.05
2026/09/24 14:11:08 - mmengine - INFO - paramwise_options -- backbone.stages.0.blocks.1.norm2.bias:lr_mult=0.1
2026/09/24 14:11:08 - mmengine - INFO - paramwise_options -- backbone.stages.0.blocks.1.norm2.bias:decay_mult=1.0
2026/09/24 14:11:08 - mmengine - INFO - paramwise_options -- backbone.stages.0.blocks.1.ffn.layers.0.0.weight:lr=1e-05
2026/09/24 14:11:08 - mmengine - INFO - paramwise_options -- backbone.stages.0.blocks.1.ffn.layers.0.0.weight:weight_decay=0.05
2026/09/24 14:11:08 - mmengine - INFO - paramwise_options -- backbone.stages.0.blocks.1.ffn.layers.0.0.weight:lr_mult=0.1
2026/09/24 14:11:08 - mmengine - INFO - paramwise_options -- backbone.stages.0.blocks.1.ffn.layers.0.0.weight:decay_mult=1.0
2026/09/24 14:11:08 - mmengine - INFO - paramwise_options -- backbone.stages.0.blocks.1.ffn.layers.0.0.bias:lr=1e-05
2026/09/24 14:11:08 - mmengine - INFO - paramwise_options -- backbone.stages.0.blocks.1.ffn.layers.0.0.bias:weight_decay=0.05
2026/09/24 14:11:08 - mmengine - INFO - paramwise_options -- backbone.stages.0.blocks.1.ffn.layers.0.0.bias:lr_mult=0.1
2026/09/24 14:11:08 - mmengine - INFO - paramwise_options -- backbone.stages.0.blocks.1.ffn.layers.0.0.bias:decay_mult=1.0
2026/09/24 14:11:08 - mmengine - INFO - paramwise_options -- backbone.stages.0.blocks.1.ffn.layers.1.weight:lr=1e-05
2026/09/24 14:11:08 - mmengine - INFO - paramwise_options -- backbone.stages.0.blocks.1.ffn.layers.1.weight:weight_decay=0.05
2026/09/24 14:11:08 - mmengine - INFO - paramwise_options -- backbone.stages.0.blocks.1.ffn.layers.1.weight:lr_mult=0.1
2026/09/24 14:11:08 - mmengine - INFO - paramwise_options -- backbone.stages.0.blocks.1.ffn.layers.1.weight:decay_mult=1.0
2026/09/24 14:11:08 - mmengine - INFO - paramwise_options -- backbone.stages.0.blocks.1.ffn.layers.1.bias:lr=1e-05
2026/09/24 14:11:08 - mmengine - INFO - paramwise_options -- backbone.stages.0.blocks.1.ffn.layers.1.bias:weight_decay=0.05
2026/09/24 14:11:08 - mmengine - INFO - paramwise_options -- backbone.stages.0.blocks.1.ffn.layers.1.bias:lr_mult=0.1
2026/09/24 14:11:08 - mmengine - INFO - paramwise_options -- backbone.stages.0.blocks.1.ffn.layers.1.bias:decay_mult=1.0
2026/09/24 14:11:08 - mmengine - INFO - paramwise_options -- backbone.stages.0.downsample.norm.weight:lr=1e-05
2026/09/24 14:11:08 - mmengine - INFO - paramwise_options -- backbone.stages.0.downsample.norm.weight:weight_decay=0.05
2026/09/24 14:11:08 - mmengine - INFO - paramwise_options -- backbone.stages.0.downsample.norm.weight:lr_mult=0.1
2026/09/24 14:11:08 - mmengine - INFO - paramwise_options -- backbone.stages.0.downsample.norm.weight:decay_mult=1.0
2026/09/24 14:11:08 - mmengine - INFO - paramwise_options -- backbone.stages.0.downsample.norm.bias:lr=1e-05
2026/09/24 14:11:08 - mmengine - INFO - paramwise_options -- backbone.stages.0.downsample.norm.bias:weight_decay=0.05
2026/09/24 14:11:08 - mmengine - INFO - paramwise_options -- backbone.stages.0.downsample.norm.bias:lr_mult=0.1
2026/09/24 14:11:08 - mmengine - INFO - paramwise_options -- backbone.stages.0.downsample.norm.bias:decay_mult=1.0
2026/09/24 14:11:08 - mmengine - INFO - paramwise_options -- backbone.stages.0.downsample.reduction.weight:lr=1e-05
2026/09/24 14:11:08 - mmengine - INFO - paramwise_options -- backbone.stages.0.downsample.reduction.weight:weight_decay=0.05
2026/09/24 14:11:08 - mmengine - INFO - paramwise_options -- backbone.stages.0.downsample.reduction.weight:lr_mult=0.1
2026/09/24 14:11:08 - mmengine - INFO - paramwise_options -- backbone.stages.0.downsample.reduction.weight:decay_mult=1.0
2026/09/24 14:11:08 - mmengine - INFO - paramwise_options -- backbone.stages.1.blocks.0.norm1.weight:lr=1e-05
2026/09/24 14:11:08 - mmengine - INFO - paramwise_options -- backbone.stages.1.blocks.0.norm1.weight:weight_decay=0.05
2026/09/24 14:11:08 - mmengine - INFO - paramwise_options -- backbone.stages.1.blocks.0.norm1.weight:lr_mult=0.1
2026/09/24 14:11:08 - mmengine - INFO - paramwise_options -- backbone.stages.1.blocks.0.norm1.weight:decay_mult=1.0
2026/09/24 14:11:08 - mmengine - INFO - paramwise_options -- backbone.stages.1.blocks.0.norm1.bias:lr=1e-05
2026/09/24 14:11:08 - mmengine - INFO - paramwise_options -- backbone.stages.1.blocks.0.norm1.bias:weight_decay=0.05
2026/09/24 14:11:08 - mmengine - INFO - paramwise_options -- backbone.stages.1.blocks.0.norm1.bias:lr_mult=0.1
2026/09/24 14:11:08 - mmengine - INFO - paramwise_options -- backbone.stages.1.blocks.0.norm1.bias:decay_mult=1.0
2026/09/24 14:11:08 - mmengine - INFO - paramwise_options -- backbone.stages.1.blocks.0.attn.w_msa.relative_position_bias_table:lr=1e-05
2026/09/24 14:11:08 - mmengine - INFO - paramwise_options -- backbone.stages.1.blocks.0.attn.w_msa.relative_position_bias_table:weight_decay=0.0
2026/09/24 14:11:08 - mmengine - INFO - paramwise_options -- backbone.stages.1.blocks.0.attn.w_msa.relative_position_bias_table:lr_mult=0.1
2026/09/24 14:11:08 - mmengine - INFO - paramwise_options -- backbone.stages.1.blocks.0.attn.w_msa.relative_position_bias_table:decay_mult=0.0
2026/09/24 14:11:08 - mmengine - INFO - paramwise_options -- backbone.stages.1.blocks.0.attn.w_msa.qkv.weight:lr=1e-05
2026/09/24 14:11:08 - mmengine - INFO - paramwise_options -- backbone.stages.1.blocks.0.attn.w_msa.qkv.weight:weight_decay=0.05
2026/09/24 14:11:08 - mmengine - INFO - paramwise_options -- backbone.stages.1.blocks.0.attn.w_msa.qkv.weight:lr_mult=0.1
2026/09/24 14:11:08 - mmengine - INFO - paramwise_options -- backbone.stages.1.blocks.0.attn.w_msa.qkv.weight:decay_mult=1.0
2026/09/24 14:11:08 - mmengine - INFO - paramwise_options -- backbone.stages.1.blocks.0.attn.w_msa.qkv.bias:lr=1e-05
2026/09/24 14:11:08 - mmengine - INFO - paramwise_options -- backbone.stages.1.blocks.0.attn.w_msa.qkv.bias:weight_decay=0.05
2026/09/24 14:11:08 - mmengine - INFO - paramwise_options -- backbone.stages.1.blocks.0.attn.w_msa.qkv.bias:lr_mult=0.1
2026/09/24 14:11:08 - mmengine - INFO - paramwise_options -- backbone.stages.1.blocks.0.attn.w_msa.qkv.bias:decay_mult=1.0
2026/09/24 14:11:08 - mmengine - INFO - paramwise_options -- backbone.stages.1.blocks.0.attn.w_msa.proj.weight:lr=1e-05
2026/09/24 14:11:08 - mmengine - INFO - paramwise_options -- backbone.stages.1.blocks.0.attn.w_msa.proj.weight:weight_decay=0.05
2026/09/24 14:11:08 - mmengine - INFO - paramwise_options -- backbone.stages.1.blocks.0.attn.w_msa.proj.weight:lr_mult=0.1
2026/09/24 14:11:08 - mmengine - INFO - paramwise_options -- backbone.stages.1.blocks.0.attn.w_msa.proj.weight:decay_mult=1.0
2026/09/24 14:11:08 - mmengine - INFO - paramwise_options -- backbone.stages.1.blocks.0.attn.w_msa.proj.bias:lr=1e-05
2026/09/24 14:11:08 - mmengine - INFO - paramwise_options -- backbone.stages.1.blocks.0.attn.w_msa.proj.bias:weight_decay=0.05
2026/09/24 14:11:08 - mmengine - INFO - paramwise_options -- backbone.stages.1.blocks.0.attn.w_msa.proj.bias:lr_mult=0.1
2026/09/24 14:11:08 - mmengine - INFO - paramwise_options -- backbone.stages.1.blocks.0.attn.w_msa.proj.bias:decay_mult=1.0
2026/09/24 14:11:08 - mmengine - INFO - paramwise_options -- backbone.stages.1.blocks.0.norm2.weight:lr=1e-05
2026/09/24 14:11:08 - mmengine - INFO - paramwise_options -- backbone.stages.1.blocks.0.norm2.weight:weight_decay=0.05
2026/09/24 14:11:08 - mmengine - INFO - paramwise_options -- backbone.stages.1.blocks.0.norm2.weight:lr_mult=0.1
2026/09/24 14:11:08 - mmengine - INFO - paramwise_options -- backbone.stages.1.blocks.0.norm2.weight:decay_mult=1.0
2026/09/24 14:11:08 - mmengine - INFO - paramwise_options -- backbone.stages.1.blocks.0.norm2.bias:lr=1e-05
2026/09/24 14:11:08 - mmengine - INFO - paramwise_options -- backbone.stages.1.blocks.0.norm2.bias:weight_decay=0.05
2026/09/24 14:11:08 - mmengine - INFO - paramwise_options -- backbone.stages.1.blocks.0.norm2.bias:lr_mult=0.1
2026/09/24 14:11:08 - mmengine - INFO - paramwise_options -- backbone.stages.1.blocks.0.norm2.bias:decay_mult=1.0
2026/09/24 14:11:08 - mmengine - INFO - paramwise_options -- backbone.stages.1.blocks.0.ffn.layers.0.0.weight:lr=1e-05
2026/09/24 14:11:08 - mmengine - INFO - paramwise_options -- backbone.stages.1.blocks.0.ffn.layers.0.0.weight:weight_decay=0.05
2026/09/24 14:11:08 - mmengine - INFO - paramwise_options -- backbone.stages.1.blocks.0.ffn.layers.0.0.weight:lr_mult=0.1
2026/09/24 14:11:08 - mmengine - INFO - paramwise_options -- backbone.stages.1.blocks.0.ffn.layers.0.0.weight:decay_mult=1.0
2026/09/24 14:11:08 - mmengine - INFO - paramwise_options -- backbone.stages.1.blocks.0.ffn.layers.0.0.bias:lr=1e-05
2026/09/24 14:11:08 - mmengine - INFO - paramwise_options -- backbone.stages.1.blocks.0.ffn.layers.0.0.bias:weight_decay=0.05
2026/09/24 14:11:08 - mmengine - INFO - paramwise_options -- backbone.stages.1.blocks.0.ffn.layers.0.0.bias:lr_mult=0.1
2026/09/24 14:11:08 - mmengine - INFO - paramwise_options -- backbone.stages.1.blocks.0.ffn.layers.0.0.bias:decay_mult=1.0
2026/09/24 14:11:08 - mmengine - INFO - paramwise_options -- backbone.stages.1.blocks.0.ffn.layers.1.weight:lr=1e-05
2026/09/24 14:11:08 - mmengine - INFO - paramwise_options -- backbone.stages.1.blocks.0.ffn.layers.1.weight:weight_decay=0.05
2026/09/24 14:11:08 - mmengine - INFO - paramwise_options -- backbone.stages.1.blocks.0.ffn.layers.1.weight:lr_mult=0.1
2026/09/24 14:11:08 - mmengine - INFO - paramwise_options -- backbone.stages.1.blocks.0.ffn.layers.1.weight:decay_mult=1.0
2026/09/24 14:11:08 - mmengine - INFO - paramwise_options -- backbone.stages.1.blocks.0.ffn.layers.1.bias:lr=1e-05
2026/09/24 14:11:08 - mmengine - INFO - paramwise_options -- backbone.stages.1.blocks.0.ffn.layers.1.bias:weight_decay=0.05
2026/09/24 14:11:08 - mmengine - INFO - paramwise_options -- backbone.stages.1.blocks.0.ffn.layers.1.bias:lr_mult=0.1
2026/09/24 14:11:08 - mmengine - INFO - paramwise_options -- backbone.stages.1.blocks.0.ffn.layers.1.bias:decay_mult=1.0
2026/09/24 14:11:08 - mmengine - INFO - paramwise_options -- backbone.stages.1.blocks.1.norm1.weight:lr=1e-05
2026/09/24 14:11:08 - mmengine - INFO - paramwise_options -- backbone.stages.1.blocks.1.norm1.weight:weight_decay=0.05
2026/09/24 14:11:08 - mmengine - INFO - paramwise_options -- backbone.stages.1.blocks.1.norm1.weight:lr_mult=0.1
2026/09/24 14:11:08 - mmengine - INFO - paramwise_options -- backbone.stages.1.blocks.1.norm1.weight:decay_mult=1.0
2026/09/24 14:11:08 - mmengine - INFO - paramwise_options -- backbone.stages.1.blocks.1.norm1.bias:lr=1e-05
2026/09/24 14:11:08 - mmengine - INFO - paramwise_options -- backbone.stages.1.blocks.1.norm1.bias:weight_decay=0.05
2026/09/24 14:11:08 - mmengine - INFO - paramwise_options -- backbone.stages.1.blocks.1.norm1.bias:lr_mult=0.1
2026/09/24 14:11:08 - mmengine - INFO - paramwise_options -- backbone.stages.1.blocks.1.norm1.bias:decay_mult=1.0
2026/09/24 14:11:08 - mmengine - INFO - paramwise_options -- backbone.stages.1.blocks.1.attn.w_msa.relative_position_bias_table:lr=1e-05
2026/09/24 14:11:08 - mmengine - INFO - paramwise_options -- backbone.stages.1.blocks.1.attn.w_msa.relative_position_bias_table:weight_decay=0.0
2026/09/24 14:11:08 - mmengine - INFO - paramwise_options -- backbone.stages.1.blocks.1.attn.w_msa.relative_position_bias_table:lr_mult=0.1
2026/09/24 14:11:08 - mmengine - INFO - paramwise_options -- backbone.stages.1.blocks.1.attn.w_msa.relative_position_bias_table:decay_mult=0.0
2026/09/24 14:11:08 - mmengine - INFO - paramwise_options -- backbone.stages.1.blocks.1.attn.w_msa.qkv.weight:lr=1e-05
2026/09/24 14:11:08 - mmengine - INFO - paramwise_options -- backbone.stages.1.blocks.1.attn.w_msa.qkv.weight:weight_decay=0.05
2026/09/24 14:11:08 - mmengine - INFO - paramwise_options -- backbone.stages.1.blocks.1.attn.w_msa.qkv.weight:lr_mult=0.1
2026/09/24 14:11:08 - mmengine - INFO - paramwise_options -- backbone.stages.1.blocks.1.attn.w_msa.qkv.weight:decay_mult=1.0
2026/09/24 14:11:08 - mmengine - INFO - paramwise_options -- backbone.stages.1.blocks.1.attn.w_msa.qkv.bias:lr=1e-05
2026/09/24 14:11:08 - mmengine - INFO - paramwise_options -- backbone.stages.1.blocks.1.attn.w_msa.qkv.bias:weight_decay=0.05
2026/09/24 14:11:08 - mmengine - INFO - paramwise_options -- backbone.stages.1.blocks.1.attn.w_msa.qkv.bias:lr_mult=0.1
2026/09/24 14:11:08 - mmengine - INFO - paramwise_options -- backbone.stages.1.blocks.1.attn.w_msa.qkv.bias:decay_mult=1.0
2026/09/24 14:11:08 - mmengine - INFO - paramwise_options -- backbone.stages.1.blocks.1.attn.w_msa.proj.weight:lr=1e-05
2026/09/24 14:11:08 - mmengine - INFO - paramwise_options -- backbone.stages.1.blocks.1.attn.w_msa.proj.weight:weight_decay=0.05
2026/09/24 14:11:08 - mmengine - INFO - paramwise_options -- backbone.stages.1.blocks.1.attn.w_msa.proj.weight:lr_mult=0.1
2026/09/24 14:11:08 - mmengine - INFO - paramwise_options -- backbone.stages.1.blocks.1.attn.w_msa.proj.weight:decay_mult=1.0
2026/09/24 14:11:08 - mmengine - INFO - paramwise_options -- backbone.stages.1.blocks.1.attn.w_msa.proj.bias:lr=1e-05
2026/09/24 14:11:08 - mmengine - INFO - paramwise_options -- backbone.stages.1.blocks.1.attn.w_msa.proj.bias:weight_decay=0.05
2026/09/24 14:11:08 - mmengine - INFO - paramwise_options -- backbone.stages.1.blocks.1.attn.w_msa.proj.bias:lr_mult=0.1
2026/09/24 14:11:08 - mmengine - INFO - paramwise_options -- backbone.stages.1.blocks.1.attn.w_msa.proj.bias:decay_mult=1.0
2026/09/24 14:11:08 - mmengine - INFO - paramwise_options -- backbone.stages.1.blocks.1.norm2.weight:lr=1e-05
2026/09/24 14:11:08 - mmengine - INFO - paramwise_options -- backbone.stages.1.blocks.1.norm2.weight:weight_decay=0.05
2026/09/24 14:11:08 - mmengine - INFO - paramwise_options -- backbone.stages.1.blocks.1.norm2.weight:lr_mult=0.1
2026/09/24 14:11:08 - mmengine - INFO - paramwise_options -- backbone.stages.1.blocks.1.norm2.weight:decay_mult=1.0
2026/09/24 14:11:08 - mmengine - INFO - paramwise_options -- backbone.stages.1.blocks.1.norm2.bias:lr=1e-05
2026/09/24 14:11:08 - mmengine - INFO - paramwise_options -- backbone.stages.1.blocks.1.norm2.bias:weight_decay=0.05
2026/09/24 14:11:08 - mmengine - INFO - paramwise_options -- backbone.stages.1.blocks.1.norm2.bias:lr_mult=0.1
2026/09/24 14:11:08 - mmengine - INFO - paramwise_options -- backbone.stages.1.blocks.1.norm2.bias:decay_mult=1.0
2026/09/24 14:11:08 - mmengine - INFO - paramwise_options -- backbone.stages.1.blocks.1.ffn.layers.0.0.weight:lr=1e-05
2026/09/24 14:11:08 - mmengine - INFO - paramwise_options -- backbone.stages.1.blocks.1.ffn.layers.0.0.weight:weight_decay=0.05
2026/09/24 14:11:08 - mmengine - INFO - paramwise_options -- backbone.stages.1.blocks.1.ffn.layers.0.0.weight:lr_mult=0.1
2026/09/24 14:11:08 - mmengine - INFO - paramwise_options -- backbone.stages.1.blocks.1.ffn.layers.0.0.weight:decay_mult=1.0
2026/09/24 14:11:08 - mmengine - INFO - paramwise_options -- backbone.stages.1.blocks.1.ffn.layers.0.0.bias:lr=1e-05
2026/09/24 14:11:08 - mmengine - INFO - paramwise_options -- backbone.stages.1.blocks.1.ffn.layers.0.0.bias:weight_decay=0.05
2026/09/24 14:11:08 - mmengine - INFO - paramwise_options -- backbone.stages.1.blocks.1.ffn.layers.0.0.bias:lr_mult=0.1
2026/09/24 14:11:08 - mmengine - INFO - paramwise_options -- backbone.stages.1.blocks.1.ffn.layers.0.0.bias:decay_mult=1.0
2026/09/24 14:11:08 - mmengine - INFO - paramwise_options -- backbone.stages.1.blocks.1.ffn.layers.1.weight:lr=1e-05
2026/09/24 14:11:08 - mmengine - INFO - paramwise_options -- backbone.stages.1.blocks.1.ffn.layers.1.weight:weight_decay=0.05
2026/09/24 14:11:08 - mmengine - INFO - paramwise_options -- backbone.stages.1.blocks.1.ffn.layers.1.weight:lr_mult=0.1
2026/09/24 14:11:08 - mmengine - INFO - paramwise_options -- backbone.stages.1.blocks.1.ffn.layers.1.weight:decay_mult=1.0
2026/09/24 14:11:08 - mmengine - INFO - paramwise_options -- backbone.stages.1.blocks.1.ffn.layers.1.bias:lr=1e-05
2026/09/24 14:11:08 - mmengine - INFO - paramwise_options -- backbone.stages.1.blocks.1.ffn.layers.1.bias:weight_decay=0.05
2026/09/24 14:11:08 - mmengine - INFO - paramwise_options -- backbone.stages.1.blocks.1.ffn.layers.1.bias:lr_mult=0.1
2026/09/24 14:11:08 - mmengine - INFO - paramwise_options -- backbone.stages.1.blocks.1.ffn.layers.1.bias:decay_mult=1.0
2026/09/24 14:11:08 - mmengine - INFO - paramwise_options -- backbone.stages.1.downsample.norm.weight:lr=1e-05
2026/09/24 14:11:08 - mmengine - INFO - paramwise_options -- backbone.stages.1.downsample.norm.weight:weight_decay=0.05
2026/09/24 14:11:08 - mmengine - INFO - paramwise_options -- backbone.stages.1.downsample.norm.weight:lr_mult=0.1
2026/09/24 14:11:08 - mmengine - INFO - paramwise_options -- backbone.stages.1.downsample.norm.weight:decay_mult=1.0
2026/09/24 14:11:08 - mmengine - INFO - paramwise_options -- backbone.stages.1.downsample.norm.bias:lr=1e-05
2026/09/24 14:11:08 - mmengine - INFO - paramwise_options -- backbone.stages.1.downsample.norm.bias:weight_decay=0.05
2026/09/24 14:11:08 - mmengine - INFO - paramwise_options -- backbone.stages.1.downsample.norm.bias:lr_mult=0.1
2026/09/24 14:11:08 - mmengine - INFO - paramwise_options -- backbone.stages.1.downsample.norm.bias:decay_mult=1.0
2026/09/24 14:11:08 - mmengine - INFO - paramwise_options -- backbone.stages.1.downsample.reduction.weight:lr=1e-05
2026/09/24 14:11:08 - mmengine - INFO - paramwise_options -- backbone.stages.1.downsample.reduction.weight:weight_decay=0.05
2026/09/24 14:11:08 - mmengine - INFO - paramwise_options -- backbone.stages.1.downsample.reduction.weight:lr_mult=0.1
2026/09/24 14:11:08 - mmengine - INFO - paramwise_options -- backbone.stages.1.downsample.reduction.weight:decay_mult=1.0
2026/09/24 14:11:08 - mmengine - INFO - paramwise_options -- backbone.stages.2.blocks.0.norm1.weight:lr=1e-05
2026/09/24 14:11:08 - mmengine - INFO - paramwise_options -- backbone.stages.2.blocks.0.norm1.weight:weight_decay=0.05
2026/09/24 14:11:08 - mmengine - INFO - paramwise_options -- backbone.stages.2.blocks.0.norm1.weight:lr_mult=0.1
2026/09/24 14:11:08 - mmengine - INFO - paramwise_options -- backbone.stages.2.blocks.0.norm1.weight:decay_mult=1.0
2026/09/24 14:11:08 - mmengine - INFO - paramwise_options -- backbone.stages.2.blocks.0.norm1.bias:lr=1e-05
2026/09/24 14:11:08 - mmengine - INFO - paramwise_options -- backbone.stages.2.blocks.0.norm1.bias:weight_decay=0.05
2026/09/24 14:11:08 - mmengine - INFO - paramwise_options -- backbone.stages.2.blocks.0.norm1.bias:lr_mult=0.1
2026/09/24 14:11:08 - mmengine - INFO - paramwise_options -- backbone.stages.2.blocks.0.norm1.bias:decay_mult=1.0
2026/09/24 14:11:08 - mmengine - INFO - paramwise_options -- backbone.stages.2.blocks.0.attn.w_msa.relative_position_bias_table:lr=1e-05
2026/09/24 14:11:08 - mmengine - INFO - paramwise_options -- backbone.stages.2.blocks.0.attn.w_msa.relative_position_bias_table:weight_decay=0.0
2026/09/24 14:11:08 - mmengine - INFO - paramwise_options -- backbone.stages.2.blocks.0.attn.w_msa.relative_position_bias_table:lr_mult=0.1
2026/09/24 14:11:08 - mmengine - INFO - paramwise_options -- backbone.stages.2.blocks.0.attn.w_msa.relative_position_bias_table:decay_mult=0.0
2026/09/24 14:11:08 - mmengine - INFO - paramwise_options -- backbone.stages.2.blocks.0.attn.w_msa.qkv.weight:lr=1e-05
2026/09/24 14:11:08 - mmengine - INFO - paramwise_options -- backbone.stages.2.blocks.0.attn.w_msa.qkv.weight:weight_decay=0.05
2026/09/24 14:11:08 - mmengine - INFO - paramwise_options -- backbone.stages.2.blocks.0.attn.w_msa.qkv.weight:lr_mult=0.1
2026/09/24 14:11:08 - mmengine - INFO - paramwise_options -- backbone.stages.2.blocks.0.attn.w_msa.qkv.weight:decay_mult=1.0
2026/09/24 14:11:08 - mmengine - INFO - paramwise_options -- backbone.stages.2.blocks.0.attn.w_msa.qkv.bias:lr=1e-05
2026/09/24 14:11:08 - mmengine - INFO - paramwise_options -- backbone.stages.2.blocks.0.attn.w_msa.qkv.bias:weight_decay=0.05
2026/09/24 14:11:08 - mmengine - INFO - paramwise_options -- backbone.stages.2.blocks.0.attn.w_msa.qkv.bias:lr_mult=0.1
2026/09/24 14:11:08 - mmengine - INFO - paramwise_options -- backbone.stages.2.blocks.0.attn.w_msa.qkv.bias:decay_mult=1.0
2026/09/24 14:11:08 - mmengine - INFO - paramwise_options -- backbone.stages.2.blocks.0.attn.w_msa.proj.weight:lr=1e-05
2026/09/24 14:11:08 - mmengine - INFO - paramwise_options -- backbone.stages.2.blocks.0.attn.w_msa.proj.weight:weight_decay=0.05
2026/09/24 14:11:08 - mmengine - INFO - paramwise_options -- backbone.stages.2.blocks.0.attn.w_msa.proj.weight:lr_mult=0.1
2026/09/24 14:11:08 - mmengine - INFO - paramwise_options -- backbone.stages.2.blocks.0.attn.w_msa.proj.weight:decay_mult=1.0
2026/09/24 14:11:08 - mmengine - INFO - paramwise_options -- backbone.stages.2.blocks.0.attn.w_msa.proj.bias:lr=1e-05
2026/09/24 14:11:08 - mmengine - INFO - paramwise_options -- backbone.stages.2.blocks.0.attn.w_msa.proj.bias:weight_decay=0.05
2026/09/24 14:11:08 - mmengine - INFO - paramwise_options -- backbone.stages.2.blocks.0.attn.w_msa.proj.bias:lr_mult=0.1
2026/09/24 14:11:08 - mmengine - INFO - paramwise_options -- backbone.stages.2.blocks.0.attn.w_msa.proj.bias:decay_mult=1.0
2026/09/24 14:11:08 - mmengine - INFO - paramwise_options -- backbone.stages.2.blocks.0.norm2.weight:lr=1e-05
2026/09/24 14:11:08 - mmengine - INFO - paramwise_options -- backbone.stages.2.blocks.0.norm2.weight:weight_decay=0.05
2026/09/24 14:11:08 - mmengine - INFO - paramwise_options -- backbone.stages.2.blocks.0.norm2.weight:lr_mult=0.1
2026/09/24 14:11:08 - mmengine - INFO - paramwise_options -- backbone.stages.2.blocks.0.norm2.weight:decay_mult=1.0
2026/09/24 14:11:08 - mmengine - INFO - paramwise_options -- backbone.stages.2.blocks.0.norm2.bias:lr=1e-05
2026/09/24 14:11:08 - mmengine - INFO - paramwise_options -- backbone.stages.2.blocks.0.norm2.bias:weight_decay=0.05
2026/09/24 14:11:08 - mmengine - INFO - paramwise_options -- backbone.stages.2.blocks.0.norm2.bias:lr_mult=0.1
2026/09/24 14:11:08 - mmengine - INFO - paramwise_options -- backbone.stages.2.blocks.0.norm2.bias:decay_mult=1.0
2026/09/24 14:11:08 - mmengine - INFO - paramwise_options -- backbone.stages.2.blocks.0.ffn.layers.0.0.weight:lr=1e-05
2026/09/24 14:11:08 - mmengine - INFO - paramwise_options -- backbone.stages.2.blocks.0.ffn.layers.0.0.weight:weight_decay=0.05
2026/09/24 14:11:08 - mmengine - INFO - paramwise_options -- backbone.stages.2.blocks.0.ffn.layers.0.0.weight:lr_mult=0.1
2026/09/24 14:11:08 - mmengine - INFO - paramwise_options -- backbone.stages.2.blocks.0.ffn.layers.0.0.weight:decay_mult=1.0
2026/09/24 14:11:08 - mmengine - INFO - paramwise_options -- backbone.stages.2.blocks.0.ffn.layers.0.0.bias:lr=1e-05
2026/09/24 14:11:08 - mmengine - INFO - paramwise_options -- backbone.stages.2.blocks.0.ffn.layers.0.0.bias:weight_decay=0.05
2026/09/24 14:11:08 - mmengine - INFO - paramwise_options -- backbone.stages.2.blocks.0.ffn.layers.0.0.bias:lr_mult=0.1
2026/09/24 14:11:08 - mmengine - INFO - paramwise_options -- backbone.stages.2.blocks.0.ffn.layers.0.0.bias:decay_mult=1.0
2026/09/24 14:11:08 - mmengine - INFO - paramwise_options -- backbone.stages.2.blocks.0.ffn.layers.1.weight:lr=1e-05
2026/09/24 14:11:08 - mmengine - INFO - paramwise_options -- backbone.stages.2.blocks.0.ffn.layers.1.weight:weight_decay=0.05
2026/09/24 14:11:08 - mmengine - INFO - paramwise_options -- backbone.stages.2.blocks.0.ffn.layers.1.weight:lr_mult=0.1
2026/09/24 14:11:08 - mmengine - INFO - paramwise_options -- backbone.stages.2.blocks.0.ffn.layers.1.weight:decay_mult=1.0
2026/09/24 14:11:08 - mmengine - INFO - paramwise_options -- backbone.stages.2.blocks.0.ffn.layers.1.bias:lr=1e-05
2026/09/24 14:11:08 - mmengine - INFO - paramwise_options -- backbone.stages.2.blocks.0.ffn.layers.1.bias:weight_decay=0.05
2026/09/24 14:11:08 - mmengine - INFO - paramwise_options -- backbone.stages.2.blocks.0.ffn.layers.1.bias:lr_mult=0.1
2026/09/24 14:11:08 - mmengine - INFO - paramwise_options -- backbone.stages.2.blocks.0.ffn.layers.1.bias:decay_mult=1.0
2026/09/24 14:11:08 - mmengine - INFO - paramwise_options -- backbone.stages.2.blocks.1.norm1.weight:lr=1e-05
2026/09/24 14:11:08 - mmengine - INFO - paramwise_options -- backbone.stages.2.blocks.1.norm1.weight:weight_decay=0.05
2026/09/24 14:11:08 - mmengine - INFO - paramwise_options -- backbone.stages.2.blocks.1.norm1.weight:lr_mult=0.1
2026/09/24 14:11:08 - mmengine - INFO - paramwise_options -- backbone.stages.2.blocks.1.norm1.weight:decay_mult=1.0
2026/09/24 14:11:08 - mmengine - INFO - paramwise_options -- backbone.stages.2.blocks.1.norm1.bias:lr=1e-05
2026/09/24 14:11:08 - mmengine - INFO - paramwise_options -- backbone.stages.2.blocks.1.norm1.bias:weight_decay=0.05
2026/09/24 14:11:08 - mmengine - INFO - paramwise_options -- backbone.stages.2.blocks.1.norm1.bias:lr_mult=0.1
2026/09/24 14:11:08 - mmengine - INFO - paramwise_options -- backbone.stages.2.blocks.1.norm1.bias:decay_mult=1.0
2026/09/24 14:11:08 - mmengine - INFO - paramwise_options -- backbone.stages.2.blocks.1.attn.w_msa.relative_position_bias_table:lr=1e-05
2026/09/24 14:11:08 - mmengine - INFO - paramwise_options -- backbone.stages.2.blocks.1.attn.w_msa.relative_position_bias_table:weight_decay=0.0
2026/09/24 14:11:08 - mmengine - INFO - paramwise_options -- backbone.stages.2.blocks.1.attn.w_msa.relative_position_bias_table:lr_mult=0.1
2026/09/24 14:11:08 - mmengine - INFO - paramwise_options -- backbone.stages.2.blocks.1.attn.w_msa.relative_position_bias_table:decay_mult=0.0
2026/09/24 14:11:08 - mmengine - INFO - paramwise_options -- backbone.stages.2.blocks.1.attn.w_msa.qkv.weight:lr=1e-05
2026/09/24 14:11:08 - mmengine - INFO - paramwise_options -- backbone.stages.2.blocks.1.attn.w_msa.qkv.weight:weight_decay=0.05
2026/09/24 14:11:08 - mmengine - INFO - paramwise_options -- backbone.stages.2.blocks.1.attn.w_msa.qkv.weight:lr_mult=0.1
2026/09/24 14:11:08 - mmengine - INFO - paramwise_options -- backbone.stages.2.blocks.1.attn.w_msa.qkv.weight:decay_mult=1.0
2026/09/24 14:11:08 - mmengine - INFO - paramwise_options -- backbone.stages.2.blocks.1.attn.w_msa.qkv.bias:lr=1e-05
2026/09/24 14:11:08 - mmengine - INFO - paramwise_options -- backbone.stages.2.blocks.1.attn.w_msa.qkv.bias:weight_decay=0.05
2026/09/24 14:11:08 - mmengine - INFO - paramwise_options -- backbone.stages.2.blocks.1.attn.w_msa.qkv.bias:lr_mult=0.1
2026/09/24 14:11:08 - mmengine - INFO - paramwise_options -- backbone.stages.2.blocks.1.attn.w_msa.qkv.bias:decay_mult=1.0
2026/09/24 14:11:08 - mmengine - INFO - paramwise_options -- backbone.stages.2.blocks.1.attn.w_msa.proj.weight:lr=1e-05
2026/09/24 14:11:08 - mmengine - INFO - paramwise_options -- backbone.stages.2.blocks.1.attn.w_msa.proj.weight:weight_decay=0.05
2026/09/24 14:11:08 - mmengine - INFO - paramwise_options -- backbone.stages.2.blocks.1.attn.w_msa.proj.weight:lr_mult=0.1
2026/09/24 14:11:08 - mmengine - INFO - paramwise_options -- backbone.stages.2.blocks.1.attn.w_msa.proj.weight:decay_mult=1.0
2026/09/24 14:11:08 - mmengine - INFO - paramwise_options -- backbone.stages.2.blocks.1.attn.w_msa.proj.bias:lr=1e-05
2026/09/24 14:11:08 - mmengine - INFO - paramwise_options -- backbone.stages.2.blocks.1.attn.w_msa.proj.bias:weight_decay=0.05
2026/09/24 14:11:08 - mmengine - INFO - paramwise_options -- backbone.stages.2.blocks.1.attn.w_msa.proj.bias:lr_mult=0.1
2026/09/24 14:11:08 - mmengine - INFO - paramwise_options -- backbone.stages.2.blocks.1.attn.w_msa.proj.bias:decay_mult=1.0
2026/09/24 14:11:08 - mmengine - INFO - paramwise_options -- backbone.stages.2.blocks.1.norm2.weight:lr=1e-05
2026/09/24 14:11:08 - mmengine - INFO - paramwise_options -- backbone.stages.2.blocks.1.norm2.weight:weight_decay=0.05
2026/09/24 14:11:08 - mmengine - INFO - paramwise_options -- backbone.stages.2.blocks.1.norm2.weight:lr_mult=0.1
2026/09/24 14:11:08 - mmengine - INFO - paramwise_options -- backbone.stages.2.blocks.1.norm2.weight:decay_mult=1.0
2026/09/24 14:11:08 - mmengine - INFO - paramwise_options -- backbone.stages.2.blocks.1.norm2.bias:lr=1e-05
2026/09/24 14:11:08 - mmengine - INFO - paramwise_options -- backbone.stages.2.blocks.1.norm2.bias:weight_decay=0.05
2026/09/24 14:11:08 - mmengine - INFO - paramwise_options -- backbone.stages.2.blocks.1.norm2.bias:lr_mult=0.1
2026/09/24 14:11:08 - mmengine - INFO - paramwise_options -- backbone.stages.2.blocks.1.norm2.bias:decay_mult=1.0
2026/09/24 14:11:08 - mmengine - INFO - paramwise_options -- backbone.stages.2.blocks.1.ffn.layers.0.0.weight:lr=1e-05
2026/09/24 14:11:08 - mmengine - INFO - paramwise_options -- backbone.stages.2.blocks.1.ffn.layers.0.0.weight:weight_decay=0.05
2026/09/24 14:11:08 - mmengine - INFO - paramwise_options -- backbone.stages.2.blocks.1.ffn.layers.0.0.weight:lr_mult=0.1
2026/09/24 14:11:08 - mmengine - INFO - paramwise_options -- backbone.stages.2.blocks.1.ffn.layers.0.0.weight:decay_mult=1.0
2026/09/24 14:11:08 - mmengine - INFO - paramwise_options -- backbone.stages.2.blocks.1.ffn.layers.0.0.bias:lr=1e-05
2026/09/24 14:11:08 - mmengine - INFO - paramwise_options -- backbone.stages.2.blocks.1.ffn.layers.0.0.bias:weight_decay=0.05
2026/09/24 14:11:08 - mmengine - INFO - paramwise_options -- backbone.stages.2.blocks.1.ffn.layers.0.0.bias:lr_mult=0.1
2026/09/24 14:11:08 - mmengine - INFO - paramwise_options -- backbone.stages.2.blocks.1.ffn.layers.0.0.bias:decay_mult=1.0
2026/09/24 14:11:08 - mmengine - INFO - paramwise_options -- backbone.stages.2.blocks.1.ffn.layers.1.weight:lr=1e-05
2026/09/24 14:11:08 - mmengine - INFO - paramwise_options -- backbone.stages.2.blocks.1.ffn.layers.1.weight:weight_decay=0.05
2026/09/24 14:11:08 - mmengine - INFO - paramwise_options -- backbone.stages.2.blocks.1.ffn.layers.1.weight:lr_mult=0.1
2026/09/24 14:11:08 - mmengine - INFO - paramwise_options -- backbone.stages.2.blocks.1.ffn.layers.1.weight:decay_mult=1.0
2026/09/24 14:11:08 - mmengine - INFO - paramwise_options -- backbone.stages.2.blocks.1.ffn.layers.1.bias:lr=1e-05
2026/09/24 14:11:08 - mmengine - INFO - paramwise_options -- backbone.stages.2.blocks.1.ffn.layers.1.bias:weight_decay=0.05
2026/09/24 14:11:08 - mmengine - INFO - paramwise_options -- backbone.stages.2.blocks.1.ffn.layers.1.bias:lr_mult=0.1
2026/09/24 14:11:08 - mmengine - INFO - paramwise_options -- backbone.stages.2.blocks.1.ffn.layers.1.bias:decay_mult=1.0
2026/09/24 14:11:08 - mmengine - INFO - paramwise_options -- backbone.stages.2.blocks.2.norm1.weight:lr=1e-05
2026/09/24 14:11:08 - mmengine - INFO - paramwise_options -- backbone.stages.2.blocks.2.norm1.weight:weight_decay=0.05
2026/09/24 14:11:08 - mmengine - INFO - paramwise_options -- backbone.stages.2.blocks.2.norm1.weight:lr_mult=0.1
2026/09/24 14:11:08 - mmengine - INFO - paramwise_options -- backbone.stages.2.blocks.2.norm1.weight:decay_mult=1.0
2026/09/24 14:11:08 - mmengine - INFO - paramwise_options -- backbone.stages.2.blocks.2.norm1.bias:lr=1e-05
2026/09/24 14:11:08 - mmengine - INFO - paramwise_options -- backbone.stages.2.blocks.2.norm1.bias:weight_decay=0.05
2026/09/24 14:11:08 - mmengine - INFO - paramwise_options -- backbone.stages.2.blocks.2.norm1.bias:lr_mult=0.1
2026/09/24 14:11:08 - mmengine - INFO - paramwise_options -- backbone.stages.2.blocks.2.norm1.bias:decay_mult=1.0
2026/09/24 14:11:08 - mmengine - INFO - paramwise_options -- backbone.stages.2.blocks.2.attn.w_msa.relative_position_bias_table:lr=1e-05
2026/09/24 14:11:08 - mmengine - INFO - paramwise_options -- backbone.stages.2.blocks.2.attn.w_msa.relative_position_bias_table:weight_decay=0.0
2026/09/24 14:11:08 - mmengine - INFO - paramwise_options -- backbone.stages.2.blocks.2.attn.w_msa.relative_position_bias_table:lr_mult=0.1
2026/09/24 14:11:08 - mmengine - INFO - paramwise_options -- backbone.stages.2.blocks.2.attn.w_msa.relative_position_bias_table:decay_mult=0.0
2026/09/24 14:11:08 - mmengine - INFO - paramwise_options -- backbone.stages.2.blocks.2.attn.w_msa.qkv.weight:lr=1e-05
2026/09/24 14:11:08 - mmengine - INFO - paramwise_options -- backbone.stages.2.blocks.2.attn.w_msa.qkv.weight:weight_decay=0.05
2026/09/24 14:11:08 - mmengine - INFO - paramwise_options -- backbone.stages.2.blocks.2.attn.w_msa.qkv.weight:lr_mult=0.1
2026/09/24 14:11:08 - mmengine - INFO - paramwise_options -- backbone.stages.2.blocks.2.attn.w_msa.qkv.weight:decay_mult=1.0
2026/09/24 14:11:08 - mmengine - INFO - paramwise_options -- backbone.stages.2.blocks.2.attn.w_msa.qkv.bias:lr=1e-05
2026/09/24 14:11:08 - mmengine - INFO - paramwise_options -- backbone.stages.2.blocks.2.attn.w_msa.qkv.bias:weight_decay=0.05
2026/09/24 14:11:08 - mmengine - INFO - paramwise_options -- backbone.stages.2.blocks.2.attn.w_msa.qkv.bias:lr_mult=0.1
2026/09/24 14:11:08 - mmengine - INFO - paramwise_options -- backbone.stages.2.blocks.2.attn.w_msa.qkv.bias:decay_mult=1.0
2026/09/24 14:11:08 - mmengine - INFO - paramwise_options -- backbone.stages.2.blocks.2.attn.w_msa.proj.weight:lr=1e-05
2026/09/24 14:11:08 - mmengine - INFO - paramwise_options -- backbone.stages.2.blocks.2.attn.w_msa.proj.weight:weight_decay=0.05
2026/09/24 14:11:08 - mmengine - INFO - paramwise_options -- backbone.stages.2.blocks.2.attn.w_msa.proj.weight:lr_mult=0.1
2026/09/24 14:11:08 - mmengine - INFO - paramwise_options -- backbone.stages.2.blocks.2.attn.w_msa.proj.weight:decay_mult=1.0
2026/09/24 14:11:08 - mmengine - INFO - paramwise_options -- backbone.stages.2.blocks.2.attn.w_msa.proj.bias:lr=1e-05
2026/09/24 14:11:08 - mmengine - INFO - paramwise_options -- backbone.stages.2.blocks.2.attn.w_msa.proj.bias:weight_decay=0.05
2026/09/24 14:11:08 - mmengine - INFO - paramwise_options -- backbone.stages.2.blocks.2.attn.w_msa.proj.bias:lr_mult=0.1
2026/09/24 14:11:08 - mmengine - INFO - paramwise_options -- backbone.stages.2.blocks.2.attn.w_msa.proj.bias:decay_mult=1.0
2026/09/24 14:11:08 - mmengine - INFO - paramwise_options -- backbone.stages.2.blocks.2.norm2.weight:lr=1e-05
2026/09/24 14:11:08 - mmengine - INFO - paramwise_options -- backbone.stages.2.blocks.2.norm2.weight:weight_decay=0.05
2026/09/24 14:11:08 - mmengine - INFO - paramwise_options -- backbone.stages.2.blocks.2.norm2.weight:lr_mult=0.1
2026/09/24 14:11:08 - mmengine - INFO - paramwise_options -- backbone.stages.2.blocks.2.norm2.weight:decay_mult=1.0
2026/09/24 14:11:08 - mmengine - INFO - paramwise_options -- backbone.stages.2.blocks.2.norm2.bias:lr=1e-05
2026/09/24 14:11:08 - mmengine - INFO - paramwise_options -- backbone.stages.2.blocks.2.norm2.bias:weight_decay=0.05
2026/09/24 14:11:08 - mmengine - INFO - paramwise_options -- backbone.stages.2.blocks.2.norm2.bias:lr_mult=0.1
2026/09/24 14:11:08 - mmengine - INFO - paramwise_options -- backbone.stages.2.blocks.2.norm2.bias:decay_mult=1.0
2026/09/24 14:11:08 - mmengine - INFO - paramwise_options -- backbone.stages.2.blocks.2.ffn.layers.0.0.weight:lr=1e-05
2026/09/24 14:11:08 - mmengine - INFO - paramwise_options -- backbone.stages.2.blocks.2.ffn.layers.0.0.weight:weight_decay=0.05
2026/09/24 14:11:08 - mmengine - INFO - paramwise_options -- backbone.stages.2.blocks.2.ffn.layers.0.0.weight:lr_mult=0.1
2026/09/24 14:11:08 - mmengine - INFO - paramwise_options -- backbone.stages.2.blocks.2.ffn.layers.0.0.weight:decay_mult=1.0
2026/09/24 14:11:08 - mmengine - INFO - paramwise_options -- backbone.stages.2.blocks.2.ffn.layers.0.0.bias:lr=1e-05
2026/09/24 14:11:08 - mmengine - INFO - paramwise_options -- backbone.stages.2.blocks.2.ffn.layers.0.0.bias:weight_decay=0.05
2026/09/24 14:11:08 - mmengine - INFO - paramwise_options -- backbone.stages.2.blocks.2.ffn.layers.0.0.bias:lr_mult=0.1
2026/09/24 14:11:08 - mmengine - INFO - paramwise_options -- backbone.stages.2.blocks.2.ffn.layers.0.0.bias:decay_mult=1.0
2026/09/24 14:11:08 - mmengine - INFO - paramwise_options -- backbone.stages.2.blocks.2.ffn.layers.1.weight:lr=1e-05
2026/09/24 14:11:08 - mmengine - INFO - paramwise_options -- backbone.stages.2.blocks.2.ffn.layers.1.weight:weight_decay=0.05
2026/09/24 14:11:08 - mmengine - INFO - paramwise_options -- backbone.stages.2.blocks.2.ffn.layers.1.weight:lr_mult=0.1
2026/09/24 14:11:08 - mmengine - INFO - paramwise_options -- backbone.stages.2.blocks.2.ffn.layers.1.weight:decay_mult=1.0
2026/09/24 14:11:08 - mmengine - INFO - paramwise_options -- backbone.stages.2.blocks.2.ffn.layers.1.bias:lr=1e-05
2026/09/24 14:11:08 - mmengine - INFO - paramwise_options -- backbone.stages.2.blocks.2.ffn.layers.1.bias:weight_decay=0.05
2026/09/24 14:11:08 - mmengine - INFO - paramwise_options -- backbone.stages.2.blocks.2.ffn.layers.1.bias:lr_mult=0.1
2026/09/24 14:11:08 - mmengine - INFO - paramwise_options -- backbone.stages.2.blocks.2.ffn.layers.1.bias:decay_mult=1.0
2026/09/24 14:11:08 - mmengine - INFO - paramwise_options -- backbone.stages.2.blocks.3.norm1.weight:lr=1e-05
2026/09/24 14:11:08 - mmengine - INFO - paramwise_options -- backbone.stages.2.blocks.3.norm1.weight:weight_decay=0.05
2026/09/24 14:11:08 - mmengine - INFO - paramwise_options -- backbone.stages.2.blocks.3.norm1.weight:lr_mult=0.1
2026/09/24 14:11:08 - mmengine - INFO - paramwise_options -- backbone.stages.2.blocks.3.norm1.weight:decay_mult=1.0
2026/09/24 14:11:08 - mmengine - INFO - paramwise_options -- backbone.stages.2.blocks.3.norm1.bias:lr=1e-05
2026/09/24 14:11:08 - mmengine - INFO - paramwise_options -- backbone.stages.2.blocks.3.norm1.bias:weight_decay=0.05
2026/09/24 14:11:08 - mmengine - INFO - paramwise_options -- backbone.stages.2.blocks.3.norm1.bias:lr_mult=0.1
2026/09/24 14:11:08 - mmengine - INFO - paramwise_options -- backbone.stages.2.blocks.3.norm1.bias:decay_mult=1.0
2026/09/24 14:11:08 - mmengine - INFO - paramwise_options -- backbone.stages.2.blocks.3.attn.w_msa.relative_position_bias_table:lr=1e-05
2026/09/24 14:11:08 - mmengine - INFO - paramwise_options -- backbone.stages.2.blocks.3.attn.w_msa.relative_position_bias_table:weight_decay=0.0
2026/09/24 14:11:08 - mmengine - INFO - paramwise_options -- backbone.stages.2.blocks.3.attn.w_msa.relative_position_bias_table:lr_mult=0.1
2026/09/24 14:11:08 - mmengine - INFO - paramwise_options -- backbone.stages.2.blocks.3.attn.w_msa.relative_position_bias_table:decay_mult=0.0
2026/09/24 14:11:08 - mmengine - INFO - paramwise_options -- backbone.stages.2.blocks.3.attn.w_msa.qkv.weight:lr=1e-05
2026/09/24 14:11:08 - mmengine - INFO - paramwise_options -- backbone.stages.2.blocks.3.attn.w_msa.qkv.weight:weight_decay=0.05
2026/09/24 14:11:08 - mmengine - INFO - paramwise_options -- backbone.stages.2.blocks.3.attn.w_msa.qkv.weight:lr_mult=0.1
2026/09/24 14:11:08 - mmengine - INFO - paramwise_options -- backbone.stages.2.blocks.3.attn.w_msa.qkv.weight:decay_mult=1.0
2026/09/24 14:11:08 - mmengine - INFO - paramwise_options -- backbone.stages.2.blocks.3.attn.w_msa.qkv.bias:lr=1e-05
2026/09/24 14:11:08 - mmengine - INFO - paramwise_options -- backbone.stages.2.blocks.3.attn.w_msa.qkv.bias:weight_decay=0.05
2026/09/24 14:11:08 - mmengine - INFO - paramwise_options -- backbone.stages.2.blocks.3.attn.w_msa.qkv.bias:lr_mult=0.1
2026/09/24 14:11:08 - mmengine - INFO - paramwise_options -- backbone.stages.2.blocks.3.attn.w_msa.qkv.bias:decay_mult=1.0
2026/09/24 14:11:08 - mmengine - INFO - paramwise_options -- backbone.stages.2.blocks.3.attn.w_msa.proj.weight:lr=1e-05
2026/09/24 14:11:08 - mmengine - INFO - paramwise_options -- backbone.stages.2.blocks.3.attn.w_msa.proj.weight:weight_decay=0.05
2026/09/24 14:11:08 - mmengine - INFO - paramwise_options -- backbone.stages.2.blocks.3.attn.w_msa.proj.weight:lr_mult=0.1
2026/09/24 14:11:08 - mmengine - INFO - paramwise_options -- backbone.stages.2.blocks.3.attn.w_msa.proj.weight:decay_mult=1.0
2026/09/24 14:11:08 - mmengine - INFO - paramwise_options -- backbone.stages.2.blocks.3.attn.w_msa.proj.bias:lr=1e-05
2026/09/24 14:11:08 - mmengine - INFO - paramwise_options -- backbone.stages.2.blocks.3.attn.w_msa.proj.bias:weight_decay=0.05
2026/09/24 14:11:08 - mmengine - INFO - paramwise_options -- backbone.stages.2.blocks.3.attn.w_msa.proj.bias:lr_mult=0.1
2026/09/24 14:11:08 - mmengine - INFO - paramwise_options -- backbone.stages.2.blocks.3.attn.w_msa.proj.bias:decay_mult=1.0
2026/09/24 14:11:08 - mmengine - INFO - paramwise_options -- backbone.stages.2.blocks.3.norm2.weight:lr=1e-05
2026/09/24 14:11:08 - mmengine - INFO - paramwise_options -- backbone.stages.2.blocks.3.norm2.weight:weight_decay=0.05
2026/09/24 14:11:08 - mmengine - INFO - paramwise_options -- backbone.stages.2.blocks.3.norm2.weight:lr_mult=0.1
2026/09/24 14:11:08 - mmengine - INFO - paramwise_options -- backbone.stages.2.blocks.3.norm2.weight:decay_mult=1.0
2026/09/24 14:11:08 - mmengine - INFO - paramwise_options -- backbone.stages.2.blocks.3.norm2.bias:lr=1e-05
2026/09/24 14:11:08 - mmengine - INFO - paramwise_options -- backbone.stages.2.blocks.3.norm2.bias:weight_decay=0.05
2026/09/24 14:11:08 - mmengine - INFO - paramwise_options -- backbone.stages.2.blocks.3.norm2.bias:lr_mult=0.1
2026/09/24 14:11:08 - mmengine - INFO - paramwise_options -- backbone.stages.2.blocks.3.norm2.bias:decay_mult=1.0
2026/09/24 14:11:08 - mmengine - INFO - paramwise_options -- backbone.stages.2.blocks.3.ffn.layers.0.0.weight:lr=1e-05
2026/09/24 14:11:08 - mmengine - INFO - paramwise_options -- backbone.stages.2.blocks.3.ffn.layers.0.0.weight:weight_decay=0.05
2026/09/24 14:11:08 - mmengine - INFO - paramwise_options -- backbone.stages.2.blocks.3.ffn.layers.0.0.weight:lr_mult=0.1
2026/09/24 14:11:08 - mmengine - INFO - paramwise_options -- backbone.stages.2.blocks.3.ffn.layers.0.0.weight:decay_mult=1.0
2026/09/24 14:11:08 - mmengine - INFO - paramwise_options -- backbone.stages.2.blocks.3.ffn.layers.0.0.bias:lr=1e-05
2026/09/24 14:11:08 - mmengine - INFO - paramwise_options -- backbone.stages.2.blocks.3.ffn.layers.0.0.bias:weight_decay=0.05
2026/09/24 14:11:08 - mmengine - INFO - paramwise_options -- backbone.stages.2.blocks.3.ffn.layers.0.0.bias:lr_mult=0.1
2026/09/24 14:11:08 - mmengine - INFO - paramwise_options -- backbone.stages.2.blocks.3.ffn.layers.0.0.bias:decay_mult=1.0
2026/09/24 14:11:08 - mmengine - INFO - paramwise_options -- backbone.stages.2.blocks.3.ffn.layers.1.weight:lr=1e-05
2026/09/24 14:11:08 - mmengine - INFO - paramwise_options -- backbone.stages.2.blocks.3.ffn.layers.1.weight:weight_decay=0.05
2026/09/24 14:11:08 - mmengine - INFO - paramwise_options -- backbone.stages.2.blocks.3.ffn.layers.1.weight:lr_mult=0.1
2026/09/24 14:11:08 - mmengine - INFO - paramwise_options -- backbone.stages.2.blocks.3.ffn.layers.1.weight:decay_mult=1.0
2026/09/24 14:11:08 - mmengine - INFO - paramwise_options -- backbone.stages.2.blocks.3.ffn.layers.1.bias:lr=1e-05
2026/09/24 14:11:08 - mmengine - INFO - paramwise_options -- backbone.stages.2.blocks.3.ffn.layers.1.bias:weight_decay=0.05
2026/09/24 14:11:08 - mmengine - INFO - paramwise_options -- backbone.stages.2.blocks.3.ffn.layers.1.bias:lr_mult=0.1
2026/09/24 14:11:08 - mmengine - INFO - paramwise_options -- backbone.stages.2.blocks.3.ffn.layers.1.bias:decay_mult=1.0
2026/09/24 14:11:08 - mmengine - INFO - paramwise_options -- backbone.stages.2.blocks.4.norm1.weight:lr=1e-05
2026/09/24 14:11:08 - mmengine - INFO - paramwise_options -- backbone.stages.2.blocks.4.norm1.weight:weight_decay=0.05
2026/09/24 14:11:08 - mmengine - INFO - paramwise_options -- backbone.stages.2.blocks.4.norm1.weight:lr_mult=0.1
2026/09/24 14:11:08 - mmengine - INFO - paramwise_options -- backbone.stages.2.blocks.4.norm1.weight:decay_mult=1.0
2026/09/24 14:11:08 - mmengine - INFO - paramwise_options -- backbone.stages.2.blocks.4.norm1.bias:lr=1e-05
2026/09/24 14:11:08 - mmengine - INFO - paramwise_options -- backbone.stages.2.blocks.4.norm1.bias:weight_decay=0.05
2026/09/24 14:11:08 - mmengine - INFO - paramwise_options -- backbone.stages.2.blocks.4.norm1.bias:lr_mult=0.1
2026/09/24 14:11:08 - mmengine - INFO - paramwise_options -- backbone.stages.2.blocks.4.norm1.bias:decay_mult=1.0
2026/09/24 14:11:08 - mmengine - INFO - paramwise_options -- backbone.stages.2.blocks.4.attn.w_msa.relative_position_bias_table:lr=1e-05
2026/09/24 14:11:08 - mmengine - INFO - paramwise_options -- backbone.stages.2.blocks.4.attn.w_msa.relative_position_bias_table:weight_decay=0.0
2026/09/24 14:11:08 - mmengine - INFO - paramwise_options -- backbone.stages.2.blocks.4.attn.w_msa.relative_position_bias_table:lr_mult=0.1
2026/09/24 14:11:08 - mmengine - INFO - paramwise_options -- backbone.stages.2.blocks.4.attn.w_msa.relative_position_bias_table:decay_mult=0.0
2026/09/24 14:11:08 - mmengine - INFO - paramwise_options -- backbone.stages.2.blocks.4.attn.w_msa.qkv.weight:lr=1e-05
2026/09/24 14:11:08 - mmengine - INFO - paramwise_options -- backbone.stages.2.blocks.4.attn.w_msa.qkv.weight:weight_decay=0.05
2026/09/24 14:11:08 - mmengine - INFO - paramwise_options -- backbone.stages.2.blocks.4.attn.w_msa.qkv.weight:lr_mult=0.1
2026/09/24 14:11:08 - mmengine - INFO - paramwise_options -- backbone.stages.2.blocks.4.attn.w_msa.qkv.weight:decay_mult=1.0
2026/09/24 14:11:08 - mmengine - INFO - paramwise_options -- backbone.stages.2.blocks.4.attn.w_msa.qkv.bias:lr=1e-05
2026/09/24 14:11:08 - mmengine - INFO - paramwise_options -- backbone.stages.2.blocks.4.attn.w_msa.qkv.bias:weight_decay=0.05
2026/09/24 14:11:08 - mmengine - INFO - paramwise_options -- backbone.stages.2.blocks.4.attn.w_msa.qkv.bias:lr_mult=0.1
2026/09/24 14:11:08 - mmengine - INFO - paramwise_options -- backbone.stages.2.blocks.4.attn.w_msa.qkv.bias:decay_mult=1.0
2026/09/24 14:11:08 - mmengine - INFO - paramwise_options -- backbone.stages.2.blocks.4.attn.w_msa.proj.weight:lr=1e-05
2026/09/24 14:11:08 - mmengine - INFO - paramwise_options -- backbone.stages.2.blocks.4.attn.w_msa.proj.weight:weight_decay=0.05
2026/09/24 14:11:08 - mmengine - INFO - paramwise_options -- backbone.stages.2.blocks.4.attn.w_msa.proj.weight:lr_mult=0.1
2026/09/24 14:11:08 - mmengine - INFO - paramwise_options -- backbone.stages.2.blocks.4.attn.w_msa.proj.weight:decay_mult=1.0
2026/09/24 14:11:08 - mmengine - INFO - paramwise_options -- backbone.stages.2.blocks.4.attn.w_msa.proj.bias:lr=1e-05
2026/09/24 14:11:08 - mmengine - INFO - paramwise_options -- backbone.stages.2.blocks.4.attn.w_msa.proj.bias:weight_decay=0.05
2026/09/24 14:11:08 - mmengine - INFO - paramwise_options -- backbone.stages.2.blocks.4.attn.w_msa.proj.bias:lr_mult=0.1
2026/09/24 14:11:08 - mmengine - INFO - paramwise_options -- backbone.stages.2.blocks.4.attn.w_msa.proj.bias:decay_mult=1.0
2026/09/24 14:11:08 - mmengine - INFO - paramwise_options -- backbone.stages.2.blocks.4.norm2.weight:lr=1e-05
2026/09/24 14:11:08 - mmengine - INFO - paramwise_options -- backbone.stages.2.blocks.4.norm2.weight:weight_decay=0.05
2026/09/24 14:11:08 - mmengine - INFO - paramwise_options -- backbone.stages.2.blocks.4.norm2.weight:lr_mult=0.1
2026/09/24 14:11:08 - mmengine - INFO - paramwise_options -- backbone.stages.2.blocks.4.norm2.weight:decay_mult=1.0
2026/09/24 14:11:08 - mmengine - INFO - paramwise_options -- backbone.stages.2.blocks.4.norm2.bias:lr=1e-05
2026/09/24 14:11:08 - mmengine - INFO - paramwise_options -- backbone.stages.2.blocks.4.norm2.bias:weight_decay=0.05
2026/09/24 14:11:08 - mmengine - INFO - paramwise_options -- backbone.stages.2.blocks.4.norm2.bias:lr_mult=0.1
2026/09/24 14:11:08 - mmengine - INFO - paramwise_options -- backbone.stages.2.blocks.4.norm2.bias:decay_mult=1.0
2026/09/24 14:11:08 - mmengine - INFO - paramwise_options -- backbone.stages.2.blocks.4.ffn.layers.0.0.weight:lr=1e-05
2026/09/24 14:11:08 - mmengine - INFO - paramwise_options -- backbone.stages.2.blocks.4.ffn.layers.0.0.weight:weight_decay=0.05
2026/09/24 14:11:08 - mmengine - INFO - paramwise_options -- backbone.stages.2.blocks.4.ffn.layers.0.0.weight:lr_mult=0.1
2026/09/24 14:11:08 - mmengine - INFO - paramwise_options -- backbone.stages.2.blocks.4.ffn.layers.0.0.weight:decay_mult=1.0
2026/09/24 14:11:08 - mmengine - INFO - paramwise_options -- backbone.stages.2.blocks.4.ffn.layers.0.0.bias:lr=1e-05
2026/09/24 14:11:08 - mmengine - INFO - paramwise_options -- backbone.stages.2.blocks.4.ffn.layers.0.0.bias:weight_decay=0.05
2026/09/24 14:11:08 - mmengine - INFO - paramwise_options -- backbone.stages.2.blocks.4.ffn.layers.0.0.bias:lr_mult=0.1
2026/09/24 14:11:08 - mmengine - INFO - paramwise_options -- backbone.stages.2.blocks.4.ffn.layers.0.0.bias:decay_mult=1.0
2026/09/24 14:11:08 - mmengine - INFO - paramwise_options -- backbone.stages.2.blocks.4.ffn.layers.1.weight:lr=1e-05
2026/09/24 14:11:08 - mmengine - INFO - paramwise_options -- backbone.stages.2.blocks.4.ffn.layers.1.weight:weight_decay=0.05
2026/09/24 14:11:08 - mmengine - INFO - paramwise_options -- backbone.stages.2.blocks.4.ffn.layers.1.weight:lr_mult=0.1
2026/09/24 14:11:08 - mmengine - INFO - paramwise_options -- backbone.stages.2.blocks.4.ffn.layers.1.weight:decay_mult=1.0
2026/09/24 14:11:08 - mmengine - INFO - paramwise_options -- backbone.stages.2.blocks.4.ffn.layers.1.bias:lr=1e-05
2026/09/24 14:11:08 - mmengine - INFO - paramwise_options -- backbone.stages.2.blocks.4.ffn.layers.1.bias:weight_decay=0.05
2026/09/24 14:11:08 - mmengine - INFO - paramwise_options -- backbone.stages.2.blocks.4.ffn.layers.1.bias:lr_mult=0.1
2026/09/24 14:11:08 - mmengine - INFO - paramwise_options -- backbone.stages.2.blocks.4.ffn.layers.1.bias:decay_mult=1.0
2026/09/24 14:11:08 - mmengine - INFO - paramwise_options -- backbone.stages.2.blocks.5.norm1.weight:lr=1e-05
2026/09/24 14:11:08 - mmengine - INFO - paramwise_options -- backbone.stages.2.blocks.5.norm1.weight:weight_decay=0.05
2026/09/24 14:11:08 - mmengine - INFO - paramwise_options -- backbone.stages.2.blocks.5.norm1.weight:lr_mult=0.1
2026/09/24 14:11:08 - mmengine - INFO - paramwise_options -- backbone.stages.2.blocks.5.norm1.weight:decay_mult=1.0
2026/09/24 14:11:08 - mmengine - INFO - paramwise_options -- backbone.stages.2.blocks.5.norm1.bias:lr=1e-05
2026/09/24 14:11:08 - mmengine - INFO - paramwise_options -- backbone.stages.2.blocks.5.norm1.bias:weight_decay=0.05
2026/09/24 14:11:08 - mmengine - INFO - paramwise_options -- backbone.stages.2.blocks.5.norm1.bias:lr_mult=0.1
2026/09/24 14:11:08 - mmengine - INFO - paramwise_options -- backbone.stages.2.blocks.5.norm1.bias:decay_mult=1.0
2026/09/24 14:11:08 - mmengine - INFO - paramwise_options -- backbone.stages.2.blocks.5.attn.w_msa.relative_position_bias_table:lr=1e-05
2026/09/24 14:11:08 - mmengine - INFO - paramwise_options -- backbone.stages.2.blocks.5.attn.w_msa.relative_position_bias_table:weight_decay=0.0
2026/09/24 14:11:08 - mmengine - INFO - paramwise_options -- backbone.stages.2.blocks.5.attn.w_msa.relative_position_bias_table:lr_mult=0.1
2026/09/24 14:11:08 - mmengine - INFO - paramwise_options -- backbone.stages.2.blocks.5.attn.w_msa.relative_position_bias_table:decay_mult=0.0
2026/09/24 14:11:08 - mmengine - INFO - paramwise_options -- backbone.stages.2.blocks.5.attn.w_msa.qkv.weight:lr=1e-05
2026/09/24 14:11:08 - mmengine - INFO - paramwise_options -- backbone.stages.2.blocks.5.attn.w_msa.qkv.weight:weight_decay=0.05
2026/09/24 14:11:08 - mmengine - INFO - paramwise_options -- backbone.stages.2.blocks.5.attn.w_msa.qkv.weight:lr_mult=0.1
2026/09/24 14:11:08 - mmengine - INFO - paramwise_options -- backbone.stages.2.blocks.5.attn.w_msa.qkv.weight:decay_mult=1.0
2026/09/24 14:11:08 - mmengine - INFO - paramwise_options -- backbone.stages.2.blocks.5.attn.w_msa.qkv.bias:lr=1e-05
2026/09/24 14:11:08 - mmengine - INFO - paramwise_options -- backbone.stages.2.blocks.5.attn.w_msa.qkv.bias:weight_decay=0.05
2026/09/24 14:11:08 - mmengine - INFO - paramwise_options -- backbone.stages.2.blocks.5.attn.w_msa.qkv.bias:lr_mult=0.1
2026/09/24 14:11:08 - mmengine - INFO - paramwise_options -- backbone.stages.2.blocks.5.attn.w_msa.qkv.bias:decay_mult=1.0
2026/09/24 14:11:08 - mmengine - INFO - paramwise_options -- backbone.stages.2.blocks.5.attn.w_msa.proj.weight:lr=1e-05
2026/09/24 14:11:08 - mmengine - INFO - paramwise_options -- backbone.stages.2.blocks.5.attn.w_msa.proj.weight:weight_decay=0.05
2026/09/24 14:11:08 - mmengine - INFO - paramwise_options -- backbone.stages.2.blocks.5.attn.w_msa.proj.weight:lr_mult=0.1
2026/09/24 14:11:08 - mmengine - INFO - paramwise_options -- backbone.stages.2.blocks.5.attn.w_msa.proj.weight:decay_mult=1.0
2026/09/24 14:11:08 - mmengine - INFO - paramwise_options -- backbone.stages.2.blocks.5.attn.w_msa.proj.bias:lr=1e-05
2026/09/24 14:11:08 - mmengine - INFO - paramwise_options -- backbone.stages.2.blocks.5.attn.w_msa.proj.bias:weight_decay=0.05
2026/09/24 14:11:08 - mmengine - INFO - paramwise_options -- backbone.stages.2.blocks.5.attn.w_msa.proj.bias:lr_mult=0.1
2026/09/24 14:11:08 - mmengine - INFO - paramwise_options -- backbone.stages.2.blocks.5.attn.w_msa.proj.bias:decay_mult=1.0
2026/09/24 14:11:08 - mmengine - INFO - paramwise_options -- backbone.stages.2.blocks.5.norm2.weight:lr=1e-05
2026/09/24 14:11:08 - mmengine - INFO - paramwise_options -- backbone.stages.2.blocks.5.norm2.weight:weight_decay=0.05
2026/09/24 14:11:08 - mmengine - INFO - paramwise_options -- backbone.stages.2.blocks.5.norm2.weight:lr_mult=0.1
2026/09/24 14:11:08 - mmengine - INFO - paramwise_options -- backbone.stages.2.blocks.5.norm2.weight:decay_mult=1.0
2026/09/24 14:11:08 - mmengine - INFO - paramwise_options -- backbone.stages.2.blocks.5.norm2.bias:lr=1e-05
2026/09/24 14:11:08 - mmengine - INFO - paramwise_options -- backbone.stages.2.blocks.5.norm2.bias:weight_decay=0.05
2026/09/24 14:11:08 - mmengine - INFO - paramwise_options -- backbone.stages.2.blocks.5.norm2.bias:lr_mult=0.1
2026/09/24 14:11:08 - mmengine - INFO - paramwise_options -- backbone.stages.2.blocks.5.norm2.bias:decay_mult=1.0
2026/09/24 14:11:08 - mmengine - INFO - paramwise_options -- backbone.stages.2.blocks.5.ffn.layers.0.0.weight:lr=1e-05
2026/09/24 14:11:08 - mmengine - INFO - paramwise_options -- backbone.stages.2.blocks.5.ffn.layers.0.0.weight:weight_decay=0.05
2026/09/24 14:11:08 - mmengine - INFO - paramwise_options -- backbone.stages.2.blocks.5.ffn.layers.0.0.weight:lr_mult=0.1
2026/09/24 14:11:08 - mmengine - INFO - paramwise_options -- backbone.stages.2.blocks.5.ffn.layers.0.0.weight:decay_mult=1.0
2026/09/24 14:11:08 - mmengine - INFO - paramwise_options -- backbone.stages.2.blocks.5.ffn.layers.0.0.bias:lr=1e-05
2026/09/24 14:11:08 - mmengine - INFO - paramwise_options -- backbone.stages.2.blocks.5.ffn.layers.0.0.bias:weight_decay=0.05
2026/09/24 14:11:08 - mmengine - INFO - paramwise_options -- backbone.stages.2.blocks.5.ffn.layers.0.0.bias:lr_mult=0.1
2026/09/24 14:11:08 - mmengine - INFO - paramwise_options -- backbone.stages.2.blocks.5.ffn.layers.0.0.bias:decay_mult=1.0
2026/09/24 14:11:08 - mmengine - INFO - paramwise_options -- backbone.stages.2.blocks.5.ffn.layers.1.weight:lr=1e-05
2026/09/24 14:11:08 - mmengine - INFO - paramwise_options -- backbone.stages.2.blocks.5.ffn.layers.1.weight:weight_decay=0.05
2026/09/24 14:11:08 - mmengine - INFO - paramwise_options -- backbone.stages.2.blocks.5.ffn.layers.1.weight:lr_mult=0.1
2026/09/24 14:11:08 - mmengine - INFO - paramwise_options -- backbone.stages.2.blocks.5.ffn.layers.1.weight:decay_mult=1.0
2026/09/24 14:11:08 - mmengine - INFO - paramwise_options -- backbone.stages.2.blocks.5.ffn.layers.1.bias:lr=1e-05
2026/09/24 14:11:08 - mmengine - INFO - paramwise_options -- backbone.stages.2.blocks.5.ffn.layers.1.bias:weight_decay=0.05
2026/09/24 14:11:08 - mmengine - INFO - paramwise_options -- backbone.stages.2.blocks.5.ffn.layers.1.bias:lr_mult=0.1
2026/09/24 14:11:08 - mmengine - INFO - paramwise_options -- backbone.stages.2.blocks.5.ffn.layers.1.bias:decay_mult=1.0
2026/09/24 14:11:08 - mmengine - INFO - paramwise_options -- backbone.stages.2.downsample.norm.weight:lr=1e-05
2026/09/24 14:11:08 - mmengine - INFO - paramwise_options -- backbone.stages.2.downsample.norm.weight:weight_decay=0.05
2026/09/24 14:11:08 - mmengine - INFO - paramwise_options -- backbone.stages.2.downsample.norm.weight:lr_mult=0.1
2026/09/24 14:11:08 - mmengine - INFO - paramwise_options -- backbone.stages.2.downsample.norm.weight:decay_mult=1.0
2026/09/24 14:11:08 - mmengine - INFO - paramwise_options -- backbone.stages.2.downsample.norm.bias:lr=1e-05
2026/09/24 14:11:08 - mmengine - INFO - paramwise_options -- backbone.stages.2.downsample.norm.bias:weight_decay=0.05
2026/09/24 14:11:08 - mmengine - INFO - paramwise_options -- backbone.stages.2.downsample.norm.bias:lr_mult=0.1
2026/09/24 14:11:08 - mmengine - INFO - paramwise_options -- backbone.stages.2.downsample.norm.bias:decay_mult=1.0
2026/09/24 14:11:08 - mmengine - INFO - paramwise_options -- backbone.stages.2.downsample.reduction.weight:lr=1e-05
2026/09/24 14:11:08 - mmengine - INFO - paramwise_options -- backbone.stages.2.downsample.reduction.weight:weight_decay=0.05
2026/09/24 14:11:08 - mmengine - INFO - paramwise_options -- backbone.stages.2.downsample.reduction.weight:lr_mult=0.1
2026/09/24 14:11:08 - mmengine - INFO - paramwise_options -- backbone.stages.2.downsample.reduction.weight:decay_mult=1.0
2026/09/24 14:11:08 - mmengine - INFO - paramwise_options -- backbone.stages.3.blocks.0.norm1.weight:lr=1e-05
2026/09/24 14:11:08 - mmengine - INFO - paramwise_options -- backbone.stages.3.blocks.0.norm1.weight:weight_decay=0.05
2026/09/24 14:11:08 - mmengine - INFO - paramwise_options -- backbone.stages.3.blocks.0.norm1.weight:lr_mult=0.1
2026/09/24 14:11:08 - mmengine - INFO - paramwise_options -- backbone.stages.3.blocks.0.norm1.weight:decay_mult=1.0
2026/09/24 14:11:08 - mmengine - INFO - paramwise_options -- backbone.stages.3.blocks.0.norm1.bias:lr=1e-05
2026/09/24 14:11:08 - mmengine - INFO - paramwise_options -- backbone.stages.3.blocks.0.norm1.bias:weight_decay=0.05
2026/09/24 14:11:08 - mmengine - INFO - paramwise_options -- backbone.stages.3.blocks.0.norm1.bias:lr_mult=0.1
2026/09/24 14:11:08 - mmengine - INFO - paramwise_options -- backbone.stages.3.blocks.0.norm1.bias:decay_mult=1.0
2026/09/24 14:11:08 - mmengine - INFO - paramwise_options -- backbone.stages.3.blocks.0.attn.w_msa.relative_position_bias_table:lr=1e-05
2026/09/24 14:11:08 - mmengine - INFO - paramwise_options -- backbone.stages.3.blocks.0.attn.w_msa.relative_position_bias_table:weight_decay=0.0
2026/09/24 14:11:08 - mmengine - INFO - paramwise_options -- backbone.stages.3.blocks.0.attn.w_msa.relative_position_bias_table:lr_mult=0.1
2026/09/24 14:11:08 - mmengine - INFO - paramwise_options -- backbone.stages.3.blocks.0.attn.w_msa.relative_position_bias_table:decay_mult=0.0
2026/09/24 14:11:08 - mmengine - INFO - paramwise_options -- backbone.stages.3.blocks.0.attn.w_msa.qkv.weight:lr=1e-05
2026/09/24 14:11:08 - mmengine - INFO - paramwise_options -- backbone.stages.3.blocks.0.attn.w_msa.qkv.weight:weight_decay=0.05
2026/09/24 14:11:08 - mmengine - INFO - paramwise_options -- backbone.stages.3.blocks.0.attn.w_msa.qkv.weight:lr_mult=0.1
2026/09/24 14:11:08 - mmengine - INFO - paramwise_options -- backbone.stages.3.blocks.0.attn.w_msa.qkv.weight:decay_mult=1.0
2026/09/24 14:11:08 - mmengine - INFO - paramwise_options -- backbone.stages.3.blocks.0.attn.w_msa.qkv.bias:lr=1e-05
2026/09/24 14:11:08 - mmengine - INFO - paramwise_options -- backbone.stages.3.blocks.0.attn.w_msa.qkv.bias:weight_decay=0.05
2026/09/24 14:11:08 - mmengine - INFO - paramwise_options -- backbone.stages.3.blocks.0.attn.w_msa.qkv.bias:lr_mult=0.1
2026/09/24 14:11:08 - mmengine - INFO - paramwise_options -- backbone.stages.3.blocks.0.attn.w_msa.qkv.bias:decay_mult=1.0
2026/09/24 14:11:08 - mmengine - INFO - paramwise_options -- backbone.stages.3.blocks.0.attn.w_msa.proj.weight:lr=1e-05
2026/09/24 14:11:08 - mmengine - INFO - paramwise_options -- backbone.stages.3.blocks.0.attn.w_msa.proj.weight:weight_decay=0.05
2026/09/24 14:11:08 - mmengine - INFO - paramwise_options -- backbone.stages.3.blocks.0.attn.w_msa.proj.weight:lr_mult=0.1
2026/09/24 14:11:08 - mmengine - INFO - paramwise_options -- backbone.stages.3.blocks.0.attn.w_msa.proj.weight:decay_mult=1.0
2026/09/24 14:11:08 - mmengine - INFO - paramwise_options -- backbone.stages.3.blocks.0.attn.w_msa.proj.bias:lr=1e-05
2026/09/24 14:11:08 - mmengine - INFO - paramwise_options -- backbone.stages.3.blocks.0.attn.w_msa.proj.bias:weight_decay=0.05
2026/09/24 14:11:08 - mmengine - INFO - paramwise_options -- backbone.stages.3.blocks.0.attn.w_msa.proj.bias:lr_mult=0.1
2026/09/24 14:11:08 - mmengine - INFO - paramwise_options -- backbone.stages.3.blocks.0.attn.w_msa.proj.bias:decay_mult=1.0
2026/09/24 14:11:08 - mmengine - INFO - paramwise_options -- backbone.stages.3.blocks.0.norm2.weight:lr=1e-05
2026/09/24 14:11:08 - mmengine - INFO - paramwise_options -- backbone.stages.3.blocks.0.norm2.weight:weight_decay=0.05
2026/09/24 14:11:08 - mmengine - INFO - paramwise_options -- backbone.stages.3.blocks.0.norm2.weight:lr_mult=0.1
2026/09/24 14:11:08 - mmengine - INFO - paramwise_options -- backbone.stages.3.blocks.0.norm2.weight:decay_mult=1.0
2026/09/24 14:11:08 - mmengine - INFO - paramwise_options -- backbone.stages.3.blocks.0.norm2.bias:lr=1e-05
2026/09/24 14:11:08 - mmengine - INFO - paramwise_options -- backbone.stages.3.blocks.0.norm2.bias:weight_decay=0.05
2026/09/24 14:11:08 - mmengine - INFO - paramwise_options -- backbone.stages.3.blocks.0.norm2.bias:lr_mult=0.1
2026/09/24 14:11:08 - mmengine - INFO - paramwise_options -- backbone.stages.3.blocks.0.norm2.bias:decay_mult=1.0
2026/09/24 14:11:08 - mmengine - INFO - paramwise_options -- backbone.stages.3.blocks.0.ffn.layers.0.0.weight:lr=1e-05
2026/09/24 14:11:08 - mmengine - INFO - paramwise_options -- backbone.stages.3.blocks.0.ffn.layers.0.0.weight:weight_decay=0.05
2026/09/24 14:11:08 - mmengine - INFO - paramwise_options -- backbone.stages.3.blocks.0.ffn.layers.0.0.weight:lr_mult=0.1
2026/09/24 14:11:08 - mmengine - INFO - paramwise_options -- backbone.stages.3.blocks.0.ffn.layers.0.0.weight:decay_mult=1.0
2026/09/24 14:11:08 - mmengine - INFO - paramwise_options -- backbone.stages.3.blocks.0.ffn.layers.0.0.bias:lr=1e-05
2026/09/24 14:11:08 - mmengine - INFO - paramwise_options -- backbone.stages.3.blocks.0.ffn.layers.0.0.bias:weight_decay=0.05
2026/09/24 14:11:08 - mmengine - INFO - paramwise_options -- backbone.stages.3.blocks.0.ffn.layers.0.0.bias:lr_mult=0.1
2026/09/24 14:11:08 - mmengine - INFO - paramwise_options -- backbone.stages.3.blocks.0.ffn.layers.0.0.bias:decay_mult=1.0
2026/09/24 14:11:08 - mmengine - INFO - paramwise_options -- backbone.stages.3.blocks.0.ffn.layers.1.weight:lr=1e-05
2026/09/24 14:11:08 - mmengine - INFO - paramwise_options -- backbone.stages.3.blocks.0.ffn.layers.1.weight:weight_decay=0.05
2026/09/24 14:11:08 - mmengine - INFO - paramwise_options -- backbone.stages.3.blocks.0.ffn.layers.1.weight:lr_mult=0.1
2026/09/24 14:11:08 - mmengine - INFO - paramwise_options -- backbone.stages.3.blocks.0.ffn.layers.1.weight:decay_mult=1.0
2026/09/24 14:11:08 - mmengine - INFO - paramwise_options -- backbone.stages.3.blocks.0.ffn.layers.1.bias:lr=1e-05
2026/09/24 14:11:08 - mmengine - INFO - paramwise_options -- backbone.stages.3.blocks.0.ffn.layers.1.bias:weight_decay=0.05
2026/09/24 14:11:08 - mmengine - INFO - paramwise_options -- backbone.stages.3.blocks.0.ffn.layers.1.bias:lr_mult=0.1
2026/09/24 14:11:08 - mmengine - INFO - paramwise_options -- backbone.stages.3.blocks.0.ffn.layers.1.bias:decay_mult=1.0
2026/09/24 14:11:08 - mmengine - INFO - paramwise_options -- backbone.stages.3.blocks.1.norm1.weight:lr=1e-05
2026/09/24 14:11:08 - mmengine - INFO - paramwise_options -- backbone.stages.3.blocks.1.norm1.weight:weight_decay=0.05
2026/09/24 14:11:08 - mmengine - INFO - paramwise_options -- backbone.stages.3.blocks.1.norm1.weight:lr_mult=0.1
2026/09/24 14:11:08 - mmengine - INFO - paramwise_options -- backbone.stages.3.blocks.1.norm1.weight:decay_mult=1.0
2026/09/24 14:11:08 - mmengine - INFO - paramwise_options -- backbone.stages.3.blocks.1.norm1.bias:lr=1e-05
2026/09/24 14:11:08 - mmengine - INFO - paramwise_options -- backbone.stages.3.blocks.1.norm1.bias:weight_decay=0.05
2026/09/24 14:11:08 - mmengine - INFO - paramwise_options -- backbone.stages.3.blocks.1.norm1.bias:lr_mult=0.1
2026/09/24 14:11:08 - mmengine - INFO - paramwise_options -- backbone.stages.3.blocks.1.norm1.bias:decay_mult=1.0
2026/09/24 14:11:08 - mmengine - INFO - paramwise_options -- backbone.stages.3.blocks.1.attn.w_msa.relative_position_bias_table:lr=1e-05
2026/09/24 14:11:08 - mmengine - INFO - paramwise_options -- backbone.stages.3.blocks.1.attn.w_msa.relative_position_bias_table:weight_decay=0.0
2026/09/24 14:11:08 - mmengine - INFO - paramwise_options -- backbone.stages.3.blocks.1.attn.w_msa.relative_position_bias_table:lr_mult=0.1
2026/09/24 14:11:08 - mmengine - INFO - paramwise_options -- backbone.stages.3.blocks.1.attn.w_msa.relative_position_bias_table:decay_mult=0.0
2026/09/24 14:11:08 - mmengine - INFO - paramwise_options -- backbone.stages.3.blocks.1.attn.w_msa.qkv.weight:lr=1e-05
2026/09/24 14:11:08 - mmengine - INFO - paramwise_options -- backbone.stages.3.blocks.1.attn.w_msa.qkv.weight:weight_decay=0.05
2026/09/24 14:11:08 - mmengine - INFO - paramwise_options -- backbone.stages.3.blocks.1.attn.w_msa.qkv.weight:lr_mult=0.1
2026/09/24 14:11:08 - mmengine - INFO - paramwise_options -- backbone.stages.3.blocks.1.attn.w_msa.qkv.weight:decay_mult=1.0
2026/09/24 14:11:08 - mmengine - INFO - paramwise_options -- backbone.stages.3.blocks.1.attn.w_msa.qkv.bias:lr=1e-05
2026/09/24 14:11:08 - mmengine - INFO - paramwise_options -- backbone.stages.3.blocks.1.attn.w_msa.qkv.bias:weight_decay=0.05
2026/09/24 14:11:08 - mmengine - INFO - paramwise_options -- backbone.stages.3.blocks.1.attn.w_msa.qkv.bias:lr_mult=0.1
2026/09/24 14:11:08 - mmengine - INFO - paramwise_options -- backbone.stages.3.blocks.1.attn.w_msa.qkv.bias:decay_mult=1.0
2026/09/24 14:11:08 - mmengine - INFO - paramwise_options -- backbone.stages.3.blocks.1.attn.w_msa.proj.weight:lr=1e-05
2026/09/24 14:11:08 - mmengine - INFO - paramwise_options -- backbone.stages.3.blocks.1.attn.w_msa.proj.weight:weight_decay=0.05
2026/09/24 14:11:08 - mmengine - INFO - paramwise_options -- backbone.stages.3.blocks.1.attn.w_msa.proj.weight:lr_mult=0.1
2026/09/24 14:11:08 - mmengine - INFO - paramwise_options -- backbone.stages.3.blocks.1.attn.w_msa.proj.weight:decay_mult=1.0
2026/09/24 14:11:08 - mmengine - INFO - paramwise_options -- backbone.stages.3.blocks.1.attn.w_msa.proj.bias:lr=1e-05
2026/09/24 14:11:08 - mmengine - INFO - paramwise_options -- backbone.stages.3.blocks.1.attn.w_msa.proj.bias:weight_decay=0.05
2026/09/24 14:11:08 - mmengine - INFO - paramwise_options -- backbone.stages.3.blocks.1.attn.w_msa.proj.bias:lr_mult=0.1
2026/09/24 14:11:08 - mmengine - INFO - paramwise_options -- backbone.stages.3.blocks.1.attn.w_msa.proj.bias:decay_mult=1.0
2026/09/24 14:11:08 - mmengine - INFO - paramwise_options -- backbone.stages.3.blocks.1.norm2.weight:lr=1e-05
2026/09/24 14:11:08 - mmengine - INFO - paramwise_options -- backbone.stages.3.blocks.1.norm2.weight:weight_decay=0.05
2026/09/24 14:11:08 - mmengine - INFO - paramwise_options -- backbone.stages.3.blocks.1.norm2.weight:lr_mult=0.1
2026/09/24 14:11:08 - mmengine - INFO - paramwise_options -- backbone.stages.3.blocks.1.norm2.weight:decay_mult=1.0
2026/09/24 14:11:08 - mmengine - INFO - paramwise_options -- backbone.stages.3.blocks.1.norm2.bias:lr=1e-05
2026/09/24 14:11:08 - mmengine - INFO - paramwise_options -- backbone.stages.3.blocks.1.norm2.bias:weight_decay=0.05
2026/09/24 14:11:08 - mmengine - INFO - paramwise_options -- backbone.stages.3.blocks.1.norm2.bias:lr_mult=0.1
2026/09/24 14:11:08 - mmengine - INFO - paramwise_options -- backbone.stages.3.blocks.1.norm2.bias:decay_mult=1.0
2026/09/24 14:11:08 - mmengine - INFO - paramwise_options -- backbone.stages.3.blocks.1.ffn.layers.0.0.weight:lr=1e-05
2026/09/24 14:11:08 - mmengine - INFO - paramwise_options -- backbone.stages.3.blocks.1.ffn.layers.0.0.weight:weight_decay=0.05
2026/09/24 14:11:08 - mmengine - INFO - paramwise_options -- backbone.stages.3.blocks.1.ffn.layers.0.0.weight:lr_mult=0.1
2026/09/24 14:11:08 - mmengine - INFO - paramwise_options -- backbone.stages.3.blocks.1.ffn.layers.0.0.weight:decay_mult=1.0
2026/09/24 14:11:08 - mmengine - INFO - paramwise_options -- backbone.stages.3.blocks.1.ffn.layers.0.0.bias:lr=1e-05
2026/09/24 14:11:08 - mmengine - INFO - paramwise_options -- backbone.stages.3.blocks.1.ffn.layers.0.0.bias:weight_decay=0.05
2026/09/24 14:11:08 - mmengine - INFO - paramwise_options -- backbone.stages.3.blocks.1.ffn.layers.0.0.bias:lr_mult=0.1
2026/09/24 14:11:08 - mmengine - INFO - paramwise_options -- backbone.stages.3.blocks.1.ffn.layers.0.0.bias:decay_mult=1.0
2026/09/24 14:11:08 - mmengine - INFO - paramwise_options -- backbone.stages.3.blocks.1.ffn.layers.1.weight:lr=1e-05
2026/09/24 14:11:08 - mmengine - INFO - paramwise_options -- backbone.stages.3.blocks.1.ffn.layers.1.weight:weight_decay=0.05
2026/09/24 14:11:08 - mmengine - INFO - paramwise_options -- backbone.stages.3.blocks.1.ffn.layers.1.weight:lr_mult=0.1
2026/09/24 14:11:08 - mmengine - INFO - paramwise_options -- backbone.stages.3.blocks.1.ffn.layers.1.weight:decay_mult=1.0
2026/09/24 14:11:08 - mmengine - INFO - paramwise_options -- backbone.stages.3.blocks.1.ffn.layers.1.bias:lr=1e-05
2026/09/24 14:11:08 - mmengine - INFO - paramwise_options -- backbone.stages.3.blocks.1.ffn.layers.1.bias:weight_decay=0.05
2026/09/24 14:11:08 - mmengine - INFO - paramwise_options -- backbone.stages.3.blocks.1.ffn.layers.1.bias:lr_mult=0.1
2026/09/24 14:11:08 - mmengine - INFO - paramwise_options -- backbone.stages.3.blocks.1.ffn.layers.1.bias:decay_mult=1.0
2026/09/24 14:11:08 - mmengine - INFO - paramwise_options -- backbone.norm0.weight:lr=1e-05
2026/09/24 14:11:08 - mmengine - INFO - paramwise_options -- backbone.norm0.weight:weight_decay=0.05
2026/09/24 14:11:08 - mmengine - INFO - paramwise_options -- backbone.norm0.weight:lr_mult=0.1
2026/09/24 14:11:08 - mmengine - INFO - paramwise_options -- backbone.norm0.weight:decay_mult=1.0
2026/09/24 14:11:08 - mmengine - INFO - paramwise_options -- backbone.norm0.bias:lr=1e-05
2026/09/24 14:11:08 - mmengine - INFO - paramwise_options -- backbone.norm0.bias:weight_decay=0.05
2026/09/24 14:11:08 - mmengine - INFO - paramwise_options -- backbone.norm0.bias:lr_mult=0.1
2026/09/24 14:11:08 - mmengine - INFO - paramwise_options -- backbone.norm0.bias:decay_mult=1.0
2026/09/24 14:11:08 - mmengine - INFO - paramwise_options -- backbone.norm1.weight:lr=1e-05
2026/09/24 14:11:08 - mmengine - INFO - paramwise_options -- backbone.norm1.weight:weight_decay=0.05
2026/09/24 14:11:08 - mmengine - INFO - paramwise_options -- backbone.norm1.weight:lr_mult=0.1
2026/09/24 14:11:08 - mmengine - INFO - paramwise_options -- backbone.norm1.weight:decay_mult=1.0
2026/09/24 14:11:08 - mmengine - INFO - paramwise_options -- backbone.norm1.bias:lr=1e-05
2026/09/24 14:11:08 - mmengine - INFO - paramwise_options -- backbone.norm1.bias:weight_decay=0.05
2026/09/24 14:11:08 - mmengine - INFO - paramwise_options -- backbone.norm1.bias:lr_mult=0.1
2026/09/24 14:11:08 - mmengine - INFO - paramwise_options -- backbone.norm1.bias:decay_mult=1.0
2026/09/24 14:11:08 - mmengine - INFO - paramwise_options -- backbone.norm2.weight:lr=1e-05
2026/09/24 14:11:08 - mmengine - INFO - paramwise_options -- backbone.norm2.weight:weight_decay=0.05
2026/09/24 14:11:08 - mmengine - INFO - paramwise_options -- backbone.norm2.weight:lr_mult=0.1
2026/09/24 14:11:08 - mmengine - INFO - paramwise_options -- backbone.norm2.weight:decay_mult=1.0
2026/09/24 14:11:08 - mmengine - INFO - paramwise_options -- backbone.norm2.bias:lr=1e-05
2026/09/24 14:11:08 - mmengine - INFO - paramwise_options -- backbone.norm2.bias:weight_decay=0.05
2026/09/24 14:11:08 - mmengine - INFO - paramwise_options -- backbone.norm2.bias:lr_mult=0.1
2026/09/24 14:11:08 - mmengine - INFO - paramwise_options -- backbone.norm2.bias:decay_mult=1.0
2026/09/24 14:11:08 - mmengine - INFO - paramwise_options -- backbone.norm3.weight:lr=1e-05
2026/09/24 14:11:08 - mmengine - INFO - paramwise_options -- backbone.norm3.weight:weight_decay=0.05
2026/09/24 14:11:08 - mmengine - INFO - paramwise_options -- backbone.norm3.weight:lr_mult=0.1
2026/09/24 14:11:08 - mmengine - INFO - paramwise_options -- backbone.norm3.weight:decay_mult=1.0
2026/09/24 14:11:08 - mmengine - INFO - paramwise_options -- backbone.norm3.bias:lr=1e-05
2026/09/24 14:11:08 - mmengine - INFO - paramwise_options -- backbone.norm3.bias:weight_decay=0.05
2026/09/24 14:11:08 - mmengine - INFO - paramwise_options -- backbone.norm3.bias:lr_mult=0.1
2026/09/24 14:11:08 - mmengine - INFO - paramwise_options -- backbone.norm3.bias:decay_mult=1.0
2026/09/24 14:11:08 - mmengine - INFO - paramwise_options -- decode_head.pixel_decoder.input_convs.0.gn.weight:weight_decay=0.0
2026/09/24 14:11:08 - mmengine - INFO - paramwise_options -- decode_head.pixel_decoder.input_convs.0.gn.bias:weight_decay=0.0
2026/09/24 14:11:08 - mmengine - INFO - paramwise_options -- decode_head.pixel_decoder.input_convs.1.gn.weight:weight_decay=0.0
2026/09/24 14:11:08 - mmengine - INFO - paramwise_options -- decode_head.pixel_decoder.input_convs.1.gn.bias:weight_decay=0.0
2026/09/24 14:11:08 - mmengine - INFO - paramwise_options -- decode_head.pixel_decoder.input_convs.2.gn.weight:weight_decay=0.0
2026/09/24 14:11:08 - mmengine - INFO - paramwise_options -- decode_head.pixel_decoder.input_convs.2.gn.bias:weight_decay=0.0
2026/09/24 14:11:08 - mmengine - INFO - paramwise_options -- decode_head.pixel_decoder.encoder.layers.0.norms.0.weight:weight_decay=0.0
2026/09/24 14:11:08 - mmengine - INFO - paramwise_options -- decode_head.pixel_decoder.encoder.layers.0.norms.0.bias:weight_decay=0.0
2026/09/24 14:11:08 - mmengine - INFO - paramwise_options -- decode_head.pixel_decoder.encoder.layers.0.norms.1.weight:weight_decay=0.0
2026/09/24 14:11:08 - mmengine - INFO - paramwise_options -- decode_head.pixel_decoder.encoder.layers.0.norms.1.bias:weight_decay=0.0
2026/09/24 14:11:08 - mmengine - INFO - paramwise_options -- decode_head.pixel_decoder.encoder.layers.1.norms.0.weight:weight_decay=0.0
2026/09/24 14:11:08 - mmengine - INFO - paramwise_options -- decode_head.pixel_decoder.encoder.layers.1.norms.0.bias:weight_decay=0.0
2026/09/24 14:11:08 - mmengine - INFO - paramwise_options -- decode_head.pixel_decoder.encoder.layers.1.norms.1.weight:weight_decay=0.0
2026/09/24 14:11:08 - mmengine - INFO - paramwise_options -- decode_head.pixel_decoder.encoder.layers.1.norms.1.bias:weight_decay=0.0
2026/09/24 14:11:08 - mmengine - INFO - paramwise_options -- decode_head.pixel_decoder.encoder.layers.2.norms.0.weight:weight_decay=0.0
2026/09/24 14:11:08 - mmengine - INFO - paramwise_options -- decode_head.pixel_decoder.encoder.layers.2.norms.0.bias:weight_decay=0.0
2026/09/24 14:11:08 - mmengine - INFO - paramwise_options -- decode_head.pixel_decoder.encoder.layers.2.norms.1.weight:weight_decay=0.0
2026/09/24 14:11:08 - mmengine - INFO - paramwise_options -- decode_head.pixel_decoder.encoder.layers.2.norms.1.bias:weight_decay=0.0
2026/09/24 14:11:08 - mmengine - INFO - paramwise_options -- decode_head.pixel_decoder.encoder.layers.3.norms.0.weight:weight_decay=0.0
2026/09/24 14:11:08 - mmengine - INFO - paramwise_options -- decode_head.pixel_decoder.encoder.layers.3.norms.0.bias:weight_decay=0.0
2026/09/24 14:11:08 - mmengine - INFO - paramwise_options -- decode_head.pixel_decoder.encoder.layers.3.norms.1.weight:weight_decay=0.0
2026/09/24 14:11:08 - mmengine - INFO - paramwise_options -- decode_head.pixel_decoder.encoder.layers.3.norms.1.bias:weight_decay=0.0
2026/09/24 14:11:08 - mmengine - INFO - paramwise_options -- decode_head.pixel_decoder.encoder.layers.4.norms.0.weight:weight_decay=0.0
2026/09/24 14:11:08 - mmengine - INFO - paramwise_options -- decode_head.pixel_decoder.encoder.layers.4.norms.0.bias:weight_decay=0.0
2026/09/24 14:11:08 - mmengine - INFO - paramwise_options -- decode_head.pixel_decoder.encoder.layers.4.norms.1.weight:weight_decay=0.0
2026/09/24 14:11:08 - mmengine - INFO - paramwise_options -- decode_head.pixel_decoder.encoder.layers.4.norms.1.bias:weight_decay=0.0
2026/09/24 14:11:08 - mmengine - INFO - paramwise_options -- decode_head.pixel_decoder.encoder.layers.5.norms.0.weight:weight_decay=0.0
2026/09/24 14:11:08 - mmengine - INFO - paramwise_options -- decode_head.pixel_decoder.encoder.layers.5.norms.0.bias:weight_decay=0.0
2026/09/24 14:11:08 - mmengine - INFO - paramwise_options -- decode_head.pixel_decoder.encoder.layers.5.norms.1.weight:weight_decay=0.0
2026/09/24 14:11:08 - mmengine - INFO - paramwise_options -- decode_head.pixel_decoder.encoder.layers.5.norms.1.bias:weight_decay=0.0
2026/09/24 14:11:08 - mmengine - INFO - paramwise_options -- decode_head.pixel_decoder.lateral_convs.0.gn.weight:weight_decay=0.0
2026/09/24 14:11:08 - mmengine - INFO - paramwise_options -- decode_head.pixel_decoder.lateral_convs.0.gn.bias:weight_decay=0.0
2026/09/24 14:11:08 - mmengine - INFO - paramwise_options -- decode_head.pixel_decoder.output_convs.0.gn.weight:weight_decay=0.0
2026/09/24 14:11:08 - mmengine - INFO - paramwise_options -- decode_head.pixel_decoder.output_convs.0.gn.bias:weight_decay=0.0
2026/09/24 14:11:08 - mmengine - INFO - paramwise_options -- decode_head.transformer_decoder.layers.0.norms.0.weight:weight_decay=0.0
2026/09/24 14:11:08 - mmengine - INFO - paramwise_options -- decode_head.transformer_decoder.layers.0.norms.0.bias:weight_decay=0.0
2026/09/24 14:11:08 - mmengine - INFO - paramwise_options -- decode_head.transformer_decoder.layers.0.norms.1.weight:weight_decay=0.0
2026/09/24 14:11:08 - mmengine - INFO - paramwise_options -- decode_head.transformer_decoder.layers.0.norms.1.bias:weight_decay=0.0
2026/09/24 14:11:08 - mmengine - INFO - paramwise_options -- decode_head.transformer_decoder.layers.0.norms.2.weight:weight_decay=0.0
2026/09/24 14:11:08 - mmengine - INFO - paramwise_options -- decode_head.transformer_decoder.layers.0.norms.2.bias:weight_decay=0.0
2026/09/24 14:11:08 - mmengine - INFO - paramwise_options -- decode_head.transformer_decoder.layers.1.norms.0.weight:weight_decay=0.0
2026/09/24 14:11:08 - mmengine - INFO - paramwise_options -- decode_head.transformer_decoder.layers.1.norms.0.bias:weight_decay=0.0
2026/09/24 14:11:08 - mmengine - INFO - paramwise_options -- decode_head.transformer_decoder.layers.1.norms.1.weight:weight_decay=0.0
2026/09/24 14:11:08 - mmengine - INFO - paramwise_options -- decode_head.transformer_decoder.layers.1.norms.1.bias:weight_decay=0.0
2026/09/24 14:11:08 - mmengine - INFO - paramwise_options -- decode_head.transformer_decoder.layers.1.norms.2.weight:weight_decay=0.0
2026/09/24 14:11:08 - mmengine - INFO - paramwise_options -- decode_head.transformer_decoder.layers.1.norms.2.bias:weight_decay=0.0
2026/09/24 14:11:08 - mmengine - INFO - paramwise_options -- decode_head.transformer_decoder.layers.2.norms.0.weight:weight_decay=0.0
2026/09/24 14:11:08 - mmengine - INFO - paramwise_options -- decode_head.transformer_decoder.layers.2.norms.0.bias:weight_decay=0.0
2026/09/24 14:11:08 - mmengine - INFO - paramwise_options -- decode_head.transformer_decoder.layers.2.norms.1.weight:weight_decay=0.0
2026/09/24 14:11:08 - mmengine - INFO - paramwise_options -- decode_head.transformer_decoder.layers.2.norms.1.bias:weight_decay=0.0
2026/09/24 14:11:08 - mmengine - INFO - paramwise_options -- decode_head.transformer_decoder.layers.2.norms.2.weight:weight_decay=0.0
2026/09/24 14:11:08 - mmengine - INFO - paramwise_options -- decode_head.transformer_decoder.layers.2.norms.2.bias:weight_decay=0.0
2026/09/24 14:11:08 - mmengine - INFO - paramwise_options -- decode_head.transformer_decoder.layers.3.norms.0.weight:weight_decay=0.0
2026/09/24 14:11:08 - mmengine - INFO - paramwise_options -- decode_head.transformer_decoder.layers.3.norms.0.bias:weight_decay=0.0
2026/09/24 14:11:08 - mmengine - INFO - paramwise_options -- decode_head.transformer_decoder.layers.3.norms.1.weight:weight_decay=0.0
2026/09/24 14:11:08 - mmengine - INFO - paramwise_options -- decode_head.transformer_decoder.layers.3.norms.1.bias:weight_decay=0.0
2026/09/24 14:11:08 - mmengine - INFO - paramwise_options -- decode_head.transformer_decoder.layers.3.norms.2.weight:weight_decay=0.0
2026/09/24 14:11:08 - mmengine - INFO - paramwise_options -- decode_head.transformer_decoder.layers.3.norms.2.bias:weight_decay=0.0
2026/09/24 14:11:08 - mmengine - INFO - paramwise_options -- decode_head.transformer_decoder.layers.4.norms.0.weight:weight_decay=0.0
2026/09/24 14:11:08 - mmengine - INFO - paramwise_options -- decode_head.transformer_decoder.layers.4.norms.0.bias:weight_decay=0.0
2026/09/24 14:11:08 - mmengine - INFO - paramwise_options -- decode_head.transformer_decoder.layers.4.norms.1.weight:weight_decay=0.0
2026/09/24 14:11:08 - mmengine - INFO - paramwise_options -- decode_head.transformer_decoder.layers.4.norms.1.bias:weight_decay=0.0
2026/09/24 14:11:08 - mmengine - INFO - paramwise_options -- decode_head.transformer_decoder.layers.4.norms.2.weight:weight_decay=0.0
2026/09/24 14:11:08 - mmengine - INFO - paramwise_options -- decode_head.transformer_decoder.layers.4.norms.2.bias:weight_decay=0.0
2026/09/24 14:11:08 - mmengine - INFO - paramwise_options -- decode_head.transformer_decoder.layers.5.norms.0.weight:weight_decay=0.0
2026/09/24 14:11:08 - mmengine - INFO - paramwise_options -- decode_head.transformer_decoder.layers.5.norms.0.bias:weight_decay=0.0
2026/09/24 14:11:08 - mmengine - INFO - paramwise_options -- decode_head.transformer_decoder.layers.5.norms.1.weight:weight_decay=0.0
2026/09/24 14:11:08 - mmengine - INFO - paramwise_options -- decode_head.transformer_decoder.layers.5.norms.1.bias:weight_decay=0.0
2026/09/24 14:11:08 - mmengine - INFO - paramwise_options -- decode_head.transformer_decoder.layers.5.norms.2.weight:weight_decay=0.0
2026/09/24 14:11:08 - mmengine - INFO - paramwise_options -- decode_head.transformer_decoder.layers.5.norms.2.bias:weight_decay=0.0
2026/09/24 14:11:08 - mmengine - INFO - paramwise_options -- decode_head.transformer_decoder.layers.6.norms.0.weight:weight_decay=0.0
2026/09/24 14:11:08 - mmengine - INFO - paramwise_options -- decode_head.transformer_decoder.layers.6.norms.0.bias:weight_decay=0.0
2026/09/24 14:11:08 - mmengine - INFO - paramwise_options -- decode_head.transformer_decoder.layers.6.norms.1.weight:weight_decay=0.0
2026/09/24 14:11:08 - mmengine - INFO - paramwise_options -- decode_head.transformer_decoder.layers.6.norms.1.bias:weight_decay=0.0
2026/09/24 14:11:08 - mmengine - INFO - paramwise_options -- decode_head.transformer_decoder.layers.6.norms.2.weight:weight_decay=0.0
2026/09/24 14:11:08 - mmengine - INFO - paramwise_options -- decode_head.transformer_decoder.layers.6.norms.2.bias:weight_decay=0.0
2026/09/24 14:11:08 - mmengine - INFO - paramwise_options -- decode_head.transformer_decoder.layers.7.norms.0.weight:weight_decay=0.0
2026/09/24 14:11:08 - mmengine - INFO - paramwise_options -- decode_head.transformer_decoder.layers.7.norms.0.bias:weight_decay=0.0
2026/09/24 14:11:08 - mmengine - INFO - paramwise_options -- decode_head.transformer_decoder.layers.7.norms.1.weight:weight_decay=0.0
2026/09/24 14:11:08 - mmengine - INFO - paramwise_options -- decode_head.transformer_decoder.layers.7.norms.1.bias:weight_decay=0.0
2026/09/24 14:11:08 - mmengine - INFO - paramwise_options -- decode_head.transformer_decoder.layers.7.norms.2.weight:weight_decay=0.0
2026/09/24 14:11:08 - mmengine - INFO - paramwise_options -- decode_head.transformer_decoder.layers.7.norms.2.bias:weight_decay=0.0
2026/09/24 14:11:08 - mmengine - INFO - paramwise_options -- decode_head.transformer_decoder.layers.8.norms.0.weight:weight_decay=0.0
2026/09/24 14:11:08 - mmengine - INFO - paramwise_options -- decode_head.transformer_decoder.layers.8.norms.0.bias:weight_decay=0.0
2026/09/24 14:11:08 - mmengine - INFO - paramwise_options -- decode_head.transformer_decoder.layers.8.norms.1.weight:weight_decay=0.0
2026/09/24 14:11:08 - mmengine - INFO - paramwise_options -- decode_head.transformer_decoder.layers.8.norms.1.bias:weight_decay=0.0
2026/09/24 14:11:08 - mmengine - INFO - paramwise_options -- decode_head.transformer_decoder.layers.8.norms.2.weight:weight_decay=0.0
2026/09/24 14:11:08 - mmengine - INFO - paramwise_options -- decode_head.transformer_decoder.layers.8.norms.2.bias:weight_decay=0.0
2026/09/24 14:11:08 - mmengine - INFO - paramwise_options -- decode_head.transformer_decoder.post_norm.weight:weight_decay=0.0
2026/09/24 14:11:08 - mmengine - INFO - paramwise_options -- decode_head.transformer_decoder.post_norm.bias:weight_decay=0.0
2026/09/24 14:11:08 - mmengine - INFO - paramwise_options -- decode_head.query_embed.weight:lr=0.0001
2026/09/24 14:11:08 - mmengine - INFO - paramwise_options -- decode_head.query_embed.weight:weight_decay=0.0
2026/09/24 14:11:08 - mmengine - INFO - paramwise_options -- decode_head.query_embed.weight:lr_mult=1.0
2026/09/24 14:11:08 - mmengine - INFO - paramwise_options -- decode_head.query_embed.weight:decay_mult=0.0
2026/09/24 14:11:08 - mmengine - INFO - paramwise_options -- decode_head.query_feat.weight:lr=0.0001
2026/09/24 14:11:08 - mmengine - INFO - paramwise_options -- decode_head.query_feat.weight:weight_decay=0.0
2026/09/24 14:11:08 - mmengine - INFO - paramwise_options -- decode_head.query_feat.weight:lr_mult=1.0
2026/09/24 14:11:08 - mmengine - INFO - paramwise_options -- decode_head.query_feat.weight:decay_mult=0.0
2026/09/24 14:11:08 - mmengine - INFO - paramwise_options -- decode_head.level_embed.weight:lr=0.0001
2026/09/24 14:11:08 - mmengine - INFO - paramwise_options -- decode_head.level_embed.weight:weight_decay=0.0
2026/09/24 14:11:08 - mmengine - INFO - paramwise_options -- decode_head.level_embed.weight:lr_mult=1.0
2026/09/24 14:11:08 - mmengine - INFO - paramwise_options -- decode_head.level_embed.weight:decay_mult=0.0
2026/09/24 14:11:08 - mmengine - WARNING - The prefix is not set in metric class IoUMetric.
Name of parameter - Initialization information

backbone.patch_embed.projection.weight - torch.Size([96, 3, 4, 4]): 
Initialized by user-defined `init_weights` in SwinTransformer  

backbone.patch_embed.projection.bias - torch.Size([96]): 
Initialized by user-defined `init_weights` in SwinTransformer  

backbone.patch_embed.norm.weight - torch.Size([96]): 
Initialized by user-defined `init_weights` in SwinTransformer  

backbone.patch_embed.norm.bias - torch.Size([96]): 
Initialized by user-defined `init_weights` in SwinTransformer  

backbone.stages.0.blocks.0.norm1.weight - torch.Size([96]): 
Initialized by user-defined `init_weights` in SwinTransformer  

backbone.stages.0.blocks.0.norm1.bias - torch.Size([96]): 
Initialized by user-defined `init_weights` in SwinTransformer  

backbone.stages.0.blocks.0.attn.w_msa.relative_position_bias_table - torch.Size([169, 3]): 
Initialized by user-defined `init_weights` in SwinTransformer  

backbone.stages.0.blocks.0.attn.w_msa.qkv.weight - torch.Size([288, 96]): 
Initialized by user-defined `init_weights` in SwinTransformer  

backbone.stages.0.blocks.0.attn.w_msa.qkv.bias - torch.Size([288]): 
Initialized by user-defined `init_weights` in SwinTransformer  

backbone.stages.0.blocks.0.attn.w_msa.proj.weight - torch.Size([96, 96]): 
Initialized by user-defined `init_weights` in SwinTransformer  

backbone.stages.0.blocks.0.attn.w_msa.proj.bias - torch.Size([96]): 
Initialized by user-defined `init_weights` in SwinTransformer  

backbone.stages.0.blocks.0.norm2.weight - torch.Size([96]): 
Initialized by user-defined `init_weights` in SwinTransformer  

backbone.stages.0.blocks.0.norm2.bias - torch.Size([96]): 
Initialized by user-defined `init_weights` in SwinTransformer  

backbone.stages.0.blocks.0.ffn.layers.0.0.weight - torch.Size([384, 96]): 
Initialized by user-defined `init_weights` in SwinTransformer  

backbone.stages.0.blocks.0.ffn.layers.0.0.bias - torch.Size([384]): 
Initialized by user-defined `init_weights` in SwinTransformer  

backbone.stages.0.blocks.0.ffn.layers.1.weight - torch.Size([96, 384]): 
Initialized by user-defined `init_weights` in SwinTransformer  

backbone.stages.0.blocks.0.ffn.layers.1.bias - torch.Size([96]): 
Initialized by user-defined `init_weights` in SwinTransformer  

backbone.stages.0.blocks.1.norm1.weight - torch.Size([96]): 
Initialized by user-defined `init_weights` in SwinTransformer  

backbone.stages.0.blocks.1.norm1.bias - torch.Size([96]): 
Initialized by user-defined `init_weights` in SwinTransformer  

backbone.stages.0.blocks.1.attn.w_msa.relative_position_bias_table - torch.Size([169, 3]): 
Initialized by user-defined `init_weights` in SwinTransformer  

backbone.stages.0.blocks.1.attn.w_msa.qkv.weight - torch.Size([288, 96]): 
Initialized by user-defined `init_weights` in SwinTransformer  

backbone.stages.0.blocks.1.attn.w_msa.qkv.bias - torch.Size([288]): 
Initialized by user-defined `init_weights` in SwinTransformer  

backbone.stages.0.blocks.1.attn.w_msa.proj.weight - torch.Size([96, 96]): 
Initialized by user-defined `init_weights` in SwinTransformer  

backbone.stages.0.blocks.1.attn.w_msa.proj.bias - torch.Size([96]): 
Initialized by user-defined `init_weights` in SwinTransformer  

backbone.stages.0.blocks.1.norm2.weight - torch.Size([96]): 
Initialized by user-defined `init_weights` in SwinTransformer  

backbone.stages.0.blocks.1.norm2.bias - torch.Size([96]): 
Initialized by user-defined `init_weights` in SwinTransformer  

backbone.stages.0.blocks.1.ffn.layers.0.0.weight - torch.Size([384, 96]): 
Initialized by user-defined `init_weights` in SwinTransformer  

backbone.stages.0.blocks.1.ffn.layers.0.0.bias - torch.Size([384]): 
Initialized by user-defined `init_weights` in SwinTransformer  

backbone.stages.0.blocks.1.ffn.layers.1.weight - torch.Size([96, 384]): 
Initialized by user-defined `init_weights` in SwinTransformer  

backbone.stages.0.blocks.1.ffn.layers.1.bias - torch.Size([96]): 
Initialized by user-defined `init_weights` in SwinTransformer  

backbone.stages.0.downsample.norm.weight - torch.Size([384]): 
Initialized by user-defined `init_weights` in SwinTransformer  

backbone.stages.0.downsample.norm.bias - torch.Size([384]): 
Initialized by user-defined `init_weights` in SwinTransformer  

backbone.stages.0.downsample.reduction.weight - torch.Size([192, 384]): 
Initialized by user-defined `init_weights` in SwinTransformer  

backbone.stages.1.blocks.0.norm1.weight - torch.Size([192]): 
Initialized by user-defined `init_weights` in SwinTransformer  

backbone.stages.1.blocks.0.norm1.bias - torch.Size([192]): 
Initialized by user-defined `init_weights` in SwinTransformer  

backbone.stages.1.blocks.0.attn.w_msa.relative_position_bias_table - torch.Size([169, 6]): 
Initialized by user-defined `init_weights` in SwinTransformer  

backbone.stages.1.blocks.0.attn.w_msa.qkv.weight - torch.Size([576, 192]): 
Initialized by user-defined `init_weights` in SwinTransformer  

backbone.stages.1.blocks.0.attn.w_msa.qkv.bias - torch.Size([576]): 
Initialized by user-defined `init_weights` in SwinTransformer  

backbone.stages.1.blocks.0.attn.w_msa.proj.weight - torch.Size([192, 192]): 
Initialized by user-defined `init_weights` in SwinTransformer  

backbone.stages.1.blocks.0.attn.w_msa.proj.bias - torch.Size([192]): 
Initialized by user-defined `init_weights` in SwinTransformer  

backbone.stages.1.blocks.0.norm2.weight - torch.Size([192]): 
Initialized by user-defined `init_weights` in SwinTransformer  

backbone.stages.1.blocks.0.norm2.bias - torch.Size([192]): 
Initialized by user-defined `init_weights` in SwinTransformer  

backbone.stages.1.blocks.0.ffn.layers.0.0.weight - torch.Size([768, 192]): 
Initialized by user-defined `init_weights` in SwinTransformer  

backbone.stages.1.blocks.0.ffn.layers.0.0.bias - torch.Size([768]): 
Initialized by user-defined `init_weights` in SwinTransformer  

backbone.stages.1.blocks.0.ffn.layers.1.weight - torch.Size([192, 768]): 
Initialized by user-defined `init_weights` in SwinTransformer  

backbone.stages.1.blocks.0.ffn.layers.1.bias - torch.Size([192]): 
Initialized by user-defined `init_weights` in SwinTransformer  

backbone.stages.1.blocks.1.norm1.weight - torch.Size([192]): 
Initialized by user-defined `init_weights` in SwinTransformer  

backbone.stages.1.blocks.1.norm1.bias - torch.Size([192]): 
Initialized by user-defined `init_weights` in SwinTransformer  

backbone.stages.1.blocks.1.attn.w_msa.relative_position_bias_table - torch.Size([169, 6]): 
Initialized by user-defined `init_weights` in SwinTransformer  

backbone.stages.1.blocks.1.attn.w_msa.qkv.weight - torch.Size([576, 192]): 
Initialized by user-defined `init_weights` in SwinTransformer  

backbone.stages.1.blocks.1.attn.w_msa.qkv.bias - torch.Size([576]): 
Initialized by user-defined `init_weights` in SwinTransformer  

backbone.stages.1.blocks.1.attn.w_msa.proj.weight - torch.Size([192, 192]): 
Initialized by user-defined `init_weights` in SwinTransformer  

backbone.stages.1.blocks.1.attn.w_msa.proj.bias - torch.Size([192]): 
Initialized by user-defined `init_weights` in SwinTransformer  

backbone.stages.1.blocks.1.norm2.weight - torch.Size([192]): 
Initialized by user-defined `init_weights` in SwinTransformer  

backbone.stages.1.blocks.1.norm2.bias - torch.Size([192]): 
Initialized by user-defined `init_weights` in SwinTransformer  

backbone.stages.1.blocks.1.ffn.layers.0.0.weight - torch.Size([768, 192]): 
Initialized by user-defined `init_weights` in SwinTransformer  

backbone.stages.1.blocks.1.ffn.layers.0.0.bias - torch.Size([768]): 
Initialized by user-defined `init_weights` in SwinTransformer  

backbone.stages.1.blocks.1.ffn.layers.1.weight - torch.Size([192, 768]): 
Initialized by user-defined `init_weights` in SwinTransformer  

backbone.stages.1.blocks.1.ffn.layers.1.bias - torch.Size([192]): 
Initialized by user-defined `init_weights` in SwinTransformer  

backbone.stages.1.downsample.norm.weight - torch.Size([768]): 
Initialized by user-defined `init_weights` in SwinTransformer  

backbone.stages.1.downsample.norm.bias - torch.Size([768]): 
Initialized by user-defined `init_weights` in SwinTransformer  

backbone.stages.1.downsample.reduction.weight - torch.Size([384, 768]): 
Initialized by user-defined `init_weights` in SwinTransformer  

backbone.stages.2.blocks.0.norm1.weight - torch.Size([384]): 
Initialized by user-defined `init_weights` in SwinTransformer  

backbone.stages.2.blocks.0.norm1.bias - torch.Size([384]): 
Initialized by user-defined `init_weights` in SwinTransformer  

backbone.stages.2.blocks.0.attn.w_msa.relative_position_bias_table - torch.Size([169, 12]): 
Initialized by user-defined `init_weights` in SwinTransformer  

backbone.stages.2.blocks.0.attn.w_msa.qkv.weight - torch.Size([1152, 384]): 
Initialized by user-defined `init_weights` in SwinTransformer  

backbone.stages.2.blocks.0.attn.w_msa.qkv.bias - torch.Size([1152]): 
Initialized by user-defined `init_weights` in SwinTransformer  

backbone.stages.2.blocks.0.attn.w_msa.proj.weight - torch.Size([384, 384]): 
Initialized by user-defined `init_weights` in SwinTransformer  

backbone.stages.2.blocks.0.attn.w_msa.proj.bias - torch.Size([384]): 
Initialized by user-defined `init_weights` in SwinTransformer  

backbone.stages.2.blocks.0.norm2.weight - torch.Size([384]): 
Initialized by user-defined `init_weights` in SwinTransformer  

backbone.stages.2.blocks.0.norm2.bias - torch.Size([384]): 
Initialized by user-defined `init_weights` in SwinTransformer  

backbone.stages.2.blocks.0.ffn.layers.0.0.weight - torch.Size([1536, 384]): 
Initialized by user-defined `init_weights` in SwinTransformer  

backbone.stages.2.blocks.0.ffn.layers.0.0.bias - torch.Size([1536]): 
Initialized by user-defined `init_weights` in SwinTransformer  

backbone.stages.2.blocks.0.ffn.layers.1.weight - torch.Size([384, 1536]): 
Initialized by user-defined `init_weights` in SwinTransformer  

backbone.stages.2.blocks.0.ffn.layers.1.bias - torch.Size([384]): 
Initialized by user-defined `init_weights` in SwinTransformer  

backbone.stages.2.blocks.1.norm1.weight - torch.Size([384]): 
Initialized by user-defined `init_weights` in SwinTransformer  

backbone.stages.2.blocks.1.norm1.bias - torch.Size([384]): 
Initialized by user-defined `init_weights` in SwinTransformer  

backbone.stages.2.blocks.1.attn.w_msa.relative_position_bias_table - torch.Size([169, 12]): 
Initialized by user-defined `init_weights` in SwinTransformer  

backbone.stages.2.blocks.1.attn.w_msa.qkv.weight - torch.Size([1152, 384]): 
Initialized by user-defined `init_weights` in SwinTransformer  

backbone.stages.2.blocks.1.attn.w_msa.qkv.bias - torch.Size([1152]): 
Initialized by user-defined `init_weights` in SwinTransformer  

backbone.stages.2.blocks.1.attn.w_msa.proj.weight - torch.Size([384, 384]): 
Initialized by user-defined `init_weights` in SwinTransformer  

backbone.stages.2.blocks.1.attn.w_msa.proj.bias - torch.Size([384]): 
Initialized by user-defined `init_weights` in SwinTransformer  

backbone.stages.2.blocks.1.norm2.weight - torch.Size([384]): 
Initialized by user-defined `init_weights` in SwinTransformer  

backbone.stages.2.blocks.1.norm2.bias - torch.Size([384]): 
Initialized by user-defined `init_weights` in SwinTransformer  

backbone.stages.2.blocks.1.ffn.layers.0.0.weight - torch.Size([1536, 384]): 
Initialized by user-defined `init_weights` in SwinTransformer  

backbone.stages.2.blocks.1.ffn.layers.0.0.bias - torch.Size([1536]): 
Initialized by user-defined `init_weights` in SwinTransformer  

backbone.stages.2.blocks.1.ffn.layers.1.weight - torch.Size([384, 1536]): 
Initialized by user-defined `init_weights` in SwinTransformer  

backbone.stages.2.blocks.1.ffn.layers.1.bias - torch.Size([384]): 
Initialized by user-defined `init_weights` in SwinTransformer  

backbone.stages.2.blocks.2.norm1.weight - torch.Size([384]): 
Initialized by user-defined `init_weights` in SwinTransformer  

backbone.stages.2.blocks.2.norm1.bias - torch.Size([384]): 
Initialized by user-defined `init_weights` in SwinTransformer  

backbone.stages.2.blocks.2.attn.w_msa.relative_position_bias_table - torch.Size([169, 12]): 
Initialized by user-defined `init_weights` in SwinTransformer  

backbone.stages.2.blocks.2.attn.w_msa.qkv.weight - torch.Size([1152, 384]): 
Initialized by user-defined `init_weights` in SwinTransformer  

backbone.stages.2.blocks.2.attn.w_msa.qkv.bias - torch.Size([1152]): 
Initialized by user-defined `init_weights` in SwinTransformer  

backbone.stages.2.blocks.2.attn.w_msa.proj.weight - torch.Size([384, 384]): 
Initialized by user-defined `init_weights` in SwinTransformer  

backbone.stages.2.blocks.2.attn.w_msa.proj.bias - torch.Size([384]): 
Initialized by user-defined `init_weights` in SwinTransformer  

backbone.stages.2.blocks.2.norm2.weight - torch.Size([384]): 
Initialized by user-defined `init_weights` in SwinTransformer  

backbone.stages.2.blocks.2.norm2.bias - torch.Size([384]): 
Initialized by user-defined `init_weights` in SwinTransformer  

backbone.stages.2.blocks.2.ffn.layers.0.0.weight - torch.Size([1536, 384]): 
Initialized by user-defined `init_weights` in SwinTransformer  

backbone.stages.2.blocks.2.ffn.layers.0.0.bias - torch.Size([1536]): 
Initialized by user-defined `init_weights` in SwinTransformer  

backbone.stages.2.blocks.2.ffn.layers.1.weight - torch.Size([384, 1536]): 
Initialized by user-defined `init_weights` in SwinTransformer  

backbone.stages.2.blocks.2.ffn.layers.1.bias - torch.Size([384]): 
Initialized by user-defined `init_weights` in SwinTransformer  

backbone.stages.2.blocks.3.norm1.weight - torch.Size([384]): 
Initialized by user-defined `init_weights` in SwinTransformer  

backbone.stages.2.blocks.3.norm1.bias - torch.Size([384]): 
Initialized by user-defined `init_weights` in SwinTransformer  

backbone.stages.2.blocks.3.attn.w_msa.relative_position_bias_table - torch.Size([169, 12]): 
Initialized by user-defined `init_weights` in SwinTransformer  

backbone.stages.2.blocks.3.attn.w_msa.qkv.weight - torch.Size([1152, 384]): 
Initialized by user-defined `init_weights` in SwinTransformer  

backbone.stages.2.blocks.3.attn.w_msa.qkv.bias - torch.Size([1152]): 
Initialized by user-defined `init_weights` in SwinTransformer  

backbone.stages.2.blocks.3.attn.w_msa.proj.weight - torch.Size([384, 384]): 
Initialized by user-defined `init_weights` in SwinTransformer  

backbone.stages.2.blocks.3.attn.w_msa.proj.bias - torch.Size([384]): 
Initialized by user-defined `init_weights` in SwinTransformer  

backbone.stages.2.blocks.3.norm2.weight - torch.Size([384]): 
Initialized by user-defined `init_weights` in SwinTransformer  

backbone.stages.2.blocks.3.norm2.bias - torch.Size([384]): 
Initialized by user-defined `init_weights` in SwinTransformer  

backbone.stages.2.blocks.3.ffn.layers.0.0.weight - torch.Size([1536, 384]): 
Initialized by user-defined `init_weights` in SwinTransformer  

backbone.stages.2.blocks.3.ffn.layers.0.0.bias - torch.Size([1536]): 
Initialized by user-defined `init_weights` in SwinTransformer  

backbone.stages.2.blocks.3.ffn.layers.1.weight - torch.Size([384, 1536]): 
Initialized by user-defined `init_weights` in SwinTransformer  

backbone.stages.2.blocks.3.ffn.layers.1.bias - torch.Size([384]): 
Initialized by user-defined `init_weights` in SwinTransformer  

backbone.stages.2.blocks.4.norm1.weight - torch.Size([384]): 
Initialized by user-defined `init_weights` in SwinTransformer  

backbone.stages.2.blocks.4.norm1.bias - torch.Size([384]): 
Initialized by user-defined `init_weights` in SwinTransformer  

backbone.stages.2.blocks.4.attn.w_msa.relative_position_bias_table - torch.Size([169, 12]): 
Initialized by user-defined `init_weights` in SwinTransformer  

backbone.stages.2.blocks.4.attn.w_msa.qkv.weight - torch.Size([1152, 384]): 
Initialized by user-defined `init_weights` in SwinTransformer  

backbone.stages.2.blocks.4.attn.w_msa.qkv.bias - torch.Size([1152]): 
Initialized by user-defined `init_weights` in SwinTransformer  

backbone.stages.2.blocks.4.attn.w_msa.proj.weight - torch.Size([384, 384]): 
Initialized by user-defined `init_weights` in SwinTransformer  

backbone.stages.2.blocks.4.attn.w_msa.proj.bias - torch.Size([384]): 
Initialized by user-defined `init_weights` in SwinTransformer  

backbone.stages.2.blocks.4.norm2.weight - torch.Size([384]): 
Initialized by user-defined `init_weights` in SwinTransformer  

backbone.stages.2.blocks.4.norm2.bias - torch.Size([384]): 
Initialized by user-defined `init_weights` in SwinTransformer  

backbone.stages.2.blocks.4.ffn.layers.0.0.weight - torch.Size([1536, 384]): 
Initialized by user-defined `init_weights` in SwinTransformer  

backbone.stages.2.blocks.4.ffn.layers.0.0.bias - torch.Size([1536]): 
Initialized by user-defined `init_weights` in SwinTransformer  

backbone.stages.2.blocks.4.ffn.layers.1.weight - torch.Size([384, 1536]): 
Initialized by user-defined `init_weights` in SwinTransformer  

backbone.stages.2.blocks.4.ffn.layers.1.bias - torch.Size([384]): 
Initialized by user-defined `init_weights` in SwinTransformer  

backbone.stages.2.blocks.5.norm1.weight - torch.Size([384]): 
Initialized by user-defined `init_weights` in SwinTransformer  

backbone.stages.2.blocks.5.norm1.bias - torch.Size([384]): 
Initialized by user-defined `init_weights` in SwinTransformer  

backbone.stages.2.blocks.5.attn.w_msa.relative_position_bias_table - torch.Size([169, 12]): 
Initialized by user-defined `init_weights` in SwinTransformer  

backbone.stages.2.blocks.5.attn.w_msa.qkv.weight - torch.Size([1152, 384]): 
Initialized by user-defined `init_weights` in SwinTransformer  

backbone.stages.2.blocks.5.attn.w_msa.qkv.bias - torch.Size([1152]): 
Initialized by user-defined `init_weights` in SwinTransformer  

backbone.stages.2.blocks.5.attn.w_msa.proj.weight - torch.Size([384, 384]): 
Initialized by user-defined `init_weights` in SwinTransformer  

backbone.stages.2.blocks.5.attn.w_msa.proj.bias - torch.Size([384]): 
Initialized by user-defined `init_weights` in SwinTransformer  

backbone.stages.2.blocks.5.norm2.weight - torch.Size([384]): 
Initialized by user-defined `init_weights` in SwinTransformer  

backbone.stages.2.blocks.5.norm2.bias - torch.Size([384]): 
Initialized by user-defined `init_weights` in SwinTransformer  

backbone.stages.2.blocks.5.ffn.layers.0.0.weight - torch.Size([1536, 384]): 
Initialized by user-defined `init_weights` in SwinTransformer  

backbone.stages.2.blocks.5.ffn.layers.0.0.bias - torch.Size([1536]): 
Initialized by user-defined `init_weights` in SwinTransformer  

backbone.stages.2.blocks.5.ffn.layers.1.weight - torch.Size([384, 1536]): 
Initialized by user-defined `init_weights` in SwinTransformer  

backbone.stages.2.blocks.5.ffn.layers.1.bias - torch.Size([384]): 
Initialized by user-defined `init_weights` in SwinTransformer  

backbone.stages.2.downsample.norm.weight - torch.Size([1536]): 
Initialized by user-defined `init_weights` in SwinTransformer  

backbone.stages.2.downsample.norm.bias - torch.Size([1536]): 
Initialized by user-defined `init_weights` in SwinTransformer  

backbone.stages.2.downsample.reduction.weight - torch.Size([768, 1536]): 
Initialized by user-defined `init_weights` in SwinTransformer  

backbone.stages.3.blocks.0.norm1.weight - torch.Size([768]): 
Initialized by user-defined `init_weights` in SwinTransformer  

backbone.stages.3.blocks.0.norm1.bias - torch.Size([768]): 
Initialized by user-defined `init_weights` in SwinTransformer  

backbone.stages.3.blocks.0.attn.w_msa.relative_position_bias_table - torch.Size([169, 24]): 
Initialized by user-defined `init_weights` in SwinTransformer  

backbone.stages.3.blocks.0.attn.w_msa.qkv.weight - torch.Size([2304, 768]): 
Initialized by user-defined `init_weights` in SwinTransformer  

backbone.stages.3.blocks.0.attn.w_msa.qkv.bias - torch.Size([2304]): 
Initialized by user-defined `init_weights` in SwinTransformer  

backbone.stages.3.blocks.0.attn.w_msa.proj.weight - torch.Size([768, 768]): 
Initialized by user-defined `init_weights` in SwinTransformer  

backbone.stages.3.blocks.0.attn.w_msa.proj.bias - torch.Size([768]): 
Initialized by user-defined `init_weights` in SwinTransformer  

backbone.stages.3.blocks.0.norm2.weight - torch.Size([768]): 
Initialized by user-defined `init_weights` in SwinTransformer  

backbone.stages.3.blocks.0.norm2.bias - torch.Size([768]): 
Initialized by user-defined `init_weights` in SwinTransformer  

backbone.stages.3.blocks.0.ffn.layers.0.0.weight - torch.Size([3072, 768]): 
Initialized by user-defined `init_weights` in SwinTransformer  

backbone.stages.3.blocks.0.ffn.layers.0.0.bias - torch.Size([3072]): 
Initialized by user-defined `init_weights` in SwinTransformer  

backbone.stages.3.blocks.0.ffn.layers.1.weight - torch.Size([768, 3072]): 
Initialized by user-defined `init_weights` in SwinTransformer  

backbone.stages.3.blocks.0.ffn.layers.1.bias - torch.Size([768]): 
Initialized by user-defined `init_weights` in SwinTransformer  

backbone.stages.3.blocks.1.norm1.weight - torch.Size([768]): 
Initialized by user-defined `init_weights` in SwinTransformer  

backbone.stages.3.blocks.1.norm1.bias - torch.Size([768]): 
Initialized by user-defined `init_weights` in SwinTransformer  

backbone.stages.3.blocks.1.attn.w_msa.relative_position_bias_table - torch.Size([169, 24]): 
Initialized by user-defined `init_weights` in SwinTransformer  

backbone.stages.3.blocks.1.attn.w_msa.qkv.weight - torch.Size([2304, 768]): 
Initialized by user-defined `init_weights` in SwinTransformer  

backbone.stages.3.blocks.1.attn.w_msa.qkv.bias - torch.Size([2304]): 
Initialized by user-defined `init_weights` in SwinTransformer  

backbone.stages.3.blocks.1.attn.w_msa.proj.weight - torch.Size([768, 768]): 
Initialized by user-defined `init_weights` in SwinTransformer  

backbone.stages.3.blocks.1.attn.w_msa.proj.bias - torch.Size([768]): 
Initialized by user-defined `init_weights` in SwinTransformer  

backbone.stages.3.blocks.1.norm2.weight - torch.Size([768]): 
Initialized by user-defined `init_weights` in SwinTransformer  

backbone.stages.3.blocks.1.norm2.bias - torch.Size([768]): 
Initialized by user-defined `init_weights` in SwinTransformer  

backbone.stages.3.blocks.1.ffn.layers.0.0.weight - torch.Size([3072, 768]): 
Initialized by user-defined `init_weights` in SwinTransformer  

backbone.stages.3.blocks.1.ffn.layers.0.0.bias - torch.Size([3072]): 
Initialized by user-defined `init_weights` in SwinTransformer  

backbone.stages.3.blocks.1.ffn.layers.1.weight - torch.Size([768, 3072]): 
Initialized by user-defined `init_weights` in SwinTransformer  

backbone.stages.3.blocks.1.ffn.layers.1.bias - torch.Size([768]): 
Initialized by user-defined `init_weights` in SwinTransformer  

backbone.norm0.weight - torch.Size([96]): 
The value is the same before and after calling `init_weights` of EncoderDecoder  

backbone.norm0.bias - torch.Size([96]): 
The value is the same before and after calling `init_weights` of EncoderDecoder  

backbone.norm1.weight - torch.Size([192]): 
The value is the same before and after calling `init_weights` of EncoderDecoder  

backbone.norm1.bias - torch.Size([192]): 
The value is the same before and after calling `init_weights` of EncoderDecoder  

backbone.norm2.weight - torch.Size([384]): 
The value is the same before and after calling `init_weights` of EncoderDecoder  

backbone.norm2.bias - torch.Size([384]): 
The value is the same before and after calling `init_weights` of EncoderDecoder  

backbone.norm3.weight - torch.Size([768]): 
The value is the same before and after calling `init_weights` of EncoderDecoder  

backbone.norm3.bias - torch.Size([768]): 
The value is the same before and after calling `init_weights` of EncoderDecoder  

decode_head.pixel_decoder.input_convs.0.conv.weight - torch.Size([256, 768, 1, 1]): 
Initialized by user-defined `init_weights` in Mask2FormerHead  

decode_head.pixel_decoder.input_convs.0.conv.bias - torch.Size([256]): 
The value is the same before and after calling `init_weights` of EncoderDecoder  

decode_head.pixel_decoder.input_convs.0.gn.weight - torch.Size([256]): 
The value is the same before and after calling `init_weights` of EncoderDecoder  

decode_head.pixel_decoder.input_convs.0.gn.bias - torch.Size([256]): 
The value is the same before and after calling `init_weights` of EncoderDecoder  

decode_head.pixel_decoder.input_convs.1.conv.weight - torch.Size([256, 384, 1, 1]): 
Initialized by user-defined `init_weights` in Mask2FormerHead  

decode_head.pixel_decoder.input_convs.1.conv.bias - torch.Size([256]): 
The value is the same before and after calling `init_weights` of EncoderDecoder  

decode_head.pixel_decoder.input_convs.1.gn.weight - torch.Size([256]): 
The value is the same before and after calling `init_weights` of EncoderDecoder  

decode_head.pixel_decoder.input_convs.1.gn.bias - torch.Size([256]): 
The value is the same before and after calling `init_weights` of EncoderDecoder  

decode_head.pixel_decoder.input_convs.2.conv.weight - torch.Size([256, 192, 1, 1]): 
Initialized by user-defined `init_weights` in Mask2FormerHead  

decode_head.pixel_decoder.input_convs.2.conv.bias - torch.Size([256]): 
The value is the same before and after calling `init_weights` of EncoderDecoder  

decode_head.pixel_decoder.input_convs.2.gn.weight - torch.Size([256]): 
The value is the same before and after calling `init_weights` of EncoderDecoder  

decode_head.pixel_decoder.input_convs.2.gn.bias - torch.Size([256]): 
The value is the same before and after calling `init_weights` of EncoderDecoder  

decode_head.pixel_decoder.encoder.layers.0.self_attn.sampling_offsets.weight - torch.Size([192, 256]): 
The value is the same before and after calling `init_weights` of EncoderDecoder  

decode_head.pixel_decoder.encoder.layers.0.self_attn.sampling_offsets.bias - torch.Size([192]): 
Initialized by user-defined `init_weights` in Mask2FormerHead  

decode_head.pixel_decoder.encoder.layers.0.self_attn.attention_weights.weight - torch.Size([96, 256]): 
The value is the same before and after calling `init_weights` of EncoderDecoder  

decode_head.pixel_decoder.encoder.layers.0.self_attn.attention_weights.bias - torch.Size([96]): 
The value is the same before and after calling `init_weights` of EncoderDecoder  

decode_head.pixel_decoder.encoder.layers.0.self_attn.value_proj.weight - torch.Size([256, 256]): 
Initialized by user-defined `init_weights` in Mask2FormerHead  

decode_head.pixel_decoder.encoder.layers.0.self_attn.value_proj.bias - torch.Size([256]): 
The value is the same before and after calling `init_weights` of EncoderDecoder  

decode_head.pixel_decoder.encoder.layers.0.self_attn.output_proj.weight - torch.Size([256, 256]): 
Initialized by user-defined `init_weights` in Mask2FormerHead  

decode_head.pixel_decoder.encoder.layers.0.self_attn.output_proj.bias - torch.Size([256]): 
The value is the same before and after calling `init_weights` of EncoderDecoder  

decode_head.pixel_decoder.encoder.layers.0.ffn.layers.0.0.weight - torch.Size([1024, 256]): 
Initialized by user-defined `init_weights` in Mask2FormerHead  

decode_head.pixel_decoder.encoder.layers.0.ffn.layers.0.0.bias - torch.Size([1024]): 
The value is the same before and after calling `init_weights` of EncoderDecoder  

decode_head.pixel_decoder.encoder.layers.0.ffn.layers.1.weight - torch.Size([256, 1024]): 
Initialized by user-defined `init_weights` in Mask2FormerHead  

decode_head.pixel_decoder.encoder.layers.0.ffn.layers.1.bias - torch.Size([256]): 
The value is the same before and after calling `init_weights` of EncoderDecoder  

decode_head.pixel_decoder.encoder.layers.0.norms.0.weight - torch.Size([256]): 
The value is the same before and after calling `init_weights` of EncoderDecoder  

decode_head.pixel_decoder.encoder.layers.0.norms.0.bias - torch.Size([256]): 
The value is the same before and after calling `init_weights` of EncoderDecoder  

decode_head.pixel_decoder.encoder.layers.0.norms.1.weight - torch.Size([256]): 
The value is the same before and after calling `init_weights` of EncoderDecoder  

decode_head.pixel_decoder.encoder.layers.0.norms.1.bias - torch.Size([256]): 
The value is the same before and after calling `init_weights` of EncoderDecoder  

decode_head.pixel_decoder.encoder.layers.1.self_attn.sampling_offsets.weight - torch.Size([192, 256]): 
The value is the same before and after calling `init_weights` of EncoderDecoder  

decode_head.pixel_decoder.encoder.layers.1.self_attn.sampling_offsets.bias - torch.Size([192]): 
Initialized by user-defined `init_weights` in Mask2FormerHead  

decode_head.pixel_decoder.encoder.layers.1.self_attn.attention_weights.weight - torch.Size([96, 256]): 
The value is the same before and after calling `init_weights` of EncoderDecoder  

decode_head.pixel_decoder.encoder.layers.1.self_attn.attention_weights.bias - torch.Size([96]): 
The value is the same before and after calling `init_weights` of EncoderDecoder  

decode_head.pixel_decoder.encoder.layers.1.self_attn.value_proj.weight - torch.Size([256, 256]): 
Initialized by user-defined `init_weights` in Mask2FormerHead  

decode_head.pixel_decoder.encoder.layers.1.self_attn.value_proj.bias - torch.Size([256]): 
The value is the same before and after calling `init_weights` of EncoderDecoder  

decode_head.pixel_decoder.encoder.layers.1.self_attn.output_proj.weight - torch.Size([256, 256]): 
Initialized by user-defined `init_weights` in Mask2FormerHead  

decode_head.pixel_decoder.encoder.layers.1.self_attn.output_proj.bias - torch.Size([256]): 
The value is the same before and after calling `init_weights` of EncoderDecoder  

decode_head.pixel_decoder.encoder.layers.1.ffn.layers.0.0.weight - torch.Size([1024, 256]): 
Initialized by user-defined `init_weights` in Mask2FormerHead  

decode_head.pixel_decoder.encoder.layers.1.ffn.layers.0.0.bias - torch.Size([1024]): 
The value is the same before and after calling `init_weights` of EncoderDecoder  

decode_head.pixel_decoder.encoder.layers.1.ffn.layers.1.weight - torch.Size([256, 1024]): 
Initialized by user-defined `init_weights` in Mask2FormerHead  

decode_head.pixel_decoder.encoder.layers.1.ffn.layers.1.bias - torch.Size([256]): 
The value is the same before and after calling `init_weights` of EncoderDecoder  

decode_head.pixel_decoder.encoder.layers.1.norms.0.weight - torch.Size([256]): 
The value is the same before and after calling `init_weights` of EncoderDecoder  

decode_head.pixel_decoder.encoder.layers.1.norms.0.bias - torch.Size([256]): 
The value is the same before and after calling `init_weights` of EncoderDecoder  

decode_head.pixel_decoder.encoder.layers.1.norms.1.weight - torch.Size([256]): 
The value is the same before and after calling `init_weights` of EncoderDecoder  

decode_head.pixel_decoder.encoder.layers.1.norms.1.bias - torch.Size([256]): 
The value is the same before and after calling `init_weights` of EncoderDecoder  

decode_head.pixel_decoder.encoder.layers.2.self_attn.sampling_offsets.weight - torch.Size([192, 256]): 
The value is the same before and after calling `init_weights` of EncoderDecoder  

decode_head.pixel_decoder.encoder.layers.2.self_attn.sampling_offsets.bias - torch.Size([192]): 
Initialized by user-defined `init_weights` in Mask2FormerHead  

decode_head.pixel_decoder.encoder.layers.2.self_attn.attention_weights.weight - torch.Size([96, 256]): 
The value is the same before and after calling `init_weights` of EncoderDecoder  

decode_head.pixel_decoder.encoder.layers.2.self_attn.attention_weights.bias - torch.Size([96]): 
The value is the same before and after calling `init_weights` of EncoderDecoder  

decode_head.pixel_decoder.encoder.layers.2.self_attn.value_proj.weight - torch.Size([256, 256]): 
Initialized by user-defined `init_weights` in Mask2FormerHead  

decode_head.pixel_decoder.encoder.layers.2.self_attn.value_proj.bias - torch.Size([256]): 
The value is the same before and after calling `init_weights` of EncoderDecoder  

decode_head.pixel_decoder.encoder.layers.2.self_attn.output_proj.weight - torch.Size([256, 256]): 
Initialized by user-defined `init_weights` in Mask2FormerHead  

decode_head.pixel_decoder.encoder.layers.2.self_attn.output_proj.bias - torch.Size([256]): 
The value is the same before and after calling `init_weights` of EncoderDecoder  

decode_head.pixel_decoder.encoder.layers.2.ffn.layers.0.0.weight - torch.Size([1024, 256]): 
Initialized by user-defined `init_weights` in Mask2FormerHead  

decode_head.pixel_decoder.encoder.layers.2.ffn.layers.0.0.bias - torch.Size([1024]): 
The value is the same before and after calling `init_weights` of EncoderDecoder  

decode_head.pixel_decoder.encoder.layers.2.ffn.layers.1.weight - torch.Size([256, 1024]): 
Initialized by user-defined `init_weights` in Mask2FormerHead  

decode_head.pixel_decoder.encoder.layers.2.ffn.layers.1.bias - torch.Size([256]): 
The value is the same before and after calling `init_weights` of EncoderDecoder  

decode_head.pixel_decoder.encoder.layers.2.norms.0.weight - torch.Size([256]): 
The value is the same before and after calling `init_weights` of EncoderDecoder  

decode_head.pixel_decoder.encoder.layers.2.norms.0.bias - torch.Size([256]): 
The value is the same before and after calling `init_weights` of EncoderDecoder  

decode_head.pixel_decoder.encoder.layers.2.norms.1.weight - torch.Size([256]): 
The value is the same before and after calling `init_weights` of EncoderDecoder  

decode_head.pixel_decoder.encoder.layers.2.norms.1.bias - torch.Size([256]): 
The value is the same before and after calling `init_weights` of EncoderDecoder  

decode_head.pixel_decoder.encoder.layers.3.self_attn.sampling_offsets.weight - torch.Size([192, 256]): 
The value is the same before and after calling `init_weights` of EncoderDecoder  

decode_head.pixel_decoder.encoder.layers.3.self_attn.sampling_offsets.bias - torch.Size([192]): 
Initialized by user-defined `init_weights` in Mask2FormerHead  

decode_head.pixel_decoder.encoder.layers.3.self_attn.attention_weights.weight - torch.Size([96, 256]): 
The value is the same before and after calling `init_weights` of EncoderDecoder  

decode_head.pixel_decoder.encoder.layers.3.self_attn.attention_weights.bias - torch.Size([96]): 
The value is the same before and after calling `init_weights` of EncoderDecoder  

decode_head.pixel_decoder.encoder.layers.3.self_attn.value_proj.weight - torch.Size([256, 256]): 
Initialized by user-defined `init_weights` in Mask2FormerHead  

decode_head.pixel_decoder.encoder.layers.3.self_attn.value_proj.bias - torch.Size([256]): 
The value is the same before and after calling `init_weights` of EncoderDecoder  

decode_head.pixel_decoder.encoder.layers.3.self_attn.output_proj.weight - torch.Size([256, 256]): 
Initialized by user-defined `init_weights` in Mask2FormerHead  

decode_head.pixel_decoder.encoder.layers.3.self_attn.output_proj.bias - torch.Size([256]): 
The value is the same before and after calling `init_weights` of EncoderDecoder  

decode_head.pixel_decoder.encoder.layers.3.ffn.layers.0.0.weight - torch.Size([1024, 256]): 
Initialized by user-defined `init_weights` in Mask2FormerHead  

decode_head.pixel_decoder.encoder.layers.3.ffn.layers.0.0.bias - torch.Size([1024]): 
The value is the same before and after calling `init_weights` of EncoderDecoder  

decode_head.pixel_decoder.encoder.layers.3.ffn.layers.1.weight - torch.Size([256, 1024]): 
Initialized by user-defined `init_weights` in Mask2FormerHead  

decode_head.pixel_decoder.encoder.layers.3.ffn.layers.1.bias - torch.Size([256]): 
The value is the same before and after calling `init_weights` of EncoderDecoder  

decode_head.pixel_decoder.encoder.layers.3.norms.0.weight - torch.Size([256]): 
The value is the same before and after calling `init_weights` of EncoderDecoder  

decode_head.pixel_decoder.encoder.layers.3.norms.0.bias - torch.Size([256]): 
The value is the same before and after calling `init_weights` of EncoderDecoder  

decode_head.pixel_decoder.encoder.layers.3.norms.1.weight - torch.Size([256]): 
The value is the same before and after calling `init_weights` of EncoderDecoder  

decode_head.pixel_decoder.encoder.layers.3.norms.1.bias - torch.Size([256]): 
The value is the same before and after calling `init_weights` of EncoderDecoder  

decode_head.pixel_decoder.encoder.layers.4.self_attn.sampling_offsets.weight - torch.Size([192, 256]): 
The value is the same before and after calling `init_weights` of EncoderDecoder  

decode_head.pixel_decoder.encoder.layers.4.self_attn.sampling_offsets.bias - torch.Size([192]): 
Initialized by user-defined `init_weights` in Mask2FormerHead  

decode_head.pixel_decoder.encoder.layers.4.self_attn.attention_weights.weight - torch.Size([96, 256]): 
The value is the same before and after calling `init_weights` of EncoderDecoder  

decode_head.pixel_decoder.encoder.layers.4.self_attn.attention_weights.bias - torch.Size([96]): 
The value is the same before and after calling `init_weights` of EncoderDecoder  

decode_head.pixel_decoder.encoder.layers.4.self_attn.value_proj.weight - torch.Size([256, 256]): 
Initialized by user-defined `init_weights` in Mask2FormerHead  

decode_head.pixel_decoder.encoder.layers.4.self_attn.value_proj.bias - torch.Size([256]): 
The value is the same before and after calling `init_weights` of EncoderDecoder  

decode_head.pixel_decoder.encoder.layers.4.self_attn.output_proj.weight - torch.Size([256, 256]): 
Initialized by user-defined `init_weights` in Mask2FormerHead  

decode_head.pixel_decoder.encoder.layers.4.self_attn.output_proj.bias - torch.Size([256]): 
The value is the same before and after calling `init_weights` of EncoderDecoder  

decode_head.pixel_decoder.encoder.layers.4.ffn.layers.0.0.weight - torch.Size([1024, 256]): 
Initialized by user-defined `init_weights` in Mask2FormerHead  

decode_head.pixel_decoder.encoder.layers.4.ffn.layers.0.0.bias - torch.Size([1024]): 
The value is the same before and after calling `init_weights` of EncoderDecoder  

decode_head.pixel_decoder.encoder.layers.4.ffn.layers.1.weight - torch.Size([256, 1024]): 
Initialized by user-defined `init_weights` in Mask2FormerHead  

decode_head.pixel_decoder.encoder.layers.4.ffn.layers.1.bias - torch.Size([256]): 
The value is the same before and after calling `init_weights` of EncoderDecoder  

decode_head.pixel_decoder.encoder.layers.4.norms.0.weight - torch.Size([256]): 
The value is the same before and after calling `init_weights` of EncoderDecoder  

decode_head.pixel_decoder.encoder.layers.4.norms.0.bias - torch.Size([256]): 
The value is the same before and after calling `init_weights` of EncoderDecoder  

decode_head.pixel_decoder.encoder.layers.4.norms.1.weight - torch.Size([256]): 
The value is the same before and after calling `init_weights` of EncoderDecoder  

decode_head.pixel_decoder.encoder.layers.4.norms.1.bias - torch.Size([256]): 
The value is the same before and after calling `init_weights` of EncoderDecoder  

decode_head.pixel_decoder.encoder.layers.5.self_attn.sampling_offsets.weight - torch.Size([192, 256]): 
The value is the same before and after calling `init_weights` of EncoderDecoder  

decode_head.pixel_decoder.encoder.layers.5.self_attn.sampling_offsets.bias - torch.Size([192]): 
Initialized by user-defined `init_weights` in Mask2FormerHead  

decode_head.pixel_decoder.encoder.layers.5.self_attn.attention_weights.weight - torch.Size([96, 256]): 
The value is the same before and after calling `init_weights` of EncoderDecoder  

decode_head.pixel_decoder.encoder.layers.5.self_attn.attention_weights.bias - torch.Size([96]): 
The value is the same before and after calling `init_weights` of EncoderDecoder  

decode_head.pixel_decoder.encoder.layers.5.self_attn.value_proj.weight - torch.Size([256, 256]): 
Initialized by user-defined `init_weights` in Mask2FormerHead  

decode_head.pixel_decoder.encoder.layers.5.self_attn.value_proj.bias - torch.Size([256]): 
The value is the same before and after calling `init_weights` of EncoderDecoder  

decode_head.pixel_decoder.encoder.layers.5.self_attn.output_proj.weight - torch.Size([256, 256]): 
Initialized by user-defined `init_weights` in Mask2FormerHead  

decode_head.pixel_decoder.encoder.layers.5.self_attn.output_proj.bias - torch.Size([256]): 
The value is the same before and after calling `init_weights` of EncoderDecoder  

decode_head.pixel_decoder.encoder.layers.5.ffn.layers.0.0.weight - torch.Size([1024, 256]): 
Initialized by user-defined `init_weights` in Mask2FormerHead  

decode_head.pixel_decoder.encoder.layers.5.ffn.layers.0.0.bias - torch.Size([1024]): 
The value is the same before and after calling `init_weights` of EncoderDecoder  

decode_head.pixel_decoder.encoder.layers.5.ffn.layers.1.weight - torch.Size([256, 1024]): 
Initialized by user-defined `init_weights` in Mask2FormerHead  

decode_head.pixel_decoder.encoder.layers.5.ffn.layers.1.bias - torch.Size([256]): 
The value is the same before and after calling `init_weights` of EncoderDecoder  

decode_head.pixel_decoder.encoder.layers.5.norms.0.weight - torch.Size([256]): 
The value is the same before and after calling `init_weights` of EncoderDecoder  

decode_head.pixel_decoder.encoder.layers.5.norms.0.bias - torch.Size([256]): 
The value is the same before and after calling `init_weights` of EncoderDecoder  

decode_head.pixel_decoder.encoder.layers.5.norms.1.weight - torch.Size([256]): 
The value is the same before and after calling `init_weights` of EncoderDecoder  

decode_head.pixel_decoder.encoder.layers.5.norms.1.bias - torch.Size([256]): 
The value is the same before and after calling `init_weights` of EncoderDecoder  

decode_head.pixel_decoder.level_encoding.weight - torch.Size([3, 256]): 
Initialized by user-defined `init_weights` in Mask2FormerHead  

decode_head.pixel_decoder.lateral_convs.0.conv.weight - torch.Size([256, 96, 1, 1]): 
Initialized by user-defined `init_weights` in Mask2FormerHead  

decode_head.pixel_decoder.lateral_convs.0.gn.weight - torch.Size([256]): 
The value is the same before and after calling `init_weights` of EncoderDecoder  

decode_head.pixel_decoder.lateral_convs.0.gn.bias - torch.Size([256]): 
The value is the same before and after calling `init_weights` of EncoderDecoder  

decode_head.pixel_decoder.output_convs.0.conv.weight - torch.Size([256, 256, 3, 3]): 
Initialized by user-defined `init_weights` in Mask2FormerHead  

decode_head.pixel_decoder.output_convs.0.gn.weight - torch.Size([256]): 
The value is the same before and after calling `init_weights` of EncoderDecoder  

decode_head.pixel_decoder.output_convs.0.gn.bias - torch.Size([256]): 
The value is the same before and after calling `init_weights` of EncoderDecoder  

decode_head.pixel_decoder.mask_feature.weight - torch.Size([256, 256, 1, 1]): 
Initialized by user-defined `init_weights` in Mask2FormerHead  

decode_head.pixel_decoder.mask_feature.bias - torch.Size([256]): 
Initialized by user-defined `init_weights` in Mask2FormerHead  

decode_head.transformer_decoder.layers.0.self_attn.attn.in_proj_weight - torch.Size([768, 256]): 
Initialized by user-defined `init_weights` in Mask2FormerHead  

decode_head.transformer_decoder.layers.0.self_attn.attn.in_proj_bias - torch.Size([768]): 
The value is the same before and after calling `init_weights` of EncoderDecoder  

decode_head.transformer_decoder.layers.0.self_attn.attn.out_proj.weight - torch.Size([256, 256]): 
Initialized by user-defined `init_weights` in Mask2FormerHead  

decode_head.transformer_decoder.layers.0.self_attn.attn.out_proj.bias - torch.Size([256]): 
The value is the same before and after calling `init_weights` of EncoderDecoder  

decode_head.transformer_decoder.layers.0.cross_attn.attn.in_proj_weight - torch.Size([768, 256]): 
Initialized by user-defined `init_weights` in Mask2FormerHead  

decode_head.transformer_decoder.layers.0.cross_attn.attn.in_proj_bias - torch.Size([768]): 
The value is the same before and after calling `init_weights` of EncoderDecoder  

decode_head.transformer_decoder.layers.0.cross_attn.attn.out_proj.weight - torch.Size([256, 256]): 
Initialized by user-defined `init_weights` in Mask2FormerHead  

decode_head.transformer_decoder.layers.0.cross_attn.attn.out_proj.bias - torch.Size([256]): 
The value is the same before and after calling `init_weights` of EncoderDecoder  

decode_head.transformer_decoder.layers.0.ffn.layers.0.0.weight - torch.Size([2048, 256]): 
Initialized by user-defined `init_weights` in Mask2FormerHead  

decode_head.transformer_decoder.layers.0.ffn.layers.0.0.bias - torch.Size([2048]): 
The value is the same before and after calling `init_weights` of EncoderDecoder  

decode_head.transformer_decoder.layers.0.ffn.layers.1.weight - torch.Size([256, 2048]): 
Initialized by user-defined `init_weights` in Mask2FormerHead  

decode_head.transformer_decoder.layers.0.ffn.layers.1.bias - torch.Size([256]): 
The value is the same before and after calling `init_weights` of EncoderDecoder  

decode_head.transformer_decoder.layers.0.norms.0.weight - torch.Size([256]): 
The value is the same before and after calling `init_weights` of EncoderDecoder  

decode_head.transformer_decoder.layers.0.norms.0.bias - torch.Size([256]): 
The value is the same before and after calling `init_weights` of EncoderDecoder  

decode_head.transformer_decoder.layers.0.norms.1.weight - torch.Size([256]): 
The value is the same before and after calling `init_weights` of EncoderDecoder  

decode_head.transformer_decoder.layers.0.norms.1.bias - torch.Size([256]): 
The value is the same before and after calling `init_weights` of EncoderDecoder  

decode_head.transformer_decoder.layers.0.norms.2.weight - torch.Size([256]): 
The value is the same before and after calling `init_weights` of EncoderDecoder  

decode_head.transformer_decoder.layers.0.norms.2.bias - torch.Size([256]): 
The value is the same before and after calling `init_weights` of EncoderDecoder  

decode_head.transformer_decoder.layers.1.self_attn.attn.in_proj_weight - torch.Size([768, 256]): 
Initialized by user-defined `init_weights` in Mask2FormerHead  

decode_head.transformer_decoder.layers.1.self_attn.attn.in_proj_bias - torch.Size([768]): 
The value is the same before and after calling `init_weights` of EncoderDecoder  

decode_head.transformer_decoder.layers.1.self_attn.attn.out_proj.weight - torch.Size([256, 256]): 
Initialized by user-defined `init_weights` in Mask2FormerHead  

decode_head.transformer_decoder.layers.1.self_attn.attn.out_proj.bias - torch.Size([256]): 
The value is the same before and after calling `init_weights` of EncoderDecoder  

decode_head.transformer_decoder.layers.1.cross_attn.attn.in_proj_weight - torch.Size([768, 256]): 
Initialized by user-defined `init_weights` in Mask2FormerHead  

decode_head.transformer_decoder.layers.1.cross_attn.attn.in_proj_bias - torch.Size([768]): 
The value is the same before and after calling `init_weights` of EncoderDecoder  

decode_head.transformer_decoder.layers.1.cross_attn.attn.out_proj.weight - torch.Size([256, 256]): 
Initialized by user-defined `init_weights` in Mask2FormerHead  

decode_head.transformer_decoder.layers.1.cross_attn.attn.out_proj.bias - torch.Size([256]): 
The value is the same before and after calling `init_weights` of EncoderDecoder  

decode_head.transformer_decoder.layers.1.ffn.layers.0.0.weight - torch.Size([2048, 256]): 
Initialized by user-defined `init_weights` in Mask2FormerHead  

decode_head.transformer_decoder.layers.1.ffn.layers.0.0.bias - torch.Size([2048]): 
The value is the same before and after calling `init_weights` of EncoderDecoder  

decode_head.transformer_decoder.layers.1.ffn.layers.1.weight - torch.Size([256, 2048]): 
Initialized by user-defined `init_weights` in Mask2FormerHead  

decode_head.transformer_decoder.layers.1.ffn.layers.1.bias - torch.Size([256]): 
The value is the same before and after calling `init_weights` of EncoderDecoder  

decode_head.transformer_decoder.layers.1.norms.0.weight - torch.Size([256]): 
The value is the same before and after calling `init_weights` of EncoderDecoder  

decode_head.transformer_decoder.layers.1.norms.0.bias - torch.Size([256]): 
The value is the same before and after calling `init_weights` of EncoderDecoder  

decode_head.transformer_decoder.layers.1.norms.1.weight - torch.Size([256]): 
The value is the same before and after calling `init_weights` of EncoderDecoder  

decode_head.transformer_decoder.layers.1.norms.1.bias - torch.Size([256]): 
The value is the same before and after calling `init_weights` of EncoderDecoder  

decode_head.transformer_decoder.layers.1.norms.2.weight - torch.Size([256]): 
The value is the same before and after calling `init_weights` of EncoderDecoder  

decode_head.transformer_decoder.layers.1.norms.2.bias - torch.Size([256]): 
The value is the same before and after calling `init_weights` of EncoderDecoder  

decode_head.transformer_decoder.layers.2.self_attn.attn.in_proj_weight - torch.Size([768, 256]): 
Initialized by user-defined `init_weights` in Mask2FormerHead  

decode_head.transformer_decoder.layers.2.self_attn.attn.in_proj_bias - torch.Size([768]): 
The value is the same before and after calling `init_weights` of EncoderDecoder  

decode_head.transformer_decoder.layers.2.self_attn.attn.out_proj.weight - torch.Size([256, 256]): 
Initialized by user-defined `init_weights` in Mask2FormerHead  

decode_head.transformer_decoder.layers.2.self_attn.attn.out_proj.bias - torch.Size([256]): 
The value is the same before and after calling `init_weights` of EncoderDecoder  

decode_head.transformer_decoder.layers.2.cross_attn.attn.in_proj_weight - torch.Size([768, 256]): 
Initialized by user-defined `init_weights` in Mask2FormerHead  

decode_head.transformer_decoder.layers.2.cross_attn.attn.in_proj_bias - torch.Size([768]): 
The value is the same before and after calling `init_weights` of EncoderDecoder  

decode_head.transformer_decoder.layers.2.cross_attn.attn.out_proj.weight - torch.Size([256, 256]): 
Initialized by user-defined `init_weights` in Mask2FormerHead  

decode_head.transformer_decoder.layers.2.cross_attn.attn.out_proj.bias - torch.Size([256]): 
The value is the same before and after calling `init_weights` of EncoderDecoder  

decode_head.transformer_decoder.layers.2.ffn.layers.0.0.weight - torch.Size([2048, 256]): 
Initialized by user-defined `init_weights` in Mask2FormerHead  

decode_head.transformer_decoder.layers.2.ffn.layers.0.0.bias - torch.Size([2048]): 
The value is the same before and after calling `init_weights` of EncoderDecoder  

decode_head.transformer_decoder.layers.2.ffn.layers.1.weight - torch.Size([256, 2048]): 
Initialized by user-defined `init_weights` in Mask2FormerHead  

decode_head.transformer_decoder.layers.2.ffn.layers.1.bias - torch.Size([256]): 
The value is the same before and after calling `init_weights` of EncoderDecoder  

decode_head.transformer_decoder.layers.2.norms.0.weight - torch.Size([256]): 
The value is the same before and after calling `init_weights` of EncoderDecoder  

decode_head.transformer_decoder.layers.2.norms.0.bias - torch.Size([256]): 
The value is the same before and after calling `init_weights` of EncoderDecoder  

decode_head.transformer_decoder.layers.2.norms.1.weight - torch.Size([256]): 
The value is the same before and after calling `init_weights` of EncoderDecoder  

decode_head.transformer_decoder.layers.2.norms.1.bias - torch.Size([256]): 
The value is the same before and after calling `init_weights` of EncoderDecoder  

decode_head.transformer_decoder.layers.2.norms.2.weight - torch.Size([256]): 
The value is the same before and after calling `init_weights` of EncoderDecoder  

decode_head.transformer_decoder.layers.2.norms.2.bias - torch.Size([256]): 
The value is the same before and after calling `init_weights` of EncoderDecoder  

decode_head.transformer_decoder.layers.3.self_attn.attn.in_proj_weight - torch.Size([768, 256]): 
Initialized by user-defined `init_weights` in Mask2FormerHead  

decode_head.transformer_decoder.layers.3.self_attn.attn.in_proj_bias - torch.Size([768]): 
The value is the same before and after calling `init_weights` of EncoderDecoder  

decode_head.transformer_decoder.layers.3.self_attn.attn.out_proj.weight - torch.Size([256, 256]): 
Initialized by user-defined `init_weights` in Mask2FormerHead  

decode_head.transformer_decoder.layers.3.self_attn.attn.out_proj.bias - torch.Size([256]): 
The value is the same before and after calling `init_weights` of EncoderDecoder  

decode_head.transformer_decoder.layers.3.cross_attn.attn.in_proj_weight - torch.Size([768, 256]): 
Initialized by user-defined `init_weights` in Mask2FormerHead  

decode_head.transformer_decoder.layers.3.cross_attn.attn.in_proj_bias - torch.Size([768]): 
The value is the same before and after calling `init_weights` of EncoderDecoder  

decode_head.transformer_decoder.layers.3.cross_attn.attn.out_proj.weight - torch.Size([256, 256]): 
Initialized by user-defined `init_weights` in Mask2FormerHead  

decode_head.transformer_decoder.layers.3.cross_attn.attn.out_proj.bias - torch.Size([256]): 
The value is the same before and after calling `init_weights` of EncoderDecoder  

decode_head.transformer_decoder.layers.3.ffn.layers.0.0.weight - torch.Size([2048, 256]): 
Initialized by user-defined `init_weights` in Mask2FormerHead  

decode_head.transformer_decoder.layers.3.ffn.layers.0.0.bias - torch.Size([2048]): 
The value is the same before and after calling `init_weights` of EncoderDecoder  

decode_head.transformer_decoder.layers.3.ffn.layers.1.weight - torch.Size([256, 2048]): 
Initialized by user-defined `init_weights` in Mask2FormerHead  

decode_head.transformer_decoder.layers.3.ffn.layers.1.bias - torch.Size([256]): 
The value is the same before and after calling `init_weights` of EncoderDecoder  

decode_head.transformer_decoder.layers.3.norms.0.weight - torch.Size([256]): 
The value is the same before and after calling `init_weights` of EncoderDecoder  

decode_head.transformer_decoder.layers.3.norms.0.bias - torch.Size([256]): 
The value is the same before and after calling `init_weights` of EncoderDecoder  

decode_head.transformer_decoder.layers.3.norms.1.weight - torch.Size([256]): 
The value is the same before and after calling `init_weights` of EncoderDecoder  

decode_head.transformer_decoder.layers.3.norms.1.bias - torch.Size([256]): 
The value is the same before and after calling `init_weights` of EncoderDecoder  

decode_head.transformer_decoder.layers.3.norms.2.weight - torch.Size([256]): 
The value is the same before and after calling `init_weights` of EncoderDecoder  

decode_head.transformer_decoder.layers.3.norms.2.bias - torch.Size([256]): 
The value is the same before and after calling `init_weights` of EncoderDecoder  

decode_head.transformer_decoder.layers.4.self_attn.attn.in_proj_weight - torch.Size([768, 256]): 
Initialized by user-defined `init_weights` in Mask2FormerHead  

decode_head.transformer_decoder.layers.4.self_attn.attn.in_proj_bias - torch.Size([768]): 
The value is the same before and after calling `init_weights` of EncoderDecoder  

decode_head.transformer_decoder.layers.4.self_attn.attn.out_proj.weight - torch.Size([256, 256]): 
Initialized by user-defined `init_weights` in Mask2FormerHead  

decode_head.transformer_decoder.layers.4.self_attn.attn.out_proj.bias - torch.Size([256]): 
The value is the same before and after calling `init_weights` of EncoderDecoder  

decode_head.transformer_decoder.layers.4.cross_attn.attn.in_proj_weight - torch.Size([768, 256]): 
Initialized by user-defined `init_weights` in Mask2FormerHead  

decode_head.transformer_decoder.layers.4.cross_attn.attn.in_proj_bias - torch.Size([768]): 
The value is the same before and after calling `init_weights` of EncoderDecoder  

decode_head.transformer_decoder.layers.4.cross_attn.attn.out_proj.weight - torch.Size([256, 256]): 
Initialized by user-defined `init_weights` in Mask2FormerHead  

decode_head.transformer_decoder.layers.4.cross_attn.attn.out_proj.bias - torch.Size([256]): 
The value is the same before and after calling `init_weights` of EncoderDecoder  

decode_head.transformer_decoder.layers.4.ffn.layers.0.0.weight - torch.Size([2048, 256]): 
Initialized by user-defined `init_weights` in Mask2FormerHead  

decode_head.transformer_decoder.layers.4.ffn.layers.0.0.bias - torch.Size([2048]): 
The value is the same before and after calling `init_weights` of EncoderDecoder  

decode_head.transformer_decoder.layers.4.ffn.layers.1.weight - torch.Size([256, 2048]): 
Initialized by user-defined `init_weights` in Mask2FormerHead  

decode_head.transformer_decoder.layers.4.ffn.layers.1.bias - torch.Size([256]): 
The value is the same before and after calling `init_weights` of EncoderDecoder  

decode_head.transformer_decoder.layers.4.norms.0.weight - torch.Size([256]): 
The value is the same before and after calling `init_weights` of EncoderDecoder  

decode_head.transformer_decoder.layers.4.norms.0.bias - torch.Size([256]): 
The value is the same before and after calling `init_weights` of EncoderDecoder  

decode_head.transformer_decoder.layers.4.norms.1.weight - torch.Size([256]): 
The value is the same before and after calling `init_weights` of EncoderDecoder  

decode_head.transformer_decoder.layers.4.norms.1.bias - torch.Size([256]): 
The value is the same before and after calling `init_weights` of EncoderDecoder  

decode_head.transformer_decoder.layers.4.norms.2.weight - torch.Size([256]): 
The value is the same before and after calling `init_weights` of EncoderDecoder  

decode_head.transformer_decoder.layers.4.norms.2.bias - torch.Size([256]): 
The value is the same before and after calling `init_weights` of EncoderDecoder  

decode_head.transformer_decoder.layers.5.self_attn.attn.in_proj_weight - torch.Size([768, 256]): 
Initialized by user-defined `init_weights` in Mask2FormerHead  

decode_head.transformer_decoder.layers.5.self_attn.attn.in_proj_bias - torch.Size([768]): 
The value is the same before and after calling `init_weights` of EncoderDecoder  

decode_head.transformer_decoder.layers.5.self_attn.attn.out_proj.weight - torch.Size([256, 256]): 
Initialized by user-defined `init_weights` in Mask2FormerHead  

decode_head.transformer_decoder.layers.5.self_attn.attn.out_proj.bias - torch.Size([256]): 
The value is the same before and after calling `init_weights` of EncoderDecoder  

decode_head.transformer_decoder.layers.5.cross_attn.attn.in_proj_weight - torch.Size([768, 256]): 
Initialized by user-defined `init_weights` in Mask2FormerHead  

decode_head.transformer_decoder.layers.5.cross_attn.attn.in_proj_bias - torch.Size([768]): 
The value is the same before and after calling `init_weights` of EncoderDecoder  

decode_head.transformer_decoder.layers.5.cross_attn.attn.out_proj.weight - torch.Size([256, 256]): 
Initialized by user-defined `init_weights` in Mask2FormerHead  

decode_head.transformer_decoder.layers.5.cross_attn.attn.out_proj.bias - torch.Size([256]): 
The value is the same before and after calling `init_weights` of EncoderDecoder  

decode_head.transformer_decoder.layers.5.ffn.layers.0.0.weight - torch.Size([2048, 256]): 
Initialized by user-defined `init_weights` in Mask2FormerHead  

decode_head.transformer_decoder.layers.5.ffn.layers.0.0.bias - torch.Size([2048]): 
The value is the same before and after calling `init_weights` of EncoderDecoder  

decode_head.transformer_decoder.layers.5.ffn.layers.1.weight - torch.Size([256, 2048]): 
Initialized by user-defined `init_weights` in Mask2FormerHead  

decode_head.transformer_decoder.layers.5.ffn.layers.1.bias - torch.Size([256]): 
The value is the same before and after calling `init_weights` of EncoderDecoder  

decode_head.transformer_decoder.layers.5.norms.0.weight - torch.Size([256]): 
The value is the same before and after calling `init_weights` of EncoderDecoder  

decode_head.transformer_decoder.layers.5.norms.0.bias - torch.Size([256]): 
The value is the same before and after calling `init_weights` of EncoderDecoder  

decode_head.transformer_decoder.layers.5.norms.1.weight - torch.Size([256]): 
The value is the same before and after calling `init_weights` of EncoderDecoder  

decode_head.transformer_decoder.layers.5.norms.1.bias - torch.Size([256]): 
The value is the same before and after calling `init_weights` of EncoderDecoder  

decode_head.transformer_decoder.layers.5.norms.2.weight - torch.Size([256]): 
The value is the same before and after calling `init_weights` of EncoderDecoder  

decode_head.transformer_decoder.layers.5.norms.2.bias - torch.Size([256]): 
The value is the same before and after calling `init_weights` of EncoderDecoder  

decode_head.transformer_decoder.layers.6.self_attn.attn.in_proj_weight - torch.Size([768, 256]): 
Initialized by user-defined `init_weights` in Mask2FormerHead  

decode_head.transformer_decoder.layers.6.self_attn.attn.in_proj_bias - torch.Size([768]): 
The value is the same before and after calling `init_weights` of EncoderDecoder  

decode_head.transformer_decoder.layers.6.self_attn.attn.out_proj.weight - torch.Size([256, 256]): 
Initialized by user-defined `init_weights` in Mask2FormerHead  

decode_head.transformer_decoder.layers.6.self_attn.attn.out_proj.bias - torch.Size([256]): 
The value is the same before and after calling `init_weights` of EncoderDecoder  

decode_head.transformer_decoder.layers.6.cross_attn.attn.in_proj_weight - torch.Size([768, 256]): 
Initialized by user-defined `init_weights` in Mask2FormerHead  

decode_head.transformer_decoder.layers.6.cross_attn.attn.in_proj_bias - torch.Size([768]): 
The value is the same before and after calling `init_weights` of EncoderDecoder  

decode_head.transformer_decoder.layers.6.cross_attn.attn.out_proj.weight - torch.Size([256, 256]): 
Initialized by user-defined `init_weights` in Mask2FormerHead  

decode_head.transformer_decoder.layers.6.cross_attn.attn.out_proj.bias - torch.Size([256]): 
The value is the same before and after calling `init_weights` of EncoderDecoder  

decode_head.transformer_decoder.layers.6.ffn.layers.0.0.weight - torch.Size([2048, 256]): 
Initialized by user-defined `init_weights` in Mask2FormerHead  

decode_head.transformer_decoder.layers.6.ffn.layers.0.0.bias - torch.Size([2048]): 
The value is the same before and after calling `init_weights` of EncoderDecoder  

decode_head.transformer_decoder.layers.6.ffn.layers.1.weight - torch.Size([256, 2048]): 
Initialized by user-defined `init_weights` in Mask2FormerHead  

decode_head.transformer_decoder.layers.6.ffn.layers.1.bias - torch.Size([256]): 
The value is the same before and after calling `init_weights` of EncoderDecoder  

decode_head.transformer_decoder.layers.6.norms.0.weight - torch.Size([256]): 
The value is the same before and after calling `init_weights` of EncoderDecoder  

decode_head.transformer_decoder.layers.6.norms.0.bias - torch.Size([256]): 
The value is the same before and after calling `init_weights` of EncoderDecoder  

decode_head.transformer_decoder.layers.6.norms.1.weight - torch.Size([256]): 
The value is the same before and after calling `init_weights` of EncoderDecoder  

decode_head.transformer_decoder.layers.6.norms.1.bias - torch.Size([256]): 
The value is the same before and after calling `init_weights` of EncoderDecoder  

decode_head.transformer_decoder.layers.6.norms.2.weight - torch.Size([256]): 
The value is the same before and after calling `init_weights` of EncoderDecoder  

decode_head.transformer_decoder.layers.6.norms.2.bias - torch.Size([256]): 
The value is the same before and after calling `init_weights` of EncoderDecoder  

decode_head.transformer_decoder.layers.7.self_attn.attn.in_proj_weight - torch.Size([768, 256]): 
Initialized by user-defined `init_weights` in Mask2FormerHead  

decode_head.transformer_decoder.layers.7.self_attn.attn.in_proj_bias - torch.Size([768]): 
The value is the same before and after calling `init_weights` of EncoderDecoder  

decode_head.transformer_decoder.layers.7.self_attn.attn.out_proj.weight - torch.Size([256, 256]): 
Initialized by user-defined `init_weights` in Mask2FormerHead  

decode_head.transformer_decoder.layers.7.self_attn.attn.out_proj.bias - torch.Size([256]): 
The value is the same before and after calling `init_weights` of EncoderDecoder  

decode_head.transformer_decoder.layers.7.cross_attn.attn.in_proj_weight - torch.Size([768, 256]): 
Initialized by user-defined `init_weights` in Mask2FormerHead  

decode_head.transformer_decoder.layers.7.cross_attn.attn.in_proj_bias - torch.Size([768]): 
The value is the same before and after calling `init_weights` of EncoderDecoder  

decode_head.transformer_decoder.layers.7.cross_attn.attn.out_proj.weight - torch.Size([256, 256]): 
Initialized by user-defined `init_weights` in Mask2FormerHead  

decode_head.transformer_decoder.layers.7.cross_attn.attn.out_proj.bias - torch.Size([256]): 
The value is the same before and after calling `init_weights` of EncoderDecoder  

decode_head.transformer_decoder.layers.7.ffn.layers.0.0.weight - torch.Size([2048, 256]): 
Initialized by user-defined `init_weights` in Mask2FormerHead  

decode_head.transformer_decoder.layers.7.ffn.layers.0.0.bias - torch.Size([2048]): 
The value is the same before and after calling `init_weights` of EncoderDecoder  

decode_head.transformer_decoder.layers.7.ffn.layers.1.weight - torch.Size([256, 2048]): 
Initialized by user-defined `init_weights` in Mask2FormerHead  

decode_head.transformer_decoder.layers.7.ffn.layers.1.bias - torch.Size([256]): 
The value is the same before and after calling `init_weights` of EncoderDecoder  

decode_head.transformer_decoder.layers.7.norms.0.weight - torch.Size([256]): 
The value is the same before and after calling `init_weights` of EncoderDecoder  

decode_head.transformer_decoder.layers.7.norms.0.bias - torch.Size([256]): 
The value is the same before and after calling `init_weights` of EncoderDecoder  

decode_head.transformer_decoder.layers.7.norms.1.weight - torch.Size([256]): 
The value is the same before and after calling `init_weights` of EncoderDecoder  

decode_head.transformer_decoder.layers.7.norms.1.bias - torch.Size([256]): 
The value is the same before and after calling `init_weights` of EncoderDecoder  

decode_head.transformer_decoder.layers.7.norms.2.weight - torch.Size([256]): 
The value is the same before and after calling `init_weights` of EncoderDecoder  

decode_head.transformer_decoder.layers.7.norms.2.bias - torch.Size([256]): 
The value is the same before and after calling `init_weights` of EncoderDecoder  

decode_head.transformer_decoder.layers.8.self_attn.attn.in_proj_weight - torch.Size([768, 256]): 
Initialized by user-defined `init_weights` in Mask2FormerHead  

decode_head.transformer_decoder.layers.8.self_attn.attn.in_proj_bias - torch.Size([768]): 
The value is the same before and after calling `init_weights` of EncoderDecoder  

decode_head.transformer_decoder.layers.8.self_attn.attn.out_proj.weight - torch.Size([256, 256]): 
Initialized by user-defined `init_weights` in Mask2FormerHead  

decode_head.transformer_decoder.layers.8.self_attn.attn.out_proj.bias - torch.Size([256]): 
The value is the same before and after calling `init_weights` of EncoderDecoder  

decode_head.transformer_decoder.layers.8.cross_attn.attn.in_proj_weight - torch.Size([768, 256]): 
Initialized by user-defined `init_weights` in Mask2FormerHead  

decode_head.transformer_decoder.layers.8.cross_attn.attn.in_proj_bias - torch.Size([768]): 
The value is the same before and after calling `init_weights` of EncoderDecoder  

decode_head.transformer_decoder.layers.8.cross_attn.attn.out_proj.weight - torch.Size([256, 256]): 
Initialized by user-defined `init_weights` in Mask2FormerHead  

decode_head.transformer_decoder.layers.8.cross_attn.attn.out_proj.bias - torch.Size([256]): 
The value is the same before and after calling `init_weights` of EncoderDecoder  

decode_head.transformer_decoder.layers.8.ffn.layers.0.0.weight - torch.Size([2048, 256]): 
Initialized by user-defined `init_weights` in Mask2FormerHead  

decode_head.transformer_decoder.layers.8.ffn.layers.0.0.bias - torch.Size([2048]): 
The value is the same before and after calling `init_weights` of EncoderDecoder  

decode_head.transformer_decoder.layers.8.ffn.layers.1.weight - torch.Size([256, 2048]): 
Initialized by user-defined `init_weights` in Mask2FormerHead  

decode_head.transformer_decoder.layers.8.ffn.layers.1.bias - torch.Size([256]): 
The value is the same before and after calling `init_weights` of EncoderDecoder  

decode_head.transformer_decoder.layers.8.norms.0.weight - torch.Size([256]): 
The value is the same before and after calling `init_weights` of EncoderDecoder  

decode_head.transformer_decoder.layers.8.norms.0.bias - torch.Size([256]): 
The value is the same before and after calling `init_weights` of EncoderDecoder  

decode_head.transformer_decoder.layers.8.norms.1.weight - torch.Size([256]): 
The value is the same before and after calling `init_weights` of EncoderDecoder  

decode_head.transformer_decoder.layers.8.norms.1.bias - torch.Size([256]): 
The value is the same before and after calling `init_weights` of EncoderDecoder  

decode_head.transformer_decoder.layers.8.norms.2.weight - torch.Size([256]): 
The value is the same before and after calling `init_weights` of EncoderDecoder  

decode_head.transformer_decoder.layers.8.norms.2.bias - torch.Size([256]): 
The value is the same before and after calling `init_weights` of EncoderDecoder  

decode_head.transformer_decoder.post_norm.weight - torch.Size([256]): 
The value is the same before and after calling `init_weights` of EncoderDecoder  

decode_head.transformer_decoder.post_norm.bias - torch.Size([256]): 
The value is the same before and after calling `init_weights` of EncoderDecoder  

decode_head.query_embed.weight - torch.Size([100, 256]): 
The value is the same before and after calling `init_weights` of EncoderDecoder  

decode_head.query_feat.weight - torch.Size([100, 256]): 
The value is the same before and after calling `init_weights` of EncoderDecoder  

decode_head.level_embed.weight - torch.Size([3, 256]): 
The value is the same before and after calling `init_weights` of EncoderDecoder  

decode_head.cls_embed.weight - torch.Size([3, 256]): 
The value is the same before and after calling `init_weights` of EncoderDecoder  

decode_head.cls_embed.bias - torch.Size([3]): 
The value is the same before and after calling `init_weights` of EncoderDecoder  

decode_head.mask_embed.0.weight - torch.Size([256, 256]): 
The value is the same before and after calling `init_weights` of EncoderDecoder  

decode_head.mask_embed.0.bias - torch.Size([256]): 
The value is the same before and after calling `init_weights` of EncoderDecoder  

decode_head.mask_embed.2.weight - torch.Size([256, 256]): 
The value is the same before and after calling `init_weights` of EncoderDecoder  

decode_head.mask_embed.2.bias - torch.Size([256]): 
The value is the same before and after calling `init_weights` of EncoderDecoder  

decode_head.mask_embed.4.weight - torch.Size([256, 256]): 
The value is the same before and after calling `init_weights` of EncoderDecoder  

decode_head.mask_embed.4.bias - torch.Size([256]): 
The value is the same before and after calling `init_weights` of EncoderDecoder  
2026/09/24 14:11:12 - mmengine - INFO - Load checkpoint from work_dirs/mask2former_extended/iter_8000.pth
2026/09/24 14:11:12 - mmengine - INFO - resumed epoch: 0, iter: 8000
2026/09/24 14:11:12 - mmengine - WARNING - "FileClient" will be deprecated in future. Please use io functions in https://mmengine.readthedocs.io/en/latest/api/fileio.html#file-io
2026/09/24 14:11:12 - mmengine - WARNING - "HardDiskBackend" is the alias of "LocalBackend" and the former will be deprecated in future.
2026/09/24 14:11:12 - mmengine - INFO - Checkpoints will be saved to /workspace/work_dirs/mask2former_extended.
2026/09/24 14:11:49 - mmengine - INFO - Iter(train) [ 8050/20000]  base_lr: 0.0000e+00 lr: 9.1509e-06  eta: 2:25:17  time: 0.6639  data_time: 0.0116  memory: 6061  grad_norm: 777.6039  loss: 20.2469  decode.loss_cls: 0.1567  decode.loss_mask: 1.0994  decode.loss_dice: 0.7205  decode.d0.loss_cls: 0.2516  decode.d0.loss_mask: 1.1652  decode.d0.loss_dice: 0.7241  decode.d1.loss_cls: 0.2004  decode.d1.loss_mask: 1.0963  decode.d1.loss_dice: 0.6789  decode.d2.loss_cls: 0.2315  decode.d2.loss_mask: 1.0724  decode.d2.loss_dice: 0.6702  decode.d3.loss_cls: 0.2056  decode.d3.loss_mask: 1.0904  decode.d3.loss_dice: 0.6989  decode.d4.loss_cls: 0.2134  decode.d4.loss_mask: 1.1019  decode.d4.loss_dice: 0.7265  decode.d5.loss_cls: 0.2057  decode.d5.loss_mask: 1.1590  decode.d5.loss_dice: 0.7151  decode.d6.loss_cls: 0.1977  decode.d6.loss_mask: 1.0767  decode.d6.loss_dice: 0.6878  decode.d7.loss_cls: 0.2003  decode.d7.loss_mask: 1.1632  decode.d7.loss_dice: 0.7522  decode.d8.loss_cls: 0.1750  decode.d8.loss_mask: 1.1208  decode.d8.loss_dice: 0.6893
2026/09/24 14:12:22 - mmengine - INFO - Iter(train) [ 8100/20000]  base_lr: 0.0000e+00 lr: 9.1234e-06  eta: 2:18:38  time: 0.6702  data_time: 0.0127  memory: 5872  grad_norm: 628.1889  loss: 29.3360  decode.loss_cls: 0.1813  decode.loss_mask: 1.7120  decode.loss_dice: 1.0614  decode.d0.loss_cls: 0.1993  decode.d0.loss_mask: 1.6791  decode.d0.loss_dice: 1.0862  decode.d1.loss_cls: 0.1932  decode.d1.loss_mask: 1.6578  decode.d1.loss_dice: 1.0387  decode.d2.loss_cls: 0.1727  decode.d2.loss_mask: 1.7031  decode.d2.loss_dice: 1.0734  decode.d3.loss_cls: 0.1781  decode.d3.loss_mask: 1.7093  decode.d3.loss_dice: 1.0650  decode.d4.loss_cls: 0.1878  decode.d4.loss_mask: 1.7311  decode.d4.loss_dice: 1.1315  decode.d5.loss_cls: 0.1736  decode.d5.loss_mask: 1.6853  decode.d5.loss_dice: 1.0736  decode.d6.loss_cls: 0.1761  decode.d6.loss_mask: 1.6549  decode.d6.loss_dice: 1.0202  decode.d7.loss_cls: 0.1725  decode.d7.loss_mask: 1.7001  decode.d7.loss_dice: 1.0361  decode.d8.loss_cls: 0.2007  decode.d8.loss_mask: 1.6389  decode.d8.loss_dice: 1.0430
2026/09/24 14:12:55 - mmengine - INFO - Iter(train) [ 8150/20000]  base_lr: 0.0000e+00 lr: 9.0958e-06  eta: 2:15:49  time: 0.6637  data_time: 0.0124  memory: 5872  grad_norm: 765.5118  loss: 21.3662  decode.loss_cls: 0.1009  decode.loss_mask: 1.1363  decode.loss_dice: 0.8279  decode.d0.loss_cls: 0.1291  decode.d0.loss_mask: 1.2305  decode.d0.loss_dice: 0.8870  decode.d1.loss_cls: 0.0930  decode.d1.loss_mask: 1.1846  decode.d1.loss_dice: 0.8152  decode.d2.loss_cls: 0.1008  decode.d2.loss_mask: 1.1959  decode.d2.loss_dice: 0.8619  decode.d3.loss_cls: 0.0792  decode.d3.loss_mask: 1.1816  decode.d3.loss_dice: 0.8307  decode.d4.loss_cls: 0.0924  decode.d4.loss_mask: 1.1944  decode.d4.loss_dice: 0.8727  decode.d5.loss_cls: 0.0724  decode.d5.loss_mask: 1.1968  decode.d5.loss_dice: 0.8518  decode.d6.loss_cls: 0.0847  decode.d6.loss_mask: 1.2206  decode.d6.loss_dice: 0.8602  decode.d7.loss_cls: 0.0918  decode.d7.loss_mask: 1.1854  decode.d7.loss_dice: 0.8351  decode.d8.loss_cls: 0.0908  decode.d8.loss_mask: 1.1987  decode.d8.loss_dice: 0.8638
2026/09/24 14:13:29 - mmengine - INFO - Iter(train) [ 8200/20000]  base_lr: 0.0000e+00 lr: 9.0683e-06  eta: 2:14:18  time: 0.6627  data_time: 0.0117  memory: 5872  grad_norm: 478.1916  loss: 24.8067  decode.loss_cls: 0.1018  decode.loss_mask: 1.3272  decode.loss_dice: 1.1119  decode.d0.loss_cls: 0.1835  decode.d0.loss_mask: 1.2421  decode.d0.loss_dice: 1.0356  decode.d1.loss_cls: 0.1548  decode.d1.loss_mask: 1.2505  decode.d1.loss_dice: 1.0382  decode.d2.loss_cls: 0.1362  decode.d2.loss_mask: 1.2216  decode.d2.loss_dice: 1.0513  decode.d3.loss_cls: 0.1501  decode.d3.loss_mask: 1.2524  decode.d3.loss_dice: 1.0757  decode.d4.loss_cls: 0.1371  decode.d4.loss_mask: 1.2340  decode.d4.loss_dice: 1.0398  decode.d5.loss_cls: 0.1485  decode.d5.loss_mask: 1.3031  decode.d5.loss_dice: 1.0932  decode.d6.loss_cls: 0.1580  decode.d6.loss_mask: 1.2508  decode.d6.loss_dice: 1.0508  decode.d7.loss_cls: 0.1327  decode.d7.loss_mask: 1.3066  decode.d7.loss_dice: 1.1137  decode.d8.loss_cls: 0.1053  decode.d8.loss_mask: 1.3068  decode.d8.loss_dice: 1.0931
2026/09/24 14:14:02 - mmengine - INFO - Iter(train) [ 8250/20000]  base_lr: 0.0000e+00 lr: 9.0407e-06  eta: 2:13:07  time: 0.6656  data_time: 0.0118  memory: 5872  grad_norm: 754.1447  loss: 29.1055  decode.loss_cls: 0.1859  decode.loss_mask: 1.7637  decode.loss_dice: 0.9962  decode.d0.loss_cls: 0.3013  decode.d0.loss_mask: 1.5927  decode.d0.loss_dice: 0.9913  decode.d1.loss_cls: 0.2749  decode.d1.loss_mask: 1.5609  decode.d1.loss_dice: 0.9561  decode.d2.loss_cls: 0.2764  decode.d2.loss_mask: 1.7412  decode.d2.loss_dice: 1.0402  decode.d3.loss_cls: 0.3082  decode.d3.loss_mask: 1.6577  decode.d3.loss_dice: 1.0161  decode.d4.loss_cls: 0.2456  decode.d4.loss_mask: 1.6376  decode.d4.loss_dice: 0.9804  decode.d5.loss_cls: 0.1692  decode.d5.loss_mask: 1.7691  decode.d5.loss_dice: 0.9937  decode.d6.loss_cls: 0.1833  decode.d6.loss_mask: 1.7967  decode.d6.loss_dice: 1.0016  decode.d7.loss_cls: 0.1837  decode.d7.loss_mask: 1.6701  decode.d7.loss_dice: 0.9747  decode.d8.loss_cls: 0.1917  decode.d8.loss_mask: 1.6724  decode.d8.loss_dice: 0.9728
2026/09/24 14:14:36 - mmengine - INFO - Iter(train) [ 8300/20000]  base_lr: 0.0000e+00 lr: 9.0131e-06  eta: 2:12:08  time: 0.6638  data_time: 0.0112  memory: 5872  grad_norm: 1640.2558  loss: 31.0693  decode.loss_cls: 0.2503  decode.loss_mask: 1.6768  decode.loss_dice: 1.1852  decode.d0.loss_cls: 0.2930  decode.d0.loss_mask: 1.7441  decode.d0.loss_dice: 1.2013  decode.d1.loss_cls: 0.2771  decode.d1.loss_mask: 1.5798  decode.d1.loss_dice: 1.1288  decode.d2.loss_cls: 0.3336  decode.d2.loss_mask: 1.6987  decode.d2.loss_dice: 1.1529  decode.d3.loss_cls: 0.2921  decode.d3.loss_mask: 1.6367  decode.d3.loss_dice: 1.1521  decode.d4.loss_cls: 0.3156  decode.d4.loss_mask: 1.6737  decode.d4.loss_dice: 1.1880  decode.d5.loss_cls: 0.3137  decode.d5.loss_mask: 1.5381  decode.d5.loss_dice: 1.1282  decode.d6.loss_cls: 0.2907  decode.d6.loss_mask: 1.6292  decode.d6.loss_dice: 1.1849  decode.d7.loss_cls: 0.2539  decode.d7.loss_mask: 1.6497  decode.d7.loss_dice: 1.1670  decode.d8.loss_cls: 0.2532  decode.d8.loss_mask: 1.6944  decode.d8.loss_dice: 1.1863
2026/09/24 14:15:09 - mmengine - INFO - Iter(train) [ 8350/20000]  base_lr: 0.0000e+00 lr: 8.9855e-06  eta: 2:11:25  time: 0.6754  data_time: 0.0121  memory: 5872  grad_norm: 644.8509  loss: 28.5895  decode.loss_cls: 0.2225  decode.loss_mask: 1.6321  decode.loss_dice: 0.9941  decode.d0.loss_cls: 0.2858  decode.d0.loss_mask: 1.5722  decode.d0.loss_dice: 1.0040  decode.d1.loss_cls: 0.2198  decode.d1.loss_mask: 1.6183  decode.d1.loss_dice: 0.9887  decode.d2.loss_cls: 0.2175  decode.d2.loss_mask: 1.6382  decode.d2.loss_dice: 1.0173  decode.d3.loss_cls: 0.2251  decode.d3.loss_mask: 1.6456  decode.d3.loss_dice: 1.0813  decode.d4.loss_cls: 0.2331  decode.d4.loss_mask: 1.6377  decode.d4.loss_dice: 1.0839  decode.d5.loss_cls: 0.2145  decode.d5.loss_mask: 1.6261  decode.d5.loss_dice: 1.0031  decode.d6.loss_cls: 0.2026  decode.d6.loss_mask: 1.6313  decode.d6.loss_dice: 0.9634  decode.d7.loss_cls: 0.1534  decode.d7.loss_mask: 1.6732  decode.d7.loss_dice: 0.9605  decode.d8.loss_cls: 0.1663  decode.d8.loss_mask: 1.6762  decode.d8.loss_dice: 1.0016
2026/09/24 14:15:43 - mmengine - INFO - Iter(train) [ 8400/20000]  base_lr: 0.0000e+00 lr: 8.9579e-06  eta: 2:10:45  time: 0.6916  data_time: 0.0115  memory: 5872  grad_norm: 735.8620  loss: 21.7544  decode.loss_cls: 0.1615  decode.loss_mask: 1.2714  decode.loss_dice: 0.8089  decode.d0.loss_cls: 0.2403  decode.d0.loss_mask: 1.2464  decode.d0.loss_dice: 0.8099  decode.d1.loss_cls: 0.1469  decode.d1.loss_mask: 1.2563  decode.d1.loss_dice: 0.7587  decode.d2.loss_cls: 0.1598  decode.d2.loss_mask: 1.3079  decode.d2.loss_dice: 0.7858  decode.d3.loss_cls: 0.1286  decode.d3.loss_mask: 1.3009  decode.d3.loss_dice: 0.7488  decode.d4.loss_cls: 0.1841  decode.d4.loss_mask: 1.2311  decode.d4.loss_dice: 0.7694  decode.d5.loss_cls: 0.1415  decode.d5.loss_mask: 1.2445  decode.d5.loss_dice: 0.7567  decode.d6.loss_cls: 0.1593  decode.d6.loss_mask: 1.1990  decode.d6.loss_dice: 0.7148  decode.d7.loss_cls: 0.1246  decode.d7.loss_mask: 1.2261  decode.d7.loss_dice: 0.7479  decode.d8.loss_cls: 0.1420  decode.d8.loss_mask: 1.2164  decode.d8.loss_dice: 0.7651
2026/09/24 14:16:16 - mmengine - INFO - Iter(train) [ 8450/20000]  base_lr: 0.0000e+00 lr: 8.9303e-06  eta: 2:09:57  time: 0.6644  data_time: 0.0116  memory: 5872  grad_norm: 633.5645  loss: 25.1010  decode.loss_cls: 0.1730  decode.loss_mask: 1.4832  decode.loss_dice: 0.8511  decode.d0.loss_cls: 0.2569  decode.d0.loss_mask: 1.4393  decode.d0.loss_dice: 0.8256  decode.d1.loss_cls: 0.2114  decode.d1.loss_mask: 1.4737  decode.d1.loss_dice: 0.8429  decode.d2.loss_cls: 0.1853  decode.d2.loss_mask: 1.4744  decode.d2.loss_dice: 0.8704  decode.d3.loss_cls: 0.1918  decode.d3.loss_mask: 1.4014  decode.d3.loss_dice: 0.8421  decode.d4.loss_cls: 0.1781  decode.d4.loss_mask: 1.5350  decode.d4.loss_dice: 0.9122  decode.d5.loss_cls: 0.1651  decode.d5.loss_mask: 1.4740  decode.d5.loss_dice: 0.8397  decode.d6.loss_cls: 0.1725  decode.d6.loss_mask: 1.4641  decode.d6.loss_dice: 0.8516  decode.d7.loss_cls: 0.1486  decode.d7.loss_mask: 1.4514  decode.d7.loss_dice: 0.8412  decode.d8.loss_cls: 0.1606  decode.d8.loss_mask: 1.5195  decode.d8.loss_dice: 0.8649
2026/09/24 14:16:50 - mmengine - INFO - Iter(train) [ 8500/20000]  base_lr: 0.0000e+00 lr: 8.9027e-06  eta: 2:09:16  time: 0.6756  data_time: 0.0116  memory: 5872  grad_norm: 852.7234  loss: 25.0128  decode.loss_cls: 0.1382  decode.loss_mask: 1.3687  decode.loss_dice: 0.9765  decode.d0.loss_cls: 0.2130  decode.d0.loss_mask: 1.3291  decode.d0.loss_dice: 0.9739  decode.d1.loss_cls: 0.1425  decode.d1.loss_mask: 1.3574  decode.d1.loss_dice: 0.9976  decode.d2.loss_cls: 0.1717  decode.d2.loss_mask: 1.3277  decode.d2.loss_dice: 0.9670  decode.d3.loss_cls: 0.1612  decode.d3.loss_mask: 1.3548  decode.d3.loss_dice: 0.9696  decode.d4.loss_cls: 0.1985  decode.d4.loss_mask: 1.3579  decode.d4.loss_dice: 1.0106  decode.d5.loss_cls: 0.1757  decode.d5.loss_mask: 1.3849  decode.d5.loss_dice: 0.9825  decode.d6.loss_cls: 0.1301  decode.d6.loss_mask: 1.3736  decode.d6.loss_dice: 1.0010  decode.d7.loss_cls: 0.1558  decode.d7.loss_mask: 1.3488  decode.d7.loss_dice: 0.9954  decode.d8.loss_cls: 0.1489  decode.d8.loss_mask: 1.3359  decode.d8.loss_dice: 0.9641
2026/09/24 14:17:23 - mmengine - INFO - Iter(train) [ 8550/20000]  base_lr: 0.0000e+00 lr: 8.8750e-06  eta: 2:08:38  time: 0.6727  data_time: 0.0121  memory: 5872  grad_norm: 1519.1319  loss: 25.0751  decode.loss_cls: 0.1726  decode.loss_mask: 1.3857  decode.loss_dice: 0.9611  decode.d0.loss_cls: 0.2555  decode.d0.loss_mask: 1.3815  decode.d0.loss_dice: 1.0037  decode.d1.loss_cls: 0.1761  decode.d1.loss_mask: 1.3549  decode.d1.loss_dice: 0.9234  decode.d2.loss_cls: 0.1324  decode.d2.loss_mask: 1.4054  decode.d2.loss_dice: 0.8862  decode.d3.loss_cls: 0.1535  decode.d3.loss_mask: 1.4300  decode.d3.loss_dice: 0.9211  decode.d4.loss_cls: 0.1721  decode.d4.loss_mask: 1.3893  decode.d4.loss_dice: 0.9187  decode.d5.loss_cls: 0.1658  decode.d5.loss_mask: 1.4415  decode.d5.loss_dice: 0.9498  decode.d6.loss_cls: 0.1672  decode.d6.loss_mask: 1.3982  decode.d6.loss_dice: 0.9249  decode.d7.loss_cls: 0.1323  decode.d7.loss_mask: 1.4553  decode.d7.loss_dice: 0.9350  decode.d8.loss_cls: 0.1607  decode.d8.loss_mask: 1.3789  decode.d8.loss_dice: 0.9422
2026/09/24 14:17:57 - mmengine - INFO - Iter(train) [ 8600/20000]  base_lr: 0.0000e+00 lr: 8.8474e-06  eta: 2:08:11  time: 0.6629  data_time: 0.0128  memory: 5872  grad_norm: 527.1845  loss: 25.1851  decode.loss_cls: 0.1826  decode.loss_mask: 1.3462  decode.loss_dice: 0.8475  decode.d0.loss_cls: 0.2787  decode.d0.loss_mask: 1.3318  decode.d0.loss_dice: 0.8483  decode.d1.loss_cls: 0.2101  decode.d1.loss_mask: 1.3858  decode.d1.loss_dice: 0.9020  decode.d2.loss_cls: 0.2057  decode.d2.loss_mask: 1.3920  decode.d2.loss_dice: 0.8970  decode.d3.loss_cls: 0.1796  decode.d3.loss_mask: 1.3985  decode.d3.loss_dice: 0.9030  decode.d4.loss_cls: 0.1426  decode.d4.loss_mask: 1.6033  decode.d4.loss_dice: 1.0038  decode.d5.loss_cls: 0.1650  decode.d5.loss_mask: 1.5285  decode.d5.loss_dice: 0.9452  decode.d6.loss_cls: 0.1880  decode.d6.loss_mask: 1.4485  decode.d6.loss_dice: 0.9152  decode.d7.loss_cls: 0.1884  decode.d7.loss_mask: 1.4261  decode.d7.loss_dice: 0.8920  decode.d8.loss_cls: 0.1419  decode.d8.loss_mask: 1.4089  decode.d8.loss_dice: 0.8789
2026/09/24 14:18:30 - mmengine - INFO - Iter(train) [ 8650/20000]  base_lr: 0.0000e+00 lr: 8.8197e-06  eta: 2:07:31  time: 0.6688  data_time: 0.0123  memory: 5872  grad_norm: 862.6853  loss: 27.5074  decode.loss_cls: 0.2748  decode.loss_mask: 1.3932  decode.loss_dice: 1.0125  decode.d0.loss_cls: 0.3689  decode.d0.loss_mask: 1.4275  decode.d0.loss_dice: 1.0371  decode.d1.loss_cls: 0.3365  decode.d1.loss_mask: 1.3425  decode.d1.loss_dice: 1.0349  decode.d2.loss_cls: 0.3341  decode.d2.loss_mask: 1.3868  decode.d2.loss_dice: 1.0150  decode.d3.loss_cls: 0.2917  decode.d3.loss_mask: 1.3880  decode.d3.loss_dice: 1.0479  decode.d4.loss_cls: 0.3653  decode.d4.loss_mask: 1.3693  decode.d4.loss_dice: 1.0497  decode.d5.loss_cls: 0.3346  decode.d5.loss_mask: 1.4281  decode.d5.loss_dice: 1.0281  decode.d6.loss_cls: 0.3338  decode.d6.loss_mask: 1.3703  decode.d6.loss_dice: 1.0661  decode.d7.loss_cls: 0.2963  decode.d7.loss_mask: 1.3903  decode.d7.loss_dice: 1.0994  decode.d8.loss_cls: 0.2576  decode.d8.loss_mask: 1.4007  decode.d8.loss_dice: 1.0262
2026/09/24 14:19:04 - mmengine - INFO - Iter(train) [ 8700/20000]  base_lr: 0.0000e+00 lr: 8.7921e-06  eta: 2:06:57  time: 0.6613  data_time: 0.0120  memory: 5872  grad_norm: 527.5141  loss: 20.0370  decode.loss_cls: 0.0517  decode.loss_mask: 1.2564  decode.loss_dice: 0.7194  decode.d0.loss_cls: 0.1098  decode.d0.loss_mask: 1.2107  decode.d0.loss_dice: 0.7288  decode.d1.loss_cls: 0.0612  decode.d1.loss_mask: 1.2277  decode.d1.loss_dice: 0.6864  decode.d2.loss_cls: 0.0721  decode.d2.loss_mask: 1.2142  decode.d2.loss_dice: 0.7165  decode.d3.loss_cls: 0.0380  decode.d3.loss_mask: 1.2276  decode.d3.loss_dice: 0.7110  decode.d4.loss_cls: 0.0540  decode.d4.loss_mask: 1.2274  decode.d4.loss_dice: 0.7241  decode.d5.loss_cls: 0.0432  decode.d5.loss_mask: 1.2391  decode.d5.loss_dice: 0.7277  decode.d6.loss_cls: 0.0279  decode.d6.loss_mask: 1.2554  decode.d6.loss_dice: 0.7250  decode.d7.loss_cls: 0.0510  decode.d7.loss_mask: 1.2021  decode.d7.loss_dice: 0.6988  decode.d8.loss_cls: 0.0525  decode.d8.loss_mask: 1.2509  decode.d8.loss_dice: 0.7263
2026/09/24 14:19:38 - mmengine - INFO - Iter(train) [ 8750/20000]  base_lr: 0.0000e+00 lr: 8.7644e-06  eta: 2:06:21  time: 0.6742  data_time: 0.0116  memory: 5872  grad_norm: 625.6358  loss: 24.7136  decode.loss_cls: 0.0978  decode.loss_mask: 1.4902  decode.loss_dice: 0.8994  decode.d0.loss_cls: 0.2119  decode.d0.loss_mask: 1.4321  decode.d0.loss_dice: 0.9232  decode.d1.loss_cls: 0.1502  decode.d1.loss_mask: 1.4703  decode.d1.loss_dice: 0.8739  decode.d2.loss_cls: 0.1566  decode.d2.loss_mask: 1.4078  decode.d2.loss_dice: 0.8819  decode.d3.loss_cls: 0.1275  decode.d3.loss_mask: 1.4035  decode.d3.loss_dice: 0.8809  decode.d4.loss_cls: 0.1611  decode.d4.loss_mask: 1.4255  decode.d4.loss_dice: 0.9185  decode.d5.loss_cls: 0.1206  decode.d5.loss_mask: 1.4486  decode.d5.loss_dice: 0.8850  decode.d6.loss_cls: 0.1046  decode.d6.loss_mask: 1.4888  decode.d6.loss_dice: 0.8835  decode.d7.loss_cls: 0.0831  decode.d7.loss_mask: 1.4212  decode.d7.loss_dice: 0.8582  decode.d8.loss_cls: 0.1032  decode.d8.loss_mask: 1.4911  decode.d8.loss_dice: 0.9132
2026/09/24 14:20:11 - mmengine - INFO - Iter(train) [ 8800/20000]  base_lr: 0.0000e+00 lr: 8.7367e-06  eta: 2:05:43  time: 0.6687  data_time: 0.0116  memory: 5872  grad_norm: 687.2188  loss: 23.8037  decode.loss_cls: 0.0840  decode.loss_mask: 1.4155  decode.loss_dice: 0.8674  decode.d0.loss_cls: 0.1670  decode.d0.loss_mask: 1.4744  decode.d0.loss_dice: 0.8561  decode.d1.loss_cls: 0.0784  decode.d1.loss_mask: 1.4379  decode.d1.loss_dice: 0.8581  decode.d2.loss_cls: 0.0728  decode.d2.loss_mask: 1.4623  decode.d2.loss_dice: 0.8717  decode.d3.loss_cls: 0.0876  decode.d3.loss_mask: 1.4031  decode.d3.loss_dice: 0.8642  decode.d4.loss_cls: 0.0898  decode.d4.loss_mask: 1.4281  decode.d4.loss_dice: 0.8909  decode.d5.loss_cls: 0.0967  decode.d5.loss_mask: 1.4316  decode.d5.loss_dice: 0.8835  decode.d6.loss_cls: 0.0877  decode.d6.loss_mask: 1.3993  decode.d6.loss_dice: 0.8248  decode.d7.loss_cls: 0.0888  decode.d7.loss_mask: 1.3921  decode.d7.loss_dice: 0.8681  decode.d8.loss_cls: 0.0773  decode.d8.loss_mask: 1.4060  decode.d8.loss_dice: 0.8385
2026/09/24 14:20:45 - mmengine - INFO - Iter(train) [ 8850/20000]  base_lr: 0.0000e+00 lr: 8.7090e-06  eta: 2:05:07  time: 0.6692  data_time: 0.0115  memory: 5872  grad_norm: 577.7458  loss: 20.4882  decode.loss_cls: 0.1094  decode.loss_mask: 1.0915  decode.loss_dice: 0.7591  decode.d0.loss_cls: 0.1818  decode.d0.loss_mask: 1.1977  decode.d0.loss_dice: 0.8721  decode.d1.loss_cls: 0.1159  decode.d1.loss_mask: 1.1474  decode.d1.loss_dice: 0.7675  decode.d2.loss_cls: 0.1122  decode.d2.loss_mask: 1.1981  decode.d2.loss_dice: 0.7823  decode.d3.loss_cls: 0.0947  decode.d3.loss_mask: 1.1834  decode.d3.loss_dice: 0.8033  decode.d4.loss_cls: 0.1217  decode.d4.loss_mask: 1.1807  decode.d4.loss_dice: 0.7980  decode.d5.loss_cls: 0.1187  decode.d5.loss_mask: 1.1275  decode.d5.loss_dice: 0.7454  decode.d6.loss_cls: 0.1224  decode.d6.loss_mask: 1.1324  decode.d6.loss_dice: 0.7554  decode.d7.loss_cls: 0.1082  decode.d7.loss_mask: 1.1344  decode.d7.loss_dice: 0.7681  decode.d8.loss_cls: 0.1119  decode.d8.loss_mask: 1.1092  decode.d8.loss_dice: 0.7379
2026/09/24 14:21:18 - mmengine - INFO - Iter(train) [ 8900/20000]  base_lr: 0.0000e+00 lr: 8.6813e-06  eta: 2:04:30  time: 0.6700  data_time: 0.0130  memory: 5872  grad_norm: 844.8962  loss: 21.2688  decode.loss_cls: 0.0408  decode.loss_mask: 1.3431  decode.loss_dice: 0.7149  decode.d0.loss_cls: 0.1331  decode.d0.loss_mask: 1.2810  decode.d0.loss_dice: 0.7037  decode.d1.loss_cls: 0.0385  decode.d1.loss_mask: 1.3497  decode.d1.loss_dice: 0.7334  decode.d2.loss_cls: 0.0378  decode.d2.loss_mask: 1.3538  decode.d2.loss_dice: 0.7258  decode.d3.loss_cls: 0.0438  decode.d3.loss_mask: 1.3499  decode.d3.loss_dice: 0.7494  decode.d4.loss_cls: 0.0485  decode.d4.loss_mask: 1.3642  decode.d4.loss_dice: 0.7429  decode.d5.loss_cls: 0.0462  decode.d5.loss_mask: 1.3625  decode.d5.loss_dice: 0.7410  decode.d6.loss_cls: 0.0414  decode.d6.loss_mask: 1.3695  decode.d6.loss_dice: 0.7498  decode.d7.loss_cls: 0.0410  decode.d7.loss_mask: 1.3451  decode.d7.loss_dice: 0.7221  decode.d8.loss_cls: 0.0371  decode.d8.loss_mask: 1.3498  decode.d8.loss_dice: 0.7090
2026/09/24 14:21:52 - mmengine - INFO - Iter(train) [ 8950/20000]  base_lr: 0.0000e+00 lr: 8.6536e-06  eta: 2:03:54  time: 0.6680  data_time: 0.0120  memory: 5872  grad_norm: 607.7768  loss: 23.7487  decode.loss_cls: 0.0774  decode.loss_mask: 1.4693  decode.loss_dice: 0.8639  decode.d0.loss_cls: 0.2210  decode.d0.loss_mask: 1.3816  decode.d0.loss_dice: 0.8415  decode.d1.loss_cls: 0.1941  decode.d1.loss_mask: 1.3840  decode.d1.loss_dice: 0.8262  decode.d2.loss_cls: 0.1386  decode.d2.loss_mask: 1.3611  decode.d2.loss_dice: 0.8017  decode.d3.loss_cls: 0.0949  decode.d3.loss_mask: 1.4608  decode.d3.loss_dice: 0.8117  decode.d4.loss_cls: 0.1256  decode.d4.loss_mask: 1.3973  decode.d4.loss_dice: 0.8237  decode.d5.loss_cls: 0.1404  decode.d5.loss_mask: 1.4100  decode.d5.loss_dice: 0.8218  decode.d6.loss_cls: 0.1252  decode.d6.loss_mask: 1.4284  decode.d6.loss_dice: 0.7791  decode.d7.loss_cls: 0.0991  decode.d7.loss_mask: 1.4348  decode.d7.loss_dice: 0.8516  decode.d8.loss_cls: 0.1185  decode.d8.loss_mask: 1.4140  decode.d8.loss_dice: 0.8513
2026/09/24 14:22:25 - mmengine - INFO - Exp name: mask2former_20260924_141104
2026/09/24 14:22:25 - mmengine - INFO - Iter(train) [ 9000/20000]  base_lr: 0.0000e+00 lr: 8.6259e-06  eta: 2:03:16  time: 0.6583  data_time: 0.0116  memory: 5872  grad_norm: 610.8993  loss: 24.2634  decode.loss_cls: 0.0725  decode.loss_mask: 1.4228  decode.loss_dice: 0.8532  decode.d0.loss_cls: 0.1576  decode.d0.loss_mask: 1.4419  decode.d0.loss_dice: 0.8982  decode.d1.loss_cls: 0.0670  decode.d1.loss_mask: 1.5272  decode.d1.loss_dice: 0.8626  decode.d2.loss_cls: 0.0833  decode.d2.loss_mask: 1.4689  decode.d2.loss_dice: 0.9231  decode.d3.loss_cls: 0.0746  decode.d3.loss_mask: 1.5111  decode.d3.loss_dice: 0.8850  decode.d4.loss_cls: 0.0867  decode.d4.loss_mask: 1.4052  decode.d4.loss_dice: 0.8659  decode.d5.loss_cls: 0.0765  decode.d5.loss_mask: 1.4293  decode.d5.loss_dice: 0.9271  decode.d6.loss_cls: 0.0732  decode.d6.loss_mask: 1.4503  decode.d6.loss_dice: 0.8995  decode.d7.loss_cls: 0.0818  decode.d7.loss_mask: 1.4704  decode.d7.loss_dice: 0.8752  decode.d8.loss_cls: 0.0692  decode.d8.loss_mask: 1.4427  decode.d8.loss_dice: 0.8613
2026/09/24 14:22:25 - mmengine - INFO - Saving checkpoint at 9000 iterations
2026/09/24 14:24:41 - mmengine - INFO - Iter(val) [ 50/304]    eta: 0:11:21  time: 2.6603  data_time: 0.0084  memory: 4048  
2026/09/24 14:27:49 - mmengine - INFO - Iter(val) [100/304]    eta: 0:10:57  time: 3.7161  data_time: 0.0080  memory: 4048  
2026/09/24 14:30:52 - mmengine - INFO - Iter(val) [150/304]    eta: 0:08:38  time: 3.6474  data_time: 0.0082  memory: 4048  
2026/09/24 14:33:56 - mmengine - INFO - Iter(val) [200/304]    eta: 0:05:58  time: 3.6574  data_time: 0.0079  memory: 4048  
2026/09/24 14:36:57 - mmengine - INFO - Iter(val) [250/304]    eta: 0:03:07  time: 3.6557  data_time: 0.0087  memory: 4048  
2026/09/24 14:40:03 - mmengine - INFO - Iter(val) [300/304]    eta: 0:00:14  time: 3.7251  data_time: 0.0090  memory: 4048  
2026/09/24 14:40:18 - mmengine - INFO - per class results:
2026/09/24 14:40:18 - mmengine - INFO - 
+------------------+-------+-------+-------+--------+-----------+--------+
|      Class       |  IoU  |  Acc  |  Dice | Fscore | Precision | Recall |
+------------------+-------+-------+-------+--------+-----------+--------+
|    background    | 93.71 | 94.78 | 96.75 | 96.75  |   98.81   | 94.78  |
| wastewater_plant | 54.66 | 87.02 | 70.68 | 70.68  |   59.51   | 87.02  |
+------------------+-------+-------+-------+--------+-----------+--------+
2026/09/24 14:40:18 - mmengine - INFO - Iter(val) [304/304]    aAcc: 94.1600  mIoU: 74.1800  mAcc: 90.9000  mDice: 83.7200  mFscore: 83.7200  mPrecision: 79.1600  mRecall: 90.9000  binary/Foreground_IoU: 54.6555  binary/Dice: 70.6803  binary/F1: 70.6803  binary/Precision: 59.5064  binary/Recall: 87.0208  binary/Boundary_F1: 10.4932  binary/BFScore: 10.4932  binary/Boundary_Precision: 7.6914  binary/Boundary_Recall: 16.5060  binary/Hausdorff_px: 758.1201  binary/HD95_px: 635.0672  binary/Hausdorff_m: 379.0601  binary/HD95_m: 317.5336  data_time: 0.0097  time: 3.5213
2026/09/24 14:40:52 - mmengine - INFO - Iter(train) [ 9050/20000]  base_lr: 0.0000e+00 lr: 8.5981e-06  eta: 2:02:40  time: 0.6770  data_time: 0.0113  memory: 5850  grad_norm: 516.7917  loss: 19.0409  decode.loss_cls: 0.0891  decode.loss_mask: 1.0771  decode.loss_dice: 0.7164  decode.d0.loss_cls: 0.1966  decode.d0.loss_mask: 1.0286  decode.d0.loss_dice: 0.7494  decode.d1.loss_cls: 0.1248  decode.d1.loss_mask: 1.0770  decode.d1.loss_dice: 0.7364  decode.d2.loss_cls: 0.0891  decode.d2.loss_mask: 1.0842  decode.d2.loss_dice: 0.7399  decode.d3.loss_cls: 0.0941  decode.d3.loss_mask: 1.0703  decode.d3.loss_dice: 0.7337  decode.d4.loss_cls: 0.0818  decode.d4.loss_mask: 1.1083  decode.d4.loss_dice: 0.7418  decode.d5.loss_cls: 0.0637  decode.d5.loss_mask: 1.0711  decode.d5.loss_dice: 0.7413  decode.d6.loss_cls: 0.0856  decode.d6.loss_mask: 1.0526  decode.d6.loss_dice: 0.7353  decode.d7.loss_cls: 0.0834  decode.d7.loss_mask: 1.0821  decode.d7.loss_dice: 0.7395  decode.d8.loss_cls: 0.0913  decode.d8.loss_mask: 1.0505  decode.d8.loss_dice: 0.7059
2026/09/24 14:41:25 - mmengine - INFO - Iter(train) [ 9100/20000]  base_lr: 0.0000e+00 lr: 8.5704e-06  eta: 2:01:59  time: 0.6589  data_time: 0.0116  memory: 5843  grad_norm: 572.1155  loss: 24.8927  decode.loss_cls: 0.0634  decode.loss_mask: 1.5069  decode.loss_dice: 0.8914  decode.d0.loss_cls: 0.1473  decode.d0.loss_mask: 1.5172  decode.d0.loss_dice: 0.9475  decode.d1.loss_cls: 0.0660  decode.d1.loss_mask: 1.5042  decode.d1.loss_dice: 0.9185  decode.d2.loss_cls: 0.0701  decode.d2.loss_mask: 1.4936  decode.d2.loss_dice: 0.8967  decode.d3.loss_cls: 0.0625  decode.d3.loss_mask: 1.5008  decode.d3.loss_dice: 0.9259  decode.d4.loss_cls: 0.0771  decode.d4.loss_mask: 1.4984  decode.d4.loss_dice: 0.9266  decode.d5.loss_cls: 0.0572  decode.d5.loss_mask: 1.5021  decode.d5.loss_dice: 0.9046  decode.d6.loss_cls: 0.0577  decode.d6.loss_mask: 1.5128  decode.d6.loss_dice: 0.9385  decode.d7.loss_cls: 0.0914  decode.d7.loss_mask: 1.4822  decode.d7.loss_dice: 0.8819  decode.d8.loss_cls: 0.0588  decode.d8.loss_mask: 1.5275  decode.d8.loss_dice: 0.8639
2026/09/24 14:41:58 - mmengine - INFO - Iter(train) [ 9150/20000]  base_lr: 0.0000e+00 lr: 8.5427e-06  eta: 2:01:22  time: 0.6618  data_time: 0.0123  memory: 5843  grad_norm: 984.2602  loss: 23.5712  decode.loss_cls: 0.0380  decode.loss_mask: 1.4284  decode.loss_dice: 0.8567  decode.d0.loss_cls: 0.1095  decode.d0.loss_mask: 1.4197  decode.d0.loss_dice: 0.8851  decode.d1.loss_cls: 0.0907  decode.d1.loss_mask: 1.3883  decode.d1.loss_dice: 0.8025  decode.d2.loss_cls: 0.0851  decode.d2.loss_mask: 1.4090  decode.d2.loss_dice: 0.8762  decode.d3.loss_cls: 0.0375  decode.d3.loss_mask: 1.4548  decode.d3.loss_dice: 0.8590  decode.d4.loss_cls: 0.0569  decode.d4.loss_mask: 1.4542  decode.d4.loss_dice: 0.8735  decode.d5.loss_cls: 0.0452  decode.d5.loss_mask: 1.4573  decode.d5.loss_dice: 0.8616  decode.d6.loss_cls: 0.0387  decode.d6.loss_mask: 1.4424  decode.d6.loss_dice: 0.8685  decode.d7.loss_cls: 0.0343  decode.d7.loss_mask: 1.4487  decode.d7.loss_dice: 0.8595  decode.d8.loss_cls: 0.0413  decode.d8.loss_mask: 1.4867  decode.d8.loss_dice: 0.8618
2026/09/24 14:42:31 - mmengine - INFO - Iter(train) [ 9200/20000]  base_lr: 0.0000e+00 lr: 8.5149e-06  eta: 2:00:46  time: 0.6664  data_time: 0.0114  memory: 5844  grad_norm: 560.7259  loss: 24.6546  decode.loss_cls: 0.1552  decode.loss_mask: 1.5573  decode.loss_dice: 0.8602  decode.d0.loss_cls: 0.2406  decode.d0.loss_mask: 1.4253  decode.d0.loss_dice: 0.8619  decode.d1.loss_cls: 0.2301  decode.d1.loss_mask: 1.3494  decode.d1.loss_dice: 0.7939  decode.d2.loss_cls: 0.2449  decode.d2.loss_mask: 1.3749  decode.d2.loss_dice: 0.8018  decode.d3.loss_cls: 0.2446  decode.d3.loss_mask: 1.3248  decode.d3.loss_dice: 0.8377  decode.d4.loss_cls: 0.2271  decode.d4.loss_mask: 1.3426  decode.d4.loss_dice: 0.8452  decode.d5.loss_cls: 0.2346  decode.d5.loss_mask: 1.4216  decode.d5.loss_dice: 0.8454  decode.d6.loss_cls: 0.1952  decode.d6.loss_mask: 1.4278  decode.d6.loss_dice: 0.8310  decode.d7.loss_cls: 0.2100  decode.d7.loss_mask: 1.4268  decode.d7.loss_dice: 0.8584  decode.d8.loss_cls: 0.2022  decode.d8.loss_mask: 1.4228  decode.d8.loss_dice: 0.8611
2026/09/24 14:43:04 - mmengine - INFO - Iter(train) [ 9250/20000]  base_lr: 0.0000e+00 lr: 8.4871e-06  eta: 2:00:11  time: 0.6620  data_time: 0.0123  memory: 5843  grad_norm: 916.5495  loss: 25.5508  decode.loss_cls: 0.1207  decode.loss_mask: 1.5866  decode.loss_dice: 0.9439  decode.d0.loss_cls: 0.2124  decode.d0.loss_mask: 1.4020  decode.d0.loss_dice: 0.8876  decode.d1.loss_cls: 0.1375  decode.d1.loss_mask: 1.4027  decode.d1.loss_dice: 0.8613  decode.d2.loss_cls: 0.1239  decode.d2.loss_mask: 1.5056  decode.d2.loss_dice: 0.9120  decode.d3.loss_cls: 0.1187  decode.d3.loss_mask: 1.4441  decode.d3.loss_dice: 0.9097  decode.d4.loss_cls: 0.0861  decode.d4.loss_mask: 1.5540  decode.d4.loss_dice: 0.9205  decode.d5.loss_cls: 0.0942  decode.d5.loss_mask: 1.6413  decode.d5.loss_dice: 0.9701  decode.d6.loss_cls: 0.0933  decode.d6.loss_mask: 1.5681  decode.d6.loss_dice: 0.9445  decode.d7.loss_cls: 0.1344  decode.d7.loss_mask: 1.4313  decode.d7.loss_dice: 0.9347  decode.d8.loss_cls: 0.1106  decode.d8.loss_mask: 1.5473  decode.d8.loss_dice: 0.9517
2026/09/24 14:43:38 - mmengine - INFO - Iter(train) [ 9300/20000]  base_lr: 0.0000e+00 lr: 8.4593e-06  eta: 1:59:36  time: 0.6707  data_time: 0.0121  memory: 5843  grad_norm: 1715.7246  loss: 23.8038  decode.loss_cls: 0.0313  decode.loss_mask: 1.5136  decode.loss_dice: 0.8498  decode.d0.loss_cls: 0.0819  decode.d0.loss_mask: 1.5696  decode.d0.loss_dice: 0.8498  decode.d1.loss_cls: 0.0540  decode.d1.loss_mask: 1.4458  decode.d1.loss_dice: 0.7726  decode.d2.loss_cls: 0.0415  decode.d2.loss_mask: 1.5008  decode.d2.loss_dice: 0.8046  decode.d3.loss_cls: 0.0442  decode.d3.loss_mask: 1.5275  decode.d3.loss_dice: 0.8305  decode.d4.loss_cls: 0.0438  decode.d4.loss_mask: 1.4680  decode.d4.loss_dice: 0.8219  decode.d5.loss_cls: 0.0471  decode.d5.loss_mask: 1.4728  decode.d5.loss_dice: 0.8064  decode.d6.loss_cls: 0.0481  decode.d6.loss_mask: 1.4936  decode.d6.loss_dice: 0.8138  decode.d7.loss_cls: 0.0264  decode.d7.loss_mask: 1.6183  decode.d7.loss_dice: 0.8256  decode.d8.loss_cls: 0.0345  decode.d8.loss_mask: 1.5496  decode.d8.loss_dice: 0.8164
2026/09/24 14:44:11 - mmengine - INFO - Iter(train) [ 9350/20000]  base_lr: 0.0000e+00 lr: 8.4316e-06  eta: 1:59:03  time: 0.6665  data_time: 0.0123  memory: 5843  grad_norm: 814.0885  loss: 24.3797  decode.loss_cls: 0.1175  decode.loss_mask: 1.3184  decode.loss_dice: 0.9332  decode.d0.loss_cls: 0.1609  decode.d0.loss_mask: 1.4899  decode.d0.loss_dice: 1.0182  decode.d1.loss_cls: 0.0942  decode.d1.loss_mask: 1.3145  decode.d1.loss_dice: 0.9137  decode.d2.loss_cls: 0.1288  decode.d2.loss_mask: 1.3446  decode.d2.loss_dice: 0.9352  decode.d3.loss_cls: 0.1258  decode.d3.loss_mask: 1.3515  decode.d3.loss_dice: 0.9442  decode.d4.loss_cls: 0.1047  decode.d4.loss_mask: 1.3691  decode.d4.loss_dice: 0.9469  decode.d5.loss_cls: 0.1308  decode.d5.loss_mask: 1.3386  decode.d5.loss_dice: 0.9586  decode.d6.loss_cls: 0.1158  decode.d6.loss_mask: 1.3534  decode.d6.loss_dice: 0.9539  decode.d7.loss_cls: 0.1170  decode.d7.loss_mask: 1.4055  decode.d7.loss_dice: 0.9575  decode.d8.loss_cls: 0.0965  decode.d8.loss_mask: 1.3998  decode.d8.loss_dice: 0.9407
2026/09/24 14:44:45 - mmengine - INFO - Iter(train) [ 9400/20000]  base_lr: 0.0000e+00 lr: 8.4038e-06  eta: 1:58:29  time: 0.6683  data_time: 0.0123  memory: 5843  grad_norm: 716.7612  loss: 22.3585  decode.loss_cls: 0.0801  decode.loss_mask: 1.2730  decode.loss_dice: 0.8819  decode.d0.loss_cls: 0.0990  decode.d0.loss_mask: 1.3125  decode.d0.loss_dice: 0.8816  decode.d1.loss_cls: 0.0768  decode.d1.loss_mask: 1.2868  decode.d1.loss_dice: 0.8778  decode.d2.loss_cls: 0.0907  decode.d2.loss_mask: 1.2928  decode.d2.loss_dice: 0.8700  decode.d3.loss_cls: 0.0967  decode.d3.loss_mask: 1.2569  decode.d3.loss_dice: 0.8568  decode.d4.loss_cls: 0.0733  decode.d4.loss_mask: 1.2613  decode.d4.loss_dice: 0.8784  decode.d5.loss_cls: 0.0767  decode.d5.loss_mask: 1.3156  decode.d5.loss_dice: 0.8732  decode.d6.loss_cls: 0.0739  decode.d6.loss_mask: 1.2443  decode.d6.loss_dice: 0.8614  decode.d7.loss_cls: 0.0763  decode.d7.loss_mask: 1.2731  decode.d7.loss_dice: 0.8945  decode.d8.loss_cls: 0.0718  decode.d8.loss_mask: 1.2713  decode.d8.loss_dice: 0.8801
2026/09/24 14:45:18 - mmengine - INFO - Iter(train) [ 9450/20000]  base_lr: 0.0000e+00 lr: 8.3759e-06  eta: 1:57:54  time: 0.6662  data_time: 0.0117  memory: 5844  grad_norm: 569.8796  loss: 19.1204  decode.loss_cls: 0.0942  decode.loss_mask: 1.1543  decode.loss_dice: 0.6275  decode.d0.loss_cls: 0.1465  decode.d0.loss_mask: 1.2541  decode.d0.loss_dice: 0.6345  decode.d1.loss_cls: 0.1062  decode.d1.loss_mask: 1.1436  decode.d1.loss_dice: 0.6286  decode.d2.loss_cls: 0.0926  decode.d2.loss_mask: 1.2251  decode.d2.loss_dice: 0.6473  decode.d3.loss_cls: 0.0887  decode.d3.loss_mask: 1.1662  decode.d3.loss_dice: 0.6419  decode.d4.loss_cls: 0.0927  decode.d4.loss_mask: 1.1575  decode.d4.loss_dice: 0.6426  decode.d5.loss_cls: 0.1019  decode.d5.loss_mask: 1.2203  decode.d5.loss_dice: 0.6439  decode.d6.loss_cls: 0.1088  decode.d6.loss_mask: 1.1329  decode.d6.loss_dice: 0.6221  decode.d7.loss_cls: 0.1025  decode.d7.loss_mask: 1.1433  decode.d7.loss_dice: 0.6285  decode.d8.loss_cls: 0.0896  decode.d8.loss_mask: 1.1469  decode.d8.loss_dice: 0.6357
2026/09/24 14:45:52 - mmengine - INFO - Iter(train) [ 9500/20000]  base_lr: 0.0000e+00 lr: 8.3481e-06  eta: 1:57:20  time: 0.6638  data_time: 0.0117  memory: 5843  grad_norm: 810.3771  loss: 21.8485  decode.loss_cls: 0.1753  decode.loss_mask: 1.2046  decode.loss_dice: 0.8098  decode.d0.loss_cls: 0.1860  decode.d0.loss_mask: 1.2663  decode.d0.loss_dice: 0.9020  decode.d1.loss_cls: 0.1792  decode.d1.loss_mask: 1.1537  decode.d1.loss_dice: 0.7885  decode.d2.loss_cls: 0.1627  decode.d2.loss_mask: 1.1923  decode.d2.loss_dice: 0.8089  decode.d3.loss_cls: 0.1597  decode.d3.loss_mask: 1.1670  decode.d3.loss_dice: 0.7918  decode.d4.loss_cls: 0.1352  decode.d4.loss_mask: 1.2195  decode.d4.loss_dice: 0.8325  decode.d5.loss_cls: 0.1782  decode.d5.loss_mask: 1.2784  decode.d5.loss_dice: 0.8591  decode.d6.loss_cls: 0.1540  decode.d6.loss_mask: 1.1616  decode.d6.loss_dice: 0.8030  decode.d7.loss_cls: 0.1968  decode.d7.loss_mask: 1.1655  decode.d7.loss_dice: 0.8003  decode.d8.loss_cls: 0.1700  decode.d8.loss_mask: 1.1534  decode.d8.loss_dice: 0.7932
2026/09/24 14:46:25 - mmengine - INFO - Iter(train) [ 9550/20000]  base_lr: 0.0000e+00 lr: 8.3203e-06  eta: 1:56:46  time: 0.6694  data_time: 0.0126  memory: 5844  grad_norm: 628.7894  loss: 20.5633  decode.loss_cls: 0.1097  decode.loss_mask: 1.1080  decode.loss_dice: 0.7877  decode.d0.loss_cls: 0.1245  decode.d0.loss_mask: 1.1581  decode.d0.loss_dice: 0.8164  decode.d1.loss_cls: 0.1420  decode.d1.loss_mask: 1.1316  decode.d1.loss_dice: 0.7688  decode.d2.loss_cls: 0.0824  decode.d2.loss_mask: 1.2161  decode.d2.loss_dice: 0.8206  decode.d3.loss_cls: 0.1061  decode.d3.loss_mask: 1.1563  decode.d3.loss_dice: 0.7914  decode.d4.loss_cls: 0.1155  decode.d4.loss_mask: 1.1715  decode.d4.loss_dice: 0.7861  decode.d5.loss_cls: 0.1067  decode.d5.loss_mask: 1.1913  decode.d5.loss_dice: 0.8127  decode.d6.loss_cls: 0.0859  decode.d6.loss_mask: 1.1751  decode.d6.loss_dice: 0.7896  decode.d7.loss_cls: 0.1106  decode.d7.loss_mask: 1.1116  decode.d7.loss_dice: 0.7477  decode.d8.loss_cls: 0.1283  decode.d8.loss_mask: 1.1108  decode.d8.loss_dice: 0.8001
2026/09/24 14:46:59 - mmengine - INFO - Iter(train) [ 9600/20000]  base_lr: 0.0000e+00 lr: 8.2924e-06  eta: 1:56:12  time: 0.6788  data_time: 0.0117  memory: 5843  grad_norm: 676.2629  loss: 23.9459  decode.loss_cls: 0.1935  decode.loss_mask: 1.3316  decode.loss_dice: 0.7924  decode.d0.loss_cls: 0.2851  decode.d0.loss_mask: 1.3042  decode.d0.loss_dice: 0.8013  decode.d1.loss_cls: 0.2076  decode.d1.loss_mask: 1.3386  decode.d1.loss_dice: 0.7840  decode.d2.loss_cls: 0.1915  decode.d2.loss_mask: 1.4167  decode.d2.loss_dice: 0.8571  decode.d3.loss_cls: 0.1903  decode.d3.loss_mask: 1.3898  decode.d3.loss_dice: 0.8409  decode.d4.loss_cls: 0.1786  decode.d4.loss_mask: 1.3703  decode.d4.loss_dice: 0.7835  decode.d5.loss_cls: 0.2269  decode.d5.loss_mask: 1.3898  decode.d5.loss_dice: 0.8583  decode.d6.loss_cls: 0.1801  decode.d6.loss_mask: 1.3808  decode.d6.loss_dice: 0.7925  decode.d7.loss_cls: 0.2205  decode.d7.loss_mask: 1.3917  decode.d7.loss_dice: 0.8315  decode.d8.loss_cls: 0.1884  decode.d8.loss_mask: 1.4071  decode.d8.loss_dice: 0.8214
2026/09/24 14:47:32 - mmengine - INFO - Iter(train) [ 9650/20000]  base_lr: 0.0000e+00 lr: 8.2646e-06  eta: 1:55:39  time: 0.6738  data_time: 0.0132  memory: 5843  grad_norm: 614.3359  loss: 19.8621  decode.loss_cls: 0.0845  decode.loss_mask: 1.2131  decode.loss_dice: 0.6804  decode.d0.loss_cls: 0.0996  decode.d0.loss_mask: 1.2368  decode.d0.loss_dice: 0.6739  decode.d1.loss_cls: 0.0883  decode.d1.loss_mask: 1.2104  decode.d1.loss_dice: 0.6800  decode.d2.loss_cls: 0.0681  decode.d2.loss_mask: 1.1955  decode.d2.loss_dice: 0.6843  decode.d3.loss_cls: 0.0741  decode.d3.loss_mask: 1.2042  decode.d3.loss_dice: 0.6762  decode.d4.loss_cls: 0.0684  decode.d4.loss_mask: 1.2321  decode.d4.loss_dice: 0.6895  decode.d5.loss_cls: 0.0701  decode.d5.loss_mask: 1.2417  decode.d5.loss_dice: 0.7054  decode.d6.loss_cls: 0.0921  decode.d6.loss_mask: 1.2303  decode.d6.loss_dice: 0.6975  decode.d7.loss_cls: 0.0901  decode.d7.loss_mask: 1.2284  decode.d7.loss_dice: 0.6864  decode.d8.loss_cls: 0.0822  decode.d8.loss_mask: 1.2013  decode.d8.loss_dice: 0.6773
2026/09/24 14:48:06 - mmengine - INFO - Iter(train) [ 9700/20000]  base_lr: 0.0000e+00 lr: 8.2367e-06  eta: 1:55:09  time: 0.6754  data_time: 0.0113  memory: 5844  grad_norm: 325.3240  loss: 17.8388  decode.loss_cls: 0.0625  decode.loss_mask: 0.9711  decode.loss_dice: 0.7453  decode.d0.loss_cls: 0.1083  decode.d0.loss_mask: 1.0068  decode.d0.loss_dice: 0.7858  decode.d1.loss_cls: 0.0567  decode.d1.loss_mask: 0.9646  decode.d1.loss_dice: 0.7016  decode.d2.loss_cls: 0.0538  decode.d2.loss_mask: 0.9669  decode.d2.loss_dice: 0.7390  decode.d3.loss_cls: 0.0518  decode.d3.loss_mask: 0.9488  decode.d3.loss_dice: 0.7198  decode.d4.loss_cls: 0.0420  decode.d4.loss_mask: 1.0043  decode.d4.loss_dice: 0.7565  decode.d5.loss_cls: 0.0361  decode.d5.loss_mask: 1.0042  decode.d5.loss_dice: 0.7534  decode.d6.loss_cls: 0.0542  decode.d6.loss_mask: 0.9750  decode.d6.loss_dice: 0.7490  decode.d7.loss_cls: 0.0513  decode.d7.loss_mask: 0.9975  decode.d7.loss_dice: 0.7484  decode.d8.loss_cls: 0.0563  decode.d8.loss_mask: 0.9801  decode.d8.loss_dice: 0.7477
2026/09/24 14:48:40 - mmengine - INFO - Iter(train) [ 9750/20000]  base_lr: 0.0000e+00 lr: 8.2089e-06  eta: 1:54:36  time: 0.6697  data_time: 0.0117  memory: 5843  grad_norm: 624.7332  loss: 18.3325  decode.loss_cls: 0.0483  decode.loss_mask: 1.1807  decode.loss_dice: 0.7306  decode.d0.loss_cls: 0.1344  decode.d0.loss_mask: 0.9644  decode.d0.loss_dice: 0.6886  decode.d1.loss_cls: 0.0546  decode.d1.loss_mask: 1.0980  decode.d1.loss_dice: 0.7048  decode.d2.loss_cls: 0.0438  decode.d2.loss_mask: 1.0835  decode.d2.loss_dice: 0.6798  decode.d3.loss_cls: 0.0482  decode.d3.loss_mask: 1.0795  decode.d3.loss_dice: 0.6742  decode.d4.loss_cls: 0.0422  decode.d4.loss_mask: 1.0758  decode.d4.loss_dice: 0.6833  decode.d5.loss_cls: 0.0533  decode.d5.loss_mask: 1.1160  decode.d5.loss_dice: 0.6923  decode.d6.loss_cls: 0.0549  decode.d6.loss_mask: 1.0818  decode.d6.loss_dice: 0.6606  decode.d7.loss_cls: 0.0396  decode.d7.loss_mask: 1.1333  decode.d7.loss_dice: 0.6798  decode.d8.loss_cls: 0.0562  decode.d8.loss_mask: 1.0830  decode.d8.loss_dice: 0.6671
2026/09/24 14:49:14 - mmengine - INFO - Iter(train) [ 9800/20000]  base_lr: 0.0000e+00 lr: 8.1810e-06  eta: 1:54:03  time: 0.6715  data_time: 0.0116  memory: 5843  grad_norm: 427.2532  loss: 21.2212  decode.loss_cls: 0.1472  decode.loss_mask: 1.1497  decode.loss_dice: 0.8522  decode.d0.loss_cls: 0.1726  decode.d0.loss_mask: 1.1446  decode.d0.loss_dice: 0.8341  decode.d1.loss_cls: 0.0780  decode.d1.loss_mask: 1.1782  decode.d1.loss_dice: 0.8263  decode.d2.loss_cls: 0.1359  decode.d2.loss_mask: 1.1467  decode.d2.loss_dice: 0.8680  decode.d3.loss_cls: 0.1632  decode.d3.loss_mask: 1.1393  decode.d3.loss_dice: 0.8124  decode.d4.loss_cls: 0.1553  decode.d4.loss_mask: 1.1653  decode.d4.loss_dice: 0.8236  decode.d5.loss_cls: 0.1380  decode.d5.loss_mask: 1.1232  decode.d5.loss_dice: 0.8106  decode.d6.loss_cls: 0.1493  decode.d6.loss_mask: 1.1375  decode.d6.loss_dice: 0.8148  decode.d7.loss_cls: 0.1440  decode.d7.loss_mask: 1.1392  decode.d7.loss_dice: 0.8072  decode.d8.loss_cls: 0.1407  decode.d8.loss_mask: 1.1776  decode.d8.loss_dice: 0.8465
2026/09/24 14:49:47 - mmengine - INFO - Iter(train) [ 9850/20000]  base_lr: 0.0000e+00 lr: 8.1531e-06  eta: 1:53:29  time: 0.6619  data_time: 0.0119  memory: 5843  grad_norm: 875.1723  loss: 24.3233  decode.loss_cls: 0.1113  decode.loss_mask: 1.4726  decode.loss_dice: 0.8565  decode.d0.loss_cls: 0.1903  decode.d0.loss_mask: 1.4573  decode.d0.loss_dice: 0.8632  decode.d1.loss_cls: 0.1198  decode.d1.loss_mask: 1.4893  decode.d1.loss_dice: 0.8258  decode.d2.loss_cls: 0.1081  decode.d2.loss_mask: 1.5069  decode.d2.loss_dice: 0.8574  decode.d3.loss_cls: 0.1561  decode.d3.loss_mask: 1.4037  decode.d3.loss_dice: 0.8410  decode.d4.loss_cls: 0.1024  decode.d4.loss_mask: 1.4424  decode.d4.loss_dice: 0.8594  decode.d5.loss_cls: 0.1215  decode.d5.loss_mask: 1.4484  decode.d5.loss_dice: 0.8574  decode.d6.loss_cls: 0.1226  decode.d6.loss_mask: 1.4372  decode.d6.loss_dice: 0.8355  decode.d7.loss_cls: 0.1162  decode.d7.loss_mask: 1.4449  decode.d7.loss_dice: 0.8461  decode.d8.loss_cls: 0.1529  decode.d8.loss_mask: 1.4293  decode.d8.loss_dice: 0.8476
2026/09/24 14:50:21 - mmengine - INFO - Iter(train) [ 9900/20000]  base_lr: 0.0000e+00 lr: 8.1252e-06  eta: 1:52:56  time: 0.6740  data_time: 0.0120  memory: 5843  grad_norm: 809.6982  loss: 23.4213  decode.loss_cls: 0.1461  decode.loss_mask: 1.3230  decode.loss_dice: 0.8224  decode.d0.loss_cls: 0.2254  decode.d0.loss_mask: 1.3611  decode.d0.loss_dice: 0.8171  decode.d1.loss_cls: 0.1493  decode.d1.loss_mask: 1.3490  decode.d1.loss_dice: 0.8217  decode.d2.loss_cls: 0.1537  decode.d2.loss_mask: 1.3582  decode.d2.loss_dice: 0.8330  decode.d3.loss_cls: 0.1488  decode.d3.loss_mask: 1.3879  decode.d3.loss_dice: 0.8529  decode.d4.loss_cls: 0.1514  decode.d4.loss_mask: 1.3742  decode.d4.loss_dice: 0.8185  decode.d5.loss_cls: 0.1839  decode.d5.loss_mask: 1.3125  decode.d5.loss_dice: 0.8323  decode.d6.loss_cls: 0.1818  decode.d6.loss_mask: 1.3409  decode.d6.loss_dice: 0.8094  decode.d7.loss_cls: 0.1551  decode.d7.loss_mask: 1.3801  decode.d7.loss_dice: 0.8282  decode.d8.loss_cls: 0.1624  decode.d8.loss_mask: 1.3391  decode.d8.loss_dice: 0.8019
2026/09/24 14:50:54 - mmengine - INFO - Iter(train) [ 9950/20000]  base_lr: 0.0000e+00 lr: 8.0973e-06  eta: 1:52:24  time: 0.6709  data_time: 0.0112  memory: 5843  grad_norm: 821.9875  loss: 28.2595  decode.loss_cls: 0.2418  decode.loss_mask: 1.7008  decode.loss_dice: 0.9045  decode.d0.loss_cls: 0.2833  decode.d0.loss_mask: 1.6291  decode.d0.loss_dice: 0.9197  decode.d1.loss_cls: 0.2387  decode.d1.loss_mask: 1.6835  decode.d1.loss_dice: 0.9070  decode.d2.loss_cls: 0.2350  decode.d2.loss_mask: 1.6702  decode.d2.loss_dice: 0.9081  decode.d3.loss_cls: 0.2224  decode.d3.loss_mask: 1.7078  decode.d3.loss_dice: 0.8964  decode.d4.loss_cls: 0.2051  decode.d4.loss_mask: 1.6913  decode.d4.loss_dice: 0.9262  decode.d5.loss_cls: 0.2301  decode.d5.loss_mask: 1.6738  decode.d5.loss_dice: 0.9083  decode.d6.loss_cls: 0.2352  decode.d6.loss_mask: 1.6945  decode.d6.loss_dice: 0.9034  decode.d7.loss_cls: 0.2536  decode.d7.loss_mask: 1.6984  decode.d7.loss_dice: 0.8742  decode.d8.loss_cls: 0.2447  decode.d8.loss_mask: 1.6870  decode.d8.loss_dice: 0.8853
2026/09/24 14:51:28 - mmengine - INFO - Exp name: mask2former_20260924_141104
2026/09/24 14:51:28 - mmengine - INFO - Iter(train) [10000/20000]  base_lr: 0.0000e+00 lr: 8.0693e-06  eta: 1:51:50  time: 0.6600  data_time: 0.0112  memory: 5843  grad_norm: 658.9452  loss: 26.0807  decode.loss_cls: 0.1145  decode.loss_mask: 1.5250  decode.loss_dice: 0.8673  decode.d0.loss_cls: 0.2391  decode.d0.loss_mask: 1.5263  decode.d0.loss_dice: 0.9158  decode.d1.loss_cls: 0.1836  decode.d1.loss_mask: 1.5273  decode.d1.loss_dice: 0.9254  decode.d2.loss_cls: 0.1532  decode.d2.loss_mask: 1.5384  decode.d2.loss_dice: 0.9398  decode.d3.loss_cls: 0.1457  decode.d3.loss_mask: 1.5492  decode.d3.loss_dice: 0.9522  decode.d4.loss_cls: 0.1580  decode.d4.loss_mask: 1.4975  decode.d4.loss_dice: 0.9244  decode.d5.loss_cls: 0.1419  decode.d5.loss_mask: 1.5451  decode.d5.loss_dice: 0.9651  decode.d6.loss_cls: 0.1481  decode.d6.loss_mask: 1.5169  decode.d6.loss_dice: 0.9519  decode.d7.loss_cls: 0.1225  decode.d7.loss_mask: 1.5362  decode.d7.loss_dice: 0.9074  decode.d8.loss_cls: 0.1574  decode.d8.loss_mask: 1.5207  decode.d8.loss_dice: 0.8847
2026/09/24 14:51:28 - mmengine - INFO - Saving checkpoint at 10000 iterations
2026/09/24 14:53:45 - mmengine - INFO - Iter(val) [ 50/304]    eta: 0:11:23  time: 2.6922  data_time: 0.0090  memory: 4047  
2026/09/24 14:56:27 - mmengine - INFO - Iter(val) [100/304]    eta: 0:10:05  time: 3.2079  data_time: 0.0093  memory: 4047  
2026/09/24 14:59:05 - mmengine - INFO - Iter(val) [150/304]    eta: 0:07:47  time: 3.1148  data_time: 0.0092  memory: 4047  
2026/09/24 15:01:40 - mmengine - INFO - Iter(val) [200/304]    eta: 0:05:17  time: 3.1040  data_time: 0.0089  memory: 4047  
2026/09/24 15:04:14 - mmengine - INFO - Iter(val) [250/304]    eta: 0:02:45  time: 3.1067  data_time: 0.0097  memory: 4047  
2026/09/24 15:06:47 - mmengine - INFO - Iter(val) [300/304]    eta: 0:00:12  time: 3.0543  data_time: 0.0090  memory: 4047  
2026/09/24 15:07:00 - mmengine - INFO - per class results:
2026/09/24 15:07:00 - mmengine - INFO - 
+------------------+-------+-------+-------+--------+-----------+--------+
|      Class       |  IoU  |  Acc  |  Dice | Fscore | Precision | Recall |
+------------------+-------+-------+-------+--------+-----------+--------+
|    background    | 95.35 | 96.51 | 97.62 | 97.62  |   98.76   | 96.51  |
| wastewater_plant | 61.71 |  86.2 | 76.32 | 76.32  |   68.48   |  86.2  |
+------------------+-------+-------+-------+--------+-----------+--------+
2026/09/24 15:07:00 - mmengine - INFO - Iter(val) [304/304]    aAcc: 95.6700  mIoU: 78.5300  mAcc: 91.3500  mDice: 86.9700  mFscore: 86.9700  mPrecision: 83.6200  mRecall: 91.3500  binary/Foreground_IoU: 61.7139  binary/Dice: 76.3248  binary/F1: 76.3248  binary/Precision: 68.4775  binary/Recall: 86.2034  binary/Boundary_F1: 11.7898  binary/BFScore: 11.7898  binary/Boundary_Precision: 8.8356  binary/Boundary_Recall: 17.7116  binary/Hausdorff_px: 682.7468  binary/HD95_px: 566.5211  binary/Hausdorff_m: 341.3734  binary/HD95_m: 283.2605  data_time: 0.0101  time: 3.0607
2026/09/24 15:07:33 - mmengine - INFO - Iter(train) [10050/20000]  base_lr: 0.0000e+00 lr: 8.0414e-06  eta: 1:51:15  time: 0.6663  data_time: 0.0121  memory: 5843  grad_norm: 916.7152  loss: 28.9306  decode.loss_cls: 0.2274  decode.loss_mask: 1.6117  decode.loss_dice: 1.0484  decode.d0.loss_cls: 0.1913  decode.d0.loss_mask: 1.5801  decode.d0.loss_dice: 1.0217  decode.d1.loss_cls: 0.2114  decode.d1.loss_mask: 1.6187  decode.d1.loss_dice: 1.0648  decode.d2.loss_cls: 0.1806  decode.d2.loss_mask: 1.6796  decode.d2.loss_dice: 1.0810  decode.d3.loss_cls: 0.1664  decode.d3.loss_mask: 1.7076  decode.d3.loss_dice: 1.1139  decode.d4.loss_cls: 0.1463  decode.d4.loss_mask: 1.6117  decode.d4.loss_dice: 1.0935  decode.d5.loss_cls: 0.1659  decode.d5.loss_mask: 1.7672  decode.d5.loss_dice: 1.1060  decode.d6.loss_cls: 0.2015  decode.d6.loss_mask: 1.6136  decode.d6.loss_dice: 1.0452  decode.d7.loss_cls: 0.2295  decode.d7.loss_mask: 1.5408  decode.d7.loss_dice: 1.0215  decode.d8.loss_cls: 0.2128  decode.d8.loss_mask: 1.6187  decode.d8.loss_dice: 1.0520
2026/09/24 15:08:07 - mmengine - INFO - Iter(train) [10100/20000]  base_lr: 0.0000e+00 lr: 8.0134e-06  eta: 1:50:42  time: 0.6779  data_time: 0.0123  memory: 5844  grad_norm: 882.3865  loss: 23.9367  decode.loss_cls: 0.1202  decode.loss_mask: 1.3495  decode.loss_dice: 0.8743  decode.d0.loss_cls: 0.1411  decode.d0.loss_mask: 1.3766  decode.d0.loss_dice: 0.9079  decode.d1.loss_cls: 0.1186  decode.d1.loss_mask: 1.4382  decode.d1.loss_dice: 0.8772  decode.d2.loss_cls: 0.1005  decode.d2.loss_mask: 1.4067  decode.d2.loss_dice: 0.8605  decode.d3.loss_cls: 0.1188  decode.d3.loss_mask: 1.3775  decode.d3.loss_dice: 0.9018  decode.d4.loss_cls: 0.1163  decode.d4.loss_mask: 1.3973  decode.d4.loss_dice: 0.8548  decode.d5.loss_cls: 0.1046  decode.d5.loss_mask: 1.3874  decode.d5.loss_dice: 0.9093  decode.d6.loss_cls: 0.1063  decode.d6.loss_mask: 1.4126  decode.d6.loss_dice: 0.9159  decode.d7.loss_cls: 0.1485  decode.d7.loss_mask: 1.4015  decode.d7.loss_dice: 0.8770  decode.d8.loss_cls: 0.1270  decode.d8.loss_mask: 1.3646  decode.d8.loss_dice: 0.8441
2026/09/24 15:08:40 - mmengine - INFO - Iter(train) [10150/20000]  base_lr: 0.0000e+00 lr: 7.9855e-06  eta: 1:50:07  time: 0.6646  data_time: 0.0121  memory: 5843  grad_norm: 419.5030  loss: 18.8149  decode.loss_cls: 0.0673  decode.loss_mask: 1.0202  decode.loss_dice: 0.7449  decode.d0.loss_cls: 0.1298  decode.d0.loss_mask: 1.0867  decode.d0.loss_dice: 0.7682  decode.d1.loss_cls: 0.0712  decode.d1.loss_mask: 1.0576  decode.d1.loss_dice: 0.7662  decode.d2.loss_cls: 0.0974  decode.d2.loss_mask: 0.9862  decode.d2.loss_dice: 0.7461  decode.d3.loss_cls: 0.0674  decode.d3.loss_mask: 1.0590  decode.d3.loss_dice: 0.7741  decode.d4.loss_cls: 0.0810  decode.d4.loss_mask: 1.0294  decode.d4.loss_dice: 0.7621  decode.d5.loss_cls: 0.0702  decode.d5.loss_mask: 1.0521  decode.d5.loss_dice: 0.7781  decode.d6.loss_cls: 0.0683  decode.d6.loss_mask: 1.0221  decode.d6.loss_dice: 0.7586  decode.d7.loss_cls: 0.1000  decode.d7.loss_mask: 1.0096  decode.d7.loss_dice: 0.7501  decode.d8.loss_cls: 0.0801  decode.d8.loss_mask: 1.0387  decode.d8.loss_dice: 0.7722
2026/09/24 15:09:14 - mmengine - INFO - Iter(train) [10200/20000]  base_lr: 0.0000e+00 lr: 7.9575e-06  eta: 1:49:34  time: 0.6736  data_time: 0.0124  memory: 5843  grad_norm: 889.1938  loss: 24.0725  decode.loss_cls: 0.1322  decode.loss_mask: 1.3517  decode.loss_dice: 0.9205  decode.d0.loss_cls: 0.2054  decode.d0.loss_mask: 1.3688  decode.d0.loss_dice: 0.8833  decode.d1.loss_cls: 0.1447  decode.d1.loss_mask: 1.3651  decode.d1.loss_dice: 0.9045  decode.d2.loss_cls: 0.1175  decode.d2.loss_mask: 1.3317  decode.d2.loss_dice: 0.8946  decode.d3.loss_cls: 0.1608  decode.d3.loss_mask: 1.3445  decode.d3.loss_dice: 0.9204  decode.d4.loss_cls: 0.1369  decode.d4.loss_mask: 1.3688  decode.d4.loss_dice: 0.9136  decode.d5.loss_cls: 0.1294  decode.d5.loss_mask: 1.3584  decode.d5.loss_dice: 0.8830  decode.d6.loss_cls: 0.1655  decode.d6.loss_mask: 1.3739  decode.d6.loss_dice: 0.8849  decode.d7.loss_cls: 0.1610  decode.d7.loss_mask: 1.3506  decode.d7.loss_dice: 0.8800  decode.d8.loss_cls: 0.1334  decode.d8.loss_mask: 1.3842  decode.d8.loss_dice: 0.9031
2026/09/24 15:09:47 - mmengine - INFO - Iter(train) [10250/20000]  base_lr: 0.0000e+00 lr: 7.9295e-06  eta: 1:49:01  time: 0.6830  data_time: 0.0123  memory: 5843  grad_norm: 801.5591  loss: 20.4063  decode.loss_cls: 0.0725  decode.loss_mask: 1.3198  decode.loss_dice: 0.6264  decode.d0.loss_cls: 0.0750  decode.d0.loss_mask: 1.4049  decode.d0.loss_dice: 0.7334  decode.d1.loss_cls: 0.0749  decode.d1.loss_mask: 1.3491  decode.d1.loss_dice: 0.6116  decode.d2.loss_cls: 0.0601  decode.d2.loss_mask: 1.3126  decode.d2.loss_dice: 0.6262  decode.d3.loss_cls: 0.0730  decode.d3.loss_mask: 1.3299  decode.d3.loss_dice: 0.6155  decode.d4.loss_cls: 0.0553  decode.d4.loss_mask: 1.3462  decode.d4.loss_dice: 0.6103  decode.d5.loss_cls: 0.0659  decode.d5.loss_mask: 1.3580  decode.d5.loss_dice: 0.6241  decode.d6.loss_cls: 0.0709  decode.d6.loss_mask: 1.3432  decode.d6.loss_dice: 0.6072  decode.d7.loss_cls: 0.0657  decode.d7.loss_mask: 1.3477  decode.d7.loss_dice: 0.5979  decode.d8.loss_cls: 0.0605  decode.d8.loss_mask: 1.3608  decode.d8.loss_dice: 0.6076
2026/09/24 15:10:21 - mmengine - INFO - Iter(train) [10300/20000]  base_lr: 0.0000e+00 lr: 7.9015e-06  eta: 1:48:26  time: 0.6661  data_time: 0.0112  memory: 5843  grad_norm: 1059.6539  loss: 25.1558  decode.loss_cls: 0.2167  decode.loss_mask: 1.2501  decode.loss_dice: 0.9298  decode.d0.loss_cls: 0.2738  decode.d0.loss_mask: 1.3384  decode.d0.loss_dice: 0.9839  decode.d1.loss_cls: 0.2187  decode.d1.loss_mask: 1.3152  decode.d1.loss_dice: 0.9963  decode.d2.loss_cls: 0.2166  decode.d2.loss_mask: 1.3257  decode.d2.loss_dice: 0.9714  decode.d3.loss_cls: 0.2203  decode.d3.loss_mask: 1.3135  decode.d3.loss_dice: 0.9565  decode.d4.loss_cls: 0.2267  decode.d4.loss_mask: 1.3411  decode.d4.loss_dice: 0.9445  decode.d5.loss_cls: 0.2436  decode.d5.loss_mask: 1.3782  decode.d5.loss_dice: 1.0438  decode.d6.loss_cls: 0.2106  decode.d6.loss_mask: 1.3364  decode.d6.loss_dice: 1.0120  decode.d7.loss_cls: 0.1805  decode.d7.loss_mask: 1.2873  decode.d7.loss_dice: 0.9492  decode.d8.loss_cls: 0.2200  decode.d8.loss_mask: 1.2829  decode.d8.loss_dice: 0.9723
2026/09/24 15:10:54 - mmengine - INFO - Iter(train) [10350/20000]  base_lr: 0.0000e+00 lr: 7.8735e-06  eta: 1:47:52  time: 0.6623  data_time: 0.0119  memory: 5844  grad_norm: 1032.2367  loss: 21.9673  decode.loss_cls: 0.1107  decode.loss_mask: 1.2690  decode.loss_dice: 0.7483  decode.d0.loss_cls: 0.1713  decode.d0.loss_mask: 1.3524  decode.d0.loss_dice: 0.7874  decode.d1.loss_cls: 0.1364  decode.d1.loss_mask: 1.2860  decode.d1.loss_dice: 0.7439  decode.d2.loss_cls: 0.0825  decode.d2.loss_mask: 1.4064  decode.d2.loss_dice: 0.7821  decode.d3.loss_cls: 0.1195  decode.d3.loss_mask: 1.3251  decode.d3.loss_dice: 0.7510  decode.d4.loss_cls: 0.1083  decode.d4.loss_mask: 1.3085  decode.d4.loss_dice: 0.7432  decode.d5.loss_cls: 0.1068  decode.d5.loss_mask: 1.3195  decode.d5.loss_dice: 0.7918  decode.d6.loss_cls: 0.1122  decode.d6.loss_mask: 1.2730  decode.d6.loss_dice: 0.7594  decode.d7.loss_cls: 0.1036  decode.d7.loss_mask: 1.2874  decode.d7.loss_dice: 0.7283  decode.d8.loss_cls: 0.1086  decode.d8.loss_mask: 1.3637  decode.d8.loss_dice: 0.7812
2026/09/24 15:11:27 - mmengine - INFO - Iter(train) [10400/20000]  base_lr: 0.0000e+00 lr: 7.8455e-06  eta: 1:47:17  time: 0.6666  data_time: 0.0117  memory: 5844  grad_norm: 711.5135  loss: 26.5946  decode.loss_cls: 0.1457  decode.loss_mask: 1.4095  decode.loss_dice: 0.9443  decode.d0.loss_cls: 0.2452  decode.d0.loss_mask: 1.4959  decode.d0.loss_dice: 0.9469  decode.d1.loss_cls: 0.1698  decode.d1.loss_mask: 1.4128  decode.d1.loss_dice: 0.9707  decode.d2.loss_cls: 0.2012  decode.d2.loss_mask: 1.4524  decode.d2.loss_dice: 0.9925  decode.d3.loss_cls: 0.2205  decode.d3.loss_mask: 1.4654  decode.d3.loss_dice: 1.0030  decode.d4.loss_cls: 0.1842  decode.d4.loss_mask: 1.5418  decode.d4.loss_dice: 1.0462  decode.d5.loss_cls: 0.1941  decode.d5.loss_mask: 1.5774  decode.d5.loss_dice: 1.0126  decode.d6.loss_cls: 0.1668  decode.d6.loss_mask: 1.4304  decode.d6.loss_dice: 0.9913  decode.d7.loss_cls: 0.1599  decode.d7.loss_mask: 1.4871  decode.d7.loss_dice: 0.9758  decode.d8.loss_cls: 0.1442  decode.d8.loss_mask: 1.5864  decode.d8.loss_dice: 1.0206
2026/09/24 15:12:01 - mmengine - INFO - Iter(train) [10450/20000]  base_lr: 0.0000e+00 lr: 7.8175e-06  eta: 1:46:44  time: 0.6705  data_time: 0.0116  memory: 5843  grad_norm: 1076.0503  loss: 23.4937  decode.loss_cls: 0.2568  decode.loss_mask: 1.1859  decode.loss_dice: 0.8169  decode.d0.loss_cls: 0.2350  decode.d0.loss_mask: 1.3045  decode.d0.loss_dice: 0.8493  decode.d1.loss_cls: 0.2583  decode.d1.loss_mask: 1.2376  decode.d1.loss_dice: 0.8330  decode.d2.loss_cls: 0.2827  decode.d2.loss_mask: 1.2358  decode.d2.loss_dice: 0.8516  decode.d3.loss_cls: 0.2862  decode.d3.loss_mask: 1.2523  decode.d3.loss_dice: 0.8616  decode.d4.loss_cls: 0.2573  decode.d4.loss_mask: 1.2727  decode.d4.loss_dice: 0.8381  decode.d5.loss_cls: 0.2375  decode.d5.loss_mask: 1.3161  decode.d5.loss_dice: 0.8886  decode.d6.loss_cls: 0.2401  decode.d6.loss_mask: 1.2221  decode.d6.loss_dice: 0.8165  decode.d7.loss_cls: 0.1968  decode.d7.loss_mask: 1.2803  decode.d7.loss_dice: 0.8582  decode.d8.loss_cls: 0.2345  decode.d8.loss_mask: 1.2432  decode.d8.loss_dice: 0.8442
2026/09/24 15:12:34 - mmengine - INFO - Iter(train) [10500/20000]  base_lr: 0.0000e+00 lr: 7.7895e-06  eta: 1:46:10  time: 0.6613  data_time: 0.0113  memory: 5843  grad_norm: 1264.4842  loss: 26.0040  decode.loss_cls: 0.1662  decode.loss_mask: 1.5882  decode.loss_dice: 0.8830  decode.d0.loss_cls: 0.2459  decode.d0.loss_mask: 1.5156  decode.d0.loss_dice: 0.8640  decode.d1.loss_cls: 0.2009  decode.d1.loss_mask: 1.5405  decode.d1.loss_dice: 0.8626  decode.d2.loss_cls: 0.2246  decode.d2.loss_mask: 1.4894  decode.d2.loss_dice: 0.8477  decode.d3.loss_cls: 0.1915  decode.d3.loss_mask: 1.5817  decode.d3.loss_dice: 0.8545  decode.d4.loss_cls: 0.1927  decode.d4.loss_mask: 1.4707  decode.d4.loss_dice: 0.8392  decode.d5.loss_cls: 0.1764  decode.d5.loss_mask: 1.5294  decode.d5.loss_dice: 0.8788  decode.d6.loss_cls: 0.1709  decode.d6.loss_mask: 1.5293  decode.d6.loss_dice: 0.8844  decode.d7.loss_cls: 0.1537  decode.d7.loss_mask: 1.5984  decode.d7.loss_dice: 0.9015  decode.d8.loss_cls: 0.1725  decode.d8.loss_mask: 1.5974  decode.d8.loss_dice: 0.8523
2026/09/24 15:13:07 - mmengine - INFO - Iter(train) [10550/20000]  base_lr: 0.0000e+00 lr: 7.7614e-06  eta: 1:45:35  time: 0.6647  data_time: 0.0114  memory: 5844  grad_norm: 592.6110  loss: 22.7495  decode.loss_cls: 0.0834  decode.loss_mask: 1.3207  decode.loss_dice: 0.8221  decode.d0.loss_cls: 0.1796  decode.d0.loss_mask: 1.3321  decode.d0.loss_dice: 0.8049  decode.d1.loss_cls: 0.0761  decode.d1.loss_mask: 1.3727  decode.d1.loss_dice: 0.8577  decode.d2.loss_cls: 0.0732  decode.d2.loss_mask: 1.3079  decode.d2.loss_dice: 0.8594  decode.d3.loss_cls: 0.0866  decode.d3.loss_mask: 1.3213  decode.d3.loss_dice: 0.8719  decode.d4.loss_cls: 0.0829  decode.d4.loss_mask: 1.3405  decode.d4.loss_dice: 0.8354  decode.d5.loss_cls: 0.0757  decode.d5.loss_mask: 1.3188  decode.d5.loss_dice: 0.8509  decode.d6.loss_cls: 0.0653  decode.d6.loss_mask: 1.3731  decode.d6.loss_dice: 0.8897  decode.d7.loss_cls: 0.0677  decode.d7.loss_mask: 1.3267  decode.d7.loss_dice: 0.8688  decode.d8.loss_cls: 0.0736  decode.d8.loss_mask: 1.3440  decode.d8.loss_dice: 0.8670
2026/09/24 15:13:41 - mmengine - INFO - Iter(train) [10600/20000]  base_lr: 0.0000e+00 lr: 7.7333e-06  eta: 1:45:02  time: 0.6615  data_time: 0.0111  memory: 5844  grad_norm: 894.4676  loss: 28.2912  decode.loss_cls: 0.1413  decode.loss_mask: 1.6074  decode.loss_dice: 1.0175  decode.d0.loss_cls: 0.2047  decode.d0.loss_mask: 1.6285  decode.d0.loss_dice: 1.0250  decode.d1.loss_cls: 0.1484  decode.d1.loss_mask: 1.6969  decode.d1.loss_dice: 1.0406  decode.d2.loss_cls: 0.1328  decode.d2.loss_mask: 1.6142  decode.d2.loss_dice: 1.0589  decode.d3.loss_cls: 0.1374  decode.d3.loss_mask: 1.6389  decode.d3.loss_dice: 1.0523  decode.d4.loss_cls: 0.1269  decode.d4.loss_mask: 1.6997  decode.d4.loss_dice: 1.0364  decode.d5.loss_cls: 0.1188  decode.d5.loss_mask: 1.6517  decode.d5.loss_dice: 1.0709  decode.d6.loss_cls: 0.0985  decode.d6.loss_mask: 1.6484  decode.d6.loss_dice: 1.0689  decode.d7.loss_cls: 0.1247  decode.d7.loss_mask: 1.6177  decode.d7.loss_dice: 1.0770  decode.d8.loss_cls: 0.1099  decode.d8.loss_mask: 1.6329  decode.d8.loss_dice: 1.0638
2026/09/24 15:14:14 - mmengine - INFO - Iter(train) [10650/20000]  base_lr: 0.0000e+00 lr: 7.7053e-06  eta: 1:44:28  time: 0.6720  data_time: 0.0118  memory: 5843  grad_norm: 560.0098  loss: 21.7627  decode.loss_cls: 0.1908  decode.loss_mask: 1.2598  decode.loss_dice: 0.6578  decode.d0.loss_cls: 0.2515  decode.d0.loss_mask: 1.3379  decode.d0.loss_dice: 0.6673  decode.d1.loss_cls: 0.1484  decode.d1.loss_mask: 1.2542  decode.d1.loss_dice: 0.6680  decode.d2.loss_cls: 0.1556  decode.d2.loss_mask: 1.3158  decode.d2.loss_dice: 0.6634  decode.d3.loss_cls: 0.1662  decode.d3.loss_mask: 1.4252  decode.d3.loss_dice: 0.7201  decode.d4.loss_cls: 0.1641  decode.d4.loss_mask: 1.3834  decode.d4.loss_dice: 0.6836  decode.d5.loss_cls: 0.1962  decode.d5.loss_mask: 1.3406  decode.d5.loss_dice: 0.6635  decode.d6.loss_cls: 0.1827  decode.d6.loss_mask: 1.2482  decode.d6.loss_dice: 0.6379  decode.d7.loss_cls: 0.1602  decode.d7.loss_mask: 1.4559  decode.d7.loss_dice: 0.6844  decode.d8.loss_cls: 0.1675  decode.d8.loss_mask: 1.2675  decode.d8.loss_dice: 0.6451
2026/09/24 15:14:48 - mmengine - INFO - Iter(train) [10700/20000]  base_lr: 0.0000e+00 lr: 7.6772e-06  eta: 1:43:54  time: 0.6753  data_time: 0.0117  memory: 5843  grad_norm: 601.5927  loss: 25.8002  decode.loss_cls: 0.0808  decode.loss_mask: 1.4983  decode.loss_dice: 1.0042  decode.d0.loss_cls: 0.1960  decode.d0.loss_mask: 1.4258  decode.d0.loss_dice: 0.9511  decode.d1.loss_cls: 0.1281  decode.d1.loss_mask: 1.4959  decode.d1.loss_dice: 0.9867  decode.d2.loss_cls: 0.1041  decode.d2.loss_mask: 1.4848  decode.d2.loss_dice: 0.9899  decode.d3.loss_cls: 0.0807  decode.d3.loss_mask: 1.5199  decode.d3.loss_dice: 1.0062  decode.d4.loss_cls: 0.1146  decode.d4.loss_mask: 1.4458  decode.d4.loss_dice: 0.9665  decode.d5.loss_cls: 0.0830  decode.d5.loss_mask: 1.5216  decode.d5.loss_dice: 0.9923  decode.d6.loss_cls: 0.1008  decode.d6.loss_mask: 1.4627  decode.d6.loss_dice: 0.9763  decode.d7.loss_cls: 0.1237  decode.d7.loss_mask: 1.4402  decode.d7.loss_dice: 0.9895  decode.d8.loss_cls: 0.1131  decode.d8.loss_mask: 1.5191  decode.d8.loss_dice: 0.9985
2026/09/24 15:15:21 - mmengine - INFO - Iter(train) [10750/20000]  base_lr: 0.0000e+00 lr: 7.6491e-06  eta: 1:43:21  time: 0.6717  data_time: 0.0120  memory: 5843  grad_norm: 568.6530  loss: 19.7221  decode.loss_cls: 0.0870  decode.loss_mask: 1.1857  decode.loss_dice: 0.7455  decode.d0.loss_cls: 0.1457  decode.d0.loss_mask: 1.0711  decode.d0.loss_dice: 0.6969  decode.d1.loss_cls: 0.0865  decode.d1.loss_mask: 1.1679  decode.d1.loss_dice: 0.7158  decode.d2.loss_cls: 0.0774  decode.d2.loss_mask: 1.1741  decode.d2.loss_dice: 0.7202  decode.d3.loss_cls: 0.0719  decode.d3.loss_mask: 1.1579  decode.d3.loss_dice: 0.7489  decode.d4.loss_cls: 0.0646  decode.d4.loss_mask: 1.1722  decode.d4.loss_dice: 0.7783  decode.d5.loss_cls: 0.1005  decode.d5.loss_mask: 1.0664  decode.d5.loss_dice: 0.7170  decode.d6.loss_cls: 0.0853  decode.d6.loss_mask: 1.1449  decode.d6.loss_dice: 0.7343  decode.d7.loss_cls: 0.0661  decode.d7.loss_mask: 1.1585  decode.d7.loss_dice: 0.7615  decode.d8.loss_cls: 0.0659  decode.d8.loss_mask: 1.1834  decode.d8.loss_dice: 0.7706
2026/09/24 15:15:55 - mmengine - INFO - Iter(train) [10800/20000]  base_lr: 0.0000e+00 lr: 7.6210e-06  eta: 1:42:48  time: 0.6608  data_time: 0.0120  memory: 5843  grad_norm: 1021.3306  loss: 25.0956  decode.loss_cls: 0.2371  decode.loss_mask: 1.3806  decode.loss_dice: 0.8310  decode.d0.loss_cls: 0.2880  decode.d0.loss_mask: 1.4091  decode.d0.loss_dice: 0.8750  decode.d1.loss_cls: 0.2222  decode.d1.loss_mask: 1.4333  decode.d1.loss_dice: 0.8857  decode.d2.loss_cls: 0.2123  decode.d2.loss_mask: 1.3967  decode.d2.loss_dice: 0.8593  decode.d3.loss_cls: 0.1893  decode.d3.loss_mask: 1.4197  decode.d3.loss_dice: 0.8627  decode.d4.loss_cls: 0.2066  decode.d4.loss_mask: 1.4467  decode.d4.loss_dice: 0.8824  decode.d5.loss_cls: 0.2310  decode.d5.loss_mask: 1.4309  decode.d5.loss_dice: 0.8658  decode.d6.loss_cls: 0.2292  decode.d6.loss_mask: 1.4204  decode.d6.loss_dice: 0.8519  decode.d7.loss_cls: 0.2041  decode.d7.loss_mask: 1.4719  decode.d7.loss_dice: 0.8647  decode.d8.loss_cls: 0.2299  decode.d8.loss_mask: 1.4163  decode.d8.loss_dice: 0.8419
2026/09/24 15:16:28 - mmengine - INFO - Iter(train) [10850/20000]  base_lr: 0.0000e+00 lr: 7.5929e-06  eta: 1:42:13  time: 0.6631  data_time: 0.0118  memory: 5844  grad_norm: 725.0842  loss: 25.8632  decode.loss_cls: 0.3908  decode.loss_mask: 1.3154  decode.loss_dice: 0.8893  decode.d0.loss_cls: 0.2891  decode.d0.loss_mask: 1.2829  decode.d0.loss_dice: 0.9011  decode.d1.loss_cls: 0.2786  decode.d1.loss_mask: 1.4119  decode.d1.loss_dice: 0.8903  decode.d2.loss_cls: 0.3025  decode.d2.loss_mask: 1.3612  decode.d2.loss_dice: 0.9073  decode.d3.loss_cls: 0.3478  decode.d3.loss_mask: 1.3398  decode.d3.loss_dice: 0.9193  decode.d4.loss_cls: 0.3447  decode.d4.loss_mask: 1.3307  decode.d4.loss_dice: 0.9087  decode.d5.loss_cls: 0.3573  decode.d5.loss_mask: 1.3469  decode.d5.loss_dice: 0.9191  decode.d6.loss_cls: 0.3997  decode.d6.loss_mask: 1.3059  decode.d6.loss_dice: 0.8595  decode.d7.loss_cls: 0.3741  decode.d7.loss_mask: 1.3032  decode.d7.loss_dice: 0.8858  decode.d8.loss_cls: 0.3972  decode.d8.loss_mask: 1.3794  decode.d8.loss_dice: 0.9237
2026/09/24 15:17:02 - mmengine - INFO - Iter(train) [10900/20000]  base_lr: 0.0000e+00 lr: 7.5648e-06  eta: 1:41:39  time: 0.6598  data_time: 0.0115  memory: 5843  grad_norm: 1274.5243  loss: 25.4218  decode.loss_cls: 0.1947  decode.loss_mask: 1.4262  decode.loss_dice: 0.8262  decode.d0.loss_cls: 0.2326  decode.d0.loss_mask: 1.4546  decode.d0.loss_dice: 0.8471  decode.d1.loss_cls: 0.1530  decode.d1.loss_mask: 1.5003  decode.d1.loss_dice: 0.8897  decode.d2.loss_cls: 0.2181  decode.d2.loss_mask: 1.4942  decode.d2.loss_dice: 0.8864  decode.d3.loss_cls: 0.2240  decode.d3.loss_mask: 1.4690  decode.d3.loss_dice: 0.8970  decode.d4.loss_cls: 0.1945  decode.d4.loss_mask: 1.4530  decode.d4.loss_dice: 0.8666  decode.d5.loss_cls: 0.2131  decode.d5.loss_mask: 1.4961  decode.d5.loss_dice: 0.9143  decode.d6.loss_cls: 0.1425  decode.d6.loss_mask: 1.5000  decode.d6.loss_dice: 0.8919  decode.d7.loss_cls: 0.1963  decode.d7.loss_mask: 1.3587  decode.d7.loss_dice: 0.8217  decode.d8.loss_cls: 0.1456  decode.d8.loss_mask: 1.6048  decode.d8.loss_dice: 0.9097
2026/09/24 15:17:35 - mmengine - INFO - Iter(train) [10950/20000]  base_lr: 0.0000e+00 lr: 7.5366e-06  eta: 1:41:06  time: 0.6733  data_time: 0.0118  memory: 5844  grad_norm: 815.1600  loss: 27.0961  decode.loss_cls: 0.2284  decode.loss_mask: 1.6907  decode.loss_dice: 0.9276  decode.d0.loss_cls: 0.3158  decode.d0.loss_mask: 1.5590  decode.d0.loss_dice: 0.9314  decode.d1.loss_cls: 0.1953  decode.d1.loss_mask: 1.6175  decode.d1.loss_dice: 0.8933  decode.d2.loss_cls: 0.2386  decode.d2.loss_mask: 1.4854  decode.d2.loss_dice: 0.8876  decode.d3.loss_cls: 0.2031  decode.d3.loss_mask: 1.5151  decode.d3.loss_dice: 0.9019  decode.d4.loss_cls: 0.2143  decode.d4.loss_mask: 1.4871  decode.d4.loss_dice: 0.8817  decode.d5.loss_cls: 0.2040  decode.d5.loss_mask: 1.5340  decode.d5.loss_dice: 0.9183  decode.d6.loss_cls: 0.2047  decode.d6.loss_mask: 1.5629  decode.d6.loss_dice: 0.9091  decode.d7.loss_cls: 0.1957  decode.d7.loss_mask: 1.5672  decode.d7.loss_dice: 0.9599  decode.d8.loss_cls: 0.2100  decode.d8.loss_mask: 1.6970  decode.d8.loss_dice: 0.9596
2026/09/24 15:18:09 - mmengine - INFO - Exp name: mask2former_20260924_141104
2026/09/24 15:18:09 - mmengine - INFO - Iter(train) [11000/20000]  base_lr: 0.0000e+00 lr: 7.5085e-06  eta: 1:40:33  time: 0.6720  data_time: 0.0122  memory: 5844  grad_norm: 885.0153  loss: 21.8216  decode.loss_cls: 0.0877  decode.loss_mask: 1.2691  decode.loss_dice: 0.8094  decode.d0.loss_cls: 0.1416  decode.d0.loss_mask: 1.3092  decode.d0.loss_dice: 0.8175  decode.d1.loss_cls: 0.0992  decode.d1.loss_mask: 1.2737  decode.d1.loss_dice: 0.8119  decode.d2.loss_cls: 0.0784  decode.d2.loss_mask: 1.2675  decode.d2.loss_dice: 0.8035  decode.d3.loss_cls: 0.0824  decode.d3.loss_mask: 1.2751  decode.d3.loss_dice: 0.7905  decode.d4.loss_cls: 0.1045  decode.d4.loss_mask: 1.2903  decode.d4.loss_dice: 0.8085  decode.d5.loss_cls: 0.0960  decode.d5.loss_mask: 1.3041  decode.d5.loss_dice: 0.8047  decode.d6.loss_cls: 0.0898  decode.d6.loss_mask: 1.2694  decode.d6.loss_dice: 0.7731  decode.d7.loss_cls: 0.1023  decode.d7.loss_mask: 1.2741  decode.d7.loss_dice: 0.7924  decode.d8.loss_cls: 0.0963  decode.d8.loss_mask: 1.3182  decode.d8.loss_dice: 0.7813
2026/09/24 15:18:09 - mmengine - INFO - Saving checkpoint at 11000 iterations
2026/09/24 15:20:27 - mmengine - INFO - Iter(val) [ 50/304]    eta: 0:11:28  time: 2.7095  data_time: 0.0095  memory: 4047  
2026/09/24 15:23:11 - mmengine - INFO - Iter(val) [100/304]    eta: 0:10:10  time: 3.2318  data_time: 0.0090  memory: 4047  
2026/09/24 15:25:53 - mmengine - INFO - Iter(val) [150/304]    eta: 0:07:53  time: 3.2180  data_time: 0.0084  memory: 4047  
2026/09/24 15:28:34 - mmengine - INFO - Iter(val) [200/304]    eta: 0:05:23  time: 3.2463  data_time: 0.0088  memory: 4047  
2026/09/24 15:31:14 - mmengine - INFO - Iter(val) [250/304]    eta: 0:02:49  time: 3.2309  data_time: 0.0087  memory: 4047  
2026/09/24 15:33:54 - mmengine - INFO - Iter(val) [300/304]    eta: 0:00:12  time: 3.1870  data_time: 0.0086  memory: 4047  
2026/09/24 15:34:07 - mmengine - INFO - per class results:
2026/09/24 15:34:07 - mmengine - INFO - 
+------------------+-------+-------+-------+--------+-----------+--------+
|      Class       |  IoU  |  Acc  |  Dice | Fscore | Precision | Recall |
+------------------+-------+-------+-------+--------+-----------+--------+
|    background    | 94.92 | 96.09 | 97.39 | 97.39  |   98.74   | 96.09  |
| wastewater_plant | 59.58 | 86.03 | 74.67 | 74.67  |   65.96   | 86.03  |
+------------------+-------+-------+-------+--------+-----------+--------+
2026/09/24 15:34:07 - mmengine - INFO - Iter(val) [304/304]    aAcc: 95.2800  mIoU: 77.2500  mAcc: 91.0600  mDice: 86.0300  mFscore: 86.0300  mPrecision: 82.3500  mRecall: 91.0600  binary/Foreground_IoU: 59.5761  binary/Dice: 74.6679  binary/F1: 74.6679  binary/Precision: 65.9594  binary/Recall: 86.0258  binary/Boundary_F1: 12.4440  binary/BFScore: 12.4440  binary/Boundary_Precision: 9.6368  binary/Boundary_Recall: 17.5592  binary/Hausdorff_px: 553.2184  binary/HD95_px: 473.8049  binary/Hausdorff_m: 276.6092  binary/HD95_m: 236.9024  data_time: 0.0099  time: 3.1422
2026/09/24 15:34:40 - mmengine - INFO - Iter(train) [11050/20000]  base_lr: 0.0000e+00 lr: 7.4803e-06  eta: 1:39:59  time: 0.6762  data_time: 0.0123  memory: 5843  grad_norm: 656.3136  loss: 27.7783  decode.loss_cls: 0.1552  decode.loss_mask: 1.5679  decode.loss_dice: 0.9616  decode.d0.loss_cls: 0.1791  decode.d0.loss_mask: 1.6927  decode.d0.loss_dice: 1.0454  decode.d1.loss_cls: 0.1138  decode.d1.loss_mask: 1.6297  decode.d1.loss_dice: 0.9705  decode.d2.loss_cls: 0.1197  decode.d2.loss_mask: 1.6820  decode.d2.loss_dice: 0.9851  decode.d3.loss_cls: 0.1131  decode.d3.loss_mask: 1.7040  decode.d3.loss_dice: 0.9907  decode.d4.loss_cls: 0.1180  decode.d4.loss_mask: 1.6565  decode.d4.loss_dice: 0.9759  decode.d5.loss_cls: 0.1269  decode.d5.loss_mask: 1.6779  decode.d5.loss_dice: 0.9597  decode.d6.loss_cls: 0.1261  decode.d6.loss_mask: 1.7073  decode.d6.loss_dice: 1.0031  decode.d7.loss_cls: 0.1359  decode.d7.loss_mask: 1.6557  decode.d7.loss_dice: 0.9721  decode.d8.loss_cls: 0.1255  decode.d8.loss_mask: 1.6441  decode.d8.loss_dice: 0.9829
2026/09/24 15:35:13 - mmengine - INFO - Iter(train) [11100/20000]  base_lr: 0.0000e+00 lr: 7.4521e-06  eta: 1:39:25  time: 0.6727  data_time: 0.0121  memory: 5844  grad_norm: 990.6627  loss: 24.7833  decode.loss_cls: 0.2557  decode.loss_mask: 1.3535  decode.loss_dice: 0.8698  decode.d0.loss_cls: 0.2440  decode.d0.loss_mask: 1.3542  decode.d0.loss_dice: 0.8890  decode.d1.loss_cls: 0.1983  decode.d1.loss_mask: 1.4034  decode.d1.loss_dice: 0.8910  decode.d2.loss_cls: 0.1956  decode.d2.loss_mask: 1.4140  decode.d2.loss_dice: 0.9227  decode.d3.loss_cls: 0.1606  decode.d3.loss_mask: 1.4423  decode.d3.loss_dice: 0.9117  decode.d4.loss_cls: 0.1693  decode.d4.loss_mask: 1.4226  decode.d4.loss_dice: 0.9128  decode.d5.loss_cls: 0.2118  decode.d5.loss_mask: 1.3667  decode.d5.loss_dice: 0.8805  decode.d6.loss_cls: 0.2165  decode.d6.loss_mask: 1.3475  decode.d6.loss_dice: 0.8459  decode.d7.loss_cls: 0.2448  decode.d7.loss_mask: 1.3728  decode.d7.loss_dice: 0.8759  decode.d8.loss_cls: 0.2371  decode.d8.loss_mask: 1.3252  decode.d8.loss_dice: 0.8481
2026/09/24 15:35:47 - mmengine - INFO - Iter(train) [11150/20000]  base_lr: 0.0000e+00 lr: 7.4239e-06  eta: 1:38:51  time: 0.6675  data_time: 0.0115  memory: 5843  grad_norm: 1037.3094  loss: 28.7886  decode.loss_cls: 0.2433  decode.loss_mask: 1.6053  decode.loss_dice: 0.9268  decode.d0.loss_cls: 0.3173  decode.d0.loss_mask: 1.5807  decode.d0.loss_dice: 0.9811  decode.d1.loss_cls: 0.2305  decode.d1.loss_mask: 1.6614  decode.d1.loss_dice: 0.9597  decode.d2.loss_cls: 0.2665  decode.d2.loss_mask: 1.6600  decode.d2.loss_dice: 0.9672  decode.d3.loss_cls: 0.1692  decode.d3.loss_mask: 1.8555  decode.d3.loss_dice: 0.9600  decode.d4.loss_cls: 0.1857  decode.d4.loss_mask: 1.7822  decode.d4.loss_dice: 0.9741  decode.d5.loss_cls: 0.2894  decode.d5.loss_mask: 1.6130  decode.d5.loss_dice: 0.9563  decode.d6.loss_cls: 0.2646  decode.d6.loss_mask: 1.6825  decode.d6.loss_dice: 0.9789  decode.d7.loss_cls: 0.2437  decode.d7.loss_mask: 1.6397  decode.d7.loss_dice: 0.9385  decode.d8.loss_cls: 0.2347  decode.d8.loss_mask: 1.6553  decode.d8.loss_dice: 0.9655
2026/09/24 15:36:20 - mmengine - INFO - Iter(train) [11200/20000]  base_lr: 0.0000e+00 lr: 7.3957e-06  eta: 1:38:18  time: 0.6700  data_time: 0.0123  memory: 5843  grad_norm: 967.5763  loss: 24.9692  decode.loss_cls: 0.1846  decode.loss_mask: 1.4556  decode.loss_dice: 0.7720  decode.d0.loss_cls: 0.2473  decode.d0.loss_mask: 1.5269  decode.d0.loss_dice: 0.8373  decode.d1.loss_cls: 0.2218  decode.d1.loss_mask: 1.4592  decode.d1.loss_dice: 0.8356  decode.d2.loss_cls: 0.2245  decode.d2.loss_mask: 1.4772  decode.d2.loss_dice: 0.8338  decode.d3.loss_cls: 0.1781  decode.d3.loss_mask: 1.4945  decode.d3.loss_dice: 0.8748  decode.d4.loss_cls: 0.1918  decode.d4.loss_mask: 1.4804  decode.d4.loss_dice: 0.8429  decode.d5.loss_cls: 0.2125  decode.d5.loss_mask: 1.4898  decode.d5.loss_dice: 0.8183  decode.d6.loss_cls: 0.1962  decode.d6.loss_mask: 1.4274  decode.d6.loss_dice: 0.7800  decode.d7.loss_cls: 0.1953  decode.d7.loss_mask: 1.4893  decode.d7.loss_dice: 0.8425  decode.d8.loss_cls: 0.2004  decode.d8.loss_mask: 1.4025  decode.d8.loss_dice: 0.7768
2026/09/24 15:36:54 - mmengine - INFO - Iter(train) [11250/20000]  base_lr: 0.0000e+00 lr: 7.3675e-06  eta: 1:37:44  time: 0.6768  data_time: 0.0118  memory: 5843  grad_norm: 832.9542  loss: 23.4969  decode.loss_cls: 0.2372  decode.loss_mask: 1.2274  decode.loss_dice: 0.8462  decode.d0.loss_cls: 0.3168  decode.d0.loss_mask: 1.2939  decode.d0.loss_dice: 0.8668  decode.d1.loss_cls: 0.2210  decode.d1.loss_mask: 1.2356  decode.d1.loss_dice: 0.8355  decode.d2.loss_cls: 0.2828  decode.d2.loss_mask: 1.2018  decode.d2.loss_dice: 0.8669  decode.d3.loss_cls: 0.2433  decode.d3.loss_mask: 1.2535  decode.d3.loss_dice: 0.8459  decode.d4.loss_cls: 0.2566  decode.d4.loss_mask: 1.2327  decode.d4.loss_dice: 0.8792  decode.d5.loss_cls: 0.2927  decode.d5.loss_mask: 1.1796  decode.d5.loss_dice: 0.8882  decode.d6.loss_cls: 0.3050  decode.d6.loss_mask: 1.1708  decode.d6.loss_dice: 0.8384  decode.d7.loss_cls: 0.3087  decode.d7.loss_mask: 1.1828  decode.d7.loss_dice: 0.8643  decode.d8.loss_cls: 0.2582  decode.d8.loss_mask: 1.2222  decode.d8.loss_dice: 0.8427
2026/09/24 15:37:28 - mmengine - INFO - Iter(train) [11300/20000]  base_lr: 0.0000e+00 lr: 7.3393e-06  eta: 1:37:11  time: 0.6704  data_time: 0.0125  memory: 5843  grad_norm: 842.2828  loss: 23.0676  decode.loss_cls: 0.1998  decode.loss_mask: 1.2166  decode.loss_dice: 0.8412  decode.d0.loss_cls: 0.2368  decode.d0.loss_mask: 1.1565  decode.d0.loss_dice: 0.8722  decode.d1.loss_cls: 0.2329  decode.d1.loss_mask: 1.1899  decode.d1.loss_dice: 0.8587  decode.d2.loss_cls: 0.2124  decode.d2.loss_mask: 1.2031  decode.d2.loss_dice: 0.8427  decode.d3.loss_cls: 0.2195  decode.d3.loss_mask: 1.2883  decode.d3.loss_dice: 0.9063  decode.d4.loss_cls: 0.2397  decode.d4.loss_mask: 1.2498  decode.d4.loss_dice: 0.8918  decode.d5.loss_cls: 0.2580  decode.d5.loss_mask: 1.2288  decode.d5.loss_dice: 0.8726  decode.d6.loss_cls: 0.2146  decode.d6.loss_mask: 1.2279  decode.d6.loss_dice: 0.8437  decode.d7.loss_cls: 0.2637  decode.d7.loss_mask: 1.1805  decode.d7.loss_dice: 0.8382  decode.d8.loss_cls: 0.2516  decode.d8.loss_mask: 1.2065  decode.d8.loss_dice: 0.8233
2026/09/24 15:38:01 - mmengine - INFO - Iter(train) [11350/20000]  base_lr: 0.0000e+00 lr: 7.3111e-06  eta: 1:36:38  time: 0.6682  data_time: 0.0116  memory: 5843  grad_norm: 828.4398  loss: 28.1454  decode.loss_cls: 0.2248  decode.loss_mask: 1.5250  decode.loss_dice: 0.9349  decode.d0.loss_cls: 0.3144  decode.d0.loss_mask: 1.6424  decode.d0.loss_dice: 0.9874  decode.d1.loss_cls: 0.1852  decode.d1.loss_mask: 1.5735  decode.d1.loss_dice: 0.9841  decode.d2.loss_cls: 0.2175  decode.d2.loss_mask: 1.5869  decode.d2.loss_dice: 0.9415  decode.d3.loss_cls: 0.2216  decode.d3.loss_mask: 1.6466  decode.d3.loss_dice: 0.9655  decode.d4.loss_cls: 0.1905  decode.d4.loss_mask: 1.8250  decode.d4.loss_dice: 0.9670  decode.d5.loss_cls: 0.2705  decode.d5.loss_mask: 1.5787  decode.d5.loss_dice: 1.0087  decode.d6.loss_cls: 0.2669  decode.d6.loss_mask: 1.6110  decode.d6.loss_dice: 0.9526  decode.d7.loss_cls: 0.2562  decode.d7.loss_mask: 1.6348  decode.d7.loss_dice: 0.9362  decode.d8.loss_cls: 0.1923  decode.d8.loss_mask: 1.5768  decode.d8.loss_dice: 0.9269
2026/09/24 15:38:35 - mmengine - INFO - Iter(train) [11400/20000]  base_lr: 0.0000e+00 lr: 7.2828e-06  eta: 1:36:04  time: 0.6712  data_time: 0.0123  memory: 5844  grad_norm: 677.0791  loss: 21.9155  decode.loss_cls: 0.1656  decode.loss_mask: 1.2610  decode.loss_dice: 0.7549  decode.d0.loss_cls: 0.1902  decode.d0.loss_mask: 1.2278  decode.d0.loss_dice: 0.7662  decode.d1.loss_cls: 0.1553  decode.d1.loss_mask: 1.2656  decode.d1.loss_dice: 0.7663  decode.d2.loss_cls: 0.1390  decode.d2.loss_mask: 1.2737  decode.d2.loss_dice: 0.7783  decode.d3.loss_cls: 0.1039  decode.d3.loss_mask: 1.2481  decode.d3.loss_dice: 0.8075  decode.d4.loss_cls: 0.1190  decode.d4.loss_mask: 1.2376  decode.d4.loss_dice: 0.8318  decode.d5.loss_cls: 0.1445  decode.d5.loss_mask: 1.2517  decode.d5.loss_dice: 0.7867  decode.d6.loss_cls: 0.1482  decode.d6.loss_mask: 1.2812  decode.d6.loss_dice: 0.7785  decode.d7.loss_cls: 0.1628  decode.d7.loss_mask: 1.2477  decode.d7.loss_dice: 0.7793  decode.d8.loss_cls: 0.1530  decode.d8.loss_mask: 1.2980  decode.d8.loss_dice: 0.7922
2026/09/24 15:39:08 - mmengine - INFO - Iter(train) [11450/20000]  base_lr: 0.0000e+00 lr: 7.2546e-06  eta: 1:35:31  time: 0.6629  data_time: 0.0115  memory: 5843  grad_norm: 853.0620  loss: 23.1622  decode.loss_cls: 0.1084  decode.loss_mask: 1.3235  decode.loss_dice: 0.8230  decode.d0.loss_cls: 0.1714  decode.d0.loss_mask: 1.3379  decode.d0.loss_dice: 0.8481  decode.d1.loss_cls: 0.1315  decode.d1.loss_mask: 1.4646  decode.d1.loss_dice: 0.8278  decode.d2.loss_cls: 0.1260  decode.d2.loss_mask: 1.4088  decode.d2.loss_dice: 0.8310  decode.d3.loss_cls: 0.1064  decode.d3.loss_mask: 1.4319  decode.d3.loss_dice: 0.8456  decode.d4.loss_cls: 0.1398  decode.d4.loss_mask: 1.3443  decode.d4.loss_dice: 0.8100  decode.d5.loss_cls: 0.1295  decode.d5.loss_mask: 1.3281  decode.d5.loss_dice: 0.8305  decode.d6.loss_cls: 0.1170  decode.d6.loss_mask: 1.3605  decode.d6.loss_dice: 0.7548  decode.d7.loss_cls: 0.1596  decode.d7.loss_mask: 1.2849  decode.d7.loss_dice: 0.7776  decode.d8.loss_cls: 0.1431  decode.d8.loss_mask: 1.4014  decode.d8.loss_dice: 0.7953
2026/09/24 15:39:42 - mmengine - INFO - Iter(train) [11500/20000]  base_lr: 0.0000e+00 lr: 7.2263e-06  eta: 1:34:57  time: 0.6691  data_time: 0.0115  memory: 5844  grad_norm: 997.2771  loss: 18.9936  decode.loss_cls: 0.0809  decode.loss_mask: 1.0873  decode.loss_dice: 0.7593  decode.d0.loss_cls: 0.1725  decode.d0.loss_mask: 1.0666  decode.d0.loss_dice: 0.7746  decode.d1.loss_cls: 0.0875  decode.d1.loss_mask: 1.0649  decode.d1.loss_dice: 0.7245  decode.d2.loss_cls: 0.0740  decode.d2.loss_mask: 1.0986  decode.d2.loss_dice: 0.7253  decode.d3.loss_cls: 0.0782  decode.d3.loss_mask: 1.1115  decode.d3.loss_dice: 0.7309  decode.d4.loss_cls: 0.0864  decode.d4.loss_mask: 1.0499  decode.d4.loss_dice: 0.7364  decode.d5.loss_cls: 0.1305  decode.d5.loss_mask: 1.0609  decode.d5.loss_dice: 0.7379  decode.d6.loss_cls: 0.1100  decode.d6.loss_mask: 1.0449  decode.d6.loss_dice: 0.7297  decode.d7.loss_cls: 0.0821  decode.d7.loss_mask: 1.0198  decode.d7.loss_dice: 0.7040  decode.d8.loss_cls: 0.0840  decode.d8.loss_mask: 1.0542  decode.d8.loss_dice: 0.7263
2026/09/24 15:40:15 - mmengine - INFO - Iter(train) [11550/20000]  base_lr: 0.0000e+00 lr: 7.1980e-06  eta: 1:34:23  time: 0.6660  data_time: 0.0119  memory: 5844  grad_norm: 800.2518  loss: 26.7909  decode.loss_cls: 0.1822  decode.loss_mask: 1.6101  decode.loss_dice: 0.9281  decode.d0.loss_cls: 0.1738  decode.d0.loss_mask: 1.4234  decode.d0.loss_dice: 1.0351  decode.d1.loss_cls: 0.2335  decode.d1.loss_mask: 1.4032  decode.d1.loss_dice: 0.9579  decode.d2.loss_cls: 0.1776  decode.d2.loss_mask: 1.4526  decode.d2.loss_dice: 0.9729  decode.d3.loss_cls: 0.1641  decode.d3.loss_mask: 1.4251  decode.d3.loss_dice: 0.9952  decode.d4.loss_cls: 0.1092  decode.d4.loss_mask: 1.5154  decode.d4.loss_dice: 0.9602  decode.d5.loss_cls: 0.1480  decode.d5.loss_mask: 1.5142  decode.d5.loss_dice: 0.9694  decode.d6.loss_cls: 0.1535  decode.d6.loss_mask: 1.6601  decode.d6.loss_dice: 0.9907  decode.d7.loss_cls: 0.1621  decode.d7.loss_mask: 1.6469  decode.d7.loss_dice: 0.9364  decode.d8.loss_cls: 0.1703  decode.d8.loss_mask: 1.6935  decode.d8.loss_dice: 1.0263
2026/09/24 15:40:49 - mmengine - INFO - Iter(train) [11600/20000]  base_lr: 0.0000e+00 lr: 7.1697e-06  eta: 1:33:50  time: 0.6757  data_time: 0.0126  memory: 5843  grad_norm: 586.6933  loss: 24.8882  decode.loss_cls: 0.1345  decode.loss_mask: 1.5440  decode.loss_dice: 0.8604  decode.d0.loss_cls: 0.2208  decode.d0.loss_mask: 1.4291  decode.d0.loss_dice: 0.9138  decode.d1.loss_cls: 0.1489  decode.d1.loss_mask: 1.4045  decode.d1.loss_dice: 0.8831  decode.d2.loss_cls: 0.1537  decode.d2.loss_mask: 1.4603  decode.d2.loss_dice: 0.8688  decode.d3.loss_cls: 0.1350  decode.d3.loss_mask: 1.5228  decode.d3.loss_dice: 0.8706  decode.d4.loss_cls: 0.1429  decode.d4.loss_mask: 1.4306  decode.d4.loss_dice: 0.8670  decode.d5.loss_cls: 0.1578  decode.d5.loss_mask: 1.3909  decode.d5.loss_dice: 0.8705  decode.d6.loss_cls: 0.1299  decode.d6.loss_mask: 1.4329  decode.d6.loss_dice: 0.8844  decode.d7.loss_cls: 0.1538  decode.d7.loss_mask: 1.4589  decode.d7.loss_dice: 0.8918  decode.d8.loss_cls: 0.1680  decode.d8.loss_mask: 1.4886  decode.d8.loss_dice: 0.8698
2026/09/24 15:41:22 - mmengine - INFO - Iter(train) [11650/20000]  base_lr: 0.0000e+00 lr: 7.1414e-06  eta: 1:33:17  time: 0.6785  data_time: 0.0121  memory: 5843  grad_norm: 713.2904  loss: 28.0781  decode.loss_cls: 0.2263  decode.loss_mask: 1.5815  decode.loss_dice: 0.9639  decode.d0.loss_cls: 0.2935  decode.d0.loss_mask: 1.5706  decode.d0.loss_dice: 1.0175  decode.d1.loss_cls: 0.2708  decode.d1.loss_mask: 1.5647  decode.d1.loss_dice: 0.9815  decode.d2.loss_cls: 0.2727  decode.d2.loss_mask: 1.5870  decode.d2.loss_dice: 0.9835  decode.d3.loss_cls: 0.2669  decode.d3.loss_mask: 1.5280  decode.d3.loss_dice: 0.9352  decode.d4.loss_cls: 0.2685  decode.d4.loss_mask: 1.5576  decode.d4.loss_dice: 0.9825  decode.d5.loss_cls: 0.2627  decode.d5.loss_mask: 1.6033  decode.d5.loss_dice: 0.9324  decode.d6.loss_cls: 0.2716  decode.d6.loss_mask: 1.5537  decode.d6.loss_dice: 0.9774  decode.d7.loss_cls: 0.2910  decode.d7.loss_mask: 1.5564  decode.d7.loss_dice: 0.9448  decode.d8.loss_cls: 0.2372  decode.d8.loss_mask: 1.6376  decode.d8.loss_dice: 0.9578
2026/09/24 15:41:56 - mmengine - INFO - Iter(train) [11700/20000]  base_lr: 0.0000e+00 lr: 7.1131e-06  eta: 1:32:44  time: 0.6730  data_time: 0.0117  memory: 5843  grad_norm: 464.5735  loss: 15.5971  decode.loss_cls: 0.0581  decode.loss_mask: 0.9317  decode.loss_dice: 0.5722  decode.d0.loss_cls: 0.1299  decode.d0.loss_mask: 0.8832  decode.d0.loss_dice: 0.5867  decode.d1.loss_cls: 0.0935  decode.d1.loss_mask: 0.8827  decode.d1.loss_dice: 0.5753  decode.d2.loss_cls: 0.0944  decode.d2.loss_mask: 0.9003  decode.d2.loss_dice: 0.5841  decode.d3.loss_cls: 0.0886  decode.d3.loss_mask: 0.8721  decode.d3.loss_dice: 0.5692  decode.d4.loss_cls: 0.0548  decode.d4.loss_mask: 0.9330  decode.d4.loss_dice: 0.5756  decode.d5.loss_cls: 0.0665  decode.d5.loss_mask: 0.9046  decode.d5.loss_dice: 0.5749  decode.d6.loss_cls: 0.0799  decode.d6.loss_mask: 0.8642  decode.d6.loss_dice: 0.5777  decode.d7.loss_cls: 0.0956  decode.d7.loss_mask: 0.9145  decode.d7.loss_dice: 0.5865  decode.d8.loss_cls: 0.0847  decode.d8.loss_mask: 0.8853  decode.d8.loss_dice: 0.5775
2026/09/24 15:42:29 - mmengine - INFO - Iter(train) [11750/20000]  base_lr: 0.0000e+00 lr: 7.0848e-06  eta: 1:32:10  time: 0.6717  data_time: 0.0123  memory: 5843  grad_norm: 1155.2234  loss: 26.8888  decode.loss_cls: 0.0903  decode.loss_mask: 1.6938  decode.loss_dice: 0.8741  decode.d0.loss_cls: 0.1742  decode.d0.loss_mask: 1.6927  decode.d0.loss_dice: 0.9200  decode.d1.loss_cls: 0.1089  decode.d1.loss_mask: 1.6374  decode.d1.loss_dice: 0.8918  decode.d2.loss_cls: 0.1587  decode.d2.loss_mask: 1.5910  decode.d2.loss_dice: 0.8826  decode.d3.loss_cls: 0.1058  decode.d3.loss_mask: 1.6189  decode.d3.loss_dice: 0.8918  decode.d4.loss_cls: 0.0920  decode.d4.loss_mask: 1.7188  decode.d4.loss_dice: 0.8948  decode.d5.loss_cls: 0.0903  decode.d5.loss_mask: 1.7725  decode.d5.loss_dice: 0.9903  decode.d6.loss_cls: 0.1442  decode.d6.loss_mask: 1.6081  decode.d6.loss_dice: 0.9025  decode.d7.loss_cls: 0.1044  decode.d7.loss_mask: 1.6435  decode.d7.loss_dice: 0.8924  decode.d8.loss_cls: 0.1077  decode.d8.loss_mask: 1.7097  decode.d8.loss_dice: 0.8856
2026/09/24 15:43:03 - mmengine - INFO - Iter(train) [11800/20000]  base_lr: 0.0000e+00 lr: 7.0564e-06  eta: 1:31:36  time: 0.6675  data_time: 0.0115  memory: 5843  grad_norm: 883.1800  loss: 25.5183  decode.loss_cls: 0.1322  decode.loss_mask: 1.4956  decode.loss_dice: 0.8947  decode.d0.loss_cls: 0.1559  decode.d0.loss_mask: 1.5327  decode.d0.loss_dice: 0.9105  decode.d1.loss_cls: 0.1197  decode.d1.loss_mask: 1.5149  decode.d1.loss_dice: 0.8831  decode.d2.loss_cls: 0.1787  decode.d2.loss_mask: 1.5380  decode.d2.loss_dice: 0.8873  decode.d3.loss_cls: 0.1384  decode.d3.loss_mask: 1.5158  decode.d3.loss_dice: 0.8818  decode.d4.loss_cls: 0.1255  decode.d4.loss_mask: 1.5524  decode.d4.loss_dice: 0.9218  decode.d5.loss_cls: 0.1355  decode.d5.loss_mask: 1.5085  decode.d5.loss_dice: 0.8902  decode.d6.loss_cls: 0.1197  decode.d6.loss_mask: 1.5211  decode.d6.loss_dice: 0.9057  decode.d7.loss_cls: 0.1348  decode.d7.loss_mask: 1.5090  decode.d7.loss_dice: 0.9209  decode.d8.loss_cls: 0.1164  decode.d8.loss_mask: 1.4967  decode.d8.loss_dice: 0.8809
2026/09/24 15:43:37 - mmengine - INFO - Iter(train) [11850/20000]  base_lr: 0.0000e+00 lr: 7.0281e-06  eta: 1:31:03  time: 0.6777  data_time: 0.0122  memory: 5843  grad_norm: 560.3313  loss: 21.2417  decode.loss_cls: 0.2308  decode.loss_mask: 1.1373  decode.loss_dice: 0.7224  decode.d0.loss_cls: 0.2327  decode.d0.loss_mask: 1.1805  decode.d0.loss_dice: 0.7596  decode.d1.loss_cls: 0.2525  decode.d1.loss_mask: 1.1586  decode.d1.loss_dice: 0.7031  decode.d2.loss_cls: 0.2161  decode.d2.loss_mask: 1.1533  decode.d2.loss_dice: 0.7054  decode.d3.loss_cls: 0.1893  decode.d3.loss_mask: 1.1778  decode.d3.loss_dice: 0.7062  decode.d4.loss_cls: 0.1904  decode.d4.loss_mask: 1.2243  decode.d4.loss_dice: 0.7705  decode.d5.loss_cls: 0.1899  decode.d5.loss_mask: 1.2316  decode.d5.loss_dice: 0.7373  decode.d6.loss_cls: 0.2107  decode.d6.loss_mask: 1.1924  decode.d6.loss_dice: 0.7101  decode.d7.loss_cls: 0.1744  decode.d7.loss_mask: 1.2712  decode.d7.loss_dice: 0.7739  decode.d8.loss_cls: 0.1915  decode.d8.loss_mask: 1.1411  decode.d8.loss_dice: 0.7067
2026/09/24 15:44:11 - mmengine - INFO - Iter(train) [11900/20000]  base_lr: 0.0000e+00 lr: 6.9997e-06  eta: 1:30:31  time: 0.6774  data_time: 0.0129  memory: 5843  grad_norm: 1508.6103  loss: 23.6497  decode.loss_cls: 0.1961  decode.loss_mask: 1.3070  decode.loss_dice: 0.7244  decode.d0.loss_cls: 0.2286  decode.d0.loss_mask: 1.3605  decode.d0.loss_dice: 0.7995  decode.d1.loss_cls: 0.2505  decode.d1.loss_mask: 1.3289  decode.d1.loss_dice: 0.7677  decode.d2.loss_cls: 0.2265  decode.d2.loss_mask: 1.3735  decode.d2.loss_dice: 0.7616  decode.d3.loss_cls: 0.1659  decode.d3.loss_mask: 1.4391  decode.d3.loss_dice: 0.7889  decode.d4.loss_cls: 0.1643  decode.d4.loss_mask: 1.4538  decode.d4.loss_dice: 0.7870  decode.d5.loss_cls: 0.1236  decode.d5.loss_mask: 1.5538  decode.d5.loss_dice: 0.8035  decode.d6.loss_cls: 0.2410  decode.d6.loss_mask: 1.3813  decode.d6.loss_dice: 0.7860  decode.d7.loss_cls: 0.2037  decode.d7.loss_mask: 1.3908  decode.d7.loss_dice: 0.7592  decode.d8.loss_cls: 0.1731  decode.d8.loss_mask: 1.3730  decode.d8.loss_dice: 0.7369
2026/09/24 15:44:44 - mmengine - INFO - Iter(train) [11950/20000]  base_lr: 0.0000e+00 lr: 6.9713e-06  eta: 1:29:57  time: 0.6803  data_time: 0.0130  memory: 5843  grad_norm: 683.7044  loss: 26.3808  decode.loss_cls: 0.1155  decode.loss_mask: 1.5034  decode.loss_dice: 0.9359  decode.d0.loss_cls: 0.2268  decode.d0.loss_mask: 1.5318  decode.d0.loss_dice: 0.9736  decode.d1.loss_cls: 0.1099  decode.d1.loss_mask: 1.5786  decode.d1.loss_dice: 0.9723  decode.d2.loss_cls: 0.1322  decode.d2.loss_mask: 1.5022  decode.d2.loss_dice: 0.9392  decode.d3.loss_cls: 0.1195  decode.d3.loss_mask: 1.5160  decode.d3.loss_dice: 0.9450  decode.d4.loss_cls: 0.1062  decode.d4.loss_mask: 1.6009  decode.d4.loss_dice: 1.0120  decode.d5.loss_cls: 0.0792  decode.d5.loss_mask: 1.5969  decode.d5.loss_dice: 0.9742  decode.d6.loss_cls: 0.1517  decode.d6.loss_mask: 1.5844  decode.d6.loss_dice: 0.9995  decode.d7.loss_cls: 0.1197  decode.d7.loss_mask: 1.5552  decode.d7.loss_dice: 0.9583  decode.d8.loss_cls: 0.1207  decode.d8.loss_mask: 1.4998  decode.d8.loss_dice: 0.9204
2026/09/24 15:45:18 - mmengine - INFO - Exp name: mask2former_20260924_141104
2026/09/24 15:45:18 - mmengine - INFO - Iter(train) [12000/20000]  base_lr: 0.0000e+00 lr: 6.9429e-06  eta: 1:29:24  time: 0.6686  data_time: 0.0118  memory: 5844  grad_norm: 603.2671  loss: 17.1957  decode.loss_cls: 0.1956  decode.loss_mask: 0.8745  decode.loss_dice: 0.6626  decode.d0.loss_cls: 0.2210  decode.d0.loss_mask: 0.8676  decode.d0.loss_dice: 0.6606  decode.d1.loss_cls: 0.1591  decode.d1.loss_mask: 0.8883  decode.d1.loss_dice: 0.6722  decode.d2.loss_cls: 0.1733  decode.d2.loss_mask: 0.8457  decode.d2.loss_dice: 0.6506  decode.d3.loss_cls: 0.1455  decode.d3.loss_mask: 0.8612  decode.d3.loss_dice: 0.6737  decode.d4.loss_cls: 0.1365  decode.d4.loss_mask: 0.9179  decode.d4.loss_dice: 0.6978  decode.d5.loss_cls: 0.1291  decode.d5.loss_mask: 0.9115  decode.d5.loss_dice: 0.7070  decode.d6.loss_cls: 0.1332  decode.d6.loss_mask: 0.8889  decode.d6.loss_dice: 0.6868  decode.d7.loss_cls: 0.1281  decode.d7.loss_mask: 0.8996  decode.d7.loss_dice: 0.6703  decode.d8.loss_cls: 0.1445  decode.d8.loss_mask: 0.9164  decode.d8.loss_dice: 0.6763
2026/09/24 15:45:18 - mmengine - INFO - Saving checkpoint at 12000 iterations
2026/09/24 15:47:36 - mmengine - INFO - Iter(val) [ 50/304]    eta: 0:11:30  time: 2.7125  data_time: 0.0092  memory: 4047  
2026/09/24 15:50:22 - mmengine - INFO - Iter(val) [100/304]    eta: 0:10:14  time: 3.3119  data_time: 0.0096  memory: 4047  
2026/09/24 15:53:07 - mmengine - INFO - Iter(val) [150/304]    eta: 0:07:58  time: 3.3252  data_time: 0.0095  memory: 4047  
2026/09/24 15:55:53 - mmengine - INFO - Iter(val) [200/304]    eta: 0:05:28  time: 3.3270  data_time: 0.0095  memory: 4047  
2026/09/24 15:58:35 - mmengine - INFO - Iter(val) [250/304]    eta: 0:02:51  time: 3.2660  data_time: 0.0099  memory: 4047  
2026/09/24 16:01:18 - mmengine - INFO - Iter(val) [300/304]    eta: 0:00:12  time: 3.2673  data_time: 0.0101  memory: 4047  
2026/09/24 16:01:32 - mmengine - INFO - per class results:
2026/09/24 16:01:32 - mmengine - INFO - 
+------------------+-------+-------+-------+--------+-----------+--------+
|      Class       |  IoU  |  Acc  |  Dice | Fscore | Precision | Recall |
+------------------+-------+-------+-------+--------+-----------+--------+
|    background    | 95.16 | 96.29 | 97.52 | 97.52  |   98.78   | 96.29  |
| wastewater_plant | 60.83 | 86.46 | 75.65 | 75.65  |   67.24   | 86.46  |
+------------------+-------+-------+-------+--------+-----------+--------+
2026/09/24 16:01:32 - mmengine - INFO - Iter(val) [304/304]    aAcc: 95.4900  mIoU: 77.9900  mAcc: 91.3700  mDice: 86.5800  mFscore: 86.5800  mPrecision: 83.0100  mRecall: 91.3700  binary/Foreground_IoU: 60.8317  binary/Dice: 75.6464  binary/F1: 75.6464  binary/Precision: 67.2387  binary/Recall: 86.4572  binary/Boundary_F1: 13.0092  binary/BFScore: 13.0092  binary/Boundary_Precision: 9.9081  binary/Boundary_Recall: 18.9358  binary/Hausdorff_px: 740.0151  binary/HD95_px: 613.0506  binary/Hausdorff_m: 370.0075  binary/HD95_m: 306.5253  data_time: 0.0102  time: 3.1948
2026/09/24 16:02:08 - mmengine - INFO - Iter(train) [12050/20000]  base_lr: 0.0000e+00 lr: 6.9145e-06  eta: 1:28:57  time: 0.6883  data_time: 0.0122  memory: 5843  grad_norm: 644.1493  loss: 19.7915  decode.loss_cls: 0.0611  decode.loss_mask: 1.1325  decode.loss_dice: 0.7538  decode.d0.loss_cls: 0.0748  decode.d0.loss_mask: 1.2114  decode.d0.loss_dice: 0.8054  decode.d1.loss_cls: 0.0605  decode.d1.loss_mask: 1.1315  decode.d1.loss_dice: 0.7737  decode.d2.loss_cls: 0.0679  decode.d2.loss_mask: 1.1466  decode.d2.loss_dice: 0.7582  decode.d3.loss_cls: 0.0632  decode.d3.loss_mask: 1.1649  decode.d3.loss_dice: 0.7921  decode.d4.loss_cls: 0.0622  decode.d4.loss_mask: 1.1415  decode.d4.loss_dice: 0.7890  decode.d5.loss_cls: 0.0664  decode.d5.loss_mask: 1.1300  decode.d5.loss_dice: 0.7723  decode.d6.loss_cls: 0.0551  decode.d6.loss_mask: 1.1363  decode.d6.loss_dice: 0.7576  decode.d7.loss_cls: 0.0693  decode.d7.loss_mask: 1.1236  decode.d7.loss_dice: 0.7722  decode.d8.loss_cls: 0.0590  decode.d8.loss_mask: 1.1141  decode.d8.loss_dice: 0.7455
2026/09/24 16:02:42 - mmengine - INFO - Iter(train) [12100/20000]  base_lr: 0.0000e+00 lr: 6.8861e-06  eta: 1:28:24  time: 0.6730  data_time: 0.0119  memory: 5843  grad_norm: 1191.7989  loss: 28.4410  decode.loss_cls: 0.1410  decode.loss_mask: 1.6423  decode.loss_dice: 0.9227  decode.d0.loss_cls: 0.1737  decode.d0.loss_mask: 1.8344  decode.d0.loss_dice: 1.0330  decode.d1.loss_cls: 0.1297  decode.d1.loss_mask: 1.8737  decode.d1.loss_dice: 0.9609  decode.d2.loss_cls: 0.1801  decode.d2.loss_mask: 1.6653  decode.d2.loss_dice: 0.9450  decode.d3.loss_cls: 0.1318  decode.d3.loss_mask: 1.7845  decode.d3.loss_dice: 0.9460  decode.d4.loss_cls: 0.1358  decode.d4.loss_mask: 1.6704  decode.d4.loss_dice: 0.9481  decode.d5.loss_cls: 0.1098  decode.d5.loss_mask: 1.8324  decode.d5.loss_dice: 0.9387  decode.d6.loss_cls: 0.1140  decode.d6.loss_mask: 1.8214  decode.d6.loss_dice: 0.9555  decode.d7.loss_cls: 0.1069  decode.d7.loss_mask: 1.7135  decode.d7.loss_dice: 0.9303  decode.d8.loss_cls: 0.0959  decode.d8.loss_mask: 1.7767  decode.d8.loss_dice: 0.9276
2026/09/24 16:03:16 - mmengine - INFO - Iter(train) [12150/20000]  base_lr: 0.0000e+00 lr: 6.8576e-06  eta: 1:27:51  time: 0.6816  data_time: 0.0117  memory: 5843  grad_norm: 620.5644  loss: 19.0954  decode.loss_cls: 0.0620  decode.loss_mask: 1.0698  decode.loss_dice: 0.7304  decode.d0.loss_cls: 0.1168  decode.d0.loss_mask: 1.1564  decode.d0.loss_dice: 0.8228  decode.d1.loss_cls: 0.0640  decode.d1.loss_mask: 1.1117  decode.d1.loss_dice: 0.7255  decode.d2.loss_cls: 0.0779  decode.d2.loss_mask: 1.0553  decode.d2.loss_dice: 0.7094  decode.d3.loss_cls: 0.0581  decode.d3.loss_mask: 1.0576  decode.d3.loss_dice: 0.7242  decode.d4.loss_cls: 0.0664  decode.d4.loss_mask: 1.1216  decode.d4.loss_dice: 0.7690  decode.d5.loss_cls: 0.0664  decode.d5.loss_mask: 1.0533  decode.d5.loss_dice: 0.7251  decode.d6.loss_cls: 0.0691  decode.d6.loss_mask: 1.1107  decode.d6.loss_dice: 0.7367  decode.d7.loss_cls: 0.0815  decode.d7.loss_mask: 1.1107  decode.d7.loss_dice: 0.7538  decode.d8.loss_cls: 0.0842  decode.d8.loss_mask: 1.0827  decode.d8.loss_dice: 0.7221
2026/09/24 16:03:50 - mmengine - INFO - Iter(train) [12200/20000]  base_lr: 0.0000e+00 lr: 6.8292e-06  eta: 1:27:18  time: 0.6776  data_time: 0.0118  memory: 5843  grad_norm: 608.1534  loss: 22.8228  decode.loss_cls: 0.1362  decode.loss_mask: 1.3291  decode.loss_dice: 0.7347  decode.d0.loss_cls: 0.1760  decode.d0.loss_mask: 1.3166  decode.d0.loss_dice: 0.7677  decode.d1.loss_cls: 0.1638  decode.d1.loss_mask: 1.3256  decode.d1.loss_dice: 0.7493  decode.d2.loss_cls: 0.1706  decode.d2.loss_mask: 1.3923  decode.d2.loss_dice: 0.7929  decode.d3.loss_cls: 0.1411  decode.d3.loss_mask: 1.3397  decode.d3.loss_dice: 0.7371  decode.d4.loss_cls: 0.1518  decode.d4.loss_mask: 1.3650  decode.d4.loss_dice: 0.8115  decode.d5.loss_cls: 0.1348  decode.d5.loss_mask: 1.4244  decode.d5.loss_dice: 0.7837  decode.d6.loss_cls: 0.1401  decode.d6.loss_mask: 1.3596  decode.d6.loss_dice: 0.7870  decode.d7.loss_cls: 0.1549  decode.d7.loss_mask: 1.3158  decode.d7.loss_dice: 0.7803  decode.d8.loss_cls: 0.1020  decode.d8.loss_mask: 1.4175  decode.d8.loss_dice: 0.8217
2026/09/24 16:04:24 - mmengine - INFO - Iter(train) [12250/20000]  base_lr: 0.0000e+00 lr: 6.8007e-06  eta: 1:26:45  time: 0.6723  data_time: 0.0120  memory: 5843  grad_norm: 822.5867  loss: 25.1604  decode.loss_cls: 0.1447  decode.loss_mask: 1.4028  decode.loss_dice: 0.9323  decode.d0.loss_cls: 0.2273  decode.d0.loss_mask: 1.1993  decode.d0.loss_dice: 0.8833  decode.d1.loss_cls: 0.1757  decode.d1.loss_mask: 1.2341  decode.d1.loss_dice: 0.9286  decode.d2.loss_cls: 0.1649  decode.d2.loss_mask: 1.3927  decode.d2.loss_dice: 0.9153  decode.d3.loss_cls: 0.1811  decode.d3.loss_mask: 1.4606  decode.d3.loss_dice: 0.9533  decode.d4.loss_cls: 0.1429  decode.d4.loss_mask: 1.3876  decode.d4.loss_dice: 0.9492  decode.d5.loss_cls: 0.1929  decode.d5.loss_mask: 1.2247  decode.d5.loss_dice: 0.8932  decode.d6.loss_cls: 0.1202  decode.d6.loss_mask: 1.6640  decode.d6.loss_dice: 0.9661  decode.d7.loss_cls: 0.1353  decode.d7.loss_mask: 1.6175  decode.d7.loss_dice: 0.9685  decode.d8.loss_cls: 0.1108  decode.d8.loss_mask: 1.6359  decode.d8.loss_dice: 0.9555
2026/09/24 16:04:57 - mmengine - INFO - Iter(train) [12300/20000]  base_lr: 0.0000e+00 lr: 6.7723e-06  eta: 1:26:11  time: 0.6775  data_time: 0.0125  memory: 5843  grad_norm: 496.4031  loss: 21.8226  decode.loss_cls: 0.0364  decode.loss_mask: 1.3826  decode.loss_dice: 0.7638  decode.d0.loss_cls: 0.1010  decode.d0.loss_mask: 1.3955  decode.d0.loss_dice: 0.7725  decode.d1.loss_cls: 0.0513  decode.d1.loss_mask: 1.3796  decode.d1.loss_dice: 0.7873  decode.d2.loss_cls: 0.0607  decode.d2.loss_mask: 1.3675  decode.d2.loss_dice: 0.7677  decode.d3.loss_cls: 0.0710  decode.d3.loss_mask: 1.3018  decode.d3.loss_dice: 0.7474  decode.d4.loss_cls: 0.0510  decode.d4.loss_mask: 1.4244  decode.d4.loss_dice: 0.7909  decode.d5.loss_cls: 0.0602  decode.d5.loss_mask: 1.2893  decode.d5.loss_dice: 0.7270  decode.d6.loss_cls: 0.0497  decode.d6.loss_mask: 1.3736  decode.d6.loss_dice: 0.7760  decode.d7.loss_cls: 0.0601  decode.d7.loss_mask: 1.3157  decode.d7.loss_dice: 0.7555  decode.d8.loss_cls: 0.0442  decode.d8.loss_mask: 1.3502  decode.d8.loss_dice: 0.7687
2026/09/24 16:05:31 - mmengine - INFO - Iter(train) [12350/20000]  base_lr: 0.0000e+00 lr: 6.7438e-06  eta: 1:25:37  time: 0.6665  data_time: 0.0113  memory: 5843  grad_norm: 643.6059  loss: 21.0125  decode.loss_cls: 0.1087  decode.loss_mask: 1.1889  decode.loss_dice: 0.7627  decode.d0.loss_cls: 0.0997  decode.d0.loss_mask: 1.2130  decode.d0.loss_dice: 0.7966  decode.d1.loss_cls: 0.0990  decode.d1.loss_mask: 1.1902  decode.d1.loss_dice: 0.7743  decode.d2.loss_cls: 0.0944  decode.d2.loss_mask: 1.2034  decode.d2.loss_dice: 0.7841  decode.d3.loss_cls: 0.1276  decode.d3.loss_mask: 1.2043  decode.d3.loss_dice: 0.7835  decode.d4.loss_cls: 0.1336  decode.d4.loss_mask: 1.2142  decode.d4.loss_dice: 0.8048  decode.d5.loss_cls: 0.0949  decode.d5.loss_mask: 1.2232  decode.d5.loss_dice: 0.8026  decode.d6.loss_cls: 0.0931  decode.d6.loss_mask: 1.2116  decode.d6.loss_dice: 0.7971  decode.d7.loss_cls: 0.1149  decode.d7.loss_mask: 1.2310  decode.d7.loss_dice: 0.8023  decode.d8.loss_cls: 0.1106  decode.d8.loss_mask: 1.1898  decode.d8.loss_dice: 0.7584
2026/09/24 16:06:05 - mmengine - INFO - Iter(train) [12400/20000]  base_lr: 0.0000e+00 lr: 6.7153e-06  eta: 1:25:04  time: 0.6815  data_time: 0.0120  memory: 5844  grad_norm: 828.4487  loss: 28.3651  decode.loss_cls: 0.2336  decode.loss_mask: 1.5349  decode.loss_dice: 1.0662  decode.d0.loss_cls: 0.2456  decode.d0.loss_mask: 1.5546  decode.d0.loss_dice: 1.1174  decode.d1.loss_cls: 0.3506  decode.d1.loss_mask: 1.4946  decode.d1.loss_dice: 1.0376  decode.d2.loss_cls: 0.3557  decode.d2.loss_mask: 1.5012  decode.d2.loss_dice: 1.0112  decode.d3.loss_cls: 0.3061  decode.d3.loss_mask: 1.5038  decode.d3.loss_dice: 1.0549  decode.d4.loss_cls: 0.3443  decode.d4.loss_mask: 1.5177  decode.d4.loss_dice: 0.9970  decode.d5.loss_cls: 0.3026  decode.d5.loss_mask: 1.5357  decode.d5.loss_dice: 0.9998  decode.d6.loss_cls: 0.2238  decode.d6.loss_mask: 1.4899  decode.d6.loss_dice: 1.0166  decode.d7.loss_cls: 0.2709  decode.d7.loss_mask: 1.5115  decode.d7.loss_dice: 1.0237  decode.d8.loss_cls: 0.2850  decode.d8.loss_mask: 1.4675  decode.d8.loss_dice: 1.0111
2026/09/24 16:06:38 - mmengine - INFO - Iter(train) [12450/20000]  base_lr: 0.0000e+00 lr: 6.6868e-06  eta: 1:24:31  time: 0.6783  data_time: 0.0119  memory: 5843  grad_norm: 1042.0796  loss: 26.7117  decode.loss_cls: 0.2727  decode.loss_mask: 1.5337  decode.loss_dice: 0.8957  decode.d0.loss_cls: 0.2790  decode.d0.loss_mask: 1.5043  decode.d0.loss_dice: 0.9360  decode.d1.loss_cls: 0.2862  decode.d1.loss_mask: 1.5018  decode.d1.loss_dice: 0.8573  decode.d2.loss_cls: 0.2628  decode.d2.loss_mask: 1.5172  decode.d2.loss_dice: 0.8608  decode.d3.loss_cls: 0.2754  decode.d3.loss_mask: 1.5085  decode.d3.loss_dice: 0.8563  decode.d4.loss_cls: 0.3442  decode.d4.loss_mask: 1.4875  decode.d4.loss_dice: 0.8699  decode.d5.loss_cls: 0.2929  decode.d5.loss_mask: 1.4792  decode.d5.loss_dice: 0.8642  decode.d6.loss_cls: 0.2939  decode.d6.loss_mask: 1.4949  decode.d6.loss_dice: 0.8992  decode.d7.loss_cls: 0.2897  decode.d7.loss_mask: 1.5538  decode.d7.loss_dice: 0.8974  decode.d8.loss_cls: 0.2855  decode.d8.loss_mask: 1.4573  decode.d8.loss_dice: 0.8545
2026/09/24 16:07:12 - mmengine - INFO - Iter(train) [12500/20000]  base_lr: 0.0000e+00 lr: 6.6582e-06  eta: 1:23:57  time: 0.6750  data_time: 0.0120  memory: 5843  grad_norm: 754.3549  loss: 22.2438  decode.loss_cls: 0.0635  decode.loss_mask: 1.3902  decode.loss_dice: 0.7674  decode.d0.loss_cls: 0.1041  decode.d0.loss_mask: 1.3658  decode.d0.loss_dice: 0.7651  decode.d1.loss_cls: 0.0762  decode.d1.loss_mask: 1.3976  decode.d1.loss_dice: 0.7702  decode.d2.loss_cls: 0.0491  decode.d2.loss_mask: 1.4001  decode.d2.loss_dice: 0.8044  decode.d3.loss_cls: 0.0590  decode.d3.loss_mask: 1.3772  decode.d3.loss_dice: 0.7390  decode.d4.loss_cls: 0.0707  decode.d4.loss_mask: 1.3886  decode.d4.loss_dice: 0.7754  decode.d5.loss_cls: 0.0707  decode.d5.loss_mask: 1.3666  decode.d5.loss_dice: 0.7773  decode.d6.loss_cls: 0.0792  decode.d6.loss_mask: 1.3680  decode.d6.loss_dice: 0.7651  decode.d7.loss_cls: 0.0649  decode.d7.loss_mask: 1.3897  decode.d7.loss_dice: 0.7700  decode.d8.loss_cls: 0.0473  decode.d8.loss_mask: 1.3935  decode.d8.loss_dice: 0.7879
2026/09/24 16:07:45 - mmengine - INFO - Iter(train) [12550/20000]  base_lr: 0.0000e+00 lr: 6.6297e-06  eta: 1:23:23  time: 0.6743  data_time: 0.0126  memory: 5844  grad_norm: 424.8727  loss: 18.8738  decode.loss_cls: 0.1361  decode.loss_mask: 1.0044  decode.loss_dice: 0.7355  decode.d0.loss_cls: 0.1952  decode.d0.loss_mask: 1.0182  decode.d0.loss_dice: 0.7281  decode.d1.loss_cls: 0.1937  decode.d1.loss_mask: 0.9487  decode.d1.loss_dice: 0.7161  decode.d2.loss_cls: 0.1716  decode.d2.loss_mask: 0.9842  decode.d2.loss_dice: 0.7139  decode.d3.loss_cls: 0.1862  decode.d3.loss_mask: 1.0006  decode.d3.loss_dice: 0.6946  decode.d4.loss_cls: 0.2171  decode.d4.loss_mask: 0.9956  decode.d4.loss_dice: 0.6749  decode.d5.loss_cls: 0.1568  decode.d5.loss_mask: 0.9932  decode.d5.loss_dice: 0.7191  decode.d6.loss_cls: 0.1302  decode.d6.loss_mask: 1.0259  decode.d6.loss_dice: 0.7268  decode.d7.loss_cls: 0.1534  decode.d7.loss_mask: 0.9796  decode.d7.loss_dice: 0.6929  decode.d8.loss_cls: 0.1220  decode.d8.loss_mask: 1.0623  decode.d8.loss_dice: 0.7972
2026/09/24 16:08:19 - mmengine - INFO - Iter(train) [12600/20000]  base_lr: 0.0000e+00 lr: 6.6011e-06  eta: 1:22:50  time: 0.6933  data_time: 0.0128  memory: 5844  grad_norm: 1358.1282  loss: 28.6352  decode.loss_cls: 0.1703  decode.loss_mask: 1.7153  decode.loss_dice: 0.9444  decode.d0.loss_cls: 0.2352  decode.d0.loss_mask: 1.7409  decode.d0.loss_dice: 0.9451  decode.d1.loss_cls: 0.1600  decode.d1.loss_mask: 1.8009  decode.d1.loss_dice: 0.9915  decode.d2.loss_cls: 0.1561  decode.d2.loss_mask: 1.7542  decode.d2.loss_dice: 0.9494  decode.d3.loss_cls: 0.1948  decode.d3.loss_mask: 1.7191  decode.d3.loss_dice: 0.9148  decode.d4.loss_cls: 0.1930  decode.d4.loss_mask: 1.7510  decode.d4.loss_dice: 0.9460  decode.d5.loss_cls: 0.1905  decode.d5.loss_mask: 1.7109  decode.d5.loss_dice: 0.9352  decode.d6.loss_cls: 0.1466  decode.d6.loss_mask: 1.7621  decode.d6.loss_dice: 0.9299  decode.d7.loss_cls: 0.1877  decode.d7.loss_mask: 1.7259  decode.d7.loss_dice: 0.9237  decode.d8.loss_cls: 0.1950  decode.d8.loss_mask: 1.7034  decode.d8.loss_dice: 0.9421
2026/09/24 16:08:53 - mmengine - INFO - Iter(train) [12650/20000]  base_lr: 0.0000e+00 lr: 6.5726e-06  eta: 1:22:17  time: 0.6836  data_time: 0.0124  memory: 5843  grad_norm: 815.2926  loss: 23.2031  decode.loss_cls: 0.1177  decode.loss_mask: 1.3079  decode.loss_dice: 0.8228  decode.d0.loss_cls: 0.1725  decode.d0.loss_mask: 1.3513  decode.d0.loss_dice: 0.8490  decode.d1.loss_cls: 0.1647  decode.d1.loss_mask: 1.3226  decode.d1.loss_dice: 0.8555  decode.d2.loss_cls: 0.1493  decode.d2.loss_mask: 1.3046  decode.d2.loss_dice: 0.8503  decode.d3.loss_cls: 0.1417  decode.d3.loss_mask: 1.3216  decode.d3.loss_dice: 0.8257  decode.d4.loss_cls: 0.1646  decode.d4.loss_mask: 1.3256  decode.d4.loss_dice: 0.8311  decode.d5.loss_cls: 0.1531  decode.d5.loss_mask: 1.3600  decode.d5.loss_dice: 0.8610  decode.d6.loss_cls: 0.1398  decode.d6.loss_mask: 1.3454  decode.d6.loss_dice: 0.8351  decode.d7.loss_cls: 0.1507  decode.d7.loss_mask: 1.3396  decode.d7.loss_dice: 0.8734  decode.d8.loss_cls: 0.1314  decode.d8.loss_mask: 1.2949  decode.d8.loss_dice: 0.8399
2026/09/24 16:09:26 - mmengine - INFO - Iter(train) [12700/20000]  base_lr: 0.0000e+00 lr: 6.5440e-06  eta: 1:21:43  time: 0.6756  data_time: 0.0124  memory: 5843  grad_norm: 792.0540  loss: 23.2579  decode.loss_cls: 0.0816  decode.loss_mask: 1.4329  decode.loss_dice: 0.7738  decode.d0.loss_cls: 0.1421  decode.d0.loss_mask: 1.4698  decode.d0.loss_dice: 0.8077  decode.d1.loss_cls: 0.0992  decode.d1.loss_mask: 1.4214  decode.d1.loss_dice: 0.7718  decode.d2.loss_cls: 0.0583  decode.d2.loss_mask: 1.5299  decode.d2.loss_dice: 0.7884  decode.d3.loss_cls: 0.0826  decode.d3.loss_mask: 1.4825  decode.d3.loss_dice: 0.7817  decode.d4.loss_cls: 0.1031  decode.d4.loss_mask: 1.4719  decode.d4.loss_dice: 0.7802  decode.d5.loss_cls: 0.0887  decode.d5.loss_mask: 1.4460  decode.d5.loss_dice: 0.7653  decode.d6.loss_cls: 0.0862  decode.d6.loss_mask: 1.4392  decode.d6.loss_dice: 0.7666  decode.d7.loss_cls: 0.0837  decode.d7.loss_mask: 1.4534  decode.d7.loss_dice: 0.7746  decode.d8.loss_cls: 0.0704  decode.d8.loss_mask: 1.4318  decode.d8.loss_dice: 0.7729
2026/09/24 16:10:00 - mmengine - INFO - Iter(train) [12750/20000]  base_lr: 0.0000e+00 lr: 6.5154e-06  eta: 1:21:10  time: 0.6735  data_time: 0.0128  memory: 5843  grad_norm: 503.8393  loss: 17.3972  decode.loss_cls: 0.1901  decode.loss_mask: 0.9111  decode.loss_dice: 0.6234  decode.d0.loss_cls: 0.2013  decode.d0.loss_mask: 0.9142  decode.d0.loss_dice: 0.6146  decode.d1.loss_cls: 0.1687  decode.d1.loss_mask: 0.9227  decode.d1.loss_dice: 0.6216  decode.d2.loss_cls: 0.1885  decode.d2.loss_mask: 0.9739  decode.d2.loss_dice: 0.6510  decode.d3.loss_cls: 0.1606  decode.d3.loss_mask: 0.9662  decode.d3.loss_dice: 0.6271  decode.d4.loss_cls: 0.1767  decode.d4.loss_mask: 0.9261  decode.d4.loss_dice: 0.6367  decode.d5.loss_cls: 0.1508  decode.d5.loss_mask: 0.9243  decode.d5.loss_dice: 0.6348  decode.d6.loss_cls: 0.1922  decode.d6.loss_mask: 0.9543  decode.d6.loss_dice: 0.6323  decode.d7.loss_cls: 0.1958  decode.d7.loss_mask: 0.8967  decode.d7.loss_dice: 0.6054  decode.d8.loss_cls: 0.1894  decode.d8.loss_mask: 0.9384  decode.d8.loss_dice: 0.6085
2026/09/24 16:10:34 - mmengine - INFO - Iter(train) [12800/20000]  base_lr: 0.0000e+00 lr: 6.4868e-06  eta: 1:20:37  time: 0.6872  data_time: 0.0124  memory: 5843  grad_norm: 1045.0388  loss: 15.5101  decode.loss_cls: 0.1872  decode.loss_mask: 0.8406  decode.loss_dice: 0.4667  decode.d0.loss_cls: 0.1726  decode.d0.loss_mask: 0.9510  decode.d0.loss_dice: 0.5274  decode.d1.loss_cls: 0.1613  decode.d1.loss_mask: 0.8649  decode.d1.loss_dice: 0.4917  decode.d2.loss_cls: 0.1417  decode.d2.loss_mask: 0.9035  decode.d2.loss_dice: 0.5038  decode.d3.loss_cls: 0.1307  decode.d3.loss_mask: 0.8710  decode.d3.loss_dice: 0.5027  decode.d4.loss_cls: 0.1192  decode.d4.loss_mask: 0.9813  decode.d4.loss_dice: 0.5553  decode.d5.loss_cls: 0.1362  decode.d5.loss_mask: 0.9191  decode.d5.loss_dice: 0.5079  decode.d6.loss_cls: 0.1658  decode.d6.loss_mask: 0.8876  decode.d6.loss_dice: 0.4972  decode.d7.loss_cls: 0.1469  decode.d7.loss_mask: 0.8783  decode.d7.loss_dice: 0.4950  decode.d8.loss_cls: 0.1660  decode.d8.loss_mask: 0.8564  decode.d8.loss_dice: 0.4812
2026/09/24 16:11:08 - mmengine - INFO - Iter(train) [12850/20000]  base_lr: 0.0000e+00 lr: 6.4581e-06  eta: 1:20:04  time: 0.6644  data_time: 0.0122  memory: 5843  grad_norm: 429.3765  loss: 18.5314  decode.loss_cls: 0.1275  decode.loss_mask: 1.0221  decode.loss_dice: 0.7067  decode.d0.loss_cls: 0.1665  decode.d0.loss_mask: 1.0070  decode.d0.loss_dice: 0.7525  decode.d1.loss_cls: 0.1408  decode.d1.loss_mask: 1.0431  decode.d1.loss_dice: 0.7107  decode.d2.loss_cls: 0.1377  decode.d2.loss_mask: 1.0265  decode.d2.loss_dice: 0.7084  decode.d3.loss_cls: 0.1533  decode.d3.loss_mask: 0.9686  decode.d3.loss_dice: 0.6969  decode.d4.loss_cls: 0.1073  decode.d4.loss_mask: 0.9973  decode.d4.loss_dice: 0.7165  decode.d5.loss_cls: 0.0892  decode.d5.loss_mask: 1.0414  decode.d5.loss_dice: 0.7342  decode.d6.loss_cls: 0.1261  decode.d6.loss_mask: 1.0068  decode.d6.loss_dice: 0.7099  decode.d7.loss_cls: 0.1042  decode.d7.loss_mask: 0.9944  decode.d7.loss_dice: 0.7114  decode.d8.loss_cls: 0.1146  decode.d8.loss_mask: 1.0105  decode.d8.loss_dice: 0.6992
2026/09/24 16:11:42 - mmengine - INFO - Iter(train) [12900/20000]  base_lr: 0.0000e+00 lr: 6.4295e-06  eta: 1:19:30  time: 0.6693  data_time: 0.0122  memory: 5844  grad_norm: 521.4037  loss: 24.0193  decode.loss_cls: 0.1432  decode.loss_mask: 1.4583  decode.loss_dice: 0.8825  decode.d0.loss_cls: 0.1120  decode.d0.loss_mask: 1.4393  decode.d0.loss_dice: 0.8740  decode.d1.loss_cls: 0.1507  decode.d1.loss_mask: 1.3730  decode.d1.loss_dice: 0.8351  decode.d2.loss_cls: 0.1300  decode.d2.loss_mask: 1.4113  decode.d2.loss_dice: 0.8535  decode.d3.loss_cls: 0.1392  decode.d3.loss_mask: 1.3779  decode.d3.loss_dice: 0.8340  decode.d4.loss_cls: 0.1252  decode.d4.loss_mask: 1.4076  decode.d4.loss_dice: 0.8576  decode.d5.loss_cls: 0.1311  decode.d5.loss_mask: 1.4452  decode.d5.loss_dice: 0.8672  decode.d6.loss_cls: 0.1134  decode.d6.loss_mask: 1.4376  decode.d6.loss_dice: 0.8707  decode.d7.loss_cls: 0.1108  decode.d7.loss_mask: 1.4077  decode.d7.loss_dice: 0.8742  decode.d8.loss_cls: 0.1183  decode.d8.loss_mask: 1.3812  decode.d8.loss_dice: 0.8574
2026/09/24 16:12:15 - mmengine - INFO - Iter(train) [12950/20000]  base_lr: 0.0000e+00 lr: 6.4008e-06  eta: 1:18:57  time: 0.6701  data_time: 0.0125  memory: 5843  grad_norm: 615.7681  loss: 21.9237  decode.loss_cls: 0.1846  decode.loss_mask: 1.1732  decode.loss_dice: 0.8513  decode.d0.loss_cls: 0.1805  decode.d0.loss_mask: 1.2377  decode.d0.loss_dice: 0.8852  decode.d1.loss_cls: 0.2235  decode.d1.loss_mask: 1.0751  decode.d1.loss_dice: 0.7883  decode.d2.loss_cls: 0.2147  decode.d2.loss_mask: 1.0911  decode.d2.loss_dice: 0.8131  decode.d3.loss_cls: 0.2097  decode.d3.loss_mask: 1.1600  decode.d3.loss_dice: 0.8153  decode.d4.loss_cls: 0.2180  decode.d4.loss_mask: 1.1369  decode.d4.loss_dice: 0.8281  decode.d5.loss_cls: 0.1437  decode.d5.loss_mask: 1.2331  decode.d5.loss_dice: 0.8721  decode.d6.loss_cls: 0.1808  decode.d6.loss_mask: 1.1560  decode.d6.loss_dice: 0.8706  decode.d7.loss_cls: 0.2327  decode.d7.loss_mask: 1.1735  decode.d7.loss_dice: 0.8399  decode.d8.loss_cls: 0.1896  decode.d8.loss_mask: 1.1104  decode.d8.loss_dice: 0.8350
2026/09/24 16:12:49 - mmengine - INFO - Exp name: mask2former_20260924_141104
2026/09/24 16:12:49 - mmengine - INFO - Iter(train) [13000/20000]  base_lr: 0.0000e+00 lr: 6.3722e-06  eta: 1:18:23  time: 0.6636  data_time: 0.0116  memory: 5843  grad_norm: 764.9778  loss: 25.2616  decode.loss_cls: 0.1490  decode.loss_mask: 1.3601  decode.loss_dice: 1.0166  decode.d0.loss_cls: 0.2837  decode.d0.loss_mask: 1.3067  decode.d0.loss_dice: 0.9333  decode.d1.loss_cls: 0.1925  decode.d1.loss_mask: 1.3085  decode.d1.loss_dice: 0.9524  decode.d2.loss_cls: 0.1865  decode.d2.loss_mask: 1.3576  decode.d2.loss_dice: 0.9533  decode.d3.loss_cls: 0.1929  decode.d3.loss_mask: 1.2953  decode.d3.loss_dice: 0.9423  decode.d4.loss_cls: 0.2154  decode.d4.loss_mask: 1.2628  decode.d4.loss_dice: 0.9517  decode.d5.loss_cls: 0.1710  decode.d5.loss_mask: 1.3498  decode.d5.loss_dice: 0.9716  decode.d6.loss_cls: 0.1418  decode.d6.loss_mask: 1.5926  decode.d6.loss_dice: 1.0285  decode.d7.loss_cls: 0.1412  decode.d7.loss_mask: 1.5177  decode.d7.loss_dice: 1.0051  decode.d8.loss_cls: 0.1638  decode.d8.loss_mask: 1.3480  decode.d8.loss_dice: 0.9702
2026/09/24 16:12:49 - mmengine - INFO - Saving checkpoint at 13000 iterations
2026/09/24 16:15:06 - mmengine - INFO - Iter(val) [ 50/304]    eta: 0:11:23  time: 2.6856  data_time: 0.0085  memory: 4047  
2026/09/24 16:17:48 - mmengine - INFO - Iter(val) [100/304]    eta: 0:10:06  time: 3.2209  data_time: 0.0091  memory: 4047  
2026/09/24 16:20:29 - mmengine - INFO - Iter(val) [150/304]    eta: 0:07:50  time: 3.2307  data_time: 0.0094  memory: 4047  
2026/09/24 16:23:09 - mmengine - INFO - Iter(val) [200/304]    eta: 0:05:21  time: 3.2020  data_time: 0.0091  memory: 4047  
2026/09/24 16:25:46 - mmengine - INFO - Iter(val) [250/304]    eta: 0:02:47  time: 3.1863  data_time: 0.0095  memory: 4047  
2026/09/24 16:28:24 - mmengine - INFO - Iter(val) [300/304]    eta: 0:00:12  time: 3.1062  data_time: 0.0088  memory: 4047  
2026/09/24 16:28:36 - mmengine - INFO - per class results:
2026/09/24 16:28:36 - mmengine - INFO - 
+------------------+-------+-------+-------+--------+-----------+--------+
|      Class       |  IoU  |  Acc  |  Dice | Fscore | Precision | Recall |
+------------------+-------+-------+-------+--------+-----------+--------+
|    background    | 95.82 | 97.29 | 97.86 | 97.86  |   98.45   | 97.29  |
| wastewater_plant | 63.13 | 82.56 |  77.4 |  77.4  |   72.85   | 82.56  |
+------------------+-------+-------+-------+--------+-----------+--------+
2026/09/24 16:28:36 - mmengine - INFO - Iter(val) [304/304]    aAcc: 96.1000  mIoU: 79.4800  mAcc: 89.9200  mDice: 87.6300  mFscore: 87.6300  mPrecision: 85.6500  mRecall: 89.9200  binary/Foreground_IoU: 63.1348  binary/Dice: 77.4020  binary/F1: 77.4020  binary/Precision: 72.8544  binary/Recall: 82.5551  binary/Boundary_F1: 11.5335  binary/BFScore: 11.5335  binary/Boundary_Precision: 8.7763  binary/Boundary_Recall: 16.8166  binary/Hausdorff_px: 667.6471  binary/HD95_px: 535.9133  binary/Hausdorff_m: 333.8236  binary/HD95_m: 267.9567  data_time: 0.0097  time: 3.1096
2026/09/24 16:28:36 - mmengine - INFO - The previous best checkpoint /workspace/work_dirs/mask2former_extended/best_binary_Foreground_IoU_iter_5000.pth is removed
2026/09/24 16:28:37 - mmengine - INFO - The best checkpoint with 63.1348 binary/Foreground_IoU at 13000 iter is saved to best_binary_Foreground_IoU_iter_13000.pth.
2026/09/24 16:29:15 - mmengine - INFO - Iter(train) [13050/20000]  base_lr: 0.0000e+00 lr: 6.3435e-06  eta: 1:17:56  time: 0.6638  data_time: 0.0118  memory: 5843  grad_norm: 742.1134  loss: 25.9502  decode.loss_cls: 0.0970  decode.loss_mask: 1.4460  decode.loss_dice: 0.9714  decode.d0.loss_cls: 0.1100  decode.d0.loss_mask: 1.5577  decode.d0.loss_dice: 1.0514  decode.d1.loss_cls: 0.1000  decode.d1.loss_mask: 1.4805  decode.d1.loss_dice: 1.0150  decode.d2.loss_cls: 0.1192  decode.d2.loss_mask: 1.4832  decode.d2.loss_dice: 1.0025  decode.d3.loss_cls: 0.1172  decode.d3.loss_mask: 1.4447  decode.d3.loss_dice: 0.9853  decode.d4.loss_cls: 0.1056  decode.d4.loss_mask: 1.4683  decode.d4.loss_dice: 1.0267  decode.d5.loss_cls: 0.0606  decode.d5.loss_mask: 1.5374  decode.d5.loss_dice: 1.0665  decode.d6.loss_cls: 0.0836  decode.d6.loss_mask: 1.4828  decode.d6.loss_dice: 1.0354  decode.d7.loss_cls: 0.1038  decode.d7.loss_mask: 1.4799  decode.d7.loss_dice: 1.0010  decode.d8.loss_cls: 0.1049  decode.d8.loss_mask: 1.4504  decode.d8.loss_dice: 0.9620
2026/09/24 16:29:48 - mmengine - INFO - Iter(train) [13100/20000]  base_lr: 0.0000e+00 lr: 6.3148e-06  eta: 1:17:22  time: 0.6680  data_time: 0.0114  memory: 5843  grad_norm: 689.2400  loss: 22.0649  decode.loss_cls: 0.1251  decode.loss_mask: 1.2876  decode.loss_dice: 0.7501  decode.d0.loss_cls: 0.2730  decode.d0.loss_mask: 1.2317  decode.d0.loss_dice: 0.7596  decode.d1.loss_cls: 0.2453  decode.d1.loss_mask: 1.2235  decode.d1.loss_dice: 0.7325  decode.d2.loss_cls: 0.2371  decode.d2.loss_mask: 1.2903  decode.d2.loss_dice: 0.7683  decode.d3.loss_cls: 0.1949  decode.d3.loss_mask: 1.2374  decode.d3.loss_dice: 0.7546  decode.d4.loss_cls: 0.1990  decode.d4.loss_mask: 1.2703  decode.d4.loss_dice: 0.7208  decode.d5.loss_cls: 0.1925  decode.d5.loss_mask: 1.3272  decode.d5.loss_dice: 0.7433  decode.d6.loss_cls: 0.1733  decode.d6.loss_mask: 1.2791  decode.d6.loss_dice: 0.7382  decode.d7.loss_cls: 0.1537  decode.d7.loss_mask: 1.2445  decode.d7.loss_dice: 0.6865  decode.d8.loss_cls: 0.1942  decode.d8.loss_mask: 1.3005  decode.d8.loss_dice: 0.7308
2026/09/24 16:30:22 - mmengine - INFO - Iter(train) [13150/20000]  base_lr: 0.0000e+00 lr: 6.2861e-06  eta: 1:16:48  time: 0.6669  data_time: 0.0117  memory: 5843  grad_norm: 740.6232  loss: 23.4506  decode.loss_cls: 0.2559  decode.loss_mask: 1.3739  decode.loss_dice: 0.7359  decode.d0.loss_cls: 0.2598  decode.d0.loss_mask: 1.3333  decode.d0.loss_dice: 0.7101  decode.d1.loss_cls: 0.2037  decode.d1.loss_mask: 1.3413  decode.d1.loss_dice: 0.7151  decode.d2.loss_cls: 0.2521  decode.d2.loss_mask: 1.3447  decode.d2.loss_dice: 0.7275  decode.d3.loss_cls: 0.2748  decode.d3.loss_mask: 1.3474  decode.d3.loss_dice: 0.7140  decode.d4.loss_cls: 0.2689  decode.d4.loss_mask: 1.3309  decode.d4.loss_dice: 0.7502  decode.d5.loss_cls: 0.2313  decode.d5.loss_mask: 1.4369  decode.d5.loss_dice: 0.7581  decode.d6.loss_cls: 0.2482  decode.d6.loss_mask: 1.3993  decode.d6.loss_dice: 0.7218  decode.d7.loss_cls: 0.2257  decode.d7.loss_mask: 1.4118  decode.d7.loss_dice: 0.7222  decode.d8.loss_cls: 0.1904  decode.d8.loss_mask: 1.4108  decode.d8.loss_dice: 0.7546
2026/09/24 16:30:55 - mmengine - INFO - Iter(train) [13200/20000]  base_lr: 0.0000e+00 lr: 6.2574e-06  eta: 1:16:14  time: 0.6714  data_time: 0.0125  memory: 5843  grad_norm: 953.5341  loss: 25.9793  decode.loss_cls: 0.2425  decode.loss_mask: 1.5029  decode.loss_dice: 0.7971  decode.d0.loss_cls: 0.2801  decode.d0.loss_mask: 1.5878  decode.d0.loss_dice: 0.8858  decode.d1.loss_cls: 0.2518  decode.d1.loss_mask: 1.4664  decode.d1.loss_dice: 0.7935  decode.d2.loss_cls: 0.2602  decode.d2.loss_mask: 1.4532  decode.d2.loss_dice: 0.7772  decode.d3.loss_cls: 0.2504  decode.d3.loss_mask: 1.5229  decode.d3.loss_dice: 0.8200  decode.d4.loss_cls: 0.1945  decode.d4.loss_mask: 1.6533  decode.d4.loss_dice: 0.8364  decode.d5.loss_cls: 0.1753  decode.d5.loss_mask: 1.5995  decode.d5.loss_dice: 0.8183  decode.d6.loss_cls: 0.1699  decode.d6.loss_mask: 1.5812  decode.d6.loss_dice: 0.7996  decode.d7.loss_cls: 0.2223  decode.d7.loss_mask: 1.6430  decode.d7.loss_dice: 0.8185  decode.d8.loss_cls: 0.2140  decode.d8.loss_mask: 1.5485  decode.d8.loss_dice: 0.8133
2026/09/24 16:31:28 - mmengine - INFO - Iter(train) [13250/20000]  base_lr: 0.0000e+00 lr: 6.2286e-06  eta: 1:15:40  time: 0.6683  data_time: 0.0116  memory: 5843  grad_norm: 1000.4576  loss: 28.9374  decode.loss_cls: 0.1840  decode.loss_mask: 1.6631  decode.loss_dice: 0.9765  decode.d0.loss_cls: 0.2315  decode.d0.loss_mask: 1.7132  decode.d0.loss_dice: 1.0911  decode.d1.loss_cls: 0.1853  decode.d1.loss_mask: 1.6761  decode.d1.loss_dice: 1.0098  decode.d2.loss_cls: 0.1774  decode.d2.loss_mask: 1.6023  decode.d2.loss_dice: 0.9658  decode.d3.loss_cls: 0.1917  decode.d3.loss_mask: 1.6648  decode.d3.loss_dice: 1.0173  decode.d4.loss_cls: 0.1778  decode.d4.loss_mask: 1.6803  decode.d4.loss_dice: 1.0610  decode.d5.loss_cls: 0.1063  decode.d5.loss_mask: 1.8027  decode.d5.loss_dice: 1.0711  decode.d6.loss_cls: 0.1672  decode.d6.loss_mask: 1.6979  decode.d6.loss_dice: 1.0184  decode.d7.loss_cls: 0.1826  decode.d7.loss_mask: 1.6473  decode.d7.loss_dice: 1.0193  decode.d8.loss_cls: 0.1737  decode.d8.loss_mask: 1.7174  decode.d8.loss_dice: 1.0645
2026/09/24 16:32:02 - mmengine - INFO - Iter(train) [13300/20000]  base_lr: 0.0000e+00 lr: 6.1999e-06  eta: 1:15:06  time: 0.6688  data_time: 0.0121  memory: 5844  grad_norm: 688.7701  loss: 28.8458  decode.loss_cls: 0.1282  decode.loss_mask: 1.6741  decode.loss_dice: 1.0205  decode.d0.loss_cls: 0.2249  decode.d0.loss_mask: 1.6760  decode.d0.loss_dice: 1.0597  decode.d1.loss_cls: 0.1432  decode.d1.loss_mask: 1.7402  decode.d1.loss_dice: 1.0622  decode.d2.loss_cls: 0.1318  decode.d2.loss_mask: 1.7011  decode.d2.loss_dice: 1.0507  decode.d3.loss_cls: 0.1318  decode.d3.loss_mask: 1.7031  decode.d3.loss_dice: 1.0641  decode.d4.loss_cls: 0.1595  decode.d4.loss_mask: 1.7287  decode.d4.loss_dice: 1.0592  decode.d5.loss_cls: 0.0850  decode.d5.loss_mask: 1.6733  decode.d5.loss_dice: 1.0504  decode.d6.loss_cls: 0.1003  decode.d6.loss_mask: 1.7026  decode.d6.loss_dice: 1.0491  decode.d7.loss_cls: 0.0894  decode.d7.loss_mask: 1.7253  decode.d7.loss_dice: 1.0369  decode.d8.loss_cls: 0.1225  decode.d8.loss_mask: 1.7269  decode.d8.loss_dice: 1.0251
2026/09/24 16:32:35 - mmengine - INFO - Iter(train) [13350/20000]  base_lr: 0.0000e+00 lr: 6.1711e-06  eta: 1:14:32  time: 0.6654  data_time: 0.0117  memory: 5843  grad_norm: 921.1629  loss: 24.2262  decode.loss_cls: 0.2903  decode.loss_mask: 1.2896  decode.loss_dice: 0.8315  decode.d0.loss_cls: 0.3242  decode.d0.loss_mask: 1.2460  decode.d0.loss_dice: 0.8154  decode.d1.loss_cls: 0.2807  decode.d1.loss_mask: 1.3126  decode.d1.loss_dice: 0.8372  decode.d2.loss_cls: 0.2907  decode.d2.loss_mask: 1.2677  decode.d2.loss_dice: 0.8169  decode.d3.loss_cls: 0.2906  decode.d3.loss_mask: 1.3123  decode.d3.loss_dice: 0.8057  decode.d4.loss_cls: 0.2716  decode.d4.loss_mask: 1.3313  decode.d4.loss_dice: 0.8324  decode.d5.loss_cls: 0.2539  decode.d5.loss_mask: 1.3781  decode.d5.loss_dice: 0.8398  decode.d6.loss_cls: 0.2583  decode.d6.loss_mask: 1.3722  decode.d6.loss_dice: 0.8446  decode.d7.loss_cls: 0.2474  decode.d7.loss_mask: 1.3418  decode.d7.loss_dice: 0.8259  decode.d8.loss_cls: 0.2536  decode.d8.loss_mask: 1.3308  decode.d8.loss_dice: 0.8328
2026/09/24 16:33:08 - mmengine - INFO - Iter(train) [13400/20000]  base_lr: 0.0000e+00 lr: 6.1423e-06  eta: 1:13:58  time: 0.6598  data_time: 0.0112  memory: 5843  grad_norm: 731.6782  loss: 19.2368  decode.loss_cls: 0.1403  decode.loss_mask: 1.1185  decode.loss_dice: 0.6627  decode.d0.loss_cls: 0.2257  decode.d0.loss_mask: 1.0783  decode.d0.loss_dice: 0.7183  decode.d1.loss_cls: 0.1763  decode.d1.loss_mask: 1.0457  decode.d1.loss_dice: 0.6747  decode.d2.loss_cls: 0.1555  decode.d2.loss_mask: 1.0332  decode.d2.loss_dice: 0.6538  decode.d3.loss_cls: 0.1346  decode.d3.loss_mask: 1.0901  decode.d3.loss_dice: 0.6823  decode.d4.loss_cls: 0.1545  decode.d4.loss_mask: 1.1070  decode.d4.loss_dice: 0.6862  decode.d5.loss_cls: 0.1175  decode.d5.loss_mask: 1.1815  decode.d5.loss_dice: 0.6421  decode.d6.loss_cls: 0.1061  decode.d6.loss_mask: 1.1275  decode.d6.loss_dice: 0.6842  decode.d7.loss_cls: 0.1064  decode.d7.loss_mask: 1.1117  decode.d7.loss_dice: 0.6804  decode.d8.loss_cls: 0.0970  decode.d8.loss_mask: 1.1467  decode.d8.loss_dice: 0.6982
2026/09/24 16:33:42 - mmengine - INFO - Iter(train) [13450/20000]  base_lr: 0.0000e+00 lr: 6.1135e-06  eta: 1:13:25  time: 0.6703  data_time: 0.0121  memory: 5843  grad_norm: 688.3232  loss: 22.3377  decode.loss_cls: 0.2048  decode.loss_mask: 1.2154  decode.loss_dice: 0.8224  decode.d0.loss_cls: 0.2502  decode.d0.loss_mask: 1.2887  decode.d0.loss_dice: 0.8142  decode.d1.loss_cls: 0.1906  decode.d1.loss_mask: 1.2356  decode.d1.loss_dice: 0.7994  decode.d2.loss_cls: 0.1987  decode.d2.loss_mask: 1.2525  decode.d2.loss_dice: 0.7880  decode.d3.loss_cls: 0.1740  decode.d3.loss_mask: 1.2490  decode.d3.loss_dice: 0.7810  decode.d4.loss_cls: 0.1718  decode.d4.loss_mask: 1.2455  decode.d4.loss_dice: 0.7821  decode.d5.loss_cls: 0.1644  decode.d5.loss_mask: 1.2375  decode.d5.loss_dice: 0.8126  decode.d6.loss_cls: 0.1886  decode.d6.loss_mask: 1.2229  decode.d6.loss_dice: 0.7985  decode.d7.loss_cls: 0.1899  decode.d7.loss_mask: 1.2220  decode.d7.loss_dice: 0.7876  decode.d8.loss_cls: 0.1828  decode.d8.loss_mask: 1.2709  decode.d8.loss_dice: 0.7959
2026/09/24 16:34:16 - mmengine - INFO - Iter(train) [13500/20000]  base_lr: 0.0000e+00 lr: 6.0847e-06  eta: 1:12:51  time: 0.6760  data_time: 0.0131  memory: 5843  grad_norm: 753.9582  loss: 25.2357  decode.loss_cls: 0.1819  decode.loss_mask: 1.4267  decode.loss_dice: 0.8726  decode.d0.loss_cls: 0.3160  decode.d0.loss_mask: 1.3566  decode.d0.loss_dice: 0.8738  decode.d1.loss_cls: 0.1856  decode.d1.loss_mask: 1.4372  decode.d1.loss_dice: 0.8959  decode.d2.loss_cls: 0.2034  decode.d2.loss_mask: 1.4011  decode.d2.loss_dice: 0.8548  decode.d3.loss_cls: 0.1952  decode.d3.loss_mask: 1.4613  decode.d3.loss_dice: 0.8829  decode.d4.loss_cls: 0.2005  decode.d4.loss_mask: 1.5672  decode.d4.loss_dice: 0.8941  decode.d5.loss_cls: 0.1709  decode.d5.loss_mask: 1.5267  decode.d5.loss_dice: 0.8595  decode.d6.loss_cls: 0.1478  decode.d6.loss_mask: 1.4918  decode.d6.loss_dice: 0.9030  decode.d7.loss_cls: 0.1901  decode.d7.loss_mask: 1.4480  decode.d7.loss_dice: 0.8701  decode.d8.loss_cls: 0.1784  decode.d8.loss_mask: 1.3874  decode.d8.loss_dice: 0.8552
2026/09/24 16:34:49 - mmengine - INFO - Iter(train) [13550/20000]  base_lr: 0.0000e+00 lr: 6.0559e-06  eta: 1:12:17  time: 0.6743  data_time: 0.0123  memory: 5843  grad_norm: 1008.9070  loss: 19.1482  decode.loss_cls: 0.1352  decode.loss_mask: 1.0326  decode.loss_dice: 0.7527  decode.d0.loss_cls: 0.1725  decode.d0.loss_mask: 1.0957  decode.d0.loss_dice: 0.7815  decode.d1.loss_cls: 0.1410  decode.d1.loss_mask: 1.0447  decode.d1.loss_dice: 0.6942  decode.d2.loss_cls: 0.1542  decode.d2.loss_mask: 1.0137  decode.d2.loss_dice: 0.7226  decode.d3.loss_cls: 0.1278  decode.d3.loss_mask: 1.0158  decode.d3.loss_dice: 0.7753  decode.d4.loss_cls: 0.1198  decode.d4.loss_mask: 1.0581  decode.d4.loss_dice: 0.7047  decode.d5.loss_cls: 0.1074  decode.d5.loss_mask: 1.0326  decode.d5.loss_dice: 0.7412  decode.d6.loss_cls: 0.1366  decode.d6.loss_mask: 1.0739  decode.d6.loss_dice: 0.7594  decode.d7.loss_cls: 0.1286  decode.d7.loss_mask: 1.0039  decode.d7.loss_dice: 0.7232  decode.d8.loss_cls: 0.1217  decode.d8.loss_mask: 1.0447  decode.d8.loss_dice: 0.7330
2026/09/24 16:35:23 - mmengine - INFO - Iter(train) [13600/20000]  base_lr: 0.0000e+00 lr: 6.0270e-06  eta: 1:11:43  time: 0.6688  data_time: 0.0124  memory: 5843  grad_norm: 1219.0240  loss: 27.6069  decode.loss_cls: 0.2289  decode.loss_mask: 1.5426  decode.loss_dice: 1.0147  decode.d0.loss_cls: 0.3089  decode.d0.loss_mask: 1.5571  decode.d0.loss_dice: 1.0242  decode.d1.loss_cls: 0.2667  decode.d1.loss_mask: 1.4758  decode.d1.loss_dice: 0.9633  decode.d2.loss_cls: 0.2651  decode.d2.loss_mask: 1.4735  decode.d2.loss_dice: 0.9627  decode.d3.loss_cls: 0.2372  decode.d3.loss_mask: 1.5232  decode.d3.loss_dice: 0.9617  decode.d4.loss_cls: 0.2222  decode.d4.loss_mask: 1.5141  decode.d4.loss_dice: 0.9669  decode.d5.loss_cls: 0.2293  decode.d5.loss_mask: 1.5189  decode.d5.loss_dice: 1.0056  decode.d6.loss_cls: 0.1803  decode.d6.loss_mask: 1.5870  decode.d6.loss_dice: 1.0066  decode.d7.loss_cls: 0.2357  decode.d7.loss_mask: 1.5722  decode.d7.loss_dice: 0.9943  decode.d8.loss_cls: 0.2040  decode.d8.loss_mask: 1.5523  decode.d8.loss_dice: 1.0118
2026/09/24 16:35:56 - mmengine - INFO - Iter(train) [13650/20000]  base_lr: 0.0000e+00 lr: 5.9982e-06  eta: 1:11:09  time: 0.6586  data_time: 0.0120  memory: 5843  grad_norm: 515.2337  loss: 20.0918  decode.loss_cls: 0.0650  decode.loss_mask: 1.2040  decode.loss_dice: 0.7111  decode.d0.loss_cls: 0.0958  decode.d0.loss_mask: 1.2665  decode.d0.loss_dice: 0.7680  decode.d1.loss_cls: 0.1012  decode.d1.loss_mask: 1.2181  decode.d1.loss_dice: 0.7269  decode.d2.loss_cls: 0.0715  decode.d2.loss_mask: 1.2445  decode.d2.loss_dice: 0.7477  decode.d3.loss_cls: 0.0663  decode.d3.loss_mask: 1.2105  decode.d3.loss_dice: 0.7202  decode.d4.loss_cls: 0.0685  decode.d4.loss_mask: 1.2105  decode.d4.loss_dice: 0.7157  decode.d5.loss_cls: 0.0789  decode.d5.loss_mask: 1.1908  decode.d5.loss_dice: 0.7232  decode.d6.loss_cls: 0.0892  decode.d6.loss_mask: 1.1731  decode.d6.loss_dice: 0.7062  decode.d7.loss_cls: 0.0888  decode.d7.loss_mask: 1.1702  decode.d7.loss_dice: 0.7016  decode.d8.loss_cls: 0.0754  decode.d8.loss_mask: 1.1786  decode.d8.loss_dice: 0.7039
2026/09/24 16:36:29 - mmengine - INFO - Iter(train) [13700/20000]  base_lr: 0.0000e+00 lr: 5.9693e-06  eta: 1:10:35  time: 0.6640  data_time: 0.0118  memory: 5843  grad_norm: 529.9162  loss: 25.8368  decode.loss_cls: 0.0867  decode.loss_mask: 1.6123  decode.loss_dice: 0.8554  decode.d0.loss_cls: 0.1347  decode.d0.loss_mask: 1.6071  decode.d0.loss_dice: 0.8475  decode.d1.loss_cls: 0.1302  decode.d1.loss_mask: 1.6388  decode.d1.loss_dice: 0.8484  decode.d2.loss_cls: 0.0830  decode.d2.loss_mask: 1.6146  decode.d2.loss_dice: 0.8671  decode.d3.loss_cls: 0.0846  decode.d3.loss_mask: 1.6277  decode.d3.loss_dice: 0.8762  decode.d4.loss_cls: 0.0902  decode.d4.loss_mask: 1.6762  decode.d4.loss_dice: 0.8580  decode.d5.loss_cls: 0.0948  decode.d5.loss_mask: 1.6684  decode.d5.loss_dice: 0.8427  decode.d6.loss_cls: 0.0737  decode.d6.loss_mask: 1.6239  decode.d6.loss_dice: 0.8378  decode.d7.loss_cls: 0.0861  decode.d7.loss_mask: 1.6894  decode.d7.loss_dice: 0.8532  decode.d8.loss_cls: 0.0799  decode.d8.loss_mask: 1.6166  decode.d8.loss_dice: 0.8317
2026/09/24 16:37:03 - mmengine - INFO - Iter(train) [13750/20000]  base_lr: 0.0000e+00 lr: 5.9404e-06  eta: 1:10:01  time: 0.6681  data_time: 0.0119  memory: 5843  grad_norm: 767.3545  loss: 24.6964  decode.loss_cls: 0.1353  decode.loss_mask: 1.3765  decode.loss_dice: 0.9384  decode.d0.loss_cls: 0.2320  decode.d0.loss_mask: 1.3788  decode.d0.loss_dice: 0.9710  decode.d1.loss_cls: 0.1791  decode.d1.loss_mask: 1.3460  decode.d1.loss_dice: 0.9216  decode.d2.loss_cls: 0.1794  decode.d2.loss_mask: 1.4166  decode.d2.loss_dice: 0.9472  decode.d3.loss_cls: 0.1758  decode.d3.loss_mask: 1.4124  decode.d3.loss_dice: 0.9226  decode.d4.loss_cls: 0.1614  decode.d4.loss_mask: 1.3540  decode.d4.loss_dice: 0.9184  decode.d5.loss_cls: 0.1578  decode.d5.loss_mask: 1.4081  decode.d5.loss_dice: 0.9315  decode.d6.loss_cls: 0.1674  decode.d6.loss_mask: 1.3639  decode.d6.loss_dice: 0.9126  decode.d7.loss_cls: 0.1491  decode.d7.loss_mask: 1.3476  decode.d7.loss_dice: 0.9064  decode.d8.loss_cls: 0.1103  decode.d8.loss_mask: 1.3538  decode.d8.loss_dice: 0.9217
2026/09/24 16:37:36 - mmengine - INFO - Iter(train) [13800/20000]  base_lr: 0.0000e+00 lr: 5.9115e-06  eta: 1:09:28  time: 0.6648  data_time: 0.0115  memory: 5843  grad_norm: 910.2704  loss: 22.1966  decode.loss_cls: 0.1719  decode.loss_mask: 1.2245  decode.loss_dice: 0.7399  decode.d0.loss_cls: 0.1789  decode.d0.loss_mask: 1.2781  decode.d0.loss_dice: 0.7872  decode.d1.loss_cls: 0.1082  decode.d1.loss_mask: 1.2984  decode.d1.loss_dice: 0.7741  decode.d2.loss_cls: 0.1471  decode.d2.loss_mask: 1.3292  decode.d2.loss_dice: 0.7627  decode.d3.loss_cls: 0.1243  decode.d3.loss_mask: 1.3516  decode.d3.loss_dice: 0.7578  decode.d4.loss_cls: 0.1126  decode.d4.loss_mask: 1.3836  decode.d4.loss_dice: 0.7762  decode.d5.loss_cls: 0.1021  decode.d5.loss_mask: 1.3521  decode.d5.loss_dice: 0.7898  decode.d6.loss_cls: 0.1066  decode.d6.loss_mask: 1.3520  decode.d6.loss_dice: 0.7537  decode.d7.loss_cls: 0.0750  decode.d7.loss_mask: 1.3855  decode.d7.loss_dice: 0.7782  decode.d8.loss_cls: 0.1195  decode.d8.loss_mask: 1.3309  decode.d8.loss_dice: 0.7446
2026/09/24 16:38:10 - mmengine - INFO - Iter(train) [13850/20000]  base_lr: 0.0000e+00 lr: 5.8826e-06  eta: 1:08:54  time: 0.6733  data_time: 0.0120  memory: 5844  grad_norm: 758.8015  loss: 25.5173  decode.loss_cls: 0.0737  decode.loss_mask: 1.5230  decode.loss_dice: 0.9632  decode.d0.loss_cls: 0.1184  decode.d0.loss_mask: 1.4820  decode.d0.loss_dice: 0.9637  decode.d1.loss_cls: 0.0866  decode.d1.loss_mask: 1.5029  decode.d1.loss_dice: 0.9384  decode.d2.loss_cls: 0.1000  decode.d2.loss_mask: 1.4539  decode.d2.loss_dice: 0.9229  decode.d3.loss_cls: 0.0833  decode.d3.loss_mask: 1.5093  decode.d3.loss_dice: 0.9402  decode.d4.loss_cls: 0.0828  decode.d4.loss_mask: 1.5913  decode.d4.loss_dice: 0.9370  decode.d5.loss_cls: 0.0688  decode.d5.loss_mask: 1.5321  decode.d5.loss_dice: 0.9300  decode.d6.loss_cls: 0.0613  decode.d6.loss_mask: 1.5825  decode.d6.loss_dice: 0.9568  decode.d7.loss_cls: 0.0746  decode.d7.loss_mask: 1.5228  decode.d7.loss_dice: 0.9268  decode.d8.loss_cls: 0.0657  decode.d8.loss_mask: 1.5556  decode.d8.loss_dice: 0.9677
2026/09/24 16:38:43 - mmengine - INFO - Iter(train) [13900/20000]  base_lr: 0.0000e+00 lr: 5.8536e-06  eta: 1:08:21  time: 0.6641  data_time: 0.0113  memory: 5843  grad_norm: 607.6262  loss: 18.9936  decode.loss_cls: 0.1467  decode.loss_mask: 0.9836  decode.loss_dice: 0.7873  decode.d0.loss_cls: 0.2274  decode.d0.loss_mask: 0.9911  decode.d0.loss_dice: 0.7565  decode.d1.loss_cls: 0.1681  decode.d1.loss_mask: 0.9731  decode.d1.loss_dice: 0.7790  decode.d2.loss_cls: 0.1636  decode.d2.loss_mask: 0.9952  decode.d2.loss_dice: 0.7454  decode.d3.loss_cls: 0.1662  decode.d3.loss_mask: 0.9371  decode.d3.loss_dice: 0.7279  decode.d4.loss_cls: 0.1682  decode.d4.loss_mask: 1.0110  decode.d4.loss_dice: 0.7408  decode.d5.loss_cls: 0.1500  decode.d5.loss_mask: 0.9166  decode.d5.loss_dice: 0.7665  decode.d6.loss_cls: 0.1515  decode.d6.loss_mask: 0.9451  decode.d6.loss_dice: 0.7716  decode.d7.loss_cls: 0.1525  decode.d7.loss_mask: 0.9843  decode.d7.loss_dice: 0.7863  decode.d8.loss_cls: 0.1209  decode.d8.loss_mask: 0.9964  decode.d8.loss_dice: 0.7834
2026/09/24 16:39:17 - mmengine - INFO - Iter(train) [13950/20000]  base_lr: 0.0000e+00 lr: 5.8247e-06  eta: 1:07:47  time: 0.6603  data_time: 0.0120  memory: 5844  grad_norm: 719.5669  loss: 24.6102  decode.loss_cls: 0.2619  decode.loss_mask: 1.3040  decode.loss_dice: 0.8159  decode.d0.loss_cls: 0.3038  decode.d0.loss_mask: 1.3019  decode.d0.loss_dice: 0.7856  decode.d1.loss_cls: 0.2982  decode.d1.loss_mask: 1.3914  decode.d1.loss_dice: 0.8004  decode.d2.loss_cls: 0.3103  decode.d2.loss_mask: 1.5910  decode.d2.loss_dice: 0.8138  decode.d3.loss_cls: 0.2760  decode.d3.loss_mask: 1.4428  decode.d3.loss_dice: 0.7715  decode.d4.loss_cls: 0.2916  decode.d4.loss_mask: 1.4223  decode.d4.loss_dice: 0.7926  decode.d5.loss_cls: 0.2946  decode.d5.loss_mask: 1.4066  decode.d5.loss_dice: 0.7833  decode.d6.loss_cls: 0.2580  decode.d6.loss_mask: 1.3360  decode.d6.loss_dice: 0.7883  decode.d7.loss_cls: 0.2588  decode.d7.loss_mask: 1.3748  decode.d7.loss_dice: 0.7927  decode.d8.loss_cls: 0.2160  decode.d8.loss_mask: 1.3439  decode.d8.loss_dice: 0.7821
2026/09/24 16:39:50 - mmengine - INFO - Exp name: mask2former_20260924_141104
2026/09/24 16:39:50 - mmengine - INFO - Iter(train) [14000/20000]  base_lr: 0.0000e+00 lr: 5.7957e-06  eta: 1:07:13  time: 0.6706  data_time: 0.0124  memory: 5844  grad_norm: 985.9984  loss: 29.3177  decode.loss_cls: 0.2981  decode.loss_mask: 1.7377  decode.loss_dice: 0.9723  decode.d0.loss_cls: 0.3084  decode.d0.loss_mask: 1.5874  decode.d0.loss_dice: 0.9578  decode.d1.loss_cls: 0.2676  decode.d1.loss_mask: 1.6425  decode.d1.loss_dice: 0.9782  decode.d2.loss_cls: 0.3619  decode.d2.loss_mask: 1.5752  decode.d2.loss_dice: 0.8667  decode.d3.loss_cls: 0.3139  decode.d3.loss_mask: 1.6851  decode.d3.loss_dice: 0.9230  decode.d4.loss_cls: 0.2744  decode.d4.loss_mask: 1.7023  decode.d4.loss_dice: 0.9467  decode.d5.loss_cls: 0.2571  decode.d5.loss_mask: 1.6730  decode.d5.loss_dice: 0.9995  decode.d6.loss_cls: 0.2347  decode.d6.loss_mask: 1.7756  decode.d6.loss_dice: 0.9929  decode.d7.loss_cls: 0.2672  decode.d7.loss_mask: 1.7288  decode.d7.loss_dice: 0.9986  decode.d8.loss_cls: 0.2373  decode.d8.loss_mask: 1.7592  decode.d8.loss_dice: 0.9946
2026/09/24 16:39:50 - mmengine - INFO - Saving checkpoint at 14000 iterations
2026/09/24 16:42:07 - mmengine - INFO - Iter(val) [ 50/304]    eta: 0:11:22  time: 2.6950  data_time: 0.0093  memory: 4047  
2026/09/24 16:44:50 - mmengine - INFO - Iter(val) [100/304]    eta: 0:10:07  time: 3.2013  data_time: 0.0100  memory: 4047  
2026/09/24 16:47:29 - mmengine - INFO - Iter(val) [150/304]    eta: 0:07:48  time: 3.1739  data_time: 0.0091  memory: 4047  
2026/09/24 16:50:08 - mmengine - INFO - Iter(val) [200/304]    eta: 0:05:20  time: 3.1833  data_time: 0.0090  memory: 4047  
2026/09/24 16:52:46 - mmengine - INFO - Iter(val) [250/304]    eta: 0:02:47  time: 3.1539  data_time: 0.0089  memory: 4047  
2026/09/24 16:55:22 - mmengine - INFO - Iter(val) [300/304]    eta: 0:00:12  time: 3.0915  data_time: 0.0090  memory: 4047  
2026/09/24 16:55:35 - mmengine - INFO - per class results:
2026/09/24 16:55:35 - mmengine - INFO - 
+------------------+-------+-------+-------+--------+-----------+--------+
|      Class       |  IoU  |  Acc  |  Dice | Fscore | Precision | Recall |
+------------------+-------+-------+-------+--------+-----------+--------+
|    background    | 93.01 | 93.79 | 96.38 | 96.38  |   99.12   | 93.79  |
| wastewater_plant | 53.09 | 90.52 | 69.35 | 69.35  |   56.21   | 90.52  |
+------------------+-------+-------+-------+--------+-----------+--------+
2026/09/24 16:55:35 - mmengine - INFO - Iter(val) [304/304]    aAcc: 93.5300  mIoU: 73.0500  mAcc: 92.1500  mDice: 82.8700  mFscore: 82.8700  mPrecision: 77.6600  mRecall: 92.1500  binary/Foreground_IoU: 53.0861  binary/Dice: 69.3545  binary/F1: 69.3545  binary/Precision: 56.2126  binary/Recall: 90.5163  binary/Boundary_F1: 11.7525  binary/BFScore: 11.7525  binary/Boundary_Precision: 8.4611  binary/Boundary_Recall: 19.2350  binary/Hausdorff_px: 688.9678  binary/HD95_px: 599.1472  binary/Hausdorff_m: 344.4839  binary/HD95_m: 299.5736  data_time: 0.0099  time: 3.0996
2026/09/24 16:56:08 - mmengine - INFO - Iter(train) [14050/20000]  base_lr: 0.0000e+00 lr: 5.7667e-06  eta: 1:06:39  time: 0.6716  data_time: 0.0120  memory: 5844  grad_norm: 791.1445  loss: 25.5028  decode.loss_cls: 0.2523  decode.loss_mask: 1.4487  decode.loss_dice: 0.8527  decode.d0.loss_cls: 0.3287  decode.d0.loss_mask: 1.4568  decode.d0.loss_dice: 0.9137  decode.d1.loss_cls: 0.2645  decode.d1.loss_mask: 1.3659  decode.d1.loss_dice: 0.8713  decode.d2.loss_cls: 0.2285  decode.d2.loss_mask: 1.3792  decode.d2.loss_dice: 0.8720  decode.d3.loss_cls: 0.2348  decode.d3.loss_mask: 1.4523  decode.d3.loss_dice: 0.8649  decode.d4.loss_cls: 0.2207  decode.d4.loss_mask: 1.4896  decode.d4.loss_dice: 0.8819  decode.d5.loss_cls: 0.2854  decode.d5.loss_mask: 1.4252  decode.d5.loss_dice: 0.9079  decode.d6.loss_cls: 0.2310  decode.d6.loss_mask: 1.4697  decode.d6.loss_dice: 0.8598  decode.d7.loss_cls: 0.2719  decode.d7.loss_mask: 1.3854  decode.d7.loss_dice: 0.8609  decode.d8.loss_cls: 0.1980  decode.d8.loss_mask: 1.4089  decode.d8.loss_dice: 0.8203
2026/09/24 16:56:42 - mmengine - INFO - Iter(train) [14100/20000]  base_lr: 0.0000e+00 lr: 5.7377e-06  eta: 1:06:05  time: 0.6657  data_time: 0.0113  memory: 5843  grad_norm: 856.2137  loss: 26.1208  decode.loss_cls: 0.1075  decode.loss_mask: 1.4850  decode.loss_dice: 0.9478  decode.d0.loss_cls: 0.2070  decode.d0.loss_mask: 1.5499  decode.d0.loss_dice: 1.0139  decode.d1.loss_cls: 0.1279  decode.d1.loss_mask: 1.5426  decode.d1.loss_dice: 1.0038  decode.d2.loss_cls: 0.1178  decode.d2.loss_mask: 1.4905  decode.d2.loss_dice: 0.9783  decode.d3.loss_cls: 0.1208  decode.d3.loss_mask: 1.4813  decode.d3.loss_dice: 0.9818  decode.d4.loss_cls: 0.1304  decode.d4.loss_mask: 1.4499  decode.d4.loss_dice: 0.9785  decode.d5.loss_cls: 0.1426  decode.d5.loss_mask: 1.4855  decode.d5.loss_dice: 0.9705  decode.d6.loss_cls: 0.1425  decode.d6.loss_mask: 1.4938  decode.d6.loss_dice: 0.9667  decode.d7.loss_cls: 0.1209  decode.d7.loss_mask: 1.4955  decode.d7.loss_dice: 1.0144  decode.d8.loss_cls: 0.1043  decode.d8.loss_mask: 1.4972  decode.d8.loss_dice: 0.9724
2026/09/24 16:57:15 - mmengine - INFO - Iter(train) [14150/20000]  base_lr: 0.0000e+00 lr: 5.7087e-06  eta: 1:05:31  time: 0.6631  data_time: 0.0114  memory: 5843  grad_norm: 609.9159  loss: 25.2389  decode.loss_cls: 0.1036  decode.loss_mask: 1.4925  decode.loss_dice: 0.8705  decode.d0.loss_cls: 0.2099  decode.d0.loss_mask: 1.5354  decode.d0.loss_dice: 0.8959  decode.d1.loss_cls: 0.1205  decode.d1.loss_mask: 1.5959  decode.d1.loss_dice: 0.8922  decode.d2.loss_cls: 0.1104  decode.d2.loss_mask: 1.4924  decode.d2.loss_dice: 0.8481  decode.d3.loss_cls: 0.1396  decode.d3.loss_mask: 1.4550  decode.d3.loss_dice: 0.8704  decode.d4.loss_cls: 0.1153  decode.d4.loss_mask: 1.4884  decode.d4.loss_dice: 0.8691  decode.d5.loss_cls: 0.1405  decode.d5.loss_mask: 1.6117  decode.d5.loss_dice: 0.8986  decode.d6.loss_cls: 0.1317  decode.d6.loss_mask: 1.4985  decode.d6.loss_dice: 0.8337  decode.d7.loss_cls: 0.1213  decode.d7.loss_mask: 1.4995  decode.d7.loss_dice: 0.9011  decode.d8.loss_cls: 0.0991  decode.d8.loss_mask: 1.5214  decode.d8.loss_dice: 0.8767
2026/09/24 16:57:48 - mmengine - INFO - Iter(train) [14200/20000]  base_lr: 0.0000e+00 lr: 5.6797e-06  eta: 1:04:58  time: 0.6624  data_time: 0.0121  memory: 5843  grad_norm: 469.6542  loss: 21.0863  decode.loss_cls: 0.0495  decode.loss_mask: 1.2829  decode.loss_dice: 0.7649  decode.d0.loss_cls: 0.0855  decode.d0.loss_mask: 1.2657  decode.d0.loss_dice: 0.7774  decode.d1.loss_cls: 0.0669  decode.d1.loss_mask: 1.2840  decode.d1.loss_dice: 0.7740  decode.d2.loss_cls: 0.0542  decode.d2.loss_mask: 1.2835  decode.d2.loss_dice: 0.7668  decode.d3.loss_cls: 0.0502  decode.d3.loss_mask: 1.2796  decode.d3.loss_dice: 0.7499  decode.d4.loss_cls: 0.0468  decode.d4.loss_mask: 1.2698  decode.d4.loss_dice: 0.7663  decode.d5.loss_cls: 0.0483  decode.d5.loss_mask: 1.2783  decode.d5.loss_dice: 0.7856  decode.d6.loss_cls: 0.0464  decode.d6.loss_mask: 1.2911  decode.d6.loss_dice: 0.7912  decode.d7.loss_cls: 0.0442  decode.d7.loss_mask: 1.2867  decode.d7.loss_dice: 0.7884  decode.d8.loss_cls: 0.0499  decode.d8.loss_mask: 1.2959  decode.d8.loss_dice: 0.7622
2026/09/24 16:58:22 - mmengine - INFO - Iter(train) [14250/20000]  base_lr: 0.0000e+00 lr: 5.6506e-06  eta: 1:04:24  time: 0.6706  data_time: 0.0120  memory: 5844  grad_norm: 924.2418  loss: 27.9279  decode.loss_cls: 0.2306  decode.loss_mask: 1.6342  decode.loss_dice: 0.8310  decode.d0.loss_cls: 0.3480  decode.d0.loss_mask: 1.6548  decode.d0.loss_dice: 0.9104  decode.d1.loss_cls: 0.2659  decode.d1.loss_mask: 1.6433  decode.d1.loss_dice: 0.8789  decode.d2.loss_cls: 0.3295  decode.d2.loss_mask: 1.6233  decode.d2.loss_dice: 0.8721  decode.d3.loss_cls: 0.2612  decode.d3.loss_mask: 1.6674  decode.d3.loss_dice: 0.8557  decode.d4.loss_cls: 0.3277  decode.d4.loss_mask: 1.6347  decode.d4.loss_dice: 0.8818  decode.d5.loss_cls: 0.3143  decode.d5.loss_mask: 1.6926  decode.d5.loss_dice: 0.8561  decode.d6.loss_cls: 0.2641  decode.d6.loss_mask: 1.6976  decode.d6.loss_dice: 0.8696  decode.d7.loss_cls: 0.2886  decode.d7.loss_mask: 1.5519  decode.d7.loss_dice: 0.8367  decode.d8.loss_cls: 0.2471  decode.d8.loss_mask: 1.6395  decode.d8.loss_dice: 0.8192
2026/09/24 16:58:55 - mmengine - INFO - Iter(train) [14300/20000]  base_lr: 0.0000e+00 lr: 5.6215e-06  eta: 1:03:50  time: 0.6672  data_time: 0.0123  memory: 5844  grad_norm: 836.8229  loss: 30.2082  decode.loss_cls: 0.1844  decode.loss_mask: 1.8226  decode.loss_dice: 1.0749  decode.d0.loss_cls: 0.2329  decode.d0.loss_mask: 1.7067  decode.d0.loss_dice: 1.0038  decode.d1.loss_cls: 0.1449  decode.d1.loss_mask: 1.8269  decode.d1.loss_dice: 1.0534  decode.d2.loss_cls: 0.1684  decode.d2.loss_mask: 1.8031  decode.d2.loss_dice: 1.0310  decode.d3.loss_cls: 0.1404  decode.d3.loss_mask: 1.8495  decode.d3.loss_dice: 1.0758  decode.d4.loss_cls: 0.1424  decode.d4.loss_mask: 1.8725  decode.d4.loss_dice: 1.0792  decode.d5.loss_cls: 0.1461  decode.d5.loss_mask: 1.7853  decode.d5.loss_dice: 1.0326  decode.d6.loss_cls: 0.1980  decode.d6.loss_mask: 1.7748  decode.d6.loss_dice: 0.9847  decode.d7.loss_cls: 0.1825  decode.d7.loss_mask: 1.7815  decode.d7.loss_dice: 1.0364  decode.d8.loss_cls: 0.1692  decode.d8.loss_mask: 1.8333  decode.d8.loss_dice: 1.0710
2026/09/24 16:59:29 - mmengine - INFO - Iter(train) [14350/20000]  base_lr: 0.0000e+00 lr: 5.5925e-06  eta: 1:03:16  time: 0.6751  data_time: 0.0126  memory: 5843  grad_norm: 795.7175  loss: 21.9572  decode.loss_cls: 0.1102  decode.loss_mask: 1.2435  decode.loss_dice: 0.8397  decode.d0.loss_cls: 0.1676  decode.d0.loss_mask: 1.2509  decode.d0.loss_dice: 0.8412  decode.d1.loss_cls: 0.1062  decode.d1.loss_mask: 1.2510  decode.d1.loss_dice: 0.8377  decode.d2.loss_cls: 0.1332  decode.d2.loss_mask: 1.2099  decode.d2.loss_dice: 0.8114  decode.d3.loss_cls: 0.1292  decode.d3.loss_mask: 1.2161  decode.d3.loss_dice: 0.8080  decode.d4.loss_cls: 0.1259  decode.d4.loss_mask: 1.2390  decode.d4.loss_dice: 0.8185  decode.d5.loss_cls: 0.1022  decode.d5.loss_mask: 1.2411  decode.d5.loss_dice: 0.8340  decode.d6.loss_cls: 0.0782  decode.d6.loss_mask: 1.3490  decode.d6.loss_dice: 0.8571  decode.d7.loss_cls: 0.1154  decode.d7.loss_mask: 1.2549  decode.d7.loss_dice: 0.8213  decode.d8.loss_cls: 0.1061  decode.d8.loss_mask: 1.2429  decode.d8.loss_dice: 0.8157
2026/09/24 17:00:02 - mmengine - INFO - Iter(train) [14400/20000]  base_lr: 0.0000e+00 lr: 5.5634e-06  eta: 1:02:43  time: 0.6680  data_time: 0.0115  memory: 5843  grad_norm: 973.8052  loss: 28.1846  decode.loss_cls: 0.1693  decode.loss_mask: 1.6518  decode.loss_dice: 0.9274  decode.d0.loss_cls: 0.2038  decode.d0.loss_mask: 1.7160  decode.d0.loss_dice: 0.9432  decode.d1.loss_cls: 0.1732  decode.d1.loss_mask: 1.7127  decode.d1.loss_dice: 0.9435  decode.d2.loss_cls: 0.2005  decode.d2.loss_mask: 1.7022  decode.d2.loss_dice: 0.9747  decode.d3.loss_cls: 0.2215  decode.d3.loss_mask: 1.6890  decode.d3.loss_dice: 0.9369  decode.d4.loss_cls: 0.2142  decode.d4.loss_mask: 1.6485  decode.d4.loss_dice: 0.9127  decode.d5.loss_cls: 0.1809  decode.d5.loss_mask: 1.7388  decode.d5.loss_dice: 0.9894  decode.d6.loss_cls: 0.1619  decode.d6.loss_mask: 1.6235  decode.d6.loss_dice: 0.9547  decode.d7.loss_cls: 0.1283  decode.d7.loss_mask: 1.7546  decode.d7.loss_dice: 0.9681  decode.d8.loss_cls: 0.1727  decode.d8.loss_mask: 1.6285  decode.d8.loss_dice: 0.9420
2026/09/24 17:00:36 - mmengine - INFO - Iter(train) [14450/20000]  base_lr: 0.0000e+00 lr: 5.5342e-06  eta: 1:02:09  time: 0.6958  data_time: 0.0287  memory: 5843  grad_norm: 798.1913  loss: 23.3106  decode.loss_cls: 0.1102  decode.loss_mask: 1.3432  decode.loss_dice: 0.8279  decode.d0.loss_cls: 0.2101  decode.d0.loss_mask: 1.4177  decode.d0.loss_dice: 0.8912  decode.d1.loss_cls: 0.1141  decode.d1.loss_mask: 1.3783  decode.d1.loss_dice: 0.8615  decode.d2.loss_cls: 0.1623  decode.d2.loss_mask: 1.3437  decode.d2.loss_dice: 0.8472  decode.d3.loss_cls: 0.1625  decode.d3.loss_mask: 1.3187  decode.d3.loss_dice: 0.8196  decode.d4.loss_cls: 0.1422  decode.d4.loss_mask: 1.3410  decode.d4.loss_dice: 0.8365  decode.d5.loss_cls: 0.1615  decode.d5.loss_mask: 1.3155  decode.d5.loss_dice: 0.8597  decode.d6.loss_cls: 0.1169  decode.d6.loss_mask: 1.3421  decode.d6.loss_dice: 0.8167  decode.d7.loss_cls: 0.1040  decode.d7.loss_mask: 1.3504  decode.d7.loss_dice: 0.8275  decode.d8.loss_cls: 0.1205  decode.d8.loss_mask: 1.3430  decode.d8.loss_dice: 0.8249
2026/09/24 17:01:09 - mmengine - INFO - Iter(train) [14500/20000]  base_lr: 0.0000e+00 lr: 5.5051e-06  eta: 1:01:36  time: 0.6727  data_time: 0.0124  memory: 5843  grad_norm: 449.7824  loss: 16.9943  decode.loss_cls: 0.0249  decode.loss_mask: 1.0731  decode.loss_dice: 0.6168  decode.d0.loss_cls: 0.0797  decode.d0.loss_mask: 1.0704  decode.d0.loss_dice: 0.6181  decode.d1.loss_cls: 0.0543  decode.d1.loss_mask: 1.0413  decode.d1.loss_dice: 0.6020  decode.d2.loss_cls: 0.0433  decode.d2.loss_mask: 1.0301  decode.d2.loss_dice: 0.6031  decode.d3.loss_cls: 0.0418  decode.d3.loss_mask: 1.0454  decode.d3.loss_dice: 0.6051  decode.d4.loss_cls: 0.0415  decode.d4.loss_mask: 1.0280  decode.d4.loss_dice: 0.6073  decode.d5.loss_cls: 0.0379  decode.d5.loss_mask: 1.0494  decode.d5.loss_dice: 0.6256  decode.d6.loss_cls: 0.0360  decode.d6.loss_mask: 1.0445  decode.d6.loss_dice: 0.6062  decode.d7.loss_cls: 0.0275  decode.d7.loss_mask: 1.0461  decode.d7.loss_dice: 0.6081  decode.d8.loss_cls: 0.0295  decode.d8.loss_mask: 1.0505  decode.d8.loss_dice: 0.6067
2026/09/24 17:01:43 - mmengine - INFO - Iter(train) [14550/20000]  base_lr: 0.0000e+00 lr: 5.4759e-06  eta: 1:01:02  time: 0.6739  data_time: 0.0121  memory: 5844  grad_norm: 563.5797  loss: 23.9435  decode.loss_cls: 0.1907  decode.loss_mask: 1.3277  decode.loss_dice: 0.8950  decode.d0.loss_cls: 0.3182  decode.d0.loss_mask: 1.3062  decode.d0.loss_dice: 0.9143  decode.d1.loss_cls: 0.2268  decode.d1.loss_mask: 1.2639  decode.d1.loss_dice: 0.9024  decode.d2.loss_cls: 0.2621  decode.d2.loss_mask: 1.2515  decode.d2.loss_dice: 0.8670  decode.d3.loss_cls: 0.2473  decode.d3.loss_mask: 1.2380  decode.d3.loss_dice: 0.8569  decode.d4.loss_cls: 0.2440  decode.d4.loss_mask: 1.2713  decode.d4.loss_dice: 0.8924  decode.d5.loss_cls: 0.2062  decode.d5.loss_mask: 1.2591  decode.d5.loss_dice: 0.8888  decode.d6.loss_cls: 0.2131  decode.d6.loss_mask: 1.2663  decode.d6.loss_dice: 0.8751  decode.d7.loss_cls: 0.1893  decode.d7.loss_mask: 1.3186  decode.d7.loss_dice: 0.8797  decode.d8.loss_cls: 0.1949  decode.d8.loss_mask: 1.2759  decode.d8.loss_dice: 0.9007
2026/09/24 17:02:16 - mmengine - INFO - Iter(train) [14600/20000]  base_lr: 0.0000e+00 lr: 5.4468e-06  eta: 1:00:28  time: 0.6592  data_time: 0.0113  memory: 5844  grad_norm: 575.1865  loss: 26.3889  decode.loss_cls: 0.1550  decode.loss_mask: 1.6488  decode.loss_dice: 0.8436  decode.d0.loss_cls: 0.1892  decode.d0.loss_mask: 1.6546  decode.d0.loss_dice: 0.8553  decode.d1.loss_cls: 0.1995  decode.d1.loss_mask: 1.6560  decode.d1.loss_dice: 0.8350  decode.d2.loss_cls: 0.2013  decode.d2.loss_mask: 1.6248  decode.d2.loss_dice: 0.8223  decode.d3.loss_cls: 0.2221  decode.d3.loss_mask: 1.5818  decode.d3.loss_dice: 0.8177  decode.d4.loss_cls: 0.1972  decode.d4.loss_mask: 1.6602  decode.d4.loss_dice: 0.8705  decode.d5.loss_cls: 0.1385  decode.d5.loss_mask: 1.6423  decode.d5.loss_dice: 0.8457  decode.d6.loss_cls: 0.1196  decode.d6.loss_mask: 1.6677  decode.d6.loss_dice: 0.8087  decode.d7.loss_cls: 0.1428  decode.d7.loss_mask: 1.6391  decode.d7.loss_dice: 0.8029  decode.d8.loss_cls: 0.1190  decode.d8.loss_mask: 1.6281  decode.d8.loss_dice: 0.7994
2026/09/24 17:02:49 - mmengine - INFO - Iter(train) [14650/20000]  base_lr: 0.0000e+00 lr: 5.4176e-06  eta: 0:59:54  time: 0.6709  data_time: 0.0113  memory: 5844  grad_norm: 863.8956  loss: 22.1660  decode.loss_cls: 0.1950  decode.loss_mask: 1.2279  decode.loss_dice: 0.7697  decode.d0.loss_cls: 0.1874  decode.d0.loss_mask: 1.2057  decode.d0.loss_dice: 0.7876  decode.d1.loss_cls: 0.1577  decode.d1.loss_mask: 1.2687  decode.d1.loss_dice: 0.7595  decode.d2.loss_cls: 0.1945  decode.d2.loss_mask: 1.2234  decode.d2.loss_dice: 0.7668  decode.d3.loss_cls: 0.1880  decode.d3.loss_mask: 1.2355  decode.d3.loss_dice: 0.7725  decode.d4.loss_cls: 0.1908  decode.d4.loss_mask: 1.2625  decode.d4.loss_dice: 0.7683  decode.d5.loss_cls: 0.1891  decode.d5.loss_mask: 1.2837  decode.d5.loss_dice: 0.7777  decode.d6.loss_cls: 0.1701  decode.d6.loss_mask: 1.4522  decode.d6.loss_dice: 0.7664  decode.d7.loss_cls: 0.1878  decode.d7.loss_mask: 1.2547  decode.d7.loss_dice: 0.7638  decode.d8.loss_cls: 0.1804  decode.d8.loss_mask: 1.2237  decode.d8.loss_dice: 0.7549
2026/09/24 17:03:23 - mmengine - INFO - Iter(train) [14700/20000]  base_lr: 0.0000e+00 lr: 5.3884e-06  eta: 0:59:20  time: 0.6718  data_time: 0.0116  memory: 5843  grad_norm: 389.2076  loss: 20.0000  decode.loss_cls: 0.0694  decode.loss_mask: 1.0651  decode.loss_dice: 0.7692  decode.d0.loss_cls: 0.1009  decode.d0.loss_mask: 1.1148  decode.d0.loss_dice: 0.8152  decode.d1.loss_cls: 0.0794  decode.d1.loss_mask: 1.1528  decode.d1.loss_dice: 0.7853  decode.d2.loss_cls: 0.0879  decode.d2.loss_mask: 1.1866  decode.d2.loss_dice: 0.8048  decode.d3.loss_cls: 0.0961  decode.d3.loss_mask: 1.1446  decode.d3.loss_dice: 0.7631  decode.d4.loss_cls: 0.0937  decode.d4.loss_mask: 1.1012  decode.d4.loss_dice: 0.7761  decode.d5.loss_cls: 0.0793  decode.d5.loss_mask: 1.1278  decode.d5.loss_dice: 0.8047  decode.d6.loss_cls: 0.0750  decode.d6.loss_mask: 1.1482  decode.d6.loss_dice: 0.7748  decode.d7.loss_cls: 0.0805  decode.d7.loss_mask: 1.1550  decode.d7.loss_dice: 0.7787  decode.d8.loss_cls: 0.0736  decode.d8.loss_mask: 1.1181  decode.d8.loss_dice: 0.7779
2026/09/24 17:03:56 - mmengine - INFO - Iter(train) [14750/20000]  base_lr: 0.0000e+00 lr: 5.3592e-06  eta: 0:58:47  time: 0.6636  data_time: 0.0120  memory: 5843  grad_norm: 709.4507  loss: 23.1261  decode.loss_cls: 0.1538  decode.loss_mask: 1.3426  decode.loss_dice: 0.7459  decode.d0.loss_cls: 0.1634  decode.d0.loss_mask: 1.4573  decode.d0.loss_dice: 0.8064  decode.d1.loss_cls: 0.1384  decode.d1.loss_mask: 1.4172  decode.d1.loss_dice: 0.7484  decode.d2.loss_cls: 0.1453  decode.d2.loss_mask: 1.4370  decode.d2.loss_dice: 0.7871  decode.d3.loss_cls: 0.1683  decode.d3.loss_mask: 1.4080  decode.d3.loss_dice: 0.8014  decode.d4.loss_cls: 0.1427  decode.d4.loss_mask: 1.3745  decode.d4.loss_dice: 0.7718  decode.d5.loss_cls: 0.1569  decode.d5.loss_mask: 1.3591  decode.d5.loss_dice: 0.7987  decode.d6.loss_cls: 0.1415  decode.d6.loss_mask: 1.3363  decode.d6.loss_dice: 0.8113  decode.d7.loss_cls: 0.1479  decode.d7.loss_mask: 1.3273  decode.d7.loss_dice: 0.7928  decode.d8.loss_cls: 0.1491  decode.d8.loss_mask: 1.3281  decode.d8.loss_dice: 0.7676
2026/09/24 17:04:30 - mmengine - INFO - Iter(train) [14800/20000]  base_lr: 0.0000e+00 lr: 5.3299e-06  eta: 0:58:13  time: 0.6641  data_time: 0.0114  memory: 5844  grad_norm: 485.2215  loss: 23.8766  decode.loss_cls: 0.1147  decode.loss_mask: 1.2969  decode.loss_dice: 0.9272  decode.d0.loss_cls: 0.1670  decode.d0.loss_mask: 1.2738  decode.d0.loss_dice: 0.9615  decode.d1.loss_cls: 0.1175  decode.d1.loss_mask: 1.2768  decode.d1.loss_dice: 0.8850  decode.d2.loss_cls: 0.1177  decode.d2.loss_mask: 1.3920  decode.d2.loss_dice: 0.9416  decode.d3.loss_cls: 0.1516  decode.d3.loss_mask: 1.2761  decode.d3.loss_dice: 0.8993  decode.d4.loss_cls: 0.0998  decode.d4.loss_mask: 1.3552  decode.d4.loss_dice: 0.9291  decode.d5.loss_cls: 0.1019  decode.d5.loss_mask: 1.4382  decode.d5.loss_dice: 0.9413  decode.d6.loss_cls: 0.1154  decode.d6.loss_mask: 1.4199  decode.d6.loss_dice: 0.9163  decode.d7.loss_cls: 0.1175  decode.d7.loss_mask: 1.3152  decode.d7.loss_dice: 0.9539  decode.d8.loss_cls: 0.1139  decode.d8.loss_mask: 1.3275  decode.d8.loss_dice: 0.9329
2026/09/24 17:05:03 - mmengine - INFO - Iter(train) [14850/20000]  base_lr: 0.0000e+00 lr: 5.3007e-06  eta: 0:57:39  time: 0.6631  data_time: 0.0124  memory: 5843  grad_norm: 567.0185  loss: 26.1047  decode.loss_cls: 0.2553  decode.loss_mask: 1.3513  decode.loss_dice: 0.9906  decode.d0.loss_cls: 0.2541  decode.d0.loss_mask: 1.3274  decode.d0.loss_dice: 1.0322  decode.d1.loss_cls: 0.2249  decode.d1.loss_mask: 1.3125  decode.d1.loss_dice: 0.9964  decode.d2.loss_cls: 0.2623  decode.d2.loss_mask: 1.3325  decode.d2.loss_dice: 0.9993  decode.d3.loss_cls: 0.2422  decode.d3.loss_mask: 1.3464  decode.d3.loss_dice: 0.9911  decode.d4.loss_cls: 0.2399  decode.d4.loss_mask: 1.3688  decode.d4.loss_dice: 1.0004  decode.d5.loss_cls: 0.2338  decode.d5.loss_mask: 1.3873  decode.d5.loss_dice: 1.0155  decode.d6.loss_cls: 0.2568  decode.d6.loss_mask: 1.3986  decode.d6.loss_dice: 0.9633  decode.d7.loss_cls: 0.2234  decode.d7.loss_mask: 1.4249  decode.d7.loss_dice: 1.0149  decode.d8.loss_cls: 0.2266  decode.d8.loss_mask: 1.4275  decode.d8.loss_dice: 1.0044
2026/09/24 17:05:36 - mmengine - INFO - Iter(train) [14900/20000]  base_lr: 0.0000e+00 lr: 5.2714e-06  eta: 0:57:05  time: 0.6592  data_time: 0.0114  memory: 5844  grad_norm: 1002.1669  loss: 28.5323  decode.loss_cls: 0.1296  decode.loss_mask: 1.6648  decode.loss_dice: 1.0194  decode.d0.loss_cls: 0.1832  decode.d0.loss_mask: 1.6426  decode.d0.loss_dice: 1.0283  decode.d1.loss_cls: 0.1194  decode.d1.loss_mask: 1.7036  decode.d1.loss_dice: 1.0664  decode.d2.loss_cls: 0.1264  decode.d2.loss_mask: 1.7016  decode.d2.loss_dice: 1.0621  decode.d3.loss_cls: 0.1396  decode.d3.loss_mask: 1.6841  decode.d3.loss_dice: 1.0979  decode.d4.loss_cls: 0.0916  decode.d4.loss_mask: 1.6935  decode.d4.loss_dice: 1.0767  decode.d5.loss_cls: 0.1482  decode.d5.loss_mask: 1.7502  decode.d5.loss_dice: 1.0506  decode.d6.loss_cls: 0.0940  decode.d6.loss_mask: 1.7148  decode.d6.loss_dice: 1.0583  decode.d7.loss_cls: 0.1274  decode.d7.loss_mask: 1.6028  decode.d7.loss_dice: 0.9947  decode.d8.loss_cls: 0.1123  decode.d8.loss_mask: 1.6306  decode.d8.loss_dice: 1.0177
2026/09/24 17:06:09 - mmengine - INFO - Iter(train) [14950/20000]  base_lr: 0.0000e+00 lr: 5.2421e-06  eta: 0:56:31  time: 0.6682  data_time: 0.0122  memory: 5843  grad_norm: 458.6664  loss: 24.5591  decode.loss_cls: 0.1516  decode.loss_mask: 1.4142  decode.loss_dice: 0.8418  decode.d0.loss_cls: 0.2048  decode.d0.loss_mask: 1.3784  decode.d0.loss_dice: 0.8559  decode.d1.loss_cls: 0.1945  decode.d1.loss_mask: 1.4175  decode.d1.loss_dice: 0.8506  decode.d2.loss_cls: 0.2100  decode.d2.loss_mask: 1.4377  decode.d2.loss_dice: 0.8759  decode.d3.loss_cls: 0.1849  decode.d3.loss_mask: 1.4105  decode.d3.loss_dice: 0.8419  decode.d4.loss_cls: 0.1722  decode.d4.loss_mask: 1.4850  decode.d4.loss_dice: 0.8576  decode.d5.loss_cls: 0.2481  decode.d5.loss_mask: 1.4083  decode.d5.loss_dice: 0.8397  decode.d6.loss_cls: 0.2303  decode.d6.loss_mask: 1.4021  decode.d6.loss_dice: 0.8702  decode.d7.loss_cls: 0.1802  decode.d7.loss_mask: 1.4140  decode.d7.loss_dice: 0.8494  decode.d8.loss_cls: 0.1271  decode.d8.loss_mask: 1.3996  decode.d8.loss_dice: 0.8051
2026/09/24 17:06:43 - mmengine - INFO - Exp name: mask2former_20260924_141104
2026/09/24 17:06:43 - mmengine - INFO - Iter(train) [15000/20000]  base_lr: 0.0000e+00 lr: 5.2128e-06  eta: 0:55:58  time: 0.6663  data_time: 0.0128  memory: 5843  grad_norm: 408.6655  loss: 25.0405  decode.loss_cls: 0.1501  decode.loss_mask: 1.3841  decode.loss_dice: 0.9814  decode.d0.loss_cls: 0.2238  decode.d0.loss_mask: 1.3889  decode.d0.loss_dice: 1.0024  decode.d1.loss_cls: 0.1169  decode.d1.loss_mask: 1.3970  decode.d1.loss_dice: 0.9360  decode.d2.loss_cls: 0.1563  decode.d2.loss_mask: 1.3925  decode.d2.loss_dice: 0.9337  decode.d3.loss_cls: 0.2339  decode.d3.loss_mask: 1.3359  decode.d3.loss_dice: 0.9214  decode.d4.loss_cls: 0.1613  decode.d4.loss_mask: 1.3709  decode.d4.loss_dice: 0.9374  decode.d5.loss_cls: 0.1844  decode.d5.loss_mask: 1.4269  decode.d5.loss_dice: 0.9861  decode.d6.loss_cls: 0.1692  decode.d6.loss_mask: 1.3709  decode.d6.loss_dice: 0.9741  decode.d7.loss_cls: 0.1382  decode.d7.loss_mask: 1.3464  decode.d7.loss_dice: 0.9713  decode.d8.loss_cls: 0.0911  decode.d8.loss_mask: 1.3916  decode.d8.loss_dice: 0.9664
2026/09/24 17:06:43 - mmengine - INFO - Saving checkpoint at 15000 iterations
2026/09/24 17:09:00 - mmengine - INFO - Iter(val) [ 50/304]    eta: 0:11:27  time: 2.7054  data_time: 0.0090  memory: 4047  
2026/09/24 17:11:45 - mmengine - INFO - Iter(val) [100/304]    eta: 0:10:11  time: 3.2891  data_time: 0.0089  memory: 4047  
2026/09/24 17:14:27 - mmengine - INFO - Iter(val) [150/304]    eta: 0:07:54  time: 3.2798  data_time: 0.0093  memory: 4047  
2026/09/24 17:17:09 - mmengine - INFO - Iter(val) [200/304]    eta: 0:05:24  time: 3.2062  data_time: 0.0088  memory: 4047  
2026/09/24 17:19:50 - mmengine - INFO - Iter(val) [250/304]    eta: 0:02:49  time: 3.2770  data_time: 0.0089  memory: 4047  
2026/09/24 17:22:30 - mmengine - INFO - Iter(val) [300/304]    eta: 0:00:12  time: 3.1794  data_time: 0.0088  memory: 4047  
2026/09/24 17:22:43 - mmengine - INFO - per class results:
2026/09/24 17:22:43 - mmengine - INFO - 
+------------------+-------+-------+-------+--------+-----------+--------+
|      Class       |  IoU  |  Acc  |  Dice | Fscore | Precision | Recall |
+------------------+-------+-------+-------+--------+-----------+--------+
|    background    | 86.53 | 86.91 | 92.78 | 92.78  |   99.49   | 86.91  |
| wastewater_plant | 38.19 | 94.95 | 55.27 | 55.27  |   38.98   | 94.95  |
+------------------+-------+-------+-------+--------+-----------+--------+
2026/09/24 17:22:43 - mmengine - INFO - Iter(val) [304/304]    aAcc: 87.5600  mIoU: 62.3600  mAcc: 90.9300  mDice: 74.0300  mFscore: 74.0300  mPrecision: 69.2400  mRecall: 90.9300  binary/Foreground_IoU: 38.1917  binary/Dice: 55.2735  binary/F1: 55.2735  binary/Precision: 38.9842  binary/Recall: 94.9462  binary/Boundary_F1: 6.5049  binary/BFScore: 6.5049  binary/Boundary_Precision: 4.0102  binary/Boundary_Recall: 17.2132  binary/Hausdorff_px: 1037.4739  binary/HD95_px: 896.8238  binary/Hausdorff_m: 518.7369  binary/HD95_m: 448.4119  data_time: 0.0100  time: 3.1505
2026/09/24 17:23:16 - mmengine - INFO - Iter(train) [15050/20000]  base_lr: 0.0000e+00 lr: 5.1834e-06  eta: 0:55:24  time: 0.6716  data_time: 0.0121  memory: 5843  grad_norm: 832.3815  loss: 24.9922  decode.loss_cls: 0.2585  decode.loss_mask: 1.2848  decode.loss_dice: 0.8282  decode.d0.loss_cls: 0.3761  decode.d0.loss_mask: 1.4262  decode.d0.loss_dice: 0.9394  decode.d1.loss_cls: 0.2282  decode.d1.loss_mask: 1.4600  decode.d1.loss_dice: 0.8723  decode.d2.loss_cls: 0.2661  decode.d2.loss_mask: 1.4147  decode.d2.loss_dice: 0.8578  decode.d3.loss_cls: 0.3165  decode.d3.loss_mask: 1.3410  decode.d3.loss_dice: 0.8818  decode.d4.loss_cls: 0.2555  decode.d4.loss_mask: 1.2830  decode.d4.loss_dice: 0.8460  decode.d5.loss_cls: 0.2701  decode.d5.loss_mask: 1.2688  decode.d5.loss_dice: 0.8381  decode.d6.loss_cls: 0.2884  decode.d6.loss_mask: 1.3716  decode.d6.loss_dice: 0.8195  decode.d7.loss_cls: 0.2415  decode.d7.loss_mask: 1.4423  decode.d7.loss_dice: 0.8703  decode.d8.loss_cls: 0.1926  decode.d8.loss_mask: 1.3877  decode.d8.loss_dice: 0.8653
2026/09/24 17:23:50 - mmengine - INFO - Iter(train) [15100/20000]  base_lr: 0.0000e+00 lr: 5.1541e-06  eta: 0:54:51  time: 0.6735  data_time: 0.0123  memory: 5844  grad_norm: 677.2893  loss: 21.0472  decode.loss_cls: 0.1592  decode.loss_mask: 1.1830  decode.loss_dice: 0.7507  decode.d0.loss_cls: 0.2097  decode.d0.loss_mask: 1.1222  decode.d0.loss_dice: 0.7739  decode.d1.loss_cls: 0.2121  decode.d1.loss_mask: 1.1497  decode.d1.loss_dice: 0.7115  decode.d2.loss_cls: 0.2065  decode.d2.loss_mask: 1.1761  decode.d2.loss_dice: 0.7367  decode.d3.loss_cls: 0.2050  decode.d3.loss_mask: 1.0960  decode.d3.loss_dice: 0.6868  decode.d4.loss_cls: 0.1939  decode.d4.loss_mask: 1.2452  decode.d4.loss_dice: 0.7210  decode.d5.loss_cls: 0.2064  decode.d5.loss_mask: 1.2764  decode.d5.loss_dice: 0.7850  decode.d6.loss_cls: 0.1868  decode.d6.loss_mask: 1.2279  decode.d6.loss_dice: 0.7839  decode.d7.loss_cls: 0.1802  decode.d7.loss_mask: 1.1571  decode.d7.loss_dice: 0.6998  decode.d8.loss_cls: 0.1576  decode.d8.loss_mask: 1.1571  decode.d8.loss_dice: 0.6901
2026/09/24 17:24:23 - mmengine - INFO - Iter(train) [15150/20000]  base_lr: 0.0000e+00 lr: 5.1247e-06  eta: 0:54:17  time: 0.6650  data_time: 0.0114  memory: 5843  grad_norm: 1239.9690  loss: 28.1555  decode.loss_cls: 0.1963  decode.loss_mask: 1.5813  decode.loss_dice: 0.9494  decode.d0.loss_cls: 0.2539  decode.d0.loss_mask: 1.7368  decode.d0.loss_dice: 1.0513  decode.d1.loss_cls: 0.2252  decode.d1.loss_mask: 1.5586  decode.d1.loss_dice: 0.9762  decode.d2.loss_cls: 0.2221  decode.d2.loss_mask: 1.5336  decode.d2.loss_dice: 0.9939  decode.d3.loss_cls: 0.2062  decode.d3.loss_mask: 1.5273  decode.d3.loss_dice: 0.9794  decode.d4.loss_cls: 0.1979  decode.d4.loss_mask: 1.6601  decode.d4.loss_dice: 1.0252  decode.d5.loss_cls: 0.1914  decode.d5.loss_mask: 1.6502  decode.d5.loss_dice: 1.0391  decode.d6.loss_cls: 0.2016  decode.d6.loss_mask: 1.5930  decode.d6.loss_dice: 0.9680  decode.d7.loss_cls: 0.1845  decode.d7.loss_mask: 1.6346  decode.d7.loss_dice: 1.0223  decode.d8.loss_cls: 0.1654  decode.d8.loss_mask: 1.6589  decode.d8.loss_dice: 0.9717
2026/09/24 17:24:57 - mmengine - INFO - Iter(train) [15200/20000]  base_lr: 0.0000e+00 lr: 5.0953e-06  eta: 0:53:43  time: 0.6705  data_time: 0.0119  memory: 5843  grad_norm: 586.1968  loss: 23.0072  decode.loss_cls: 0.1366  decode.loss_mask: 1.4023  decode.loss_dice: 0.7411  decode.d0.loss_cls: 0.1810  decode.d0.loss_mask: 1.4196  decode.d0.loss_dice: 0.7543  decode.d1.loss_cls: 0.1036  decode.d1.loss_mask: 1.4073  decode.d1.loss_dice: 0.7090  decode.d2.loss_cls: 0.1271  decode.d2.loss_mask: 1.4595  decode.d2.loss_dice: 0.7565  decode.d3.loss_cls: 0.1503  decode.d3.loss_mask: 1.4059  decode.d3.loss_dice: 0.7155  decode.d4.loss_cls: 0.1585  decode.d4.loss_mask: 1.4332  decode.d4.loss_dice: 0.7298  decode.d5.loss_cls: 0.1590  decode.d5.loss_mask: 1.4378  decode.d5.loss_dice: 0.7493  decode.d6.loss_cls: 0.1306  decode.d6.loss_mask: 1.3934  decode.d6.loss_dice: 0.7003  decode.d7.loss_cls: 0.1154  decode.d7.loss_mask: 1.4523  decode.d7.loss_dice: 0.7908  decode.d8.loss_cls: 0.1374  decode.d8.loss_mask: 1.4345  decode.d8.loss_dice: 0.7152
2026/09/24 17:25:30 - mmengine - INFO - Iter(train) [15250/20000]  base_lr: 0.0000e+00 lr: 5.0659e-06  eta: 0:53:09  time: 0.6712  data_time: 0.0119  memory: 5843  grad_norm: 493.9753  loss: 21.2963  decode.loss_cls: 0.2279  decode.loss_mask: 1.1213  decode.loss_dice: 0.7296  decode.d0.loss_cls: 0.2960  decode.d0.loss_mask: 1.0951  decode.d0.loss_dice: 0.8483  decode.d1.loss_cls: 0.2884  decode.d1.loss_mask: 1.0541  decode.d1.loss_dice: 0.7281  decode.d2.loss_cls: 0.2394  decode.d2.loss_mask: 1.0977  decode.d2.loss_dice: 0.7767  decode.d3.loss_cls: 0.3031  decode.d3.loss_mask: 1.0563  decode.d3.loss_dice: 0.7464  decode.d4.loss_cls: 0.2702  decode.d4.loss_mask: 1.1537  decode.d4.loss_dice: 0.7855  decode.d5.loss_cls: 0.2634  decode.d5.loss_mask: 1.0911  decode.d5.loss_dice: 0.7652  decode.d6.loss_cls: 0.2786  decode.d6.loss_mask: 1.1211  decode.d6.loss_dice: 0.7813  decode.d7.loss_cls: 0.2338  decode.d7.loss_mask: 1.0801  decode.d7.loss_dice: 0.7491  decode.d8.loss_cls: 0.1923  decode.d8.loss_mask: 1.1057  decode.d8.loss_dice: 0.8169
2026/09/24 17:26:03 - mmengine - INFO - Iter(train) [15300/20000]  base_lr: 0.0000e+00 lr: 5.0365e-06  eta: 0:52:36  time: 0.6594  data_time: 0.0121  memory: 5843  grad_norm: 617.1288  loss: 23.5564  decode.loss_cls: 0.1713  decode.loss_mask: 1.2963  decode.loss_dice: 0.9075  decode.d0.loss_cls: 0.2408  decode.d0.loss_mask: 1.3082  decode.d0.loss_dice: 0.9423  decode.d1.loss_cls: 0.2078  decode.d1.loss_mask: 1.2392  decode.d1.loss_dice: 0.8930  decode.d2.loss_cls: 0.2286  decode.d2.loss_mask: 1.2191  decode.d2.loss_dice: 0.8513  decode.d3.loss_cls: 0.1693  decode.d3.loss_mask: 1.2876  decode.d3.loss_dice: 0.9325  decode.d4.loss_cls: 0.1892  decode.d4.loss_mask: 1.2436  decode.d4.loss_dice: 0.8862  decode.d5.loss_cls: 0.1987  decode.d5.loss_mask: 1.2246  decode.d5.loss_dice: 0.9047  decode.d6.loss_cls: 0.1890  decode.d6.loss_mask: 1.2687  decode.d6.loss_dice: 0.9270  decode.d7.loss_cls: 0.1706  decode.d7.loss_mask: 1.2520  decode.d7.loss_dice: 0.9021  decode.d8.loss_cls: 0.1663  decode.d8.loss_mask: 1.2444  decode.d8.loss_dice: 0.8945
2026/09/24 17:26:37 - mmengine - INFO - Iter(train) [15350/20000]  base_lr: 0.0000e+00 lr: 5.0071e-06  eta: 0:52:02  time: 0.6651  data_time: 0.0114  memory: 5843  grad_norm: 604.3206  loss: 25.9733  decode.loss_cls: 0.1834  decode.loss_mask: 1.5269  decode.loss_dice: 0.8211  decode.d0.loss_cls: 0.2771  decode.d0.loss_mask: 1.5122  decode.d0.loss_dice: 0.8469  decode.d1.loss_cls: 0.2381  decode.d1.loss_mask: 1.5463  decode.d1.loss_dice: 0.8564  decode.d2.loss_cls: 0.2179  decode.d2.loss_mask: 1.5253  decode.d2.loss_dice: 0.8390  decode.d3.loss_cls: 0.2207  decode.d3.loss_mask: 1.5549  decode.d3.loss_dice: 0.8479  decode.d4.loss_cls: 0.2128  decode.d4.loss_mask: 1.5640  decode.d4.loss_dice: 0.8173  decode.d5.loss_cls: 0.2154  decode.d5.loss_mask: 1.5724  decode.d5.loss_dice: 0.8455  decode.d6.loss_cls: 0.2109  decode.d6.loss_mask: 1.5362  decode.d6.loss_dice: 0.8312  decode.d7.loss_cls: 0.2502  decode.d7.loss_mask: 1.5252  decode.d7.loss_dice: 0.8370  decode.d8.loss_cls: 0.2236  decode.d8.loss_mask: 1.5108  decode.d8.loss_dice: 0.8067
2026/09/24 17:27:10 - mmengine - INFO - Iter(train) [15400/20000]  base_lr: 0.0000e+00 lr: 4.9776e-06  eta: 0:51:28  time: 0.6690  data_time: 0.0119  memory: 5844  grad_norm: 703.1263  loss: 26.6235  decode.loss_cls: 0.1207  decode.loss_mask: 1.5622  decode.loss_dice: 1.0026  decode.d0.loss_cls: 0.1787  decode.d0.loss_mask: 1.5472  decode.d0.loss_dice: 1.0204  decode.d1.loss_cls: 0.1468  decode.d1.loss_mask: 1.5761  decode.d1.loss_dice: 0.9823  decode.d2.loss_cls: 0.1405  decode.d2.loss_mask: 1.5289  decode.d2.loss_dice: 0.9261  decode.d3.loss_cls: 0.1643  decode.d3.loss_mask: 1.5249  decode.d3.loss_dice: 0.9238  decode.d4.loss_cls: 0.1529  decode.d4.loss_mask: 1.5667  decode.d4.loss_dice: 0.9466  decode.d5.loss_cls: 0.1470  decode.d5.loss_mask: 1.5833  decode.d5.loss_dice: 0.9882  decode.d6.loss_cls: 0.1127  decode.d6.loss_mask: 1.5863  decode.d6.loss_dice: 0.9675  decode.d7.loss_cls: 0.0947  decode.d7.loss_mask: 1.5632  decode.d7.loss_dice: 0.9360  decode.d8.loss_cls: 0.1324  decode.d8.loss_mask: 1.5367  decode.d8.loss_dice: 0.9639
2026/09/24 17:27:44 - mmengine - INFO - Iter(train) [15450/20000]  base_lr: 0.0000e+00 lr: 4.9481e-06  eta: 0:50:55  time: 0.6721  data_time: 0.0118  memory: 5844  grad_norm: 788.5221  loss: 20.1253  decode.loss_cls: 0.1335  decode.loss_mask: 1.1156  decode.loss_dice: 0.6845  decode.d0.loss_cls: 0.2217  decode.d0.loss_mask: 1.1938  decode.d0.loss_dice: 0.7890  decode.d1.loss_cls: 0.1326  decode.d1.loss_mask: 1.1671  decode.d1.loss_dice: 0.7481  decode.d2.loss_cls: 0.1525  decode.d2.loss_mask: 1.1645  decode.d2.loss_dice: 0.7548  decode.d3.loss_cls: 0.1359  decode.d3.loss_mask: 1.1417  decode.d3.loss_dice: 0.7346  decode.d4.loss_cls: 0.1487  decode.d4.loss_mask: 1.0980  decode.d4.loss_dice: 0.6823  decode.d5.loss_cls: 0.1599  decode.d5.loss_mask: 1.1031  decode.d5.loss_dice: 0.7023  decode.d6.loss_cls: 0.1402  decode.d6.loss_mask: 1.1361  decode.d6.loss_dice: 0.7240  decode.d7.loss_cls: 0.1216  decode.d7.loss_mask: 1.1543  decode.d7.loss_dice: 0.7387  decode.d8.loss_cls: 0.1191  decode.d8.loss_mask: 1.1283  decode.d8.loss_dice: 0.6988
2026/09/24 17:28:17 - mmengine - INFO - Iter(train) [15500/20000]  base_lr: 0.0000e+00 lr: 4.9186e-06  eta: 0:50:21  time: 0.6642  data_time: 0.0115  memory: 5843  grad_norm: 376.0558  loss: 20.1608  decode.loss_cls: 0.0905  decode.loss_mask: 1.2133  decode.loss_dice: 0.6642  decode.d0.loss_cls: 0.1608  decode.d0.loss_mask: 1.2608  decode.d0.loss_dice: 0.6647  decode.d1.loss_cls: 0.0968  decode.d1.loss_mask: 1.2135  decode.d1.loss_dice: 0.6753  decode.d2.loss_cls: 0.1371  decode.d2.loss_mask: 1.2049  decode.d2.loss_dice: 0.6854  decode.d3.loss_cls: 0.1264  decode.d3.loss_mask: 1.1947  decode.d3.loss_dice: 0.6707  decode.d4.loss_cls: 0.1147  decode.d4.loss_mask: 1.2588  decode.d4.loss_dice: 0.6892  decode.d5.loss_cls: 0.1020  decode.d5.loss_mask: 1.2843  decode.d5.loss_dice: 0.6873  decode.d6.loss_cls: 0.0962  decode.d6.loss_mask: 1.2479  decode.d6.loss_dice: 0.6768  decode.d7.loss_cls: 0.0944  decode.d7.loss_mask: 1.2439  decode.d7.loss_dice: 0.6611  decode.d8.loss_cls: 0.0923  decode.d8.loss_mask: 1.2066  decode.d8.loss_dice: 0.6465
2026/09/24 17:28:50 - mmengine - INFO - Iter(train) [15550/20000]  base_lr: 0.0000e+00 lr: 4.8891e-06  eta: 0:49:47  time: 0.6696  data_time: 0.0121  memory: 5843  grad_norm: 1012.4595  loss: 24.2333  decode.loss_cls: 0.2095  decode.loss_mask: 1.3966  decode.loss_dice: 0.7731  decode.d0.loss_cls: 0.2595  decode.d0.loss_mask: 1.4793  decode.d0.loss_dice: 0.8301  decode.d1.loss_cls: 0.2290  decode.d1.loss_mask: 1.4123  decode.d1.loss_dice: 0.7845  decode.d2.loss_cls: 0.2428  decode.d2.loss_mask: 1.4687  decode.d2.loss_dice: 0.8216  decode.d3.loss_cls: 0.1681  decode.d3.loss_mask: 1.4497  decode.d3.loss_dice: 0.7625  decode.d4.loss_cls: 0.2051  decode.d4.loss_mask: 1.4164  decode.d4.loss_dice: 0.7751  decode.d5.loss_cls: 0.2417  decode.d5.loss_mask: 1.4051  decode.d5.loss_dice: 0.7896  decode.d6.loss_cls: 0.2252  decode.d6.loss_mask: 1.4138  decode.d6.loss_dice: 0.7794  decode.d7.loss_cls: 0.2301  decode.d7.loss_mask: 1.3744  decode.d7.loss_dice: 0.7498  decode.d8.loss_cls: 0.2279  decode.d8.loss_mask: 1.3529  decode.d8.loss_dice: 0.7596
2026/09/24 17:29:24 - mmengine - INFO - Iter(train) [15600/20000]  base_lr: 0.0000e+00 lr: 4.8596e-06  eta: 0:49:14  time: 0.6744  data_time: 0.0125  memory: 5840  grad_norm: 587.8547  loss: 25.9812  decode.loss_cls: 0.2317  decode.loss_mask: 1.3734  decode.loss_dice: 0.8962  decode.d0.loss_cls: 0.2167  decode.d0.loss_mask: 1.6563  decode.d0.loss_dice: 1.0207  decode.d1.loss_cls: 0.1605  decode.d1.loss_mask: 1.4864  decode.d1.loss_dice: 0.9176  decode.d2.loss_cls: 0.1880  decode.d2.loss_mask: 1.4761  decode.d2.loss_dice: 0.9135  decode.d3.loss_cls: 0.1954  decode.d3.loss_mask: 1.4660  decode.d3.loss_dice: 0.9102  decode.d4.loss_cls: 0.2420  decode.d4.loss_mask: 1.4870  decode.d4.loss_dice: 0.9352  decode.d5.loss_cls: 0.1935  decode.d5.loss_mask: 1.4778  decode.d5.loss_dice: 0.9454  decode.d6.loss_cls: 0.2379  decode.d6.loss_mask: 1.4086  decode.d6.loss_dice: 0.8961  decode.d7.loss_cls: 0.2300  decode.d7.loss_mask: 1.4212  decode.d7.loss_dice: 0.9221  decode.d8.loss_cls: 0.1762  decode.d8.loss_mask: 1.4061  decode.d8.loss_dice: 0.8934
2026/09/24 17:29:57 - mmengine - INFO - Iter(train) [15650/20000]  base_lr: 0.0000e+00 lr: 4.8300e-06  eta: 0:48:40  time: 0.6651  data_time: 0.0118  memory: 5844  grad_norm: 591.8180  loss: 23.6734  decode.loss_cls: 0.1023  decode.loss_mask: 1.4245  decode.loss_dice: 0.8744  decode.d0.loss_cls: 0.1542  decode.d0.loss_mask: 1.3832  decode.d0.loss_dice: 0.8785  decode.d1.loss_cls: 0.1449  decode.d1.loss_mask: 1.3728  decode.d1.loss_dice: 0.8215  decode.d2.loss_cls: 0.1227  decode.d2.loss_mask: 1.3638  decode.d2.loss_dice: 0.8355  decode.d3.loss_cls: 0.1242  decode.d3.loss_mask: 1.3679  decode.d3.loss_dice: 0.8328  decode.d4.loss_cls: 0.1153  decode.d4.loss_mask: 1.4207  decode.d4.loss_dice: 0.8451  decode.d5.loss_cls: 0.1231  decode.d5.loss_mask: 1.4045  decode.d5.loss_dice: 0.8380  decode.d6.loss_cls: 0.1148  decode.d6.loss_mask: 1.4058  decode.d6.loss_dice: 0.8562  decode.d7.loss_cls: 0.1146  decode.d7.loss_mask: 1.4031  decode.d7.loss_dice: 0.8580  decode.d8.loss_cls: 0.1187  decode.d8.loss_mask: 1.3914  decode.d8.loss_dice: 0.8609
2026/09/24 17:30:31 - mmengine - INFO - Iter(train) [15700/20000]  base_lr: 0.0000e+00 lr: 4.8004e-06  eta: 0:48:06  time: 0.6667  data_time: 0.0115  memory: 5843  grad_norm: 465.7777  loss: 22.9386  decode.loss_cls: 0.1289  decode.loss_mask: 1.3022  decode.loss_dice: 0.8179  decode.d0.loss_cls: 0.1099  decode.d0.loss_mask: 1.3927  decode.d0.loss_dice: 0.9210  decode.d1.loss_cls: 0.1035  decode.d1.loss_mask: 1.3205  decode.d1.loss_dice: 0.8056  decode.d2.loss_cls: 0.1144  decode.d2.loss_mask: 1.2933  decode.d2.loss_dice: 0.8308  decode.d3.loss_cls: 0.1218  decode.d3.loss_mask: 1.3185  decode.d3.loss_dice: 0.8043  decode.d4.loss_cls: 0.1040  decode.d4.loss_mask: 1.4216  decode.d4.loss_dice: 0.8201  decode.d5.loss_cls: 0.1332  decode.d5.loss_mask: 1.3575  decode.d5.loss_dice: 0.8293  decode.d6.loss_cls: 0.1167  decode.d6.loss_mask: 1.3231  decode.d6.loss_dice: 0.8379  decode.d7.loss_cls: 0.1368  decode.d7.loss_mask: 1.3317  decode.d7.loss_dice: 0.8318  decode.d8.loss_cls: 0.1166  decode.d8.loss_mask: 1.3963  decode.d8.loss_dice: 0.7964
2026/09/24 17:31:04 - mmengine - INFO - Iter(train) [15750/20000]  base_lr: 0.0000e+00 lr: 4.7708e-06  eta: 0:47:33  time: 0.6706  data_time: 0.0117  memory: 5843  grad_norm: 721.1813  loss: 22.1190  decode.loss_cls: 0.0933  decode.loss_mask: 1.3191  decode.loss_dice: 0.7765  decode.d0.loss_cls: 0.1245  decode.d0.loss_mask: 1.3775  decode.d0.loss_dice: 0.8014  decode.d1.loss_cls: 0.0913  decode.d1.loss_mask: 1.3412  decode.d1.loss_dice: 0.7899  decode.d2.loss_cls: 0.1103  decode.d2.loss_mask: 1.3206  decode.d2.loss_dice: 0.7747  decode.d3.loss_cls: 0.0740  decode.d3.loss_mask: 1.3697  decode.d3.loss_dice: 0.7844  decode.d4.loss_cls: 0.0550  decode.d4.loss_mask: 1.3650  decode.d4.loss_dice: 0.7773  decode.d5.loss_cls: 0.1005  decode.d5.loss_mask: 1.3537  decode.d5.loss_dice: 0.7924  decode.d6.loss_cls: 0.0997  decode.d6.loss_mask: 1.3375  decode.d6.loss_dice: 0.7703  decode.d7.loss_cls: 0.0924  decode.d7.loss_mask: 1.2878  decode.d7.loss_dice: 0.7481  decode.d8.loss_cls: 0.0707  decode.d8.loss_mask: 1.3446  decode.d8.loss_dice: 0.7756
2026/09/24 17:31:38 - mmengine - INFO - Iter(train) [15800/20000]  base_lr: 0.0000e+00 lr: 4.7412e-06  eta: 0:46:59  time: 0.6702  data_time: 0.0126  memory: 5843  grad_norm: 804.7610  loss: 25.3581  decode.loss_cls: 0.1161  decode.loss_mask: 1.6084  decode.loss_dice: 0.7937  decode.d0.loss_cls: 0.1589  decode.d0.loss_mask: 1.7073  decode.d0.loss_dice: 0.8892  decode.d1.loss_cls: 0.1041  decode.d1.loss_mask: 1.5943  decode.d1.loss_dice: 0.7887  decode.d2.loss_cls: 0.1298  decode.d2.loss_mask: 1.6206  decode.d2.loss_dice: 0.7829  decode.d3.loss_cls: 0.1122  decode.d3.loss_mask: 1.6285  decode.d3.loss_dice: 0.7974  decode.d4.loss_cls: 0.1305  decode.d4.loss_mask: 1.5684  decode.d4.loss_dice: 0.7678  decode.d5.loss_cls: 0.1113  decode.d5.loss_mask: 1.6008  decode.d5.loss_dice: 0.8026  decode.d6.loss_cls: 0.0843  decode.d6.loss_mask: 1.6550  decode.d6.loss_dice: 0.7800  decode.d7.loss_cls: 0.1072  decode.d7.loss_mask: 1.6433  decode.d7.loss_dice: 0.7905  decode.d8.loss_cls: 0.1013  decode.d8.loss_mask: 1.6012  decode.d8.loss_dice: 0.7818
2026/09/24 17:32:11 - mmengine - INFO - Iter(train) [15850/20000]  base_lr: 0.0000e+00 lr: 4.7115e-06  eta: 0:46:25  time: 0.6672  data_time: 0.0117  memory: 5843  grad_norm: 443.0249  loss: 20.3896  decode.loss_cls: 0.0753  decode.loss_mask: 1.2054  decode.loss_dice: 0.7364  decode.d0.loss_cls: 0.1310  decode.d0.loss_mask: 1.2439  decode.d0.loss_dice: 0.7689  decode.d1.loss_cls: 0.0788  decode.d1.loss_mask: 1.1916  decode.d1.loss_dice: 0.7344  decode.d2.loss_cls: 0.0767  decode.d2.loss_mask: 1.1894  decode.d2.loss_dice: 0.7205  decode.d3.loss_cls: 0.0887  decode.d3.loss_mask: 1.2087  decode.d3.loss_dice: 0.7308  decode.d4.loss_cls: 0.0732  decode.d4.loss_mask: 1.2138  decode.d4.loss_dice: 0.7450  decode.d5.loss_cls: 0.0931  decode.d5.loss_mask: 1.2186  decode.d5.loss_dice: 0.7725  decode.d6.loss_cls: 0.0714  decode.d6.loss_mask: 1.2321  decode.d6.loss_dice: 0.7710  decode.d7.loss_cls: 0.0608  decode.d7.loss_mask: 1.2083  decode.d7.loss_dice: 0.7451  decode.d8.loss_cls: 0.0536  decode.d8.loss_mask: 1.2019  decode.d8.loss_dice: 0.7487
2026/09/24 17:32:44 - mmengine - INFO - Iter(train) [15900/20000]  base_lr: 0.0000e+00 lr: 4.6819e-06  eta: 0:45:52  time: 0.6707  data_time: 0.0118  memory: 5843  grad_norm: 1254.5613  loss: 29.3658  decode.loss_cls: 0.2563  decode.loss_mask: 1.9148  decode.loss_dice: 1.0079  decode.d0.loss_cls: 0.4324  decode.d0.loss_mask: 1.5953  decode.d0.loss_dice: 0.8450  decode.d1.loss_cls: 0.3725  decode.d1.loss_mask: 1.5731  decode.d1.loss_dice: 0.8446  decode.d2.loss_cls: 0.3682  decode.d2.loss_mask: 1.5883  decode.d2.loss_dice: 0.8261  decode.d3.loss_cls: 0.3431  decode.d3.loss_mask: 1.6785  decode.d3.loss_dice: 0.9036  decode.d4.loss_cls: 0.3364  decode.d4.loss_mask: 1.6710  decode.d4.loss_dice: 0.8714  decode.d5.loss_cls: 0.3787  decode.d5.loss_mask: 1.5511  decode.d5.loss_dice: 0.8926  decode.d6.loss_cls: 0.3606  decode.d6.loss_mask: 1.6238  decode.d6.loss_dice: 0.8586  decode.d7.loss_cls: 0.3015  decode.d7.loss_mask: 1.8387  decode.d7.loss_dice: 0.9462  decode.d8.loss_cls: 0.2501  decode.d8.loss_mask: 1.9294  decode.d8.loss_dice: 1.0062
2026/09/24 17:33:18 - mmengine - INFO - Iter(train) [15950/20000]  base_lr: 0.0000e+00 lr: 4.6522e-06  eta: 0:45:18  time: 0.6673  data_time: 0.0118  memory: 5840  grad_norm: 720.3670  loss: 26.2354  decode.loss_cls: 0.2650  decode.loss_mask: 1.4795  decode.loss_dice: 0.9175  decode.d0.loss_cls: 0.4280  decode.d0.loss_mask: 1.4460  decode.d0.loss_dice: 0.8968  decode.d1.loss_cls: 0.3377  decode.d1.loss_mask: 1.3947  decode.d1.loss_dice: 0.8833  decode.d2.loss_cls: 0.3789  decode.d2.loss_mask: 1.3501  decode.d2.loss_dice: 0.8572  decode.d3.loss_cls: 0.3523  decode.d3.loss_mask: 1.3955  decode.d3.loss_dice: 0.8598  decode.d4.loss_cls: 0.3938  decode.d4.loss_mask: 1.2814  decode.d4.loss_dice: 0.8484  decode.d5.loss_cls: 0.3996  decode.d5.loss_mask: 1.3394  decode.d5.loss_dice: 0.8626  decode.d6.loss_cls: 0.3574  decode.d6.loss_mask: 1.3228  decode.d6.loss_dice: 0.9046  decode.d7.loss_cls: 0.3203  decode.d7.loss_mask: 1.4363  decode.d7.loss_dice: 0.9434  decode.d8.loss_cls: 0.2201  decode.d8.loss_mask: 1.4495  decode.d8.loss_dice: 0.9135
2026/09/24 17:33:51 - mmengine - INFO - Exp name: mask2former_20260924_141104
2026/09/24 17:33:51 - mmengine - INFO - Iter(train) [16000/20000]  base_lr: 0.0000e+00 lr: 4.6225e-06  eta: 0:44:44  time: 0.6730  data_time: 0.0118  memory: 5843  grad_norm: 615.4128  loss: 25.2073  decode.loss_cls: 0.1040  decode.loss_mask: 1.6475  decode.loss_dice: 0.8890  decode.d0.loss_cls: 0.2074  decode.d0.loss_mask: 1.4578  decode.d0.loss_dice: 0.8254  decode.d1.loss_cls: 0.1345  decode.d1.loss_mask: 1.4665  decode.d1.loss_dice: 0.8180  decode.d2.loss_cls: 0.1135  decode.d2.loss_mask: 1.5301  decode.d2.loss_dice: 0.8175  decode.d3.loss_cls: 0.1333  decode.d3.loss_mask: 1.4508  decode.d3.loss_dice: 0.8204  decode.d4.loss_cls: 0.1028  decode.d4.loss_mask: 1.5109  decode.d4.loss_dice: 0.8529  decode.d5.loss_cls: 0.0942  decode.d5.loss_mask: 1.6570  decode.d5.loss_dice: 0.8627  decode.d6.loss_cls: 0.0846  decode.d6.loss_mask: 1.6724  decode.d6.loss_dice: 0.8591  decode.d7.loss_cls: 0.0886  decode.d7.loss_mask: 1.5305  decode.d7.loss_dice: 0.8302  decode.d8.loss_cls: 0.0505  decode.d8.loss_mask: 1.7335  decode.d8.loss_dice: 0.8617
2026/09/24 17:33:51 - mmengine - INFO - Saving checkpoint at 16000 iterations
2026/09/24 17:36:07 - mmengine - INFO - Iter(val) [ 50/304]    eta: 0:11:19  time: 2.6882  data_time: 0.0088  memory: 4047  
2026/09/24 17:38:48 - mmengine - INFO - Iter(val) [100/304]    eta: 0:10:02  time: 3.1866  data_time: 0.0097  memory: 4047  
2026/09/24 17:41:27 - mmengine - INFO - Iter(val) [150/304]    eta: 0:07:45  time: 3.1316  data_time: 0.0091  memory: 4047  
2026/09/24 17:44:05 - mmengine - INFO - Iter(val) [200/304]    eta: 0:05:17  time: 3.1150  data_time: 0.0094  memory: 4047  
2026/09/24 17:46:47 - mmengine - INFO - Iter(val) [250/304]    eta: 0:02:47  time: 3.2320  data_time: 0.0087  memory: 4047  
2026/09/24 17:49:25 - mmengine - INFO - Iter(val) [300/304]    eta: 0:00:12  time: 3.1751  data_time: 0.0094  memory: 4047  
2026/09/24 17:49:38 - mmengine - INFO - per class results:
2026/09/24 17:49:38 - mmengine - INFO - 
+------------------+-------+-------+-------+--------+-----------+--------+
|      Class       |  IoU  |  Acc  |  Dice | Fscore | Precision | Recall |
+------------------+-------+-------+-------+--------+-----------+--------+
|    background    | 96.57 | 98.04 | 98.25 | 98.25  |   98.47   | 98.04  |
| wastewater_plant | 67.64 | 82.73 |  80.7 |  80.7  |   78.77   | 82.73  |
+------------------+-------+-------+-------+--------+-----------+--------+
2026/09/24 17:49:38 - mmengine - INFO - Iter(val) [304/304]    aAcc: 96.8000  mIoU: 82.1100  mAcc: 90.3800  mDice: 89.4800  mFscore: 89.4800  mPrecision: 88.6200  mRecall: 90.3800  binary/Foreground_IoU: 67.6431  binary/Dice: 80.6990  binary/F1: 80.6990  binary/Precision: 78.7674  binary/Recall: 82.7276  binary/Boundary_F1: 14.1440  binary/BFScore: 14.1440  binary/Boundary_Precision: 11.8909  binary/Boundary_Recall: 17.4504  binary/Hausdorff_px: 444.5572  binary/HD95_px: 353.8115  binary/Hausdorff_m: 222.2786  binary/HD95_m: 176.9057  data_time: 0.0099  time: 3.1068
2026/09/24 17:49:38 - mmengine - INFO - The previous best checkpoint /workspace/work_dirs/mask2former_extended/best_binary_Foreground_IoU_iter_13000.pth is removed
2026/09/24 17:49:39 - mmengine - INFO - The best checkpoint with 67.6431 binary/Foreground_IoU at 16000 iter is saved to best_binary_Foreground_IoU_iter_16000.pth.
2026/09/24 17:50:17 - mmengine - INFO - Iter(train) [16050/20000]  base_lr: 0.0000e+00 lr: 4.5928e-06  eta: 0:44:14  time: 0.6648  data_time: 0.0120  memory: 5844  grad_norm: 762.8598  loss: 23.9908  decode.loss_cls: 0.1459  decode.loss_mask: 1.4022  decode.loss_dice: 0.8421  decode.d0.loss_cls: 0.2122  decode.d0.loss_mask: 1.3205  decode.d0.loss_dice: 0.8411  decode.d1.loss_cls: 0.1505  decode.d1.loss_mask: 1.4058  decode.d1.loss_dice: 0.8091  decode.d2.loss_cls: 0.1553  decode.d2.loss_mask: 1.4462  decode.d2.loss_dice: 0.8236  decode.d3.loss_cls: 0.1930  decode.d3.loss_mask: 1.3381  decode.d3.loss_dice: 0.8038  decode.d4.loss_cls: 0.1614  decode.d4.loss_mask: 1.3215  decode.d4.loss_dice: 0.8178  decode.d5.loss_cls: 0.1554  decode.d5.loss_mask: 1.3906  decode.d5.loss_dice: 0.8211  decode.d6.loss_cls: 0.1941  decode.d6.loss_mask: 1.4277  decode.d6.loss_dice: 0.8506  decode.d7.loss_cls: 0.1606  decode.d7.loss_mask: 1.4331  decode.d7.loss_dice: 0.8429  decode.d8.loss_cls: 0.1143  decode.d8.loss_mask: 1.5336  decode.d8.loss_dice: 0.8769
2026/09/24 17:50:51 - mmengine - INFO - Iter(train) [16100/20000]  base_lr: 0.0000e+00 lr: 4.5630e-06  eta: 0:43:40  time: 0.6781  data_time: 0.0119  memory: 5843  grad_norm: 1022.5415  loss: 22.2529  decode.loss_cls: 0.1817  decode.loss_mask: 1.3153  decode.loss_dice: 0.7298  decode.d0.loss_cls: 0.3008  decode.d0.loss_mask: 1.2737  decode.d0.loss_dice: 0.7270  decode.d1.loss_cls: 0.2173  decode.d1.loss_mask: 1.2827  decode.d1.loss_dice: 0.7305  decode.d2.loss_cls: 0.2133  decode.d2.loss_mask: 1.2400  decode.d2.loss_dice: 0.7334  decode.d3.loss_cls: 0.2080  decode.d3.loss_mask: 1.2619  decode.d3.loss_dice: 0.7301  decode.d4.loss_cls: 0.2014  decode.d4.loss_mask: 1.2810  decode.d4.loss_dice: 0.7252  decode.d5.loss_cls: 0.1960  decode.d5.loss_mask: 1.2894  decode.d5.loss_dice: 0.7716  decode.d6.loss_cls: 0.2058  decode.d6.loss_mask: 1.3224  decode.d6.loss_dice: 0.7302  decode.d7.loss_cls: 0.1745  decode.d7.loss_mask: 1.3114  decode.d7.loss_dice: 0.7056  decode.d8.loss_cls: 0.2152  decode.d8.loss_mask: 1.2514  decode.d8.loss_dice: 0.7264
2026/09/24 17:51:24 - mmengine - INFO - Iter(train) [16150/20000]  base_lr: 0.0000e+00 lr: 4.5332e-06  eta: 0:43:06  time: 0.6667  data_time: 0.0117  memory: 5843  grad_norm: 544.6927  loss: 22.6889  decode.loss_cls: 0.0884  decode.loss_mask: 1.3427  decode.loss_dice: 0.8421  decode.d0.loss_cls: 0.1267  decode.d0.loss_mask: 1.3864  decode.d0.loss_dice: 0.8805  decode.d1.loss_cls: 0.0901  decode.d1.loss_mask: 1.3624  decode.d1.loss_dice: 0.8246  decode.d2.loss_cls: 0.0956  decode.d2.loss_mask: 1.3502  decode.d2.loss_dice: 0.7913  decode.d3.loss_cls: 0.1142  decode.d3.loss_mask: 1.2907  decode.d3.loss_dice: 0.7611  decode.d4.loss_cls: 0.1159  decode.d4.loss_mask: 1.3024  decode.d4.loss_dice: 0.8349  decode.d5.loss_cls: 0.1049  decode.d5.loss_mask: 1.3875  decode.d5.loss_dice: 0.8819  decode.d6.loss_cls: 0.1072  decode.d6.loss_mask: 1.4282  decode.d6.loss_dice: 0.8407  decode.d7.loss_cls: 0.1139  decode.d7.loss_mask: 1.2798  decode.d7.loss_dice: 0.8017  decode.d8.loss_cls: 0.0982  decode.d8.loss_mask: 1.2488  decode.d8.loss_dice: 0.7958
2026/09/24 17:51:58 - mmengine - INFO - Iter(train) [16200/20000]  base_lr: 0.0000e+00 lr: 4.5035e-06  eta: 0:42:33  time: 0.6747  data_time: 0.0122  memory: 5843  grad_norm: 559.5781  loss: 20.8591  decode.loss_cls: 0.1378  decode.loss_mask: 1.1879  decode.loss_dice: 0.7224  decode.d0.loss_cls: 0.2135  decode.d0.loss_mask: 1.2680  decode.d0.loss_dice: 0.8032  decode.d1.loss_cls: 0.1829  decode.d1.loss_mask: 1.1574  decode.d1.loss_dice: 0.7709  decode.d2.loss_cls: 0.1602  decode.d2.loss_mask: 1.1571  decode.d2.loss_dice: 0.7477  decode.d3.loss_cls: 0.1710  decode.d3.loss_mask: 1.1679  decode.d3.loss_dice: 0.7440  decode.d4.loss_cls: 0.1557  decode.d4.loss_mask: 1.1877  decode.d4.loss_dice: 0.7206  decode.d5.loss_cls: 0.1653  decode.d5.loss_mask: 1.1512  decode.d5.loss_dice: 0.7426  decode.d6.loss_cls: 0.1504  decode.d6.loss_mask: 1.1527  decode.d6.loss_dice: 0.7254  decode.d7.loss_cls: 0.1738  decode.d7.loss_mask: 1.1770  decode.d7.loss_dice: 0.7449  decode.d8.loss_cls: 0.1342  decode.d8.loss_mask: 1.1758  decode.d8.loss_dice: 0.7098
2026/09/24 17:52:31 - mmengine - INFO - Iter(train) [16250/20000]  base_lr: 0.0000e+00 lr: 4.4736e-06  eta: 0:41:59  time: 0.6736  data_time: 0.0120  memory: 5844  grad_norm: 579.1074  loss: 20.1884  decode.loss_cls: 0.1978  decode.loss_mask: 1.1644  decode.loss_dice: 0.7340  decode.d0.loss_cls: 0.3192  decode.d0.loss_mask: 1.0633  decode.d0.loss_dice: 0.7264  decode.d1.loss_cls: 0.2057  decode.d1.loss_mask: 0.9523  decode.d1.loss_dice: 0.7049  decode.d2.loss_cls: 0.2118  decode.d2.loss_mask: 0.9982  decode.d2.loss_dice: 0.7184  decode.d3.loss_cls: 0.2206  decode.d3.loss_mask: 1.0170  decode.d3.loss_dice: 0.7244  decode.d4.loss_cls: 0.1998  decode.d4.loss_mask: 1.0538  decode.d4.loss_dice: 0.7139  decode.d5.loss_cls: 0.2046  decode.d5.loss_mask: 1.1623  decode.d5.loss_dice: 0.7261  decode.d6.loss_cls: 0.1964  decode.d6.loss_mask: 1.2625  decode.d6.loss_dice: 0.7415  decode.d7.loss_cls: 0.2020  decode.d7.loss_mask: 1.0915  decode.d7.loss_dice: 0.7587  decode.d8.loss_cls: 0.1794  decode.d8.loss_mask: 1.0047  decode.d8.loss_dice: 0.7329
2026/09/24 17:53:05 - mmengine - INFO - Iter(train) [16300/20000]  base_lr: 0.0000e+00 lr: 4.4438e-06  eta: 0:41:26  time: 0.6655  data_time: 0.0116  memory: 5843  grad_norm: 728.7718  loss: 26.2549  decode.loss_cls: 0.2650  decode.loss_mask: 1.4497  decode.loss_dice: 0.8408  decode.d0.loss_cls: 0.1858  decode.d0.loss_mask: 1.5972  decode.d0.loss_dice: 0.9100  decode.d1.loss_cls: 0.2661  decode.d1.loss_mask: 1.4984  decode.d1.loss_dice: 0.8762  decode.d2.loss_cls: 0.2490  decode.d2.loss_mask: 1.5103  decode.d2.loss_dice: 0.8899  decode.d3.loss_cls: 0.2351  decode.d3.loss_mask: 1.5379  decode.d3.loss_dice: 0.8502  decode.d4.loss_cls: 0.2645  decode.d4.loss_mask: 1.5204  decode.d4.loss_dice: 0.9028  decode.d5.loss_cls: 0.2840  decode.d5.loss_mask: 1.4428  decode.d5.loss_dice: 0.8232  decode.d6.loss_cls: 0.2929  decode.d6.loss_mask: 1.4380  decode.d6.loss_dice: 0.8606  decode.d7.loss_cls: 0.2527  decode.d7.loss_mask: 1.5252  decode.d7.loss_dice: 0.8225  decode.d8.loss_cls: 0.2157  decode.d8.loss_mask: 1.5643  decode.d8.loss_dice: 0.8839
2026/09/24 17:53:38 - mmengine - INFO - Iter(train) [16350/20000]  base_lr: 0.0000e+00 lr: 4.4140e-06  eta: 0:40:52  time: 0.6730  data_time: 0.0115  memory: 5844  grad_norm: 428.0687  loss: 19.8140  decode.loss_cls: 0.1890  decode.loss_mask: 1.0155  decode.loss_dice: 0.7662  decode.d0.loss_cls: 0.1394  decode.d0.loss_mask: 1.0345  decode.d0.loss_dice: 0.8916  decode.d1.loss_cls: 0.1668  decode.d1.loss_mask: 1.0116  decode.d1.loss_dice: 0.7839  decode.d2.loss_cls: 0.1500  decode.d2.loss_mask: 1.0202  decode.d2.loss_dice: 0.7558  decode.d3.loss_cls: 0.1634  decode.d3.loss_mask: 1.0265  decode.d3.loss_dice: 0.7709  decode.d4.loss_cls: 0.1943  decode.d4.loss_mask: 0.9948  decode.d4.loss_dice: 0.7757  decode.d5.loss_cls: 0.1889  decode.d5.loss_mask: 1.0258  decode.d5.loss_dice: 0.8438  decode.d6.loss_cls: 0.1827  decode.d6.loss_mask: 1.0260  decode.d6.loss_dice: 0.8310  decode.d7.loss_cls: 0.1651  decode.d7.loss_mask: 0.9851  decode.d7.loss_dice: 0.7884  decode.d8.loss_cls: 0.1502  decode.d8.loss_mask: 0.9751  decode.d8.loss_dice: 0.8016
2026/09/24 17:54:12 - mmengine - INFO - Iter(train) [16400/20000]  base_lr: 0.0000e+00 lr: 4.3841e-06  eta: 0:40:18  time: 0.6675  data_time: 0.0125  memory: 5843  grad_norm: 1153.5700  loss: 26.9844  decode.loss_cls: 0.1322  decode.loss_mask: 1.6961  decode.loss_dice: 0.8744  decode.d0.loss_cls: 0.2499  decode.d0.loss_mask: 1.6193  decode.d0.loss_dice: 0.9259  decode.d1.loss_cls: 0.1321  decode.d1.loss_mask: 1.6761  decode.d1.loss_dice: 0.8737  decode.d2.loss_cls: 0.1520  decode.d2.loss_mask: 1.6420  decode.d2.loss_dice: 0.8793  decode.d3.loss_cls: 0.1387  decode.d3.loss_mask: 1.6636  decode.d3.loss_dice: 0.8691  decode.d4.loss_cls: 0.1513  decode.d4.loss_mask: 1.7125  decode.d4.loss_dice: 0.9173  decode.d5.loss_cls: 0.1456  decode.d5.loss_mask: 1.6752  decode.d5.loss_dice: 0.9018  decode.d6.loss_cls: 0.1059  decode.d6.loss_mask: 1.6767  decode.d6.loss_dice: 0.8794  decode.d7.loss_cls: 0.1260  decode.d7.loss_mask: 1.6426  decode.d7.loss_dice: 0.8678  decode.d8.loss_cls: 0.1232  decode.d8.loss_mask: 1.6512  decode.d8.loss_dice: 0.8837
2026/09/24 17:54:45 - mmengine - INFO - Iter(train) [16450/20000]  base_lr: 0.0000e+00 lr: 4.3542e-06  eta: 0:39:45  time: 0.6667  data_time: 0.0131  memory: 5843  grad_norm: 695.5069  loss: 23.0371  decode.loss_cls: 0.1798  decode.loss_mask: 1.2686  decode.loss_dice: 0.8801  decode.d0.loss_cls: 0.1862  decode.d0.loss_mask: 1.2707  decode.d0.loss_dice: 0.9118  decode.d1.loss_cls: 0.1792  decode.d1.loss_mask: 1.2402  decode.d1.loss_dice: 0.8752  decode.d2.loss_cls: 0.2002  decode.d2.loss_mask: 1.2905  decode.d2.loss_dice: 0.8963  decode.d3.loss_cls: 0.1581  decode.d3.loss_mask: 1.2627  decode.d3.loss_dice: 0.8882  decode.d4.loss_cls: 0.1783  decode.d4.loss_mask: 1.2501  decode.d4.loss_dice: 0.8556  decode.d5.loss_cls: 0.1134  decode.d5.loss_mask: 1.2489  decode.d5.loss_dice: 0.8739  decode.d6.loss_cls: 0.1092  decode.d6.loss_mask: 1.2935  decode.d6.loss_dice: 0.8674  decode.d7.loss_cls: 0.1755  decode.d7.loss_mask: 1.2712  decode.d7.loss_dice: 0.8641  decode.d8.loss_cls: 0.1222  decode.d8.loss_mask: 1.2604  decode.d8.loss_dice: 0.8658
2026/09/24 17:55:18 - mmengine - INFO - Iter(train) [16500/20000]  base_lr: 0.0000e+00 lr: 4.3242e-06  eta: 0:39:11  time: 0.6604  data_time: 0.0114  memory: 5843  grad_norm: 558.7016  loss: 24.8402  decode.loss_cls: 0.1094  decode.loss_mask: 1.4238  decode.loss_dice: 0.9045  decode.d0.loss_cls: 0.1214  decode.d0.loss_mask: 1.5780  decode.d0.loss_dice: 0.9258  decode.d1.loss_cls: 0.0948  decode.d1.loss_mask: 1.4932  decode.d1.loss_dice: 0.8838  decode.d2.loss_cls: 0.1044  decode.d2.loss_mask: 1.5269  decode.d2.loss_dice: 0.9222  decode.d3.loss_cls: 0.1122  decode.d3.loss_mask: 1.4466  decode.d3.loss_dice: 0.8962  decode.d4.loss_cls: 0.1240  decode.d4.loss_mask: 1.4645  decode.d4.loss_dice: 0.9063  decode.d5.loss_cls: 0.1007  decode.d5.loss_mask: 1.5078  decode.d5.loss_dice: 0.9252  decode.d6.loss_cls: 0.1131  decode.d6.loss_mask: 1.4408  decode.d6.loss_dice: 0.8976  decode.d7.loss_cls: 0.1233  decode.d7.loss_mask: 1.4388  decode.d7.loss_dice: 0.8805  decode.d8.loss_cls: 0.0804  decode.d8.loss_mask: 1.4110  decode.d8.loss_dice: 0.8830
2026/09/24 17:55:52 - mmengine - INFO - Iter(train) [16550/20000]  base_lr: 0.0000e+00 lr: 4.2943e-06  eta: 0:38:37  time: 0.6624  data_time: 0.0120  memory: 5843  grad_norm: 610.0803  loss: 22.7861  decode.loss_cls: 0.0732  decode.loss_mask: 1.3894  decode.loss_dice: 0.7552  decode.d0.loss_cls: 0.1220  decode.d0.loss_mask: 1.4806  decode.d0.loss_dice: 0.8155  decode.d1.loss_cls: 0.0955  decode.d1.loss_mask: 1.4559  decode.d1.loss_dice: 0.7723  decode.d2.loss_cls: 0.1026  decode.d2.loss_mask: 1.4173  decode.d2.loss_dice: 0.7746  decode.d3.loss_cls: 0.0941  decode.d3.loss_mask: 1.4014  decode.d3.loss_dice: 0.7760  decode.d4.loss_cls: 0.0905  decode.d4.loss_mask: 1.4232  decode.d4.loss_dice: 0.7945  decode.d5.loss_cls: 0.0923  decode.d5.loss_mask: 1.3944  decode.d5.loss_dice: 0.7749  decode.d6.loss_cls: 0.1011  decode.d6.loss_mask: 1.3692  decode.d6.loss_dice: 0.7718  decode.d7.loss_cls: 0.0912  decode.d7.loss_mask: 1.3698  decode.d7.loss_dice: 0.7679  decode.d8.loss_cls: 0.0864  decode.d8.loss_mask: 1.3732  decode.d8.loss_dice: 0.7601
2026/09/24 17:56:25 - mmengine - INFO - Iter(train) [16600/20000]  base_lr: 0.0000e+00 lr: 4.2643e-06  eta: 0:38:03  time: 0.6702  data_time: 0.0122  memory: 5843  grad_norm: 560.5191  loss: 22.5746  decode.loss_cls: 0.1549  decode.loss_mask: 1.2792  decode.loss_dice: 0.7297  decode.d0.loss_cls: 0.1375  decode.d0.loss_mask: 1.4963  decode.d0.loss_dice: 0.8446  decode.d1.loss_cls: 0.1789  decode.d1.loss_mask: 1.2593  decode.d1.loss_dice: 0.6989  decode.d2.loss_cls: 0.1405  decode.d2.loss_mask: 1.3204  decode.d2.loss_dice: 0.7413  decode.d3.loss_cls: 0.1274  decode.d3.loss_mask: 1.3800  decode.d3.loss_dice: 0.7298  decode.d4.loss_cls: 0.1535  decode.d4.loss_mask: 1.3829  decode.d4.loss_dice: 0.7304  decode.d5.loss_cls: 0.1850  decode.d5.loss_mask: 1.4335  decode.d5.loss_dice: 0.7362  decode.d6.loss_cls: 0.1768  decode.d6.loss_mask: 1.3934  decode.d6.loss_dice: 0.7442  decode.d7.loss_cls: 0.1758  decode.d7.loss_mask: 1.3336  decode.d7.loss_dice: 0.7360  decode.d8.loss_cls: 0.1545  decode.d8.loss_mask: 1.2787  decode.d8.loss_dice: 0.7412
2026/09/24 17:56:58 - mmengine - INFO - Iter(train) [16650/20000]  base_lr: 0.0000e+00 lr: 4.2343e-06  eta: 0:37:30  time: 0.6631  data_time: 0.0114  memory: 5844  grad_norm: 590.0903  loss: 23.8012  decode.loss_cls: 0.1712  decode.loss_mask: 1.4047  decode.loss_dice: 0.7944  decode.d0.loss_cls: 0.3534  decode.d0.loss_mask: 1.3690  decode.d0.loss_dice: 0.7949  decode.d1.loss_cls: 0.2290  decode.d1.loss_mask: 1.3474  decode.d1.loss_dice: 0.7511  decode.d2.loss_cls: 0.2100  decode.d2.loss_mask: 1.4023  decode.d2.loss_dice: 0.7629  decode.d3.loss_cls: 0.1986  decode.d3.loss_mask: 1.3783  decode.d3.loss_dice: 0.7503  decode.d4.loss_cls: 0.2072  decode.d4.loss_mask: 1.3833  decode.d4.loss_dice: 0.7582  decode.d5.loss_cls: 0.1897  decode.d5.loss_mask: 1.3842  decode.d5.loss_dice: 0.7473  decode.d6.loss_cls: 0.1658  decode.d6.loss_mask: 1.4810  decode.d6.loss_dice: 0.8339  decode.d7.loss_cls: 0.1563  decode.d7.loss_mask: 1.3936  decode.d7.loss_dice: 0.8176  decode.d8.loss_cls: 0.1399  decode.d8.loss_mask: 1.4453  decode.d8.loss_dice: 0.7802
2026/09/24 17:57:32 - mmengine - INFO - Iter(train) [16700/20000]  base_lr: 0.0000e+00 lr: 4.2043e-06  eta: 0:36:56  time: 0.6725  data_time: 0.0123  memory: 5843  grad_norm: 622.6839  loss: 22.3232  decode.loss_cls: 0.0783  decode.loss_mask: 1.3103  decode.loss_dice: 0.8543  decode.d0.loss_cls: 0.1657  decode.d0.loss_mask: 1.2898  decode.d0.loss_dice: 0.8712  decode.d1.loss_cls: 0.0919  decode.d1.loss_mask: 1.2422  decode.d1.loss_dice: 0.8378  decode.d2.loss_cls: 0.0836  decode.d2.loss_mask: 1.3003  decode.d2.loss_dice: 0.8458  decode.d3.loss_cls: 0.0930  decode.d3.loss_mask: 1.2872  decode.d3.loss_dice: 0.8059  decode.d4.loss_cls: 0.0953  decode.d4.loss_mask: 1.3029  decode.d4.loss_dice: 0.8336  decode.d5.loss_cls: 0.0829  decode.d5.loss_mask: 1.3194  decode.d5.loss_dice: 0.8316  decode.d6.loss_cls: 0.0902  decode.d6.loss_mask: 1.3422  decode.d6.loss_dice: 0.8409  decode.d7.loss_cls: 0.1076  decode.d7.loss_mask: 1.2860  decode.d7.loss_dice: 0.8304  decode.d8.loss_cls: 0.0985  decode.d8.loss_mask: 1.2695  decode.d8.loss_dice: 0.8350
2026/09/24 17:58:05 - mmengine - INFO - Iter(train) [16750/20000]  base_lr: 0.0000e+00 lr: 4.1743e-06  eta: 0:36:23  time: 0.6712  data_time: 0.0119  memory: 5843  grad_norm: 550.7969  loss: 24.3333  decode.loss_cls: 0.1244  decode.loss_mask: 1.4538  decode.loss_dice: 0.8580  decode.d0.loss_cls: 0.1777  decode.d0.loss_mask: 1.5626  decode.d0.loss_dice: 0.8775  decode.d1.loss_cls: 0.1156  decode.d1.loss_mask: 1.4637  decode.d1.loss_dice: 0.8042  decode.d2.loss_cls: 0.1354  decode.d2.loss_mask: 1.4700  decode.d2.loss_dice: 0.8279  decode.d3.loss_cls: 0.1463  decode.d3.loss_mask: 1.4735  decode.d3.loss_dice: 0.8138  decode.d4.loss_cls: 0.1484  decode.d4.loss_mask: 1.5057  decode.d4.loss_dice: 0.8179  decode.d5.loss_cls: 0.1502  decode.d5.loss_mask: 1.4409  decode.d5.loss_dice: 0.8099  decode.d6.loss_cls: 0.1548  decode.d6.loss_mask: 1.4216  decode.d6.loss_dice: 0.8256  decode.d7.loss_cls: 0.1428  decode.d7.loss_mask: 1.4075  decode.d7.loss_dice: 0.8086  decode.d8.loss_cls: 0.1236  decode.d8.loss_mask: 1.4500  decode.d8.loss_dice: 0.8213
2026/09/24 17:58:38 - mmengine - INFO - Iter(train) [16800/20000]  base_lr: 0.0000e+00 lr: 4.1442e-06  eta: 0:35:49  time: 0.6708  data_time: 0.0121  memory: 5843  grad_norm: 1107.0733  loss: 23.7885  decode.loss_cls: 0.2256  decode.loss_mask: 1.3300  decode.loss_dice: 0.8363  decode.d0.loss_cls: 0.3227  decode.d0.loss_mask: 1.3290  decode.d0.loss_dice: 0.8804  decode.d1.loss_cls: 0.2809  decode.d1.loss_mask: 1.2315  decode.d1.loss_dice: 0.8138  decode.d2.loss_cls: 0.2603  decode.d2.loss_mask: 1.2381  decode.d2.loss_dice: 0.8422  decode.d3.loss_cls: 0.2692  decode.d3.loss_mask: 1.2197  decode.d3.loss_dice: 0.7958  decode.d4.loss_cls: 0.2474  decode.d4.loss_mask: 1.2693  decode.d4.loss_dice: 0.8237  decode.d5.loss_cls: 0.2470  decode.d5.loss_mask: 1.3047  decode.d5.loss_dice: 0.8428  decode.d6.loss_cls: 0.2711  decode.d6.loss_mask: 1.2468  decode.d6.loss_dice: 0.8412  decode.d7.loss_cls: 0.2668  decode.d7.loss_mask: 1.3307  decode.d7.loss_dice: 0.8553  decode.d8.loss_cls: 0.2293  decode.d8.loss_mask: 1.2942  decode.d8.loss_dice: 0.8428
2026/09/24 17:59:12 - mmengine - INFO - Iter(train) [16850/20000]  base_lr: 0.0000e+00 lr: 4.1141e-06  eta: 0:35:15  time: 0.6649  data_time: 0.0115  memory: 5844  grad_norm: 763.8178  loss: 21.0648  decode.loss_cls: 0.1468  decode.loss_mask: 1.1645  decode.loss_dice: 0.7449  decode.d0.loss_cls: 0.2047  decode.d0.loss_mask: 1.1090  decode.d0.loss_dice: 0.7958  decode.d1.loss_cls: 0.1287  decode.d1.loss_mask: 1.1920  decode.d1.loss_dice: 0.7948  decode.d2.loss_cls: 0.1335  decode.d2.loss_mask: 1.2128  decode.d2.loss_dice: 0.8068  decode.d3.loss_cls: 0.1839  decode.d3.loss_mask: 1.1621  decode.d3.loss_dice: 0.7845  decode.d4.loss_cls: 0.2142  decode.d4.loss_mask: 1.1097  decode.d4.loss_dice: 0.7839  decode.d5.loss_cls: 0.1724  decode.d5.loss_mask: 1.1871  decode.d5.loss_dice: 0.8091  decode.d6.loss_cls: 0.1372  decode.d6.loss_mask: 1.1563  decode.d6.loss_dice: 0.7633  decode.d7.loss_cls: 0.1697  decode.d7.loss_mask: 1.1160  decode.d7.loss_dice: 0.7764  decode.d8.loss_cls: 0.1467  decode.d8.loss_mask: 1.1879  decode.d8.loss_dice: 0.7702
2026/09/24 17:59:45 - mmengine - INFO - Iter(train) [16900/20000]  base_lr: 0.0000e+00 lr: 4.0840e-06  eta: 0:34:42  time: 0.6730  data_time: 0.0123  memory: 5843  grad_norm: 580.6217  loss: 23.9153  decode.loss_cls: 0.1173  decode.loss_mask: 1.3569  decode.loss_dice: 0.9125  decode.d0.loss_cls: 0.2265  decode.d0.loss_mask: 1.3638  decode.d0.loss_dice: 0.9212  decode.d1.loss_cls: 0.1413  decode.d1.loss_mask: 1.3464  decode.d1.loss_dice: 0.8742  decode.d2.loss_cls: 0.1562  decode.d2.loss_mask: 1.3323  decode.d2.loss_dice: 0.8583  decode.d3.loss_cls: 0.1291  decode.d3.loss_mask: 1.3572  decode.d3.loss_dice: 0.9081  decode.d4.loss_cls: 0.1702  decode.d4.loss_mask: 1.3222  decode.d4.loss_dice: 0.8575  decode.d5.loss_cls: 0.1757  decode.d5.loss_mask: 1.3088  decode.d5.loss_dice: 0.8686  decode.d6.loss_cls: 0.1263  decode.d6.loss_mask: 1.4096  decode.d6.loss_dice: 0.8934  decode.d7.loss_cls: 0.1447  decode.d7.loss_mask: 1.3713  decode.d7.loss_dice: 0.8826  decode.d8.loss_cls: 0.1142  decode.d8.loss_mask: 1.3548  decode.d8.loss_dice: 0.9138
2026/09/24 18:00:19 - mmengine - INFO - Iter(train) [16950/20000]  base_lr: 0.0000e+00 lr: 4.0539e-06  eta: 0:34:08  time: 0.6730  data_time: 0.0114  memory: 5844  grad_norm: 477.0048  loss: 19.2488  decode.loss_cls: 0.1234  decode.loss_mask: 1.1470  decode.loss_dice: 0.6975  decode.d0.loss_cls: 0.1914  decode.d0.loss_mask: 1.1468  decode.d0.loss_dice: 0.6588  decode.d1.loss_cls: 0.1471  decode.d1.loss_mask: 1.0386  decode.d1.loss_dice: 0.6315  decode.d2.loss_cls: 0.1376  decode.d2.loss_mask: 1.1256  decode.d2.loss_dice: 0.6716  decode.d3.loss_cls: 0.1635  decode.d3.loss_mask: 1.0810  decode.d3.loss_dice: 0.6746  decode.d4.loss_cls: 0.1036  decode.d4.loss_mask: 1.1468  decode.d4.loss_dice: 0.6665  decode.d5.loss_cls: 0.1215  decode.d5.loss_mask: 1.1012  decode.d5.loss_dice: 0.6957  decode.d6.loss_cls: 0.1234  decode.d6.loss_mask: 1.1228  decode.d6.loss_dice: 0.6958  decode.d7.loss_cls: 0.1232  decode.d7.loss_mask: 1.0690  decode.d7.loss_dice: 0.6728  decode.d8.loss_cls: 0.1152  decode.d8.loss_mask: 1.1871  decode.d8.loss_dice: 0.6682
2026/09/24 18:00:52 - mmengine - INFO - Exp name: mask2former_20260924_141104
2026/09/24 18:00:52 - mmengine - INFO - Iter(train) [17000/20000]  base_lr: 0.0000e+00 lr: 4.0237e-06  eta: 0:33:34  time: 0.6650  data_time: 0.0121  memory: 5843  grad_norm: 544.2464  loss: 19.8401  decode.loss_cls: 0.1233  decode.loss_mask: 1.1333  decode.loss_dice: 0.6441  decode.d0.loss_cls: 0.3002  decode.d0.loss_mask: 1.1667  decode.d0.loss_dice: 0.6937  decode.d1.loss_cls: 0.1220  decode.d1.loss_mask: 1.1689  decode.d1.loss_dice: 0.6599  decode.d2.loss_cls: 0.1162  decode.d2.loss_mask: 1.1767  decode.d2.loss_dice: 0.6667  decode.d3.loss_cls: 0.1181  decode.d3.loss_mask: 1.1728  decode.d3.loss_dice: 0.6776  decode.d4.loss_cls: 0.1277  decode.d4.loss_mask: 1.1957  decode.d4.loss_dice: 0.6908  decode.d5.loss_cls: 0.1276  decode.d5.loss_mask: 1.1570  decode.d5.loss_dice: 0.6618  decode.d6.loss_cls: 0.1182  decode.d6.loss_mask: 1.2117  decode.d6.loss_dice: 0.7011  decode.d7.loss_cls: 0.1292  decode.d7.loss_mask: 1.1890  decode.d7.loss_dice: 0.6608  decode.d8.loss_cls: 0.1128  decode.d8.loss_mask: 1.1563  decode.d8.loss_dice: 0.6600
2026/09/24 18:00:52 - mmengine - INFO - Saving checkpoint at 17000 iterations
2026/09/24 18:03:09 - mmengine - INFO - Iter(val) [ 50/304]    eta: 0:11:20  time: 2.6984  data_time: 0.0086  memory: 4047  
2026/09/24 18:05:49 - mmengine - INFO - Iter(val) [100/304]    eta: 0:10:00  time: 3.1349  data_time: 0.0085  memory: 4047  
2026/09/24 18:08:27 - mmengine - INFO - Iter(val) [150/304]    eta: 0:07:44  time: 3.1050  data_time: 0.0086  memory: 4047  
2026/09/24 18:11:06 - mmengine - INFO - Iter(val) [200/304]    eta: 0:05:17  time: 3.1660  data_time: 0.0095  memory: 4047  
2026/09/24 18:13:42 - mmengine - INFO - Iter(val) [250/304]    eta: 0:02:45  time: 3.1579  data_time: 0.0089  memory: 4047  
2026/09/24 18:16:17 - mmengine - INFO - Iter(val) [300/304]    eta: 0:00:12  time: 3.1001  data_time: 0.0090  memory: 4047  
2026/09/24 18:16:30 - mmengine - INFO - per class results:
2026/09/24 18:16:30 - mmengine - INFO - 
+------------------+-------+-------+-------+--------+-----------+--------+
|      Class       |  IoU  |  Acc  |  Dice | Fscore | Precision | Recall |
+------------------+-------+-------+-------+--------+-----------+--------+
|    background    | 95.34 | 96.42 | 97.62 | 97.62  |   98.84   | 96.42  |
| wastewater_plant | 61.96 | 87.13 | 76.51 | 76.51  |    68.2   | 87.13  |
+------------------+-------+-------+-------+--------+-----------+--------+
2026/09/24 18:16:30 - mmengine - INFO - Iter(val) [304/304]    aAcc: 95.6700  mIoU: 78.6500  mAcc: 91.7800  mDice: 87.0600  mFscore: 87.0600  mPrecision: 83.5200  mRecall: 91.7800  binary/Foreground_IoU: 61.9617  binary/Dice: 76.5140  binary/F1: 76.5140  binary/Precision: 68.2040  binary/Recall: 87.1301  binary/Boundary_F1: 13.6165  binary/BFScore: 13.6165  binary/Boundary_Precision: 10.4955  binary/Boundary_Recall: 19.3793  binary/Hausdorff_px: 633.7916  binary/HD95_px: 525.5993  binary/Hausdorff_m: 316.8958  binary/HD95_m: 262.7996  data_time: 0.0098  time: 3.0763
2026/09/24 18:17:04 - mmengine - INFO - Iter(train) [17050/20000]  base_lr: 0.0000e+00 lr: 3.9935e-06  eta: 0:33:01  time: 0.6776  data_time: 0.0116  memory: 5844  grad_norm: 500.6861  loss: 23.0127  decode.loss_cls: 0.0557  decode.loss_mask: 1.3436  decode.loss_dice: 0.8966  decode.d0.loss_cls: 0.0974  decode.d0.loss_mask: 1.3610  decode.d0.loss_dice: 0.9285  decode.d1.loss_cls: 0.0832  decode.d1.loss_mask: 1.3075  decode.d1.loss_dice: 0.9146  decode.d2.loss_cls: 0.0741  decode.d2.loss_mask: 1.3311  decode.d2.loss_dice: 0.9158  decode.d3.loss_cls: 0.0823  decode.d3.loss_mask: 1.3120  decode.d3.loss_dice: 0.8772  decode.d4.loss_cls: 0.0671  decode.d4.loss_mask: 1.3464  decode.d4.loss_dice: 0.9244  decode.d5.loss_cls: 0.0705  decode.d5.loss_mask: 1.3152  decode.d5.loss_dice: 0.9102  decode.d6.loss_cls: 0.0635  decode.d6.loss_mask: 1.3092  decode.d6.loss_dice: 0.9089  decode.d7.loss_cls: 0.0705  decode.d7.loss_mask: 1.3124  decode.d7.loss_dice: 0.8729  decode.d8.loss_cls: 0.0663  decode.d8.loss_mask: 1.3195  decode.d8.loss_dice: 0.8752
2026/09/24 18:17:37 - mmengine - INFO - Iter(train) [17100/20000]  base_lr: 0.0000e+00 lr: 3.9633e-06  eta: 0:32:27  time: 0.6654  data_time: 0.0119  memory: 5840  grad_norm: 548.6086  loss: 22.7752  decode.loss_cls: 0.1385  decode.loss_mask: 1.3400  decode.loss_dice: 0.8101  decode.d0.loss_cls: 0.1331  decode.d0.loss_mask: 1.3959  decode.d0.loss_dice: 0.8833  decode.d1.loss_cls: 0.1277  decode.d1.loss_mask: 1.3134  decode.d1.loss_dice: 0.8175  decode.d2.loss_cls: 0.1379  decode.d2.loss_mask: 1.3313  decode.d2.loss_dice: 0.8009  decode.d3.loss_cls: 0.1391  decode.d3.loss_mask: 1.2901  decode.d3.loss_dice: 0.8068  decode.d4.loss_cls: 0.1365  decode.d4.loss_mask: 1.3095  decode.d4.loss_dice: 0.8119  decode.d5.loss_cls: 0.1594  decode.d5.loss_mask: 1.2624  decode.d5.loss_dice: 0.8065  decode.d6.loss_cls: 0.1251  decode.d6.loss_mask: 1.2973  decode.d6.loss_dice: 0.7989  decode.d7.loss_cls: 0.1122  decode.d7.loss_mask: 1.3512  decode.d7.loss_dice: 0.8338  decode.d8.loss_cls: 0.1134  decode.d8.loss_mask: 1.3461  decode.d8.loss_dice: 0.8452
2026/09/24 18:18:10 - mmengine - INFO - Iter(train) [17150/20000]  base_lr: 0.0000e+00 lr: 3.9330e-06  eta: 0:31:54  time: 0.6616  data_time: 0.0118  memory: 5843  grad_norm: 669.6452  loss: 24.0511  decode.loss_cls: 0.2132  decode.loss_mask: 1.4102  decode.loss_dice: 0.8664  decode.d0.loss_cls: 0.2233  decode.d0.loss_mask: 1.3759  decode.d0.loss_dice: 0.8709  decode.d1.loss_cls: 0.2572  decode.d1.loss_mask: 1.2973  decode.d1.loss_dice: 0.8315  decode.d2.loss_cls: 0.2117  decode.d2.loss_mask: 1.2896  decode.d2.loss_dice: 0.8234  decode.d3.loss_cls: 0.2199  decode.d3.loss_mask: 1.2608  decode.d3.loss_dice: 0.8136  decode.d4.loss_cls: 0.2013  decode.d4.loss_mask: 1.2918  decode.d4.loss_dice: 0.8120  decode.d5.loss_cls: 0.1891  decode.d5.loss_mask: 1.3222  decode.d5.loss_dice: 0.8201  decode.d6.loss_cls: 0.2180  decode.d6.loss_mask: 1.3883  decode.d6.loss_dice: 0.8517  decode.d7.loss_cls: 0.2002  decode.d7.loss_mask: 1.4041  decode.d7.loss_dice: 0.8885  decode.d8.loss_cls: 0.1593  decode.d8.loss_mask: 1.4379  decode.d8.loss_dice: 0.9015
2026/09/24 18:18:44 - mmengine - INFO - Iter(train) [17200/20000]  base_lr: 0.0000e+00 lr: 3.9028e-06  eta: 0:31:20  time: 0.6636  data_time: 0.0121  memory: 5844  grad_norm: 564.9404  loss: 24.7115  decode.loss_cls: 0.1211  decode.loss_mask: 1.3334  decode.loss_dice: 0.9949  decode.d0.loss_cls: 0.2032  decode.d0.loss_mask: 1.3835  decode.d0.loss_dice: 1.0174  decode.d1.loss_cls: 0.1488  decode.d1.loss_mask: 1.3179  decode.d1.loss_dice: 0.9624  decode.d2.loss_cls: 0.1468  decode.d2.loss_mask: 1.4042  decode.d2.loss_dice: 1.0343  decode.d3.loss_cls: 0.1509  decode.d3.loss_mask: 1.3280  decode.d3.loss_dice: 1.0457  decode.d4.loss_cls: 0.1351  decode.d4.loss_mask: 1.4622  decode.d4.loss_dice: 1.0688  decode.d5.loss_cls: 0.1506  decode.d5.loss_mask: 1.2660  decode.d5.loss_dice: 0.9965  decode.d6.loss_cls: 0.1115  decode.d6.loss_mask: 1.2993  decode.d6.loss_dice: 0.9552  decode.d7.loss_cls: 0.1184  decode.d7.loss_mask: 1.2563  decode.d7.loss_dice: 0.9834  decode.d8.loss_cls: 0.1260  decode.d8.loss_mask: 1.2431  decode.d8.loss_dice: 0.9467
2026/09/24 18:19:17 - mmengine - INFO - Iter(train) [17250/20000]  base_lr: 0.0000e+00 lr: 3.8725e-06  eta: 0:30:46  time: 0.6700  data_time: 0.0124  memory: 5844  grad_norm: 616.6819  loss: 22.3662  decode.loss_cls: 0.1522  decode.loss_mask: 1.2631  decode.loss_dice: 0.8514  decode.d0.loss_cls: 0.2234  decode.d0.loss_mask: 1.1950  decode.d0.loss_dice: 0.8534  decode.d1.loss_cls: 0.1935  decode.d1.loss_mask: 1.1341  decode.d1.loss_dice: 0.7867  decode.d2.loss_cls: 0.1535  decode.d2.loss_mask: 1.2141  decode.d2.loss_dice: 0.8588  decode.d3.loss_cls: 0.1648  decode.d3.loss_mask: 1.1339  decode.d3.loss_dice: 0.8761  decode.d4.loss_cls: 0.1501  decode.d4.loss_mask: 1.2630  decode.d4.loss_dice: 0.8568  decode.d5.loss_cls: 0.1686  decode.d5.loss_mask: 1.2738  decode.d5.loss_dice: 0.8712  decode.d6.loss_cls: 0.1648  decode.d6.loss_mask: 1.2407  decode.d6.loss_dice: 0.7953  decode.d7.loss_cls: 0.1510  decode.d7.loss_mask: 1.2534  decode.d7.loss_dice: 0.8467  decode.d8.loss_cls: 0.1450  decode.d8.loss_mask: 1.2654  decode.d8.loss_dice: 0.8663
2026/09/24 18:19:50 - mmengine - INFO - Iter(train) [17300/20000]  base_lr: 0.0000e+00 lr: 3.8422e-06  eta: 0:30:13  time: 0.6645  data_time: 0.0120  memory: 5843  grad_norm: 815.2100  loss: 23.3616  decode.loss_cls: 0.1161  decode.loss_mask: 1.4095  decode.loss_dice: 0.7432  decode.d0.loss_cls: 0.2368  decode.d0.loss_mask: 1.4440  decode.d0.loss_dice: 0.8665  decode.d1.loss_cls: 0.1785  decode.d1.loss_mask: 1.4000  decode.d1.loss_dice: 0.7950  decode.d2.loss_cls: 0.1674  decode.d2.loss_mask: 1.4050  decode.d2.loss_dice: 0.7879  decode.d3.loss_cls: 0.1325  decode.d3.loss_mask: 1.4083  decode.d3.loss_dice: 0.7635  decode.d4.loss_cls: 0.1457  decode.d4.loss_mask: 1.4078  decode.d4.loss_dice: 0.7602  decode.d5.loss_cls: 0.1698  decode.d5.loss_mask: 1.3795  decode.d5.loss_dice: 0.7699  decode.d6.loss_cls: 0.1640  decode.d6.loss_mask: 1.3785  decode.d6.loss_dice: 0.7439  decode.d7.loss_cls: 0.1633  decode.d7.loss_mask: 1.3953  decode.d7.loss_dice: 0.7665  decode.d8.loss_cls: 0.1085  decode.d8.loss_mask: 1.4144  decode.d8.loss_dice: 0.7400
2026/09/24 18:20:24 - mmengine - INFO - Iter(train) [17350/20000]  base_lr: 0.0000e+00 lr: 3.8118e-06  eta: 0:29:39  time: 0.6866  data_time: 0.0120  memory: 5844  grad_norm: 551.1291  loss: 19.3742  decode.loss_cls: 0.0739  decode.loss_mask: 1.1485  decode.loss_dice: 0.7253  decode.d0.loss_cls: 0.1543  decode.d0.loss_mask: 1.1926  decode.d0.loss_dice: 0.6953  decode.d1.loss_cls: 0.1027  decode.d1.loss_mask: 1.1283  decode.d1.loss_dice: 0.6755  decode.d2.loss_cls: 0.0938  decode.d2.loss_mask: 1.1197  decode.d2.loss_dice: 0.6904  decode.d3.loss_cls: 0.0930  decode.d3.loss_mask: 1.1321  decode.d3.loss_dice: 0.6995  decode.d4.loss_cls: 0.0855  decode.d4.loss_mask: 1.1453  decode.d4.loss_dice: 0.7171  decode.d5.loss_cls: 0.0983  decode.d5.loss_mask: 1.1714  decode.d5.loss_dice: 0.7079  decode.d6.loss_cls: 0.0864  decode.d6.loss_mask: 1.1162  decode.d6.loss_dice: 0.6784  decode.d7.loss_cls: 0.0708  decode.d7.loss_mask: 1.1682  decode.d7.loss_dice: 0.6851  decode.d8.loss_cls: 0.0830  decode.d8.loss_mask: 1.1352  decode.d8.loss_dice: 0.7003
2026/09/24 18:20:58 - mmengine - INFO - Iter(train) [17400/20000]  base_lr: 0.0000e+00 lr: 3.7814e-06  eta: 0:29:05  time: 0.6695  data_time: 0.0114  memory: 5843  grad_norm: 885.1984  loss: 23.2373  decode.loss_cls: 0.1681  decode.loss_mask: 1.2377  decode.loss_dice: 0.7989  decode.d0.loss_cls: 0.2633  decode.d0.loss_mask: 1.2767  decode.d0.loss_dice: 0.8026  decode.d1.loss_cls: 0.2133  decode.d1.loss_mask: 1.2237  decode.d1.loss_dice: 0.7432  decode.d2.loss_cls: 0.1786  decode.d2.loss_mask: 1.3027  decode.d2.loss_dice: 0.8114  decode.d3.loss_cls: 0.1677  decode.d3.loss_mask: 1.3493  decode.d3.loss_dice: 0.9090  decode.d4.loss_cls: 0.1845  decode.d4.loss_mask: 1.3576  decode.d4.loss_dice: 0.8341  decode.d5.loss_cls: 0.1794  decode.d5.loss_mask: 1.4026  decode.d5.loss_dice: 0.8466  decode.d6.loss_cls: 0.1647  decode.d6.loss_mask: 1.3559  decode.d6.loss_dice: 0.8395  decode.d7.loss_cls: 0.1729  decode.d7.loss_mask: 1.3677  decode.d7.loss_dice: 0.8602  decode.d8.loss_cls: 0.1780  decode.d8.loss_mask: 1.2305  decode.d8.loss_dice: 0.8170
2026/09/24 18:21:31 - mmengine - INFO - Iter(train) [17450/20000]  base_lr: 0.0000e+00 lr: 3.7510e-06  eta: 0:28:32  time: 0.6674  data_time: 0.0118  memory: 5844  grad_norm: 646.5385  loss: 23.1280  decode.loss_cls: 0.1863  decode.loss_mask: 1.2246  decode.loss_dice: 0.7783  decode.d0.loss_cls: 0.3294  decode.d0.loss_mask: 1.4196  decode.d0.loss_dice: 0.8480  decode.d1.loss_cls: 0.2212  decode.d1.loss_mask: 1.2629  decode.d1.loss_dice: 0.7246  decode.d2.loss_cls: 0.2342  decode.d2.loss_mask: 1.2555  decode.d2.loss_dice: 0.7674  decode.d3.loss_cls: 0.1947  decode.d3.loss_mask: 1.2502  decode.d3.loss_dice: 0.8114  decode.d4.loss_cls: 0.1874  decode.d4.loss_mask: 1.2604  decode.d4.loss_dice: 0.7855  decode.d5.loss_cls: 0.2351  decode.d5.loss_mask: 1.3051  decode.d5.loss_dice: 0.7297  decode.d6.loss_cls: 0.2006  decode.d6.loss_mask: 1.3339  decode.d6.loss_dice: 0.7972  decode.d7.loss_cls: 0.1902  decode.d7.loss_mask: 1.4166  decode.d7.loss_dice: 0.7643  decode.d8.loss_cls: 0.1897  decode.d8.loss_mask: 1.4103  decode.d8.loss_dice: 0.8138
2026/09/24 18:22:04 - mmengine - INFO - Iter(train) [17500/20000]  base_lr: 0.0000e+00 lr: 3.7206e-06  eta: 0:27:58  time: 0.6710  data_time: 0.0118  memory: 5843  grad_norm: 363.5893  loss: 24.4977  decode.loss_cls: 0.1005  decode.loss_mask: 1.3722  decode.loss_dice: 0.9662  decode.d0.loss_cls: 0.1765  decode.d0.loss_mask: 1.3769  decode.d0.loss_dice: 0.9477  decode.d1.loss_cls: 0.1252  decode.d1.loss_mask: 1.3812  decode.d1.loss_dice: 0.9311  decode.d2.loss_cls: 0.1269  decode.d2.loss_mask: 1.3855  decode.d2.loss_dice: 0.9272  decode.d3.loss_cls: 0.0967  decode.d3.loss_mask: 1.4183  decode.d3.loss_dice: 0.9497  decode.d4.loss_cls: 0.1123  decode.d4.loss_mask: 1.3841  decode.d4.loss_dice: 0.9506  decode.d5.loss_cls: 0.1301  decode.d5.loss_mask: 1.3999  decode.d5.loss_dice: 0.9489  decode.d6.loss_cls: 0.1161  decode.d6.loss_mask: 1.3900  decode.d6.loss_dice: 0.9353  decode.d7.loss_cls: 0.1069  decode.d7.loss_mask: 1.3642  decode.d7.loss_dice: 0.9303  decode.d8.loss_cls: 0.1023  decode.d8.loss_mask: 1.3904  decode.d8.loss_dice: 0.9546
2026/09/24 18:22:38 - mmengine - INFO - Iter(train) [17550/20000]  base_lr: 0.0000e+00 lr: 3.6902e-06  eta: 0:27:25  time: 0.6777  data_time: 0.0124  memory: 5843  grad_norm: 729.4519  loss: 21.3929  decode.loss_cls: 0.1298  decode.loss_mask: 1.2051  decode.loss_dice: 0.7991  decode.d0.loss_cls: 0.2311  decode.d0.loss_mask: 1.1280  decode.d0.loss_dice: 0.8252  decode.d1.loss_cls: 0.1513  decode.d1.loss_mask: 1.1886  decode.d1.loss_dice: 0.7878  decode.d2.loss_cls: 0.1548  decode.d2.loss_mask: 1.2219  decode.d2.loss_dice: 0.8155  decode.d3.loss_cls: 0.1412  decode.d3.loss_mask: 1.1479  decode.d3.loss_dice: 0.8461  decode.d4.loss_cls: 0.1380  decode.d4.loss_mask: 1.2427  decode.d4.loss_dice: 0.8390  decode.d5.loss_cls: 0.1669  decode.d5.loss_mask: 1.1345  decode.d5.loss_dice: 0.7690  decode.d6.loss_cls: 0.1467  decode.d6.loss_mask: 1.2025  decode.d6.loss_dice: 0.8175  decode.d7.loss_cls: 0.1397  decode.d7.loss_mask: 1.1787  decode.d7.loss_dice: 0.8054  decode.d8.loss_cls: 0.1366  decode.d8.loss_mask: 1.1290  decode.d8.loss_dice: 0.7733
2026/09/24 18:23:11 - mmengine - INFO - Iter(train) [17600/20000]  base_lr: 0.0000e+00 lr: 3.6597e-06  eta: 0:26:51  time: 0.6696  data_time: 0.0118  memory: 5843  grad_norm: 598.6926  loss: 18.5701  decode.loss_cls: 0.0932  decode.loss_mask: 1.0339  decode.loss_dice: 0.6822  decode.d0.loss_cls: 0.1286  decode.d0.loss_mask: 1.1671  decode.d0.loss_dice: 0.7663  decode.d1.loss_cls: 0.1180  decode.d1.loss_mask: 1.0162  decode.d1.loss_dice: 0.6936  decode.d2.loss_cls: 0.1242  decode.d2.loss_mask: 1.0163  decode.d2.loss_dice: 0.6946  decode.d3.loss_cls: 0.1339  decode.d3.loss_mask: 0.9646  decode.d3.loss_dice: 0.6465  decode.d4.loss_cls: 0.1050  decode.d4.loss_mask: 1.0770  decode.d4.loss_dice: 0.7095  decode.d5.loss_cls: 0.1167  decode.d5.loss_mask: 1.0767  decode.d5.loss_dice: 0.7038  decode.d6.loss_cls: 0.1221  decode.d6.loss_mask: 1.0350  decode.d6.loss_dice: 0.6847  decode.d7.loss_cls: 0.1211  decode.d7.loss_mask: 1.0109  decode.d7.loss_dice: 0.6776  decode.d8.loss_cls: 0.0945  decode.d8.loss_mask: 1.0639  decode.d8.loss_dice: 0.6925
2026/09/24 18:23:45 - mmengine - INFO - Iter(train) [17650/20000]  base_lr: 0.0000e+00 lr: 3.6292e-06  eta: 0:26:17  time: 0.6930  data_time: 0.0128  memory: 5843  grad_norm: 896.2268  loss: 24.1657  decode.loss_cls: 0.1219  decode.loss_mask: 1.4055  decode.loss_dice: 0.8771  decode.d0.loss_cls: 0.1993  decode.d0.loss_mask: 1.3993  decode.d0.loss_dice: 0.9122  decode.d1.loss_cls: 0.1203  decode.d1.loss_mask: 1.3986  decode.d1.loss_dice: 0.8486  decode.d2.loss_cls: 0.1172  decode.d2.loss_mask: 1.4264  decode.d2.loss_dice: 0.8771  decode.d3.loss_cls: 0.1113  decode.d3.loss_mask: 1.4265  decode.d3.loss_dice: 0.8767  decode.d4.loss_cls: 0.1134  decode.d4.loss_mask: 1.4376  decode.d4.loss_dice: 0.8904  decode.d5.loss_cls: 0.1164  decode.d5.loss_mask: 1.4017  decode.d5.loss_dice: 0.8759  decode.d6.loss_cls: 0.1159  decode.d6.loss_mask: 1.3890  decode.d6.loss_dice: 0.8675  decode.d7.loss_cls: 0.1155  decode.d7.loss_mask: 1.4231  decode.d7.loss_dice: 0.8673  decode.d8.loss_cls: 0.1078  decode.d8.loss_mask: 1.4498  decode.d8.loss_dice: 0.8764
2026/09/24 18:24:19 - mmengine - INFO - Iter(train) [17700/20000]  base_lr: 0.0000e+00 lr: 3.5986e-06  eta: 0:25:44  time: 0.6755  data_time: 0.0127  memory: 5843  grad_norm: 525.9128  loss: 19.6544  decode.loss_cls: 0.1332  decode.loss_mask: 1.2096  decode.loss_dice: 0.6632  decode.d0.loss_cls: 0.2027  decode.d0.loss_mask: 1.1247  decode.d0.loss_dice: 0.6817  decode.d1.loss_cls: 0.1530  decode.d1.loss_mask: 1.1047  decode.d1.loss_dice: 0.6456  decode.d2.loss_cls: 0.1463  decode.d2.loss_mask: 1.1031  decode.d2.loss_dice: 0.6541  decode.d3.loss_cls: 0.1528  decode.d3.loss_mask: 1.1022  decode.d3.loss_dice: 0.6486  decode.d4.loss_cls: 0.1315  decode.d4.loss_mask: 1.1209  decode.d4.loss_dice: 0.6592  decode.d5.loss_cls: 0.1592  decode.d5.loss_mask: 1.1289  decode.d5.loss_dice: 0.6544  decode.d6.loss_cls: 0.1877  decode.d6.loss_mask: 1.1179  decode.d6.loss_dice: 0.6490  decode.d7.loss_cls: 0.1675  decode.d7.loss_mask: 1.2197  decode.d7.loss_dice: 0.6797  decode.d8.loss_cls: 0.1238  decode.d8.loss_mask: 1.2282  decode.d8.loss_dice: 0.7010
2026/09/24 18:24:52 - mmengine - INFO - Iter(train) [17750/20000]  base_lr: 0.0000e+00 lr: 3.5681e-06  eta: 0:25:10  time: 0.6641  data_time: 0.0118  memory: 5844  grad_norm: 685.6185  loss: 25.3186  decode.loss_cls: 0.1175  decode.loss_mask: 1.6078  decode.loss_dice: 0.7959  decode.d0.loss_cls: 0.1479  decode.d0.loss_mask: 1.6238  decode.d0.loss_dice: 0.8359  decode.d1.loss_cls: 0.1324  decode.d1.loss_mask: 1.5976  decode.d1.loss_dice: 0.7972  decode.d2.loss_cls: 0.1336  decode.d2.loss_mask: 1.6058  decode.d2.loss_dice: 0.8211  decode.d3.loss_cls: 0.1351  decode.d3.loss_mask: 1.5764  decode.d3.loss_dice: 0.8077  decode.d4.loss_cls: 0.1397  decode.d4.loss_mask: 1.5439  decode.d4.loss_dice: 0.7892  decode.d5.loss_cls: 0.1423  decode.d5.loss_mask: 1.5664  decode.d5.loss_dice: 0.7953  decode.d6.loss_cls: 0.1293  decode.d6.loss_mask: 1.6006  decode.d6.loss_dice: 0.8191  decode.d7.loss_cls: 0.1161  decode.d7.loss_mask: 1.6081  decode.d7.loss_dice: 0.8204  decode.d8.loss_cls: 0.1309  decode.d8.loss_mask: 1.5900  decode.d8.loss_dice: 0.7913
2026/09/24 18:25:26 - mmengine - INFO - Iter(train) [17800/20000]  base_lr: 0.0000e+00 lr: 3.5375e-06  eta: 0:24:37  time: 0.6712  data_time: 0.0127  memory: 5844  grad_norm: 847.8857  loss: 19.8439  decode.loss_cls: 0.1889  decode.loss_mask: 1.1499  decode.loss_dice: 0.6228  decode.d0.loss_cls: 0.2449  decode.d0.loss_mask: 1.2196  decode.d0.loss_dice: 0.6617  decode.d1.loss_cls: 0.2406  decode.d1.loss_mask: 1.1387  decode.d1.loss_dice: 0.6348  decode.d2.loss_cls: 0.2363  decode.d2.loss_mask: 1.0437  decode.d2.loss_dice: 0.5793  decode.d3.loss_cls: 0.2208  decode.d3.loss_mask: 1.1019  decode.d3.loss_dice: 0.6396  decode.d4.loss_cls: 0.2418  decode.d4.loss_mask: 1.0982  decode.d4.loss_dice: 0.6399  decode.d5.loss_cls: 0.2285  decode.d5.loss_mask: 1.1323  decode.d5.loss_dice: 0.6209  decode.d6.loss_cls: 0.2257  decode.d6.loss_mask: 1.1743  decode.d6.loss_dice: 0.6232  decode.d7.loss_cls: 0.2130  decode.d7.loss_mask: 1.0938  decode.d7.loss_dice: 0.6157  decode.d8.loss_cls: 0.2083  decode.d8.loss_mask: 1.1566  decode.d8.loss_dice: 0.6483
2026/09/24 18:25:59 - mmengine - INFO - Iter(train) [17850/20000]  base_lr: 0.0000e+00 lr: 3.5068e-06  eta: 0:24:03  time: 0.6636  data_time: 0.0119  memory: 5843  grad_norm: 600.8599  loss: 21.8706  decode.loss_cls: 0.1504  decode.loss_mask: 1.3415  decode.loss_dice: 0.6796  decode.d0.loss_cls: 0.1652  decode.d0.loss_mask: 1.3730  decode.d0.loss_dice: 0.7154  decode.d1.loss_cls: 0.1744  decode.d1.loss_mask: 1.3507  decode.d1.loss_dice: 0.6973  decode.d2.loss_cls: 0.1760  decode.d2.loss_mask: 1.2991  decode.d2.loss_dice: 0.6766  decode.d3.loss_cls: 0.1773  decode.d3.loss_mask: 1.3053  decode.d3.loss_dice: 0.6894  decode.d4.loss_cls: 0.1686  decode.d4.loss_mask: 1.3068  decode.d4.loss_dice: 0.6754  decode.d5.loss_cls: 0.1554  decode.d5.loss_mask: 1.3389  decode.d5.loss_dice: 0.6849  decode.d6.loss_cls: 0.1522  decode.d6.loss_mask: 1.3835  decode.d6.loss_dice: 0.7071  decode.d7.loss_cls: 0.1582  decode.d7.loss_mask: 1.3389  decode.d7.loss_dice: 0.6754  decode.d8.loss_cls: 0.1472  decode.d8.loss_mask: 1.3342  decode.d8.loss_dice: 0.6729
2026/09/24 18:26:32 - mmengine - INFO - Iter(train) [17900/20000]  base_lr: 0.0000e+00 lr: 3.4762e-06  eta: 0:23:29  time: 0.6729  data_time: 0.0124  memory: 5843  grad_norm: 321.5750  loss: 18.0399  decode.loss_cls: 0.1257  decode.loss_mask: 1.0427  decode.loss_dice: 0.6724  decode.d0.loss_cls: 0.1806  decode.d0.loss_mask: 1.0077  decode.d0.loss_dice: 0.6446  decode.d1.loss_cls: 0.1445  decode.d1.loss_mask: 0.9984  decode.d1.loss_dice: 0.6266  decode.d2.loss_cls: 0.1411  decode.d2.loss_mask: 1.0173  decode.d2.loss_dice: 0.6382  decode.d3.loss_cls: 0.1304  decode.d3.loss_mask: 1.0101  decode.d3.loss_dice: 0.6459  decode.d4.loss_cls: 0.1401  decode.d4.loss_mask: 1.0020  decode.d4.loss_dice: 0.6435  decode.d5.loss_cls: 0.1436  decode.d5.loss_mask: 1.0094  decode.d5.loss_dice: 0.6408  decode.d6.loss_cls: 0.1443  decode.d6.loss_mask: 1.0170  decode.d6.loss_dice: 0.6446  decode.d7.loss_cls: 0.1300  decode.d7.loss_mask: 1.0243  decode.d7.loss_dice: 0.6422  decode.d8.loss_cls: 0.1128  decode.d8.loss_mask: 1.0394  decode.d8.loss_dice: 0.6799
2026/09/24 18:27:06 - mmengine - INFO - Iter(train) [17950/20000]  base_lr: 0.0000e+00 lr: 3.4455e-06  eta: 0:22:56  time: 0.6723  data_time: 0.0119  memory: 5843  grad_norm: 810.4420  loss: 29.7981  decode.loss_cls: 0.1240  decode.loss_mask: 1.8338  decode.loss_dice: 0.9148  decode.d0.loss_cls: 0.2456  decode.d0.loss_mask: 1.8319  decode.d0.loss_dice: 0.9280  decode.d1.loss_cls: 0.1661  decode.d1.loss_mask: 1.9057  decode.d1.loss_dice: 0.9384  decode.d2.loss_cls: 0.1692  decode.d2.loss_mask: 1.8869  decode.d2.loss_dice: 0.9475  decode.d3.loss_cls: 0.1727  decode.d3.loss_mask: 1.9019  decode.d3.loss_dice: 0.9642  decode.d4.loss_cls: 0.1826  decode.d4.loss_mask: 1.8315  decode.d4.loss_dice: 0.9519  decode.d5.loss_cls: 0.2024  decode.d5.loss_mask: 1.7984  decode.d5.loss_dice: 0.9485  decode.d6.loss_cls: 0.1761  decode.d6.loss_mask: 1.8542  decode.d6.loss_dice: 0.9747  decode.d7.loss_cls: 0.1499  decode.d7.loss_mask: 1.8949  decode.d7.loss_dice: 0.9917  decode.d8.loss_cls: 0.1529  decode.d8.loss_mask: 1.8404  decode.d8.loss_dice: 0.9173
2026/09/24 18:27:39 - mmengine - INFO - Exp name: mask2former_20260924_141104
2026/09/24 18:27:39 - mmengine - INFO - Iter(train) [18000/20000]  base_lr: 0.0000e+00 lr: 3.4148e-06  eta: 0:22:22  time: 0.6651  data_time: 0.0125  memory: 5843  grad_norm: 394.5460  loss: 16.8089  decode.loss_cls: 0.0803  decode.loss_mask: 0.9413  decode.loss_dice: 0.6399  decode.d0.loss_cls: 0.1191  decode.d0.loss_mask: 1.0792  decode.d0.loss_dice: 0.7097  decode.d1.loss_cls: 0.0798  decode.d1.loss_mask: 0.9594  decode.d1.loss_dice: 0.6429  decode.d2.loss_cls: 0.0873  decode.d2.loss_mask: 0.9405  decode.d2.loss_dice: 0.6514  decode.d3.loss_cls: 0.0909  decode.d3.loss_mask: 0.9322  decode.d3.loss_dice: 0.6360  decode.d4.loss_cls: 0.0890  decode.d4.loss_mask: 0.9197  decode.d4.loss_dice: 0.6288  decode.d5.loss_cls: 0.0878  decode.d5.loss_mask: 0.9088  decode.d5.loss_dice: 0.6293  decode.d6.loss_cls: 0.0804  decode.d6.loss_mask: 0.9391  decode.d6.loss_dice: 0.6321  decode.d7.loss_cls: 0.0844  decode.d7.loss_mask: 0.9325  decode.d7.loss_dice: 0.6346  decode.d8.loss_cls: 0.0788  decode.d8.loss_mask: 0.9394  decode.d8.loss_dice: 0.6344
2026/09/24 18:27:39 - mmengine - INFO - Saving checkpoint at 18000 iterations
2026/09/24 18:29:56 - mmengine - INFO - Iter(val) [ 50/304]    eta: 0:11:24  time: 2.6818  data_time: 0.0082  memory: 4047  
2026/09/24 18:32:41 - mmengine - INFO - Iter(val) [100/304]    eta: 0:10:10  time: 3.1983  data_time: 0.0093  memory: 4047  
2026/09/24 18:35:21 - mmengine - INFO - Iter(val) [150/304]    eta: 0:07:51  time: 3.2042  data_time: 0.0092  memory: 4047  
2026/09/24 18:38:00 - mmengine - INFO - Iter(val) [200/304]    eta: 0:05:21  time: 3.2231  data_time: 0.0090  memory: 4047  
2026/09/24 18:40:38 - mmengine - INFO - Iter(val) [250/304]    eta: 0:02:47  time: 3.1957  data_time: 0.0081  memory: 4047  
2026/09/24 18:43:17 - mmengine - INFO - Iter(val) [300/304]    eta: 0:00:12  time: 3.1829  data_time: 0.0085  memory: 4047  
2026/09/24 18:43:29 - mmengine - INFO - per class results:
2026/09/24 18:43:29 - mmengine - INFO - 
+------------------+-------+-------+-------+--------+-----------+--------+
|      Class       |  IoU  |  Acc  |  Dice | Fscore | Precision | Recall |
+------------------+-------+-------+-------+--------+-----------+--------+
|    background    | 93.45 | 94.25 | 96.61 | 96.61  |    99.1   | 94.25  |
| wastewater_plant | 54.61 | 90.26 | 70.64 | 70.64  |   58.03   | 90.26  |
+------------------+-------+-------+-------+--------+-----------+--------+
2026/09/24 18:43:29 - mmengine - INFO - Iter(val) [304/304]    aAcc: 93.9300  mIoU: 74.0300  mAcc: 92.2500  mDice: 83.6300  mFscore: 83.6300  mPrecision: 78.5600  mRecall: 92.2500  binary/Foreground_IoU: 54.6089  binary/Dice: 70.6413  binary/F1: 70.6413  binary/Precision: 58.0292  binary/Recall: 90.2582  binary/Boundary_F1: 10.8080  binary/BFScore: 10.8080  binary/Boundary_Precision: 7.4217  binary/Boundary_Recall: 19.8778  binary/Hausdorff_px: 1008.7861  binary/HD95_px: 853.4017  binary/Hausdorff_m: 504.3930  binary/HD95_m: 426.7009  data_time: 0.0095  time: 3.1181
2026/09/24 18:44:03 - mmengine - INFO - Iter(train) [18050/20000]  base_lr: 0.0000e+00 lr: 3.3840e-06  eta: 0:21:49  time: 0.6717  data_time: 0.0117  memory: 5843  grad_norm: 576.4654  loss: 20.4470  decode.loss_cls: 0.0943  decode.loss_mask: 1.2657  decode.loss_dice: 0.7440  decode.d0.loss_cls: 0.1957  decode.d0.loss_mask: 1.2210  decode.d0.loss_dice: 0.8041  decode.d1.loss_cls: 0.1118  decode.d1.loss_mask: 1.1741  decode.d1.loss_dice: 0.7054  decode.d2.loss_cls: 0.1235  decode.d2.loss_mask: 1.1834  decode.d2.loss_dice: 0.7114  decode.d3.loss_cls: 0.0999  decode.d3.loss_mask: 1.1848  decode.d3.loss_dice: 0.6852  decode.d4.loss_cls: 0.1253  decode.d4.loss_mask: 1.1844  decode.d4.loss_dice: 0.7083  decode.d5.loss_cls: 0.0918  decode.d5.loss_mask: 1.2245  decode.d5.loss_dice: 0.7426  decode.d6.loss_cls: 0.0834  decode.d6.loss_mask: 1.2022  decode.d6.loss_dice: 0.7190  decode.d7.loss_cls: 0.0872  decode.d7.loss_mask: 1.2256  decode.d7.loss_dice: 0.7159  decode.d8.loss_cls: 0.0923  decode.d8.loss_mask: 1.2128  decode.d8.loss_dice: 0.7274
2026/09/24 18:44:36 - mmengine - INFO - Iter(train) [18100/20000]  base_lr: 0.0000e+00 lr: 3.3532e-06  eta: 0:21:15  time: 0.6661  data_time: 0.0121  memory: 5843  grad_norm: 712.2786  loss: 25.2808  decode.loss_cls: 0.1523  decode.loss_mask: 1.4541  decode.loss_dice: 0.9447  decode.d0.loss_cls: 0.1741  decode.d0.loss_mask: 1.4059  decode.d0.loss_dice: 0.9532  decode.d1.loss_cls: 0.1880  decode.d1.loss_mask: 1.4419  decode.d1.loss_dice: 0.9345  decode.d2.loss_cls: 0.1903  decode.d2.loss_mask: 1.4533  decode.d2.loss_dice: 0.9601  decode.d3.loss_cls: 0.1528  decode.d3.loss_mask: 1.4204  decode.d3.loss_dice: 0.9350  decode.d4.loss_cls: 0.1250  decode.d4.loss_mask: 1.4190  decode.d4.loss_dice: 0.9326  decode.d5.loss_cls: 0.1567  decode.d5.loss_mask: 1.4486  decode.d5.loss_dice: 0.9432  decode.d6.loss_cls: 0.1554  decode.d6.loss_mask: 1.4264  decode.d6.loss_dice: 0.9429  decode.d7.loss_cls: 0.1426  decode.d7.loss_mask: 1.4153  decode.d7.loss_dice: 0.9220  decode.d8.loss_cls: 0.1449  decode.d8.loss_mask: 1.4214  decode.d8.loss_dice: 0.9242
2026/09/24 18:45:10 - mmengine - INFO - Iter(train) [18150/20000]  base_lr: 0.0000e+00 lr: 3.3224e-06  eta: 0:20:41  time: 0.6618  data_time: 0.0117  memory: 5844  grad_norm: 682.9291  loss: 23.1050  decode.loss_cls: 0.0977  decode.loss_mask: 1.3885  decode.loss_dice: 0.8561  decode.d0.loss_cls: 0.2048  decode.d0.loss_mask: 1.2737  decode.d0.loss_dice: 0.8797  decode.d1.loss_cls: 0.1602  decode.d1.loss_mask: 1.3030  decode.d1.loss_dice: 0.8725  decode.d2.loss_cls: 0.1670  decode.d2.loss_mask: 1.2515  decode.d2.loss_dice: 0.8845  decode.d3.loss_cls: 0.1274  decode.d3.loss_mask: 1.2757  decode.d3.loss_dice: 0.8716  decode.d4.loss_cls: 0.1978  decode.d4.loss_mask: 1.2637  decode.d4.loss_dice: 0.8419  decode.d5.loss_cls: 0.2021  decode.d5.loss_mask: 1.2334  decode.d5.loss_dice: 0.8678  decode.d6.loss_cls: 0.1851  decode.d6.loss_mask: 1.2643  decode.d6.loss_dice: 0.8503  decode.d7.loss_cls: 0.1410  decode.d7.loss_mask: 1.3386  decode.d7.loss_dice: 0.8393  decode.d8.loss_cls: 0.1413  decode.d8.loss_mask: 1.2902  decode.d8.loss_dice: 0.8345
2026/09/24 18:45:43 - mmengine - INFO - Iter(train) [18200/20000]  base_lr: 0.0000e+00 lr: 3.2916e-06  eta: 0:20:08  time: 0.6678  data_time: 0.0116  memory: 5843  grad_norm: 505.5526  loss: 22.0101  decode.loss_cls: 0.0963  decode.loss_mask: 1.3783  decode.loss_dice: 0.7439  decode.d0.loss_cls: 0.1904  decode.d0.loss_mask: 1.3323  decode.d0.loss_dice: 0.7383  decode.d1.loss_cls: 0.1205  decode.d1.loss_mask: 1.3518  decode.d1.loss_dice: 0.7151  decode.d2.loss_cls: 0.1202  decode.d2.loss_mask: 1.3335  decode.d2.loss_dice: 0.7152  decode.d3.loss_cls: 0.1111  decode.d3.loss_mask: 1.3370  decode.d3.loss_dice: 0.7057  decode.d4.loss_cls: 0.1116  decode.d4.loss_mask: 1.3523  decode.d4.loss_dice: 0.7141  decode.d5.loss_cls: 0.1379  decode.d5.loss_mask: 1.4054  decode.d5.loss_dice: 0.7271  decode.d6.loss_cls: 0.1118  decode.d6.loss_mask: 1.3383  decode.d6.loss_dice: 0.7121  decode.d7.loss_cls: 0.0971  decode.d7.loss_mask: 1.3424  decode.d7.loss_dice: 0.7328  decode.d8.loss_cls: 0.0951  decode.d8.loss_mask: 1.3844  decode.d8.loss_dice: 0.7582
2026/09/24 18:46:17 - mmengine - INFO - Iter(train) [18250/20000]  base_lr: 0.0000e+00 lr: 3.2607e-06  eta: 0:19:34  time: 0.6659  data_time: 0.0113  memory: 5843  grad_norm: 583.5765  loss: 24.2137  decode.loss_cls: 0.0696  decode.loss_mask: 1.4569  decode.loss_dice: 0.8949  decode.d0.loss_cls: 0.0728  decode.d0.loss_mask: 1.5133  decode.d0.loss_dice: 1.0069  decode.d1.loss_cls: 0.0619  decode.d1.loss_mask: 1.4306  decode.d1.loss_dice: 0.8762  decode.d2.loss_cls: 0.0656  decode.d2.loss_mask: 1.4384  decode.d2.loss_dice: 0.8767  decode.d3.loss_cls: 0.0673  decode.d3.loss_mask: 1.4418  decode.d3.loss_dice: 0.8746  decode.d4.loss_cls: 0.0643  decode.d4.loss_mask: 1.4508  decode.d4.loss_dice: 0.8824  decode.d5.loss_cls: 0.0596  decode.d5.loss_mask: 1.4619  decode.d5.loss_dice: 0.8925  decode.d6.loss_cls: 0.0607  decode.d6.loss_mask: 1.4577  decode.d6.loss_dice: 0.9132  decode.d7.loss_cls: 0.0646  decode.d7.loss_mask: 1.4626  decode.d7.loss_dice: 0.9047  decode.d8.loss_cls: 0.0579  decode.d8.loss_mask: 1.4442  decode.d8.loss_dice: 0.8894
2026/09/24 18:46:50 - mmengine - INFO - Iter(train) [18300/20000]  base_lr: 0.0000e+00 lr: 3.2298e-06  eta: 0:19:01  time: 0.6715  data_time: 0.0115  memory: 5843  grad_norm: 488.8854  loss: 25.7895  decode.loss_cls: 0.0866  decode.loss_mask: 1.4523  decode.loss_dice: 0.9744  decode.d0.loss_cls: 0.1108  decode.d0.loss_mask: 1.5611  decode.d0.loss_dice: 1.0387  decode.d1.loss_cls: 0.0907  decode.d1.loss_mask: 1.5007  decode.d1.loss_dice: 0.9720  decode.d2.loss_cls: 0.0822  decode.d2.loss_mask: 1.4885  decode.d2.loss_dice: 0.9624  decode.d3.loss_cls: 0.0978  decode.d3.loss_mask: 1.5183  decode.d3.loss_dice: 0.9720  decode.d4.loss_cls: 0.0917  decode.d4.loss_mask: 1.4990  decode.d4.loss_dice: 0.9548  decode.d5.loss_cls: 0.0783  decode.d5.loss_mask: 1.5714  decode.d5.loss_dice: 0.9684  decode.d6.loss_cls: 0.0679  decode.d6.loss_mask: 1.5503  decode.d6.loss_dice: 0.9844  decode.d7.loss_cls: 0.0652  decode.d7.loss_mask: 1.5354  decode.d7.loss_dice: 1.0113  decode.d8.loss_cls: 0.0809  decode.d8.loss_mask: 1.4551  decode.d8.loss_dice: 0.9667
2026/09/24 18:47:23 - mmengine - INFO - Iter(train) [18350/20000]  base_lr: 0.0000e+00 lr: 3.1989e-06  eta: 0:18:27  time: 0.6687  data_time: 0.0124  memory: 5843  grad_norm: 551.8187  loss: 21.5917  decode.loss_cls: 0.1067  decode.loss_mask: 1.2158  decode.loss_dice: 0.8026  decode.d0.loss_cls: 0.1552  decode.d0.loss_mask: 1.2457  decode.d0.loss_dice: 0.7955  decode.d1.loss_cls: 0.1114  decode.d1.loss_mask: 1.2617  decode.d1.loss_dice: 0.7607  decode.d2.loss_cls: 0.0827  decode.d2.loss_mask: 1.2863  decode.d2.loss_dice: 0.7542  decode.d3.loss_cls: 0.0670  decode.d3.loss_mask: 1.2794  decode.d3.loss_dice: 0.7639  decode.d4.loss_cls: 0.0983  decode.d4.loss_mask: 1.3213  decode.d4.loss_dice: 0.7956  decode.d5.loss_cls: 0.1336  decode.d5.loss_mask: 1.2401  decode.d5.loss_dice: 0.7832  decode.d6.loss_cls: 0.0785  decode.d6.loss_mask: 1.2839  decode.d6.loss_dice: 0.7849  decode.d7.loss_cls: 0.0962  decode.d7.loss_mask: 1.3210  decode.d7.loss_dice: 0.8122  decode.d8.loss_cls: 0.0650  decode.d8.loss_mask: 1.2736  decode.d8.loss_dice: 0.8155
2026/09/24 18:47:57 - mmengine - INFO - Iter(train) [18400/20000]  base_lr: 0.0000e+00 lr: 3.1679e-06  eta: 0:17:54  time: 0.6730  data_time: 0.0122  memory: 5843  grad_norm: 568.8327  loss: 22.2528  decode.loss_cls: 0.0610  decode.loss_mask: 1.2917  decode.loss_dice: 0.8320  decode.d0.loss_cls: 0.1573  decode.d0.loss_mask: 1.3289  decode.d0.loss_dice: 0.8519  decode.d1.loss_cls: 0.0979  decode.d1.loss_mask: 1.3020  decode.d1.loss_dice: 0.8212  decode.d2.loss_cls: 0.0877  decode.d2.loss_mask: 1.2984  decode.d2.loss_dice: 0.8309  decode.d3.loss_cls: 0.0892  decode.d3.loss_mask: 1.3237  decode.d3.loss_dice: 0.8233  decode.d4.loss_cls: 0.0962  decode.d4.loss_mask: 1.2867  decode.d4.loss_dice: 0.8327  decode.d5.loss_cls: 0.1113  decode.d5.loss_mask: 1.3088  decode.d5.loss_dice: 0.8173  decode.d6.loss_cls: 0.0905  decode.d6.loss_mask: 1.2849  decode.d6.loss_dice: 0.8152  decode.d7.loss_cls: 0.0912  decode.d7.loss_mask: 1.2831  decode.d7.loss_dice: 0.8255  decode.d8.loss_cls: 0.0771  decode.d8.loss_mask: 1.2998  decode.d8.loss_dice: 0.8353
2026/09/24 18:48:30 - mmengine - INFO - Iter(train) [18450/20000]  base_lr: 0.0000e+00 lr: 3.1369e-06  eta: 0:17:20  time: 0.6662  data_time: 0.0119  memory: 5844  grad_norm: 394.3605  loss: 17.6804  decode.loss_cls: 0.1151  decode.loss_mask: 0.9377  decode.loss_dice: 0.6686  decode.d0.loss_cls: 0.1415  decode.d0.loss_mask: 1.0215  decode.d0.loss_dice: 0.7313  decode.d1.loss_cls: 0.1089  decode.d1.loss_mask: 0.9543  decode.d1.loss_dice: 0.6970  decode.d2.loss_cls: 0.1293  decode.d2.loss_mask: 0.9334  decode.d2.loss_dice: 0.6735  decode.d3.loss_cls: 0.1120  decode.d3.loss_mask: 0.9446  decode.d3.loss_dice: 0.6784  decode.d4.loss_cls: 0.1172  decode.d4.loss_mask: 0.9500  decode.d4.loss_dice: 0.6832  decode.d5.loss_cls: 0.1072  decode.d5.loss_mask: 0.9538  decode.d5.loss_dice: 0.6824  decode.d6.loss_cls: 0.0981  decode.d6.loss_mask: 0.9810  decode.d6.loss_dice: 0.7115  decode.d7.loss_cls: 0.0909  decode.d7.loss_mask: 1.0040  decode.d7.loss_dice: 0.7162  decode.d8.loss_cls: 0.0977  decode.d8.loss_mask: 0.9510  decode.d8.loss_dice: 0.6893
2026/09/24 18:49:04 - mmengine - INFO - Iter(train) [18500/20000]  base_lr: 0.0000e+00 lr: 3.1058e-06  eta: 0:16:46  time: 0.6706  data_time: 0.0118  memory: 5843  grad_norm: 566.0455  loss: 20.8857  decode.loss_cls: 0.1638  decode.loss_mask: 1.0990  decode.loss_dice: 0.7777  decode.d0.loss_cls: 0.2244  decode.d0.loss_mask: 1.1247  decode.d0.loss_dice: 0.8126  decode.d1.loss_cls: 0.2837  decode.d1.loss_mask: 1.0148  decode.d1.loss_dice: 0.7412  decode.d2.loss_cls: 0.2588  decode.d2.loss_mask: 1.0630  decode.d2.loss_dice: 0.7734  decode.d3.loss_cls: 0.2594  decode.d3.loss_mask: 1.0123  decode.d3.loss_dice: 0.7458  decode.d4.loss_cls: 0.2426  decode.d4.loss_mask: 1.1107  decode.d4.loss_dice: 0.7950  decode.d5.loss_cls: 0.2551  decode.d5.loss_mask: 1.0717  decode.d5.loss_dice: 0.7644  decode.d6.loss_cls: 0.2516  decode.d6.loss_mask: 1.0984  decode.d6.loss_dice: 0.7795  decode.d7.loss_cls: 0.2056  decode.d7.loss_mask: 1.0493  decode.d7.loss_dice: 0.7655  decode.d8.loss_cls: 0.1939  decode.d8.loss_mask: 1.1632  decode.d8.loss_dice: 0.7847
2026/09/24 18:49:37 - mmengine - INFO - Iter(train) [18550/20000]  base_lr: 0.0000e+00 lr: 3.0748e-06  eta: 0:16:13  time: 0.6648  data_time: 0.0114  memory: 5843  grad_norm: 802.4484  loss: 23.1193  decode.loss_cls: 0.1462  decode.loss_mask: 1.2551  decode.loss_dice: 0.8945  decode.d0.loss_cls: 0.1518  decode.d0.loss_mask: 1.3935  decode.d0.loss_dice: 1.0078  decode.d1.loss_cls: 0.1864  decode.d1.loss_mask: 1.2025  decode.d1.loss_dice: 0.8714  decode.d2.loss_cls: 0.1859  decode.d2.loss_mask: 1.1863  decode.d2.loss_dice: 0.8379  decode.d3.loss_cls: 0.1337  decode.d3.loss_mask: 1.3015  decode.d3.loss_dice: 0.8438  decode.d4.loss_cls: 0.1414  decode.d4.loss_mask: 1.3155  decode.d4.loss_dice: 0.8719  decode.d5.loss_cls: 0.1539  decode.d5.loss_mask: 1.3242  decode.d5.loss_dice: 0.8797  decode.d6.loss_cls: 0.1328  decode.d6.loss_mask: 1.2894  decode.d6.loss_dice: 0.8440  decode.d7.loss_cls: 0.1497  decode.d7.loss_mask: 1.2843  decode.d7.loss_dice: 0.8659  decode.d8.loss_cls: 0.1281  decode.d8.loss_mask: 1.2727  decode.d8.loss_dice: 0.8674
2026/09/24 18:50:11 - mmengine - INFO - Iter(train) [18600/20000]  base_lr: 0.0000e+00 lr: 3.0437e-06  eta: 0:15:39  time: 0.6674  data_time: 0.0115  memory: 5843  grad_norm: 602.3703  loss: 22.7341  decode.loss_cls: 0.1475  decode.loss_mask: 1.2537  decode.loss_dice: 0.8605  decode.d0.loss_cls: 0.2413  decode.d0.loss_mask: 1.2161  decode.d0.loss_dice: 0.9030  decode.d1.loss_cls: 0.2019  decode.d1.loss_mask: 1.2420  decode.d1.loss_dice: 0.8328  decode.d2.loss_cls: 0.1966  decode.d2.loss_mask: 1.2129  decode.d2.loss_dice: 0.8334  decode.d3.loss_cls: 0.1703  decode.d3.loss_mask: 1.3045  decode.d3.loss_dice: 0.8234  decode.d4.loss_cls: 0.1843  decode.d4.loss_mask: 1.2607  decode.d4.loss_dice: 0.8530  decode.d5.loss_cls: 0.1833  decode.d5.loss_mask: 1.2790  decode.d5.loss_dice: 0.8479  decode.d6.loss_cls: 0.1796  decode.d6.loss_mask: 1.2015  decode.d6.loss_dice: 0.8470  decode.d7.loss_cls: 0.1771  decode.d7.loss_mask: 1.2045  decode.d7.loss_dice: 0.8312  decode.d8.loss_cls: 0.1417  decode.d8.loss_mask: 1.2569  decode.d8.loss_dice: 0.8465
2026/09/24 18:50:45 - mmengine - INFO - Iter(train) [18650/20000]  base_lr: 0.0000e+00 lr: 3.0125e-06  eta: 0:15:06  time: 0.6850  data_time: 0.0117  memory: 5843  grad_norm: 594.2191  loss: 22.2416  decode.loss_cls: 0.1448  decode.loss_mask: 1.2113  decode.loss_dice: 0.8168  decode.d0.loss_cls: 0.2242  decode.d0.loss_mask: 1.2245  decode.d0.loss_dice: 0.8431  decode.d1.loss_cls: 0.1712  decode.d1.loss_mask: 1.2011  decode.d1.loss_dice: 0.8005  decode.d2.loss_cls: 0.2022  decode.d2.loss_mask: 1.2086  decode.d2.loss_dice: 0.8052  decode.d3.loss_cls: 0.1880  decode.d3.loss_mask: 1.2206  decode.d3.loss_dice: 0.8161  decode.d4.loss_cls: 0.1723  decode.d4.loss_mask: 1.2350  decode.d4.loss_dice: 0.8416  decode.d5.loss_cls: 0.1907  decode.d5.loss_mask: 1.2690  decode.d5.loss_dice: 0.8336  decode.d6.loss_cls: 0.1887  decode.d6.loss_mask: 1.2043  decode.d6.loss_dice: 0.8012  decode.d7.loss_cls: 0.1734  decode.d7.loss_mask: 1.2100  decode.d7.loss_dice: 0.8453  decode.d8.loss_cls: 0.1627  decode.d8.loss_mask: 1.2143  decode.d8.loss_dice: 0.8214
2026/09/24 18:51:19 - mmengine - INFO - Iter(train) [18700/20000]  base_lr: 0.0000e+00 lr: 2.9813e-06  eta: 0:14:32  time: 0.6838  data_time: 0.0124  memory: 5843  grad_norm: 784.5701  loss: 23.7738  decode.loss_cls: 0.1914  decode.loss_mask: 1.3075  decode.loss_dice: 0.8349  decode.d0.loss_cls: 0.2703  decode.d0.loss_mask: 1.2840  decode.d0.loss_dice: 0.8305  decode.d1.loss_cls: 0.2188  decode.d1.loss_mask: 1.3094  decode.d1.loss_dice: 0.8139  decode.d2.loss_cls: 0.2432  decode.d2.loss_mask: 1.3024  decode.d2.loss_dice: 0.7972  decode.d3.loss_cls: 0.1895  decode.d3.loss_mask: 1.3561  decode.d3.loss_dice: 0.8602  decode.d4.loss_cls: 0.2241  decode.d4.loss_mask: 1.3516  decode.d4.loss_dice: 0.8478  decode.d5.loss_cls: 0.2180  decode.d5.loss_mask: 1.3544  decode.d5.loss_dice: 0.8336  decode.d6.loss_cls: 0.1913  decode.d6.loss_mask: 1.3910  decode.d6.loss_dice: 0.8223  decode.d7.loss_cls: 0.1907  decode.d7.loss_mask: 1.3519  decode.d7.loss_dice: 0.8153  decode.d8.loss_cls: 0.2019  decode.d8.loss_mask: 1.3123  decode.d8.loss_dice: 0.8579
2026/09/24 18:51:52 - mmengine - INFO - Iter(train) [18750/20000]  base_lr: 0.0000e+00 lr: 2.9501e-06  eta: 0:13:59  time: 0.6650  data_time: 0.0119  memory: 5843  grad_norm: 451.4812  loss: 20.8715  decode.loss_cls: 0.0806  decode.loss_mask: 1.1873  decode.loss_dice: 0.7802  decode.d0.loss_cls: 0.1490  decode.d0.loss_mask: 1.2463  decode.d0.loss_dice: 0.7936  decode.d1.loss_cls: 0.1085  decode.d1.loss_mask: 1.2168  decode.d1.loss_dice: 0.7359  decode.d2.loss_cls: 0.1147  decode.d2.loss_mask: 1.2305  decode.d2.loss_dice: 0.7462  decode.d3.loss_cls: 0.0992  decode.d3.loss_mask: 1.2450  decode.d3.loss_dice: 0.7893  decode.d4.loss_cls: 0.1114  decode.d4.loss_mask: 1.2217  decode.d4.loss_dice: 0.7487  decode.d5.loss_cls: 0.1201  decode.d5.loss_mask: 1.2115  decode.d5.loss_dice: 0.7443  decode.d6.loss_cls: 0.1169  decode.d6.loss_mask: 1.1941  decode.d6.loss_dice: 0.7541  decode.d7.loss_cls: 0.1044  decode.d7.loss_mask: 1.2017  decode.d7.loss_dice: 0.7463  decode.d8.loss_cls: 0.0863  decode.d8.loss_mask: 1.2006  decode.d8.loss_dice: 0.7864
2026/09/24 18:52:26 - mmengine - INFO - Iter(train) [18800/20000]  base_lr: 0.0000e+00 lr: 2.9189e-06  eta: 0:13:25  time: 0.6643  data_time: 0.0124  memory: 5844  grad_norm: 686.6604  loss: 27.5604  decode.loss_cls: 0.1474  decode.loss_mask: 1.6207  decode.loss_dice: 0.9753  decode.d0.loss_cls: 0.2466  decode.d0.loss_mask: 1.6980  decode.d0.loss_dice: 0.9515  decode.d1.loss_cls: 0.2051  decode.d1.loss_mask: 1.6198  decode.d1.loss_dice: 0.9093  decode.d2.loss_cls: 0.2382  decode.d2.loss_mask: 1.6096  decode.d2.loss_dice: 0.9439  decode.d3.loss_cls: 0.2182  decode.d3.loss_mask: 1.5803  decode.d3.loss_dice: 0.9017  decode.d4.loss_cls: 0.2092  decode.d4.loss_mask: 1.6140  decode.d4.loss_dice: 0.9350  decode.d5.loss_cls: 0.1955  decode.d5.loss_mask: 1.6435  decode.d5.loss_dice: 0.9172  decode.d6.loss_cls: 0.1788  decode.d6.loss_mask: 1.6147  decode.d6.loss_dice: 0.9191  decode.d7.loss_cls: 0.2045  decode.d7.loss_mask: 1.6179  decode.d7.loss_dice: 0.9197  decode.d8.loss_cls: 0.1871  decode.d8.loss_mask: 1.5948  decode.d8.loss_dice: 0.9439
2026/09/24 18:52:59 - mmengine - INFO - Iter(train) [18850/20000]  base_lr: 0.0000e+00 lr: 2.8876e-06  eta: 0:12:51  time: 0.6593  data_time: 0.0114  memory: 5844  grad_norm: 532.4977  loss: 16.2280  decode.loss_cls: 0.1096  decode.loss_mask: 0.9613  decode.loss_dice: 0.5295  decode.d0.loss_cls: 0.1323  decode.d0.loss_mask: 0.9348  decode.d0.loss_dice: 0.5726  decode.d1.loss_cls: 0.1177  decode.d1.loss_mask: 0.9456  decode.d1.loss_dice: 0.5411  decode.d2.loss_cls: 0.1391  decode.d2.loss_mask: 0.9353  decode.d2.loss_dice: 0.5691  decode.d3.loss_cls: 0.1083  decode.d3.loss_mask: 0.9661  decode.d3.loss_dice: 0.5547  decode.d4.loss_cls: 0.1038  decode.d4.loss_mask: 0.9534  decode.d4.loss_dice: 0.5541  decode.d5.loss_cls: 0.1294  decode.d5.loss_mask: 0.9401  decode.d5.loss_dice: 0.5564  decode.d6.loss_cls: 0.1004  decode.d6.loss_mask: 0.9775  decode.d6.loss_dice: 0.5434  decode.d7.loss_cls: 0.1342  decode.d7.loss_mask: 0.9828  decode.d7.loss_dice: 0.5510  decode.d8.loss_cls: 0.1230  decode.d8.loss_mask: 0.9092  decode.d8.loss_dice: 0.5520
2026/09/24 18:53:32 - mmengine - INFO - Iter(train) [18900/20000]  base_lr: 0.0000e+00 lr: 2.8562e-06  eta: 0:12:18  time: 0.6662  data_time: 0.0129  memory: 5843  grad_norm: 327.8284  loss: 19.3134  decode.loss_cls: 0.0862  decode.loss_mask: 1.1672  decode.loss_dice: 0.6626  decode.d0.loss_cls: 0.1456  decode.d0.loss_mask: 1.1825  decode.d0.loss_dice: 0.6878  decode.d1.loss_cls: 0.1405  decode.d1.loss_mask: 1.1577  decode.d1.loss_dice: 0.6575  decode.d2.loss_cls: 0.1376  decode.d2.loss_mask: 1.1679  decode.d2.loss_dice: 0.6735  decode.d3.loss_cls: 0.1341  decode.d3.loss_mask: 1.1203  decode.d3.loss_dice: 0.6386  decode.d4.loss_cls: 0.1343  decode.d4.loss_mask: 1.1144  decode.d4.loss_dice: 0.6482  decode.d5.loss_cls: 0.1112  decode.d5.loss_mask: 1.1438  decode.d5.loss_dice: 0.6781  decode.d6.loss_cls: 0.1047  decode.d6.loss_mask: 1.1383  decode.d6.loss_dice: 0.6597  decode.d7.loss_cls: 0.1189  decode.d7.loss_mask: 1.1477  decode.d7.loss_dice: 0.6534  decode.d8.loss_cls: 0.1088  decode.d8.loss_mask: 1.1309  decode.d8.loss_dice: 0.6613
2026/09/24 18:54:06 - mmengine - INFO - Iter(train) [18950/20000]  base_lr: 0.0000e+00 lr: 2.8249e-06  eta: 0:11:44  time: 0.6615  data_time: 0.0116  memory: 5844  grad_norm: 340.6970  loss: 22.6687  decode.loss_cls: 0.0703  decode.loss_mask: 1.3540  decode.loss_dice: 0.8548  decode.d0.loss_cls: 0.1463  decode.d0.loss_mask: 1.3085  decode.d0.loss_dice: 0.8440  decode.d1.loss_cls: 0.0822  decode.d1.loss_mask: 1.3534  decode.d1.loss_dice: 0.8798  decode.d2.loss_cls: 0.0798  decode.d2.loss_mask: 1.3492  decode.d2.loss_dice: 0.8492  decode.d3.loss_cls: 0.0671  decode.d3.loss_mask: 1.3239  decode.d3.loss_dice: 0.8336  decode.d4.loss_cls: 0.0720  decode.d4.loss_mask: 1.3227  decode.d4.loss_dice: 0.8565  decode.d5.loss_cls: 0.0634  decode.d5.loss_mask: 1.3319  decode.d5.loss_dice: 0.8721  decode.d6.loss_cls: 0.0750  decode.d6.loss_mask: 1.3457  decode.d6.loss_dice: 0.8229  decode.d7.loss_cls: 0.0948  decode.d7.loss_mask: 1.3285  decode.d7.loss_dice: 0.8196  decode.d8.loss_cls: 0.0663  decode.d8.loss_mask: 1.3535  decode.d8.loss_dice: 0.8477
2026/09/24 18:54:39 - mmengine - INFO - Exp name: mask2former_20260924_141104
2026/09/24 18:54:39 - mmengine - INFO - Iter(train) [19000/20000]  base_lr: 0.0000e+00 lr: 2.7935e-06  eta: 0:11:11  time: 0.6637  data_time: 0.0113  memory: 5844  grad_norm: 1067.9836  loss: 27.6017  decode.loss_cls: 0.1699  decode.loss_mask: 1.7735  decode.loss_dice: 0.9068  decode.d0.loss_cls: 0.2509  decode.d0.loss_mask: 1.6124  decode.d0.loss_dice: 0.9203  decode.d1.loss_cls: 0.2454  decode.d1.loss_mask: 1.6173  decode.d1.loss_dice: 0.9462  decode.d2.loss_cls: 0.2496  decode.d2.loss_mask: 1.6274  decode.d2.loss_dice: 0.9355  decode.d3.loss_cls: 0.2481  decode.d3.loss_mask: 1.5256  decode.d3.loss_dice: 0.8870  decode.d4.loss_cls: 0.2085  decode.d4.loss_mask: 1.5217  decode.d4.loss_dice: 0.8715  decode.d5.loss_cls: 0.1920  decode.d5.loss_mask: 1.7683  decode.d5.loss_dice: 0.9149  decode.d6.loss_cls: 0.2198  decode.d6.loss_mask: 1.6540  decode.d6.loss_dice: 0.9170  decode.d7.loss_cls: 0.2172  decode.d7.loss_mask: 1.5898  decode.d7.loss_dice: 0.8906  decode.d8.loss_cls: 0.2060  decode.d8.loss_mask: 1.6301  decode.d8.loss_dice: 0.8845
2026/09/24 18:54:39 - mmengine - INFO - Saving checkpoint at 19000 iterations
2026/09/24 18:56:56 - mmengine - INFO - Iter(val) [ 50/304]    eta: 0:11:22  time: 2.6667  data_time: 0.0092  memory: 4047  
2026/09/24 18:59:37 - mmengine - INFO - Iter(val) [100/304]    eta: 0:10:03  time: 3.1901  data_time: 0.0089  memory: 4047  
2026/09/24 19:02:15 - mmengine - INFO - Iter(val) [150/304]    eta: 0:07:45  time: 3.1445  data_time: 0.0083  memory: 4047  
2026/09/24 19:04:53 - mmengine - INFO - Iter(val) [200/304]    eta: 0:05:17  time: 3.1746  data_time: 0.0090  memory: 4047  
2026/09/24 19:07:30 - mmengine - INFO - Iter(val) [250/304]    eta: 0:02:45  time: 3.1676  data_time: 0.0092  memory: 4047  
2026/09/24 19:10:06 - mmengine - INFO - Iter(val) [300/304]    eta: 0:00:12  time: 3.1076  data_time: 0.0091  memory: 4047  
2026/09/24 19:10:19 - mmengine - INFO - per class results:
2026/09/24 19:10:19 - mmengine - INFO - 
+------------------+-------+-------+-------+--------+-----------+--------+
|      Class       |  IoU  |  Acc  |  Dice | Fscore | Precision | Recall |
+------------------+-------+-------+-------+--------+-----------+--------+
|    background    | 94.99 | 95.92 | 97.43 | 97.43  |   98.99   | 95.92  |
| wastewater_plant | 60.75 | 88.89 | 75.58 | 75.58  |   65.74   | 88.89  |
+------------------+-------+-------+-------+--------+-----------+--------+
2026/09/24 19:10:19 - mmengine - INFO - Iter(val) [304/304]    aAcc: 95.3500  mIoU: 77.8700  mAcc: 92.4100  mDice: 86.5100  mFscore: 86.5100  mPrecision: 82.3700  mRecall: 92.4100  binary/Foreground_IoU: 60.7515  binary/Dice: 75.5844  binary/F1: 75.5844  binary/Precision: 65.7414  binary/Recall: 88.8937  binary/Boundary_F1: 13.2574  binary/BFScore: 13.2574  binary/Boundary_Precision: 10.0588  binary/Boundary_Recall: 19.4388  binary/Hausdorff_px: 743.8046  binary/HD95_px: 634.1759  binary/Hausdorff_m: 371.9023  binary/HD95_m: 317.0880  data_time: 0.0097  time: 3.0830
2026/09/24 19:10:52 - mmengine - INFO - Iter(train) [19050/20000]  base_lr: 0.0000e+00 lr: 2.7620e-06  eta: 0:10:37  time: 0.6702  data_time: 0.0123  memory: 5843  grad_norm: 752.3927  loss: 20.8747  decode.loss_cls: 0.1178  decode.loss_mask: 1.1924  decode.loss_dice: 0.7633  decode.d0.loss_cls: 0.1794  decode.d0.loss_mask: 1.2145  decode.d0.loss_dice: 0.7800  decode.d1.loss_cls: 0.1193  decode.d1.loss_mask: 1.1749  decode.d1.loss_dice: 0.7551  decode.d2.loss_cls: 0.1480  decode.d2.loss_mask: 1.2073  decode.d2.loss_dice: 0.7665  decode.d3.loss_cls: 0.1269  decode.d3.loss_mask: 1.1889  decode.d3.loss_dice: 0.7756  decode.d4.loss_cls: 0.1354  decode.d4.loss_mask: 1.1698  decode.d4.loss_dice: 0.7496  decode.d5.loss_cls: 0.1300  decode.d5.loss_mask: 1.1809  decode.d5.loss_dice: 0.7635  decode.d6.loss_cls: 0.1282  decode.d6.loss_mask: 1.1920  decode.d6.loss_dice: 0.7707  decode.d7.loss_cls: 0.1151  decode.d7.loss_mask: 1.1917  decode.d7.loss_dice: 0.7537  decode.d8.loss_cls: 0.1166  decode.d8.loss_mask: 1.2026  decode.d8.loss_dice: 0.7651
2026/09/24 19:11:26 - mmengine - INFO - Iter(train) [19100/20000]  base_lr: 0.0000e+00 lr: 2.7305e-06  eta: 0:10:04  time: 0.6683  data_time: 0.0120  memory: 5843  grad_norm: 470.2017  loss: 22.9587  decode.loss_cls: 0.1074  decode.loss_mask: 1.3909  decode.loss_dice: 0.7481  decode.d0.loss_cls: 0.1721  decode.d0.loss_mask: 1.4388  decode.d0.loss_dice: 0.7890  decode.d1.loss_cls: 0.1257  decode.d1.loss_mask: 1.4538  decode.d1.loss_dice: 0.7838  decode.d2.loss_cls: 0.1578  decode.d2.loss_mask: 1.3486  decode.d2.loss_dice: 0.7411  decode.d3.loss_cls: 0.1317  decode.d3.loss_mask: 1.3683  decode.d3.loss_dice: 0.7445  decode.d4.loss_cls: 0.1433  decode.d4.loss_mask: 1.3728  decode.d4.loss_dice: 0.7649  decode.d5.loss_cls: 0.1450  decode.d5.loss_mask: 1.4052  decode.d5.loss_dice: 0.7716  decode.d6.loss_cls: 0.1339  decode.d6.loss_mask: 1.3823  decode.d6.loss_dice: 0.7635  decode.d7.loss_cls: 0.1160  decode.d7.loss_mask: 1.4158  decode.d7.loss_dice: 0.8005  decode.d8.loss_cls: 0.1185  decode.d8.loss_mask: 1.3877  decode.d8.loss_dice: 0.7362
2026/09/24 19:11:59 - mmengine - INFO - Iter(train) [19150/20000]  base_lr: 0.0000e+00 lr: 2.6990e-06  eta: 0:09:30  time: 0.6721  data_time: 0.0118  memory: 5844  grad_norm: 610.7235  loss: 20.8200  decode.loss_cls: 0.0858  decode.loss_mask: 1.3339  decode.loss_dice: 0.6712  decode.d0.loss_cls: 0.1967  decode.d0.loss_mask: 1.2840  decode.d0.loss_dice: 0.7268  decode.d1.loss_cls: 0.1744  decode.d1.loss_mask: 1.2749  decode.d1.loss_dice: 0.7071  decode.d2.loss_cls: 0.1704  decode.d2.loss_mask: 1.2694  decode.d2.loss_dice: 0.6994  decode.d3.loss_cls: 0.1754  decode.d3.loss_mask: 1.2425  decode.d3.loss_dice: 0.6433  decode.d4.loss_cls: 0.1914  decode.d4.loss_mask: 1.2194  decode.d4.loss_dice: 0.6801  decode.d5.loss_cls: 0.1371  decode.d5.loss_mask: 1.2231  decode.d5.loss_dice: 0.6517  decode.d6.loss_cls: 0.1639  decode.d6.loss_mask: 1.2020  decode.d6.loss_dice: 0.6455  decode.d7.loss_cls: 0.1611  decode.d7.loss_mask: 1.1905  decode.d7.loss_dice: 0.6409  decode.d8.loss_cls: 0.0963  decode.d8.loss_mask: 1.3035  decode.d8.loss_dice: 0.6582
2026/09/24 19:12:33 - mmengine - INFO - Iter(train) [19200/20000]  base_lr: 0.0000e+00 lr: 2.6674e-06  eta: 0:08:56  time: 0.6645  data_time: 0.0125  memory: 5843  grad_norm: 866.2718  loss: 21.2181  decode.loss_cls: 0.1299  decode.loss_mask: 1.2460  decode.loss_dice: 0.6959  decode.d0.loss_cls: 0.1629  decode.d0.loss_mask: 1.2892  decode.d0.loss_dice: 0.7878  decode.d1.loss_cls: 0.1423  decode.d1.loss_mask: 1.2764  decode.d1.loss_dice: 0.7183  decode.d2.loss_cls: 0.1450  decode.d2.loss_mask: 1.2729  decode.d2.loss_dice: 0.6983  decode.d3.loss_cls: 0.1308  decode.d3.loss_mask: 1.2559  decode.d3.loss_dice: 0.7009  decode.d4.loss_cls: 0.1217  decode.d4.loss_mask: 1.2621  decode.d4.loss_dice: 0.7072  decode.d5.loss_cls: 0.1444  decode.d5.loss_mask: 1.2622  decode.d5.loss_dice: 0.7358  decode.d6.loss_cls: 0.1426  decode.d6.loss_mask: 1.2566  decode.d6.loss_dice: 0.7656  decode.d7.loss_cls: 0.1393  decode.d7.loss_mask: 1.2525  decode.d7.loss_dice: 0.7087  decode.d8.loss_cls: 0.1165  decode.d8.loss_mask: 1.2573  decode.d8.loss_dice: 0.6929
2026/09/24 19:13:06 - mmengine - INFO - Iter(train) [19250/20000]  base_lr: 0.0000e+00 lr: 2.6358e-06  eta: 0:08:23  time: 0.6719  data_time: 0.0123  memory: 5843  grad_norm: 543.9018  loss: 20.2158  decode.loss_cls: 0.0866  decode.loss_mask: 1.0906  decode.loss_dice: 0.8076  decode.d0.loss_cls: 0.1187  decode.d0.loss_mask: 1.2575  decode.d0.loss_dice: 0.8869  decode.d1.loss_cls: 0.0904  decode.d1.loss_mask: 1.1037  decode.d1.loss_dice: 0.8080  decode.d2.loss_cls: 0.1085  decode.d2.loss_mask: 1.1051  decode.d2.loss_dice: 0.8035  decode.d3.loss_cls: 0.0919  decode.d3.loss_mask: 1.0962  decode.d3.loss_dice: 0.8063  decode.d4.loss_cls: 0.0829  decode.d4.loss_mask: 1.1176  decode.d4.loss_dice: 0.8253  decode.d5.loss_cls: 0.0944  decode.d5.loss_mask: 1.1154  decode.d5.loss_dice: 0.8357  decode.d6.loss_cls: 0.0947  decode.d6.loss_mask: 1.0440  decode.d6.loss_dice: 0.8021  decode.d7.loss_cls: 0.0764  decode.d7.loss_mask: 1.0927  decode.d7.loss_dice: 0.7985  decode.d8.loss_cls: 0.0806  decode.d8.loss_mask: 1.0969  decode.d8.loss_dice: 0.7968
2026/09/24 19:13:40 - mmengine - INFO - Iter(train) [19300/20000]  base_lr: 0.0000e+00 lr: 2.6042e-06  eta: 0:07:49  time: 0.6756  data_time: 0.0122  memory: 5843  grad_norm: 465.1101  loss: 20.8813  decode.loss_cls: 0.0989  decode.loss_mask: 1.2051  decode.loss_dice: 0.7603  decode.d0.loss_cls: 0.2190  decode.d0.loss_mask: 1.1592  decode.d0.loss_dice: 0.7589  decode.d1.loss_cls: 0.1512  decode.d1.loss_mask: 1.1653  decode.d1.loss_dice: 0.7820  decode.d2.loss_cls: 0.1633  decode.d2.loss_mask: 1.1711  decode.d2.loss_dice: 0.7521  decode.d3.loss_cls: 0.1243  decode.d3.loss_mask: 1.1907  decode.d3.loss_dice: 0.7607  decode.d4.loss_cls: 0.1426  decode.d4.loss_mask: 1.1964  decode.d4.loss_dice: 0.7676  decode.d5.loss_cls: 0.1602  decode.d5.loss_mask: 1.1971  decode.d5.loss_dice: 0.7696  decode.d6.loss_cls: 0.1208  decode.d6.loss_mask: 1.1914  decode.d6.loss_dice: 0.7527  decode.d7.loss_cls: 0.1484  decode.d7.loss_mask: 1.1611  decode.d7.loss_dice: 0.7518  decode.d8.loss_cls: 0.1160  decode.d8.loss_mask: 1.1857  decode.d8.loss_dice: 0.7577
2026/09/24 19:14:14 - mmengine - INFO - Iter(train) [19350/20000]  base_lr: 0.0000e+00 lr: 2.5725e-06  eta: 0:07:16  time: 0.6749  data_time: 0.0123  memory: 5843  grad_norm: 585.0231  loss: 18.9351  decode.loss_cls: 0.0951  decode.loss_mask: 1.0772  decode.loss_dice: 0.7288  decode.d0.loss_cls: 0.1428  decode.d0.loss_mask: 1.0523  decode.d0.loss_dice: 0.8040  decode.d1.loss_cls: 0.1323  decode.d1.loss_mask: 1.0071  decode.d1.loss_dice: 0.7078  decode.d2.loss_cls: 0.1207  decode.d2.loss_mask: 1.0752  decode.d2.loss_dice: 0.7449  decode.d3.loss_cls: 0.1350  decode.d3.loss_mask: 1.0160  decode.d3.loss_dice: 0.6973  decode.d4.loss_cls: 0.1491  decode.d4.loss_mask: 1.0116  decode.d4.loss_dice: 0.6945  decode.d5.loss_cls: 0.1306  decode.d5.loss_mask: 1.0428  decode.d5.loss_dice: 0.6953  decode.d6.loss_cls: 0.1217  decode.d6.loss_mask: 1.0465  decode.d6.loss_dice: 0.6905  decode.d7.loss_cls: 0.1206  decode.d7.loss_mask: 1.0808  decode.d7.loss_dice: 0.7290  decode.d8.loss_cls: 0.1090  decode.d8.loss_mask: 1.0607  decode.d8.loss_dice: 0.7158
2026/09/24 19:14:47 - mmengine - INFO - Iter(train) [19400/20000]  base_lr: 0.0000e+00 lr: 2.5407e-06  eta: 0:06:42  time: 0.6653  data_time: 0.0122  memory: 5843  grad_norm: 419.3745  loss: 19.6990  decode.loss_cls: 0.0830  decode.loss_mask: 1.1180  decode.loss_dice: 0.7455  decode.d0.loss_cls: 0.1767  decode.d0.loss_mask: 1.1329  decode.d0.loss_dice: 0.7849  decode.d1.loss_cls: 0.1184  decode.d1.loss_mask: 1.0649  decode.d1.loss_dice: 0.7227  decode.d2.loss_cls: 0.1421  decode.d2.loss_mask: 1.1030  decode.d2.loss_dice: 0.7440  decode.d3.loss_cls: 0.1216  decode.d3.loss_mask: 1.1111  decode.d3.loss_dice: 0.7641  decode.d4.loss_cls: 0.1196  decode.d4.loss_mask: 1.0710  decode.d4.loss_dice: 0.7437  decode.d5.loss_cls: 0.1570  decode.d5.loss_mask: 1.0977  decode.d5.loss_dice: 0.7502  decode.d6.loss_cls: 0.1114  decode.d6.loss_mask: 1.0720  decode.d6.loss_dice: 0.7358  decode.d7.loss_cls: 0.1162  decode.d7.loss_mask: 1.1015  decode.d7.loss_dice: 0.7437  decode.d8.loss_cls: 0.1147  decode.d8.loss_mask: 1.0960  decode.d8.loss_dice: 0.7354
2026/09/24 19:15:21 - mmengine - INFO - Iter(train) [19450/20000]  base_lr: 0.0000e+00 lr: 2.5090e-06  eta: 0:06:09  time: 0.6723  data_time: 0.0125  memory: 5843  grad_norm: 731.7836  loss: 23.7521  decode.loss_cls: 0.1112  decode.loss_mask: 1.3202  decode.loss_dice: 0.8320  decode.d0.loss_cls: 0.1780  decode.d0.loss_mask: 1.4910  decode.d0.loss_dice: 0.8711  decode.d1.loss_cls: 0.1374  decode.d1.loss_mask: 1.3850  decode.d1.loss_dice: 0.8240  decode.d2.loss_cls: 0.1474  decode.d2.loss_mask: 1.3841  decode.d2.loss_dice: 0.8339  decode.d3.loss_cls: 0.1308  decode.d3.loss_mask: 1.4361  decode.d3.loss_dice: 0.8331  decode.d4.loss_cls: 0.1602  decode.d4.loss_mask: 1.3827  decode.d4.loss_dice: 0.8482  decode.d5.loss_cls: 0.1331  decode.d5.loss_mask: 1.4379  decode.d5.loss_dice: 0.8802  decode.d6.loss_cls: 0.1147  decode.d6.loss_mask: 1.4086  decode.d6.loss_dice: 0.8383  decode.d7.loss_cls: 0.1248  decode.d7.loss_mask: 1.3468  decode.d7.loss_dice: 0.8284  decode.d8.loss_cls: 0.1264  decode.d8.loss_mask: 1.3553  decode.d8.loss_dice: 0.8511
2026/09/24 19:15:54 - mmengine - INFO - Iter(train) [19500/20000]  base_lr: 0.0000e+00 lr: 2.4771e-06  eta: 0:05:35  time: 0.6616  data_time: 0.0117  memory: 5844  grad_norm: 639.7179  loss: 20.2833  decode.loss_cls: 0.0626  decode.loss_mask: 1.1788  decode.loss_dice: 0.7623  decode.d0.loss_cls: 0.1218  decode.d0.loss_mask: 1.1529  decode.d0.loss_dice: 0.7519  decode.d1.loss_cls: 0.0790  decode.d1.loss_mask: 1.2114  decode.d1.loss_dice: 0.7483  decode.d2.loss_cls: 0.0978  decode.d2.loss_mask: 1.2139  decode.d2.loss_dice: 0.7379  decode.d3.loss_cls: 0.0905  decode.d3.loss_mask: 1.1915  decode.d3.loss_dice: 0.7601  decode.d4.loss_cls: 0.0814  decode.d4.loss_mask: 1.1935  decode.d4.loss_dice: 0.7481  decode.d5.loss_cls: 0.0874  decode.d5.loss_mask: 1.1944  decode.d5.loss_dice: 0.7450  decode.d6.loss_cls: 0.0595  decode.d6.loss_mask: 1.2013  decode.d6.loss_dice: 0.7688  decode.d7.loss_cls: 0.0705  decode.d7.loss_mask: 1.1853  decode.d7.loss_dice: 0.7692  decode.d8.loss_cls: 0.0660  decode.d8.loss_mask: 1.1934  decode.d8.loss_dice: 0.7588
2026/09/24 19:16:28 - mmengine - INFO - Iter(train) [19550/20000]  base_lr: 0.0000e+00 lr: 2.4453e-06  eta: 0:05:02  time: 0.6667  data_time: 0.0122  memory: 5843  grad_norm: 367.4412  loss: 18.2629  decode.loss_cls: 0.0718  decode.loss_mask: 1.0666  decode.loss_dice: 0.6742  decode.d0.loss_cls: 0.1367  decode.d0.loss_mask: 1.0530  decode.d0.loss_dice: 0.6833  decode.d1.loss_cls: 0.0918  decode.d1.loss_mask: 1.0704  decode.d1.loss_dice: 0.6462  decode.d2.loss_cls: 0.0915  decode.d2.loss_mask: 1.0854  decode.d2.loss_dice: 0.6899  decode.d3.loss_cls: 0.0939  decode.d3.loss_mask: 1.0781  decode.d3.loss_dice: 0.6802  decode.d4.loss_cls: 0.0850  decode.d4.loss_mask: 1.0945  decode.d4.loss_dice: 0.6802  decode.d5.loss_cls: 0.0824  decode.d5.loss_mask: 1.0572  decode.d5.loss_dice: 0.6736  decode.d6.loss_cls: 0.0991  decode.d6.loss_mask: 1.0640  decode.d6.loss_dice: 0.6436  decode.d7.loss_cls: 0.0906  decode.d7.loss_mask: 1.0436  decode.d7.loss_dice: 0.6246  decode.d8.loss_cls: 0.0718  decode.d8.loss_mask: 1.0598  decode.d8.loss_dice: 0.6798
2026/09/24 19:17:01 - mmengine - INFO - Iter(train) [19600/20000]  base_lr: 0.0000e+00 lr: 2.4133e-06  eta: 0:04:28  time: 0.6741  data_time: 0.0115  memory: 5843  grad_norm: 470.0050  loss: 24.8819  decode.loss_cls: 0.1416  decode.loss_mask: 1.5992  decode.loss_dice: 0.8166  decode.d0.loss_cls: 0.2265  decode.d0.loss_mask: 1.5225  decode.d0.loss_dice: 0.7915  decode.d1.loss_cls: 0.2029  decode.d1.loss_mask: 1.4495  decode.d1.loss_dice: 0.7646  decode.d2.loss_cls: 0.2396  decode.d2.loss_mask: 1.4641  decode.d2.loss_dice: 0.7650  decode.d3.loss_cls: 0.2221  decode.d3.loss_mask: 1.4927  decode.d3.loss_dice: 0.8091  decode.d4.loss_cls: 0.2228  decode.d4.loss_mask: 1.4949  decode.d4.loss_dice: 0.7826  decode.d5.loss_cls: 0.2054  decode.d5.loss_mask: 1.4211  decode.d5.loss_dice: 0.7515  decode.d6.loss_cls: 0.2052  decode.d6.loss_mask: 1.5268  decode.d6.loss_dice: 0.7788  decode.d7.loss_cls: 0.2109  decode.d7.loss_mask: 1.4767  decode.d7.loss_dice: 0.7620  decode.d8.loss_cls: 0.1418  decode.d8.loss_mask: 1.5827  decode.d8.loss_dice: 0.8115
2026/09/24 19:17:35 - mmengine - INFO - Iter(train) [19650/20000]  base_lr: 0.0000e+00 lr: 2.3814e-06  eta: 0:03:54  time: 0.6653  data_time: 0.0123  memory: 5843  grad_norm: 453.1461  loss: 20.5165  decode.loss_cls: 0.1262  decode.loss_mask: 1.1853  decode.loss_dice: 0.6872  decode.d0.loss_cls: 0.2287  decode.d0.loss_mask: 1.2895  decode.d0.loss_dice: 0.8422  decode.d1.loss_cls: 0.1859  decode.d1.loss_mask: 1.1891  decode.d1.loss_dice: 0.6648  decode.d2.loss_cls: 0.2150  decode.d2.loss_mask: 1.1213  decode.d2.loss_dice: 0.6680  decode.d3.loss_cls: 0.2046  decode.d3.loss_mask: 1.1275  decode.d3.loss_dice: 0.6835  decode.d4.loss_cls: 0.2203  decode.d4.loss_mask: 1.1328  decode.d4.loss_dice: 0.6807  decode.d5.loss_cls: 0.1878  decode.d5.loss_mask: 1.1953  decode.d5.loss_dice: 0.7347  decode.d6.loss_cls: 0.1725  decode.d6.loss_mask: 1.1377  decode.d6.loss_dice: 0.6929  decode.d7.loss_cls: 0.1663  decode.d7.loss_mask: 1.1082  decode.d7.loss_dice: 0.6745  decode.d8.loss_cls: 0.1467  decode.d8.loss_mask: 1.1440  decode.d8.loss_dice: 0.7036
2026/09/24 19:18:08 - mmengine - INFO - Iter(train) [19700/20000]  base_lr: 0.0000e+00 lr: 2.3494e-06  eta: 0:03:21  time: 0.6753  data_time: 0.0118  memory: 5843  grad_norm: 838.6193  loss: 26.0973  decode.loss_cls: 0.1691  decode.loss_mask: 1.5081  decode.loss_dice: 0.8409  decode.d0.loss_cls: 0.2648  decode.d0.loss_mask: 1.4318  decode.d0.loss_dice: 0.8764  decode.d1.loss_cls: 0.1858  decode.d1.loss_mask: 1.4946  decode.d1.loss_dice: 0.8917  decode.d2.loss_cls: 0.1856  decode.d2.loss_mask: 1.5801  decode.d2.loss_dice: 0.9268  decode.d3.loss_cls: 0.2087  decode.d3.loss_mask: 1.5463  decode.d3.loss_dice: 0.8775  decode.d4.loss_cls: 0.2108  decode.d4.loss_mask: 1.5320  decode.d4.loss_dice: 0.8979  decode.d5.loss_cls: 0.2024  decode.d5.loss_mask: 1.5363  decode.d5.loss_dice: 0.8984  decode.d6.loss_cls: 0.2089  decode.d6.loss_mask: 1.5461  decode.d6.loss_dice: 0.8948  decode.d7.loss_cls: 0.2142  decode.d7.loss_mask: 1.5209  decode.d7.loss_dice: 0.8801  decode.d8.loss_cls: 0.1566  decode.d8.loss_mask: 1.5438  decode.d8.loss_dice: 0.8661
2026/09/24 19:18:41 - mmengine - INFO - Iter(train) [19750/20000]  base_lr: 0.0000e+00 lr: 2.3173e-06  eta: 0:02:47  time: 0.6661  data_time: 0.0121  memory: 5843  grad_norm: 552.1382  loss: 25.9571  decode.loss_cls: 0.1264  decode.loss_mask: 1.5488  decode.loss_dice: 0.8522  decode.d0.loss_cls: 0.1372  decode.d0.loss_mask: 1.7421  decode.d0.loss_dice: 0.9145  decode.d1.loss_cls: 0.1095  decode.d1.loss_mask: 1.6082  decode.d1.loss_dice: 0.8740  decode.d2.loss_cls: 0.1309  decode.d2.loss_mask: 1.6109  decode.d2.loss_dice: 0.8805  decode.d3.loss_cls: 0.1143  decode.d3.loss_mask: 1.5741  decode.d3.loss_dice: 0.8545  decode.d4.loss_cls: 0.1270  decode.d4.loss_mask: 1.5871  decode.d4.loss_dice: 0.8632  decode.d5.loss_cls: 0.1276  decode.d5.loss_mask: 1.6250  decode.d5.loss_dice: 0.8760  decode.d6.loss_cls: 0.1103  decode.d6.loss_mask: 1.6027  decode.d6.loss_dice: 0.8571  decode.d7.loss_cls: 0.1104  decode.d7.loss_mask: 1.5755  decode.d7.loss_dice: 0.8515  decode.d8.loss_cls: 0.1098  decode.d8.loss_mask: 1.5883  decode.d8.loss_dice: 0.8675
2026/09/24 19:19:15 - mmengine - INFO - Iter(train) [19800/20000]  base_lr: 0.0000e+00 lr: 2.2852e-06  eta: 0:02:14  time: 0.6648  data_time: 0.0123  memory: 5843  grad_norm: 502.9987  loss: 23.1692  decode.loss_cls: 0.0943  decode.loss_mask: 1.3763  decode.loss_dice: 0.7379  decode.d0.loss_cls: 0.1481  decode.d0.loss_mask: 1.5692  decode.d0.loss_dice: 0.8859  decode.d1.loss_cls: 0.0834  decode.d1.loss_mask: 1.4530  decode.d1.loss_dice: 0.7920  decode.d2.loss_cls: 0.0901  decode.d2.loss_mask: 1.4341  decode.d2.loss_dice: 0.7869  decode.d3.loss_cls: 0.1050  decode.d3.loss_mask: 1.4076  decode.d3.loss_dice: 0.7769  decode.d4.loss_cls: 0.0878  decode.d4.loss_mask: 1.4330  decode.d4.loss_dice: 0.7733  decode.d5.loss_cls: 0.1060  decode.d5.loss_mask: 1.4298  decode.d5.loss_dice: 0.7626  decode.d6.loss_cls: 0.0957  decode.d6.loss_mask: 1.4422  decode.d6.loss_dice: 0.7719  decode.d7.loss_cls: 0.0992  decode.d7.loss_mask: 1.4129  decode.d7.loss_dice: 0.7668  decode.d8.loss_cls: 0.0932  decode.d8.loss_mask: 1.4047  decode.d8.loss_dice: 0.7496
2026/09/24 19:19:48 - mmengine - INFO - Iter(train) [19850/20000]  base_lr: 0.0000e+00 lr: 2.2530e-06  eta: 0:01:40  time: 0.6695  data_time: 0.0120  memory: 5844  grad_norm: 528.3505  loss: 24.0595  decode.loss_cls: 0.1405  decode.loss_mask: 1.4526  decode.loss_dice: 0.8156  decode.d0.loss_cls: 0.2329  decode.d0.loss_mask: 1.4115  decode.d0.loss_dice: 0.8363  decode.d1.loss_cls: 0.1799  decode.d1.loss_mask: 1.3392  decode.d1.loss_dice: 0.8156  decode.d2.loss_cls: 0.1949  decode.d2.loss_mask: 1.3555  decode.d2.loss_dice: 0.8133  decode.d3.loss_cls: 0.1833  decode.d3.loss_mask: 1.4087  decode.d3.loss_dice: 0.8503  decode.d4.loss_cls: 0.1701  decode.d4.loss_mask: 1.4215  decode.d4.loss_dice: 0.8562  decode.d5.loss_cls: 0.1743  decode.d5.loss_mask: 1.3279  decode.d5.loss_dice: 0.8246  decode.d6.loss_cls: 0.1648  decode.d6.loss_mask: 1.4151  decode.d6.loss_dice: 0.8277  decode.d7.loss_cls: 0.1511  decode.d7.loss_mask: 1.4678  decode.d7.loss_dice: 0.8142  decode.d8.loss_cls: 0.1496  decode.d8.loss_mask: 1.4530  decode.d8.loss_dice: 0.8115
2026/09/24 19:20:22 - mmengine - INFO - Iter(train) [19900/20000]  base_lr: 0.0000e+00 lr: 2.2208e-06  eta: 0:01:07  time: 0.6697  data_time: 0.0123  memory: 5843  grad_norm: 704.1851  loss: 21.4615  decode.loss_cls: 0.1151  decode.loss_mask: 1.1914  decode.loss_dice: 0.7951  decode.d0.loss_cls: 0.1482  decode.d0.loss_mask: 1.3113  decode.d0.loss_dice: 0.8691  decode.d1.loss_cls: 0.1075  decode.d1.loss_mask: 1.2133  decode.d1.loss_dice: 0.8091  decode.d2.loss_cls: 0.1254  decode.d2.loss_mask: 1.2260  decode.d2.loss_dice: 0.8178  decode.d3.loss_cls: 0.1200  decode.d3.loss_mask: 1.2137  decode.d3.loss_dice: 0.8240  decode.d4.loss_cls: 0.1282  decode.d4.loss_mask: 1.2075  decode.d4.loss_dice: 0.7754  decode.d5.loss_cls: 0.1359  decode.d5.loss_mask: 1.1917  decode.d5.loss_dice: 0.7873  decode.d6.loss_cls: 0.1353  decode.d6.loss_mask: 1.2153  decode.d6.loss_dice: 0.7934  decode.d7.loss_cls: 0.1281  decode.d7.loss_mask: 1.1990  decode.d7.loss_dice: 0.8069  decode.d8.loss_cls: 0.0941  decode.d8.loss_mask: 1.1848  decode.d8.loss_dice: 0.7916
2026/09/24 19:20:55 - mmengine - INFO - Iter(train) [19950/20000]  base_lr: 0.0000e+00 lr: 2.1886e-06  eta: 0:00:33  time: 0.6747  data_time: 0.0125  memory: 5843  grad_norm: 510.9942  loss: 23.8746  decode.loss_cls: 0.0874  decode.loss_mask: 1.4055  decode.loss_dice: 0.8719  decode.d0.loss_cls: 0.1821  decode.d0.loss_mask: 1.3725  decode.d0.loss_dice: 0.9434  decode.d1.loss_cls: 0.1306  decode.d1.loss_mask: 1.3679  decode.d1.loss_dice: 0.8662  decode.d2.loss_cls: 0.1397  decode.d2.loss_mask: 1.3788  decode.d2.loss_dice: 0.8818  decode.d3.loss_cls: 0.1088  decode.d3.loss_mask: 1.3826  decode.d3.loss_dice: 0.8722  decode.d4.loss_cls: 0.1200  decode.d4.loss_mask: 1.3862  decode.d4.loss_dice: 0.8850  decode.d5.loss_cls: 0.1199  decode.d5.loss_mask: 1.3853  decode.d5.loss_dice: 0.8800  decode.d6.loss_cls: 0.1247  decode.d6.loss_mask: 1.3727  decode.d6.loss_dice: 0.8708  decode.d7.loss_cls: 0.1305  decode.d7.loss_mask: 1.3876  decode.d7.loss_dice: 0.8795  decode.d8.loss_cls: 0.1183  decode.d8.loss_mask: 1.3385  decode.d8.loss_dice: 0.8840
2026/09/24 19:21:29 - mmengine - INFO - Exp name: mask2former_20260924_141104
2026/09/24 19:21:29 - mmengine - INFO - Iter(train) [20000/20000]  base_lr: 0.0000e+00 lr: 2.1562e-06  eta: 0:00:00  time: 0.6753  data_time: 0.0118  memory: 5843  grad_norm: 685.6776  loss: 22.4192  decode.loss_cls: 0.0465  decode.loss_mask: 1.4615  decode.loss_dice: 0.7133  decode.d0.loss_cls: 0.1067  decode.d0.loss_mask: 1.4616  decode.d0.loss_dice: 0.7436  decode.d1.loss_cls: 0.0759  decode.d1.loss_mask: 1.4610  decode.d1.loss_dice: 0.7551  decode.d2.loss_cls: 0.0495  decode.d2.loss_mask: 1.4797  decode.d2.loss_dice: 0.7495  decode.d3.loss_cls: 0.0591  decode.d3.loss_mask: 1.4628  decode.d3.loss_dice: 0.7215  decode.d4.loss_cls: 0.0672  decode.d4.loss_mask: 1.4012  decode.d4.loss_dice: 0.7172  decode.d5.loss_cls: 0.0647  decode.d5.loss_mask: 1.4654  decode.d5.loss_dice: 0.7254  decode.d6.loss_cls: 0.0582  decode.d6.loss_mask: 1.4561  decode.d6.loss_dice: 0.7117  decode.d7.loss_cls: 0.0559  decode.d7.loss_mask: 1.4609  decode.d7.loss_dice: 0.7230  decode.d8.loss_cls: 0.0596  decode.d8.loss_mask: 1.4014  decode.d8.loss_dice: 0.7039
2026/09/24 19:21:29 - mmengine - INFO - Saving checkpoint at 20000 iterations
2026/09/24 19:23:46 - mmengine - INFO - Iter(val) [ 50/304]    eta: 0:11:24  time: 2.6869  data_time: 0.0083  memory: 4047  
2026/09/24 19:26:28 - mmengine - INFO - Iter(val) [100/304]    eta: 0:10:04  time: 3.2209  data_time: 0.0084  memory: 4047  
2026/09/24 19:29:07 - mmengine - INFO - Iter(val) [150/304]    eta: 0:07:47  time: 3.1626  data_time: 0.0088  memory: 4047  
2026/09/24 19:31:45 - mmengine - INFO - Iter(val) [200/304]    eta: 0:05:18  time: 3.1775  data_time: 0.0085  memory: 4047  
2026/09/24 19:34:22 - mmengine - INFO - Iter(val) [250/304]    eta: 0:02:46  time: 3.1824  data_time: 0.0090  memory: 4047  
2026/09/24 19:36:58 - mmengine - INFO - Iter(val) [300/304]    eta: 0:00:12  time: 3.0570  data_time: 0.0083  memory: 4047  
2026/09/24 19:37:11 - mmengine - INFO - per class results:
2026/09/24 19:37:11 - mmengine - INFO - 
+------------------+-------+-------+-------+--------+-----------+--------+
|      Class       |  IoU  |  Acc  |  Dice | Fscore | Precision | Recall |
+------------------+-------+-------+-------+--------+-----------+--------+
|    background    |  95.5 | 96.53 |  97.7 |  97.7  |    98.9   | 96.53  |
| wastewater_plant | 62.94 | 87.77 | 77.26 | 77.26  |   68.99   | 87.77  |
+------------------+-------+-------+-------+--------+-----------+--------+
2026/09/24 19:37:11 - mmengine - INFO - Iter(val) [304/304]    aAcc: 95.8200  mIoU: 79.2200  mAcc: 92.1500  mDice: 87.4800  mFscore: 87.4800  mPrecision: 83.9400  mRecall: 92.1500  binary/Foreground_IoU: 62.9398  binary/Dice: 77.2553  binary/F1: 77.2553  binary/Precision: 68.9916  binary/Recall: 87.7680  binary/Boundary_F1: 14.1023  binary/BFScore: 14.1023  binary/Boundary_Precision: 10.8873  binary/Boundary_Recall: 20.0116  binary/Hausdorff_px: 671.8036  binary/HD95_px: 564.0380  binary/Hausdorff_m: 335.9018  binary/HD95_m: 282.0190  data_time: 0.0094  time: 3.0899
